n_windows,accuracy,balanced_accuracy
14951,0.8622165741421979,0.8625784134348351
