n_windows,accuracy,balanced_accuracy
14951,0.8923148953247274,0.8913512772132737
