label,class_name,support,predicted,precision,recall
0,Eyes Open,7712,7476,0.8780096308186196,0.8511410788381742
1,Eyes Closed,7239,7475,0.8464214046822742,0.8740157480314961
