label,class_name,support,predicted,precision,recall
0,Eyes Open,7712,8116,0.875924100542139,0.9218101659751037
1,Eyes Closed,7239,6835,0.911777615215801,0.8608923884514436
