label,class_name,support,predicted,precision,recall
0,Eyes Open,767,942,0.6464968152866242,0.7940026075619296
1,Eyes Closed,724,549,0.7122040072859745,0.5400552486187845
