n_windows,accuracy,balanced_accuracy
1491,0.670690811535882,0.6670289280903571
