label,class_name,support,predicted,precision,recall
0,Eyes Open,1543,1329,0.9149736644093304,0.7880751782242384
1,Eyes Closed,1448,1662,0.8032490974729242,0.9219613259668509
