n_windows,accuracy,balanced_accuracy
2991,0.8528920093614176,0.8550182520955447
