lag_samples,lag_sec,xcov_coeff,n_overlap
-2000,-10.0,-0.19804355633761414,3600
-1999,-9.995,-0.1971990592752826,3601
-1998,-9.99,-0.19638238239579314,3602
-1997,-9.985,-0.195566174330122,3603
-1996,-9.98,-0.1947504341330814,3604
-1995,-9.975,-0.19391870192014093,3605
-1994,-9.97,-0.19307790668623775,3606
-1993,-9.965,-0.19223761728432862,3607
-1992,-9.96,-0.19139783267273505,3608
-1991,-9.955,-0.1905876506783829,3609
-1990,-9.95,-0.1897514100639592,3610
-1989,-9.945,-0.18891565684994188,3611
-1988,-9.94,-0.18808039004983498,3612
-1987,-9.935,-0.1872278509400853,3613
-1986,-9.93,-0.1863806498799108,3614
-1985,-9.925,-0.1855339621075945,3615
-1984,-9.92,-0.18468778656283646,3616
-1983,-9.915,-0.18384776399257421,3617
-1982,-9.91,-0.1829228137664566,3618
-1981,-9.905,-0.18199843549508316,3619
-1980,-9.9,-0.18107462800355426,3620
-1979,-9.895,-0.18014158697232854,3621
-1978,-9.89,-0.17931836618280564,3622
-1977,-9.885,-0.1784956163304857,3623
-1976,-9.88,-0.177673336468697,3624
-1975,-9.875,-0.17687140119004152,3625
-1974,-9.87,-0.17606919184184655,3626
-1973,-9.865,-0.17526743765722283,3627
-1972,-9.86,-0.17446613772010489,3628
-1971,-9.855,-0.1736603895029467,3629
-1970,-9.85,-0.1728318463184158,3630
-1969,-9.845,-0.1720037745359993,3631
-1968,-9.84,-0.17117617321216128,3632
-1967,-9.835,-0.17035801278130958,3633
-1966,-9.83,-0.16952966920550183,3634
-1965,-9.825,-0.16870180928557865,3635
-1964,-9.82,-0.1678744320383069,3636
-1963,-9.815,-0.16703315808283192,3637
-1962,-9.81,-0.16621299946855222,3638
-1961,-9.805,-0.1653932885600151,3639
-1960,-9.8,-0.16457402447974062,3640
-1959,-9.795,-0.16374184876595949,3641
-1958,-9.79,-0.1629256571074238,3642
-1957,-9.785,-0.1621099277143954,3643
-1956,-9.78,-0.1612946596604625,3644
-1955,-9.775,-0.16052340973225424,3645
-1954,-9.77,-0.1596739489993776,3646
-1953,-9.765,-0.15882493891193422,3647
-1952,-9.76,-0.15797637860637367,3648
-1951,-9.755,-0.15709224247914857,3649
-1950,-9.75,-0.15626594147406822,3650
-1949,-9.745,-0.1554401215093327,3651
-1948,-9.74,-0.15461478160712197,3652
-1947,-9.735,-0.1538077864592042,3653
-1946,-9.73,-0.15298104062962242,3654
-1945,-9.725,-0.15215472944811795,3655
-1944,-9.72,-0.15132885208134256,3656
-1943,-9.715,-0.15047492246174024,3657
-1942,-9.71,-0.14964991704021352,3658
-1941,-9.705,-0.14882537428997408,3659
-1940,-9.7,-0.1480012932906793,3660
-1939,-9.695,-0.147238930236429,3661
-1938,-9.69,-0.14649940834169334,3662
-1937,-9.685,-0.14576023857725334,3663
-1936,-9.68,-0.145021420285629,3664
-1935,-9.675,-0.14423793200019502,3665
-1934,-9.67,-0.1433884619557225,3666
-1933,-9.665,-0.14253947698286548,3667
-1932,-9.66,-0.1416909761124558,3668
-1931,-9.655,-0.14089246403881692,3669
-1930,-9.65,-0.14010216334223694,3670
-1929,-9.645,-0.13931229592321848,3671
-1928,-9.64,-0.13852286092199656,3672
-1927,-9.635,-0.13767502157109826,3673
-1926,-9.63,-0.1367914360925862,3674
-1925,-9.625,-0.13590834095069926,3675
-1924,-9.62,-0.13502573519004377,3676
-1923,-9.615,-0.1341861576685542,3677
-1922,-9.61,-0.13337353897400303,3678
-1921,-9.605,-0.13256135536742003,3679
-1920,-9.6,-0.13174960600268756,3680
-1919,-9.595,-0.13093309911629755,3681
-1918,-9.59,-0.13012471088814526,3682
-1917,-9.585,-0.12931673044549827,3683
-1916,-9.58,-0.1285091570200086,3684
-1915,-9.575,-0.12767152175199575,3685
-1914,-9.57,-0.12684723198125716,3686
-1913,-9.565,-0.12602339857145645,3687
-1912,-9.56,-0.12520002062013477,3688
-1911,-9.555,-0.12441692627088595,3689
-1910,-9.55,-0.12353418570074962,3690
-1909,-9.545,-0.1226518803029718,3691
-1908,-9.54,-0.12177000928115653,3692
-1907,-9.535,-0.12090403881553027,3693
-1906,-9.53,-0.12014460100389092,3694
-1905,-9.525,-0.11938554298768592,3695
-1904,-9.52,-0.11862686404396133,3696
-1903,-9.515,-0.11782839977734712,3697
-1902,-9.51,-0.11698138135527171,3698
-1901,-9.505,-0.11613480929002423,3699
-1900,-9.5,-0.11528868272897755,3700
-1899,-9.495,-0.11444165927578495,3701
-1898,-9.49,-0.11364791581645418,3702
-1897,-9.485,-0.11285458609503875,3703
-1896,-9.48,-0.11206166931389679,3704
-1895,-9.475,-0.11126206675777063,3705
-1894,-9.47,-0.1104407256312856,3706
-1893,-9.465,-0.10961979833219683,3707
-1892,-9.46,-0.1087992840840181,3708
-1891,-9.455,-0.10801411926735954,3709
-1890,-9.45,-0.1072659347091753,3710
-1889,-9.445,-0.10651810683932506,3711
-1888,-9.44,-0.10577063499355097,3712
-1887,-9.435,-0.10500248220133014,3713
-1886,-9.43,-0.1042270199825286,3714
-1885,-9.425,-0.10345194003024963,3715
-1884,-9.42,-0.10267724162602562,3716
-1883,-9.415,-0.10202718114888229,3717
-1882,-9.41,-0.1013618578316688,3718
-1881,-9.405,-0.10069678310110733,3719
-1880,-9.4,-0.10003195652995756,3720
-1879,-9.395,-0.0992112257339109,3721
-1878,-9.39,-0.09840150038059217,3722
-1877,-9.385,-0.09759219425771447,3723
-1876,-9.38,-0.09678330656364198,3724
-1875,-9.375,-0.09607713091143968,3725
-1874,-9.37,-0.09525097613137176,3726
-1873,-9.365,-0.09442518302771238,3727
-1872,-9.36,-0.09359975096785711,3728
-1871,-9.355,-0.09270500878112944,3729
-1870,-9.35,-0.09193938747924348,3730
-1869,-9.345,-0.09117412729470653,3731
-1868,-9.34,-0.09040922756267503,3732
-1867,-9.335,-0.08971165911469114,3733
-1866,-9.33,-0.08902635723185486,3734
-1865,-9.325,-0.08834135699222861,3735
-1864,-9.32,-0.08765665784422794,3736
-1863,-9.315,-0.08690536149479759,3737
-1862,-9.31,-0.08614280610189495,3738
-1861,-9.305,-0.08538058816352316,3739
-1860,-9.3,-0.08461870707775489,3740
-1859,-9.295,-0.08384943565064965,3741
-1858,-9.29,-0.08304875705681812,3742
-1857,-9.285,-0.08224845483756944,3743
-1856,-9.28,-0.08144852830871815,3744
-1855,-9.275,-0.08068957219013087,3745
-1854,-9.27,-0.07997072882254386,3746
-1853,-9.265,-0.07925217573923261,3747
-1852,-9.26,-0.07853391243700299,3748
-1851,-9.255,-0.07777352920627068,3749
-1850,-9.25,-0.07701389368474279,3750
-1849,-9.245,-0.07625461989313985,3751
-1848,-9.24,-0.07549570716052298,3752
-1847,-9.235,-0.07477195714804918,3753
-1846,-9.23,-0.07403233094360703,3754
-1845,-9.225,-0.0732930011153154,3755
-1844,-9.22,-0.07255396715460904,3756
-1843,-9.215,-0.07177733328359356,3757
-1842,-9.21,-0.07099798673165154,3758
-1841,-9.205,-0.07021899488526792,3759
-1840,-9.2,-0.06944035710656106,3760
-1839,-9.195,-0.06876642117014127,3761
-1838,-9.19,-0.068053176723976,3762
-1837,-9.185,-0.06734019304467084,3763
-1836,-9.18,-0.06662746969688699,3764
-1835,-9.175,-0.0658136903130021,3765
-1834,-9.17,-0.06506171325304963,3766
-1833,-9.165,-0.06431008342392136,3767
-1832,-9.16,-0.06355880019055421,3768
-1831,-9.155,-0.06289164997150297,3769
-1830,-9.15,-0.062220977114070895,3770
-1829,-9.145,-0.06155054891878983,3771
-1828,-9.14,-0.06088036497322891,3772
-1827,-9.135,-0.06012357108017839,3773
-1826,-9.13,-0.05935184907519296,3774
-1825,-9.125,-0.05858047213698267,3775
-1824,-9.12,-0.05780943964944575,3776
-1823,-9.115,-0.05709616102275385,3777
-1822,-9.11,-0.056379990380970135,3778
-1821,-9.105,-0.055664078728200554,3779
-1820,-9.1,-0.05494842563541034,3780
-1819,-9.095,-0.05418050068850517,3781
-1818,-9.09,-0.0534592589935831,3782
-1817,-9.085,-0.052738341190024525,3783
-1816,-9.08,-0.052017746687382925,3784
-1815,-9.075,-0.05134688111577777,3785
-1814,-9.07,-0.05064913023834982,3786
-1813,-9.065,-0.04995164178783766,3787
-1812,-9.06,-0.04925441532157902,3788
-1811,-9.055,-0.048566096909387436,3789
-1810,-9.05,-0.04782368952513671,3790
-1809,-9.045,-0.04708162972785067,3791
-1808,-9.04,-0.046339916873963,3792
-1807,-9.035,-0.045563829072443544,3793
-1806,-9.03,-0.044811494208818824,3794
-1805,-9.025,-0.04405945791799839,3795
-1804,-9.02,-0.04330771969396681,3796
-1803,-9.015,-0.042580628679656195,3797
-1802,-9.01,-0.04189694037263036,3798
-1801,-9.005,-0.041213539418043635,3799
-1800,-9.0,-0.04053042530224288,3800
-1799,-8.995,-0.03981766173486312,3801
-1798,-8.99,-0.03907597675244408,3802
-1797,-8.985,-0.03833460422016653,3803
-1796,-8.98,-0.03759354359184743,3804
-1795,-8.975,-0.03690450997353176,3805
-1794,-8.97,-0.03622583482936508,3806
-1793,-8.965,-0.03554739740279338,3807
-1792,-8.96,-0.034869197302263205,3808
-1791,-8.955,-0.03410467370727083,3809
-1790,-8.95,-0.033314508904164354,3810
-1789,-8.945,-0.032524718471773885,3811
-1788,-8.94,-0.03173530172394684,3812
-1787,-8.935,-0.031034925639587905,3813
-1786,-8.93,-0.030268410060533994,3814
-1785,-8.925,-0.02950221210914478,3815
-1784,-8.92,-0.028736331239507674,3816
-1783,-8.915,-0.027896581382335934,3817
-1782,-8.91,-0.027040800157631877,3818
-1781,-8.905,-0.026185424988251983,3819
-1780,-8.9,-0.025330455144315922,3820
-1779,-8.895,-0.024521355866069874,3821
-1778,-8.89,-0.023794773501413072,3822
-1777,-8.885,-0.023068465752043587,3823
-1776,-8.88,-0.022342432159852432,3824
-1775,-8.875,-0.02155760223103746,3825
-1774,-8.87,-0.020741821753034705,3826
-1773,-8.865,-0.019926413378627487,3827
-1772,-8.86,-0.01911137644571612,3828
-1771,-8.855,-0.018351197208582328,3829
-1770,-8.85,-0.017522197272387567,3830
-1769,-8.845,-0.01669357723617327,3831
-1768,-8.84,-0.015865336424885378,3832
-1767,-8.835,-0.015006799191605979,3833
-1766,-8.83,-0.014069072543791092,3834
-1765,-8.825,-0.013131782032730813,3835
-1764,-8.82,-0.012194926898415774,3836
-1763,-8.815,-0.011287963739759077,3837
-1762,-8.81,-0.010322349491643745,3838
-1761,-8.805,-0.009357189176537353,3839
-1760,-8.8,-0.008392482003487536,3840
-1759,-8.795,-0.007400657672821905,3841
-1758,-8.79,-0.006446183242083621,3842
-1757,-8.785,-0.00549212592774602,3843
-1756,-8.78,-0.004538485027855095,3844
-1755,-8.775,-0.0036166978011964485,3845
-1754,-8.77,-0.002847368923857433,3846
-1753,-8.765,-0.002078314993231072,3847
-1752,-8.76,-0.0013095355670789035,3848
-1751,-8.755,-0.0006137753550391779,3849
-1750,-8.75,0.00020598713470534657,3850
-1749,-8.745,0.0010254901016999638,3851
-1748,-8.74,0.001844733946825194,3852
-1747,-8.735,0.002752120773910711,3853
-1746,-8.73,0.0035006550330152915,3854
-1745,-8.725,0.004248897586579792,3855
-1744,-8.72,0.004996848923803145,3856
-1743,-8.715,0.005627588884540363,3857
-1742,-8.71,0.0063688223639377095,3858
-1741,-8.705,0.007109834332358005,3859
-1740,-8.7,0.007850625131132015,3860
-1739,-8.695,0.008744571578390157,3861
-1738,-8.69,0.00962665305581021,3862
-1737,-8.685,0.010508338726034265,3863
-1736,-8.68,0.011389629274521909,3864
-1735,-8.675,0.012171896311020242,3865
-1734,-8.67,0.012833736194277766,3866
-1733,-8.665,0.01349535625101579,3867
-1732,-8.66,0.014156756835822952,3868
-1731,-8.655,0.01490448608545898,3869
-1730,-8.65,0.015669856084068005,3870
-1729,-8.645,0.016434901025594906,3871
-1728,-8.64,0.01719962147661232,3872
-1727,-8.635,0.017888932932844624,3873
-1726,-8.63,0.01853018693780831,3874
-1725,-8.625,0.019171234767868424,3875
-1724,-8.62,0.019812076753853106,3876
-1723,-8.615,0.020551392614709636,3877
-1722,-8.61,0.021348814463785434,3878
-1721,-8.605,0.02214588365451739,3879
-1720,-8.6,0.02294260080860081,3880
-1719,-8.595,0.023684163164700147,3881
-1718,-8.59,0.02439070053525152,3882
-1717,-8.585,0.02509698302218997,3883
-1716,-8.58,0.025803011043545994,3884
-1715,-8.575,0.026535627807779887,3885
-1714,-8.57,0.027331567537439358,3886
-1713,-8.565,0.02812716756994709,3887
-1712,-8.56,0.028922428492604884,3888
-1711,-8.555,0.029719025639727635,3889
-1710,-8.55,0.03044300566515845,3890
-1709,-8.545,0.031166696771175565,3891
-1708,-8.54,0.031890099452860116,3892
-1707,-8.535,0.032627353357911046,3893
-1706,-8.53,0.03336184340892853,3894
-1705,-8.525,0.034096031298264357,3895
-1704,-8.52,0.03434443626544237,3896
-1703,-8.515,0.034607894815888315,3897
-1702,-8.51,0.03488728819026083,3898
-1701,-8.505,0.03516639429580973,3899
-1700,-8.5,0.035449562025498246,3900
-1699,-8.495,0.035645378553768675,3901
-1698,-8.49,0.03582566422282824,3902
-1697,-8.485,0.03600573971351509,3903
-1696,-8.48,0.03619666254449236,3904
-1695,-8.475,0.03645002115576901,3905
-1694,-8.47,0.03673321871718758,3906
-1693,-8.465,0.037016136629589566,3907
-1692,-8.46,0.03728654717260165,3908
-1691,-8.455,0.03748434305512184,3909
-1690,-8.45,0.03764583668644421,3910
-1689,-8.445,0.037807143718356515,3911
-1688,-8.44,0.03796853033605712,3912
-1687,-8.435,0.03822377703270769,3913
-1686,-8.43,0.03851879302851532,3914
-1685,-8.425,0.03881351726383428,3915
-1684,-8.42,0.039107126524790536,3916
-1683,-8.415,0.039371248604904076,3917
-1682,-8.41,0.039607986579872696,3918
-1681,-8.405,0.03984446905058941,3919
-1680,-8.4,0.04009261831377223,3920
-1679,-8.395,0.04033979566986629,3921
-1678,-8.39,0.04060004330967661,3922
-1677,-8.385,0.040860033668471143,3923
-1676,-8.38,0.04113729168656901,3924
-1675,-8.375,0.04141511729982396,3925
-1674,-8.37,0.041665912119606775,3926
-1673,-8.365,0.04191645128377013,3927
-1672,-8.36,0.04214334896007603,3928
-1671,-8.355,0.04232336135949457,3929
-1670,-8.35,0.04250436208373761,3930
-1669,-8.345,0.042685176690327814,3931
-1668,-8.34,0.04286725542421309,3932
-1667,-8.335,0.04312267480068587,3933
-1666,-8.33,0.04340434642945413,3934
-1665,-8.325,0.04368573987721051,3935
-1664,-8.32,0.0439607162345996,3936
-1663,-8.315,0.044128487087913136,3937
-1662,-8.31,0.044283137899190285,3938
-1661,-8.305,0.04443759256771572,3939
-1660,-8.3,0.044596294153875546,3940
-1659,-8.295,0.044835875899184044,3941
-1658,-8.29,0.04514032169872673,3942
-1657,-8.285,0.04544448850717402,3943
-1656,-8.28,0.04574104831175508,3944
-1655,-8.275,0.04595169619504127,3945
-1654,-8.27,0.04608449673533297,3946
-1653,-8.265,0.04621712606310159,3947
-1652,-8.26,0.0463488534647706,3948
-1651,-8.255,0.04657692134276171,3949
-1650,-8.25,0.046808499204519086,3950
-1649,-8.245,0.047039833280333836,3951
-1648,-8.24,0.04727113702373351,3952
-1647,-8.235,0.04733889925349196,3953
-1646,-8.23,0.04742017805743907,3954
-1645,-8.225,0.047501324187373496,3955
-1644,-8.22,0.04762566871514936,3956
-1643,-8.215,0.047865369697362034,3957
-1642,-8.21,0.04810066286866893,3958
-1641,-8.205,0.048335748618276365,3959
-1640,-8.2,0.04853992322000109,3960
-1639,-8.195,0.04871716606385237,3961
-1638,-8.19,0.04885553190462616,3962
-1637,-8.185,0.04899370917887881,3963
-1636,-8.18,0.04912060728778947,3964
-1635,-8.175,0.04932418194030739,3965
-1634,-8.17,0.049547784187607954,3966
-1633,-8.165,0.04977115608184036,3967
-1632,-8.16,0.05001978466730489,3968
-1631,-8.155,0.05020274268706407,3969
-1630,-8.15,0.05044266292177758,3970
-1629,-8.145,0.05068233715503533,3971
-1628,-8.14,0.0509177844509973,3972
-1627,-8.135,0.05119045349391701,3973
-1626,-8.13,0.05142275157776827,3974
-1625,-8.125,0.05165483526280741,3975
-1624,-8.12,0.05190262304763536,3976
-1623,-8.115,0.05211502352108174,3977
-1622,-8.11,0.052430446123872466,3978
-1621,-8.105,0.05274559234379007,3979
-1620,-8.1,0.05304068944156855,3980
-1619,-8.095,0.053366682705263735,3981
-1618,-8.09,0.05357132252999095,3982
-1617,-8.085,0.05377577871936017,3983
-1616,-8.08,0.05397621203408116,3984
-1615,-8.075,0.05420866830362285,3985
-1614,-8.07,0.054514878198781196,3986
-1613,-8.065,0.05482080981993661,3987
-1612,-8.06,0.05511406702299828,3988
-1611,-8.055,0.05538541850211143,3989
-1610,-8.05,0.055604153923123185,3990
-1609,-8.045,0.05582266206963296,3991
-1608,-8.04,0.056090039082443005,3992
-1607,-8.035,0.05637008085552516,3993
-1606,-8.03,0.05669383290306622,3994
-1605,-8.025,0.05701731204966033,3995
-1604,-8.02,0.057296473343343264,3996
-1603,-8.015,0.05758732030160793,3997
-1602,-8.01,0.05781707007501942,3998
-1601,-8.005,0.05804659215790498,3999
-1600,-8.0,0.0582733956575093,4000
-1599,-7.995,0.058466364434584576,4001
-1598,-7.99,0.058643261865122684,4002
-1597,-7.985,0.058819994492630936,4003
-1596,-7.98,0.05899362137418416,4004
-1595,-7.975,0.059152785561730016,4005
-1594,-7.97,0.05934083904003474,4006
-1593,-7.965,0.05952868083202012,4007
-1592,-7.96,0.059723978632035886,4008
-1591,-7.955,0.059961399652771176,4009
-1590,-7.95,0.06020485606273673,4010
-1589,-7.945,0.060448077658107245,4011
-1588,-7.94,0.06068221468140373,4012
-1587,-7.935,0.0608770423469664,4013
-1586,-7.93,0.061076954793834154,4014
-1585,-7.925,0.06127665765824493,4015
-1584,-7.92,0.061475543529413125,4016
-1583,-7.915,0.06171716499745029,4017
-1582,-7.91,0.06192542734055436,4018
-1581,-7.905,0.062133484213882255,4019
-1580,-7.9,0.06234342854183667,4020
-1579,-7.895,0.06249143785877501,4021
-1578,-7.89,0.06266531629259854,4022
-1577,-7.885,0.0628389955004378,4023
-1576,-7.88,0.0630108460506628,4024
-1575,-7.875,0.06315350827248474,4025
-1574,-7.87,0.06329187247574453,4026
-1573,-7.865,0.06343006878192646,4027
-1572,-7.86,0.06356739676138211,4028
-1571,-7.855,0.06375150617328537,4029
-1570,-7.85,0.063949439545898,4030
-1569,-7.845,0.0641472041488898,4031
-1568,-7.84,0.06435391604517239,4032
-1567,-7.835,0.06460002267181125,4033
-1566,-7.83,0.0648197140922437,4034
-1565,-7.825,0.06503919140399404,4035
-1564,-7.82,0.06524985011750269,4036
-1563,-7.815,0.06542554700755511,4037
-1562,-7.81,0.0656016944212118,4038
-1561,-7.805,0.06577769166422337,4039
-1560,-7.8,0.06595214744703125,4040
-1559,-7.795,0.06612734493041679,4041
-1558,-7.79,0.06631803115527399,4042
-1557,-7.785,0.06650851533984184,4043
-1556,-7.78,0.06669938605899844,4044
-1555,-7.775,0.06691704849514617,4045
-1554,-7.77,0.06713884476116407,4046
-1553,-7.765,0.06736043099393227,4047
-1552,-7.76,0.0675819533909649,4048
-1551,-7.755,0.06778967383679033,4049
-1550,-7.75,0.06803625992484494,4050
-1549,-7.745,0.06828263161458015,4051
-1548,-7.74,0.06853038227286526,4052
-1547,-7.735,0.06880746673384754,4053
-1546,-7.73,0.06901453640012692,4054
-1545,-7.725,0.06922140262663508,4055
-1544,-7.72,0.06943543825600633,4056
-1543,-7.715,0.06964694078681925,4057
-1542,-7.71,0.06990295789997422,4058
-1541,-7.705,0.07015875261798517,4059
-1540,-7.7,0.07040486115981023,4060
-1539,-7.695,0.07064063286490696,4061
-1538,-7.69,0.07087842984037368,4062
-1537,-7.685,0.07111600402802969,4063
-1536,-7.68,0.07135339379567106,4064
-1535,-7.675,0.07156936851252578,4065
-1534,-7.67,0.07176291679233585,4066
-1533,-7.665,0.0719562876841055,4067
-1532,-7.66,0.07214925376355273,4068
-1531,-7.655,0.07229881912476341,4069
-1530,-7.65,0.07253576247400974,4070
-1529,-7.645,0.07277249174093049,4071
-1528,-7.64,0.0730156616497799,4072
-1527,-7.635,0.07330703241933985,4073
-1526,-7.63,0.07349638743191637,4074
-1525,-7.625,0.07368557938002314,4075
-1524,-7.62,0.0738737468090998,4076
-1523,-7.615,0.0740456607994471,4077
-1522,-7.61,0.07424679446409242,4078
-1521,-7.605,0.07444773177559745,4079
-1520,-7.6,0.07464563740879644,4080
-1519,-7.595,0.07487459299961523,4081
-1518,-7.59,0.07507921047993073,4082
-1517,-7.585,0.07528362905296791,4083
-1516,-7.58,0.07548510041572477,4084
-1515,-7.575,0.07567233841392193,4085
-1514,-7.57,0.07586879417870486,4086
-1513,-7.565,0.0760650574387267,4087
-1512,-7.56,0.07626068898935286,4088
-1511,-7.555,0.0764647485909454,4089
-1510,-7.55,0.07667060258917556,4090
-1509,-7.545,0.0768762768399752,4091
-1508,-7.54,0.07708247972232832,4092
-1507,-7.535,0.07730650853760901,4093
-1506,-7.53,0.07751485401227334,4094
-1505,-7.525,0.07772299784984787,4095
-1504,-7.52,0.07795368366489963,4096
-1503,-7.515,0.07812813777621462,4097
-1502,-7.51,0.07834591347818516,4098
-1501,-7.505,0.07856349658613204,4099
-1500,-7.5,0.0787622829705888,4100
-1499,-7.495,0.07897246787915325,4101
-1498,-7.49,0.07914541709215232,4102
-1497,-7.485,0.07931821464455535,4103
-1496,-7.48,0.07949068176959286,4104
-1495,-7.475,0.07967710842628785,4105
-1494,-7.47,0.0798779429299255,4106
-1493,-7.465,0.08007858566915095,4107
-1492,-7.46,0.08027537480364996,4108
-1491,-7.455,0.08047047825237899,4109
-1490,-7.45,0.08064470865465925,4110
-1489,-7.445,0.08081878704168641,4111
-1488,-7.44,0.08105932504505263,4112
-1487,-7.435,0.08125374521432092,4113
-1486,-7.43,0.08144498217811241,4114
-1485,-7.425,0.08163602999017144,4115
-1484,-7.42,0.0817674891879004,4116
-1483,-7.415,0.08195962531639579,4117
-1482,-7.41,0.08219773304448873,4118
-1481,-7.405,0.08243562922328297,4119
-1480,-7.4,0.08267059710059171,4120
-1479,-7.395,0.08280285244777823,4121
-1478,-7.39,0.0829106484791271,4122
-1477,-7.385,0.08301829888665102,4123
-1476,-7.38,0.08312417996589756,4124
-1475,-7.375,0.08334051450789476,4125
-1474,-7.37,0.08355612490741308,4126
-1473,-7.365,0.08377154100406665,4127
-1472,-7.36,0.08398927795901014,4128
-1471,-7.355,0.08418393693811758,4129
-1470,-7.35,0.08436274072371894,4130
-1469,-7.345,0.08454136226663611,4131
-1468,-7.34,0.08471452634240337,4132
-1467,-7.335,0.08487959690274012,4133
-1466,-7.33,0.08502586969704788,4134
-1465,-7.325,0.0851719771772753,4135
-1464,-7.32,0.08532197188529775,4136
-1463,-7.315,0.08535894425427344,4137
-1462,-7.31,0.08546835914305477,4138
-1461,-7.305,0.08557763667993519,4139
-1460,-7.3,0.08568441661057521,4140
-1459,-7.295,0.08593912583241976,4141
-1458,-7.29,0.08617302159217013,4142
-1457,-7.285,0.08640671695481743,4143
-1456,-7.28,0.08663784960108145,4144
-1455,-7.275,0.08674405472447068,4145
-1454,-7.27,0.08690941064508671,4146
-1453,-7.265,0.08707462766680289,4147
-1452,-7.26,0.08723968945510534,4148
-1451,-7.255,0.0875207913027714,4149
-1450,-7.25,0.08783210991449604,4150
-1449,-7.245,0.08814318675367531,4151
-1448,-7.24,0.08845851289836991,4152
-1447,-7.235,0.08874304161990158,4153
-1446,-7.23,0.08911033337084685,4154
-1445,-7.225,0.08947737786784761,4155
-1444,-7.22,0.08984728763796754,4156
-1443,-7.215,0.09025436096053778,4157
-1442,-7.21,0.09058135864479226,4158
-1441,-7.205,0.09090811928233482,4159
-1440,-7.2,0.09122816303708478,4160
-1439,-7.195,0.09154577669115722,4161
-1438,-7.19,0.09197330958174399,4162
-1437,-7.185,0.09240056794531631,4163
-1436,-7.18,0.09282601677831648,4164
-1435,-7.175,0.09323547797236674,4165
-1434,-7.17,0.09374051070167116,4166
-1433,-7.165,0.09424523005033457,4167
-1432,-7.16,0.09475085604895651,4168
-1431,-7.155,0.09526784437617558,4169
-1430,-7.15,0.09551597251614898,4170
-1429,-7.145,0.09576389630696065,4171
-1428,-7.14,0.09602923941541047,4172
-1427,-7.135,0.09625987028025818,4173
-1426,-7.13,0.09658105402104408,4174
-1425,-7.125,0.09690202453184887,4175
-1424,-7.12,0.09720840949392522,4176
-1423,-7.115,0.09755773851821262,4177
-1422,-7.11,0.09805237711164977,4178
-1421,-7.105,0.09854671819093651,4179
-1420,-7.1,0.09903972372032079,4180
-1419,-7.095,0.09946996568302811,4181
-1418,-7.09,0.09980084665427587,4182
-1417,-7.085,0.10013155845673209,4183
-1416,-7.08,0.10046393768993628,4184
-1415,-7.075,0.1008407502355321,4185
-1414,-7.07,0.10138379405576074,4186
-1413,-7.065,0.10192652958526248,4187
-1412,-7.06,0.1024658126996764,4188
-1411,-7.055,0.10294641240136963,4189
-1410,-7.05,0.10343711746275397,4190
-1409,-7.045,0.10392761297611881,4191
-1408,-7.04,0.10441700151536502,4192
-1407,-7.035,0.10494403847017535,4193
-1406,-7.03,0.10550985351722529,4194
-1405,-7.025,0.10607540822909922,4195
-1404,-7.02,0.10667349973948552,4196
-1403,-7.015,0.10724371524021993,4197
-1402,-7.01,0.10770416813723921,4198
-1401,-7.005,0.10816443155756605,4199
-1400,-7.0,0.10859923979405829,4200
-1399,-6.995,0.10895993510790035,4201
-1398,-6.99,0.10970724182272026,4202
-1397,-6.985,0.11045431329926826,4203
-1396,-6.98,0.11120402610893183,4204
-1395,-6.975,0.11202996155833651,4205
-1394,-6.97,0.11312011859376883,4206
-1393,-6.965,0.11420987977098243,4207
-1392,-6.96,0.11529176501355518,4208
-1391,-6.955,0.11625621056937249,4209
-1390,-6.95,0.1172117245368185,4210
-1389,-6.945,0.11816693873310678,4211
-1388,-6.94,0.11915448500247575,4212
-1387,-6.935,0.1203007506232412,4213
-1386,-6.93,0.12149393505412308,4214
-1385,-6.925,0.12268661160192033,4215
-1384,-6.92,0.1239094580117753,4216
-1383,-6.915,0.1250456006642561,4217
-1382,-6.91,0.1261686567843934,4218
-1381,-6.905,0.12729136916734257,4219
-1380,-6.9,0.1283647487858663,4220
-1379,-6.895,0.12946650616736446,4221
-1378,-6.89,0.130568836783661,4222
-1377,-6.885,0.1316708058307674,4223
-1376,-6.88,0.13276700242102243,4224
-1375,-6.875,0.13386824759676338,4225
-1374,-6.87,0.13498668337641995,4226
-1373,-6.865,0.13610474724764413,4227
-1372,-6.86,0.1372432330036393,4228
-1371,-6.855,0.13839166600785274,4229
-1370,-6.85,0.1395387265387011,4230
-1369,-6.845,0.14068539094897806,4231
-1368,-6.84,0.141809185676676,4232
-1367,-6.835,0.14286010954359632,4233
-1366,-6.83,0.14391423638352097,4234
-1365,-6.825,0.14496815350799136,4235
-1364,-6.82,0.14602239334364397,4236
-1363,-6.815,0.14698868428769812,4237
-1362,-6.81,0.14794393047833435,4238
-1361,-6.805,0.14889902734724053,4239
-1360,-6.8,0.14984556580777694,4240
-1359,-6.795,0.150774399017827,4241
-1358,-6.79,0.15162811903856052,4242
-1357,-6.785,0.1524817157019506,4243
-1356,-6.78,0.15333738121334267,4244
-1355,-6.775,0.15404478266805077,4245
-1354,-6.77,0.1548331664631691,4246
-1353,-6.765,0.15562140419160508,4247
-1352,-6.76,0.15645070022038393,4248
-1351,-6.755,0.15753878868513185,4249
-1350,-6.75,0.1586300907203344,4250
-1349,-6.745,0.1597211621920838,4251
-1348,-6.74,0.16077725329584977,4252
-1347,-6.735,0.1616051780445439,4253
-1346,-6.73,0.16243580404971295,4254
-1345,-6.725,0.16326625712714726,4255
-1344,-6.72,0.16408861396917573,4256
-1343,-6.715,0.16488891186196714,4257
-1342,-6.71,0.16561191477867224,4258
-1341,-6.705,0.16633477362389454,4259
-1340,-6.7,0.16705624596447746,4260
-1339,-6.695,0.16774383145191962,4261
-1338,-6.69,0.16850049499751915,4262
-1337,-6.685,0.16925697938155676,4263
-1336,-6.68,0.17001588622005437,4264
-1335,-6.675,0.17077786318507784,4265
-1334,-6.67,0.17146599335687734,4266
-1333,-6.665,0.17215395529175798,4267
-1332,-6.66,0.17284507066466429,4268
-1331,-6.655,0.1735342272929522,4269
-1330,-6.65,0.1742390448530905,4270
-1329,-6.645,0.17494369065053814,4271
-1328,-6.64,0.17564195285388406,4272
-1327,-6.635,0.17630545777730958,4273
-1326,-6.63,0.17617941901911488,4274
-1325,-6.625,0.17605354109948712,4275
-1324,-6.62,0.17592729077877609,4276
-1323,-6.615,0.17582055392561807,4277
-1322,-6.61,0.17655212994765745,4278
-1321,-6.605,0.17728351921244312,4279
-1320,-6.6,0.1780734950125123,4280
-1319,-6.595,0.17883722625304665,4281
-1318,-6.59,0.17863168663417694,4282
-1317,-6.585,0.17842633970054533,4283
-1316,-6.58,0.17816580400721468,4284
-1315,-6.575,0.17794926698555052,4285
-1314,-6.57,0.17780061468239863,4286
-1313,-6.565,0.1776521310356605,4287
-1312,-6.56,0.17751171380508113,4288
-1311,-6.555,0.1773711923156949,4289
-1310,-6.55,0.1771502236605466,4290
-1309,-6.545,0.1769294519612481,4291
-1308,-6.54,0.17670797790827736,4292
-1307,-6.535,0.17647035815435452,4293
-1306,-6.53,0.17623906287221688,4294
-1305,-6.525,0.17600796884805064,4295
-1304,-6.52,0.17578042264361365,4296
-1303,-6.515,0.1755530540871945,4297
-1302,-6.51,0.1757963765876181,4298
-1301,-6.505,0.17603944909581928,4299
-1300,-6.5,0.17627221577258462,4300
-1299,-6.495,0.1765183637977415,4301
-1298,-6.49,0.17676512001952227,4302
-1297,-6.485,0.17701162618986518,4303
-1296,-6.48,0.17727182147239953,4304
-1295,-6.475,0.17753671252079375,4305
-1294,-6.47,0.17776989491467396,4306
-1293,-6.465,0.17800283641541828,4307
-1292,-6.46,0.17823187698305593,4308
-1291,-6.455,0.17843047120665248,4309
-1290,-6.45,0.17839718682496059,4310
-1289,-6.445,0.1783638155175145,4311
-1288,-6.44,0.1783173601304592,4312
-1287,-6.435,0.1782861864573505,4313
-1286,-6.43,0.1784826668032896,4314
-1285,-6.425,0.1786789281584916,4315
-1284,-6.42,0.17887730109827377,4316
-1283,-6.415,0.1790488960273466,4317
-1282,-6.41,0.17917956495750528,4318
-1281,-6.405,0.1793100528689677,4319
-1280,-6.4,0.1794559361080258,4320
-1279,-6.395,0.17963426503402657,4321
-1278,-6.39,0.1798640985295139,4322
-1277,-6.385,0.18009369547353446,4323
-1276,-6.38,0.1803127831048816,4324
-1275,-6.375,0.18050822374608286,4325
-1274,-6.37,0.18067600479957105,4326
-1273,-6.365,0.18084358613446513,4327
-1272,-6.36,0.18104477032336933,4328
-1271,-6.355,0.18126226601929493,4329
-1270,-6.35,0.18149312589907926,4330
-1269,-6.345,0.18172375061361504,4331
-1268,-6.34,0.1819300540217904,4332
-1267,-6.335,0.18206918491955779,4333
-1266,-6.33,0.18223268488568484,4334
-1265,-6.325,0.18239599385128924,4335
-1264,-6.32,0.1825522916778692,4336
-1263,-6.315,0.1827901717590641,4337
-1262,-6.31,0.18305010702548766,4338
-1261,-6.305,0.18330979349809196,4339
-1260,-6.3,0.18356199922456445,4340
-1259,-6.295,0.18376927079952002,4341
-1258,-6.29,0.18394590212205808,4342
-1257,-6.285,0.18412233257782076,4343
-1256,-6.28,0.184293857682526,4344
-1255,-6.275,0.18447224863324893,4345
-1254,-6.27,0.1846413292139966,4346
-1253,-6.265,0.1848102129114216,4347
-1252,-6.26,0.18497861140115593,4348
-1251,-6.255,0.185173864082183,4349
-1250,-6.25,0.1854022803763127,4350
-1249,-6.245,0.18563047281510858,4351
-1248,-6.24,0.18585831156454163,4352
-1247,-6.235,0.1860004156543408,4353
-1246,-6.23,0.18612558171994376,4354
-1245,-6.225,0.1862505779225282,4355
-1244,-6.22,0.18638002778264934,4356
-1243,-6.215,0.18660359519904407,4357
-1242,-6.21,0.1867877704002558,4358
-1241,-6.205,0.18697174222068014,4359
-1240,-6.2,0.1871691347283509,4360
-1239,-6.195,0.1873643378309412,4361
-1238,-6.19,0.18758245683196229,4362
-1237,-6.185,0.1878003550646716,4363
-1236,-6.18,0.18800541947496877,4364
-1235,-6.175,0.18820416241754193,4365
-1234,-6.17,0.18843363508723013,4366
-1233,-6.165,0.18866288521621122,4367
-1232,-6.16,0.18889059580449202,4368
-1231,-6.155,0.18911261544537986,4369
-1230,-6.15,0.18930749602321462,4370
-1229,-6.145,0.18950217060285143,4371
-1228,-6.14,0.1897495299237545,4372
-1227,-6.135,0.19001170397885572,4373
-1226,-6.13,0.1903230849684077,4374
-1225,-6.125,0.19063419660011025,4375
-1224,-6.12,0.190902028268948,4376
-1223,-6.115,0.191169165885039,4377
-1222,-6.11,0.1913524392197744,4378
-1221,-6.105,0.19153551353832782,4379
-1220,-6.1,0.19170902793651193,4380
-1219,-6.095,0.19186637003131238,4381
-1218,-6.09,0.19207800827620203,4382
-1217,-6.085,0.1922894372169534,4383
-1216,-6.08,0.19250604867644835,4384
-1215,-6.075,0.19272607191657917,4385
-1214,-6.07,0.1929405053747423,4386
-1213,-6.065,0.19315472530704977,4387
-1212,-6.06,0.1933608601016523,4388
-1211,-6.055,0.19349506798981125,4389
-1210,-6.05,0.1936338880289357,4390
-1209,-6.045,0.19377253623331556,4391
-1208,-6.04,0.19394995846627383,4392
-1207,-6.035,0.1942125293315748,4393
-1206,-6.03,0.19443299830561422,4394
-1205,-6.025,0.19465325271979936,4395
-1204,-6.02,0.19483673167139146,4396
-1203,-6.015,0.19501579784141176,4397
-1202,-6.01,0.1952711748351479,4398
-1201,-6.005,0.19552632139187504,4399
-1200,-6.0,0.19579601956932682,4400
-1199,-5.995,0.19605506482856794,4401
-1198,-5.99,0.1962812827692623,4402
-1197,-5.985,0.19650728460536215,4403
-1196,-5.98,0.19672407964166258,4404
-1195,-5.975,0.19693379475794992,4405
-1194,-5.97,0.19715046151777701,4406
-1193,-5.965,0.19736691796445743,4407
-1192,-5.96,0.19759115788059767,4408
-1191,-5.955,0.19783160372827766,4409
-1190,-5.95,0.19804157460424748,4410
-1189,-5.945,0.19825133888837904,4411
-1188,-5.94,0.1984531171957626,4412
-1187,-5.935,0.1986606836139008,4413
-1186,-5.93,0.19891206761946856,4414
-1185,-5.925,0.19916322621763655,4415
-1184,-5.92,0.1994082417284703,4416
-1183,-5.915,0.19959276455428154,4417
-1182,-5.91,0.199765907019552,4418
-1181,-5.905,0.19993886514845163,4419
-1180,-5.9,0.20010930413665298,4420
-1179,-5.895,0.20032483686305955,4421
-1178,-5.89,0.20058536009595623,4422
-1177,-5.885,0.2008456529145803,4423
-1176,-5.88,0.20110427829259764,4424
-1175,-5.875,0.20135082798083442,4425
-1174,-5.87,0.20153172625590798,4426
-1173,-5.865,0.20171243746010678,4427
-1172,-5.86,0.20189191635502116,4428
-1171,-5.855,0.20209444396595058,4429
-1170,-5.85,0.20233604283173592,4430
-1169,-5.845,0.2025774229173097,4431
-1168,-5.84,0.2028199215828738,4432
-1167,-5.835,0.20306173849240988,4433
-1166,-5.83,0.20326746998418024,4434
-1165,-5.825,0.20347300215355243,4435
-1164,-5.82,0.20368623878023048,4436
-1163,-5.815,0.20386295804572555,4437
-1162,-5.81,0.2041032329134923,4438
-1161,-5.805,0.20434329158287062,4439
-1160,-5.8,0.20457649436935693,4440
-1159,-5.795,0.20481894279310955,4441
-1158,-5.79,0.20499299809688898,4442
-1157,-5.785,0.20516687402267872,4443
-1156,-5.78,0.20533790541397168,4444
-1155,-5.775,0.20549124915668293,4445
-1154,-5.77,0.2056393356074607,4446
-1153,-5.765,0.20578726472149272,4447
-1152,-5.76,0.20593452028416598,4448
-1151,-5.755,0.20608198206212383,4449
-1150,-5.75,0.20624951343565087,4450
-1149,-5.745,0.2064168707410621,4451
-1148,-5.74,0.20658615238227454,4452
-1147,-5.735,0.2067635470334459,4453
-1146,-5.73,0.2069420149928947,4454
-1145,-5.725,0.20712030097431286,4455
-1144,-5.72,0.20730410577122016,4456
-1143,-5.715,0.20750189776247624,4457
-1142,-5.71,0.20767952917604024,4458
-1141,-5.705,0.20785697943112288,4459
-1140,-5.7,0.20803210248258658,4460
-1139,-5.695,0.2081267699065417,4461
-1138,-5.69,0.20822072865390573,4462
-1137,-5.685,0.20831455038004193,4463
-1136,-5.68,0.20840335498574208,4464
-1135,-5.675,0.20858660461172654,4465
-1134,-5.67,0.20881270672076388,4466
-1133,-5.665,0.20903861423371062,4467
-1132,-5.66,0.20926391992626475,4468
-1131,-5.655,0.20944574382181388,4469
-1130,-5.65,0.20957881128774283,4470
-1129,-5.645,0.2097117275697189,4471
-1128,-5.64,0.20984715142908977,4472
-1127,-5.635,0.21001662852068212,4473
-1126,-5.63,0.2102237373612254,4474
-1125,-5.625,0.21043065540407893,4475
-1124,-5.62,0.2106355079580133,4476
-1123,-5.615,0.2108278025601378,4477
-1122,-5.61,0.2109891210289497,4478
-1121,-5.605,0.21115027163554115,4479
-1120,-5.6,0.21131893259328768,4480
-1119,-5.595,0.21151784571379148,4481
-1118,-5.59,0.2117216862209243,4482
-1117,-5.585,0.21192533767592012,4483
-1116,-5.58,0.21212187710762292,4484
-1115,-5.575,0.21231234185916575,4485
-1114,-5.57,0.21251498998870533,4486
-1113,-5.565,0.2127174527649442,4487
-1112,-5.56,0.212918652214338,4488
-1111,-5.555,0.21310377974659878,4489
-1110,-5.55,0.21329099963179304,4490
-1109,-5.545,0.21347803891835063,4491
-1108,-5.54,0.21366621704222213,4492
-1107,-5.535,0.21385602480133478,4493
-1106,-5.53,0.2141048800189921,4494
-1105,-5.525,0.21435352406053507,4495
-1104,-5.52,0.21462351165786114,4496
-1103,-5.515,0.21480759700200452,4497
-1102,-5.51,0.21490003209274153,4498
-1101,-5.505,0.21499233908250187,4499
-1100,-5.5,0.2150629515271734,4500
-1099,-5.495,0.21523562120832979,4501
-1098,-5.49,0.21547139072977353,4502
-1097,-5.485,0.21570695897350467,4503
-1096,-5.48,0.21594232542725508,4504
-1095,-5.475,0.21617464783737214,4505
-1094,-5.47,0.21637484981729826,4506
-1093,-5.465,0.21657486790234814,4507
-1092,-5.46,0.21677408556657016,4508
-1091,-5.455,0.21696899318103038,4509
-1090,-5.45,0.2171765346886518,4510
-1089,-5.445,0.21738389151535406,4511
-1088,-5.44,0.21759402945520206,4512
-1087,-5.435,0.21778177425743606,4513
-1086,-5.43,0.21789226136097656,4514
-1085,-5.425,0.218002609912274,4515
-1084,-5.42,0.21810982485405603,4516
-1083,-5.415,0.2182459849619825,4517
-1082,-5.41,0.21848310954263997,4518
-1081,-5.405,0.2187200328435819,4519
-1080,-5.4,0.21895554168086181,4520
-1079,-5.395,0.2191908282430507,4521
-1078,-5.39,0.21938233124308545,4522
-1077,-5.385,0.219573657059143,4523
-1076,-5.38,0.21976986496934658,4524
-1075,-5.375,0.21994667407127033,4525
-1074,-5.37,0.2201296113684878,4526
-1073,-5.365,0.22031238100004719,4527
-1072,-5.36,0.22049223290952624,4528
-1071,-5.355,0.22067923921106727,4529
-1070,-5.35,0.2208501281356809,4530
-1069,-5.345,0.2210208514138388,4531
-1068,-5.34,0.2211897010855086,4532
-1067,-5.335,0.22132317719798622,4533
-1066,-5.33,0.2215087120717687,4534
-1065,-5.325,0.22169407414859302,4535
-1064,-5.32,0.22188465193375573,4536
-1063,-5.315,0.2221251866944666,4537
-1062,-5.31,0.2223278017177067,4538
-1061,-5.305,0.22253023831706822,4539
-1060,-5.3,0.22273828521853947,4540
-1059,-5.295,0.22294526631049882,4541
-1058,-5.29,0.22315303589396315,4542
-1057,-5.285,0.22336062353284722,4543
-1056,-5.28,0.22356026812130186,4544
-1055,-5.275,0.22374505176586973,4545
-1054,-5.27,0.2239190556785967,4546
-1053,-5.265,0.22409289483497843,4547
-1052,-5.26,0.22426483015627605,4548
-1051,-5.255,0.2244384080632625,4549
-1050,-5.25,0.2246093767711401,4550
-1049,-5.245,0.22478018288992085,4551
-1048,-5.24,0.22495335292443266,4552
-1047,-5.235,0.22513434441604316,4553
-1046,-5.23,0.22532930925747963,4554
-1045,-5.225,0.22552410116798005,4555
-1044,-5.22,0.22571747488242355,4556
-1043,-5.215,0.22591642748533808,4557
-1042,-5.21,0.2261116983506594,4558
-1041,-5.205,0.22630679626848432,4559
-1040,-5.2,0.226520145985691,4560
-1039,-5.195,0.22668486701892696,4561
-1038,-5.19,0.2268789246674829,4562
-1037,-5.185,0.2270728098012012,4563
-1036,-5.18,0.22725770192683326,4564
-1035,-5.175,0.2274663175821934,4565
-1034,-5.17,0.22763295974315048,4566
-1033,-5.165,0.22779944323147897,4567
-1032,-5.16,0.2279605140098972,4568
-1031,-5.155,0.22811212142844914,4569
-1030,-5.15,0.22831026094681275,4570
-1029,-5.145,0.22850822766471587,4571
-1028,-5.14,0.22871432327058047,4572
-1027,-5.135,0.2289027225542872,4573
-1026,-5.13,0.22904626698064925,4574
-1025,-5.125,0.22918966988722594,4575
-1024,-5.12,0.22932374345145579,4576
-1023,-5.115,0.22950118354466573,4577
-1022,-5.11,0.22971428310170625,4578
-1021,-5.105,0.22992720610457867,4579
-1020,-5.1,0.2301462570929516,4580
-1019,-5.095,0.23034553497045765,4581
-1018,-5.09,0.23050108003568195,4582
-1017,-5.085,0.23065647527628483,4583
-1016,-5.08,0.2308041411117662,4584
-1015,-5.075,0.23089555690625121,4585
-1014,-5.07,0.2310058181372081,4586
-1013,-5.065,0.2311159503514379,4587
-1012,-5.06,0.23122548295983922,4588
-1011,-5.055,0.23132165026852872,4589
-1010,-5.05,0.23140831090403038,4590
-1009,-5.045,0.23149485371092163,4591
-1008,-5.04,0.231577656028634,4592
-1007,-5.035,0.23174360794118004,4593
-1006,-5.03,0.2319183452593553,4594
-1005,-5.025,0.23209293714024182,4595
-1004,-5.02,0.2322693686162214,4596
-1003,-5.015,0.23240995284565052,4597
-1002,-5.01,0.23251739714274605,4598
-1001,-5.005,0.2326247167978919,4599
-1000,-5.0,0.23273619014371755,4600
-999,-4.995,0.23279146225955774,4601
-998,-4.99,0.23283800381917227,4602
-997,-4.985,0.23288444971142158,4603
-996,-4.98,0.23293628947626124,4604
-995,-4.975,0.23291911097148696,4605
-994,-4.97,0.23297767689857055,4606
-993,-4.965,0.2330361405495734,4607
-992,-4.96,0.23308415933412047,4608
-991,-4.955,0.23307783539760618,4609
-990,-4.95,0.23300759152812767,4610
-989,-4.945,0.23293730461147455,4611
-988,-4.94,0.23286509221959867,4612
-987,-4.935,0.23282627539064138,4613
-986,-4.93,0.23282374501492006,4614
-985,-4.925,0.23282114300677625,4615
-984,-4.92,0.2328182039916716,4616
-983,-4.915,0.23294336748590797,4617
-982,-4.91,0.23299498856643958,4618
-981,-4.905,0.23304651252912736,4619
-980,-4.9,0.2331068236159887,4620
-979,-4.895,0.23306198488435842,4621
-978,-4.89,0.23308446579967226,4622
-977,-4.885,0.2331068619964033,4623
-976,-4.88,0.23312423921173103,4624
-975,-4.875,0.23327547034647836,4625
-974,-4.87,0.23341096894890498,4626
-973,-4.865,0.23354633150419724,4627
-972,-4.86,0.23368222162081168,4628
-971,-4.855,0.2337208372176091,4629
-970,-4.85,0.2337530080798694,4630
-969,-4.845,0.23378509125485838,4631
-968,-4.84,0.23381344095181383,4632
-967,-4.835,0.23386451056390495,4633
-966,-4.83,0.23394967966125782,4634
-965,-4.825,0.23403474129183277,4635
-964,-4.82,0.23411900124591623,4636
-963,-4.815,0.23429410723550229,4637
-962,-4.81,0.2344419326235192,4638
-961,-4.805,0.23458961755519422,4639
-960,-4.8,0.23475504394623659,4640
-959,-4.795,0.23490892670436025,4641
-958,-4.79,0.2351467421810567,4642
-957,-4.785,0.23538437927901046,4643
-956,-4.78,0.23560489975848933,4644
-955,-4.775,0.2358554411278269,4645
-954,-4.77,0.23604209655554423,4646
-953,-4.765,0.23622859578022254,4647
-952,-4.76,0.23641416235922408,4648
-951,-4.755,0.23656586221115566,4649
-950,-4.75,0.23673230218422597,4650
-949,-4.745,0.2368986013286329,4651
-948,-4.74,0.23706416212273754,4652
-947,-4.735,0.23724776959407395,4653
-946,-4.73,0.23740125765319223,4654
-945,-4.725,0.23755460507737766,4655
-944,-4.72,0.23771801737286385,4656
-943,-4.715,0.2378286070653677,4657
-942,-4.71,0.23804806641983747,4658
-941,-4.705,0.23826735528324536,4659
-940,-4.7,0.23848078082450008,4660
-939,-4.695,0.2387558149451761,4661
-938,-4.69,0.2389458891501393,4662
-937,-4.685,0.23913580639470122,4663
-936,-4.68,0.23932179382422866,4664
-935,-4.675,0.2395107078282776,4665
-934,-4.67,0.23974386329926756,4666
-933,-4.665,0.23997684385281,4667
-932,-4.66,0.2402084799309852,4668
-931,-4.655,0.24042571840111884,4669
-930,-4.65,0.24054725997012,4670
-929,-4.645,0.24066867646793128,4671
-928,-4.64,0.24079398852438874,4672
-927,-4.635,0.2409207472066466,4673
-926,-4.63,0.2411390580484614,4674
-925,-4.625,0.24135720179794576,4675
-924,-4.62,0.2415739263200481,4676
-923,-4.615,0.24177528067280624,4677
-922,-4.61,0.24192690066361222,4678
-921,-4.605,0.2420783840030493,4679
-920,-4.6,0.24223434034523944,4680
-919,-4.595,0.24242354155398482,4681
-918,-4.59,0.24260611549629194,4682
-917,-4.585,0.24278854084912904,4683
-916,-4.58,0.24296420869218396,4684
-915,-4.575,0.24311059995737191,4685
-914,-4.57,0.2432502502560722,4686
-913,-4.565,0.24338977337011067,4687
-912,-4.56,0.2435283820850996,4688
-911,-4.555,0.24368520032404567,4689
-910,-4.55,0.24382313599274816,4690
-909,-4.545,0.24396094367678403,4691
-908,-4.54,0.2441011733796,4692
-907,-4.535,0.24421731853185108,4693
-906,-4.53,0.2443655119728499,4694
-905,-4.525,0.24451357141517047,4695
-904,-4.52,0.24465984518453707,4696
-903,-4.515,0.244837672023428,4697
-902,-4.51,0.24499767299492994,4698
-901,-4.505,0.24515753538122814,4699
-900,-4.5,0.24532350853883872,4700
-899,-4.495,0.2454882883379809,4701
-898,-4.49,0.24565314969530988,4702
-897,-4.485,0.24581787015842335,4703
-896,-4.48,0.2459759989043205,4704
-895,-4.475,0.24611724912976493,4705
-894,-4.47,0.24623795592007877,4706
-893,-4.465,0.24635854737219684,4707
-892,-4.46,0.24647860670554056,4708
-891,-4.455,0.2466043574721773,4709
-890,-4.45,0.24671442367024318,4710
-889,-4.445,0.24682437448518588,4711
-888,-4.44,0.2469451725331207,4712
-887,-4.435,0.2470065957510508,4713
-886,-4.43,0.24711146887771687,4714
-885,-4.425,0.2472162286479012,4715
-884,-4.42,0.24731838672563528,4716
-883,-4.415,0.24748941238880098,4717
-882,-4.41,0.24767703800213134,4718
-881,-4.405,0.24786451458490297,4719
-880,-4.4,0.24804477582796522,4720
-879,-4.395,0.2482234327942713,4721
-878,-4.39,0.2483611728631522,4722
-877,-4.385,0.2484987859182736,4723
-876,-4.38,0.24863902652469752,4724
-875,-4.375,0.24876934525534627,4725
-874,-4.37,0.248956202343345,4726
-873,-4.365,0.2491429140468433,4727
-872,-4.36,0.2493309222755526,4728
-871,-4.355,0.24951998622968688,4729
-870,-4.35,0.24955761791262268,4730
-869,-4.345,0.24959516726549355,4731
-868,-4.34,0.2496444847307641,4732
-867,-4.335,0.2496960323567978,4733
-866,-4.33,0.2498450701355829,4734
-865,-4.325,0.2499939778368875,4735
-864,-4.32,0.25012732000908927,4736
-863,-4.315,0.25027269266240554,4737
-862,-4.31,0.25041018512032676,4738
-861,-4.305,0.25054755387597183,4739
-860,-4.3,0.2506862862893353,4740
-859,-4.295,0.2507805289087154,4741
-858,-4.29,0.250887098187727,4742
-857,-4.285,0.2509935579527501,4743
-856,-4.28,0.2511033228091063,4744
-855,-4.275,0.2512434588686703,4745
-854,-4.27,0.2513731082072214,4746
-853,-4.265,0.2515026378175725,4747
-852,-4.26,0.25162774729474496,4748
-851,-4.255,0.25166583096418377,4749
-850,-4.25,0.25173230475105,4750
-849,-4.245,0.2517986855483644,4751
-848,-4.24,0.2518671983284945,4752
-847,-4.235,0.2520358345262404,4753
-846,-4.23,0.2522126277375369,4754
-845,-4.225,0.25238928304459385,4755
-844,-4.22,0.252561739145858,4756
-843,-4.215,0.25267611529942813,4757
-842,-4.21,0.252766253963065,4758
-841,-4.205,0.252856290843691,4759
-840,-4.2,0.25297610526866093,4760
-839,-4.195,0.2531371651729648,4761
-838,-4.19,0.2532637808396472,4762
-837,-4.185,0.25339027899464905,4763
-836,-4.18,0.25348899474408165,4764
-835,-4.175,0.2535481692081713,4765
-834,-4.17,0.25363518745620167,4766
-833,-4.165,0.253722104728634,4767
-832,-4.16,0.2538110102320228,4768
-831,-4.155,0.25395371492773433,4769
-830,-4.15,0.25411751586786413,4770
-829,-4.145,0.25428118445746417,4771
-828,-4.14,0.2544406871675834,4772
-827,-4.135,0.2546090889432358,4773
-826,-4.13,0.2547613870908305,4774
-825,-4.125,0.25491356771531876,4775
-824,-4.12,0.2551091374911392,4776
-823,-4.115,0.25528393994466547,4777
-822,-4.11,0.25544634745089145,4778
-821,-4.105,0.2556086251246795,4779
-820,-4.1,0.2557717167555871,4780
-819,-4.095,0.25592926000707295,4781
-818,-4.09,0.25611117198010064,4782
-817,-4.085,0.25629294535911695,4783
-816,-4.08,0.25643638559901505,4784
-815,-4.075,0.2565786061656055,4785
-814,-4.07,0.25671406051806794,4786
-813,-4.065,0.2568493972118147,4787
-812,-4.06,0.2569815418202941,4788
-811,-4.055,0.2571320707782765,4789
-810,-4.05,0.25730821900574546,4790
-809,-4.045,0.2574842316910599,4791
-808,-4.04,0.2576593923498154,4792
-807,-4.035,0.257819286955837,4793
-806,-4.03,0.2579183308456716,4794
-805,-4.025,0.25801727136150854,4795
-804,-4.02,0.2581150738322678,4796
-803,-4.015,0.2582160086808361,4797
-802,-4.01,0.2583582390268941,4798
-801,-4.005,0.25850034872534533,4799
-800,-4.0,0.2586473507318357,4800
-799,-3.995,0.2587877987859674,4801
-798,-3.99,0.25894729873939687,4802
-797,-3.985,0.2591066736456227,4803
-796,-3.98,0.25925952014834996,4804
-795,-3.975,0.25943018907177995,4805
-794,-3.97,0.2595812224944221,4806
-793,-3.965,0.2597321332120951,4807
-792,-3.96,0.25988259743276565,4808
-791,-3.955,0.2600326739355283,4809
-790,-3.95,0.26018825942064533,4810
-789,-3.945,0.26034372059677346,4811
-788,-3.94,0.2604985139864787,4812
-787,-3.935,0.26063317453926527,4813
-786,-3.93,0.2607529775772465,4814
-785,-3.925,0.26087267150151494,4815
-784,-3.92,0.2609952617067091,4816
-783,-3.915,0.26112019398942177,4817
-782,-3.91,0.26131741205954,4818
-781,-3.905,0.26151448919990505,4819
-780,-3.9,0.2617157947218279,4820
-779,-3.895,0.2618848341560625,4821
-778,-3.89,0.26200650829234434,4822
-777,-3.885,0.26212807267225413,4823
-776,-3.88,0.26224528777327255,4824
-775,-3.875,0.26241046046950944,4825
-774,-3.87,0.2626579107096481,4826
-773,-3.865,0.2629052014615771,4827
-772,-3.86,0.2631509157137731,4828
-771,-3.855,0.26336723138632684,4829
-770,-3.85,0.26340448479020984,4830
-769,-3.845,0.2634416629021858,4831
-768,-3.84,0.2634771427003109,4832
-767,-3.835,0.26351367686367433,4833
-766,-3.83,0.2636544538795817,4834
-765,-3.825,0.26379511553860346,4835
-764,-3.82,0.26394212938795186,4836
-763,-3.815,0.2641026045669281,4837
-762,-3.81,0.26426608805368346,4838
-761,-3.805,0.264429446458664,4839
-760,-3.8,0.2645873518297925,4840
-759,-3.795,0.26467273343268904,4841
-758,-3.79,0.26484583881206564,4842
-757,-3.785,0.265018815353192,4843
-756,-3.78,0.26519110790739775,4844
-755,-3.775,0.2654519938014297,4845
-754,-3.77,0.2655872038450229,4846
-753,-3.765,0.26572230081386616,4847
-752,-3.76,0.2658567944641557,4848
-751,-3.755,0.2659662586753337,4849
-750,-3.75,0.2661634620770494,4850
-749,-3.745,0.2663605282719532,4851
-748,-3.74,0.2665649620096307,4852
-747,-3.735,0.26677920642350195,4853
-746,-3.73,0.2669164735398468,4854
-745,-3.725,0.2670536275448001,4855
-744,-3.72,0.2671850554531929,4856
-743,-3.715,0.26731414008172905,4857
-742,-3.71,0.26745136714414613,4858
-741,-3.705,0.26758848120292744,4859
-740,-3.7,0.26772650545879617,4860
-739,-3.695,0.2678692447093168,4861
-738,-3.69,0.26798885721341736,4862
-737,-3.685,0.26810836528302145,4863
-736,-3.68,0.26822608202180515,4864
-735,-3.675,0.26835541518207695,4865
-734,-3.67,0.26850012991943156,4866
-733,-3.665,0.268644730056087,4867
-732,-3.66,0.26878765420382467,4868
-731,-3.655,0.2688825718216744,4869
-730,-3.65,0.2689837567477896,4870
-729,-3.645,0.26908484504112173,4871
-728,-3.64,0.26918585319948907,4872
-727,-3.635,0.2693225389905115,4873
-726,-3.63,0.2694330720014042,4874
-725,-3.625,0.2695435037882302,4875
-724,-3.62,0.2696538787929497,4876
-723,-3.615,0.2697580622290679,4877
-722,-3.61,0.269891544405114,4878
-721,-3.605,0.2700249174298282,4879
-720,-3.6,0.2701696513626537,4880
-719,-3.595,0.27033353651131364,4881
-718,-3.59,0.27047318791624736,4882
-717,-3.585,0.27061272900807315,4883
-716,-3.58,0.2707432506501269,4884
-715,-3.575,0.2708747363055077,4885
-714,-3.57,0.2710126462347945,4886
-713,-3.565,0.27115044707521974,4887
-712,-3.56,0.2712869101675572,4888
-711,-3.555,0.2713783550810098,4889
-710,-3.55,0.27147922548062486,4890
-709,-3.545,0.2715800033154215,4891
-708,-3.54,0.2716802337537713,4892
-707,-3.535,0.2718055073655975,4893
-706,-3.53,0.27194304705177175,4894
-705,-3.525,0.27208047703291627,4895
-704,-3.52,0.2722186284220563,4896
-703,-3.515,0.2723573391376311,4897
-702,-3.51,0.27246112794393296,4898
-701,-3.505,0.27256482050982933,4899
-700,-3.5,0.2726773151428646,4900
-699,-3.495,0.2728037772724926,4901
-698,-3.49,0.2729175153789666,4902
-697,-3.485,0.2730311539438793,4903
-696,-3.48,0.2731359956464742,4904
-695,-3.475,0.27324245827824495,4905
-694,-3.47,0.2734267539911984,4906
-693,-3.465,0.27361092844702684,4907
-692,-3.46,0.27379397528660737,4908
-691,-3.455,0.2739279031503721,4909
-690,-3.45,0.2740263840169184,4910
-689,-3.445,0.27412477285937725,4911
-688,-3.44,0.27422842034844797,4912
-687,-3.435,0.2743495439443605,4913
-686,-3.43,0.27454845815323276,4914
-685,-3.425,0.27474724092941555,4915
-684,-3.42,0.2749415106092956,4916
-683,-3.415,0.2750852222149916,4917
-682,-3.41,0.27512894686999523,4918
-681,-3.405,0.2751725994511761,4919
-680,-3.4,0.2752194764053487,4920
-679,-3.395,0.2752361961955919,4921
-678,-3.39,0.2752883070651627,4922
-677,-3.385,0.2753403438095735,4923
-676,-3.38,0.2753881494017694,4924
-675,-3.375,0.27536198047209104,4925
-674,-3.37,0.2753108320106853,4926
-673,-3.365,0.27525964939850944,4927
-672,-3.36,0.27520675350565565,4928
-671,-3.355,0.2752374504526642,4929
-670,-3.35,0.2752733364950138,4930
-669,-3.345,0.275309157255735,4931
-668,-3.34,0.27534695809482596,4932
-667,-3.335,0.2752839918463378,4933
-666,-3.33,0.2747752830822916,4934
-665,-3.325,0.27426671197218616,4935
-664,-3.32,0.27375883618511626,4936
-663,-3.315,0.27317087287910746,4937
-662,-3.31,0.27299339734647193,4938
-661,-3.305,0.27281593422487177,4939
-660,-3.3,0.27266630318199264,4940
-659,-3.295,0.27274248524600814,4941
-658,-3.29,0.27202018894068686,4942
-657,-3.285,0.27129811004839016,4943
-656,-3.28,0.27055008457000057,4944
-655,-3.275,0.26972539016388386,4945
-654,-3.27,0.2689409552988641,4946
-653,-3.265,0.26815675995206745,4947
-652,-3.26,0.267370743302018,4948
-651,-3.255,0.26645595232983177,4949
-650,-3.25,0.26551383415886687,4950
-649,-3.245,0.26457201396395447,4951
-648,-3.24,0.2636318855148464,4952
-647,-3.235,0.26275777383899995,4953
-646,-3.23,0.2618556464404399,4954
-645,-3.225,0.26095380174309524,4955
-644,-3.22,0.2600519868429446,4956
-643,-3.215,0.2590337050123332,4957
-642,-3.21,0.2580134323818181,4958
-641,-3.205,0.2569934844453039,4959
-640,-3.2,0.25597704669714016,4960
-639,-3.195,0.25495390627191694,4961
-638,-3.19,0.2539276655930552,4962
-637,-3.185,0.2529017504977274,4963
-636,-3.18,0.2518713245280326,4964
-635,-3.175,0.2508072106937256,4965
-634,-3.17,0.24974731963663965,4966
-633,-3.165,0.24868776453469618,4967
-632,-3.16,0.24762939505110873,4968
-631,-3.155,0.2466460534685464,4969
-630,-3.15,0.24564500256610292,4970
-629,-3.145,0.2446442671804047,4971
-628,-3.14,0.2436454019108675,4972
-627,-3.135,0.24232742231439633,4973
-626,-3.13,0.24103940088199297,4974
-625,-3.125,0.23975179452832218,4975
-624,-3.12,0.23846260318359402,4976
-623,-3.115,0.23696270516835394,4977
-622,-3.11,0.23547623211565438,4978
-621,-3.105,0.23399024937205332,4979
-620,-3.1,0.2325256318415766,4980
-619,-3.095,0.23105628461291475,4981
-618,-3.09,0.2295718290359586,4982
-617,-3.085,0.22808786282658522,4983
-616,-3.08,0.22658582027304677,4984
-615,-3.075,0.2250602157740139,4985
-614,-3.07,0.22354567834484487,4986
-613,-3.065,0.2220316254509946,4987
-612,-3.06,0.22051630434254635,4988
-611,-3.055,0.218999536156123,4989
-610,-3.05,0.21744658899288946,4990
-609,-3.045,0.2158941369129684,4991
-608,-3.04,0.21434132645474385,4992
-607,-3.035,0.21278848970741635,4993
-606,-3.03,0.211256101495926,4994
-605,-3.025,0.20972421555048967,4995
-604,-3.02,0.20819908681346233,4996
-603,-3.015,0.20666920134576017,4997
-602,-3.01,0.20514555581231997,4998
-601,-3.005,0.20362239960283532,4999
-600,-3.0,0.20209315769470484,5000
-599,-2.995,0.2005645699853188,5001
-598,-2.99,0.19902136220114405,5002
-597,-2.985,0.19747865658506666,5003
-596,-2.98,0.19593690932810717,5004
-595,-2.975,0.1943971556610918,5005
-594,-2.97,0.19284417956730307,5006
-593,-2.965,0.1912916937602829,5007
-592,-2.96,0.189738529103546,5008
-591,-2.955,0.18818444492163466,5009
-590,-2.95,0.1866687206263813,5010
-589,-2.945,0.18515348150356858,5011
-588,-2.94,0.1836400078053216,5012
-587,-2.935,0.18217870571884268,5013
-586,-2.93,0.18072515035491957,5014
-585,-2.925,0.1792720601069715,5015
-584,-2.92,0.17781891249233794,5016
-583,-2.915,0.17631655634674662,5017
-582,-2.91,0.17485326334421689,5018
-581,-2.905,0.17339043287713507,5019
-580,-2.9,0.1719352205497361,5020
-579,-2.895,0.1704735766360035,5021
-578,-2.89,0.16896032317989512,5022
-577,-2.885,0.16744755420082358,5023
-576,-2.88,0.16592781711055174,5024
-575,-2.875,0.1644077102811809,5025
-574,-2.87,0.16287772525972358,5026
-573,-2.865,0.16134822913272126,5027
-572,-2.86,0.15981884267444282,5028
-571,-2.855,0.1582939974384062,5029
-570,-2.85,0.1567876394309797,5030
-569,-2.845,0.15528176036543462,5031
-568,-2.84,0.15378739448388953,5032
-567,-2.835,0.152295813938531,5033
-566,-2.83,0.1508516700337252,5034
-565,-2.825,0.14940798021669432,5035
-564,-2.82,0.14795528493448507,5036
-563,-2.815,0.14649721055143883,5037
-562,-2.81,0.14503343030504973,5038
-561,-2.805,0.14357010977628673,5039
-560,-2.8,0.14210674552558814,5040
-559,-2.795,0.14064762175376913,5041
-558,-2.79,0.1391323278793887,5042
-557,-2.785,0.13761751178813333,5043
-556,-2.78,0.13610618972621621,5044
-555,-2.775,0.1345915139832869,5045
-554,-2.77,0.13311163905018747,5046
-553,-2.765,0.13163222735999522,5047
-552,-2.76,0.1301514820631926,5048
-551,-2.755,0.1286795004320513,5049
-550,-2.75,0.12721355906640225,5050
-549,-2.745,0.12574805629753125,5051
-548,-2.74,0.12428050771591213,5052
-547,-2.735,0.1228069358382952,5053
-546,-2.73,0.12129743591766601,5054
-545,-2.725,0.11978840641189731,5055
-544,-2.72,0.11828021292870614,5056
-543,-2.715,0.11678443261945469,5057
-542,-2.71,0.11535157150660211,5058
-541,-2.705,0.1139191483714297,5059
-540,-2.7,0.11249696964728002,5060
-539,-2.695,0.11106129937465253,5061
-538,-2.69,0.10956405611077359,5062
-537,-2.685,0.10806727494274385,5063
-536,-2.68,0.10656494800729054,5064
-535,-2.675,0.1050646058777975,5065
-534,-2.67,0.10356724379524074,5066
-533,-2.665,0.10207034427031222,5067
-532,-2.66,0.10057019964366275,5068
-531,-2.655,0.0990743350968212,5069
-530,-2.65,0.09759104682715791,5070
-529,-2.645,0.09610820892036126,5071
-528,-2.64,0.09462573358911448,5072
-527,-2.635,0.09314316787445613,5073
-526,-2.63,0.09164420496386332,5074
-525,-2.625,0.09014570110117297,5075
-524,-2.62,0.08865972863689701,5076
-523,-2.615,0.08717403541822112,5077
-522,-2.61,0.08570468680193223,5078
-521,-2.605,0.0842357877809446,5079
-520,-2.6,0.08276024810160403,5080
-519,-2.595,0.08148869781182491,5081
-518,-2.59,0.08019211378398436,5082
-517,-2.585,0.0788959181451027,5083
-516,-2.58,0.07759559340736549,5084
-515,-2.575,0.07611817647153203,5085
-514,-2.57,0.07470233531344589,5086
-513,-2.565,0.07328692140291221,5087
-512,-2.56,0.07187189877513321,5088
-511,-2.555,0.07048905672172458,5089
-510,-2.55,0.06904872703100463,5090
-509,-2.545,0.06760883259506932,5091
-508,-2.54,0.06617116156489164,5092
-507,-2.535,0.06468505400372858,5093
-506,-2.53,0.0633053082749299,5094
-505,-2.525,0.06192597324135837,5095
-504,-2.52,0.060557209604001655,5096
-503,-2.515,0.05918224059885802,5097
-502,-2.51,0.05770255586523935,5098
-501,-2.505,0.05622331778931382,5099
-500,-2.5,0.05473282136569915,5100
-499,-2.495,0.05326655569108691,5101
-498,-2.49,0.05185549665538517,5102
-497,-2.485,0.05044485636935424,5103
-496,-2.48,0.04903460968801834,5104
-495,-2.475,0.04759887929863888,5105
-494,-2.47,0.04611406769313907,5106
-493,-2.465,0.044629697363630406,5107
-492,-2.46,0.0431453986335382,5108
-491,-2.455,0.04165958314875588,5109
-490,-2.45,0.04018365902986908,5110
-489,-2.445,0.03870817527768838,5111
-488,-2.44,0.037255318165809286,5112
-487,-2.435,0.03580061665691372,5113
-486,-2.43,0.03433386754698243,5114
-485,-2.425,0.032867554845792096,5115
-484,-2.42,0.031383579981516745,5116
-483,-2.415,0.02991577476044203,5117
-482,-2.41,0.02844726272593665,5118
-481,-2.405,0.0269791838334143,5119
-480,-2.4,0.025508357628154173,5120
-479,-2.395,0.024022612331409312,5121
-478,-2.39,0.022620088365259246,5122
-477,-2.385,0.021217974026448403,5123
-476,-2.38,0.019816038052758275,5124
-475,-2.375,0.018428267165475295,5125
-474,-2.37,0.01695606641373704,5126
-473,-2.365,0.015484299100525062,5127
-472,-2.36,0.01401971892116534,5128
-471,-2.355,0.012544086057399914,5129
-470,-2.35,0.01114427515723451,5130
-469,-2.345,0.0097448729080372,5131
-468,-2.34,0.008353658052137376,5132
-467,-2.335,0.006967747315141804,5133
-466,-2.33,0.005511323885299444,5134
-465,-2.325,0.004055318512963796,5135
-464,-2.32,0.0025867345121198745,5136
-463,-2.315,0.0011143580306630513,5137
-462,-2.31,-0.0003480592100803157,5138
-461,-2.305,-0.0018100516869862934,5139
-460,-2.3,-0.0032726752414564417,5140
-459,-2.295,-0.004733844970887661,5141
-458,-2.29,-0.0061737876184777005,5142
-457,-2.285,-0.0076133126091437525,5143
-456,-2.28,-0.009053579994473865,5144
-455,-2.275,-0.010498007758806376,5145
-454,-2.27,-0.011930995556476334,5146
-453,-2.265,-0.01336357089925898,5147
-452,-2.26,-0.014794718993515707,5148
-451,-2.255,-0.016213785876342483,5149
-450,-2.25,-0.017598788468743357,5150
-449,-2.245,-0.018983397762097974,5151
-448,-2.24,-0.02036674557203048,5152
-447,-2.235,-0.02175085700020374,5153
-446,-2.23,-0.02315640619681143,5154
-445,-2.225,-0.02456155491780754,5155
-444,-2.22,-0.02596064122794821,5156
-443,-2.215,-0.027367181186348368,5157
-442,-2.21,-0.028675826349672827,5158
-441,-2.205,-0.029984105302058736,5159
-440,-2.2,-0.03127522175800623,5160
-439,-2.195,-0.03256211796347929,5161
-438,-2.19,-0.03401113364880443,5162
-437,-2.185,-0.03545973662177709,5163
-436,-2.18,-0.0369299239644048,5164
-435,-2.175,-0.038406069937551426,5165
-434,-2.17,-0.03970282827118998,5166
-433,-2.165,-0.04099922478079382,5167
-432,-2.16,-0.04229665326150728,5168
-431,-2.155,-0.04359527984509034,5169
-430,-2.15,-0.04502311123505461,5170
-429,-2.145,-0.046450537392744407,5171
-428,-2.14,-0.047875746235193514,5172
-427,-2.135,-0.04929632627131242,5173
-426,-2.13,-0.0506749491894865,5174
-425,-2.125,-0.05205318579562188,5175
-424,-2.12,-0.053415726578345285,5176
-423,-2.115,-0.05477807522877315,5177
-422,-2.11,-0.05619257901856665,5178
-421,-2.105,-0.057606685813392,5179
-420,-2.1,-0.059023785141416936,5180
-419,-2.095,-0.06043618195639551,5181
-418,-2.09,-0.06185981279184622,5182
-417,-2.085,-0.06328304358207568,5183
-416,-2.08,-0.06471969326573933,5184
-415,-2.075,-0.06616393850766243,5185
-414,-2.07,-0.06755142414408541,5186
-413,-2.065,-0.06893852225675613,5187
-412,-2.06,-0.07031385489286968,5188
-411,-2.055,-0.07168897203179249,5189
-410,-2.05,-0.07312200877956612,5190
-409,-2.045,-0.07455464431380279,5191
-408,-2.04,-0.07599516007793133,5192
-407,-2.035,-0.07743371075549517,5193
-406,-2.03,-0.07878603365369388,5194
-405,-2.025,-0.08013798641086126,5195
-404,-2.02,-0.08147657944193899,5196
-403,-2.015,-0.08281286875562166,5197
-402,-2.01,-0.08420282343256,5198
-401,-2.005,-0.08559239551671947,5199
-400,-2.0,-0.08698963649979757,5200
-399,-1.995,-0.08838604723875687,5201
-398,-1.99,-0.08961647000997934,5202
-397,-1.985,-0.09084656135531335,5203
-396,-1.98,-0.09208157346047377,5204
-395,-1.975,-0.09331434760897415,5205
-394,-1.97,-0.09474186379528364,5206
-393,-1.965,-0.09616899080950649,5207
-392,-1.96,-0.09759862078013008,5208
-391,-1.955,-0.09903137368316997,5209
-390,-1.95,-0.10037729718331044,5210
-389,-1.945,-0.1017228546220545,5211
-388,-1.94,-0.10306568038978509,5212
-387,-1.935,-0.1044066285232115,5213
-386,-1.93,-0.10580871563810429,5214
-385,-1.925,-0.10721042035558012,5215
-384,-1.92,-0.10860617279943713,5216
-383,-1.915,-0.10999447131297961,5217
-382,-1.91,-0.1112808732218495,5218
-381,-1.905,-0.11256692919442764,5219
-380,-1.9,-0.1138434303196216,5220
-379,-1.895,-0.11513007178616766,5221
-378,-1.89,-0.1165557648156171,5222
-377,-1.885,-0.11798106809255178,5223
-376,-1.88,-0.11942163484745484,5224
-375,-1.875,-0.1208594092476254,5225
-374,-1.87,-0.12221743988217634,5226
-373,-1.865,-0.12357511003620382,5227
-372,-1.86,-0.1249312862479845,5228
-371,-1.855,-0.12628824332866456,5229
-370,-1.85,-0.12771092340341486,5230
-369,-1.845,-0.1291332183939976,5231
-368,-1.84,-0.13055661090969803,5232
-367,-1.835,-0.13197507752259485,5233
-366,-1.83,-0.1333259837436727,5234
-365,-1.825,-0.13467652767855567,5235
-364,-1.82,-0.13596795847329785,5236
-363,-1.815,-0.13726214626393157,5237
-362,-1.81,-0.13858566760194366,5238
-361,-1.805,-0.13990883588543912,5239
-360,-1.8,-0.1412895447300298,5240
-359,-1.795,-0.14264897708864746,5241
-358,-1.79,-0.14402706931222115,5242
-357,-1.785,-0.14540479749236093,5243
-356,-1.78,-0.14671670986736818,5244
-355,-1.775,-0.1480463199959635,5245
-354,-1.77,-0.14931022552324888,5246
-353,-1.765,-0.1505737999383189,5247
-352,-1.76,-0.151854160144571,5248
-351,-1.755,-0.1531389659704951,5249
-350,-1.75,-0.15451802245095164,5250
-349,-1.745,-0.15589671190953003,5251
-348,-1.74,-0.1566293056553919,5252
-347,-1.735,-0.15736016366453376,5253
-346,-1.73,-0.15804793688950466,5254
-345,-1.725,-0.15873556407713824,5255
-344,-1.72,-0.16010350358550227,5256
-343,-1.715,-0.16147001096677555,5257
-342,-1.71,-0.16287734982097932,5258
-341,-1.705,-0.16428431480427724,5259
-340,-1.7,-0.16490539603163132,5260
-339,-1.695,-0.16552514224364967,5261
-338,-1.69,-0.16608472948340597,5262
-337,-1.685,-0.16664421066786242,5263
-336,-1.68,-0.1672681413252626,5264
-335,-1.675,-0.16789303798210609,5265
-334,-1.67,-0.16853710194268864,5266
-333,-1.665,-0.1691810360853564,5267
-332,-1.66,-0.16974729243229195,5268
-331,-1.655,-0.17031300858502127,5269
-330,-1.65,-0.1708986591052866,5270
-329,-1.645,-0.1714841981346314,5271
-328,-1.64,-0.17207694409011426,5272
-327,-1.635,-0.17266983066355632,5273
-326,-1.63,-0.17324028125490373,5274
-325,-1.625,-0.17381062383652943,5275
-324,-1.62,-0.1743850967358372,5276
-323,-1.615,-0.1749627479809636,5277
-322,-1.61,-0.17552008917652034,5278
-321,-1.605,-0.17607732597143774,5279
-320,-1.6,-0.17664009073786502,5280
-319,-1.595,-0.17720381808539346,5281
-318,-1.59,-0.17779169526990815,5282
-317,-1.585,-0.17837945843734096,5283
-316,-1.58,-0.17895063943760267,5284
-315,-1.575,-0.17951796579234447,5285
-314,-1.57,-0.1800101029226615,5286
-313,-1.565,-0.1805021578608095,5287
-312,-1.56,-0.18099297203496728,5288
-311,-1.555,-0.18148529711963027,5289
-310,-1.55,-0.18183840801177678,5290
-309,-1.545,-0.18219147852346104,5291
-308,-1.54,-0.18255825342817145,5292
-307,-1.535,-0.18292179414566714,5293
-306,-1.53,-0.18341705750227558,5294
-305,-1.525,-0.18391223674369028,5295
-304,-1.52,-0.18440460426854083,5296
-303,-1.515,-0.18489844996920807,5297
-302,-1.51,-0.1852985040673916,5298
-301,-1.505,-0.18569850333706897,5299
-300,-1.5,-0.18610117150139202,5300
-299,-1.495,-0.18650748932981917,5301
-298,-1.49,-0.18708635192170206,5302
-297,-1.485,-0.18766510466945113,5303
-296,-1.48,-0.1882294923129337,5304
-295,-1.475,-0.1887941078399723,5305
-294,-1.47,-0.18923280057825495,5306
-293,-1.465,-0.18967142704261367,5307
-292,-1.46,-0.19012509479869688,5308
-291,-1.455,-0.1905759037631318,5309
-290,-1.45,-0.1910440085085859,5310
-289,-1.445,-0.19151203900183386,5311
-288,-1.44,-0.1919755065143041,5312
-287,-1.435,-0.1924158592642771,5313
-286,-1.43,-0.19273795713391811,5314
-285,-1.425,-0.19306002496165744,5315
-284,-1.42,-0.1933953991790832,5316
-283,-1.415,-0.19375410922059924,5317
-282,-1.41,-0.19422063769706133,5318
-281,-1.405,-0.19468709204257917,5319
-280,-1.4,-0.19512993630859765,5320
-279,-1.395,-0.1955700219805369,5321
-278,-1.39,-0.19606991927593198,5322
-277,-1.385,-0.19656973247175014,5323
-276,-1.38,-0.19707053457731397,5324
-275,-1.375,-0.19757169462003427,5325
-274,-1.37,-0.1980265013701985,5326
-273,-1.365,-0.1984812386380154,5327
-272,-1.36,-0.1989478813536268,5328
-271,-1.355,-0.19941547893630507,5329
-270,-1.35,-0.1999939212190741,5330
-269,-1.345,-0.20057225733240752,5331
-268,-1.34,-0.20115095190879576,5332
-267,-1.335,-0.20172855874844448,5333
-266,-1.33,-0.20223213814840946,5334
-265,-1.325,-0.20273563469503522,5335
-264,-1.32,-0.20322885913489663,5336
-263,-1.315,-0.20371979170561066,5337
-262,-1.31,-0.20423567703220077,5338
-261,-1.305,-0.20475147506138247,5339
-260,-1.3,-0.2052638547956638,5340
-259,-1.295,-0.20577607669417822,5341
-258,-1.29,-0.20636504114894857,5342
-257,-1.285,-0.20695389580565718,5343
-256,-1.28,-0.20755840671472744,5344
-255,-1.275,-0.20816724977742387,5345
-254,-1.27,-0.20876635001579177,5346
-253,-1.265,-0.20936533853965286,5347
-252,-1.26,-0.20996307520088386,5348
-251,-1.255,-0.2105545975932116,5349
-250,-1.25,-0.2111204103869037,5350
-249,-1.245,-0.21168612411544976,5351
-248,-1.24,-0.21228419922518113,5352
-247,-1.235,-0.21287961946627912,5353
-246,-1.23,-0.21350117319022985,5354
-245,-1.225,-0.21412261062275775,5355
-244,-1.22,-0.21469749494710297,5356
-243,-1.215,-0.21527565437098578,5357
-242,-1.21,-0.21587315008378918,5358
-241,-1.205,-0.2164705365159143,5359
-240,-1.2,-0.2170973681825148,5360
-239,-1.195,-0.2177155649826474,5361
-238,-1.19,-0.2182769025408505,5362
-237,-1.185,-0.21883814011427127,5363
-236,-1.18,-0.21938381519726288,5364
-235,-1.175,-0.21993219832588853,5365
-234,-1.17,-0.22053715616709735,5366
-233,-1.165,-0.221142006280217,5367
-232,-1.16,-0.22174573899695138,5368
-231,-1.155,-0.22235943444341955,5369
-230,-1.15,-0.22291593569325388,5370
-229,-1.145,-0.22347233923657853,5371
-228,-1.14,-0.2240252845339971,5372
-227,-1.135,-0.22455716672397755,5373
-226,-1.13,-0.22514998392435548,5374
-225,-1.125,-0.22574269298954824,5375
-224,-1.12,-0.2263642272967899,5376
-223,-1.115,-0.22700517782716784,5377
-222,-1.11,-0.22761994762755028,5378
-221,-1.105,-0.22823460344892663,5379
-220,-1.1,-0.2288237498035089,5380
-219,-1.095,-0.22938671832147917,5381
-218,-1.09,-0.22996760201133337,5382
-217,-1.085,-0.23054838148458792,5383
-216,-1.08,-0.23113260239914182,5384
-215,-1.075,-0.23174200442607681,5385
-214,-1.07,-0.23232263029561812,5386
-213,-1.065,-0.2329031527774354,5387
-212,-1.06,-0.2334691403528137,5388
-211,-1.055,-0.23403903030447024,5389
-210,-1.05,-0.23462397129884008,5390
-209,-1.045,-0.23520880748437964,5391
-208,-1.04,-0.23581569054492987,5392
-207,-1.035,-0.2364203550363045,5393
-206,-1.03,-0.23696238254938606,5394
-205,-1.025,-0.23750431947030556,5395
-204,-1.02,-0.23803628000130325,5396
-203,-1.015,-0.23855845459637903,5397
-202,-1.01,-0.2390892122247487,5398
-201,-1.005,-0.23961988140430443,5399
-200,-1.0,-0.24018919018940024,5400
-199,-0.995,-0.24076765461138463,5401
-198,-0.99,-0.24141912656389938,5402
-197,-0.985,-0.2420704747348148,5403
-196,-0.98,-0.24266889799532237,5404
-195,-0.975,-0.243267951553283,5405
-194,-0.97,-0.2438666218518602,5406
-193,-0.965,-0.2444651853731676,5407
-192,-0.96,-0.24509681857223672,5408
-191,-0.955,-0.2457283674295142,5409
-190,-0.95,-0.24634748513153457,5410
-189,-0.945,-0.24696649126547193,5411
-188,-0.94,-0.2475621732351275,5412
-187,-0.935,-0.24815790074596555,5413
-186,-0.93,-0.2487243297352655,5414
-185,-0.925,-0.2492906610740679,5415
-184,-0.92,-0.249901727987892,5416
-183,-0.915,-0.25051355090486505,5417
-182,-0.91,-0.25110822274168487,5418
-181,-0.905,-0.2517027892114489,5419
-180,-0.9,-0.2522408736223966,5420
-179,-0.895,-0.25277692183603745,5421
-178,-0.89,-0.25331584682293945,5422
-177,-0.885,-0.25385468291490426,5423
-176,-0.88,-0.2543973694232207,5424
-175,-0.875,-0.25493934511961514,5425
-174,-0.87,-0.2555499734463082,5426
-173,-0.865,-0.2561604922346746,5427
-172,-0.86,-0.25677768923131067,5428
-171,-0.855,-0.25739420359208637,5429
-170,-0.85,-0.25799057893386756,5430
-169,-0.845,-0.25858685037850715,5431
-168,-0.84,-0.25918452202799647,5432
-167,-0.835,-0.2597853654270256,5433
-166,-0.83,-0.26039028043712587,5434
-165,-0.825,-0.2609950886511909,5435
-164,-0.82,-0.2615901244283294,5436
-163,-0.815,-0.26218494903298484,5437
-162,-0.81,-0.26277721486440336,5438
-161,-0.805,-0.2633693776050606,5439
-160,-0.8,-0.26395872038695073,5440
-159,-0.795,-0.2645245513329002,5441
-158,-0.79,-0.26502773842817623,5442
-157,-0.785,-0.2655308481086047,5443
-156,-0.78,-0.26606691599753085,5444
-155,-0.775,-0.26662463991468555,5445
-154,-0.77,-0.26722722446895686,5446
-153,-0.765,-0.2678297031257311,5447
-152,-0.76,-0.26840933392131494,5448
-151,-0.755,-0.2689899193540882,5449
-150,-0.75,-0.26959054651721825,5450
-149,-0.745,-0.27019106941279003,5451
-148,-0.74,-0.2708124558623486,5452
-147,-0.735,-0.27143479301633233,5453
-146,-0.73,-0.27197334126469996,5454
-145,-0.725,-0.27251180266874325,5455
-144,-0.72,-0.2730195087195729,5456
-143,-0.715,-0.2735268613596859,5457
-142,-0.71,-0.27410844379374627,5458
-141,-0.705,-0.2746899278590763,5459
-140,-0.7,-0.27527269065783505,5460
-139,-0.695,-0.2758386931191231,5461
-138,-0.69,-0.2763841502609299,5462
-137,-0.685,-0.2769295188916217,5463
-136,-0.68,-0.27748625239518415,5464
-135,-0.675,-0.27805684202751113,5465
-134,-0.67,-0.2786316227149773,5466
-133,-0.665,-0.279206307152181,5467
-132,-0.66,-0.27978266551932196,5468
-131,-0.655,-0.28035970934026627,5469
-130,-0.65,-0.2808494708712233,5470
-129,-0.645,-0.2813391600905784,5471
-128,-0.64,-0.2818746617631104,5472
-127,-0.635,-0.2824087781840354,5473
-126,-0.63,-0.28305808009925704,5474
-125,-0.625,-0.2837072659066209,5475
-124,-0.62,-0.2842975989538685,5476
-123,-0.615,-0.28488633958808807,5477
-122,-0.61,-0.28539208212618966,5478
-121,-0.605,-0.28589774809985846,5479
-120,-0.6,-0.286444099336225,5480
-119,-0.595,-0.2869291403476495,5481
-118,-0.59,-0.2874960009115102,5482
-117,-0.585,-0.28806276831780575,5483
-116,-0.58,-0.28860072192619235,5484
-115,-0.575,-0.2891973397628425,5485
-114,-0.57,-0.28977551744606905,5486
-113,-0.565,-0.2903536011094077,5487
-112,-0.56,-0.2909391509841815,5488
-111,-0.555,-0.29151691769443006,5489
-110,-0.55,-0.29208063458593725,5490
-109,-0.545,-0.2926442598833282,5491
-108,-0.54,-0.29319406999271946,5492
-107,-0.535,-0.29375796859229253,5493
-106,-0.53,-0.2943567000158804,5494
-105,-0.525,-0.2949553302653359,5495
-104,-0.52,-0.2955939942383371,5496
-103,-0.515,-0.29621983925500833,5497
-102,-0.51,-0.2968363901807265,5498
-101,-0.505,-0.29745283509034093,5499
-100,-0.5,-0.2980342876695428,5500
-99,-0.495,-0.29849945381110915,5501
-98,-0.49,-0.2989726427711338,5502
-97,-0.485,-0.29944576574206117,5503
-96,-0.48,-0.29992198409162524,5504
-95,-0.475,-0.3005153823342043,5505
-94,-0.47,-0.3010545188326681,5506
-93,-0.465,-0.3015935735076264,5507
-92,-0.46,-0.30211776991007344,5508
-91,-0.455,-0.3026360179042033,5509
-90,-0.45,-0.30320567523486425,5510
-89,-0.445,-0.3037752403991774,5511
-88,-0.44,-0.3043836615536244,5512
-87,-0.435,-0.30500625031630274,5513
-86,-0.43,-0.3055934492220018,5514
-85,-0.425,-0.3061805511420703,5515
-84,-0.42,-0.3067398175982563,5516
-83,-0.415,-0.3072490122445582,5517
-82,-0.41,-0.3077797583898366,5518
-81,-0.405,-0.3083104237074426,5519
-80,-0.4,-0.3088627107767145,5520
-79,-0.395,-0.3094647708077639,5521
-78,-0.39,-0.310070575984601,5522
-77,-0.385,-0.3106762796695778,5523
-76,-0.38,-0.3112499486962619,5524
-75,-0.375,-0.31182235892993054,5525
-74,-0.37,-0.3123620697222422,5526
-73,-0.365,-0.3129016987100433,5527
-72,-0.36,-0.3134418812317106,5528
-71,-0.355,-0.3139830149717338,5529
-70,-0.35,-0.3145412589667122,5530
-69,-0.345,-0.3150994152310084,5531
-68,-0.34,-0.3156706038971705,5532
-67,-0.335,-0.31622288591304937,5533
-66,-0.33,-0.31679840889084054,5534
-65,-0.325,-0.31737383961817917,5535
-64,-0.32,-0.3179474344664784,5536
-63,-0.315,-0.3185218101019002,5537
-62,-0.31,-0.31905933847677465,5538
-61,-0.305,-0.3195967849525184,5539
-60,-0.3,-0.32015349231673923,5540
-59,-0.295,-0.32072693488544046,5541
-58,-0.29,-0.32126903615301194,5542
-57,-0.285,-0.3218110558265384,5543
-56,-0.28,-0.3223209379533367,5544
-55,-0.275,-0.3228113674195493,5545
-54,-0.27,-0.32329614473333407,5546
-53,-0.265,-0.32378085684751884,5547
-52,-0.26,-0.32430716249849756,5548
-51,-0.255,-0.32485021417663335,5549
-50,-0.25,-0.32541563757225517,5550
-49,-0.245,-0.32598097266746456,5551
-48,-0.24,-0.32651665205528524,5552
-47,-0.235,-0.32703139981093277,5553
-46,-0.23,-0.32758788906971736,5554
-45,-0.225,-0.3281442929891194,5555
-44,-0.22,-0.3287215694585439,5556
-43,-0.215,-0.3293187271938712,5557
-42,-0.21,-0.3299326753940245,5558
-41,-0.205,-0.33054652363248216,5559
-40,-0.2,-0.33112731470582835,5560
-39,-0.195,-0.3317157648746081,5561
-38,-0.19,-0.33230664612656946,5562
-37,-0.185,-0.3328974334274164,5563
-36,-0.18,-0.333502746901127,5564
-35,-0.175,-0.33410321031359347,5565
-34,-0.17,-0.3346868086370053,5566
-33,-0.165,-0.33527031586230227,5567
-32,-0.16,-0.33585435525199747,5568
-31,-0.155,-0.33644502465494747,5569
-30,-0.15,-0.33705667320625854,5570
-29,-0.145,-0.3376682223188361,5571
-28,-0.14,-0.33827635196414263,5572
-27,-0.135,-0.3388783571297098,5573
-26,-0.13,-0.33943533395168596,5574
-25,-0.125,-0.33999222707291643,5575
-24,-0.12,-0.3405435794529762,5576
-23,-0.115,-0.3410985974023503,5577
-22,-0.11,-0.341675065772887,5578
-21,-0.105,-0.3422514440984172,5579
-20,-0.1,-0.34282141490067986,5580
-19,-0.095,-0.34339041997964326,5581
-18,-0.09,-0.3439702465541059,5582
-17,-0.085,-0.3445499823944844,5583
-16,-0.08,-0.34517634409799713,5584
-15,-0.075,-0.3458039204322959,5585
-14,-0.07,-0.34636624778298997,5586
-13,-0.065,-0.34692848948428645,5587
-12,-0.06,-0.3474571349791866,5588
-11,-0.055,-0.347985676879003,5589
-10,-0.05,-0.34860579942860953,5590
-9,-0.045,-0.3492258213959263,5591
-8,-0.04,-0.3498761760988918,5592
-7,-0.035,-0.350525223522804,5593
-6,-0.03,-0.35109578417961135,5594
-5,-0.025,-0.3516662591171762,5595
-4,-0.02,-0.3521950244143537,5596
-3,-0.015,-0.35272541785748246,5597
-2,-0.01,-0.35330876209099454,5598
-1,-0.005,-0.3538920157123204,5599
0,0.0,-0.3544941180673904,5600
1,0.005,-0.354921435655114,5600
2,0.01,-0.3553346994269182,5600
3,0.015,-0.3557480362796611,5600
4,0.02,-0.3561560343239848,5600
5,0.025,-0.3566360679676103,5600
6,0.03,-0.35713087693095846,5600
7,0.035,-0.35762576507819815,5600
8,0.04,-0.358122805160165,5600
9,0.045,-0.3586241299310449,5600
10,0.05,-0.3591234733291713,5600
11,0.055,-0.3596228970186437,5600
12,0.06,-0.36013153844197415,5600
13,0.065,-0.3606376370890565,5600
14,0.07,-0.36107295774150494,5600
15,0.075,-0.36150835510314006,5600
16,0.08,-0.3619200849226971,5600
17,0.085,-0.3623226888594038,5600
18,0.09,-0.36276794564181375,5600
19,0.095,-0.36321328052706764,5600
20,0.1,-0.3637257623836678,5600
21,0.105,-0.36424706336447604,5600
22,0.11,-0.3646371115538246,5600
23,0.115,-0.3650272346865517,5600
24,0.12,-0.3653638979422188,5600
25,0.125,-0.36569178443305633,5600
26,0.13,-0.366062794883303,5600
27,0.135,-0.36643387953563916,5600
28,0.14,-0.36685112081395477,5600
29,0.145,-0.3672670968063566,5600
30,0.15,-0.3675158577531658,5600
31,0.155,-0.36776468462398954,5600
32,0.16,-0.3679623281790655,5600
33,0.165,-0.36816189945567523,5600
34,0.17,-0.36846923839148044,5600
35,0.175,-0.36877664798438575,5600
36,0.18,-0.36916961913063695,5600
37,0.185,-0.3695734141945415,5600
38,0.19,-0.36989943268787395,5600
39,0.195,-0.3702255237739725,5600
40,0.2,-0.37047632827806515,5600
41,0.205,-0.3707177797689963,5600
42,0.21,-0.370791430914695,5600
43,0.215,-0.37086513600303966,5600
44,0.22,-0.37097922500777714,5600
45,0.225,-0.3710785327825112,5600
46,0.23,-0.37150896610101364,5600
47,0.235,-0.371939480997625,5600
48,0.24,-0.3723138313926036,5600
49,0.245,-0.372699665809017,5600
50,0.25,-0.37294922280898596,5600
51,0.255,-0.37319884796043795,5600
52,0.26,-0.37350158884020335,5600
53,0.265,-0.37381513120868015,5600
54,0.27,-0.37473360345966494,5600
55,0.275,-0.37565219723935694,5600
56,0.28,-0.37652583762039815,5600
57,0.285,-0.37738777996546324,5600
58,0.29,-0.3775574951375745,5600
59,0.295,-0.3777272732606359,5600
60,0.3,-0.377936791485437,5600
61,0.305,-0.3781554295122477,5600
62,0.31,-0.37903847994126333,5600
63,0.315,-0.3799216515963303,5600
64,0.32,-0.3807558949699286,5600
65,0.325,-0.38159441855180154,5600
66,0.33,-0.3823706533218013,5600
67,0.335,-0.3831470019440863,5600
68,0.34,-0.3839308652343799,5600
69,0.345,-0.38471664754311313,5600
70,0.35,-0.38555876407775164,5600
71,0.355,-0.38640100122381704,5600
72,0.36,-0.3872561515107766,5600
73,0.365,-0.38808035541716307,5600
74,0.37,-0.38879279918915455,5600
75,0.375,-0.38950535399241304,5600
76,0.38,-0.39020504127485317,5600
77,0.385,-0.3909337649197561,5600
78,0.39,-0.39125860705305243,5600
79,0.395,-0.39158352824260495,5600
80,0.4,-0.39190110367231534,5600
81,0.405,-0.3922205249560616,5600
82,0.41,-0.3922776141340041,5600
83,0.415,-0.3923347597391397,5600
84,0.42,-0.3923881642151071,5600
85,0.425,-0.39244304948197284,5600
86,0.43,-0.39232620514427774,5600
87,0.435,-0.39220940211709066,5600
88,0.44,-0.39213622544924054,5600
89,0.445,-0.3920537327959066,5600
90,0.45,-0.3923257583668439,5600
91,0.455,-0.39259785960218474,5600
92,0.46,-0.3928361723056566,5600
93,0.465,-0.393077187424409,5600
94,0.47,-0.39288884887068304,5600
95,0.475,-0.39270054511658836,5600
96,0.48,-0.3925392030280165,5600
97,0.485,-0.3923738055193923,5600
98,0.49,-0.39220681106955196,5600
99,0.495,-0.39203985310160594,5600
100,0.5,-0.39183598425236454,5600
101,0.505,-0.3916366208990793,5600
102,0.51,-0.3913808741734949,5600
103,0.515,-0.3911251555345655,5600
104,0.52,-0.39092339357396044,5600
105,0.525,-0.3903200648720054,5600
106,0.53,-0.3897064962691932,5600
107,0.535,-0.3890929220731509,5600
108,0.54,-0.3884896294063011,5600
109,0.545,-0.3882724120892705,5600
110,0.55,-0.38804012845860547,5600
111,0.555,-0.38780787420593876,5600
112,0.56,-0.3875211286483241,5600
113,0.565,-0.3864909216647312,5600
114,0.57,-0.38546076353972725,5600
115,0.575,-0.38443055844747603,5600
116,0.58,-0.3833980140540416,5600
117,0.585,-0.3824098401965718,5600
118,0.59,-0.38145671114539925,5600
119,0.595,-0.38050354092965727,5600
120,0.6,-0.37954165744213,5600
121,0.605,-0.3785206668734198,5600
122,0.61,-0.3774745969979446,5600
123,0.615,-0.3764284754157572,5600
124,0.62,-0.3754185525715012,5600
125,0.625,-0.3744224397099145,5600
126,0.63,-0.37342229280836703,5600
127,0.635,-0.37242209708654483,5600
128,0.64,-0.3713974266408119,5600
129,0.645,-0.3703709659098127,5600
130,0.65,-0.369332194341036,5600
131,0.655,-0.3682933685350254,5600
132,0.66,-0.36726038917072623,5600
133,0.665,-0.36622801133377475,5600
134,0.67,-0.3651973855709181,5600
135,0.675,-0.36416670475775303,5600
136,0.68,-0.3631195276753944,5600
137,0.685,-0.3620641431211204,5600
138,0.69,-0.3610198573255268,5600
139,0.695,-0.35997551346423917,5600
140,0.7,-0.3589307536526449,5600
141,0.705,-0.3578811489684427,5600
142,0.71,-0.35683086961032884,5600
143,0.715,-0.3557805299244087,5600
144,0.72,-0.3547441051097953,5600
145,0.725,-0.3537380090148806,5600
146,0.73,-0.35272123035112113,5600
147,0.735,-0.3517043931859274,5600
148,0.74,-0.35068586356028486,5600
149,0.745,-0.34964811086098346,5600
150,0.75,-0.3486100301127,5600
151,0.755,-0.34757188702132163,5600
152,0.76,-0.34657914452160143,5600
153,0.765,-0.34559308420725005,5600
154,0.77,-0.3445705626653882,5600
155,0.775,-0.3435479788001516,5600
156,0.78,-0.34246701391299966,5600
157,0.785,-0.3413689352407235,5600
158,0.79,-0.3403176445769618,5600
159,0.795,-0.33926628687485,5600
160,0.8,-0.3382492320051855,5600
161,0.805,-0.3372318958428017,5600
162,0.81,-0.3361952043767521,5600
163,0.815,-0.3351584457929948,5600
164,0.82,-0.3340993656074656,5600
165,0.825,-0.3330551636114823,5600
166,0.83,-0.3320158518180435,5600
167,0.835,-0.3309764709716815,5600
168,0.84,-0.32994623235833265,5600
169,0.845,-0.3289108349012662,5600
170,0.85,-0.3278774699000306,5600
171,0.855,-0.326844034852158,5600
172,0.86,-0.32579191572823146,5600
173,0.865,-0.32472957312118006,5600
174,0.87,-0.3236818198918622,5600
175,0.875,-0.3226339933631349,5600
176,0.88,-0.32158829321739957,5600
177,0.885,-0.32054449801400375,5600
178,0.89,-0.3194649529840183,5600
179,0.895,-0.31838532941014364,5600
180,0.9,-0.31733894390499445,5600
181,0.905,-0.31632215183151075,5600
182,0.91,-0.3153318364754261,5600
183,0.915,-0.31434145099976046,5600
184,0.92,-0.31332507134915855,5600
185,0.925,-0.31228877699976776,5600
186,0.93,-0.31143689538959357,5600
187,0.935,-0.3105849579458386,5600
188,0.94,-0.3097453572737099,5600
189,0.945,-0.3089550531732114,5600
190,0.95,-0.3080216940042563,5600
191,0.955,-0.3070882682231532,5600
192,0.96,-0.30613376872651543,5600
193,0.965,-0.30511817169264743,5600
194,0.97,-0.30410420378833863,5600
195,0.975,-0.3030901583461753,5600
196,0.98,-0.3021353713133887,5600
197,0.985,-0.3011923013849489,5600
198,0.99,-0.300208696959352,5600
199,0.995,-0.299225016971116,5600
200,1.0,-0.2981960283950153,5600
201,1.005,-0.29716497472266445,5600
202,1.01,-0.2960920257188172,5600
203,1.015,-0.2950189889233427,5600
204,1.02,-0.29401927922058074,5600
205,1.025,-0.2930735195632629,5600
206,1.03,-0.2922067724467784,5600
207,1.035,-0.291339960623227,5600
208,1.04,-0.2903896737339631,5600
209,1.045,-0.2893746502253405,5600
210,1.05,-0.28829636077620635,5600
211,1.055,-0.28721797954028633,5600
212,1.06,-0.28616101129120564,5600
213,1.065,-0.28513617055438306,5600
214,1.07,-0.28413290479142084,5600
215,1.075,-0.28312955469563844,5600
216,1.08,-0.2821311159838007,5600
217,1.085,-0.28111398727267867,5600
218,1.09,-0.2800496939058912,5600
219,1.095,-0.27898530704897223,5600
220,1.1,-0.2779965769191251,5600
221,1.105,-0.2770189106674242,5600
222,1.11,-0.2761184898522953,5600
223,1.115,-0.27521799427086474,5600
224,1.12,-0.2742121942867162,5600
225,1.125,-0.273188872937583,5600
226,1.13,-0.2721406755817246,5600
227,1.135,-0.2710923833942624,5600
228,1.14,-0.27011345622365396,5600
229,1.145,-0.26913651299243174,5600
230,1.15,-0.2681666495778857,5600
231,1.155,-0.26719669958838616,5600
232,1.16,-0.2661684050037072,5600
233,1.165,-0.26515434164701235,5600
234,1.17,-0.26412923306135505,5600
235,1.175,-0.2631040292446691,5600
236,1.18,-0.262092174674957,5600
237,1.185,-0.26107721155445895,5600
238,1.19,-0.2600758721525435,5600
239,1.195,-0.259074438924872,5600
240,1.2,-0.2580485777286605,5600
241,1.205,-0.2570248115900694,5600
242,1.21,-0.25599879170355794,5600
243,1.215,-0.25497267314185235,5600
244,1.22,-0.2539455169989359,5600
245,1.225,-0.25290449222947686,5600
246,1.23,-0.2518321706355353,5600
247,1.235,-0.2507597426101923,5600
248,1.24,-0.24970212353028434,5600
249,1.245,-0.24867073749712792,5600
250,1.25,-0.24765553297525572,5600
251,1.255,-0.24664022784242345,5600
252,1.26,-0.24561853372411208,5600
253,1.265,-0.24457707936397474,5600
254,1.27,-0.24352894811252176,5600
255,1.275,-0.24248071018698772,5600
256,1.28,-0.2414458185621491,5600
257,1.285,-0.24044536938894012,5600
258,1.29,-0.23947327586787145,5600
259,1.295,-0.23850108420634153,5600
260,1.3,-0.23750250675240045,5600
261,1.305,-0.23645505373341394,5600
262,1.31,-0.23539656971722991,5600
263,1.315,-0.2343379742180557,5600
264,1.32,-0.2332913910067052,5600
265,1.325,-0.23228836573176323,5600
266,1.33,-0.23127951265809873,5600
267,1.335,-0.23027055316790757,5600
268,1.34,-0.22926005171547006,5600
269,1.345,-0.22821772128031365,5600
270,1.35,-0.22716639845788497,5600
271,1.355,-0.22611496168860254,5600
272,1.36,-0.2250715085170522,5600
273,1.365,-0.22407976955024603,5600
274,1.37,-0.22304116363364795,5600
275,1.375,-0.2220024438156519,5600
276,1.38,-0.22094811390176772,5600
277,1.385,-0.2198348093792682,5600
278,1.39,-0.2187839427312788,5600
279,1.395,-0.21773295873242635,5600
280,1.4,-0.21668387859380778,5600
281,1.405,-0.21563775048810493,5600
282,1.41,-0.21455420083390087,5600
283,1.415,-0.2134705274650668,5600
284,1.42,-0.21242831419522562,5600
285,1.425,-0.21139776204025118,5600
286,1.43,-0.21041873240728057,5600
287,1.435,-0.20943959218502955,5600
288,1.44,-0.20842587172201474,5600
289,1.445,-0.20741151236274555,5600
290,1.45,-0.2063652317510138,5600
291,1.455,-0.20531882924597558,5600
292,1.46,-0.20434430905376,5600
293,1.465,-0.20339348215149977,5600
294,1.47,-0.2024498062851313,5600
295,1.475,-0.20150602167918472,5600
296,1.48,-0.20047800198213217,5600
297,1.485,-0.19940976226305523,5600
298,1.49,-0.19830035907018728,5600
299,1.495,-0.19719082132886454,5600
300,1.5,-0.1961098394433324,5600
301,1.505,-0.19509103328502372,5600
302,1.51,-0.19411095661749367,5600
303,1.515,-0.19313076260485162,5600
304,1.52,-0.19213604505418375,5600
305,1.525,-0.1911040773285749,5600
306,1.53,-0.1900878717086662,5600
307,1.535,-0.18907154173613816,5600
308,1.54,-0.1880530551241011,5600
309,1.545,-0.1870296168667015,5600
310,1.55,-0.1860138126450696,5600
311,1.555,-0.18499788242754897,5600
312,1.56,-0.1839788241904062,5600
313,1.565,-0.18295055279471756,5600
314,1.57,-0.18187450277319817,5600
315,1.575,-0.1807983159708183,5600
316,1.58,-0.17971174541492013,5600
317,1.585,-0.1786444546234908,5600
318,1.59,-0.17760447278526081,5600
319,1.595,-0.17656435783203842,5600
320,1.6,-0.17554922068445575,5600
321,1.605,-0.17453821429654184,5600
322,1.61,-0.17351194273196957,5600
323,1.615,-0.17248553840536252,5600
324,1.62,-0.17144421361357473,5600
325,1.625,-0.17039304398274374,5600
326,1.63,-0.16936875774026453,5600
327,1.635,-0.16834433730425735,5600
328,1.64,-0.16735274857323762,5600
329,1.645,-0.16646061512976718,5600
330,1.65,-0.16555947445906444,5600
331,1.655,-0.16465821701350417,5600
332,1.66,-0.16371889210042845,5600
333,1.665,-0.1626628093460092,5600
334,1.67,-0.16159407175927684,5600
335,1.675,-0.1605251896205405,5600
336,1.68,-0.15945473488106546,5600
337,1.685,-0.15846349430852155,5600
338,1.69,-0.15748966357045252,5600
339,1.695,-0.15651570143837795,5600
340,1.7,-0.1555534109289069,5600
341,1.705,-0.15453780774790254,5600
342,1.71,-0.15349250885909227,5600
343,1.715,-0.15244706556645912,5600
344,1.72,-0.1514058343968249,5600
345,1.725,-0.15036826815333898,5600
346,1.73,-0.1493788612906591,5600
347,1.735,-0.1483893171865469,5600
348,1.74,-0.14738335758907337,5600
349,1.745,-0.1463978091854197,5600
350,1.75,-0.14535885437219914,5600
351,1.755,-0.14431975264191046,5600
352,1.76,-0.1432841008341421,5600
353,1.765,-0.14222855758202635,5600
354,1.77,-0.1411932590647033,5600
355,1.775,-0.14015781244424735,5600
356,1.78,-0.1391457940025818,5600
357,1.785,-0.13817952989233592,5600
358,1.79,-0.13718961655575887,5600
359,1.795,-0.136199560775388,5600
360,1.8,-0.13519344522356075,5600
361,1.805,-0.13412085261353682,5600
362,1.81,-0.13308664295619843,5600
363,1.815,-0.1320522818460326,5600
364,1.82,-0.13103839793859895,5600
365,1.825,-0.13009707914598018,5600
366,1.83,-0.12915125431675242,5600
367,1.835,-0.12820529093165012,5600
368,1.84,-0.12722492770608795,5600
369,1.845,-0.12619326743763876,5600
370,1.85,-0.12514693811164673,5600
371,1.855,-0.12410045179248481,5600
372,1.86,-0.12305409334760437,5600
373,1.865,-0.12209417075077185,5600
374,1.87,-0.12113635065166575,5600
375,1.875,-0.1201783866544222,5600
376,1.88,-0.1192324990500264,5600
377,1.885,-0.11818202061074766,5600
378,1.89,-0.11714345246571152,5600
379,1.895,-0.11610472507166804,5600
380,1.9,-0.11506571496944917,5600
381,1.905,-0.11410841717151848,5600
382,1.91,-0.11315193056808553,5600
383,1.915,-0.11219529692980468,5600
384,1.92,-0.11122843284190036,5600
385,1.925,-0.1101955785405817,5600
386,1.93,-0.10911501377616514,5600
387,1.935,-0.10803427898263461,5600
388,1.94,-0.10694973630468596,5600
389,1.945,-0.1059501108072111,5600
390,1.95,-0.10498468129284479,5600
391,1.955,-0.10401909979625283,5600
392,1.96,-0.10307868879138772,5600
393,1.965,-0.10203233156170832,5600
394,1.97,-0.10095692996006818,5600
395,1.975,-0.09988135552366828,5600
396,1.98,-0.09879141664778689,5600
397,1.985,-0.09777344630918951,5600
398,1.99,-0.09680049756086927,5600
399,1.995,-0.09582739207224794,5600
400,2.0,-0.09487494647807543,5600
401,2.005,-0.09395898997354254,5599
402,2.01,-0.09302065564497658,5598
403,2.015,-0.09208188536947692,5597
404,2.02,-0.09111670094557209,5596
405,2.025,-0.09022514490172066,5595
406,2.03,-0.08933562318199569,5594
407,2.035,-0.08844568676534721,5593
408,2.04,-0.0875748529259254,5592
409,2.045,-0.08664806034774068,5591
410,2.05,-0.08571863997251802,5590
411,2.055,-0.08478879505006531,5589
412,2.06,-0.08384464089545267,5588
413,2.065,-0.08292063158050154,5587
414,2.07,-0.0819996804505395,5586
415,2.075,-0.08107829851052951,5585
416,2.08,-0.08021585977980965,5584
417,2.085,-0.07941743300453702,5583
418,2.09,-0.0786584707767984,5582
419,2.095,-0.07789914218577912,5581
420,2.1,-0.07706874772895063,5580
421,2.105,-0.07613245429897568,5579
422,2.11,-0.07510330988585404,5578
423,2.115,-0.07407368762439416,5577
424,2.12,-0.07308021793214131,5576
425,2.125,-0.07213297833369922,5575
426,2.13,-0.07124065320362738,5574
427,2.135,-0.0703479124310892,5573
428,2.14,-0.06944801792789321,5572
429,2.145,-0.06850303071286688,5571
430,2.15,-0.06750695961083117,5570
431,2.155,-0.06651044228265293,5569
432,2.16,-0.06549620755328817,5568
433,2.165,-0.06455396159258991,5567
434,2.17,-0.06369438876279909,5566
435,2.175,-0.06283440699424547,5565
436,2.18,-0.062040212858888874,5564
437,2.185,-0.061183984815446485,5563
438,2.19,-0.060213059750951384,5562
439,2.195,-0.05924168018526883,5561
440,2.2,-0.05819119630080205,5560
441,2.205,-0.05714127767405668,5559
442,2.21,-0.056174825827010784,5558
443,2.215,-0.05520791541918896,5557
444,2.22,-0.05424269972247943,5556
445,2.225,-0.05328935032814945,5555
446,2.23,-0.05229054310880875,5554
447,2.235,-0.051291265847079055,5553
448,2.24,-0.050299815345534085,5552
449,2.245,-0.049308239901981375,5551
450,2.25,-0.048365737563574276,5550
451,2.255,-0.04742278154168016,5549
452,2.26,-0.04648089512946561,5548
453,2.265,-0.045567214174922564,5547
454,2.27,-0.044611502029817326,5546
455,2.275,-0.04365532873670372,5545
456,2.28,-0.04268584890144149,5544
457,2.285,-0.04176604030943045,5543
458,2.29,-0.040892009089341166,5542
459,2.295,-0.04001754943130197,5541
460,2.3,-0.039142503621237446,5540
461,2.305,-0.03834386699959999,5539
462,2.31,-0.037496446050109905,5538
463,2.315,-0.03664863420927255,5537
464,2.32,-0.035817876466622815,5536
465,2.325,-0.03485343041591777,5535
466,2.33,-0.03395058629118283,5534
467,2.335,-0.03304730770442791,5533
468,2.34,-0.032137187002313106,5532
469,2.345,-0.03137895655379441,5531
470,2.35,-0.030605310279630316,5530
471,2.355,-0.029831274543310478,5529
472,2.36,-0.029116368283676076,5528
473,2.365,-0.028213025949621395,5527
474,2.37,-0.027305197623475743,5526
475,2.375,-0.02639693985668126,5525
476,2.38,-0.025417903733543412,5524
477,2.385,-0.024506927716771782,5523
478,2.39,-0.023614356459544027,5522
479,2.395,-0.02272135789740673,5521
480,2.4,-0.02183323275687686,5520
481,2.405,-0.020864171779990205,5519
482,2.41,-0.0198870699917353,5518
483,2.415,-0.018909516208133036,5517
484,2.42,-0.017938280241538658,5516
485,2.425,-0.017049610804392247,5515
486,2.43,-0.01618855032923281,5514
487,2.435,-0.015327070137385738,5513
488,2.44,-0.014470795881201983,5512
489,2.445,-0.013526060437674549,5511
490,2.45,-0.012523882611778722,5510
491,2.455,-0.011521222469023186,5509
492,2.46,-0.010503708092271458,5508
493,2.465,-0.009547901504810125,5507
494,2.47,-0.008607989866911518,5506
495,2.475,-0.007667611303695181,5505
496,2.48,-0.0067239540088567746,5504
497,2.485,-0.005718265054197989,5503
498,2.49,-0.00468178519822746,5502
499,2.495,-0.0036448329564593394,5501
500,2.5,-0.0026571173674519327,5500
501,2.505,-0.0016866357934679232,5499
502,2.51,-0.0007660946767228509,5498
503,2.515,0.0001549045170920599,5497
504,2.52,0.0011152866272097419,5496
505,2.525,0.002086729087138997,5495
506,2.53,0.003122144738467425,5494
507,2.535,0.0041580706703563605,5493
508,2.54,0.005183797439867524,5492
509,2.545,0.0062205217649087124,5491
510,2.55,0.0072721016344504735,5490
511,2.555,0.008324202723142078,5489
512,2.56,0.00939714285168909,5488
513,2.565,0.0104345362136271,5487
514,2.57,0.011415605577351946,5486
515,2.575,0.012397161714880669,5485
516,2.58,0.01337890868590716,5484
517,2.585,0.014386561956053383,5483
518,2.59,0.015388927803940576,5482
519,2.595,0.01639179799682336,5481
520,2.6,0.017364036985577678,5480
521,2.605,0.01828396758138752,5479
522,2.61,0.019193500472237605,5478
523,2.615,0.020103499649762758,5477
524,2.62,0.02102008062217233,5476
525,2.625,0.022001394530214664,5475
526,2.63,0.023013109869733345,5474
527,2.635,0.024025335701561644,5473
528,2.64,0.02501328286540415,5472
529,2.645,0.02599625474427089,5471
530,2.65,0.026958636148833873,5470
531,2.655,0.02792150957273489,5469
532,2.66,0.028894316280833814,5468
533,2.665,0.029852708936159107,5467
534,2.67,0.03082470151543667,5466
535,2.675,0.031797192465223265,5465
536,2.68,0.03278070334837405,5464
537,2.685,0.03377389230068548,5463
538,2.69,0.034752245298188204,5462
539,2.695,0.03573109401072261,5461
540,2.7,0.036722900251161074,5460
541,2.705,0.0376519048543453,5459
542,2.71,0.038582371404488884,5458
543,2.715,0.03951332102312688,5457
544,2.72,0.04037519999539041,5456
545,2.725,0.04131034111427162,5455
546,2.73,0.04221890839143714,5454
547,2.735,0.04312795174440507,5453
548,2.74,0.044108902455841245,5452
549,2.745,0.04506498286848691,5451
550,2.75,0.04605688304290189,5450
551,2.755,0.0470492971706253,5449
552,2.76,0.04800862903275986,5448
553,2.765,0.048981310757444115,5447
554,2.77,0.05000649346446375,5446
555,2.775,0.05103220641067233,5445
556,2.78,0.05209183360652171,5444
557,2.785,0.05311231597053881,5443
558,2.79,0.054073172861423796,5442
559,2.795,0.05503453201498749,5441
560,2.8,0.05598661120496011,5440
561,2.805,0.056988445577864234,5439
562,2.81,0.05802742236574356,5438
563,2.815,0.05906693161400713,5437
564,2.82,0.06013382757940591,5436
565,2.825,0.061115278396384656,5435
566,2.83,0.062049422193094624,5434
567,2.835,0.06298406136991794,5433
568,2.84,0.06391137388976335,5432
569,2.845,0.06486069772284488,5431
570,2.85,0.06583801517985971,5430
571,2.855,0.06681584891969805,5429
572,2.86,0.06778458272802511,5428
573,2.865,0.06880695271114896,5427
574,2.87,0.06981242628088732,5426
575,2.875,0.07081843065300478,5425
576,2.88,0.07182686635864777,5424
577,2.885,0.07283681053357964,5423
578,2.89,0.07384636126731406,5422
579,2.895,0.07485644094993457,5421
580,2.9,0.07578628207118931,5420
581,2.905,0.07673020907407484,5419
582,2.91,0.07770433028835408,5418
583,2.915,0.07867896709444563,5417
584,2.92,0.07974742991644229,5416
585,2.925,0.0807700463726862,5415
586,2.93,0.0817050615881987,5414
587,2.935,0.08264057883252918,5413
588,2.94,0.08357519168528123,5412
589,2.945,0.08454568106117155,5411
590,2.95,0.0855957459960622,5410
591,2.955,0.08664636884175245,5409
592,2.96,0.08769143035590837,5408
593,2.965,0.08866914697073319,5407
594,2.97,0.08961093647658865,5406
595,2.975,0.09055323700693761,5405
596,2.98,0.09147946333065111,5404
597,2.985,0.09248661224900184,5403
598,2.99,0.0935731953213556,5402
599,2.995,0.09466035638989025,5401
600,3.0,0.09577455527183179,5400
601,3.005,0.09688722404794539,5399
602,3.01,0.09794165202917196,5398
603,3.015,0.09899662604290199,5397
604,3.02,0.10005109536299625,5396
605,3.025,0.10109214363558369,5395
606,3.03,0.1020904134799491,5394
607,3.035,0.10308922143692163,5393
608,3.04,0.10406576506047578,5392
609,3.045,0.1050463170660294,5391
610,3.05,0.10606611376827993,5390
611,3.055,0.10708646035500974,5389
612,3.06,0.10811942655481373,5388
613,3.065,0.10907739042225287,5387
614,3.07,0.11002005554656423,5386
615,3.075,0.11096324011552054,5385
616,3.08,0.11187649224801671,5384
617,3.085,0.11289415567979277,5383
618,3.09,0.11395747903144082,5382
619,3.095,0.11502132433440326,5381
620,3.1,0.11612775008668746,5380
621,3.105,0.11721249651895514,5379
622,3.11,0.11832913452754931,5378
623,3.115,0.11944636925597547,5377
624,3.12,0.12056543170584419,5376
625,3.125,0.12167934230902847,5375
626,3.13,0.12273043920262097,5374
627,3.135,0.12378210719245002,5373
628,3.14,0.12482097694889857,5372
629,3.145,0.125846102073312,5371
630,3.15,0.12695160350343485,5370
631,3.155,0.12805770452555462,5369
632,3.16,0.1291658712298578,5368
633,3.165,0.13029737699157573,5367
634,3.17,0.13136651246111877,5366
635,3.175,0.1324362305036903,5365
636,3.18,0.1335129432283531,5364
637,3.185,0.13455903823983384,5363
638,3.19,0.13559945393821138,5362
639,3.195,0.13664044551886997,5361
640,3.2,0.1376877891805434,5360
641,3.205,0.13868423106403735,5359
642,3.21,0.13964913797389833,5358
643,3.215,0.14061458409353297,5357
644,3.22,0.14153801003038097,5356
645,3.225,0.14253372254452162,5355
646,3.23,0.14355403331582361,5354
647,3.235,0.14457491300185868,5353
648,3.24,0.14561769468755806,5352
649,3.245,0.14656823249755954,5351
650,3.25,0.1475171960767928,5350
651,3.255,0.1484666990278324,5349
652,3.26,0.14940796889650593,5348
653,3.265,0.1504488425885339,5347
654,3.27,0.15149669148275607,5346
655,3.275,0.152545128250051,5345
656,3.28,0.15357131298618848,5344
657,3.285,0.15458738705641387,5343
658,3.29,0.15559924501492442,5342
659,3.295,0.15661167195819717,5341
660,3.3,0.15766846606169427,5340
661,3.305,0.1587151100864325,5339
662,3.31,0.15975595923049396,5338
663,3.315,0.16079739024455403,5337
664,3.32,0.16182270614420957,5336
665,3.325,0.16286232989120022,5335
666,3.33,0.16392189977400376,5334
667,3.335,0.16498206817377237,5333
668,3.34,0.1659932925142089,5332
669,3.345,0.1669989972109318,5331
670,3.35,0.16800210289420442,5330
671,3.355,0.1690057836344447,5329
672,3.36,0.16999857549600803,5328
673,3.365,0.1710098417361661,5327
674,3.37,0.17203167025665778,5326
675,3.375,0.17305408369702807,5325
676,3.38,0.17413473388587453,5324
677,3.385,0.1751720535117086,5323
678,3.39,0.176191790456564,5322
679,3.395,0.17721209800674637,5321
680,3.4,0.17821526810368543,5320
681,3.405,0.17925161205574275,5319
682,3.41,0.18029315093521037,5318
683,3.415,0.18133528533882037,5317
684,3.42,0.1823255619883621,5316
685,3.425,0.18325565299817792,5315
686,3.43,0.18422922644709092,5314
687,3.435,0.18520336582340846,5313
688,3.44,0.18611774126459138,5312
689,3.445,0.18709456966802573,5311
690,3.45,0.18803632736339207,5310
691,3.455,0.188978636122787,5309
692,3.46,0.18987333807935913,5308
693,3.465,0.190771299822842,5307
694,3.47,0.19174773267344308,5306
695,3.475,0.19272473789485622,5305
696,3.48,0.19372646217102873,5304
697,3.485,0.19472478441853802,5303
698,3.49,0.19563548663004204,5302
699,3.495,0.19654673212927734,5301
700,3.5,0.19757968747752588,5300
701,3.505,0.19858690192848769,5299
702,3.51,0.19961996721354175,5298
703,3.515,0.2006536083713585,5297
704,3.52,0.20159340653841784,5296
705,3.525,0.2025722225541099,5295
706,3.53,0.20345495614836462,5294
707,3.535,0.20433821719943207,5293
708,3.54,0.2053460293046117,5292
709,3.545,0.2063297473827242,5291
710,3.55,0.2073886180795223,5290
711,3.555,0.20844810069783426,5289
712,3.56,0.20941623982337954,5288
713,3.565,0.210335240740595,5287
714,3.57,0.21126076614021144,5286
715,3.575,0.21218684739141933,5285
716,3.58,0.213127551209987,5284
717,3.585,0.21414097608053917,5283
718,3.59,0.2151385583299259,5282
719,3.595,0.2161367056371223,5281
720,3.6,0.21722936922987252,5280
721,3.605,0.2182671798415551,5279
722,3.61,0.21931966257678195,5278
723,3.615,0.22037271249131277,5277
724,3.62,0.22141281905662288,5276
725,3.625,0.22251181555687988,5275
726,3.63,0.22360439639228966,5274
727,3.635,0.22469760777332817,5273
728,3.64,0.22582146771875752,5272
729,3.645,0.22694755943849182,5271
730,3.65,0.22809276473359547,5270
731,3.655,0.2292386335449394,5269
732,3.66,0.23034494080890539,5268
733,3.665,0.2314434781120131,5267
734,3.67,0.2325124061754562,5266
735,3.675,0.23358194395796297,5265
736,3.68,0.23467834155221348,5264
737,3.685,0.23577270764015376,5263
738,3.69,0.23686790403971944,5262
739,3.695,0.23796374573667536,5261
740,3.7,0.2390118853937374,5260
741,3.705,0.2400725008208186,5259
742,3.71,0.24115761155520885,5258
743,3.715,0.24224336441590924,5257
744,3.72,0.24338823294587136,5256
745,3.725,0.24452899461020325,5255
746,3.73,0.24564983668127005,5254
747,3.735,0.24677134905728865,5253
748,3.74,0.2478954583941675,5252
749,3.745,0.2489905157118371,5251
750,3.75,0.25006308219987355,5250
751,3.755,0.2511362951346773,5249
752,3.76,0.2521972835284587,5248
753,3.765,0.25329067602150385,5247
754,3.77,0.25440632858829987,5246
755,3.775,0.25552261267041454,5245
756,3.78,0.25664033427064153,5244
757,3.785,0.25767644346303425,5243
758,3.79,0.2587517987685273,5242
759,3.795,0.25982780040837905,5241
760,3.8,0.26088935553810466,5240
761,3.805,0.2620389732113991,5239
762,3.81,0.26315459146436054,5238
763,3.815,0.2642708862616296,5237
764,3.82,0.26541781107639123,5236
765,3.825,0.2665359081991653,5235
766,3.83,0.26768027951673284,5234
767,3.835,0.26882534562123633,5233
768,3.84,0.2699396243041688,5232
769,3.845,0.2710679971537271,5231
770,3.85,0.272159677001414,5230
771,3.855,0.2732520248359002,5229
772,3.86,0.274365885522489,5228
773,3.865,0.27547334622694786,5227
774,3.87,0.2765985031408186,5226
775,3.875,0.277724344137263,5225
776,3.88,0.2788313295291458,5224
777,3.885,0.2799461145623869,5223
778,3.89,0.281041289422881,5222
779,3.895,0.2821371417664043,5221
780,3.9,0.2832638368103426,5220
781,3.905,0.2843991913253092,5219
782,3.91,0.28556691620735997,5218
783,3.915,0.2867353587633093,5217
784,3.92,0.28790458283086684,5216
785,3.925,0.2890471096814321,5215
786,3.93,0.2901802653750818,5214
787,3.935,0.29131406709532837,5213
788,3.94,0.2924217881409483,5212
789,3.945,0.29354009645342266,5211
790,3.95,0.2946571863246635,5210
791,3.955,0.29577496952694105,5209
792,3.96,0.2969082757647042,5208
793,3.965,0.2979371901469907,5207
794,3.97,0.298984946388169,5206
795,3.975,0.3000333552776566,5205
796,3.98,0.30102642647063355,5204
797,3.985,0.3021176189117871,5203
798,3.99,0.30319527711761296,5202
799,3.995,0.30427360650197793,5201
800,4.0,0.3054197355366045,5200
801,4.005,0.3064573531992453,5199
802,4.01,0.3075134451998276,5198
803,4.015,0.30857019659564283,5197
804,4.02,0.3096262555333937,5196
805,4.025,0.31072179135924816,5195
806,4.03,0.31179320679381567,5194
807,4.035,0.3128653016976981,5193
808,4.04,0.3139249044870573,5192
809,4.045,0.3149307123332778,5191
810,4.05,0.3155123593710455,5190
811,4.055,0.31609442471395693,5189
812,4.06,0.3166797671228421,5188
813,4.065,0.31721893324535944,5187
814,4.07,0.3181699042208096,5186
815,4.075,0.3191214873902346,5185
816,4.08,0.32007704423103495,5184
817,4.085,0.32110387004907065,5183
818,4.09,0.321367048244385,5182
819,4.095,0.3216304915174691,5181
820,4.1,0.3219042226150423,5180
821,4.105,0.32212241619037013,5179
822,4.11,0.3223143923222434,5178
823,4.115,0.32250659612636995,5177
824,4.12,0.3226542175470298,5176
825,4.125,0.3229240502633089,5175
826,4.13,0.3231551499047434,5174
827,4.135,0.3233864923786659,5173
828,4.14,0.3236496506940263,5172
829,4.145,0.32379483401119175,5171
830,4.15,0.32394701668331016,5170
831,4.155,0.32409940584375674,5169
832,4.16,0.32416721582983565,5168
833,4.165,0.3242653118475952,5167
834,4.17,0.3243569634952579,5166
835,4.175,0.3244487802779003,5165
836,4.18,0.3246374583463571,5164
837,4.185,0.3248284617029494,5163
838,4.19,0.3250857656457346,5162
839,4.195,0.3253433288698156,5161
840,4.2,0.3255449254517696,5160
841,4.205,0.325760978376982,5159
842,4.21,0.3258883106702038,5158
843,4.215,0.32601583763760034,5157
844,4.22,0.32618607520066895,5156
845,4.225,0.326157927952885,5155
846,4.23,0.32611458857698233,5154
847,4.235,0.32607135601199677,5153
848,4.24,0.32599012575615166,5152
849,4.245,0.325787953870038,5151
850,4.25,0.32563793295742627,5150
851,4.255,0.3254879628336644,5149
852,4.26,0.3253907279476307,5148
853,4.265,0.32521784358293754,5147
854,4.27,0.32502848896639586,5146
855,4.275,0.324839164121618,5145
856,4.28,0.32464155721757043,5144
857,4.285,0.324235937241612,5143
858,4.29,0.32381936904988184,5142
859,4.295,0.3234027076717303,5141
860,4.3,0.3229808706235734,5140
861,4.305,0.3229932821798148,5139
862,4.31,0.3229915568975835,5138
863,4.315,0.32298996224641136,5137
864,4.32,0.3229850686614375,5136
865,4.325,0.32251282919091834,5135
866,4.33,0.3220593457623046,5134
867,4.335,0.32160574981586726,5133
868,4.34,0.32114848789587713,5132
869,4.345,0.32067612709199594,5131
870,4.35,0.3202135494342163,5130
871,4.355,0.3197508529878278,5129
872,4.36,0.3193093821580252,5128
873,4.365,0.3188160970100598,5127
874,4.37,0.31838119477865007,5126
875,4.375,0.31794618825106796,5125
876,4.38,0.3174959847705999,5124
877,4.385,0.31702437058958177,5123
878,4.39,0.31646381462664064,5122
879,4.395,0.31590309214399814,5121
880,4.4,0.3153452097168128,5120
881,4.405,0.3147839112659691,5119
882,4.41,0.31423169220239977,5118
883,4.415,0.3136793050877995,5117
884,4.42,0.31311614461385845,5116
885,4.425,0.3125426935692047,5115
886,4.43,0.3120097574585954,5114
887,4.435,0.3114766618704601,5113
888,4.44,0.31096425221795976,5112
889,4.445,0.31045126011159513,5111
890,4.45,0.30990361339416655,5110
891,4.455,0.3093557992389924,5109
892,4.46,0.30880785552389134,5108
893,4.465,0.3082583870051906,5107
894,4.47,0.3077668977837135,5106
895,4.475,0.30727527044451836,5105
896,4.48,0.30676263737728887,5104
897,4.485,0.30625813746405295,5103
898,4.49,0.3056767109558544,5102
899,4.495,0.30509510176198157,5101
900,4.5,0.30451746159847864,5100
901,4.505,0.3039328456328569,5099
902,4.51,0.3034192726279652,5098
903,4.515,0.3029055483312778,5097
904,4.52,0.30235871205321696,5096
905,4.525,0.3018127826598292,5095
906,4.53,0.3012232848585135,5094
907,4.535,0.3006335953458894,5093
908,4.54,0.300091755584421,5092
909,4.545,0.29954772724682227,5091
910,4.55,0.2990714111879974,5090
911,4.555,0.2985949639334255,5089
912,4.56,0.2980900631768731,5088
913,4.565,0.2975882569557216,5087
914,4.57,0.29699444515603257,5086
915,4.575,0.29640043762940854,5085
916,4.58,0.2958048368972134,5084
917,4.585,0.2952082599344697,5083
918,4.59,0.2946508705230988,5082
919,4.595,0.29409330358450736,5081
920,4.6,0.2935514988005957,5080
921,4.605,0.29301117414924965,5079
922,4.61,0.2924838876997549,5078
923,4.615,0.29195643909098273,5077
924,4.62,0.29135520839236656,5076
925,4.625,0.29074897555799717,5075
926,4.63,0.290147266714927,5074
927,4.635,0.28954535251806834,5073
928,4.64,0.2890338955988636,5072
929,4.645,0.2885210151179101,5071
930,4.65,0.28801620477613,5070
931,4.655,0.2875112432347572,5069
932,4.66,0.28698027085940286,5068
933,4.665,0.28644937174630875,5067
934,4.67,0.2859077653876005,5066
935,4.675,0.2853659860211755,5065
936,4.68,0.28483447039252097,5064
937,4.685,0.28430463287110586,5063
938,4.69,0.2837824916326866,5062
939,4.695,0.2832601880418729,5061
940,4.7,0.28273598747902234,5060
941,4.705,0.28221183620753404,5059
942,4.71,0.28166718519623296,5058
943,4.715,0.28112235937457236,5057
944,4.72,0.2805796241863157,5056
945,4.725,0.2800475937812243,5055
946,4.73,0.2795934814149814,5054
947,4.735,0.27913924468676377,5053
948,4.74,0.27869849125750806,5052
949,4.745,0.2782466611088096,5051
950,4.75,0.27770333911102557,5050
951,4.755,0.27715984033980984,5049
952,4.76,0.27656507218868986,5048
953,4.765,0.27597100171712596,5047
954,4.77,0.27544477555046804,5046
955,4.775,0.2749183817408118,5045
956,4.78,0.27443199023882053,5044
957,4.785,0.2739435933376209,5043
958,4.79,0.27339285755417714,5042
959,4.795,0.2728419394799142,5041
960,4.8,0.272282909525059,5040
961,4.805,0.27173542190618555,5039
962,4.81,0.2712385934363495,5038
963,4.815,0.27074161400638314,5037
964,4.82,0.27026275715955933,5036
965,4.825,0.26977560429177727,5035
966,4.83,0.2692037697842216,5034
967,4.835,0.26863173977289156,5033
968,4.84,0.2680602091411784,5032
969,4.845,0.2674836722847713,5031
970,4.85,0.266967186753464,5030
971,4.855,0.2664505366342312,5029
972,4.86,0.2658818463766449,5028
973,4.865,0.265314079553401,5027
974,4.87,0.26471115804723233,5026
975,4.875,0.26410802019731067,5025
976,4.88,0.2635389668828851,5024
977,4.885,0.26297761533373826,5023
978,4.89,0.26248039490498665,5022
979,4.895,0.261983020123815,5021
980,4.9,0.26148598761170894,5020
981,4.905,0.26098180166823964,5019
982,4.91,0.2605003267956491,5018
983,4.915,0.2600187060537146,5017
984,4.92,0.25955127913912757,5016
985,4.925,0.2590841953055583,5015
986,4.93,0.2585154351444811,5014
987,4.935,0.2579464778527062,5013
988,4.94,0.25736957846753333,5012
989,4.945,0.256789917191941,5011
990,4.95,0.25622311032813977,5010
991,4.955,0.2556561055269297,5009
992,4.96,0.255043991779371,5008
993,4.965,0.25444091049002093,5007
994,4.97,0.2538455356933245,5006
995,4.975,0.2532499448350156,5005
996,4.98,0.25267608320121715,5004
997,4.985,0.2520947002219313,5003
998,4.99,0.25155799797385764,5002
999,4.995,0.2510211142085703,5001
1000,5.0,0.25043114346881207,5000
1001,5.005,0.24984559745552465,4999
1002,5.01,0.24918526493218232,4998
1003,5.015,0.24852468068524455,4997
1004,5.02,0.24782901569159488,4996
1005,5.025,0.24712972518574933,4995
1006,5.03,0.24650466857818631,4994
1007,5.035,0.24587937552055092,4993
1008,5.04,0.24517050103882798,4992
1009,5.045,0.2444653093036364,4991
1010,5.05,0.24374324636667227,4990
1011,5.055,0.24302088725588003,4989
1012,5.06,0.24238467401274963,4988
1013,5.065,0.2417438727836211,4987
1014,5.07,0.2410820660143489,4986
1015,5.075,0.24041999829713231,4985
1016,5.08,0.23965923082512378,4984
1017,5.085,0.23889851469640883,4983
1018,5.09,0.23816076144118742,4982
1019,5.095,0.23742270073074018,4981
1020,5.1,0.23659876701793378,4980
1021,5.105,0.23577244514108428,4979
1022,5.11,0.23492318139581606,4978
1023,5.115,0.2340735397897629,4977
1024,5.12,0.23346625621688805,4976
1025,5.125,0.23286334980745504,4975
1026,5.13,0.2322644102939388,4974
1027,5.135,0.2316652447192404,4973
1028,5.14,0.23098231432064947,4972
1029,5.145,0.23029821396113542,4971
1030,5.15,0.22961725784107884,4970
1031,5.155,0.22893602545591865,4969
1032,5.16,0.2281154509185881,4968
1033,5.165,0.22729208299239922,4967
1034,5.17,0.22657952439348358,4966
1035,5.175,0.22586666813115977,4965
1036,5.18,0.22522526328236767,4964
1037,5.185,0.22458483760028514,4963
1038,5.19,0.2238014702853108,4962
1039,5.195,0.2230177597038953,4961
1040,5.2,0.22210603972762355,4960
1041,5.205,0.22119350787194186,4959
1042,5.21,0.2203694989335158,4958
1043,5.215,0.2195451220117581,4957
1044,5.22,0.21871248756225878,4956
1045,5.225,0.2178805164804583,4955
1046,5.23,0.21702722408582126,4954
1047,5.235,0.21617354628578864,4953
1048,5.24,0.21528157339898105,4952
1049,5.245,0.21438829803974577,4951
1050,5.25,0.21348025424363445,4950
1051,5.255,0.21257178624425668,4949
1052,5.26,0.21174643167816348,4948
1053,5.265,0.21092450842865762,4947
1054,5.27,0.21013552642699682,4946
1055,5.275,0.20934619223137937,4945
1056,5.28,0.20820363761388594,4944
1057,5.285,0.20708275104612436,4943
1058,5.29,0.205965599439968,4942
1059,5.295,0.20484788945827492,4941
1060,5.3,0.20350087820577842,4940
1061,5.305,0.20213288092039575,4939
1062,5.31,0.20076979487453217,4938
1063,5.315,0.19940599253229876,4937
1064,5.32,0.19803651874756129,4936
1065,5.325,0.19666295560753033,4935
1066,5.33,0.19522089442445553,4934
1067,5.335,0.1937780798944343,4933
1068,5.34,0.19229997964779044,4932
1069,5.345,0.19081836793350324,4931
1070,5.35,0.1894836226339182,4930
1071,5.355,0.188148180420365,4929
1072,5.36,0.18680904556618122,4928
1073,5.365,0.18546962635085332,4927
1074,5.37,0.18408301612223724,4926
1075,5.375,0.18269566914522395,4925
1076,5.38,0.18131592350164927,4924
1077,5.385,0.179958670928387,4923
1078,5.39,0.1786398754476332,4922
1079,5.395,0.17732038943017878,4921
1080,5.4,0.17598985797943023,4920
1081,5.405,0.17464854140566632,4919
1082,5.41,0.17319570716108462,4918
1083,5.415,0.1717420870427342,4917
1084,5.42,0.17029191159649235,4916
1085,5.425,0.16883396652922533,4915
1086,5.43,0.167536369159542,4914
1087,5.435,0.16623808645886884,4913
1088,5.44,0.1649332018930771,4912
1089,5.445,0.16362389140413103,4911
1090,5.45,0.1623035099898408,4910
1091,5.455,0.16098241990923823,4909
1092,5.46,0.15966441048097024,4908
1093,5.465,0.15834443807361195,4907
1094,5.47,0.1571729737600344,4906
1095,5.475,0.15600089328127806,4905
1096,5.48,0.15488795543672915,4904
1097,5.485,0.153779437577805,4903
1098,5.49,0.15252305768551205,4902
1099,5.495,0.1512660014188199,4901
1100,5.5,0.1499500960780391,4900
1101,5.505,0.14862493945918023,4899
1102,5.51,0.14724716166597618,4898
1103,5.515,0.1458686271924103,4897
1104,5.52,0.1444847754470137,4896
1105,5.525,0.1431005069189842,4895
1106,5.53,0.14170878980848742,4894
1107,5.535,0.14031630733374156,4893
1108,5.54,0.13892206760637726,4892
1109,5.545,0.13754146555352134,4891
1110,5.55,0.13611096170692363,4890
1111,5.555,0.13467966877018991,4889
1112,5.56,0.13325214701799842,4888
1113,5.565,0.1318125238210131,4887
1114,5.57,0.13041910991548905,4886
1115,5.575,0.12902491868494897,4885
1116,5.58,0.12763185451076645,4884
1117,5.585,0.12623522290320666,4883
1118,5.59,0.12484562047291783,4882
1119,5.595,0.12345523821576224,4881
1120,5.6,0.12205753734557818,4880
1121,5.605,0.12066434311966193,4879
1122,5.61,0.11924427652398961,4878
1123,5.615,0.11782340629101595,4877
1124,5.62,0.11640670824392665,4876
1125,5.625,0.11498521915400657,4875
1126,5.63,0.11344103479198736,4874
1127,5.635,0.11189596961870622,4873
1128,5.64,0.11034538793705008,4872
1129,5.645,0.10879080333185896,4871
1130,5.65,0.10726882906058761,4870
1131,5.655,0.10574597997324865,4869
1132,5.66,0.10422095847419377,4868
1133,5.665,0.10269743117969117,4867
1134,5.67,0.10117232279432915,4866
1135,5.675,0.09964633433069062,4865
1136,5.68,0.09812257948991131,4864
1137,5.685,0.09660943203431391,4863
1138,5.69,0.09514628591532734,4862
1139,5.695,0.09368229380165459,4861
1140,5.7,0.09222865557934141,4860
1141,5.705,0.09076205634419765,4859
1142,5.71,0.08927601798048847,4858
1143,5.715,0.0877891138309213,4857
1144,5.72,0.0862872019635987,4856
1145,5.725,0.0847875699076724,4855
1146,5.73,0.08321940102252416,4854
1147,5.735,0.08165032510637313,4853
1148,5.74,0.08008310944334583,4852
1149,5.745,0.07851566811172875,4851
1150,5.75,0.07695610157870923,4850
1151,5.755,0.07539561268685946,4849
1152,5.76,0.07383527061418056,4848
1153,5.765,0.0722695041566656,4847
1154,5.77,0.0707159750900164,4846
1155,5.775,0.0691615228882683,4845
1156,5.78,0.06760814343981661,4844
1157,5.785,0.06605426080806585,4843
1158,5.79,0.06453683112526502,4842
1159,5.795,0.06301849825397018,4841
1160,5.8,0.061500311751777156,4840
1161,5.805,0.059984374110549535,4839
1162,5.81,0.05854517888747065,4838
1163,5.815,0.057105139496153055,4837
1164,5.82,0.055899292985581155,4836
1165,5.825,0.05469271904341039,4835
1166,5.83,0.0535547378530216,4834
1167,5.835,0.05241610949781493,4833
1168,5.84,0.051070802858424504,4832
1169,5.845,0.04972233113093175,4831
1170,5.85,0.048236465966627784,4830
1171,5.855,0.04674970833812301,4829
1172,5.86,0.04529936370433682,4828
1173,5.865,0.043845767937870005,4827
1174,5.87,0.042543622313996214,4826
1175,5.875,0.04124070633898609,4825
1176,5.88,0.03987883763374571,4824
1177,5.885,0.03851767918020672,4823
1178,5.89,0.03696565831482933,4822
1179,5.895,0.03541269414248069,4821
1180,5.9,0.03385279378754574,4820
1181,5.905,0.032292377388044496,4819
1182,5.91,0.030782433295458086,4818
1183,5.915,0.029271569589155822,4817
1184,5.92,0.027785766259181277,4816
1185,5.925,0.026315224487746636,4815
1186,5.93,0.024748645576042512,4814
1187,5.935,0.02318110825174616,4813
1188,5.94,0.021581615689014393,4812
1189,5.945,0.019969850359504205,4811
1190,5.95,0.018469000120285725,4810
1191,5.955,0.01696722626276074,4809
1192,5.96,0.01546417148020553,4808
1193,5.965,0.013957692071008589,4807
1194,5.97,0.012331514243710389,4806
1195,5.975,0.010704319519273364,4805
1196,5.98,0.009073718910648712,4804
1197,5.985,0.007439839402172111,4803
1198,5.99,0.005940564122106644,4802
1199,5.995,0.004440359622975257,4801
1200,6.0,0.0029562924306586295,4800
1201,6.005,0.0014695713650748018,4799
1202,6.01,-0.00014362119525470658,4798
1203,6.015,-0.001757829590689159,4797
1204,6.02,-0.0033911096332654303,4796
1205,6.025,-0.004984783066285407,4795
1206,6.03,-0.00659320425747421,4794
1207,6.035,-0.008202635650370644,4793
1208,6.04,-0.0097959375440069,4792
1209,6.045,-0.011423823341959226,4791
1210,6.05,-0.013031363492651733,4790
1211,6.055,-0.0146399249501859,4789
1212,6.06,-0.01626254467012735,4788
1213,6.065,-0.017883980389690603,4787
1214,6.07,-0.019523484724125968,4786
1215,6.075,-0.021164038416380312,4785
1216,6.08,-0.022804668288170418,4784
1217,6.085,-0.024448949068274627,4783
1218,6.09,-0.026052947547213063,4782
1219,6.095,-0.02765796265832933,4781
1220,6.1,-0.029265577226795268,4780
1221,6.105,-0.030878546795186663,4779
1222,6.11,-0.032535538631647515,4778
1223,6.115,-0.034193592332410594,4777
1224,6.12,-0.03585052107956372,4776
1225,6.125,-0.037496845539742765,4775
1226,6.13,-0.03903169892012344,4774
1227,6.135,-0.04056753890952457,4773
1228,6.14,-0.042110761995451,4772
1229,6.145,-0.04366026021576593,4771
1230,6.15,-0.04532183799362416,4770
1231,6.155,-0.04698449567051415,4769
1232,6.16,-0.048635469375476845,4768
1233,6.165,-0.05029261662311349,4767
1234,6.17,-0.05185590332596668,4766
1235,6.175,-0.05342020208892839,4765
1236,6.18,-0.054985959285888335,4764
1237,6.185,-0.05654885960171155,4763
1238,6.19,-0.058196934304276665,4762
1239,6.195,-0.05984607409831877,4761
1240,6.2,-0.06150638238106594,4760
1241,6.205,-0.06316903295385932,4759
1242,6.21,-0.0647757697190244,4758
1243,6.215,-0.06638356376738812,4757
1244,6.22,-0.06798693999532013,4756
1245,6.225,-0.06957589354659806,4755
1246,6.23,-0.07114529274469446,4754
1247,6.235,-0.07271572509629656,4753
1248,6.24,-0.07429457485148447,4752
1249,6.245,-0.07589276199674647,4751
1250,6.25,-0.07754137976476766,4750
1251,6.255,-0.07919108993547504,4749
1252,6.26,-0.08084298224110024,4748
1253,6.265,-0.08249141836443756,4747
1254,6.27,-0.08416257691250582,4746
1255,6.275,-0.08583485466361408,4745
1256,6.28,-0.08750403864606986,4744
1257,6.285,-0.08917734563570437,4743
1258,6.29,-0.09085872536888036,4742
1259,6.295,-0.0925412345062284,4741
1260,6.3,-0.09422504949022806,4740
1261,6.305,-0.09589326492523084,4739
1262,6.31,-0.09750854562408014,4738
1263,6.315,-0.09912491657420278,4737
1264,6.32,-0.1007364172184616,4736
1265,6.325,-0.10235776839286678,4735
1266,6.33,-0.10403265724038487,4734
1267,6.335,-0.10570865196288064,4733
1268,6.34,-0.10739521199603747,4732
1269,6.345,-0.10909506536133488,4731
1270,6.35,-0.11069564968037715,4730
1271,6.355,-0.11229732107324272,4729
1272,6.36,-0.11390030717505736,4728
1273,6.365,-0.11550428957439085,4727
1274,6.37,-0.11715647591690383,4726
1275,6.375,-0.11880979090537812,4725
1276,6.38,-0.12046452015818394,4724
1277,6.385,-0.12211980450290276,4723
1278,6.39,-0.12382328943099982,4722
1279,6.395,-0.1255279520185221,4721
1280,6.4,-0.12723056040426547,4720
1281,6.405,-0.1289197875536875,4719
1282,6.41,-0.13061282967684185,4718
1283,6.415,-0.13230699751895103,4717
1284,6.42,-0.1340007589094475,4716
1285,6.425,-0.13569388914421454,4715
1286,6.43,-0.13739082610440378,4714
1287,6.435,-0.13908889612230282,4713
1288,6.44,-0.1407886395053467,4712
1289,6.445,-0.14250216175145108,4711
1290,6.45,-0.14418815092622805,4710
1291,6.455,-0.14587531368250067,4709
1292,6.46,-0.147565489509929,4708
1293,6.465,-0.14925431987712215,4707
1294,6.47,-0.1509866289298073,4706
1295,6.475,-0.1527201564146717,4705
1296,6.48,-0.15445340053390433,4704
1297,6.485,-0.15618035045473533,4703
1298,6.49,-0.1578034343823315,4702
1299,6.495,-0.15942765955238195,4701
1300,6.5,-0.16104315182512713,4700
1301,6.505,-0.1626671430153087,4699
1302,6.51,-0.16439254991463056,4698
1303,6.515,-0.16611918387166408,4697
1304,6.52,-0.16786000423739025,4696
1305,6.525,-0.16960707980486378,4695
1306,6.53,-0.1713093835292961,4694
1307,6.535,-0.17301289616584564,4693
1308,6.54,-0.17471857901517315,4692
1309,6.545,-0.17642759955820722,4691
1310,6.55,-0.17818008515372824,4690
1311,6.555,-0.1799338326476495,4689
1312,6.56,-0.18168715122343798,4688
1313,6.565,-0.18344407502252777,4687
1314,6.57,-0.18517757992363873,4686
1315,6.575,-0.18691233844419664,4685
1316,6.58,-0.18864197226572993,4684
1317,6.585,-0.19035104179560824,4683
1318,6.59,-0.1919632217803332,4682
1319,6.595,-0.19357656680580732,4681
1320,6.6,-0.1951946288067985,4680
1321,6.605,-0.19683179994223274,4679
1322,6.61,-0.1985971815169529,4678
1323,6.615,-0.20036385082734467,4677
1324,6.62,-0.20210872363640583,4676
1325,6.625,-0.20385552874488455,4675
1326,6.63,-0.20552110669684626,4674
1327,6.635,-0.20718789464274612,4673
1328,6.64,-0.20887606393420494,4672
1329,6.645,-0.21056812507695244,4671
1330,6.65,-0.21234937504940138,4670
1331,6.655,-0.2141319378041168,4669
1332,6.66,-0.21592153492066557,4668
1333,6.665,-0.2177131574533034,4667
1334,6.67,-0.21945875589536365,4666
1335,6.675,-0.22120564712103347,4665
1336,6.68,-0.22295477656895749,4664
1337,6.685,-0.22469831958957795,4663
1338,6.69,-0.22648159605312426,4662
1339,6.695,-0.22826620403532244,4661
1340,6.7,-0.23004789809034518,4660
1341,6.705,-0.23183171388655133,4659
1342,6.71,-0.2335781461614761,4658
1343,6.715,-0.2353258785073251,4657
1344,6.72,-0.23707463613998828,4656
1345,6.725,-0.23882920495860496,4655
1346,6.73,-0.2405357474972711,4654
1347,6.735,-0.24224357141152184,4653
1348,6.74,-0.24395795642449478,4652
1349,6.745,-0.24567009510687834,4651
1350,6.75,-0.2474759162055377,4650
1351,6.755,-0.24928310620042105,4649
1352,6.76,-0.2510913856860958,4648
1353,6.765,-0.25289828227788635,4647
1354,6.77,-0.25453238327269606,4646
1355,6.775,-0.25616772105102364,4645
1356,6.78,-0.25780145050847875,4644
1357,6.785,-0.25943672681103314,4643
1358,6.79,-0.261244348239717,4642
1359,6.795,-0.263053344060959,4641
1360,6.8,-0.26486628808941615,4640
1361,6.805,-0.2666840527679543,4639
1362,6.81,-0.2684777552713929,4638
1363,6.815,-0.27027283542844416,4637
1364,6.82,-0.2720697530635933,4636
1365,6.825,-0.27386386961943937,4635
1366,6.83,-0.27567385424427254,4634
1367,6.835,-0.2774852354472864,4633
1368,6.84,-0.2792981984257353,4632
1369,6.845,-0.2811150363669233,4631
1370,6.85,-0.2829465183159413,4630
1371,6.855,-0.28477942400776307,4629
1372,6.86,-0.2866124881313118,4628
1373,6.865,-0.2884511764140172,4627
1374,6.87,-0.2902242403781781,4626
1375,6.875,-0.2919986890995071,4625
1376,6.88,-0.2937696952899119,4624
1377,6.885,-0.2955438854564752,4623
1378,6.89,-0.2973795070823284,4622
1379,6.895,-0.2992165725923071,4621
1380,6.9,-0.30105623684745325,4620
1381,6.905,-0.30289589084791185,4619
1382,6.91,-0.30468556261651203,4618
1383,6.915,-0.3064766471905752,4617
1384,6.92,-0.3082736427471234,4616
1385,6.925,-0.3100312015714519,4615
1386,6.93,-0.3118583303266207,4614
1387,6.935,-0.313686894523249,4613
1388,6.94,-0.31551786459489706,4612
1389,6.945,-0.317386208942097,4611
1390,6.95,-0.31915959662115984,4610
1391,6.955,-0.3209343944756982,4609
1392,6.96,-0.32270959193641285,4608
1393,6.965,-0.3244908025076962,4607
1394,6.97,-0.3263003009368418,4606
1395,6.975,-0.3281112490028688,4605
1396,6.98,-0.329893058752336,4604
1397,6.985,-0.33167148535459445,4603
1398,6.99,-0.33348332250273,4602
1399,6.995,-0.3352966194097202,4601
1400,7.0,-0.3371400669691995,4600
1401,7.005,-0.3389904266209993,4599
1402,7.01,-0.3407745903722221,4598
1403,7.015,-0.3425601967726092,4597
1404,7.02,-0.3443435956378512,4596
1405,7.025,-0.3461243406680601,4595
1406,7.03,-0.3478275693186186,4594
1407,7.035,-0.34953216760540073,4593
1408,7.04,-0.3512410923210751,4592
1409,7.045,-0.3529550770073445,4591
1410,7.05,-0.3546236815956781,4590
1411,7.055,-0.3562936445411559,4589
1412,7.06,-0.3579665777876348,4588
1413,7.065,-0.3596329135074927,4587
1414,7.07,-0.3613741026298677,4586
1415,7.075,-0.36311672106620596,4585
1416,7.08,-0.36486139488845726,4584
1417,7.085,-0.36661054285747696,4583
1418,7.09,-0.3681791743098443,4582
1419,7.095,-0.3697490871177772,4581
1420,7.1,-0.3713145165149643,4580
1421,7.105,-0.37288400702247587,4579
1422,7.11,-0.37443706901398777,4578
1423,7.115,-0.37599141077378634,4577
1424,7.12,-0.3775449802384304,4576
1425,7.125,-0.3790969136554353,4575
1426,7.13,-0.3808535257670809,4574
1427,7.135,-0.38261159723676974,4573
1428,7.14,-0.3843786916240854,4572
1429,7.145,-0.38615273261233496,4571
1430,7.15,-0.38791945874107964,4570
1431,7.155,-0.389687666528929,4569
1432,7.16,-0.39145480532273835,4568
1433,7.165,-0.393223569982614,4567
1434,7.17,-0.39484481396419313,4566
1435,7.175,-0.396467421740688,4565
1436,7.18,-0.3980852130633093,4564
1437,7.185,-0.3997016033590882,4563
1438,7.19,-0.4013762743022074,4562
1439,7.195,-0.4030523609233144,4561
1440,7.2,-0.404733665626869,4560
1441,7.205,-0.4064191110189852,4559
1442,7.21,-0.4083251545916489,4558
1443,7.215,-0.41023179063373383,4557
1444,7.22,-0.41212388564703634,4556
1445,7.225,-0.41399721785397076,4555
1446,7.23,-0.41587671864054443,4554
1447,7.235,-0.4177567479761997,4553
1448,7.24,-0.41965136689388016,4552
1449,7.245,-0.4215641195619037,4551
1450,7.25,-0.4234298025713653,4550
1451,7.255,-0.4252960674181366,4549
1452,7.26,-0.4271668245651407,4548
1453,7.265,-0.42904044098978705,4547
1454,7.27,-0.4309732965812043,4546
1455,7.275,-0.4329067587619439,4545
1456,7.28,-0.4348125847686693,4544
1457,7.285,-0.43671736332784933,4543
1458,7.29,-0.43824399279136544,4542
1459,7.295,-0.4397711173907575,4541
1460,7.3,-0.4413257177970288,4540
1461,7.305,-0.44288050985391536,4539
1462,7.31,-0.44407747023399935,4538
1463,7.315,-0.44527483803869905,4537
1464,7.32,-0.44643632210288187,4536
1465,7.325,-0.4475968475270085,4535
1466,7.33,-0.4488638740846673,4534
1467,7.335,-0.4501313235480262,4533
1468,7.34,-0.4514343962002486,4532
1469,7.345,-0.45274167880457666,4531
1470,7.35,-0.45397283671238353,4530
1471,7.355,-0.45520441674185846,4529
1472,7.36,-0.45644087788912824,4528
1473,7.365,-0.45767181311488736,4527
1474,7.37,-0.45891590065189564,4526
1475,7.375,-0.46016041397047297,4525
1476,7.38,-0.4614058509185364,4524
1477,7.385,-0.46265377657761136,4523
1478,7.39,-0.46390202427243854,4522
1479,7.395,-0.4651506978783413,4521
1480,7.4,-0.46638315006567854,4520
1481,7.405,-0.4676144618865679,4519
1482,7.41,-0.4688447438797461,4518
1483,7.415,-0.47007545141845974,4517
1484,7.42,-0.4713185030806753,4516
1485,7.425,-0.47255629086568224,4515
1486,7.43,-0.4738094507147401,4514
1487,7.435,-0.47506301131514034,4513
1488,7.44,-0.4763205252295381,4512
1489,7.445,-0.4775856269524,4511
1490,7.45,-0.47879534945064445,4510
1491,7.455,-0.48000549103974516,4509
1492,7.46,-0.4812176595391716,4508
1493,7.465,-0.4824275374205622,4507
1494,7.47,-0.4836683984042714,4506
1495,7.475,-0.484909691315504,4505
1496,7.48,-0.4861483757672923,4504
1497,7.485,-0.4873871312825467,4503
1498,7.49,-0.48856149272946453,4502
1499,7.495,-0.48973627031011824,4501
1500,7.5,-0.49091299343445144,4500
1501,7.505,-0.4920770498231743,4499
1502,7.51,-0.4932969750768823,4498
1503,7.515,-0.4945173208038176,4497
1504,7.52,-0.4957357523093383,4496
1505,7.525,-0.49697407404752564,4495
1506,7.53,-0.49807027653634667,4494
1507,7.535,-0.4991668764665226,4493
1508,7.54,-0.5002623809624877,4492
1509,7.545,-0.5013576058207013,4491
1510,7.55,-0.5025029397567574,4490
1511,7.555,-0.5036486856847933,4489
1512,7.56,-0.5047966625573119,4488
1513,7.565,-0.5059447438271398,4487
1514,7.57,-0.5070272004002306,4486
1515,7.575,-0.5081100543008851,4485
1516,7.58,-0.5091962074835268,4484
1517,7.585,-0.5102630551612698,4483
1518,7.59,-0.5112751478638048,4482
1519,7.595,-0.5122876174334731,4481
1520,7.6,-0.5132999096412477,4480
1521,7.605,-0.5143267429742244,4479
1522,7.61,-0.5154376114063147,4478
1523,7.615,-0.5165488868505542,4477
1524,7.62,-0.5176284935884097,4476
1525,7.625,-0.5187107288639913,4475
1526,7.63,-0.5197289028512184,4474
1527,7.635,-0.5207474488018704,4473
1528,7.64,-0.5217952945957812,4472
1529,7.645,-0.5228494084780917,4471
1530,7.65,-0.5240471914576866,4470
1531,7.655,-0.5252454095643847,4469
1532,7.66,-0.5264471269457675,4468
1533,7.665,-0.5276440714234156,4467
1534,7.67,-0.5286949817672851,4466
1535,7.675,-0.529746287115434,4465
1536,7.68,-0.5307985245668791,4464
1537,7.685,-0.5318357366388295,4463
1538,7.69,-0.5329065660925473,4462
1539,7.695,-0.5339777815101717,4461
1540,7.7,-0.5350498758687954,4460
1541,7.705,-0.536122185496432,4459
1542,7.71,-0.5372158786553963,4458
1543,7.715,-0.538309979526631,4457
1544,7.72,-0.5393800726526572,4456
1545,7.725,-0.5404694928676068,4455
1546,7.73,-0.541562490099646,4454
1547,7.735,-0.5426558970129273,4453
1548,7.74,-0.5437696606759358,4452
1549,7.745,-0.5448831212882675,4451
1550,7.75,-0.5457547420857789,4450
1551,7.755,-0.5466267061078698,4449
1552,7.76,-0.5474995187670203,4448
1553,7.765,-0.5483733202751604,4447
1554,7.77,-0.5490992692540808,4446
1555,7.775,-0.5498255228831199,4445
1556,7.78,-0.550551760852662,4444
1557,7.785,-0.5512786252802186,4443
1558,7.79,-0.5519140324800098,4442
1559,7.795,-0.5525497217315686,4441
1560,7.8,-0.5531815566080903,4440
1561,7.805,-0.5538140427638409,4439
1562,7.81,-0.5541896645734028,4438
1563,7.815,-0.554565493058632,4437
1564,7.82,-0.5548571761513629,4436
1565,7.825,-0.5551440738823714,4435
1566,7.83,-0.5562354872525539,4434
1567,7.835,-0.5573273029435835,4433
1568,7.84,-0.5585059527311517,4432
1569,7.845,-0.5596867787231675,4431
1570,7.85,-0.5600518249190777,4430
1571,7.855,-0.5604170735224802,4429
1572,7.86,-0.5607675778943254,4428
1573,7.865,-0.5611201437780651,4427
1574,7.87,-0.5614993666617247,4426
1575,7.875,-0.5618787995632257,4425
1576,7.88,-0.562277960042959,4424
1577,7.885,-0.5626756742125217,4423
1578,7.89,-0.5629440686022146,4422
1579,7.895,-0.5632126410691256,4421
1580,7.9,-0.5634632674584497,4420
1581,7.905,-0.563710397374883,4419
1582,7.91,-0.5639121841735153,4418
1583,7.915,-0.5641141232353702,4417
1584,7.92,-0.5641538397173552,4416
1585,7.925,-0.5641909312027521,4415
1586,7.93,-0.5642635757898112,4414
1587,7.935,-0.5643363394394768,4413
1588,7.94,-0.56457914634907,4412
1589,7.945,-0.5648300277546292,4411
1590,7.95,-0.5650357530869285,4410
1591,7.955,-0.5652416393546611,4409
1592,7.96,-0.5654337903429892,4408
1593,7.965,-0.5656276448333901,4407
1594,7.97,-0.565819493734099,4406
1595,7.975,-0.5660115000156839,4405
1596,7.98,-0.5662231403898296,4404
1597,7.985,-0.5664176197772677,4403
1598,7.99,-0.5666096850359035,4402
1599,7.995,-0.5668019072916399,4401
1600,8.0,-0.5669250123008974,4400
1601,8.005,-0.5670399355689941,4399
1602,8.01,-0.5671753091791228,4398
1603,8.015,-0.5673108184894204,4397
1604,8.02,-0.5675158219937861,4396
1605,8.025,-0.56774654585139,4395
1606,8.03,-0.5679573571076459,4394
1607,8.035,-0.5681683329284969,4393
1608,8.04,-0.5683812301836889,4392
1609,8.045,-0.5685851435467941,4391
1610,8.05,-0.5688063653057853,4390
1611,8.055,-0.5690277553513459,4389
1612,8.06,-0.5692479108580912,4388
1613,8.065,-0.5694766839575088,4387
1614,8.07,-0.5696906119604156,4386
1615,8.075,-0.5699047068611502,4385
1616,8.08,-0.5700922809158887,4384
1617,8.085,-0.5702501498405289,4383
1618,8.09,-0.5704113772275076,4382
1619,8.095,-0.5705727445936949,4381
1620,8.1,-0.5707349088231092,4380
1621,8.105,-0.5709199542475615,4379
1622,8.11,-0.5711042538083729,4378
1623,8.115,-0.5712887101257577,4377
1624,8.12,-0.5715005308460794,4376
1625,8.125,-0.5717189658973495,4375
1626,8.13,-0.571943432183372,4374
1627,8.135,-0.5721680697460083,4373
1628,8.14,-0.5723684218922207,4372
1629,8.145,-0.5725636120422254,4371
1630,8.15,-0.5727464516100765,4370
1631,8.155,-0.5729294505313003,4369
1632,8.16,-0.5731312376481202,4368
1633,8.165,-0.5733351930986481,4367
1634,8.17,-0.5735523433529104,4366
1635,8.175,-0.5737696599293172,4365
1636,8.18,-0.573958346576011,4364
1637,8.185,-0.5741419869392091,4363
1638,8.19,-0.5743258222619746,4362
1639,8.195,-0.5745098102372396,4361
1640,8.2,-0.5747233518507247,4360
1641,8.205,-0.5749457097568517,4359
1642,8.21,-0.5751589317303907,4358
1643,8.215,-0.5753723231385202,4357
1644,8.22,-0.5755960718957469,4356
1645,8.225,-0.5758192540815542,4355
1646,8.23,-0.5760471078457687,4354
1647,8.235,-0.5762751367763788,4353
1648,8.24,-0.576498092275372,4352
1649,8.245,-0.5767221077874812,4351
1650,8.25,-0.5769530144524349,4350
1651,8.255,-0.577184098576985,4349
1652,8.26,-0.5774224122581139,4348
1653,8.265,-0.5776616819113403,4347
1654,8.27,-0.5778870990157683,4346
1655,8.275,-0.5781126918752219,4345
1656,8.28,-0.5783321502658186,4344
1657,8.285,-0.578550574401702,4343
1658,8.29,-0.5787750882602636,4342
1659,8.295,-0.5789997776743978,4341
1660,8.3,-0.5792266195408718,4340
1661,8.305,-0.5794271626304591,4339
1662,8.31,-0.579624898314294,4338
1663,8.315,-0.5798227985376311,4337
1664,8.32,-0.5800195262822179,4336
1665,8.325,-0.5802273072978298,4335
1666,8.33,-0.5804548696922114,4334
1667,8.335,-0.5806825959701323,4333
1668,8.34,-0.5809127996561337,4332
1669,8.345,-0.5811529047401656,4331
1670,8.35,-0.5813732381679247,4330
1671,8.355,-0.5815937474193853,4329
1672,8.36,-0.5818147152969059,4328
1673,8.365,-0.5820405817483908,4327
1674,8.37,-0.5822616618573199,4326
1675,8.375,-0.5824829195321862,4325
1676,8.38,-0.5827062373783417,4324
1677,8.385,-0.582930674448089,4323
1678,8.39,-0.5831564427327797,4322
1679,8.395,-0.583382389530963,4321
1680,8.4,-0.5836067934634804,4320
1681,8.405,-0.5838138100419963,4319
1682,8.41,-0.5840335809267039,4318
1683,8.415,-0.5842535195791627,4317
1684,8.42,-0.584364033911785,4316
1685,8.425,-0.5844826195015324,4315
1686,8.43,-0.5845949419830275,4314
1687,8.435,-0.5847074027541445,4313
1688,8.44,-0.5849235719839694,4312
1689,8.445,-0.585152155424378,4311
1690,8.45,-0.5853790437529712,4310
1691,8.455,-0.5856061140455806,4309
1692,8.46,-0.5858394214033171,4308
1693,8.465,-0.5860652464806553,4307
1694,8.47,-0.5862877901378395,4306
1695,8.475,-0.5865105077862095,4305
1696,8.48,-0.5867296193011998,4304
1697,8.485,-0.5869530286829903,4303
1698,8.49,-0.5871898312051966,4302
1699,8.495,-0.5874268180919036,4301
1700,8.5,-0.5876507274864978,4300
1701,8.505,-0.587866885588755,4299
1702,8.51,-0.5880848394548804,4298
1703,8.515,-0.5883029642250927,4297
1704,8.52,-0.5885338572116801,4296
1705,8.525,-0.5887674160289754,4295
1706,8.53,-0.5889871855970513,4294
1707,8.535,-0.5892071323008529,4293
1708,8.54,-0.5894144912356858,4292
1709,8.545,-0.589629444885576,4291
1710,8.55,-0.5898448417109113,4290
1711,8.555,-0.5900604183025314,4289
1712,8.56,-0.5902742362225472,4288
1713,8.565,-0.590486433129845,4287
1714,8.57,-0.5907055018324604,4286
1715,8.575,-0.5909247540040273,4285
1716,8.58,-0.591146883600099,4284
1717,8.585,-0.5913659171504991,4283
1718,8.59,-0.5915870006896582,4282
1719,8.595,-0.5918082674585706,4281
1720,8.6,-0.5920452444908337,4280
1721,8.605,-0.5922827380950406,4279
1722,8.61,-0.5925162390473965,4278
1723,8.615,-0.5927499241493718,4277
1724,8.62,-0.5929701767679363,4276
1725,8.625,-0.5931847441999313,4275
1726,8.63,-0.5934230424892889,4274
1727,8.635,-0.5936615209856322,4273
1728,8.64,-0.5938787214173915,4272
1729,8.645,-0.5941040383478479,4271
1730,8.65,-0.5943133896312898,4270
1731,8.655,-0.5945229229333772,4269
1732,8.66,-0.5947491420183736,4268
1733,8.665,-0.5949748186872766,4267
1734,8.67,-0.5951920692825196,4266
1735,8.675,-0.59540950437057,4265
1736,8.68,-0.5956426550534424,4264
1737,8.685,-0.5958790746386676,4263
1738,8.69,-0.5961124113645287,4262
1739,8.695,-0.596345939470819,4261
1740,8.7,-0.5965625452672132,4260
1741,8.705,-0.5967396031651049,4259
1742,8.71,-0.5969233642694042,4258
1743,8.715,-0.5971072671680729,4257
1744,8.72,-0.5973044286741309,4256
1745,8.725,-0.5975313010338151,4255
1746,8.73,-0.5977568076381802,4254
1747,8.735,-0.5979825038220197,4253
1748,8.74,-0.5982144230275684,4252
1749,8.745,-0.5984086232975342,4251
1750,8.75,-0.5985969718462267,4250
1751,8.755,-0.5987854603162066,4249
1752,8.76,-0.598976704511876,4248
1753,8.765,-0.5991818632269755,4247
1754,8.77,-0.5993884328344582,4246
1755,8.775,-0.5995951571796979,4245
1756,8.78,-0.599756969971013,4244
1757,8.785,-0.5996692776642127,4243
1758,8.79,-0.5995896918813771,4242
1759,8.795,-0.5995100694254244,4241
1760,8.8,-0.5994723799829662,4240
1761,8.805,-0.5997043626344118,4239
1762,8.81,-0.5999599404582567,4238
1763,8.815,-0.6002157104330532,4237
1764,8.82,-0.600474237982043,4236
1765,8.825,-0.6004587942063385,4235
1766,8.83,-0.6004186831789879,4234
1767,8.835,-0.6003785420622517,4233
1768,8.84,-0.6003404398551633,4232
1769,8.845,-0.6003014800395028,4231
1770,8.85,-0.6002532549143891,4230
1771,8.855,-0.6002049977315315,4229
1772,8.86,-0.6001431081723761,4228
1773,8.865,-0.6000827078614573,4227
1774,8.87,-0.6000227605132735,4226
1775,8.875,-0.5999627761643749,4225
1776,8.88,-0.5999065771624628,4224
1777,8.885,-0.5998508519147369,4223
1778,8.89,-0.5998022523310804,4222
1779,8.895,-0.5997536195596451,4221
1780,8.9,-0.5996990013853561,4220
1781,8.905,-0.5996461022653408,4219
1782,8.91,-0.5996175936474025,4218
1783,8.915,-0.599589058631934,4217
1784,8.92,-0.5995670053284758,4216
1785,8.925,-0.5995427224288057,4215
1786,8.93,-0.599503997511302,4214
1787,8.935,-0.5994652424245595,4213
1788,8.94,-0.5988417808907035,4212
1789,8.945,-0.5982185921255171,4211
1790,8.95,-0.597583943872862,4210
1791,8.955,-0.5969490495233934,4209
1792,8.96,-0.5968762942944152,4208
1793,8.965,-0.5968052340451045,4207
1794,8.97,-0.596732884616249,4206
1795,8.975,-0.5966604929000677,4205
1796,8.98,-0.5955044705162126,4204
1797,8.985,-0.5943483831093119,4203
1798,8.99,-0.5932233865395066,4202
1799,8.995,-0.5920979808247,4201
1800,9.0,-0.5910369357167164,4200
1801,9.005,-0.5899754948488151,4199
1802,9.01,-0.5888898989082368,4198
1803,9.015,-0.5878039023903913,4197
1804,9.02,-0.5866313341108198,4196
1805,9.025,-0.5854530978040923,4195
1806,9.03,-0.5842675342114438,4194
1807,9.035,-0.5830815371658671,4193
1808,9.04,-0.5819153355904848,4192
1809,9.045,-0.5807509516676175,4191
1810,9.05,-0.5795821178349815,4190
1811,9.055,-0.5784128337056917,4189
1812,9.06,-0.5772405600274051,4188
1813,9.065,-0.5760700122187137,4187
1814,9.07,-0.5749129573511808,4186
1815,9.075,-0.5737554770009295,4185
1816,9.08,-0.5725985291629805,4184
1817,9.085,-0.5714342716619789,4183
1818,9.09,-0.5702584401074524,4182
1819,9.095,-0.5690821681826841,4181
1820,9.1,-0.5678935405357476,4180
1821,9.105,-0.5667105083107266,4179
1822,9.11,-0.5655304392583935,4178
1823,9.115,-0.5643499464168359,4177
1824,9.12,-0.5631620291057565,4176
1825,9.125,-0.561972757878595,4175
1826,9.13,-0.5607916301479445,4174
1827,9.135,-0.5596100412588954,4173
1828,9.14,-0.5584724622740497,4172
1829,9.145,-0.557337099599953,4171
1830,9.15,-0.5561857520555933,4170
1831,9.155,-0.5550339543490258,4169
1832,9.16,-0.5538536459905051,4168
1833,9.165,-0.5526730874512767,4167
1834,9.17,-0.5514926024133497,4166
1835,9.175,-0.5503116728519472,4165
1836,9.18,-0.549140172924185,4164
1837,9.185,-0.5479586448896668,4163
1838,9.19,-0.5467858795461,4162
1839,9.195,-0.5456126714534271,4161
1840,9.2,-0.5444140378195617,4160
1841,9.205,-0.5432224397327392,4159
1842,9.21,-0.5420411923976565,4158
1843,9.215,-0.5408594818942826,4157
1844,9.22,-0.5396769892191968,4156
1845,9.225,-0.5384957204256291,4155
1846,9.23,-0.5373158303886744,4154
1847,9.235,-0.5361354706920533,4153
1848,9.24,-0.5349765745235276,4152
1849,9.245,-0.5338183024028164,4151
1850,9.25,-0.5326426895857234,4150
1851,9.255,-0.5314666312402819,4149
1852,9.26,-0.5302826546231894,4148
1853,9.265,-0.529090360430613,4147
1854,9.27,-0.5278997334542472,4146
1855,9.275,-0.5267086520688828,4145
1856,9.28,-0.5255022070226596,4144
1857,9.285,-0.5243029874379939,4143
1858,9.29,-0.5231282923079892,4142
1859,9.295,-0.5219531951026396,4141
1860,9.3,-0.5207806029759022,4140
1861,9.305,-0.5196065463646183,4139
1862,9.31,-0.5184040141550749,4138
1863,9.315,-0.5172009974291207,4137
1864,9.32,-0.5160411138762919,4136
1865,9.325,-0.5148745269933142,4135
1866,9.33,-0.5137464993379786,4134
1867,9.335,-0.5126180576414221,4133
1868,9.34,-0.511460018756621,4132
1869,9.345,-0.5103080461816766,4131
1870,9.35,-0.509120022205147,4130
1871,9.355,-0.5079315380037106,4129
1872,9.36,-0.5068152175996964,4128
1873,9.365,-0.5056952804619005,4127
1874,9.37,-0.504568606191431,4126
1875,9.375,-0.5034414908965009,4125
1876,9.38,-0.5022240819593408,4124
1877,9.385,-0.5009963741358897,4123
1878,9.39,-0.49976522130179135,4122
1879,9.395,-0.4985335816352139,4121
1880,9.4,-0.4973188197696107,4120
1881,9.405,-0.4961045214853579,4119
1882,9.41,-0.49490794870127625,4118
1883,9.415,-0.4937109455643114,4117
1884,9.42,-0.4925105886175521,4116
1885,9.425,-0.4913161613931904,4115
1886,9.43,-0.49010951873357655,4114
1887,9.435,-0.4889024004816312,4113
1888,9.44,-0.48777447052736755,4112
1889,9.445,-0.4866503927119608,4111
1890,9.45,-0.4855396405657295,4110
1891,9.455,-0.48442845192389555,4109
1892,9.46,-0.48322143950706437,4108
1893,9.465,-0.48201547122644006,4107
1894,9.47,-0.4807962436588751,4106
1895,9.475,-0.4795765139498169,4105
1896,9.48,-0.47840383340299536,4104
1897,9.485,-0.4772194953519421,4103
1898,9.49,-0.47603526646976796,4102
1899,9.495,-0.47485058275897724,4101
1900,9.5,-0.4736379696783188,4100
1901,9.505,-0.47243250963101113,4099
1902,9.51,-0.47122136455042657,4098
1903,9.515,-0.47000973704188365,4097
1904,9.52,-0.4688140977363087,4096
1905,9.525,-0.46762296383672775,4095
1906,9.53,-0.46643244871961054,4094
1907,9.535,-0.4652415177262683,4093
1908,9.54,-0.4640244051510513,4092
1909,9.545,-0.46280477448398316,4091
1910,9.55,-0.46163193444973677,4090
1911,9.555,-0.46045859971441516,4089
1912,9.56,-0.459287831946386,4088
1913,9.565,-0.4581199065052045,4087
1914,9.57,-0.4569123404147928,4086
1915,9.575,-0.4557043188452526,4085
1916,9.58,-0.4545170356651254,4084
1917,9.585,-0.45332602394196064,4083
1918,9.59,-0.4521341985107964,4082
1919,9.595,-0.45094188365176663,4081
1920,9.6,-0.44974461711526426,4080
1921,9.605,-0.4485445789633889,4079
1922,9.61,-0.44733757342163916,4078
1923,9.615,-0.44613014320399874,4077
1924,9.62,-0.4449255349169,4076
1925,9.625,-0.44371628172848854,4075
1926,9.63,-0.4425365562468101,4074
1927,9.635,-0.4413563228738601,4073
1928,9.64,-0.44015518118589525,4072
1929,9.645,-0.43895872173565487,4071
1930,9.65,-0.4377472899020486,4070
1931,9.655,-0.43653534219494694,4069
1932,9.66,-0.43536192088074765,4068
1933,9.665,-0.43418886517603167,4067
1934,9.67,-0.4330047902282551,4066
1935,9.675,-0.4318202197188092,4065
1936,9.68,-0.4306059979146021,4064
1937,9.685,-0.4293854886604764,4063
1938,9.69,-0.42815735245776704,4062
1939,9.695,-0.4269287041557271,4061
1940,9.7,-0.4257508081465542,4060
1941,9.705,-0.42457089591846686,4059
1942,9.71,-0.423389903600684,4058
1943,9.715,-0.4222083990566451,4057
1944,9.72,-0.42095396983637634,4056
1945,9.725,-0.4196939624518955,4055
1946,9.73,-0.4184640256540153,4054
1947,9.735,-0.41723354986736344,4053
1948,9.74,-0.4160674030321499,4052
1949,9.745,-0.41491131181415963,4051
1950,9.75,-0.4137510243449634,4050
1951,9.755,-0.4125902789009497,4049
1952,9.76,-0.41138193216515034,4048
1953,9.765,-0.41017541958864656,4047
1954,9.77,-0.40894505716997803,4046
1955,9.775,-0.4077141698538539,4045
1956,9.78,-0.40655982022825377,4044
1957,9.785,-0.4054033346548266,4043
1958,9.79,-0.4042537857587394,4042
1959,9.795,-0.4031037762959321,4041
1960,9.8,-0.4018657499980727,4040
1961,9.805,-0.40060971157887487,4039
1962,9.81,-0.39935312392163425,4038
1963,9.815,-0.3980959788064643,4037
1964,9.82,-0.39684284479540216,4036
1965,9.825,-0.3955962002222622,4035
1966,9.83,-0.39446039901781166,4034
1967,9.835,-0.39332409033843396,4033
1968,9.84,-0.3922048159389694,4032
1969,9.845,-0.391088223019475,4031
1970,9.85,-0.3898562549057704,4030
1971,9.855,-0.38862375845253155,4029
1972,9.86,-0.387389954381541,4028
1973,9.865,-0.3861650631684883,4027
1974,9.87,-0.3849528350475092,4026
1975,9.875,-0.38374008743552807,4025
1976,9.88,-0.38256230654843276,4024
1977,9.885,-0.38136505638250345,4023
1978,9.89,-0.38014572998966484,4022
1979,9.895,-0.37892595781076366,4021
1980,9.9,-0.377645942867397,4020
1981,9.905,-0.3763810253587565,4019
1982,9.91,-0.3751373035690292,4018
1983,9.915,-0.37389302182287065,4017
1984,9.92,-0.37274114460836755,4016
1985,9.925,-0.37159450261235816,4015
1986,9.93,-0.37061977115367656,4014
1987,9.935,-0.3696446477921373,4013
1988,9.94,-0.3686137090421277,4012
1989,9.945,-0.36757650771951605,4011
1990,9.95,-0.36635865025062897,4010
1991,9.955,-0.36514026138068584,4009
1992,9.96,-0.3639141329118007,4008
1993,9.965,-0.3626912311938049,4007
1994,9.97,-0.36148430492459666,4006
1995,9.975,-0.36027686303446066,4005
1996,9.98,-0.3590553292418986,4004
1997,9.985,-0.3578287472783643,4003
1998,9.99,-0.3565850374903334,4002
1999,9.995,-0.35534077000144737,4001
2000,10.0,-0.35412497405754473,4000
