sample,time_sec,eeg_ch1,eeg_ch2,eeg_ch3,eeg_ch4,true_label,prediction_end_sample,prediction_end_time_sec,prediction_wall_time_sec,pred_label,prob_Eyes Open,prob_Eyes Closed,correct
0,0.0,0.0013705088,0.0005328623,0.0015501574,0.00075311534,0,,,,,,,
1,0.005,-0.0062453053,0.011123034,-0.02160005,-0.026131988,0,,,,,,,
2,0.01,-0.014582044,0.013787604,-0.033275265,-0.041005995,0,,,,,,,
3,0.015,-0.023620866,0.004647474,-0.032993477,-0.044342104,0,,,,,,,
4,0.02,-0.03164891,-0.014254058,-0.030823682,-0.04741082,0,,,,,,,
5,0.025,-0.03591903,-0.036455374,-0.037092544,-0.059410762,0,,,,,,,
6,0.03,-0.035259586,-0.054491915,-0.052949637,-0.07760513,0,,,,,,,
7,0.035,-0.031505197,-0.062610574,-0.06907347,-0.08897136,0,,,,,,,
8,0.04,-0.026828764,-0.057235066,-0.07142208,-0.07944805,0,,,,,,,
9,0.045,-0.019393757,-0.03645606,-0.04962004,-0.04270525,0,,,,,,,
10,0.05,-0.0030592368,-0.0010688478,-0.0039819013,0.015942717,0,,,,,,,
11,0.055,0.026625719,0.042756442,0.05251497,0.08096834,0,,,,,,,
12,0.06,0.06448431,0.08247875,0.09925128,0.13215502,0,,,,,,,
13,0.065,0.093754455,0.10311818,0.11803648,0.15229192,0,,,,,,,
14,0.07,0.09488981,0.09519471,0.102835484,0.13449132,0,,,,,,,
15,0.075,0.060490873,0.06116806,0.06287867,0.08552617,0,,,,,,,
16,0.08,0.0037879443,0.014619797,0.01629318,0.022300174,0,,,,,,,
17,0.085,-0.04860847,-0.028122898,-0.02149341,-0.036986627,0,,,,,,,
18,0.09,-0.07528868,-0.057462595,-0.045707818,-0.080941625,0,,,,,,,
19,0.095,-0.07435867,-0.07334847,-0.060828406,-0.106901675,0,,,,,,,
20,0.1,-0.06082677,-0.07975769,-0.072004154,-0.11636989,0,,,,,,,
21,0.105,-0.049997486,-0.07718448,-0.07737091,-0.10921261,0,,,,,,,
22,0.11,-0.043496564,-0.061593708,-0.06895337,-0.08336992,0,,,,,,,
23,0.115,-0.031601794,-0.031548776,-0.04223354,-0.04124739,0,,,,,,,
24,0.12,-0.0079616215,0.004523757,-0.004912946,0.0048392564,0,,,,,,,
25,0.125,0.02050187,0.031038374,0.025763135,0.03725475,0,,,,,,,
26,0.13,0.03993079,0.038178563,0.03701317,0.04671206,0,,,,,,,
27,0.135,0.04509239,0.032739148,0.033097215,0.04233849,0,,,,,,,
28,0.14,0.046161503,0.033776883,0.03264237,0.045638464,0,,,,,,,
29,0.145,0.05756331,0.054234423,0.050516225,0.07034975,0,,,,,,,
30,0.15,0.07961289,0.08534711,0.08050454,0.10598864,0,,,,,,,
31,0.155,0.09287025,0.100302964,0.096766375,0.12243305,0,,,,,,,
32,0.16,0.07289641,0.07585314,0.074833564,0.09385105,0,,,,,,,
33,0.165,0.0127697745,0.013090549,0.013839076,0.02148099,0,,,,,,,
34,0.17,-0.06657547,-0.060758483,-0.05964283,-0.064383194,0,,,,,,,
35,0.175,-0.12726621,-0.110572256,-0.10927665,-0.12438057,0,,,,,,,
36,0.18,-0.13883898,-0.11648465,-0.11370752,-0.13567348,0,,,,,,,
37,0.185,-0.0986698,-0.08492851,-0.079566255,-0.10429332,0,,,,,,,
38,0.19,-0.033856552,-0.04120954,-0.034143414,-0.057132643,0,,,,,,,
39,0.195,0.017683683,-0.010332946,-0.004500982,-0.02136501,0,,,,,,,
40,0.2,0.034137063,-4.5754135e-05,0.0011149563,-0.006553183,0,,,,,,,
41,0.205,0.024232885,0.0018164382,-0.0037726117,-0.0015675407,0,,,,,,,
42,0.21,0.016455648,0.013722183,0.0017926533,0.012205475,0,,,,,,,
43,0.215,0.031065028,0.041402314,0.026220955,0.04193041,0,,,,,,,
44,0.22,0.05969879,0.06984823,0.05653357,0.07442362,0,,,,,,,
45,0.225,0.07203821,0.07452226,0.068616964,0.085483395,0,,,,,,,
46,0.23,0.04412219,0.04296418,0.04800775,0.06010614,0,,,,,,,
47,0.235,-0.017681768,-0.012168746,0.0033695414,0.0065957694,0,,,,,,,
48,0.24,-0.07877487,-0.060347695,-0.03861493,-0.047169466,0,,,,,,,
49,0.245,-0.10191925,-0.07442265,-0.052266177,-0.07202646,0,,,,,,,
50,0.25,-0.073625736,-0.04822927,-0.030276347,-0.055910446,0,,,,,,,
51,0.255,-0.010753216,0.0019951193,0.01314441,-0.00956027,0,,,,,,,
52,0.26,0.0540988,0.050359465,0.05332132,0.042040277,0,,,,,,,
53,0.265,0.09372149,0.0766608,0.070446216,0.07449868,0,,,,,,,
54,0.27,0.098803684,0.07459766,0.05913683,0.07578674,0,,,,,,,
55,0.275,0.077012435,0.050778914,0.028317539,0.049821075,0,,,,,,,
56,0.28,0.04343371,0.0179945,-0.0064808535,0.011577012,0,,,,,,,
57,0.285,0.010365514,-0.012372385,-0.032855876,-0.022625785,0,,,,,,,
58,0.29,-0.017642366,-0.034802783,-0.04720635,-0.043707535,0,,,,,,,
59,0.295,-0.04208288,-0.049258035,-0.053213798,-0.0522732,0,,,,,,,
60,0.3,-0.064911805,-0.05748435,-0.05535853,-0.054272063,0,,,,,,,
61,0.305,-0.08380351,-0.059685376,-0.053584643,-0.05408688,0,,,,,,,
62,0.31,-0.09179904,-0.05424384,-0.04396009,-0.05076402,0,,,,,,,
63,0.315,-0.08156914,-0.039994575,-0.024277726,-0.039924886,0,,,,,,,
64,0.32,-0.051249042,-0.018479737,0.0014088074,-0.019011527,0,,,,,,,
65,0.325,-0.007744163,0.0056303283,0.024044499,0.008711867,0,,,,,,,
66,0.33,0.035044767,0.025866522,0.035401594,0.034437764,0,,,,,,,
67,0.335,0.0626152,0.036259964,0.033233073,0.04832216,0,,,,,,,
68,0.34,0.06742178,0.034109622,0.021945111,0.045544036,0,,,,,,,
69,0.345,0.052873045,0.02221404,0.009199971,0.02994343,0,,,,,,,
70,0.35,0.030902786,0.008545897,0.0015271226,0.0122432755,0,,,,,,,
71,0.355,0.014480591,0.0021572367,0.0016220991,0.0033127568,0,,,,,,,
72,0.36,0.009865535,0.007246337,0.008029856,0.0068061617,0,,,,,,,
73,0.365,0.013490315,0.01981034,0.016519843,0.016642625,0,,,,,,,
74,0.37,0.015357261,0.030051509,0.02229952,0.021634748,0,,,,,,,
75,0.375,0.0068837423,0.02929109,0.022337778,0.014070934,0,,,,,,,
76,0.38,-0.011720736,0.016362606,0.016866647,-0.004257696,0,,,,,,,
77,0.385,-0.02990587,-0.0013981714,0.009128961,-0.023112781,0,,,,,,,
78,0.39,-0.033435725,-0.013375574,0.003256619,-0.030844292,0,,,,,,,
79,0.395,-0.015608708,-0.013110461,0.0015553331,-0.021906607,0,,,,,,,
80,0.4,0.015597794,-0.0023749503,0.003193669,0.0002686327,0,,,,,,,
81,0.405,0.04132227,0.010630352,0.005122419,0.02579788,0,,,,,,,
82,0.41,0.044573173,0.016672255,0.0039300364,0.043081343,0,,,,,,,
83,0.415,0.021998085,0.0102627175,-0.002980147,0.042763006,0,,,,,,,
84,0.42,-0.014392774,-0.008333983,-0.016664866,0.020806978,0,,,,,,,
85,0.425,-0.046105925,-0.03346303,-0.035379704,-0.018699877,0,,,,,,,
86,0.43,-0.060349558,-0.05625213,-0.053729426,-0.06292038,0,,,,,,,
87,0.435,-0.05692213,-0.06857567,-0.064539306,-0.09476035,0,,,,,,,
88,0.44,-0.045749385,-0.06724786,-0.0632772,-0.1015398,0,,,,,,,
89,0.445,-0.03741477,-0.05491875,-0.051006597,-0.081741646,0,,,,,,,
90,0.45,-0.033731025,-0.03602243,-0.032240495,-0.044069424,0,,,,,,,
91,0.455,-0.02582518,-0.011511835,-0.009569753,0.000134845,0,,,,,,,
92,0.46,-0.002088786,0.0213723,0.018675346,0.043721188,0,,,,,,,
93,0.465,0.03984961,0.06289959,0.054246355,0.083727054,0,,,,,,,
94,0.47,0.087467924,0.10450967,0.09231018,0.1160932,0,,,,,,,
95,0.475,0.11974514,0.13005237,0.119894765,0.13218762,0,,,,,,,
96,0.48,0.1207652,0.12508863,0.12234216,0.12196043,0,,,,,,,
97,0.485,0.089259565,0.08661859,0.09287021,0.08151157,0,,,,,,,
98,0.49,0.037076835,0.025347421,0.037633553,0.018449705,0,,,,,,,
99,0.495,-0.01996725,-0.040209275,-0.02693374,-0.049578197,0,,,,,,,
100,0.5,-0.069464706,-0.09198997,-0.08148209,-0.10215377,0,,,,,,,
101,0.505,-0.102744736,-0.11749918,-0.11071998,-0.124317,0,,,,,,,
102,0.51,-0.11192991,-0.11131609,-0.10754097,-0.11163292,0,,,,,,,
103,0.515,-0.09131508,-0.076008454,-0.07492556,-0.07113382,0,,,,,,,
104,0.52,-0.044735827,-0.023708865,-0.026188454,-0.019104192,0,,,,,,,
105,0.525,0.009037934,0.024812883,0.01805147,0.02386582,0,,,,,,,
106,0.53,0.042967312,0.047885012,0.038157027,0.040892784,0,,,,,,,
107,0.535,0.040233996,0.036269974,0.027047563,0.028201805,0,,,,,,,
108,0.54,0.010016524,0.0026483969,-0.0026376864,2.4898041e-05,0,,,,,,,
109,0.545,-0.016491493,-0.023813177,-0.024305923,-0.01790237,0,,,,,,,
110,0.55,-0.011020417,-0.018366091,-0.016098116,-0.006060229,0,,,,,,,
111,0.555,0.025859501,0.017900676,0.020264126,0.03164729,0,,,,,,,
112,0.56,0.06234138,0.055773567,0.057437308,0.067067824,0,,,,,,,
113,0.565,0.061360687,0.060088407,0.062303297,0.067998305,0,,,,,,,
114,0.57,0.013377361,0.019414602,0.023240345,0.024924813,0,,,,,,,
115,0.575,-0.05295805,-0.042322457,-0.038217127,-0.03861858,0,,,,,,,
116,0.58,-0.09169975,-0.082915686,-0.08200106,-0.08220124,0,,,,,,,
117,0.585,-0.07388796,-0.07324774,-0.078451045,-0.07802166,0,,,,,,,
118,0.59,-0.007201114,-0.017168969,-0.028125167,-0.029431442,0,,,,,,,
119,0.595,0.07188522,0.053930905,0.041268993,0.034652755,0,,,,,,,
120,0.6,0.12300014,0.103663616,0.09475628,0.08122023,0,,,,,,,
121,0.605,0.12354586,0.11109042,0.10980021,0.09178093,0,,,,,,,
122,0.61,0.07540584,0.076967396,0.08399086,0.06692109,0,,,,,,,
123,0.615,-0.0008530954,0.017778007,0.031041661,0.019875526,0,,,,,,,
124,0.62,-0.076021954,-0.04374309,-0.027870266,-0.03156504,0,,,,,,,
125,0.625,-0.12206594,-0.08630903,-0.07214042,-0.07005223,0,,,,,,,
126,0.63,-0.12171617,-0.096154556,-0.08800568,-0.08235872,0,,,,,,,
127,0.635,-0.07658114,-0.07205653,-0.07287827,-0.06399432,0,,,,,,,
128,0.64,-0.008607082,-0.026777217,-0.03617405,-0.022695584,0,,,,,,,
129,0.645,0.04952333,0.018148867,0.004849076,0.02349694,0,,,,,,,
130,0.65,0.071987025,0.0431098,0.032987773,0.05448865,0,,,,,,,
131,0.655,0.054444406,0.04040296,0.038683437,0.058111187,0,,,,,,,
132,0.66,0.014876737,0.016978582,0.023329034,0.035405073,0,,,,,,,
133,0.665,-0.020294333,-0.011432204,-0.0027864322,-0.001578711,0,,,,,,,
134,0.67,-0.03409873,-0.03007107,-0.025958497,-0.03684885,0,,,,,,,
135,0.675,-0.027451696,-0.03225437,-0.035199445,-0.05756388,0,,,,,,,
136,0.68,-0.013384949,-0.020572295,-0.027022997,-0.05814834,0,,,,,,,
137,0.685,-0.0041831555,-0.003402271,-0.0072323587,-0.04118135,0,,,,,,,
138,0.69,-0.002749055,0.010228548,0.011997407,-0.015576379,0,,,,,,,
139,0.695,-0.003654143,0.015124951,0.019610852,0.0077617313,0,,,,,,,
140,0.7,-0.0003760302,0.012254368,0.013503348,0.021592623,0,,,,,,,
141,0.705,0.0087340865,0.007703979,0.0022559944,0.026057446,0,,,,,,,
142,0.71,0.02031019,0.008397617,-0.0016830574,0.027395347,0,,,,,,,
143,0.715,0.030363057,0.01723297,0.007937962,0.032310076,0,,,,,,,
144,0.72,0.038044494,0.031143509,0.026559208,0.042405054,0,,,,,,,
145,0.725,0.044560276,0.043057956,0.043025773,0.05279393,0,,,,,,,
146,0.73,0.048251286,0.04557672,0.047719214,0.05524457,0,,,,,,,
147,0.735,0.041986294,0.034065884,0.037481748,0.043252874,0,,,,,,,
148,0.74,0.018126832,0.008931639,0.015352989,0.016322756,0,,,,,,,
149,0.745,-0.021529656,-0.022836562,-0.011722636,-0.018322064,0,,,,,,,
150,0.75,-0.060926378,-0.048755083,-0.03471433,-0.04794251,0,,,,,,,
151,0.755,-0.07805829,-0.056696884,-0.04506551,-0.06067291,0,,,,,,,
152,0.76,-0.06241322,-0.043530386,-0.039506834,-0.053357355,0,,,,,,,
153,0.765,-0.026562352,-0.019749427,-0.024332613,-0.0351515,0,,,,,,,
154,0.77,0.00091221445,-0.0040150792,-0.013358475,-0.0222902,0,,,,,,,
155,0.775,-0.0017281363,-0.009252477,-0.017763095,-0.025753733,0,,,,,,,
156,0.78,-0.029402837,-0.030625394,-0.034780614,-0.040807344,0,,,,,,,
157,0.785,-0.052027844,-0.046712928,-0.04653002,-0.048380766,0,,,,,,,
158,0.79,-0.039193064,-0.035552323,-0.03333829,-0.029805839,0,,,,,,,
159,0.795,0.01233558,0.0061589726,0.0078839,0.01580479,0,,,,,,,
160,0.8,0.0728347,0.057289492,0.056963302,0.06695141,0,,,,,,,
161,0.805,0.102169804,0.08667566,0.08382456,0.09405911,0,,,,,,,
162,0.81,0.08222324,0.07711932,0.07214488,0.08224878,0,,,,,,,
163,0.815,0.031539477,0.039071083,0.032923553,0.043378416,0,,,,,,,
164,0.82,-0.010252575,0.002026099,-0.0044164583,0.0064618075,0,,,,,,,
165,0.825,-0.014884219,-0.009518234,-0.016003484,-0.0058521964,0,,,,,,,
166,0.83,0.012277182,0.0045049177,-0.0020393042,0.0050743124,0,,,,,,,
167,0.835,0.03791622,0.020996202,0.015379104,0.01672849,0,,,,,,,
168,0.84,0.02903199,0.014219551,0.012276762,0.0058254404,0,,,,,,,
169,0.845,-0.019461341,-0.021816697,-0.016733548,-0.03127208,0,,,,,,,
170,0.85,-0.07981892,-0.067616574,-0.054100323,-0.0748421,0,,,,,,,
171,0.855,-0.11261378,-0.09329163,-0.073589325,-0.097055316,0,,,,,,,
172,0.86,-0.0964541,-0.08149889,-0.060769036,-0.08299732,0,,,,,,,
173,0.865,-0.042606685,-0.039585456,-0.023381855,-0.040590696,0,,,,,,,
174,0.87,0.015784882,0.0077064796,0.015666055,0.0072022434,0,,,,,,,
175,0.875,0.04912969,0.037354793,0.035900388,0.03980799,0,,,,,,,
176,0.88,0.05013193,0.0428468,0.032982666,0.051355075,0,,,,,,,
177,0.885,0.03266269,0.03407246,0.018472176,0.049356647,0,,,,,,,
178,0.89,0.015699856,0.025298035,0.0078116995,0.04386099,0,,,,,,,
179,0.895,0.008572447,0.02336115,0.008031508,0.03855561,0,,,,,,,
180,0.9,0.009170935,0.025647083,0.015254227,0.031328127,0,,,,,,,
181,0.905,0.0126081435,0.026833955,0.021921575,0.021205,0,,,,,,,
182,0.91,0.018511685,0.025522776,0.02479026,0.012308052,0,,,,,,,
183,0.915,0.029014671,0.023857037,0.02558988,0.009695367,0,,,,,,,
184,0.92,0.04115712,0.021980664,0.02520984,0.011826571,0,,,,,,,
185,0.925,0.044042964,0.01499153,0.019497018,0.009013947,0,,,,,,,
186,0.93,0.026022434,-0.0030479515,0.0025486033,-0.008665867,0,,,,,,,
187,0.935,-0.013788752,-0.031648543,-0.025472233,-0.0407458,0,,,,,,,
188,0.94,-0.060669385,-0.060812294,-0.054575462,-0.07342362,0,,,,,,,
189,0.945,-0.091711074,-0.07619127,-0.07013727,-0.08792518,0,,,,,,,
190,0.95,-0.09047826,-0.06867682,-0.06312909,-0.073576756,0,,,,,,,
191,0.955,-0.057874102,-0.04083068,-0.036690816,-0.035201855,0,,,,,,,
192,0.96,-0.01133842,-0.0054628174,-0.0038703103,0.010180403,0,,,,,,,
193,0.965,0.026596071,0.022282856,0.02108318,0.043883756,0,,,,,,,
194,0.97,0.04195035,0.033760507,0.031000484,0.055617776,0,,,,,,,
195,0.975,0.03591842,0.030883342,0.028287657,0.047328476,0,,,,,,,
196,0.98,0.021033436,0.023108797,0.021189352,0.029870525,0,,,,,,,
197,0.985,0.011099465,0.019838797,0.017425261,0.015545313,0,,,,,,,
198,0.99,0.012636377,0.023898222,0.019622842,0.011146069,0,,,,,,,
199,0.995,0.022787208,0.030662805,0.024837106,0.015229332,0,,,,,,,
200,1.0,0.032968666,0.03258878,0.027338834,0.020429373,0,,,,,,,
201,1.005,0.03434338,0.024688879,0.022101259,0.018553592,0,,,,,,,
202,1.01,0.022165587,0.0069468957,0.0071353777,0.005277589,0,,,,,,,
203,1.015,-0.0017001585,-0.01633123,-0.015301947,-0.017276503,0,,,,,,,
204,1.02,-0.02848747,-0.037875466,-0.038223382,-0.0404346,0,,,,,,,
205,1.025,-0.045829173,-0.049001586,-0.051322773,-0.05196913,0,,,,,,,
206,1.03,-0.04478622,-0.043082085,-0.045855746,-0.04257181,0,,,,,,,
207,1.035,-0.026606621,-0.02065978,-0.021299988,-0.01308376,0,,,,,,,
208,1.04,-0.0029117044,0.008342183,0.011825824,0.023429193,0,,,,,,,
209,1.045,0.012563499,0.02955817,0.037319444,0.04852881,0,,,,,,,
210,1.05,0.014150502,0.033815287,0.04397979,0.050352965,0,,,,,,,
211,1.055,0.0069453255,0.02318027,0.032836895,0.031196803,0,,,,,,,
212,1.06,4.4776185e-05,0.007851867,0.0146451,0.0044163605,0,,,,,,,
213,1.065,-0.0017338035,-0.002720974,0.00037917675,-0.016226558,0,,,,,,,
214,1.07,0.0007395706,-0.0060520014,-0.006447161,-0.02547543,0,,,,,,,
215,1.075,0.005320436,-0.0057923417,-0.009737298,-0.02724678,0,,,,,,,
216,1.08,0.010980253,-0.0069012903,-0.014981694,-0.028439255,0,,,,,,,
217,1.085,0.015062339,-0.011971889,-0.02380237,-0.032174047,0,,,,,,,
218,1.09,0.011480385,-0.020186359,-0.03268942,-0.035403486,0,,,,,,,
219,1.095,-0.0039603263,-0.027413718,-0.03536283,-0.031478155,0,,,,,,,
220,1.1,-0.025232986,-0.027227141,-0.026569925,-0.015267271,0,,,,,,,
221,1.105,-0.036062893,-0.014343431,-0.005795766,0.01224876,0,,,,,,,
222,1.11,-0.022598974,0.010139753,0.020626215,0.042576164,0,,,,,,,
223,1.115,0.011599386,0.036211055,0.041144673,0.062987246,0,,,,,,,
224,1.12,0.04421686,0.049441125,0.045108944,0.06350114,0,,,,,,,
225,1.125,0.05080269,0.04102505,0.030283406,0.04358132,0,,,,,,,
226,1.13,0.025682043,0.015666597,0.005928997,0.013531393,0,,,,,,,
227,1.135,-0.012302496,-0.010343376,-0.0123236915,-0.011545348,0,,,,,,,
228,1.14,-0.035426497,-0.020880358,-0.01332758,-0.021708662,0,,,,,,,
229,1.145,-0.030320277,-0.012524162,0.0009599416,-0.018554637,0,,,,,,,
230,1.15,-0.0077336286,0.0030428616,0.016486939,-0.012492895,0,,,,,,,
231,1.155,0.009498747,0.009412001,0.017917851,-0.012967682,0,,,,,,,
232,1.16,0.007999828,-0.0003735136,0.0010168636,-0.020296637,0,,,,,,,
233,1.165,-0.0057903123,-0.01853837,-0.023636648,-0.02658366,0,,,,,,,
234,1.17,-0.015173498,-0.030534575,-0.03894319,-0.024462007,0,,,,,,,
235,1.175,-0.011443491,-0.028176848,-0.034831345,-0.01478137,0,,,,,,,
236,1.18,-0.001947419,-0.015756289,-0.01594944,-0.0057200463,0,,,,,,,
237,1.185,-0.0007254443,-0.004525283,0.0025781833,-0.0045722653,0,,,,,,,
238,1.19,-0.012312538,-0.0017576843,0.0077004377,-0.010309231,0,,,,,,,
239,1.195,-0.025170213,-0.004315189,-0.0007471443,-0.01354131,0,,,,,,,
240,1.2,-0.021009661,-0.0016183098,-0.009649219,-0.003577329,0,,,,,,,
241,1.205,0.008459757,0.014772869,-0.0035196792,0.022900406,0,,,,,,,
242,1.21,0.051764432,0.04225776,0.02131423,0.057269342,0,,,,,,,
243,1.215,0.0831913,0.06591496,0.050897077,0.081579015,0,,,,,,,
244,1.22,0.080057435,0.067192055,0.06241531,0.07803144,0,,,,,,,
245,1.225,0.039346855,0.03776517,0.04207695,0.04098623,0,,,,,,,
246,1.23,-0.018635517,-0.0116376765,-0.002119873,-0.016300721,0,,,,,,,
247,1.235,-0.062868506,-0.05577127,-0.044190355,-0.06685564,0,,,,,,,
248,1.24,-0.07181327,-0.07123306,-0.058688898,-0.08595731,0,,,,,,,
249,1.245,-0.046832282,-0.05280362,-0.039465338,-0.06738511,0,,,,,,,
250,1.25,-0.009663762,-0.016870065,-0.0036520283,-0.027433546,0,,,,,,,
251,1.255,0.013354251,0.010887105,0.02188597,0.0069663366,0,,,,,,,
252,1.26,0.008607156,0.013762589,0.020310951,0.016995767,0,,,,,,,
253,1.265,-0.017430903,-0.0056789946,-0.0045121703,0.0033061493,0,,,,,,,
254,1.27,-0.044314604,-0.029875286,-0.033193965,-0.0175705,0,,,,,,,
255,1.275,-0.051635332,-0.039961923,-0.04586944,-0.027061716,0,,,,,,,
256,1.28,-0.031188564,-0.027646944,-0.03478092,-0.01689521,0,,,,,,,
257,1.285,0.009725591,0.0023369715,-0.0061596306,0.00844596,0,,,,,,,
258,1.29,0.05410046,0.03799831,0.027085101,0.03802629,0,,,,,,,
259,1.295,0.08469849,0.067251086,0.0537876,0.061844163,0,,,,,,,
260,1.3,0.091138855,0.08143206,0.06766492,0.07342229,0,,,,,,,
261,1.305,0.0722102,0.07576177,0.06573893,0.06863512,0,,,,,,,
262,1.31,0.034735892,0.050024964,0.047072727,0.045688152,0,,,,,,,
263,1.315,-0.009142914,0.010125137,0.0145187145,0.0079492545,0,,,,,,,
264,1.32,-0.04593236,-0.03237718,-0.023313975,-0.034321696,0,,,,,,,
265,1.325,-0.06585524,-0.06480118,-0.054231185,-0.06765034,0,,,,,,,
266,1.33,-0.066878475,-0.07942904,-0.068733685,-0.08276476,0,,,,,,,
267,1.335,-0.054528307,-0.07615164,-0.06534271,-0.07913229,0,,,,,,,
268,1.34,-0.03713704,-0.05993794,-0.050276916,-0.06258606,0,,,,,,,
269,1.345,-0.020569343,-0.036651593,-0.032107558,-0.03933418,0,,,,,,,
270,1.35,-0.0069239987,-0.0114594465,-0.016264433,-0.012893249,0,,,,,,,
271,1.355,0.0031950264,0.01054121,-0.0032481935,0.0140591115,0,,,,,,,
272,1.36,0.009508938,0.025292525,0.009686555,0.037239503,0,,,,,,,
273,1.365,0.014159285,0.033181533,0.025778597,0.05216141,0,,,,,,,
274,1.37,0.022899263,0.04017897,0.046228137,0.05793695,0,,,,,,,
275,1.375,0.04042981,0.05246358,0.06795372,0.058058817,0,,,,,,,
276,1.38,0.06253518,0.06802782,0.08275062,0.0560609,0,,,,,,,
277,1.385,0.07445396,0.07460345,0.08016612,0.050587997,0,,,,,,,
278,1.39,0.060755618,0.05861508,0.05431372,0.03603593,0,,,,,,,
279,1.395,0.019737579,0.018363295,0.010255235,0.0091219945,0,,,,,,,
280,1.4,-0.03130473,-0.031162469,-0.036250137,-0.025077406,0,,,,,,,
281,1.405,-0.06634533,-0.06747457,-0.06734641,-0.054213542,0,,,,,,,
282,1.41,-0.06874193,-0.07640847,-0.07423526,-0.066660576,0,,,,,,,
283,1.415,-0.04267872,-0.061218847,-0.062007196,-0.05961336,0,,,,,,,
284,1.42,-0.009573388,-0.03805028,-0.044269364,-0.040561706,0,,,,,,,
285,1.425,0.0069831377,-0.022732947,-0.03232658,-0.021435777,0,,,,,,,
286,1.43,-0.0030575844,-0.019972298,-0.027835771,-0.010518591,0,,,,,,,
287,1.435,-0.029683657,-0.022304224,-0.024039635,-0.008027689,0,,,,,,,
288,1.44,-0.049390927,-0.01781663,-0.01314749,-0.0076554054,0,,,,,,,
289,1.445,-0.041346665,2.2438126e-05,0.006809595,-0.0021235086,0,,,,,,,
290,1.45,-0.0031343743,0.027184827,0.030506348,0.011262213,0,,,,,,,
291,1.455,0.045638777,0.05153937,0.049184684,0.028571755,0,,,,,,,
292,1.46,0.07631355,0.06100587,0.05625365,0.041881923,0,,,,,,,
293,1.465,0.071876094,0.05168526,0.050736457,0.04464981,0,,,,,,,
294,1.47,0.038751896,0.03001833,0.036767747,0.035927154,0,,,,,,,
295,1.475,-8.023202e-05,0.007400448,0.020105515,0.020392457,0,,,,,,,
296,1.48,-0.0239889,-0.008180297,0.004511351,0.0045441347,0,,,,,,,
297,1.485,-0.028650673,-0.016458808,-0.009298419,-0.007585869,0,,,,,,,
298,1.49,-0.02399786,-0.022004034,-0.021722762,-0.01587379,0,,,,,,,
299,1.495,-0.020732736,-0.027624527,-0.0316654,-0.02218117,0,,,,,,,
300,1.5,-0.019670771,-0.030640723,-0.036088478,-0.027261803,0,,,,,,,
301,1.505,-0.0133142555,-0.025384339,-0.03224178,-0.029107116,0,,,,,,,
302,1.51,0.0038910548,-0.009272593,-0.020260278,-0.02388245,0,,,,,,,
303,1.515,0.027783414,0.013249015,-0.0035905123,-0.008948909,0,,,,,,,
304,1.52,0.046326283,0.03235202,0.012840805,0.013695174,0,,,,,,,
305,1.525,0.048371326,0.038685877,0.02470925,0.035999514,0,,,,,,,
306,1.53,0.031290535,0.029097872,0.029224886,0.04666294,0,,,,,,,
307,1.535,0.0022195675,0.008561962,0.025516221,0.037896626,0,,,,,,,
308,1.54,-0.026341276,-0.012503297,0.015439813,0.012061998,0,,,,,,,
309,1.545,-0.042823132,-0.023826294,0.003983265,-0.01760474,0,,,,,,,
310,1.55,-0.041828997,-0.020892585,-0.0027479662,-0.034569968,0,,,,,,,
311,1.555,-0.02670069,-0.007672235,-0.0020545977,-0.03047036,0,,,,,,,
312,1.56,-0.008051622,0.005349192,0.0017949685,-0.011723106,0,,,,,,,
313,1.565,0.0021523328,0.0073716077,-0.0006046797,0.0047333394,0,,,,,,,
314,1.57,-0.0016514378,-0.005535321,-0.01614972,0.0041969996,0,,,,,,,
315,1.575,-0.014443654,-0.026978144,-0.04140946,-0.014204501,0,,,,,,,
316,1.58,-0.02404368,-0.04357894,-0.06224612,-0.036498353,0,,,,,,,
317,1.585,-0.020272704,-0.04360759,-0.06303937,-0.044581626,0,,,,,,,
318,1.59,-0.002686854,-0.024987929,-0.038810674,-0.030097587,0,,,,,,,
319,1.595,0.019441089,0.0034652902,0.00019553835,-0.00020052875,0,,,,,,,
320,1.6,0.034411605,0.028606601,0.03587808,0.028983835,0,,,,,,,
321,1.605,0.035959963,0.041836035,0.055228684,0.044737335,0,,,,,,,
322,1.61,0.02550444,0.04301416,0.057540875,0.045126054,0,,,,,,,
323,1.615,0.0088630095,0.03711644,0.050548635,0.036341827,0,,,,,,,
324,1.62,-0.0075884094,0.028227786,0.04097644,0.024779586,0,,,,,,,
325,1.625,-0.017995322,0.017180452,0.029443376,0.012466032,0,,,,,,,
326,1.63,-0.017303662,0.0041064867,0.013649556,-0.0008627784,0,,,,,,,
327,1.635,-0.0040671835,-0.008534673,-0.0054439125,-0.013480757,0,,,,,,,
328,1.64,0.015834738,-0.01665502,-0.021998774,-0.021099124,0,,,,,,,
329,1.645,0.03058221,-0.017852997,-0.029625833,-0.020418601,0,,,,,,,
330,1.65,0.030998955,-0.013000098,-0.026448281,-0.012180739,0,,,,,,,
331,1.655,0.019060452,-0.004605414,-0.015990268,-0.00038398532,0,,,,,,,
332,1.66,0.0062783556,0.0049868342,-0.0043424396,0.010635348,0,,,,,,,
333,1.665,0.0017556032,0.012841746,0.0027882268,0.017630657,0,,,,,,,
334,1.67,0.0021714813,0.014098855,0.0015458614,0.017885366,0,,,,,,,
335,1.675,-0.004508035,0.0041076858,-0.008766805,0.009411929,0,,,,,,,
336,1.68,-0.024579674,-0.016217086,-0.023972454,-0.0066986717,0,,,,,,,
337,1.685,-0.049108762,-0.037619688,-0.035224535,-0.024461467,0,,,,,,,
338,1.69,-0.060477532,-0.047213927,-0.033421565,-0.03535388,0,,,,,,,
339,1.695,-0.048737723,-0.038086396,-0.015915193,-0.034272224,0,,,,,,,
340,1.7,-0.020987913,-0.015277707,0.010076604,-0.023814179,0,,,,,,,
341,1.705,0.00524222,0.007727702,0.031247102,-0.012265923,0,,,,,,,
342,1.71,0.0169829,0.019149715,0.037038386,-0.0065600877,0,,,,,,,
343,1.715,0.014509089,0.017070392,0.02688626,-0.006433057,0,,,,,,,
344,1.72,0.007602711,0.009468902,0.010398781,-0.0048962426,0,,,,,,,
345,1.725,0.0059420224,0.007246917,0.0004513173,0.005616038,0,,,,,,,
346,1.73,0.013188322,0.016176675,0.004207496,0.026633207,0,,,,,,,
347,1.735,0.027315559,0.03311034,0.018280476,0.051504012,0,,,,,,,
348,1.74,0.043211453,0.048171293,0.031322338,0.06888687,0,,,,,,,
349,1.745,0.054380793,0.05114918,0.032172505,0.06930252,0,,,,,,,
350,1.75,0.054606456,0.03804953,0.017541997,0.05055614,0,,,,,,,
351,1.755,0.040705737,0.013333013,-0.0065903324,0.0186484,0,,,,,,,
352,1.76,0.014489029,-0.013982028,-0.030525481,-0.016316874,0,,,,,,,
353,1.765,-0.018393643,-0.03717431,-0.047951385,-0.046121966,0,,,,,,,
354,1.77,-0.05139014,-0.055341154,-0.058172937,-0.06764885,0,,,,,,,
355,1.775,-0.07825595,-0.07017626,-0.062334787,-0.08107964,0,,,,,,,
356,1.78,-0.09215145,-0.07966439,-0.058791816,-0.08559531,0,,,,,,,
357,1.785,-0.08631786,-0.07624469,-0.043340307,-0.07754854,0,,,,,,,
358,1.79,-0.058450595,-0.05269044,-0.014301128,-0.053479057,0,,,,,,,
359,1.795,-0.014987479,-0.010469357,0.023150573,-0.0151649015,0,,,,,,,
360,1.8,0.030449975,0.037990242,0.05831164,0.028459318,0,,,,,,,
361,1.805,0.0645588,0.07599383,0.08089017,0.06487427,0,,,,,,,
362,1.81,0.08115321,0.09254302,0.086161256,0.084496565,0,,,,,,,
363,1.815,0.081326306,0.08742175,0.07560897,0.08539058,0,,,,,,,
364,1.82,0.06851251,0.06852424,0.054172203,0.073233776,0,,,,,,,
365,1.825,0.04514064,0.04515565,0.027442245,0.057008103,0,,,,,,,
366,1.83,0.014412936,0.022879789,0.00033149048,0.043240897,0,,,,,,,
367,1.835,-0.016443351,0.0026199569,-0.023523945,0.03221702,0,,,,,,,
368,1.84,-0.03739721,-0.016882505,-0.042173795,0.018601848,0,,,,,,,
369,1.845,-0.041899398,-0.03581381,-0.05494778,-0.003625155,0,,,,,,,
370,1.85,-0.032265265,-0.051600117,-0.061103202,-0.035179354,0,,,,,,,
371,1.855,-0.018231751,-0.059906255,-0.059029125,-0.068994954,0,,,,,,,
372,1.86,-0.009541423,-0.05762987,-0.04750339,-0.09354319,0,,,,,,,
373,1.865,-0.009458827,-0.04567313,-0.028200036,-0.099727035,0,,,,,,,
374,1.87,-0.014929824,-0.029283635,-0.006742314,-0.08626557,0,,,,,,,
375,1.875,-0.022036798,-0.015497088,0.009414092,-0.059802867,0,,,,,,,
376,1.88,-0.02999494,-0.009207973,0.015061611,-0.030196259,0,,,,,,,
377,1.885,-0.038963344,-0.010115365,0.010350616,-0.004770308,0,,,,,,,
378,1.89,-0.044562027,-0.012302183,0.0008996627,0.014694986,0,,,,,,,
379,1.895,-0.037035502,-0.007264114,-0.005047269,0.030976817,0,,,,,,,
380,1.9,-0.008964357,0.010397892,-0.00097042887,0.04769196,0,,,,,,,
381,1.905,0.03468268,0.037827197,0.014077344,0.06533895,0,,,,,,,
382,1.91,0.07540902,0.0637155,0.034279983,0.07960288,0,,,,,,,
383,1.915,0.09293463,0.07474704,0.049843963,0.08335614,0,,,,,,,
384,1.92,0.08058921,0.06471835,0.052701656,0.07152495,0,,,,,,,
385,1.925,0.050256357,0.03915061,0.041543886,0.04552749,0,,,,,,,
386,1.93,0.02214246,0.011415024,0.022489624,0.01359575,0,,,,,,,
387,1.935,0.008730192,-0.0065163695,0.0047961553,-0.013821803,0,,,,,,,
388,1.94,0.006963339,-0.011295001,-0.0051121926,-0.030219585,0,,,,,,,
389,1.945,0.0042899833,-0.0082878955,-0.006845731,-0.035883635,0,,,,,,,
390,1.95,-0.008336893,-0.0057033515,-0.004665917,-0.0355179,0,,,,,,,
391,1.955,-0.028627774,-0.008408743,-0.003671159,-0.033543605,0,,,,,,,
392,1.96,-0.046685826,-0.016307695,-0.0072333124,-0.03179033,0,,,,,,,
393,1.965,-0.055748682,-0.027328309,-0.017095124,-0.031132655,0,,,,,,,
394,1.97,-0.058931753,-0.040738948,-0.03408663,-0.03380666,0,,,,,,,
395,1.975,-0.06483726,-0.056610797,-0.056800332,-0.042123087,0,,,,,,,
396,1.98,-0.07595115,-0.07177684,-0.07876245,-0.053694673,0,,,,,,,
397,1.985,-0.08172116,-0.077274024,-0.08810746,-0.058615815,0,,,,,,,
398,1.99,-0.064842395,-0.06204009,-0.073001586,-0.04399132,0,,,,,,,
399,1.995,-0.016885849,-0.021891039,-0.030709142,-0.004543932,0,,,,,,,
400,2.0,0.050462946,0.033471223,0.026866725,0.049311448,0,400,2.0,3.1157031059265137,0,0.8905695676803589,0.1094303578138351,True
401,2.005,0.10973886,0.08293672,0.077422984,0.09461785,0,400,2.0,3.1157031059265137,0,0.8905695676803589,0.1094303578138351,True
402,2.01,0.13544537,0.1061228,0.10105914,0.110030815,0,400,2.0,3.1157031059265137,0,0.8905695676803589,0.1094303578138351,True
403,2.015,0.12100705,0.09639204,0.09252059,0.09036085,0,400,2.0,3.1157031059265137,0,0.8905695676803589,0.1094303578138351,True
404,2.02,0.081229396,0.0641746,0.06316587,0.049359255,0,404,2.02,3.120293378829956,0,0.8870992064476013,0.112900786101818,True
405,2.025,0.039212346,0.028032156,0.03127381,0.008527242,0,404,2.02,3.120293378829956,0,0.8870992064476013,0.112900786101818,True
406,2.03,0.009635609,0.0015830048,0.009325324,-0.01789935,0,404,2.02,3.120293378829956,0,0.8870992064476013,0.112900786101818,True
407,2.035,-0.007999606,-0.012653576,-0.001108448,-0.028985266,0,404,2.02,3.120293378829956,0,0.8870992064476013,0.112900786101818,True
408,2.04,-0.022657719,-0.019009357,-0.004368831,-0.030980222,0,408,2.04,3.1243345737457275,0,0.8782658576965332,0.1217341572046279,True
409,2.045,-0.039725423,-0.020605376,-0.0030182113,-0.027712146,0,408,2.04,3.1243345737457275,0,0.8782658576965332,0.1217341572046279,True
410,2.05,-0.054925695,-0.016483068,0.003637301,-0.018116973,0,408,2.04,3.1243345737457275,0,0.8782658576965332,0.1217341572046279,True
411,2.055,-0.05888012,-0.0061155385,0.013937151,-0.0024068144,0,408,2.04,3.1243345737457275,0,0.8782658576965332,0.1217341572046279,True
412,2.06,-0.047432743,0.0047757975,0.018862896,0.0115438085,0,412,2.06,3.1288530826568604,0,0.888045072555542,0.1119548752903938,True
413,2.065,-0.028057981,0.004655899,0.0053249467,0.010433185,0,412,2.06,3.1288530826568604,0,0.888045072555542,0.1119548752903938,True
414,2.07,-0.01590377,-0.015646208,-0.032989487,-0.013743723,0,412,2.06,3.1288530826568604,0,0.888045072555542,0.1119548752903938,True
415,2.075,-0.021654055,-0.05311044,-0.086208485,-0.053702928,0,412,2.06,3.1288530826568604,0,0.888045072555542,0.1119548752903938,True
416,2.08,-0.04086408,-0.08973265,-0.1295249,-0.087410934,0,416,2.08,3.132845640182495,0,0.8878322839736938,0.1121677309274673,True
417,2.085,-0.054454748,-0.10096546,-0.13628387,-0.090665214,0,416,2.08,3.132845640182495,0,0.8878322839736938,0.1121677309274673,True
418,2.09,-0.041727733,-0.071165495,-0.09462075,-0.05326569,0,416,2.08,3.132845640182495,0,0.8878322839736938,0.1121677309274673,True
419,2.095,0.0031816708,-0.0056321835,-0.016116064,0.013040316,0,416,2.08,3.132845640182495,0,0.8878322839736938,0.1121677309274673,True
420,2.1,0.064211875,0.06989446,0.06957454,0.080665216,0,420,2.1,3.1370937824249268,0,0.8884923458099365,0.1115076765418052,True
421,2.105,0.11179145,0.12281271,0.13029182,0.121702515,0,420,2.1,3.1370937824249268,0,0.8884923458099365,0.1115076765418052,True
422,2.11,0.12111354,0.13142243,0.14682549,0.12193479,0,420,2.1,3.1370937824249268,0,0.8884923458099365,0.1115076765418052,True
423,2.115,0.08725232,0.095375985,0.119486876,0.08513053,0,420,2.1,3.1370937824249268,0,0.8884923458099365,0.1115076765418052,True
424,2.12,0.026816789,0.03326222,0.0642697,0.027720053,0,424,2.12,3.1409308910369877,0,0.8789284229278564,0.1210715547204017,True
425,2.125,-0.033962857,-0.02924159,0.0033250633,-0.030172223,0,424,2.12,3.1409308910369877,0,0.8789284229278564,0.1210715547204017,True
426,2.13,-0.075110234,-0.07212039,-0.044303197,-0.07191009,0,424,2.12,3.1409308910369877,0,0.8789284229278564,0.1210715547204017,True
427,2.135,-0.09104936,-0.087449506,-0.06811589,-0.08818296,0,424,2.12,3.1409308910369877,0,0.8789284229278564,0.1210715547204017,True
428,2.14,-0.086427055,-0.07772211,-0.06693625,-0.078178525,0,428,2.14,3.145930767059326,0,0.8648555874824524,0.13514444231987,True
429,2.145,-0.06588144,-0.049914114,-0.046265565,-0.048603356,0,428,2.14,3.145930767059326,0,0.8648555874824524,0.13514444231987,True
430,2.15,-0.029266743,-0.011309978,-0.014948263,-0.010896001,0,428,2.14,3.145930767059326,0,0.8648555874824524,0.13514444231987,True
431,2.155,0.02229988,0.029905252,0.016492695,0.022378702,0,428,2.14,3.145930767059326,0,0.8648555874824524,0.13514444231987,True
432,2.16,0.076727904,0.062261272,0.036481652,0.04094595,0,432,2.16,3.149930000305176,0,0.8836552500724792,0.1163447201251983,True
433,2.165,0.11062332,0.07274894,0.03516052,0.039866127,0,432,2.16,3.149930000305176,0,0.8836552500724792,0.1163447201251983,True
434,2.17,0.10301426,0.05446995,0.010394849,0.021912988,0,432,2.16,3.149930000305176,0,0.8836552500724792,0.1163447201251983,True
435,2.175,0.05283288,0.014325661,-0.027370794,-0.0024029596,0,432,2.16,3.149930000305176,0,0.8836552500724792,0.1163447201251983,True
436,2.18,-0.015972102,-0.027654678,-0.057786867,-0.018990671,0,436,2.18,3.153930425643921,0,0.8824886679649353,0.1175113543868064,True
437,2.185,-0.06792009,-0.0493319,-0.06167862,-0.017507024,0,436,2.18,3.153930425643921,0,0.8824886679649353,0.1175113543868064,True
438,2.19,-0.07836544,-0.040344067,-0.03329916,0.0025596144,0,436,2.18,3.153930425643921,0,0.8824886679649353,0.1175113543868064,True
439,2.195,-0.048063837,-0.008317985,0.015541526,0.031437337,0,436,2.18,3.153930425643921,0,0.8824886679649353,0.1175113543868064,True
440,2.2,-0.00039178494,0.026928203,0.062430896,0.05463718,0,440,2.2,3.158178329467773,0,0.8874335885047913,0.1125663965940475,True
441,2.205,0.034953374,0.046168786,0.086939104,0.060695942,0,440,2.2,3.158178329467773,0,0.8874335885047913,0.1125663965940475,True
442,2.21,0.03966684,0.041248467,0.08044701,0.04642226,0,440,2.2,3.158178329467773,0,0.8874335885047913,0.1125663965940475,True
443,2.215,0.015323656,0.017278757,0.048484392,0.01740201,0,440,2.2,3.158178329467773,0,0.8874335885047913,0.1125663965940475,True
444,2.22,-0.020498946,-0.012783002,0.0062367893,-0.015570533,0,444,2.22,3.1635568141937256,0,0.8838515877723694,0.1161484122276306,True
445,2.225,-0.046457246,-0.036293596,-0.029444525,-0.04200534,0,444,2.22,3.1635568141937256,0,0.8838515877723694,0.1161484122276306,True
446,2.23,-0.050573427,-0.047103282,-0.048151027,-0.056745235,0,444,2.22,3.1635568141937256,0,0.8838515877723694,0.1161484122276306,True
447,2.235,-0.036871407,-0.047379468,-0.050892506,-0.062102407,0,444,2.22,3.1635568141937256,0,0.8838515877723694,0.1161484122276306,True
448,2.24,-0.021199271,-0.044709302,-0.04870153,-0.06537114,0,448,2.24,3.1675362586975098,0,0.889766275882721,0.110233686864376,True
449,2.245,-0.01810565,-0.045731958,-0.05396416,-0.07227806,0,448,2.24,3.1675362586975098,0,0.889766275882721,0.110233686864376,True
450,2.25,-0.027745524,-0.049723428,-0.06904195,-0.080325894,0,448,2.24,3.1675362586975098,0,0.889766275882721,0.110233686864376,True
451,2.255,-0.033960592,-0.047127,-0.08119099,-0.07771017,0,448,2.24,3.1675362586975098,0,0.889766275882721,0.110233686864376,True
452,2.26,-0.017280873,-0.025977252,-0.070197016,-0.050673075,0,452,2.26,3.1675362586975098,0,0.8903568387031555,0.1096431910991668,True
453,2.265,0.026549282,0.017051658,-0.025073623,0.004546106,0,452,2.26,3.1675362586975098,0,0.8903568387031555,0.1096431910991668,True
454,2.27,0.07894424,0.069833875,0.043295626,0.0743562,0,452,2.26,3.1675362586975098,0,0.8903568387031555,0.1096431910991668,True
455,2.275,0.11035499,0.10960442,0.10562547,0.13250144,0,452,2.26,3.1675362586975098,0,0.8903568387031555,0.1096431910991668,True
456,2.28,0.102961004,0.1176418,0.13317677,0.15530285,0,456,2.28,3.1748597621917725,0,0.8901844620704651,0.1098155006766319,True
457,2.285,0.064925104,0.09284079,0.11783291,0.1368535,0,456,2.28,3.1748597621917725,0,0.8901844620704651,0.1098155006766319,True
458,2.29,0.023883978,0.052873053,0.077035606,0.09250899,0,456,2.28,3.1748597621917725,0,0.8901844620704651,0.1098155006766319,True
459,2.295,0.0053067566,0.021322034,0.03958198,0.047610827,0,456,2.28,3.1748597621917725,0,0.8901844620704651,0.1098155006766319,True
460,2.3,0.01346498,0.010582954,0.023957659,0.019759065,0,460,2.3,3.176986694335937,0,0.8551148176193237,0.1448852270841598,True
461,2.305,0.029197173,0.013642343,0.026273172,0.007824947,0,460,2.3,3.176986694335937,0,0.8551148176193237,0.1448852270841598,True
462,2.31,0.024839142,0.010691601,0.026098732,-0.0044664443,0,460,2.3,3.176986694335937,0,0.8551148176193237,0.1448852270841598,True
463,2.315,-0.015061191,-0.01481883,0.0040698913,-0.03366046,0,460,2.3,3.176986694335937,0,0.8551148176193237,0.1448852270841598,True
464,2.32,-0.08125593,-0.06276453,-0.04286887,-0.08192807,0,464,2.32,3.176986694335937,0,0.8799867033958435,0.1200132966041565,True
465,2.325,-0.14375813,-0.11516611,-0.09913426,-0.13353369,0,464,2.32,3.176986694335937,0,0.8799867033958435,0.1200132966041565,True
466,2.33,-0.17010479,-0.1475233,-0.1409729,-0.16455817,0,464,2.32,3.176986694335937,0,0.8799867033958435,0.1200132966041565,True
467,2.335,-0.14587083,-0.1438798,-0.1507719,-0.15809083,0,464,2.32,3.176986694335937,0,0.8799867033958435,0.1200132966041565,True
468,2.34,-0.08281006,-0.10491042,-0.12532037,-0.11378625,0,468,2.34,3.176986694335937,0,0.8889800906181335,0.1110199689865112,True
469,2.345,-0.00897021,-0.04486193,-0.07445996,-0.04626678,0,468,2.34,3.176986694335937,0,0.8889800906181335,0.1110199689865112,True
470,2.35,0.050219275,0.01783793,-0.014024603,0.024100492,0,468,2.34,3.176986694335937,0,0.8889800906181335,0.1110199689865112,True
471,2.355,0.084209196,0.068266355,0.040678877,0.08017773,0,468,2.34,3.176986694335937,0,0.8889800906181335,0.1110199689865112,True
472,2.36,0.09558454,0.09752565,0.07816044,0.11210983,0,472,2.36,3.192559003829956,0,0.8682926297187805,0.1317073404788971,True
473,2.365,0.09109369,0.1027454,0.0925339,0.11759985,0,472,2.36,3.192559003829956,0,0.8682926297187805,0.1317073404788971,True
474,2.37,0.07662084,0.08776697,0.085604794,0.10138538,0,472,2.36,3.192559003829956,0,0.8682926297187805,0.1317073404788971,True
475,2.375,0.058561422,0.06327663,0.06746762,0.07409411,0,472,2.36,3.192559003829956,0,0.8682926297187805,0.1317073404788971,True
476,2.38,0.0446736,0.04275151,0.052181322,0.048402153,0,476,2.38,3.192559003829956,0,0.8715276718139648,0.1284723579883575,True
477,2.385,0.039291732,0.03438326,0.04891035,0.0325594,0,476,2.38,3.192559003829956,0,0.8715276718139648,0.1284723579883575,True
478,2.39,0.0374412,0.034962654,0.05471438,0.02544899,0,476,2.38,3.192559003829956,0,0.8715276718139648,0.1284723579883575,True
479,2.395,0.026577255,0.032040738,0.055943925,0.01786671,0,476,2.38,3.192559003829956,0,0.8715276718139648,0.1284723579883575,True
480,2.4,-0.0026914864,0.013884193,0.038586583,-3.256535e-05,0,480,2.4,3.192559003829956,0,0.8585816621780396,0.141418382525444,True
481,2.405,-0.04610625,-0.02065755,-0.00031840062,-0.03070843,0,480,2.4,3.192559003829956,0,0.8585816621780396,0.141418382525444,True
482,2.41,-0.08610516,-0.060561277,-0.049570642,-0.06683817,0,480,2.4,3.192559003829956,0,0.8585816621780396,0.141418382525444,True
483,2.415,-0.10376479,-0.09017236,-0.091174595,-0.09579874,0,480,2.4,3.192559003829956,0,0.8585816621780396,0.141418382525444,True
484,2.42,-0.09211109,-0.09900363,-0.111392364,-0.1067559,0,484,2.42,3.192559003829956,0,0.8746790885925293,0.1253209114074707,True
485,2.425,-0.05960254,-0.08614532,-0.10665808,-0.095187575,0,484,2.42,3.192559003829956,0,0.8746790885925293,0.1253209114074707,True
486,2.43,-0.022069838,-0.057709888,-0.0816431,-0.06328372,0,484,2.42,3.192559003829956,0,0.8746790885925293,0.1253209114074707,True
487,2.435,0.008667389,-0.021687862,-0.043890376,-0.018148541,0,484,2.42,3.192559003829956,0,0.8746790885925293,0.1253209114074707,True
488,2.44,0.030230235,0.015208662,-0.0004909618,0.030282617,0,488,2.44,3.207240104675293,0,0.8778074383735657,0.1221925541758537,True
489,2.445,0.046911504,0.048048843,0.04206959,0.07161599,0,488,2.44,3.207240104675293,0,0.8778074383735657,0.1221925541758537,True
490,2.45,0.06316597,0.073269755,0.07725094,0.097899824,0,488,2.44,3.207240104675293,0,0.8778074383735657,0.1221925541758537,True
491,2.455,0.07851659,0.08805733,0.09862616,0.10560313,0,488,2.44,3.207240104675293,0,0.8778074383735657,0.1221925541758537,True
492,2.46,0.08600497,0.08915133,0.10053021,0.094913356,0,492,2.46,3.209904670715332,0,0.8879184722900391,0.1120815128087997,True
493,2.465,0.074538164,0.07219264,0.07913012,0.06727003,0,492,2.46,3.209904670715332,0,0.8879184722900391,0.1120815128087997,True
494,2.47,0.03536095,0.03420045,0.035024244,0.02457441,0,492,2.46,3.209904670715332,0,0.8879184722900391,0.1120815128087997,True
495,2.475,-0.02906989,-0.020730093,-0.02307595,-0.028102884,0,492,2.46,3.209904670715332,0,0.8879184722900391,0.1120815128087997,True
496,2.48,-0.09978274,-0.077499844,-0.07749479,-0.07929398,0,496,2.48,3.209904670715332,0,0.8478337526321411,0.1521662324666977,True
497,2.485,-0.14673723,-0.11409763,-0.10761954,-0.11272267,0,496,2.48,3.209904670715332,0,0.8478337526321411,0.1521662324666977,True
498,2.49,-0.14548105,-0.11383014,-0.101232156,-0.11524877,0,496,2.48,3.209904670715332,0,0.8478337526321411,0.1521662324666977,True
499,2.495,-0.09450803,-0.077194184,-0.063136145,-0.08589267,0,496,2.48,3.209904670715332,0,0.8478337526321411,0.1521662324666977,True
500,2.5,-0.018621922,-0.022956349,-0.013229057,-0.03799525,0,500,2.5,3.209904670715332,0,0.8838304281234741,0.1161695420742034,True
501,2.505,0.046834227,0.02387702,0.02583921,0.00845476,0,500,2.5,3.209904670715332,0,0.8838304281234741,0.1161695420742034,True
502,2.51,0.07948564,0.048213914,0.042454693,0.038888387,0,500,2.5,3.209904670715332,0,0.8838304281234741,0.1161695420742034,True
503,2.515,0.08203778,0.052390464,0.040952556,0.05129533,0,500,2.5,3.209904670715332,0,0.8838304281234741,0.1161695420742034,True
504,2.52,0.07361642,0.04980525,0.034792684,0.05349569,0,504,2.52,3.209904670715332,0,0.8858685493469238,0.1141315251588821,True
505,2.525,0.06960323,0.05129978,0.03459042,0.05408634,0,504,2.52,3.209904670715332,0,0.8858685493469238,0.1141315251588821,True
506,2.53,0.06885258,0.056313686,0.040783845,0.055307522,0,504,2.52,3.209904670715332,0,0.8858685493469238,0.1141315251588821,True
507,2.535,0.058788285,0.05546423,0.045588568,0.053150747,0,504,2.52,3.209904670715332,0,0.8858685493469238,0.1141315251588821,True
508,2.54,0.03132842,0.04070552,0.04083705,0.042958613,0,508,2.54,3.2266781330108643,0,0.8882765173912048,0.1117235049605369,True
509,2.545,-0.006902133,0.013281099,0.024465613,0.024410576,0,508,2.54,3.2266781330108643,0,0.8882765173912048,0.1117235049605369,True
510,2.55,-0.039603483,-0.017044468,0.0011602073,0.0016690532,0,508,2.54,3.2266781330108643,0,0.8882765173912048,0.1117235049605369,True
511,2.555,-0.054984715,-0.039509345,-0.021682153,-0.020135468,0,508,2.54,3.2266781330108643,0,0.8882765173912048,0.1117235049605369,True
512,2.56,-0.054480456,-0.04919208,-0.038328893,-0.03769164,0,512,2.56,3.231309175491333,0,0.8819926381111145,0.1180074214935302,True
513,2.565,-0.04798737,-0.047779933,-0.046331108,-0.04905776,0,512,2.56,3.231309175491333,0,0.8819926381111145,0.1180074214935302,True
514,2.57,-0.042034835,-0.039481565,-0.045669753,-0.051842283,0,512,2.56,3.231309175491333,0,0.8819926381111145,0.1180074214935302,True
515,2.575,-0.034305673,-0.02744418,-0.0376416,-0.043626416,0,512,2.56,3.231309175491333,0,0.8819926381111145,0.1180074214935302,True
516,2.58,-0.020081362,-0.013966527,-0.024810612,-0.025275677,0,516,2.58,3.2343909740448,0,0.8892530798912048,0.1107469350099563,True
517,2.585,-0.0021684924,-0.0025699239,-0.011252918,-0.00349127,0,516,2.58,3.2343909740448,0,0.8892530798912048,0.1107469350099563,True
518,2.59,0.008511876,0.0022363772,-0.0015517238,0.011458514,0,516,2.58,3.2343909740448,0,0.8892530798912048,0.1107469350099563,True
519,2.595,0.003838596,-0.0015008661,0.0016056808,0.012339056,0,516,2.58,3.2343909740448,0,0.8892530798912048,0.1107469350099563,True
520,2.6,-0.010882646,-0.010013311,-0.00060856127,0.0005029824,0,520,2.6,3.2343909740448,0,0.8897521495819092,0.1102478802204132,True
521,2.605,-0.01951397,-0.01534873,-0.003762045,-0.014845072,0,520,2.6,3.2343909740448,0,0.8897521495819092,0.1102478802204132,True
522,2.61,-0.010002503,-0.011428615,-0.0034050476,-0.02348513,0,520,2.6,3.2343909740448,0,0.8897521495819092,0.1102478802204132,True
523,2.615,0.013240096,0.0006137697,0.0015540882,-0.021374062,0,520,2.6,3.2343909740448,0,0.8897521495819092,0.1102478802204132,True
524,2.62,0.03280866,0.0132027455,0.008388976,-0.012092335,0,524,2.62,3.2427821159362797,0,0.8880320191383362,0.1119679361581802,True
525,2.625,0.034905586,0.019148404,0.013625214,-0.0016828313,0,524,2.62,3.2427821159362797,0,0.8880320191383362,0.1119679361581802,True
526,2.63,0.022631234,0.018440207,0.016822917,0.007912578,0,524,2.62,3.2427821159362797,0,0.8880320191383362,0.1119679361581802,True
527,2.635,0.012593602,0.018312737,0.021188047,0.02030013,0,524,2.62,3.2427821159362797,0,0.8880320191383362,0.1119679361581802,True
528,2.64,0.018137388,0.025926806,0.029907929,0.03931012,0,528,2.64,3.24613881111145,0,0.8893730044364929,0.1106270253658294,True
529,2.645,0.03566033,0.040264785,0.041398887,0.062006712,0,528,2.64,3.24613881111145,0,0.8893730044364929,0.1106270253658294,True
530,2.65,0.04720479,0.051128834,0.048253097,0.0773635,0,528,2.64,3.24613881111145,0,0.8893730044364929,0.1106270253658294,True
531,2.655,0.036726125,0.046780135,0.041720867,0.07308759,0,528,2.64,3.24613881111145,0,0.8893730044364929,0.1106270253658294,True
532,2.66,0.004867074,0.02372111,0.018607745,0.045384824,0,532,2.66,3.250147581100464,0,0.8899499773979187,0.1100500002503395,True
533,2.665,-0.030879023,-0.009854659,-0.014964999,0.0032332204,0,532,2.66,3.250147581100464,0,0.8899499773979187,0.1100500002503395,True
534,2.67,-0.05014016,-0.039631132,-0.04619503,-0.03677815,0,532,2.66,3.250147581100464,0,0.8899499773979187,0.1100500002503395,True
535,2.675,-0.045231175,-0.054665204,-0.06288285,-0.060892817,0,532,2.66,3.250147581100464,0,0.8899499773979187,0.1100500002503395,True
536,2.68,-0.02546949,-0.05310127,-0.060136817,-0.06555005,0,536,2.68,3.2546226978302,0,0.8824369311332703,0.1175630912184715,True
537,2.685,-0.007844964,-0.040613763,-0.042047344,-0.05659754,0,536,2.68,3.2546226978302,0,0.8824369311332703,0.1175630912184715,True
538,2.69,-0.0029775323,-0.024489848,-0.01795006,-0.04255851,0,536,2.68,3.2546226978302,0,0.8824369311332703,0.1175630912184715,True
539,2.695,-0.008152845,-0.009038534,0.0032919582,-0.028545612,0,536,2.68,3.2546226978302,0,0.8824369311332703,0.1175630912184715,True
540,2.7,-0.012229813,0.0045072376,0.016928343,-0.015423749,0,540,2.7,3.259339570999145,0,0.889535665512085,0.1104643642902374,True
541,2.705,-0.006989023,0.015111849,0.022323482,-0.0031813022,0,540,2.7,3.259339570999145,0,0.889535665512085,0.1104643642902374,True
542,2.71,0.0053861337,0.020068018,0.020855123,0.006199815,0,540,2.7,3.259339570999145,0,0.889535665512085,0.1104643642902374,True
543,2.715,0.014831296,0.01653443,0.014340119,0.009704211,0,540,2.7,3.259339570999145,0,0.889535665512085,0.1104643642902374,True
544,2.72,0.012815423,0.0050103497,0.0051074596,0.006839235,0,544,2.72,3.2633395195007324,0,0.8906843662261963,0.1093155816197395,True
545,2.725,-0.00038559092,-0.009151421,-0.0035309535,0.0014934281,0,544,2.72,3.2633395195007324,0,0.8906843662261963,0.1093155816197395,True
546,2.73,-0.01677363,-0.01855774,-0.008280008,-0.0006134907,0,544,2.72,3.2633395195007324,0,0.8906843662261963,0.1093155816197395,True
547,2.735,-0.02775177,-0.018939208,-0.008170619,0.0031897,0,544,2.72,3.2633395195007324,0,0.8906843662261963,0.1093155816197395,True
548,2.74,-0.029578278,-0.011866015,-0.0056005926,0.010384263,0,548,2.74,3.2668817043304443,0,0.890198290348053,0.1098017245531082,True
549,2.745,-0.022640355,-0.0022829473,-0.0040706615,0.016441684,0,548,2.74,3.2668817043304443,0,0.890198290348053,0.1098017245531082,True
550,2.75,-0.0076422906,0.0065834313,-0.0042530624,0.020066822,0,548,2.74,3.2668817043304443,0,0.890198290348053,0.1098017245531082,True
551,2.755,0.015224621,0.015536382,-0.002693167,0.024495728,0,548,2.74,3.2668817043304443,0,0.890198290348053,0.1098017245531082,True
552,2.76,0.04292105,0.026576694,0.0047482336,0.03289247,0,552,2.76,3.272165536880493,0,0.890077531337738,0.1099224016070365,True
553,2.765,0.06706473,0.0383505,0.017844617,0.042708464,0,552,2.76,3.272165536880493,0,0.890077531337738,0.1099224016070365,True
554,2.77,0.0769942,0.045219436,0.030664613,0.045586463,0,552,2.76,3.272165536880493,0,0.890077531337738,0.1099224016070365,True
555,2.775,0.06650028,0.04114391,0.03550707,0.033649772,0,552,2.76,3.272165536880493,0,0.890077531337738,0.1099224016070365,True
556,2.78,0.037864964,0.02441401,0.028328685,0.006295466,0,556,2.78,3.276228427886963,0,0.888758659362793,0.1112413182854652,True
557,2.785,1.1813592e-05,-0.00091598707,0.011112929,-0.028483305,0,556,2.78,3.276228427886963,0,0.888758659362793,0.1112413182854652,True
558,2.79,-0.036103267,-0.026937215,-0.009526757,-0.058329437,0,556,2.78,3.276228427886963,0,0.888758659362793,0.1112413182854652,True
559,2.795,-0.060549404,-0.044708062,-0.025292363,-0.07207248,0,556,2.78,3.276228427886963,0,0.888758659362793,0.1112413182854652,True
560,2.8,-0.066197254,-0.047182903,-0.029424034,-0.06380782,0,560,2.8,3.279372453689575,0,0.8826491236686707,0.1173509135842323,True
561,2.805,-0.05203389,-0.033024292,-0.020385545,-0.03580509,0,560,2.8,3.279372453689575,0,0.8826491236686707,0.1173509135842323,True
562,2.81,-0.026714912,-0.009782508,-0.004553687,0.00015356929,0,560,2.8,3.279372453689575,0,0.8826491236686707,0.1173509135842323,True
563,2.815,-0.0063358964,0.008045249,0.0058154413,0.026201863,0,560,2.8,3.279372453689575,0,0.8826491236686707,0.1173509135842323,True
564,2.82,-0.0038590534,0.008046454,0.0007300337,0.028274924,0,564,2.82,3.2833800315856934,0,0.8904992341995239,0.1095007881522178,True
565,2.825,-0.01755958,-0.009593773,-0.018444784,0.007175726,0,564,2.82,3.2833800315856934,0,0.8904992341995239,0.1095007881522178,True
566,2.83,-0.030366566,-0.02999787,-0.037635595,-0.019311715,0,564,2.82,3.2833800315856934,0,0.8904992341995239,0.1095007881522178,True
567,2.835,-0.023496574,-0.034172058,-0.03994444,-0.028297033,0,564,2.82,3.2833800315856934,0,0.8904992341995239,0.1095007881522178,True
568,2.84,0.0064685782,-0.014762281,-0.019778516,-0.010009139,0,568,2.84,3.287388801574707,0,0.8904677033424377,0.1095323711633682,True
569,2.845,0.042907547,0.016846199,0.011307616,0.023284946,0,568,2.84,3.287388801574707,0,0.8904677033424377,0.1095323711633682,True
570,2.85,0.062136386,0.039386824,0.033418767,0.046883427,0,568,2.84,3.287388801574707,0,0.8904677033424377,0.1095323711633682,True
571,2.855,0.052780923,0.039360624,0.034723517,0.044299893,0,568,2.84,3.287388801574707,0,0.8904677033424377,0.1095323711633682,True
572,2.86,0.024144102,0.021628788,0.020564564,0.020514162,0,572,2.86,3.292792320251465,0,0.8906567692756653,0.1093431860208511,True
573,2.865,-0.0032655427,0.0034591649,0.0068848208,-0.0040247412,0,572,2.86,3.292792320251465,0,0.8906567692756653,0.1093431860208511,True
574,2.87,-0.015020833,-0.0016186456,0.00486729,-0.012126867,0,572,2.86,3.292792320251465,0,0.8906567692756653,0.1093431860208511,True
575,2.875,-0.011644955,0.005618463,0.012093797,-0.0032441486,0,572,2.86,3.292792320251465,0,0.8906567692756653,0.1093431860208511,True
576,2.88,-0.0030012222,0.014145217,0.01794672,0.009738546,0,576,2.88,3.2968382835388184,0,0.8851220607757568,0.1148779690265655,True
577,2.885,0.0030232063,0.015106082,0.015767578,0.014439859,0,576,2.88,3.2968382835388184,0,0.8851220607757568,0.1148779690265655,True
578,2.89,0.005265695,0.009026968,0.008292082,0.008766981,0,576,2.88,3.2968382835388184,0,0.8851220607757568,0.1148779690265655,True
579,2.895,0.005207233,0.0019201704,0.0020107892,-0.0012008616,0,576,2.88,3.2968382835388184,0,0.8851220607757568,0.1148779690265655,True
580,2.9,0.0021480059,-0.002962237,-0.0011696194,-0.00964916,0,580,2.9,3.3008453845977783,0,0.8858392238616943,0.1141607165336608,True
581,2.905,-0.0054942067,-0.007696742,-0.0049260226,-0.0155735165,0,580,2.9,3.3008453845977783,0,0.8858392238616943,0.1141607165336608,True
582,2.91,-0.0154157,-0.0148409335,-0.012131728,-0.020279832,0,580,2.9,3.3008453845977783,0,0.8858392238616943,0.1141607165336608,True
583,2.915,-0.020810422,-0.022302287,-0.019815566,-0.023239177,0,580,2.9,3.3008453845977783,0,0.8858392238616943,0.1141607165336608,True
584,2.92,-0.016103877,-0.024450919,-0.02174473,-0.02199082,0,584,2.92,3.304852247238159,0,0.8882018327713013,0.1117981672286987,True
585,2.925,-0.0029617052,-0.018013498,-0.015367314,-0.015414334,0,584,2.92,3.304852247238159,0,0.8882018327713013,0.1117981672286987,True
586,2.93,0.010172884,-0.006000835,-0.0050865435,-0.0056529213,0,584,2.92,3.304852247238159,0,0.8882018327713013,0.1117981672286987,True
587,2.935,0.014479595,0.0042474,0.0013629514,0.0034193543,0,584,2.92,3.304852247238159,0,0.8882018327713013,0.1117981672286987,True
588,2.94,0.0066519305,0.006493094,-0.00081389624,0.008814818,0,588,2.94,3.309144973754883,0,0.8904940485954285,0.1095059737563133,True
589,2.945,-0.010088917,-0.0002991853,-0.010323168,0.009478668,0,588,2.94,3.309144973754883,0,0.8904940485954285,0.1095059737563133,True
590,2.95,-0.028197762,-0.01137481,-0.021062221,0.006161548,0,588,2.94,3.309144973754883,0,0.8904940485954285,0.1095059737563133,True
591,2.955,-0.037957974,-0.018397404,-0.025375882,0.0016127013,0,588,2.94,3.309144973754883,0,0.8904940485954285,0.1095059737563133,True
592,2.96,-0.030107481,-0.013459306,-0.01738291,0.00039742756,0,592,2.96,3.313097715377808,0,0.8908608555793762,0.1091391295194625,True
593,2.965,-0.0013108935,0.0059089484,0.0037980247,0.006424227,0,592,2.96,3.313097715377808,0,0.8908608555793762,0.1091391295194625,True
594,2.97,0.03977356,0.033205695,0.031869728,0.018937381,0,592,2.96,3.313097715377808,0,0.8908608555793762,0.1091391295194625,True
595,2.975,0.07322137,0.054709166,0.0548584,0.031050526,0,592,2.96,3.313097715377808,0,0.8908608555793762,0.1091391295194625,True
596,2.98,0.079248585,0.057486776,0.061379828,0.033748277,0,596,2.98,3.317051887512207,0,0.8902693390846252,0.1097307205200195,True
597,2.985,0.053056035,0.038632985,0.048055477,0.022870405,0,596,2.98,3.317051887512207,0,0.8902693390846252,0.1097307205200195,True
598,2.99,0.00947463,0.00783051,0.021866735,0.0027853134,0,596,2.98,3.317051887512207,0,0.8902693390846252,0.1097307205200195,True
599,2.995,-0.028510861,-0.019916916,-0.005221739,-0.017040895,0,596,2.98,3.317051887512207,0,0.8902693390846252,0.1097307205200195,True
600,3.0,-0.04771193,-0.03562999,-0.025042014,-0.029630184,0,600,3.0,3.3182177543640137,0,0.8712510466575623,0.1287489682435989,True
601,3.005,-0.05255819,-0.04179372,-0.037731726,-0.035168752,0,600,3.0,3.3182177543640137,0,0.8712510466575623,0.1287489682435989,True
602,3.01,-0.05611758,-0.04720285,-0.04835137,-0.038597442,0,600,3.0,3.3182177543640137,0,0.8712510466575623,0.1287489682435989,True
603,3.015,-0.0643722,-0.056475233,-0.059452545,-0.04291949,0,600,3.0,3.3182177543640137,0,0.8712510466575623,0.1287489682435989,True
604,3.02,-0.06963421,-0.064201966,-0.066788934,-0.044953857,0,604,3.02,3.325904130935669,0,0.8868219256401062,0.1131780743598938,True
605,3.025,-0.058365364,-0.05873696,-0.06169984,-0.037428457,0,604,3.02,3.325904130935669,0,0.8868219256401062,0.1131780743598938,True
606,3.03,-0.024042485,-0.031596262,-0.037492838,-0.015158045,0,604,3.02,3.325904130935669,0,0.8868219256401062,0.1131780743598938,True
607,3.035,0.027296528,0.01558128,0.0053445636,0.020110711,0,604,3.02,3.325904130935669,0,0.8868219256401062,0.1131780743598938,True
608,3.04,0.08140291,0.07086274,0.057907213,0.059507426,0,608,3.04,3.3288934230804443,0,0.8869718313217163,0.1130281761288642,True
609,3.045,0.12298057,0.11699259,0.10517017,0.090714626,0,608,3.04,3.3288934230804443,0,0.8869718313217163,0.1130281761288642,True
610,3.05,0.13943158,0.13767523,0.1305604,0.10273151,0,608,3.04,3.3288934230804443,0,0.8869718313217163,0.1130281761288642,True
611,3.055,0.12240839,0.123073004,0.12205138,0.08968306,0,608,3.04,3.3288934230804443,0,0.8869718313217163,0.1130281761288642,True
612,3.06,0.07127397,0.0739426,0.078233,0.05295135,0,612,3.06,3.3343098163604736,0,0.8900419473648071,0.109958030283451,True
613,3.065,-0.0024909978,0.0031074204,0.011048817,0.001294251,0,612,3.06,3.3343098163604736,0,0.8900419473648071,0.109958030283451,True
614,3.07,-0.076009884,-0.067782566,-0.05779184,-0.051414378,0,612,3.06,3.3343098163604736,0,0.8900419473648071,0.109958030283451,True
615,3.075,-0.12420306,-0.11640171,-0.10603134,-0.09060362,0,612,3.06,3.3343098163604736,0,0.8900419473648071,0.109958030283451,True
616,3.08,-0.13254592,-0.12937,-0.120744884,-0.10616904,0,616,3.08,3.337960720062256,0,0.8341553211212158,0.1658447086811065,True
617,3.085,-0.10406224,-0.107860945,-0.10307813,-0.09610133,0,616,3.08,3.337960720062256,0,0.8341553211212158,0.1658447086811065,True
618,3.09,-0.055630155,-0.06560276,-0.065527126,-0.06666446,0,616,3.08,3.337960720062256,0,0.8341553211212158,0.1658447086811065,True
619,3.095,-0.0073117823,-0.020560399,-0.024303414,-0.028939307,0,616,3.08,3.337960720062256,0,0.8341553211212158,0.1658447086811065,True
620,3.1,0.027137889,0.014153465,0.00822804,0.006301883,0,620,3.1,3.343124866485596,0,0.8840376138687134,0.1159623488783836,True
621,3.105,0.04340316,0.034458395,0.027275039,0.032469045,0,620,3.1,3.343124866485596,0,0.8840376138687134,0.1159623488783836,True
622,3.11,0.04429708,0.04312628,0.0348636,0.04796257,0,620,3.1,3.343124866485596,0,0.8840376138687134,0.1159623488783836,True
623,3.115,0.0359721,0.04465703,0.036349982,0.054340795,0,620,3.1,3.343124866485596,0,0.8840376138687134,0.1159623488783836,True
624,3.12,0.025085619,0.0418245,0.03651059,0.05374748,0,624,3.12,3.343124866485596,0,0.8863215446472168,0.1136785075068473,True
625,3.125,0.01671231,0.03555827,0.03694468,0.047328338,0,624,3.12,3.343124866485596,0,0.8863215446472168,0.1136785075068473,True
626,3.13,0.012450286,0.026370136,0.035737976,0.0352509,0,624,3.12,3.343124866485596,0,0.8863215446472168,0.1136785075068473,True
627,3.135,0.009706337,0.015052905,0.029424418,0.017925873,0,624,3.12,3.343124866485596,0,0.8863215446472168,0.1136785075068473,True
628,3.14,0.0037403475,0.0024899296,0.016118625,-0.0025444648,0,628,3.14,3.343124866485596,0,0.8876876831054688,0.1123122945427894,True
629,3.145,-0.0078071496,-0.010088156,-0.0021499805,-0.021820998,0,628,3.14,3.343124866485596,0,0.8876876831054688,0.1123122945427894,True
630,3.15,-0.02107121,-0.020107357,-0.019564299,-0.03442036,0,628,3.14,3.343124866485596,0,0.8876876831054688,0.1123122945427894,True
631,3.155,-0.026859935,-0.023603488,-0.029317297,-0.03619756,0,628,3.14,3.343124866485596,0,0.8876876831054688,0.1123122945427894,True
632,3.16,-0.017235631,-0.01761233,-0.027548067,-0.026860785,0,632,3.16,3.343124866485596,0,0.8855699896812439,0.1144300028681755,True
633,3.165,0.006765747,-0.0035709273,-0.015883772,-0.010735839,0,632,3.16,3.343124866485596,0,0.8855699896812439,0.1144300028681755,True
634,3.17,0.033401497,0.011940483,-0.0006275316,0.005134101,0,632,3.16,3.343124866485596,0,0.8855699896812439,0.1144300028681755,True
635,3.175,0.0472733,0.020914372,0.011105902,0.014602635,0,632,3.16,3.343124866485596,0,0.8855699896812439,0.1144300028681755,True
636,3.18,0.03985019,0.019274473,0.015491316,0.015356973,0,636,3.18,3.3603641986846924,0,0.8900164365768433,0.1099835634231567,True
637,3.185,0.014694952,0.009041184,0.013185875,0.009252501,0,636,3.18,3.3603641986846924,0,0.8900164365768433,0.1099835634231567,True
638,3.19,-0.016102342,-0.0042452156,0.0071409047,0.00028919877,0,636,3.18,3.3603641986846924,0,0.8900164365768433,0.1099835634231567,True
639,3.195,-0.039694704,-0.015573799,-0.00025716532,-0.0077414406,0,636,3.18,3.3603641986846924,0,0.8900164365768433,0.1099835634231567,True
640,3.2,-0.047917664,-0.022099806,-0.007832325,-0.012308104,0,640,3.2,3.3645219802856445,0,0.8865978121757507,0.1134021803736686,True
641,3.205,-0.038887966,-0.022418564,-0.014269006,-0.012178474,0,640,3.2,3.3645219802856445,0,0.8865978121757507,0.1134021803736686,True
642,3.21,-0.01746539,-0.016507857,-0.017557902,-0.0077132457,0,640,3.2,3.3645219802856445,0,0.8865978121757507,0.1134021803736686,True
643,3.215,0.0048126956,-0.0073166164,-0.016671794,-0.0014684454,0,640,3.2,3.3645219802856445,0,0.8865978121757507,0.1134021803736686,True
644,3.22,0.013822615,-0.0008551685,-0.013237389,0.002512748,0,644,3.22,3.366004943847656,0,0.8885908126831055,0.1114091873168945,True
645,3.225,0.002529899,-0.0018879347,-0.010099921,0.0016701734,0,644,3.22,3.366004943847656,0,0.8885908126831055,0.1114091873168945,True
646,3.23,-0.020255305,-0.0080951415,-0.007583733,-0.0019698371,0,644,3.22,3.366004943847656,0,0.8885908126831055,0.1114091873168945,True
647,3.235,-0.03270624,-0.009906678,-0.002281749,-0.0025070882,0,644,3.22,3.366004943847656,0,0.8885908126831055,0.1114091873168945,True
648,3.24,-0.01680344,0.0009927462,0.008695625,0.0042489367,0,648,3.24,3.366004943847656,0,0.8905874490737915,0.1094125881791114,True
649,3.245,0.02360309,0.02150194,0.021944745,0.015025113,0,648,3.24,3.366004943847656,0,0.8905874490737915,0.1094125881791114,True
650,3.25,0.061768334,0.03667228,0.027940292,0.019907795,0,648,3.24,3.366004943847656,0,0.8905874490737915,0.1094125881791114,True
651,3.255,0.06871333,0.03205506,0.019172981,0.010917608,0,648,3.24,3.366004943847656,0,0.8905874490737915,0.1094125881791114,True
652,3.26,0.03863553,0.008177203,-0.0010625387,-0.008966245,0,652,3.26,3.3760671615600586,0,0.8906013369560242,0.1093986257910728,True
653,3.265,-0.004882742,-0.01750042,-0.018865071,-0.025669163,0,652,3.26,3.3760671615600586,0,0.8906013369560242,0.1093986257910728,True
654,3.27,-0.028981032,-0.024506016,-0.020258859,-0.024419703,0,652,3.26,3.3760671615600586,0,0.8906013369560242,0.1093986257910728,True
655,3.275,-0.020066846,-0.0070105414,-0.0029859352,-0.0021945913,0,652,3.26,3.3760671615600586,0,0.8906013369560242,0.1093986257910728,True
656,3.28,0.005388516,0.020873792,0.021153135,0.028679755,0,656,3.28,3.3760671615600586,0,0.8868000507354736,0.1131999269127845,True
657,3.285,0.017414385,0.036837965,0.03551544,0.049032602,0,656,3.28,3.3760671615600586,0,0.8868000507354736,0.1131999269127845,True
658,3.29,0.00069819565,0.028517643,0.031308938,0.046474673,0,656,3.28,3.3760671615600586,0,0.8868000507354736,0.1131999269127845,True
659,3.295,-0.031675145,0.0024048563,0.013208914,0.023410017,0,656,3.28,3.3760671615600586,0,0.8868000507354736,0.1131999269127845,True
660,3.3,-0.050914366,-0.023059083,-0.0059583355,-0.006077683,0,660,3.3,3.3760671615600586,0,0.8841633796691895,0.1158365607261657,True
661,3.305,-0.039041854,-0.03289861,-0.015991366,-0.027029427,0,660,3.3,3.3760671615600586,0,0.8841633796691895,0.1158365607261657,True
662,3.31,-0.0046437806,-0.026036195,-0.016234856,-0.033416446,0,660,3.3,3.3760671615600586,0,0.8841633796691895,0.1158365607261657,True
663,3.315,0.025452444,-0.013298899,-0.013749,-0.030161722,0,660,3.3,3.3760671615600586,0,0.8841633796691895,0.1158365607261657,True
664,3.32,0.029291945,-0.0069411257,-0.015847962,-0.027199265,0,664,3.32,3.3760671615600586,0,0.8896582126617432,0.1103417724370956,True
665,3.325,0.006576041,-0.011527537,-0.02416354,-0.03104008,0,664,3.32,3.3760671615600586,0,0.8896582126617432,0.1103417724370956,True
666,3.33,-0.023550674,-0.022363229,-0.034339894,-0.039964266,0,664,3.32,3.3760671615600586,0,0.8896582126617432,0.1103417724370956,True
667,3.335,-0.038559,-0.03004674,-0.03959714,-0.04525351,0,664,3.32,3.3760671615600586,0,0.8896582126617432,0.1103417724370956,True
668,3.34,-0.027631681,-0.026102137,-0.03416481,-0.036742248,0,668,3.34,3.392127275466919,0,0.8909612894058228,0.1090387478470802,True
669,3.345,0.004331784,-0.0067373216,-0.015192255,-0.009316236,0,668,3.34,3.392127275466919,0,0.8909612894058228,0.1090387478470802,True
670,3.35,0.04281201,0.025102396,0.0155116245,0.032600515,0,668,3.34,3.392127275466919,0,0.8909612894058228,0.1090387478470802,True
671,3.355,0.07223921,0.05915687,0.04965808,0.07480846,0,668,3.34,3.392127275466919,0,0.8909612894058228,0.1090387478470802,True
672,3.36,0.081125475,0.08029221,0.07332646,0.09860599,0,672,3.36,3.394883871078491,0,0.8899253606796265,0.1100746840238571,True
673,3.365,0.06376459,0.07514352,0.07301038,0.09031181,0,672,3.36,3.394883871078491,0,0.8899253606796265,0.1100746840238571,True
674,3.37,0.021780562,0.040554374,0.044620696,0.050153214,0,672,3.36,3.394883871078491,0,0.8899253606796265,0.1100746840238571,True
675,3.375,-0.033654273,-0.011950006,-0.001336579,-0.0057983384,0,672,3.36,3.394883871078491,0,0.8899253606796265,0.1100746840238571,True
676,3.38,-0.08265594,-0.06026431,-0.043842144,-0.053347286,0,676,3.38,3.394883871078491,0,0.8749424815177917,0.1250574886798858,True
677,3.385,-0.104196206,-0.08309573,-0.06306148,-0.073283255,0,676,3.38,3.394883871078491,0,0.8749424815177917,0.1250574886798858,True
678,3.39,-0.08779778,-0.07148506,-0.05158438,-0.061151262,0,676,3.38,3.394883871078491,0,0.8749424815177917,0.1250574886798858,True
679,3.395,-0.040816743,-0.032876194,-0.017486474,-0.027451318,0,676,3.38,3.394883871078491,0,0.8749424815177917,0.1250574886798858,True
680,3.4,0.015247246,0.014208165,0.021830084,0.010480193,0,680,3.4,3.394883871078491,0,0.8871713876724243,0.1128286495804786,True
681,3.405,0.057087395,0.05026129,0.04948086,0.03800097,0,680,3.4,3.394883871078491,0,0.8871713876724243,0.1128286495804786,True
682,3.41,0.07145513,0.063125215,0.056129795,0.048047815,0,680,3.4,3.394883871078491,0,0.8871713876724243,0.1128286495804786,True
683,3.415,0.05915516,0.051148873,0.04166931,0.040599022,0,680,3.4,3.394883871078491,0,0.8871713876724243,0.1128286495804786,True
684,3.42,0.03094121,0.021663127,0.012970461,0.019837648,0,684,3.42,3.4091837406158447,0,0.8880556225776672,0.1119443550705909,True
685,3.425,0.00011863911,-0.013296892,-0.019992897,-0.008226473,0,684,3.42,3.4091837406158447,0,0.8880556225776672,0.1119443550705909,True
686,3.43,-0.023537265,-0.04228738,-0.048204444,-0.037265234,0,684,3.42,3.4091837406158447,0,0.8880556225776672,0.1119443550705909,True
687,3.435,-0.036486004,-0.058776267,-0.066567786,-0.061750177,0,684,3.42,3.4091837406158447,0,0.8880556225776672,0.1119443550705909,True
688,3.44,-0.0404946,-0.062236626,-0.07419852,-0.07740003,0,688,3.44,3.451282501220703,0,0.8864908814430237,0.1135091334581375,True
689,3.445,-0.039089303,-0.055483792,-0.07178299,-0.080623984,0,688,3.44,3.451282501220703,0,0.8864908814430237,0.1135091334581375,True
690,3.45,-0.033856183,-0.040831335,-0.058490496,-0.068017766,0,688,3.44,3.451282501220703,0,0.8864908814430237,0.1135091334581375,True
691,3.455,-0.023299303,-0.018627152,-0.03191827,-0.037584715,0,688,3.44,3.451282501220703,0,0.8864908814430237,0.1135091334581375,True
692,3.46,-0.004864806,0.010953343,0.008248577,0.008448034,0,692,3.46,3.466868162155152,0,0.8891724944114685,0.110827513039112,True
693,3.465,0.02175233,0.04521295,0.056210004,0.061652955,0,692,3.46,3.466868162155152,0,0.8891724944114685,0.110827513039112,True
694,3.47,0.05229807,0.07787077,0.09983883,0.10854214,0,692,3.46,3.466868162155152,0,0.8891724944114685,0.110827513039112,True
695,3.475,0.07789361,0.10014655,0.12526536,0.13476658,0,692,3.46,3.466868162155152,0,0.8891724944114685,0.110827513039112,True
696,3.48,0.08794181,0.1035219,0.12346142,0.13060775,0,696,3.48,3.474872589111328,0,0.889938473701477,0.1100615337491035,True
697,3.485,0.0758751,0.083852865,0.094849505,0.09579126,0,696,3.48,3.474872589111328,0,0.889938473701477,0.1100615337491035,True
698,3.49,0.044637796,0.04520059,0.049264718,0.04132674,0,696,3.48,3.474872589111328,0,0.889938473701477,0.1100615337491035,True
699,3.495,0.006341196,-0.00039073065,0.00090236677,-0.014269628,0,696,3.48,3.474872589111328,0,0.889938473701477,0.1100615337491035,True
700,3.5,-0.026053334,-0.03937988,-0.039268874,-0.054454833,0,700,3.5,3.507046222686768,0,0.8619343638420105,0.1380656659603119,True
701,3.505,-0.048728745,-0.06542922,-0.06863241,-0.07424514,0,700,3.5,3.507046222686768,0,0.8619343638420105,0.1380656659603119,True
702,3.51,-0.06835302,-0.08207398,-0.09123144,-0.08154221,0,700,3.5,3.507046222686768,0,0.8619343638420105,0.1380656659603119,True
703,3.515,-0.09189818,-0.09584564,-0.11023782,-0.08770531,0,700,3.5,3.507046222686768,0,0.8619343638420105,0.1380656659603119,True
704,3.52,-0.114788,-0.106499806,-0.12158178,-0.095456205,0,704,3.52,3.5226094722747803,0,0.8835203647613525,0.1164796724915504,True
705,3.525,-0.12075138,-0.10499748,-0.115574956,-0.09595154,0,704,3.52,3.5226094722747803,0,0.8835203647613525,0.1164796724915504,True
706,3.53,-0.09547741,-0.082059875,-0.08573541,-0.078151874,0,704,3.52,3.5226094722747803,0,0.8835203647613525,0.1164796724915504,True
707,3.535,-0.041288465,-0.03862272,-0.036407817,-0.040928453,0,704,3.52,3.5226094722747803,0,0.8835203647613525,0.1164796724915504,True
708,3.54,0.022157662,0.012782041,0.018467626,0.0045145624,0,708,3.54,3.547635793685913,0,0.8810617327690125,0.1189382821321487,True
709,3.545,0.072581396,0.057228994,0.064465486,0.044075362,0,708,3.54,3.547635793685913,0,0.8810617327690125,0.1189382821321487,True
710,3.55,0.10125501,0.08788224,0.09520997,0.071976244,0,708,3.54,3.547635793685913,0,0.8810617327690125,0.1189382821321487,True
711,3.555,0.11540954,0.107637614,0.11299593,0.09241755,0,708,3.54,3.547635793685913,0,0.8810617327690125,0.1189382821321487,True
712,3.56,0.12564985,0.121234864,0.12212783,0.11072915,0,712,3.56,3.5683536529541016,0,0.8874598741531372,0.1125401780009269,True
713,3.565,0.13186003,0.12666756,0.1221701,0.12380684,0,712,3.56,3.5683536529541016,0,0.8874598741531372,0.1125401780009269,True
714,3.57,0.12173247,0.11487876,0.10748362,0.11988536,0,712,3.56,3.5683536529541016,0,0.8874598741531372,0.1125401780009269,True
715,3.575,0.08281841,0.078077234,0.07290386,0.08812539,0,712,3.56,3.5683536529541016,0,0.8874598741531372,0.1125401780009269,True
716,3.58,0.016015837,0.01866347,0.019948145,0.029187938,0,716,3.58,3.581057071685791,0,0.8595355749130249,0.1404644101858139,True
717,3.585,-0.061659664,-0.049291387,-0.04165904,-0.042396963,0,716,3.58,3.581057071685791,0,0.8595355749130249,0.1404644101858139,True
718,3.59,-0.12612979,-0.10681437,-0.09760736,-0.10554097,0,716,3.58,3.581057071685791,0,0.8595355749130249,0.1404644101858139,True
719,3.595,-0.15870117,-0.13923813,-0.13453336,-0.14335328,0,716,3.58,3.581057071685791,0,0.8595355749130249,0.1404644101858139,True
720,3.6,-0.1537013,-0.14175877,-0.14446169,-0.14984304,0,720,3.6,3.5939722061157227,0,0.8332647681236267,0.1667352169752121,True
721,3.605,-0.11909844,-0.11938619,-0.1271219,-0.12954111,0,720,3.6,3.5939722061157227,0,0.8332647681236267,0.1667352169752121,True
722,3.61,-0.07155654,-0.08270249,-0.089713134,-0.092142105,0,720,3.6,3.5939722061157227,0,0.8332647681236267,0.1667352169752121,True
723,3.615,-0.027755307,-0.04193863,-0.043552823,-0.04655522,0,720,3.6,3.5939722061157227,0,0.8332647681236267,0.1667352169752121,True
724,3.62,0.0045080613,-0.002521682,0.0012760013,0.0018592387,0,724,3.62,3.6105313301086426,0,0.8752394914627075,0.1247605234384536,True
725,3.625,0.029148538,0.03473021,0.039507303,0.049586203,0,724,3.62,3.6105313301086426,0,0.8752394914627075,0.1247605234384536,True
726,3.63,0.05468067,0.068628944,0.06933894,0.09099216,0,724,3.62,3.6105313301086426,0,0.8752394914627075,0.1247605234384536,True
727,3.635,0.08229868,0.092816286,0.0879991,0.11671854,0,724,3.62,3.6105313301086426,0,0.8752394914627075,0.1247605234384536,True
728,3.64,0.100812495,0.097378395,0.09016987,0.117568545,0,728,3.64,3.651393175125122,0,0.8798785209655762,0.1201214864850044,True
729,3.645,0.094980255,0.0772201,0.07255942,0.09179,0,728,3.64,3.651393175125122,0,0.8798785209655762,0.1201214864850044,True
730,3.65,0.060642816,0.039752208,0.04051529,0.049357478,0,728,3.64,3.651393175125122,0,0.8798785209655762,0.1201214864850044,True
731,3.655,0.012484453,0.0035065527,0.00883923,0.00832771,0,728,3.64,3.651393175125122,0,0.8798785209655762,0.1201214864850044,True
732,3.66,-0.023712812,-0.012980201,-0.0062426054,-0.015192947,0,732,3.66,3.673330307006836,0,0.8620426058769226,0.1379574388265609,True
733,3.665,-0.028825594,-0.0037863024,0.001611095,-0.016476512,0,732,3.66,3.673330307006836,0,0.8620426058769226,0.1379574388265609,True
734,3.67,-0.0042027766,0.020081937,0.02346702,-0.004424616,0,732,3.66,3.673330307006836,0,0.8620426058769226,0.1379574388265609,True
735,3.675,0.02905798,0.037905756,0.040260427,0.0045844684,0,732,3.66,3.673330307006836,0,0.8620426058769226,0.1379574388265609,True
736,3.68,0.04463679,0.03271094,0.034958776,-0.0030179138,0,736,3.68,3.683581829071045,0,0.8813314437866211,0.1186685413122177,True
737,3.685,0.028442478,0.0017375646,0.003341509,-0.02991272,0,736,3.68,3.683581829071045,0,0.8813314437866211,0.1186685413122177,True
738,3.69,-0.013591134,-0.042759925,-0.0436771,-0.0666391,0,736,3.68,3.683581829071045,0,0.8813314437866211,0.1186685413122177,True
739,3.695,-0.062095605,-0.082293,-0.08727576,-0.09762326,0,736,3.68,3.683581829071045,0,0.8813314437866211,0.1186685413122177,True
740,3.7,-0.09845977,-0.103685856,-0.11198953,-0.11028965,0,740,3.7,3.692824363708496,0,0.8808744549751282,0.119125485420227,True
741,3.705,-0.11425275,-0.10463323,-0.11280002,-0.1007817,0,740,3.7,3.692824363708496,0,0.8808744549751282,0.119125485420227,True
742,3.71,-0.10936907,-0.08976112,-0.09361745,-0.07257748,0,740,3.7,3.692824363708496,0,0.8808744549751282,0.119125485420227,True
743,3.715,-0.08434257,-0.062496185,-0.060379982,-0.030777482,0,740,3.7,3.692824363708496,0,0.8808744549751282,0.119125485420227,True
744,3.72,-0.037801314,-0.022020001,-0.016524209,0.021034067,0,744,3.72,3.718360424041748,0,0.8880969882011414,0.111903004348278,True
745,3.725,0.027128085,0.031151703,0.034833778,0.07775203,0,744,3.72,3.718360424041748,0,0.8880969882011414,0.111903004348278,True
746,3.73,0.09547448,0.087471545,0.08563764,0.12783703,0,744,3.72,3.718360424041748,0,0.8880969882011414,0.111903004348278,True
747,3.735,0.14293751,0.12845896,0.122051805,0.15440966,0,744,3.72,3.718360424041748,0,0.8880969882011414,0.111903004348278,True
748,3.74,0.14937739,0.13700531,0.13099304,0.14454776,0,748,3.74,3.7440106868743896,0,0.8862136006355286,0.1137863770127296,True
749,3.745,0.1127215,0.10957189,0.10898192,0.09958677,0,748,3.74,3.7440106868743896,0,0.8862136006355286,0.1137863770127296,True
750,3.75,0.051262937,0.059321266,0.06538423,0.036543015,0,748,3.74,3.7440106868743896,0,0.8862136006355286,0.1137863770127296,True
751,3.755,-0.007916053,0.0073137223,0.017054776,-0.0216928,0,748,3.74,3.7440106868743896,0,0.8862136006355286,0.1137863770127296,True
752,3.76,-0.04535596,-0.030612094,-0.021269184,-0.059578683,0,752,3.76,3.75715446472168,0,0.8507921099662781,0.1492079049348831,True
753,3.765,-0.05836855,-0.050840236,-0.04371822,-0.07521432,0,752,3.76,3.75715446472168,0,0.8507921099662781,0.1492079049348831,True
754,3.77,-0.057529386,-0.058979817,-0.053367164,-0.07635791,0,752,3.76,3.75715446472168,0,0.8507921099662781,0.1492079049348831,True
755,3.775,-0.055109795,-0.061664373,-0.057090722,-0.07162054,0,752,3.76,3.75715446472168,0,0.8507921099662781,0.1492079049348831,True
756,3.78,-0.05525439,-0.060832534,-0.05955112,-0.06461722,0,756,3.78,3.782019853591919,0,0.8806766271591187,0.1193233653903007,True
757,3.785,-0.05285817,-0.054142963,-0.060188726,-0.05418989,0,756,3.78,3.782019853591919,0,0.8806766271591187,0.1193233653903007,True
758,3.79,-0.040423024,-0.039333936,-0.054654367,-0.0381772,0,756,3.78,3.782019853591919,0,0.8806766271591187,0.1193233653903007,True
759,3.795,-0.016139949,-0.017883468,-0.03930659,-0.016641317,0,756,3.78,3.782019853591919,0,0.8806766271591187,0.1193233653903007,True
760,3.8,0.013526811,0.004904344,-0.015356704,0.007389361,0,760,3.8,3.801129102706909,0,0.8874949812889099,0.1125050336122512,True
761,3.805,0.03814726,0.022949548,0.010757825,0.029179955,0,760,3.8,3.801129102706909,0,0.8874949812889099,0.1125050336122512,True
762,3.81,0.0502071,0.03302199,0.031483635,0.04434846,0,760,3.8,3.801129102706909,0,0.8874949812889099,0.1125050336122512,True
763,3.815,0.048942838,0.03631766,0.0435349,0.050788727,0,760,3.8,3.801129102706909,0,0.8874949812889099,0.1125050336122512,True
764,3.82,0.039041463,0.036839075,0.049615752,0.049542718,0,764,3.82,3.816023826599121,0,0.8885648846626282,0.1114350631833076,True
765,3.825,0.026432399,0.03754487,0.05432762,0.043707754,0,764,3.82,3.816023826599121,0,0.8885648846626282,0.1114350631833076,True
766,3.83,0.0146183325,0.03699272,0.057646442,0.035554904,0,764,3.82,3.816023826599121,0,0.8885648846626282,0.1114350631833076,True
767,3.835,0.0034128996,0.029475974,0.052579347,0.024049355,0,764,3.82,3.816023826599121,0,0.8885648846626282,0.1114350631833076,True
768,3.84,-0.009706367,0.009571769,0.030616516,0.0056650913,0,768,3.84,3.8405628204345694,0,0.8863233327865601,0.1136767044663429,True
769,3.845,-0.026358377,-0.021764658,-0.008891634,-0.021142842,0,768,3.84,3.8405628204345694,0,0.8863233327865601,0.1136767044663429,True
770,3.85,-0.044119753,-0.054884765,-0.054277077,-0.05154767,0,768,3.84,3.8405628204345694,0,0.8863233327865601,0.1136767044663429,True
771,3.855,-0.056385648,-0.07610409,-0.087475784,-0.074915655,0,768,3.84,3.8405628204345694,0,0.8863233327865601,0.1136767044663429,True
772,3.86,-0.05636272,-0.07650395,-0.09621154,-0.0810944,0,772,3.86,3.862038612365722,0,0.8834588527679443,0.116541139781475,True
773,3.865,-0.042259507,-0.05763825,-0.0818127,-0.06738643,0,772,3.86,3.862038612365722,0,0.8834588527679443,0.116541139781475,True
774,3.87,-0.018712413,-0.029073445,-0.055615567,-0.03981353,0,772,3.86,3.862038612365722,0,0.8834588527679443,0.116541139781475,True
775,3.875,0.0072641973,1.1203141e-05,-0.027564365,-0.0073649795,0,772,3.86,3.862038612365722,0,0.8834588527679443,0.116541139781475,True
776,3.88,0.03170414,0.027388932,0.0019836077,0.025240071,0,776,3.88,3.875979661941528,0,0.8888204097747803,0.1111795827746391,True
777,3.885,0.05447811,0.056353875,0.03930595,0.058982685,0,776,3.88,3.875979661941528,0,0.8888204097747803,0.1111795827746391,True
778,3.89,0.07437852,0.08763381,0.085941836,0.094385654,0,776,3.88,3.875979661941528,0,0.8888204097747803,0.1111795827746391,True
779,3.895,0.084556006,0.11272112,0.13001683,0.123975754,0,776,3.88,3.875979661941528,0,0.8888204097747803,0.1111795827746391,True
780,3.9,0.07538489,0.116316594,0.14973807,0.13225406,0,780,3.9,3.900424003601074,0,0.8892809152603149,0.110719159245491,True
781,3.905,0.044045165,0.08758531,0.12795252,0.10580421,0,780,3.9,3.900424003601074,0,0.8892809152603149,0.110719159245491,True
782,3.91,0.0011036625,0.030991431,0.06632307,0.045908783,0,780,3.9,3.900424003601074,0,0.8892809152603149,0.110719159245491,True
783,3.915,-0.03483867,-0.033615474,-0.01299675,-0.028149052,0,780,3.9,3.900424003601074,0,0.8892809152603149,0.110719159245491,True
784,3.92,-0.05151433,-0.08302374,-0.08025814,-0.08967885,0,784,3.92,3.916539430618286,0,0.8384721875190735,0.1615278124809265,True
785,3.925,-0.052691374,-0.10504238,-0.11562096,-0.121020064,0,784,3.92,3.916539430618286,0,0.8384721875190735,0.1615278124809265,True
786,3.93,-0.0526988,-0.103221126,-0.11798147,-0.1221981,0,784,3.92,3.916539430618286,0,0.8384721875190735,0.1615278124809265,True
787,3.935,-0.06038294,-0.08901425,-0.099855356,-0.10552036,0,784,3.92,3.916539430618286,0,0.8384721875190735,0.1615278124809265,True
788,3.94,-0.06842764,-0.07001823,-0.07474302,-0.08272496,0,788,3.94,3.942307949066162,0,0.8863874077796936,0.1136126518249511,True
789,3.945,-0.05929815,-0.04556108,-0.048385106,-0.056947637,0,788,3.94,3.942307949066162,0,0.8863874077796936,0.1136126518249511,True
790,3.95,-0.022978174,-0.012687547,-0.020015232,-0.025482709,0,788,3.94,3.942307949066162,0,0.8863874077796936,0.1136126518249511,True
791,3.955,0.029909763,0.02485655,0.010086773,0.011537078,0,788,3.94,3.942307949066162,0,0.8863874077796936,0.1136126518249511,True
792,3.96,0.07224724,0.054591045,0.035605133,0.046125706,0,792,3.96,3.957611560821533,0,0.8795486092567444,0.1204513907432556,True
793,3.965,0.07926773,0.06298198,0.047024544,0.06594325,0,792,3.96,3.957611560821533,0,0.8795486092567444,0.1204513907432556,True
794,3.97,0.04674871,0.046071563,0.039387733,0.062854975,0,792,3.96,3.957611560821533,0,0.8795486092567444,0.1204513907432556,True
795,3.975,-0.0060854717,0.013531348,0.01745023,0.03917141,0,792,3.96,3.957611560821533,0,0.8795486092567444,0.1204513907432556,True
796,3.98,-0.05034497,-0.01717397,-0.006319731,0.0071305702,0,796,3.98,3.9763360023498535,0,0.8803276419639587,0.1196722909808158,True
797,3.985,-0.065662466,-0.031075122,-0.018645179,-0.017039496,0,796,3.98,3.9763360023498535,0,0.8803276419639587,0.1196722909808158,True
798,3.99,-0.0486573,-0.022218544,-0.011547961,-0.020090934,0,796,3.98,3.9763360023498535,0,0.8803276419639587,0.1196722909808158,True
799,3.995,-0.0083905365,0.006608144,0.015384141,0.0032694784,0,796,3.98,3.9763360023498535,0,0.8803276419639587,0.1196722909808158,True
800,4.0,0.04244171,0.047127377,0.055163275,0.047738727,0,800,4.0,4.001632452011108,0,0.8774250149726868,0.1225749105215072,True
801,4.005,0.090816095,0.08707592,0.09404597,0.0971086,0,800,4.0,4.001632452011108,0,0.8774250149726868,0.1225749105215072,True
802,4.01,0.121364206,0.11057113,0.11397347,0.12803091,0,800,4.0,4.001632452011108,0,0.8774250149726868,0.1225749105215072,True
803,4.015,0.11770907,0.10215706,0.09954907,0.11947266,0,800,4.0,4.001632452011108,0,0.8774250149726868,0.1225749105215072,True
804,4.02,0.07217735,0.05610862,0.048138723,0.065102205,0,804,4.02,4.025996685028076,0,0.886155903339386,0.1138440445065498,True
805,4.025,-0.0032159088,-0.015334389,-0.024246946,-0.019394672,0,804,4.02,4.025996685028076,0,0.886155903339386,0.1138440445065498,True
806,4.03,-0.07758895,-0.08417414,-0.088605225,-0.10160583,0,804,4.02,4.025996685028076,0,0.886155903339386,0.1138440445065498,True
807,4.035,-0.118032806,-0.121463075,-0.119042486,-0.14947256,0,804,4.02,4.025996685028076,0,0.886155903339386,0.1138440445065498,True
808,4.04,-0.111007795,-0.11525586,-0.10849367,-0.14938729,0,808,4.04,4.052079200744629,0,0.8740403056144714,0.1259597092866897,True
809,4.045,-0.07080538,-0.077843666,-0.07204772,-0.112471916,0,808,4.04,4.052079200744629,0,0.8740403056144714,0.1259597092866897,True
810,4.05,-0.02792861,-0.03627112,-0.035320684,-0.06481796,0,808,4.04,4.052079200744629,0,0.8740403056144714,0.1259597092866897,True
811,4.055,-0.006984509,-0.013371419,-0.017006936,-0.029511027,0,808,4.04,4.052079200744629,0,0.8740403056144714,0.1259597092866897,True
812,4.06,-0.011343627,-0.013537832,-0.018396629,-0.013547465,0,812,4.06,4.061574459075928,0,0.8772255778312683,0.1227743998169899,True
813,4.065,-0.024890037,-0.022953723,-0.026128106,-0.0077584917,0,812,4.06,4.061574459075928,0,0.8772255778312683,0.1227743998169899,True
814,4.07,-0.027305225,-0.022683974,-0.024353813,0.0022629993,0,812,4.06,4.061574459075928,0,0.8772255778312683,0.1227743998169899,True
815,4.075,-0.0100362925,-0.0038698069,-0.00664833,0.023571942,0,812,4.06,4.061574459075928,0,0.8772255778312683,0.1227743998169899,True
816,4.08,0.018866925,0.026548872,0.020680033,0.05103974,0,816,4.08,4.083204507827759,0,0.8885487914085388,0.1114512234926223,True
817,4.085,0.043617822,0.053381104,0.045481224,0.07315858,0,816,4.08,4.083204507827759,0,0.8885487914085388,0.1114512234926223,True
818,4.09,0.055144664,0.066888675,0.06058206,0.082720965,0,816,4.08,4.083204507827759,0,0.8885487914085388,0.1114512234926223,True
819,4.095,0.058454204,0.070108436,0.068789154,0.08241485,0,816,4.08,4.083204507827759,0,0.8885487914085388,0.1114512234926223,True
820,4.1,0.065946795,0.07292082,0.07719701,0.07992368,0,820,4.1,4.098958015441895,0,0.8865163922309875,0.1134836375713348,True
821,4.105,0.08213995,0.0787115,0.08618217,0.07733835,0,820,4.1,4.098958015441895,0,0.8865163922309875,0.1134836375713348,True
822,4.11,0.094023064,0.07726345,0.0845701,0.06596512,0,820,4.1,4.098958015441895,0,0.8865163922309875,0.1134836375713348,True
823,4.115,0.07774742,0.052062288,0.057405688,0.033012778,0,820,4.1,4.098958015441895,0,0.8865163922309875,0.1134836375713348,True
824,4.12,0.018491218,-0.0036256267,0.0006301875,-0.024909358,0,824,4.12,4.1256725788116455,0,0.872915506362915,0.1270845085382461,True
825,4.125,-0.07206405,-0.076145254,-0.070345886,-0.0935851,0,824,4.12,4.1256725788116455,0,0.872915506362915,0.1270845085382461,True
826,4.13,-0.15607898,-0.13592333,-0.12646794,-0.14604305,0,824,4.12,4.1256725788116455,0,0.872915506362915,0.1270845085382461,True
827,4.135,-0.19017169,-0.15412147,-0.14165676,-0.15734982,0,824,4.12,4.1256725788116455,0,0.872915506362915,0.1270845085382461,True
828,4.14,-0.15318511,-0.1198967,-0.108561836,-0.11915601,0,828,4.14,4.149251937866211,0,0.8818960785865784,0.1181038916110992,True
829,4.145,-0.06172144,-0.047538456,-0.04332191,-0.045235984,0,828,4.14,4.149251937866211,0,0.8818960785865784,0.1181038916110992,True
830,4.15,0.038297366,0.030292198,0.023000108,0.034524497,0,828,4.14,4.149251937866211,0,0.8818960785865784,0.1181038916110992,True
831,4.155,0.09941265,0.07960732,0.0610735,0.08852734,0,828,4.14,4.149251937866211,0,0.8818960785865784,0.1181038916110992,True
832,4.16,0.10128848,0.0835301,0.058940478,0.099343635,0,832,4.16,4.168295860290527,0,0.852313220500946,0.1476867944002151,True
833,4.165,0.060590185,0.051345084,0.027872428,0.07241376,0,832,4.16,4.168295860290527,0,0.852313220500946,0.1476867944002151,True
834,4.17,0.015596568,0.011390136,-0.005587748,0.031305064,0,832,4.16,4.168295860290527,0,0.852313220500946,0.1476867944002151,True
835,4.175,-0.002497089,-0.0087043,-0.017169423,0.001416688,0,832,4.16,4.168295860290527,0,0.852313220500946,0.1476867944002151,True
836,4.18,0.010035596,-0.0007057518,-0.0005713367,-0.0066541205,0,836,4.18,4.181986331939697,0,0.8734170198440552,0.1265830248594284,True
837,4.185,0.031898454,0.0208594,0.029851919,-0.0013363708,0,836,4.18,4.181986331939697,0,0.8734170198440552,0.1265830248594284,True
838,4.19,0.038041383,0.03307238,0.05122307,0.0010117112,0,836,4.18,4.181986331939697,0,0.8734170198440552,0.1265830248594284,True
839,4.195,0.020896828,0.024183018,0.049302533,-0.007886933,0,836,4.18,4.181986331939697,0,0.8734170198440552,0.1265830248594284,True
840,4.2,-0.0059148716,0.0016079998,0.027140414,-0.02178692,0,840,4.2,4.190731525421143,0,0.8793993592262268,0.1206006109714508,True
841,4.205,-0.022606526,-0.017406791,-0.00052010297,-0.027977753,0,840,4.2,4.190731525421143,0,0.8793993592262268,0.1206006109714508,True
842,4.21,-0.021639215,-0.022247959,-0.020440508,-0.020789998,0,840,4.2,4.190731525421143,0,0.8793993592262268,0.1206006109714508,True
843,4.215,-0.0125608565,-0.016703876,-0.02943926,-0.006875185,0,840,4.2,4.190731525421143,0,0.8793993592262268,0.1206006109714508,True
844,4.22,-0.010432183,-0.012047426,-0.03205852,0.0023836873,0,844,4.22,4.216619729995728,0,0.8857501745223999,0.1142497882246971,True
845,4.225,-0.02052378,-0.014209578,-0.03220561,0.0027677556,0,844,4.22,4.216619729995728,0,0.8857501745223999,0.1142497882246971,True
846,4.23,-0.033949357,-0.018573709,-0.028639928,0.00086794345,0,844,4.22,4.216619729995728,0,0.8857501745223999,0.1142497882246971,True
847,4.235,-0.036934946,-0.016731925,-0.018627757,0.005833144,0,844,4.22,4.216619729995728,0,0.8857501745223999,0.1142497882246971,True
848,4.24,-0.023724664,-0.00693533,-0.0045210756,0.017981114,0,848,4.24,4.242947340011597,0,0.8898861408233643,0.1101138293743133,True
849,4.245,-0.0015834718,0.0030178141,0.0052509215,0.026334085,0,848,4.24,4.242947340011597,0,0.8898861408233643,0.1101138293743133,True
850,4.25,0.01498032,0.0031428544,0.0030705011,0.018242342,0,848,4.24,4.242947340011597,0,0.8898861408233643,0.1101138293743133,True
851,4.255,0.014861187,-0.008711782,-0.0096014775,-0.007734433,0,848,4.24,4.242947340011597,0,0.8898861408233643,0.1101138293743133,True
852,4.26,-0.0018520918,-0.023644846,-0.021155048,-0.037825145,0,852,4.26,4.2574217319488525,0,0.890140175819397,0.1098598167300224,True
853,4.265,-0.023036662,-0.02780793,-0.017908283,-0.051896222,0,852,4.26,4.2574217319488525,0,0.890140175819397,0.1098598167300224,True
854,4.27,-0.030737445,-0.012403513,0.0052075614,-0.037780233,0,852,4.26,4.2574217319488525,0,0.890140175819397,0.1098598167300224,True
855,4.275,-0.011778948,0.020040065,0.040169973,0.00034969556,0,852,4.26,4.2574217319488525,0,0.890140175819397,0.1098598167300224,True
856,4.28,0.03248763,0.056961276,0.07095117,0.045151133,0,856,4.28,4.275875568389893,0,0.8902548551559448,0.1097451299428939,True
857,4.285,0.08400389,0.082962535,0.08374643,0.07703687,0,856,4.28,4.275875568389893,0,0.8902548551559448,0.1097451299428939,True
858,4.29,0.11670363,0.08779008,0.074391276,0.08426872,0,856,4.28,4.275875568389893,0,0.8902548551559448,0.1097451299428939,True
859,4.295,0.1114827,0.07012829,0.048096724,0.066204846,0,856,4.28,4.275875568389893,0,0.8902548551559448,0.1097451299428939,True
860,4.3,0.06719923,0.03572777,0.013342202,0.030046575,0,860,4.3,4.29486608505249,0,0.8861770629882812,0.1138228997588157,True
861,4.305,0.00036438604,-0.0071719405,-0.023699068,-0.014191678,0,860,4.3,4.29486608505249,0,0.8861770629882812,0.1138228997588157,True
862,4.31,-0.06489544,-0.05067417,-0.059492882,-0.056507085,0,860,4.3,4.29486608505249,0,0.8861770629882812,0.1138228997588157,True
863,4.315,-0.10880696,-0.08703969,-0.08969703,-0.08763486,0,860,4.3,4.29486608505249,0,0.8861770629882812,0.1138228997588157,True
864,4.32,-0.123174585,-0.10848108,-0.10755692,-0.10040991,0,864,4.32,4.317850112915039,0,0.8741475343704224,0.1258525401353836,True
865,4.325,-0.11200599,-0.10978863,-0.10719979,-0.09272813,0,864,4.32,4.317850112915039,0,0.8741475343704224,0.1258525401353836,True
866,4.33,-0.08677512,-0.09187926,-0.08842156,-0.06927061,0,864,4.32,4.317850112915039,0,0.8741475343704224,0.1258525401353836,True
867,4.335,-0.05855894,-0.061331283,-0.056940675,-0.038591683,0,864,4.32,4.317850112915039,0,0.8741475343704224,0.1258525401353836,True
868,4.34,-0.030874839,-0.024754483,-0.01901863,-0.006722884,0,868,4.34,4.341841697692871,0,0.8852971792221069,0.1147027537226677,True
869,4.345,0.0014000316,0.016172241,0.023440111,0.026521591,0,868,4.34,4.341841697692871,0,0.8852971792221069,0.1147027537226677,True
870,4.35,0.0443535,0.062117197,0.07055167,0.06349098,0,868,4.34,4.341841697692871,0,0.8852971792221069,0.1147027537226677,True
871,4.355,0.09374657,0.107317,0.11622873,0.0998186,0,868,4.34,4.341841697692871,0,0.8852971792221069,0.1147027537226677,True
872,4.36,0.13123085,0.13512588,0.14400694,0.12064833,0,872,4.36,4.366846561431885,0,0.8864629864692688,0.1135370135307312,True
873,4.365,0.1348549,0.12669902,0.13525012,0.10908099,0,872,4.36,4.366846561431885,0,0.8864629864692688,0.1135370135307312,True
874,4.37,0.09717945,0.0781368,0.085608706,0.06190977,0,872,4.36,4.366846561431885,0,0.8864629864692688,0.1135370135307312,True
875,4.375,0.034686975,0.009799611,0.014571684,-0.001921492,0,872,4.36,4.366846561431885,0,0.8864629864692688,0.1135370135307312,True
876,4.38,-0.021914763,-0.04411726,-0.043642346,-0.050622992,0,876,4.38,4.394639730453491,0,0.8396077156066895,0.1603922694921493,True
877,4.385,-0.0494303,-0.05954178,-0.06310792,-0.061415616,0,876,4.38,4.394639730453491,0,0.8396077156066895,0.1603922694921493,True
878,4.39,-0.047262315,-0.039934844,-0.04465438,-0.037298642,0,876,4.38,4.394639730453491,0,0.8396077156066895,0.1603922694921493,True
879,4.395,-0.033554085,-0.012038997,-0.014268725,-0.004480171,0,876,4.38,4.394639730453491,0,0.8396077156066895,0.1603922694921493,True
880,4.4,-0.027821038,-0.0039777304,-0.0028888588,0.007510974,0,880,4.4,4.409903526306152,0,0.8777526021003723,0.1222474128007888,True
881,4.405,-0.036434393,-0.024387123,-0.023992484,-0.012972914,0,880,4.4,4.409903526306152,0,0.8777526021003723,0.1222474128007888,True
882,4.41,-0.05173637,-0.05854276,-0.06566318,-0.052945897,0,880,4.4,4.409903526306152,0,0.8777526021003723,0.1222474128007888,True
883,4.415,-0.061451327,-0.08184255,-0.101037964,-0.08564667,0,880,4.4,4.409903526306152,0,0.8777526021003723,0.1222474128007888,True
884,4.42,-0.057549678,-0.07770051,-0.10721056,-0.08907005,0,884,4.42,4.43316388130188,0,0.886063814163208,0.1139362305402755,True
885,4.425,-0.038386393,-0.046337035,-0.0783736,-0.058644712,0,884,4.42,4.43316388130188,0,0.886063814163208,0.1139362305402755,True
886,4.43,-0.0067252372,-0.00082827953,-0.025707595,-0.0071051633,0,884,4.42,4.43316388130188,0,0.886063814163208,0.1139362305402755,True
887,4.435,0.03128535,0.043136373,0.03258343,0.045508165,0,884,4.42,4.43316388130188,0,0.886063814163208,0.1139362305402755,True
888,4.44,0.06584792,0.074919514,0.08148924,0.08310421,0,888,4.44,4.441593647003174,0,0.8812718391418457,0.1187281161546707,True
889,4.445,0.08554746,0.09010798,0.11260716,0.098843604,0,888,4.44,4.441593647003174,0,0.8812718391418457,0.1187281161546707,True
890,4.45,0.082731,0.087569185,0.12146585,0.093293004,0,888,4.44,4.441593647003174,0,0.8812718391418457,0.1187281161546707,True
891,4.455,0.05808454,0.06713126,0.104898535,0.06974383,0,888,4.44,4.441593647003174,0,0.8812718391418457,0.1187281161546707,True
892,4.46,0.019957284,0.0304867,0.06304283,0.032024786,0,892,4.46,4.458648681640625,0,0.8882759213447571,0.1117240935564041,True
893,4.465,-0.020551933,-0.015849268,0.004265246,-0.0136095,0,892,4.46,4.458648681640625,0,0.8882759213447571,0.1117240935564041,True
894,4.47,-0.053623926,-0.059103385,-0.053171016,-0.05591155,0,892,4.46,4.458648681640625,0,0.8882759213447571,0.1117240935564041,True
895,4.475,-0.07132789,-0.08343387,-0.08709241,-0.08032141,0,892,4.46,4.458648681640625,0,0.8882759213447571,0.1117240935564041,True
896,4.48,-0.06767437,-0.077515356,-0.082902275,-0.07606699,0,896,4.48,4.474115371704102,0,0.8535867929458618,0.1464132219552993,True
897,4.485,-0.04149684,-0.04213052,-0.04298315,-0.044041358,0,896,4.48,4.474115371704102,0,0.8535867929458618,0.1464132219552993,True
898,4.49,-0.00044688547,0.007969076,0.012899958,0.001259108,0,896,4.48,4.474115371704102,0,0.8535867929458618,0.1464132219552993,True
899,4.495,0.039176993,0.05016625,0.056805648,0.03823411,0,896,4.48,4.474115371704102,0,0.8535867929458618,0.1464132219552993,True
900,4.5,0.059056457,0.06460505,0.065719426,0.049010474,0,900,4.5,4.49313759803772,0,0.8861870765686035,0.1138128936290741,True
901,4.505,0.048315477,0.043291032,0.031682715,0.027878916,0,900,4.5,4.49313759803772,0,0.8861870765686035,0.1138128936290741,True
902,4.51,0.010010742,-0.006176546,-0.034459077,-0.016351128,0,900,4.5,4.49313759803772,0,0.8861870765686035,0.1138128936290741,True
903,4.515,-0.038653336,-0.06264968,-0.10585973,-0.06353005,0,900,4.5,4.49313759803772,0,0.8861870765686035,0.1138128936290741,True
904,4.52,-0.07261346,-0.09860633,-0.148704,-0.08921737,0,904,4.52,4.515777587890625,0,0.8729928135871887,0.1270072311162948,True
905,4.525,-0.07029646,-0.09173908,-0.13655445,-0.07467364,0,904,4.52,4.515777587890625,0,0.8729928135871887,0.1270072311162948,True
906,4.53,-0.026257219,-0.03764623,-0.065268524,-0.017444821,0,904,4.52,4.515777587890625,0,0.8729928135871887,0.1270072311162948,True
907,4.535,0.04205684,0.043797858,0.040598575,0.063248254,0,904,4.52,4.515777587890625,0,0.8729928135871887,0.1270072311162948,True
908,4.54,0.100491166,0.11550099,0.13717128,0.13238801,0,908,4.54,4.545987844467163,0,0.8810268044471741,0.1189731657505035,True
909,4.545,0.11690778,0.14266628,0.18374947,0.15611626,0,908,4.54,4.545987844467163,0,0.8810268044471741,0.1189731657505035,True
910,4.55,0.081274055,0.113241084,0.16496772,0.12069687,0,908,4.54,4.545987844467163,0,0.8810268044471741,0.1189731657505035,True
911,4.555,0.012293791,0.044839274,0.09770922,0.041055124,0,908,4.54,4.545987844467163,0,0.8810268044471741,0.1189731657505035,True
912,4.56,-0.05506286,-0.02724219,0.018377332,-0.047303602,0,912,4.56,4.567286014556885,0,0.8738765120506287,0.1261234730482101,True
913,4.565,-0.091633186,-0.07204055,-0.03969708,-0.10780321,0,912,4.56,4.567286014556885,0,0.8738765120506287,0.1261234730482101,True
914,4.57,-0.08912494,-0.07906407,-0.062875666,-0.121101946,0,912,4.56,4.567286014556885,0,0.8738765120506287,0.1261234730482101,True
915,4.575,-0.059068285,-0.05875423,-0.058483347,-0.09166423,0,912,4.56,4.567286014556885,0,0.8738765120506287,0.1261234730482101,True
916,4.58,-0.020547437,-0.03044978,-0.04370701,-0.041035905,0,916,4.58,4.580580234527588,0,0.8808429837226868,0.1191569790244102,True
917,4.585,0.011658315,-0.008983585,-0.03260006,0.005713229,0,916,4.58,4.580580234527588,0,0.8808429837226868,0.1191569790244102,True
918,4.59,0.03154872,0.0013817638,-0.02964907,0.03208669,0,916,4.58,4.580580234527588,0,0.8808429837226868,0.1191569790244102,True
919,4.595,0.040012248,0.004707486,-0.031241233,0.035662908,0,916,4.58,4.580580234527588,0,0.8808429837226868,0.1191569790244102,True
920,4.6,0.040606875,0.007053685,-0.031257816,0.02584415,0,920,4.6,4.600010871887207,0,0.8861480355262756,0.1138519868254661,True
921,4.605,0.035737976,0.010835966,-0.026334196,0.015759574,0,920,4.6,4.600010871887207,0,0.8861480355262756,0.1138519868254661,True
922,4.61,0.025068613,0.01310844,-0.017892122,0.012970618,0,920,4.6,4.600010871887207,0,0.8861480355262756,0.1138519868254661,True
923,4.615,0.0075542214,0.008819999,-0.010071995,0.015022211,0,920,4.6,4.600010871887207,0,0.8861480355262756,0.1138519868254661,True
924,4.62,-0.01439129,-0.0033571026,-0.005289412,0.013211139,0,924,4.62,4.609290599822998,0,0.8882433772087097,0.1117565855383873,True
925,4.625,-0.033456005,-0.017899593,-0.0013535758,0.0015713893,0,924,4.62,4.609290599822998,0,0.8882433772087097,0.1117565855383873,True
926,4.63,-0.041817605,-0.025670867,0.0067333695,-0.016673554,0,924,4.62,4.609290599822998,0,0.8882433772087097,0.1117565855383873,True
927,4.635,-0.037754416,-0.02119343,0.02142917,-0.030991038,0,924,4.62,4.609290599822998,0,0.8882433772087097,0.1117565855383873,True
928,4.64,-0.027198317,-0.007238677,0.038679216,-0.032148357,0,928,4.64,4.642384767532349,0,0.8895346522331238,0.1104653924703598,True
929,4.645,-0.017836709,0.0076159737,0.049418885,-0.019901365,0,928,4.64,4.642384767532349,0,0.8895346522331238,0.1104653924703598,True
930,4.65,-0.011712306,0.016007295,0.045824263,-0.0030153105,0,928,4.64,4.642384767532349,0,0.8895346522331238,0.1104653924703598,True
931,4.655,-0.004175037,0.016887277,0.02742664,0.008225593,0,928,4.64,4.642384767532349,0,0.8895346522331238,0.1104653924703598,True
932,4.66,0.009842538,0.014706107,0.002309907,0.010267369,0,932,4.66,4.65930700302124,0,0.8904747366905212,0.1095252186059951,True
933,4.665,0.029062375,0.014417555,-0.017620875,0.008072049,0,932,4.66,4.65930700302124,0,0.8904747366905212,0.1095252186059951,True
934,4.67,0.045694243,0.017183406,-0.024099147,0.009171445,0,932,4.66,4.65930700302124,0,0.8904747366905212,0.1095252186059951,True
935,4.675,0.051888607,0.02004292,-0.017594542,0.015738962,0,932,4.66,4.65930700302124,0,0.8904747366905212,0.1095252186059951,True
936,4.68,0.0462084,0.01901375,-0.006400441,0.02218263,0,936,4.68,4.682997226715088,0,0.8892711997032166,0.110728807747364,True
937,4.685,0.033852946,0.012637073,-0.00013895844,0.0205812,0,936,4.68,4.682997226715088,0,0.8892711997032166,0.110728807747364,True
938,4.69,0.020845598,0.003220696,-0.0023957605,0.008879653,0,936,4.68,4.682997226715088,0,0.8892711997032166,0.110728807747364,True
939,4.695,0.008438687,-0.0048850547,-0.008304101,-0.0059272298,0,936,4.68,4.682997226715088,0,0.8892711997032166,0.110728807747364,True
940,4.7,-0.006377014,-0.008431215,-0.009205794,-0.012823639,0,940,4.7,4.697589635848999,0,0.8821491003036499,0.1178508847951889,True
941,4.705,-0.024970371,-0.00747574,-0.0006102041,-0.0057978365,0,940,4.7,4.697589635848999,0,0.8821491003036499,0.1178508847951889,True
942,4.71,-0.04263852,-0.0052767773,0.013287537,0.010759573,0,940,4.7,4.697589635848999,0,0.8821491003036499,0.1178508847951889,True
943,4.715,-0.051260393,-0.0061447653,0.022469575,0.02471141,0,940,4.7,4.697589635848999,0,0.8821491003036499,0.1178508847951889,True
944,4.72,-0.0467716,-0.012497602,0.019091614,0.024853017,0,944,4.72,4.717845678329468,0,0.8881388306617737,0.1118611469864845,True
945,4.725,-0.033452604,-0.022665579,0.0040200334,0.009103579,0,944,4.72,4.717845678329468,0,0.8881388306617737,0.1118611469864845,True
946,4.73,-0.02027957,-0.031086287,-0.013629015,-0.013910202,0,944,4.72,4.717845678329468,0,0.8881388306617737,0.1118611469864845,True
947,4.735,-0.013115398,-0.031623144,-0.023725212,-0.031180408,0,944,4.72,4.717845678329468,0,0.8881388306617737,0.1118611469864845,True
948,4.74,-0.010425501,-0.02215492,-0.022956017,-0.034755442,0,948,4.74,4.739478826522827,0,0.8905457854270935,0.1094542816281318,True
949,4.745,-0.005781378,-0.0064870548,-0.016292414,-0.026763178,0,948,4.74,4.739478826522827,0,0.8905457854270935,0.1094542816281318,True
950,4.75,0.006169556,0.0086386325,-0.010963623,-0.016089745,0,948,4.74,4.739478826522827,0,0.8905457854270935,0.1094542816281318,True
951,4.755,0.025330707,0.018809125,-0.00916112,-0.010160812,0,948,4.74,4.739478826522827,0,0.8905457854270935,0.1094542816281318,True
952,4.76,0.045632735,0.024238013,-0.0069368198,-0.009496529,0,952,4.76,4.75889253616333,0,0.8910125494003296,0.1089874804019928,True
953,4.765,0.057887245,0.027054496,-9.1955735e-05,-0.00942436,0,952,4.76,4.75889253616333,0,0.8910125494003296,0.1089874804019928,True
954,4.77,0.054678652,0.027210053,0.009792003,-0.0059993453,0,952,4.76,4.75889253616333,0,0.8910125494003296,0.1089874804019928,True
955,4.775,0.035235096,0.022117823,0.016167056,0.00041809073,0,952,4.76,4.75889253616333,0,0.8910125494003296,0.1089874804019928,True
956,4.78,0.0071590203,0.010608344,0.014482965,0.0069220136,0,956,4.78,4.775774717330933,0,0.8891140818595886,0.1108859106898307,True
957,4.785,-0.017291646,-0.0035243938,0.0076121436,0.011996283,0,956,4.78,4.775774717330933,0,0.8891140818595886,0.1108859106898307,True
958,4.79,-0.028859058,-0.013075693,0.0034987985,0.016637048,0,956,4.78,4.775774717330933,0,0.8891140818595886,0.1108859106898307,True
959,4.795,-0.027341448,-0.013323419,0.00709236,0.021667905,0,956,4.78,4.775774717330933,0,0.8891140818595886,0.1108859106898307,True
960,4.8,-0.02073014,-0.0065325103,0.014812875,0.025016658,0,960,4.8,4.792472839355469,0,0.8839508891105652,0.1160491332411766,True
961,4.805,-0.017673027,-0.00027366832,0.01739369,0.022787627,0,960,4.8,4.792472839355469,0,0.8839508891105652,0.1160491332411766,True
962,4.81,-0.019903634,-0.0008248675,0.008568791,0.013454746,0,960,4.8,4.792472839355469,0,0.8839508891105652,0.1160491332411766,True
963,4.815,-0.02182286,-0.007867576,-0.0086842785,0.0006577972,0,960,4.8,4.792472839355469,0,0.8839508891105652,0.1160491332411766,True
964,4.82,-0.017438658,-0.015294672,-0.024126558,-0.008735862,0,964,4.82,4.807189226150513,0,0.8858968615531921,0.1141031235456466,True
965,4.825,-0.0070589264,-0.016738413,-0.028279684,-0.009754252,0,964,4.82,4.807189226150513,0,0.8858968615531921,0.1141031235456466,True
966,4.83,0.0035854352,-0.010175888,-0.019004498,-0.0028840047,0,964,4.82,4.807189226150513,0,0.8858968615531921,0.1141031235456466,True
967,4.835,0.010290577,0.0019340843,-0.001539635,0.0068077203,0,964,4.82,4.807189226150513,0,0.8858968615531921,0.1141031235456466,True
968,4.84,0.014620674,0.015222907,0.016247647,0.013358032,0,968,4.84,4.8422393798828125,0,0.8903262615203857,0.1096737310290336,True
969,4.845,0.02007977,0.025073987,0.027997987,0.012775177,0,968,4.84,4.8422393798828125,0,0.8903262615203857,0.1096737310290336,True
970,4.85,0.025259504,0.026943546,0.029816363,0.0037148057,0,968,4.84,4.8422393798828125,0,0.8903262615203857,0.1096737310290336,True
971,4.855,0.023381777,0.017826825,0.020169483,-0.012494673,0,968,4.84,4.8422393798828125,0,0.8903262615203857,0.1096737310290336,True
972,4.86,0.00995912,-0.00060889934,0.0011326871,-0.031285606,0,972,4.86,4.85727334022522,0,0.8906964659690857,0.1093035191297531,True
973,4.865,-0.010232317,-0.02076276,-0.020469753,-0.0451539,0,972,4.86,4.85727334022522,0,0.8906964659690857,0.1093035191297531,True
974,4.87,-0.025678234,-0.032933723,-0.035356354,-0.046695836,0,972,4.86,4.85727334022522,0,0.8906964659690857,0.1093035191297531,True
975,4.875,-0.027934149,-0.031907465,-0.03727016,-0.033114664,0,972,4.86,4.85727334022522,0,0.8906964659690857,0.1093035191297531,True
976,4.88,-0.017871471,-0.019922964,-0.026785137,-0.008223765,0,976,4.88,4.88295578956604,0,0.8882787823677063,0.1117212027311325,True
977,4.885,-0.0020574774,-0.0030379589,-0.009503972,0.02011306,0,976,4.88,4.88295578956604,0,0.8882787823677063,0.1117212027311325,True
978,4.89,0.014898067,0.014567884,0.009126858,0.044364914,0,976,4.88,4.88295578956604,0,0.8882787823677063,0.1117212027311325,True
979,4.895,0.031777088,0.031447053,0.0263456,0.05916086,0,976,4.88,4.88295578956604,0,0.8882787823677063,0.1117212027311325,True
980,4.9,0.044848084,0.044408653,0.039630584,0.06011754,0,980,4.9,4.908608675003052,0,0.8899855613708496,0.1100143939256668,True
981,4.905,0.044533975,0.045848683,0.04379697,0.043721344,0,980,4.9,4.908608675003052,0,0.8899855613708496,0.1100143939256668,True
982,4.91,0.02252146,0.02874992,0.033199716,0.011009081,0,980,4.9,4.908608675003052,0,0.8899855613708496,0.1100143939256668,True
983,4.915,-0.016650213,-0.0044520833,0.008039816,-0.028356299,0,980,4.9,4.908608675003052,0,0.8899855613708496,0.1100143939256668,True
984,4.92,-0.05380573,-0.03939796,-0.02237268,-0.05806867,0,984,4.92,4.917010307312012,0,0.8829891681671143,0.1170108169317245,True
985,4.925,-0.06838497,-0.058559634,-0.044356935,-0.06459187,0,984,4.92,4.917010307312012,0,0.8829891681671143,0.1170108169317245,True
986,4.93,-0.054992028,-0.05417697,-0.049226034,-0.04701435,0,984,4.92,4.917010307312012,0,0.8829891681671143,0.1170108169317245,True
987,4.935,-0.026696114,-0.03338028,-0.038869653,-0.018240329,0,984,4.92,4.917010307312012,0,0.8829891681671143,0.1170108169317245,True
988,4.94,-0.0020841474,-0.01099946,-0.022755446,0.004435502,0,988,4.94,4.950230121612549,0,0.8893042802810669,0.1106957793235778,True
989,4.945,0.010298712,0.002735904,-0.009543832,0.011863429,0,988,4.94,4.950230121612549,0,0.8893042802810669,0.1106957793235778,True
990,4.95,0.015183126,0.0085201645,-0.00079067383,0.0085772015,0,988,4.94,4.950230121612549,0,0.8893042802810669,0.1106957793235778,True
991,4.955,0.020896558,0.014058491,0.008481553,0.0074642906,0,988,4.94,4.950230121612549,0,0.8893042802810669,0.1106957793235778,True
992,4.96,0.0292585,0.025237098,0.02368742,0.018553393,0,992,4.96,4.958274841308594,0,0.8902887105941772,0.1097112894058227,True
993,4.965,0.035463,0.040709347,0.044424124,0.04079945,0,992,4.96,4.958274841308594,0,0.8902887105941772,0.1097112894058227,True
994,4.97,0.0354042,0.053249314,0.062830865,0.062383175,0,992,4.96,4.958274841308594,0,0.8902887105941772,0.1097112894058227,True
995,4.975,0.029955808,0.05473101,0.06755795,0.06825893,0,992,4.96,4.958274841308594,0,0.8902887105941772,0.1097112894058227,True
996,4.98,0.021331992,0.04013849,0.050604746,0.04922231,0,996,4.98,4.990672111511231,0,0.8890829682350159,0.1109169870615005,True
997,4.985,0.007830744,0.009449104,0.012924371,0.007273622,0,996,4.98,4.990672111511231,0,0.8890829682350159,0.1109169870615005,True
998,4.99,-0.01422942,-0.031063648,-0.03422529,-0.044528868,0,996,4.98,4.990672111511231,0,0.8890829682350159,0.1109169870615005,True
999,4.995,-0.042066213,-0.06828162,-0.07313869,-0.086929016,0,996,4.98,4.990672111511231,0,0.8890829682350159,0.1109169870615005,True
1000,5.0,-0.062160946,-0.08568149,-0.08762415,-0.102508634,0,1000,5.0,4.990672111511231,0,0.8693628907203674,0.1306370347738266,True
1001,5.005,-0.058422547,-0.0723759,-0.071762696,-0.08443543,0,1000,5.0,4.990672111511231,0,0.8693628907203674,0.1306370347738266,True
1002,5.01,-0.027415425,-0.032618217,-0.03429247,-0.0413883,0,1000,5.0,4.990672111511231,0,0.8693628907203674,0.1306370347738266,True
1003,5.015,0.01464236,0.013611916,0.005623222,0.006077115,0,1000,5.0,4.990672111511231,0,0.8693628907203674,0.1306370347738266,True
1004,5.02,0.04232509,0.04271791,0.030035285,0.037480455,0,1004,5.02,5.007312774658203,0,0.8891134858131409,0.1108865290880203,True
1005,5.025,0.04099298,0.044009633,0.033365127,0.044937816,0,1004,5.02,5.007312774658203,0,0.8891134858131409,0.1108865290880203,True
1006,5.03,0.018139383,0.026467754,0.024217093,0.036365885,0,1004,5.02,5.007312774658203,0,0.8891134858131409,0.1108865290880203,True
1007,5.035,-0.004288259,0.009577296,0.016426558,0.026770107,0,1004,5.02,5.007312774658203,0,0.8891134858131409,0.1108865290880203,True
1008,5.04,-0.008948839,0.006710333,0.017388064,0.025539836,0,1008,5.04,5.050887823104858,0,0.889114260673523,0.1108857989311218,True
1009,5.045,0.0039572404,0.015897227,0.023692487,0.030768635,0,1008,5.04,5.050887823104858,0,0.889114260673523,0.1108857989311218,True
1010,5.05,0.020053778,0.024797745,0.026626114,0.03415166,0,1008,5.04,5.050887823104858,0,0.889114260673523,0.1108857989311218,True
1011,5.055,0.024903715,0.023213973,0.021001717,0.029992947,0,1008,5.04,5.050887823104858,0,0.889114260673523,0.1108857989311218,True
1012,5.06,0.015038323,0.011017151,0.008971238,0.019346181,0,1012,5.06,5.060407638549805,0,0.8896802067756653,0.1103198304772377,True
1013,5.065,-0.0023701135,-0.0042490335,-0.003450824,0.0067049204,0,1012,5.06,5.060407638549805,0,0.8896802067756653,0.1103198304772377,True
1014,5.07,-0.017790096,-0.015579999,-0.012470502,-0.0056818104,0,1012,5.06,5.060407638549805,0,0.8896802067756653,0.1103198304772377,True
1015,5.075,-0.02637276,-0.021957519,-0.019132268,-0.01947642,0,1012,5.06,5.060407638549805,0,0.8896802067756653,0.1103198304772377,True
1016,5.08,-0.02854149,-0.026822565,-0.0265784,-0.0366159,0,1016,5.08,5.074176073074341,0,0.8869562745094299,0.1130437031388282,True
1017,5.085,-0.026332559,-0.03240433,-0.035078373,-0.05457767,0,1016,5.08,5.074176073074341,0,0.8869562745094299,0.1130437031388282,True
1018,5.09,-0.020551631,-0.03585843,-0.039681077,-0.06553069,0,1016,5.08,5.074176073074341,0,0.8869562745094299,0.1130437031388282,True
1019,5.095,-0.010973738,-0.030818986,-0.03306306,-0.06065292,0,1016,5.08,5.074176073074341,0,0.8869562745094299,0.1130437031388282,True
1020,5.1,0.0018812742,-0.013153147,-0.011865463,-0.03656579,0,1020,5.1,5.092426300048828,0,0.8897102475166321,0.1102898120880127,True
1021,5.105,0.015688665,0.01382905,0.01846388,0.0008698445,0,1020,5.1,5.092426300048828,0,0.8897102475166321,0.1102898120880127,True
1022,5.11,0.02691506,0.03945085,0.044971276,0.03849607,0,1020,5.1,5.092426300048828,0,0.8897102475166321,0.1102898120880127,True
1023,5.115,0.032560345,0.051908884,0.05484497,0.0627666,0,1020,5.1,5.092426300048828,0,0.8897102475166321,0.1102898120880127,True
1024,5.12,0.03160849,0.046206433,0.04404367,0.06707657,0,1024,5.12,5.117612600326538,0,0.8908270001411438,0.1091730222105979,True
1025,5.125,0.02470201,0.027133064,0.019858826,0.054215726,0,1024,5.12,5.117612600326538,0,0.8908270001411438,0.1091730222105979,True
1026,5.13,0.012257036,0.0046214685,-0.004984516,0.032319605,0,1024,5.12,5.117612600326538,0,0.8908270001411438,0.1091730222105979,True
1027,5.135,-0.0063132457,-0.014070793,-0.02165886,0.008241405,0,1024,5.12,5.117612600326538,0,0.8908270001411438,0.1091730222105979,True
1028,5.14,-0.029930025,-0.02788015,-0.029837705,-0.015565483,0,1028,5.14,5.151667356491089,0,0.8861663937568665,0.1138335764408111,True
1029,5.145,-0.05181426,-0.03840612,-0.0340652,-0.03837843,0,1028,5.14,5.151667356491089,0,0.8861663937568665,0.1138335764408111,True
1030,5.15,-0.05990586,-0.0442442,-0.036462635,-0.05662893,0,1028,5.14,5.151667356491089,0,0.8861663937568665,0.1138335764408111,True
1031,5.155,-0.044577565,-0.040252034,-0.033637505,-0.063270636,0,1028,5.14,5.151667356491089,0,0.8861663937568665,0.1138335764408111,True
1032,5.16,-0.008244214,-0.023001906,-0.020794082,-0.052547295,0,1032,5.16,5.159579277038574,0,0.8887025117874146,0.1112974882125854,True
1033,5.165,0.032822117,0.0035825719,0.0017056728,-0.025616363,0,1032,5.16,5.159579277038574,0,0.8887025117874146,0.1112974882125854,True
1034,5.17,0.058228325,0.028989801,0.026470229,0.008676565,0,1032,5.16,5.159579277038574,0,0.8887025117874146,0.1112974882125854,True
1035,5.175,0.057543606,0.04325466,0.043884184,0.038869992,0,1032,5.16,5.159579277038574,0,0.8887025117874146,0.1112974882125854,True
1036,5.18,0.03696837,0.043928936,0.04882128,0.057379413,0,1036,5.18,5.1761016845703125,0,0.890279233455658,0.1097207963466644,True
1037,5.185,0.013382718,0.036623057,0.043129414,0.06320244,0,1036,5.18,5.1761016845703125,0,0.890279233455658,0.1097207963466644,True
1038,5.19,0.0013228647,0.029012341,0.03235498,0.0595492,0,1036,5.18,5.1761016845703125,0,0.890279233455658,0.1097207963466644,True
1039,5.195,0.0032102852,0.023811305,0.020374348,0.049366128,0,1036,5.18,5.1761016845703125,0,0.890279233455658,0.1097207963466644,True
1040,5.2,0.00912594,0.016563777,0.0066931783,0.032703407,0,1040,5.2,5.200941801071167,0,0.885300874710083,0.1146991252899169,True
1041,5.205,0.004972381,-5.216867e-05,-0.011658448,0.007802177,0,1040,5.2,5.200941801071167,0,0.885300874710083,0.1146991252899169,True
1042,5.21,-0.016820284,-0.028519075,-0.0353175,-0.025010586,0,1040,5.2,5.200941801071167,0,0.885300874710083,0.1146991252899169,True
1043,5.215,-0.050351884,-0.06100613,-0.058623075,-0.059491497,0,1040,5.2,5.200941801071167,0,0.885300874710083,0.1146991252899169,True
1044,5.22,-0.07735459,-0.08093975,-0.07015641,-0.08323403,0,1044,5.22,5.224240303039551,0,0.8799476623535156,0.1200523823499679,True
1045,5.225,-0.07705691,-0.07236366,-0.058987707,-0.08306455,0,1044,5.22,5.224240303039551,0,0.8799476623535156,0.1200523823499679,True
1046,5.23,-0.040387902,-0.032013774,-0.023509566,-0.054110695,0,1044,5.22,5.224240303039551,0,0.8799476623535156,0.1200523823499679,True
1047,5.235,0.020541402,0.024747377,0.023766587,-0.006207939,0,1044,5.22,5.224240303039551,0,0.8799476623535156,0.1200523823499679,True
1048,5.24,0.07616742,0.07044776,0.06087155,0.0388274,0,1048,5.24,5.240589380264282,0,0.8871323466300964,0.1128676161170005,True
1049,5.245,0.09659941,0.081869096,0.069168314,0.059332687,0,1048,5.24,5.240589380264282,0,0.8871323466300964,0.1128676161170005,True
1050,5.25,0.07120525,0.054966334,0.045575738,0.047400665,0,1048,5.24,5.240589380264282,0,0.8871323466300964,0.1128676161170005,True
1051,5.255,0.015838098,0.0069649746,0.0046734717,0.013600084,0,1048,5.24,5.240589380264282,0,0.8871323466300964,0.1128676161170005,True
1052,5.26,-0.038379706,-0.035876144,-0.031261347,-0.020876674,0,1052,5.26,5.266280889511108,0,0.888744056224823,0.1112559661269187,True
1053,5.265,-0.065899864,-0.054922998,-0.046452586,-0.03817945,0,1052,5.26,5.266280889511108,0,0.888744056224823,0.1112559661269187,True
1054,5.27,-0.060796723,-0.047725484,-0.039206915,-0.033092298,0,1052,5.26,5.266280889511108,0,0.888744056224823,0.1112559661269187,True
1055,5.275,-0.034504086,-0.024080463,-0.018485665,-0.012049195,0,1052,5.26,5.266280889511108,0,0.888744056224823,0.1112559661269187,True
1056,5.28,-0.0024529768,0.00415064,0.005307675,0.014525955,0,1056,5.28,5.284194707870483,0,0.8864009380340576,0.1135990843176841,True
1057,5.285,0.026657436,0.029706119,0.026319476,0.03850361,0,1056,5.28,5.284194707870483,0,0.8864009380340576,0.1135990843176841,True
1058,5.29,0.050307035,0.048859507,0.04192292,0.054516632,0,1056,5.28,5.284194707870483,0,0.8864009380340576,0.1135990843176841,True
1059,5.295,0.06432422,0.05667939,0.04801408,0.057182048,0,1056,5.28,5.284194707870483,0,0.8864009380340576,0.1135990843176841,True
1060,5.3,0.05918452,0.045921095,0.038023353,0.04082666,0,1060,5.3,5.29743242263794,0,0.8875572681427002,0.1124427765607833,True
1061,5.305,0.026902936,0.01262986,0.008318441,0.0040784795,0,1060,5.3,5.29743242263794,0,0.8875572681427002,0.1124427765607833,True
1062,5.31,-0.027201708,-0.036077473,-0.03467625,-0.044469107,0,1060,5.3,5.29743242263794,0,0.8875572681427002,0.1124427765607833,True
1063,5.315,-0.08062953,-0.08045055,-0.07331893,-0.08594789,0,1060,5.3,5.29743242263794,0,0.8875572681427002,0.1124427765607833,True
1064,5.32,-0.10454281,-0.09696237,-0.086768106,-0.09898976,0,1064,5.32,5.327409744262695,0,0.8704357743263245,0.1295642107725143,True
1065,5.325,-0.082332134,-0.072541945,-0.063417844,-0.0715243,0,1064,5.32,5.327409744262695,0,0.8704357743263245,0.1295642107725143,True
1066,5.33,-0.020989304,-0.013574596,-0.008821227,-0.008855035,0,1064,5.32,5.327409744262695,0,0.8704357743263245,0.1295642107725143,True
1067,5.335,0.05331774,0.056959692,0.056434818,0.067187354,0,1064,5.32,5.327409744262695,0,0.8704357743263245,0.1295642107725143,True
1068,5.34,0.11026672,0.11126109,0.10689985,0.12727354,0,1068,5.34,5.342928171157837,0,0.8786405324935913,0.1213594675064086,True
1069,5.345,0.12890673,0.12889962,0.12360565,0.1468618,0,1068,5.34,5.342928171157837,0,0.8786405324935913,0.1213594675064086,True
1070,5.35,0.1030588,0.10353414,0.10076689,0.11636297,0,1068,5.34,5.342928171157837,0,0.8786405324935913,0.1213594675064086,True
1071,5.355,0.04089373,0.043808356,0.046297662,0.04529457,0,1068,5.34,5.342928171157837,0,0.8786405324935913,0.1213594675064086,True
1072,5.36,-0.037367146,-0.029967882,-0.022261316,-0.041519754,0,1072,5.36,5.368350505828857,0,0.8835325837135315,0.1164674684405326,True
1073,5.365,-0.104462475,-0.092881024,-0.08414973,-0.11462194,0,1072,5.36,5.368350505828857,0,0.8835325837135315,0.1164674684405326,True
1074,5.37,-0.13624506,-0.12516677,-0.12212408,-0.15243602,0,1072,5.36,5.368350505828857,0,0.8835325837135315,0.1164674684405326,True
1075,5.375,-0.12367945,-0.12041032,-0.12751375,-0.14880556,0,1072,5.36,5.368350505828857,0,0.8835325837135315,0.1164674684405326,True
1076,5.38,-0.07769872,-0.086810976,-0.101930745,-0.11187501,0,1076,5.38,5.390652656555176,0,0.8757960796356201,0.1242039278149604,True
1077,5.385,-0.0214421,-0.040451568,-0.055379536,-0.056867108,0,1076,5.38,5.390652656555176,0,0.8757960796356201,0.1242039278149604,True
1078,5.39,0.024622124,0.004030497,-0.0022332033,0.00097444083,0,1076,5.38,5.390652656555176,0,0.8757960796356201,0.1242039278149604,True
1079,5.395,0.052463464,0.038271498,0.042979248,0.04924585,0,1076,5.38,5.390652656555176,0,0.8757960796356201,0.1242039278149604,True
1080,5.4,0.06444704,0.05871475,0.06913076,0.07851141,0,1080,5.4,5.407650232315064,0,0.8843666911125183,0.1156333461403846,True
1081,5.405,0.06474149,0.06362117,0.071620874,0.08372868,0,1080,5.4,5.407650232315064,0,0.8843666911125183,0.1156333461403846,True
1082,5.41,0.05464591,0.05362756,0.05459994,0.06775762,0,1080,5.4,5.407650232315064,0,0.8843666911125183,0.1156333461403846,True
1083,5.415,0.03567889,0.034771122,0.030185798,0.042695206,0,1080,5.4,5.407650232315064,0,0.8843666911125183,0.1156333461403846,True
1084,5.42,0.014405596,0.018188085,0.012970657,0.024651647,0,1084,5.42,5.407650232315064,0,0.8784804344177246,0.1215195059776306,True
1085,5.425,0.0012935351,0.013805467,0.011802433,0.023777084,0,1084,5.42,5.407650232315064,0,0.8784804344177246,0.1215195059776306,True
1086,5.43,0.0033807934,0.022858229,0.024481295,0.037388466,0,1084,5.42,5.407650232315064,0,0.8784804344177246,0.1215195059776306,True
1087,5.435,0.017936654,0.036694683,0.039877877,0.05255643,0,1084,5.42,5.407650232315064,0,0.8784804344177246,0.1215195059776306,True
1088,5.44,0.033573214,0.043437902,0.045950264,0.05608323,0,1088,5.44,5.451439142227173,0,0.8855642080307007,0.1144358217716217,True
1089,5.445,0.037952103,0.03621796,0.03698654,0.04301791,0,1088,5.44,5.451439142227173,0,0.8855642080307007,0.1144358217716217,True
1090,5.45,0.02537682,0.015749302,0.014665864,0.016909406,0,1088,5.44,5.451439142227173,0,0.8855642080307007,0.1144358217716217,True
1091,5.455,-0.0013148425,-0.013293786,-0.016017921,-0.016366322,0,1088,5.44,5.451439142227173,0,0.8855642080307007,0.1144358217716217,True
1092,5.46,-0.034202285,-0.04630522,-0.05024681,-0.05336581,0,1092,5.46,5.466264963150024,0,0.8860045671463013,0.1139954552054405,True
1093,5.465,-0.06460959,-0.078448914,-0.08262309,-0.091341935,0,1092,5.46,5.466264963150024,0,0.8860045671463013,0.1139954552054405,True
1094,5.47,-0.08522611,-0.10193891,-0.10468417,-0.123099275,0,1092,5.46,5.466264963150024,0,0.8860045671463013,0.1139954552054405,True
1095,5.475,-0.0908938,-0.106723,-0.10615563,-0.13610087,0,1092,5.46,5.466264963150024,0,0.8860045671463013,0.1139954552054405,True
1096,5.48,-0.08008674,-0.08664465,-0.08136314,-0.11936062,0,1096,5.48,5.476454257965088,0,0.889396607875824,0.1106033772230148,True
1097,5.485,-0.05644472,-0.04590889,-0.03547542,-0.07298331,0,1096,5.48,5.476454257965088,0,0.889396607875824,0.1106033772230148,True
1098,5.49,-0.027617613,0.0014114878,0.016305674,-0.011189295,0,1096,5.48,5.476454257965088,0,0.889396607875824,0.1106033772230148,True
1099,5.495,-0.0007917667,0.039864007,0.05730696,0.045060873,0,1096,5.48,5.476454257965088,0,0.889396607875824,0.1106033772230148,True
1100,5.5,0.021624837,0.061967842,0.07870958,0.08020721,0,1100,5.5,5.492504358291626,0,0.8875365853309631,0.1124634221196174,True
1101,5.505,0.0419233,0.07021428,0.081861526,0.09125496,0,1100,5.5,5.492504358291626,0,0.8875365853309631,0.1124634221196174,True
1102,5.51,0.062458653,0.070898175,0.07289922,0.08542475,0,1100,5.5,5.492504358291626,0,0.8875365853309631,0.1124634221196174,True
1103,5.515,0.08090325,0.06688449,0.056292295,0.072374396,0,1100,5.5,5.492504358291626,0,0.8875365853309631,0.1124634221196174,True
1104,5.52,0.09009142,0.056504767,0.033741254,0.058365732,0,1104,5.52,5.51852297782898,0,0.88352370262146,0.11647629737854,True
1105,5.525,0.08299107,0.038513195,0.008022971,0.045648534,0,1104,5.52,5.51852297782898,0,0.88352370262146,0.11647629737854,True
1106,5.53,0.05887741,0.016677486,-0.014219608,0.034637738,0,1104,5.52,5.51852297782898,0,0.88352370262146,0.11647629737854,True
1107,5.535,0.02570593,-0.0013648632,-0.025198378,0.02518725,0,1104,5.52,5.51852297782898,0,0.88352370262146,0.11647629737854,True
1108,5.54,-0.0036267107,-0.0098645855,-0.022135312,0.01622704,0,1108,5.54,5.540741443634033,0,0.8783699870109558,0.1216300278902053,True
1109,5.545,-0.019067632,-0.009578353,-0.010540157,0.0056097065,0,1108,5.54,5.540741443634033,0,0.8783699870109558,0.1216300278902053,True
1110,5.55,-0.019956788,-0.0070555233,-0.0008133715,-0.00861961,0,1108,5.54,5.540741443634033,0,0.8783699870109558,0.1216300278902053,True
1111,5.555,-0.015411011,-0.009669036,-0.0008780912,-0.026531918,0,1108,5.54,5.540741443634033,0,0.8783699870109558,0.1216300278902053,True
1112,5.56,-0.017829912,-0.020801352,-0.011256248,-0.045906555,0,1112,5.56,5.557190418243408,0,0.8880891799926758,0.1119107902050018,True
1113,5.565,-0.03395643,-0.038388457,-0.026286867,-0.06335638,0,1112,5.56,5.557190418243408,0,0.8880891799926758,0.1119107902050018,True
1114,5.57,-0.059773188,-0.056561008,-0.03917769,-0.0756444,0,1112,5.56,5.557190418243408,0,0.8880891799926758,0.1119107902050018,True
1115,5.575,-0.08256377,-0.06819826,-0.04562917,-0.07998508,0,1112,5.56,5.557190418243408,0,0.8880891799926758,0.1119107902050018,True
1116,5.58,-0.08845795,-0.06705983,-0.04358563,-0.073668785,0,1116,5.58,5.5827813148498535,0,0.8898597955703735,0.1101401448249816,True
1117,5.585,-0.07064573,-0.049821064,-0.03159055,-0.054480325,0,1116,5.58,5.5827813148498535,0,0.8898597955703735,0.1101401448249816,True
1118,5.59,-0.033611808,-0.018358828,-0.009487656,-0.022755777,0,1116,5.58,5.5827813148498535,0,0.8898597955703735,0.1101401448249816,True
1119,5.595,0.008878278,0.019034445,0.018536652,0.016102811,0,1116,5.58,5.5827813148498535,0,0.8898597955703735,0.1101401448249816,True
1120,5.6,0.04105772,0.049761787,0.04277724,0.051427394,0,1120,5.6,5.608381509780884,0,0.8901097774505615,0.1098902225494384,True
1121,5.605,0.053663637,0.06279042,0.052278385,0.07138065,0,1120,5.6,5.608381509780884,0,0.8901097774505615,0.1098902225494384,True
1122,5.61,0.048500206,0.055233557,0.04267792,0.069939405,0,1120,5.6,5.608381509780884,0,0.8901097774505615,0.1098902225494384,True
1123,5.615,0.036199596,0.034857575,0.021034272,0.051852953,0,1120,5.6,5.608381509780884,0,0.8901097774505615,0.1098902225494384,True
1124,5.62,0.028885974,0.01584561,0.0023069226,0.0306869,0,1124,5.62,5.616962194442749,0,0.8817383050918579,0.1182616651058197,True
1125,5.625,0.03265102,0.009830839,-0.0010763981,0.019847387,0,1124,5.62,5.616962194442749,0,0.8817383050918579,0.1182616651058197,True
1126,5.63,0.044242397,0.01801584,0.01124072,0.022719532,0,1124,5.62,5.616962194442749,0,0.8817383050918579,0.1182616651058197,True
1127,5.635,0.053344212,0.03019118,0.02683103,0.030025357,0,1124,5.62,5.616962194442749,0,0.8817383050918579,0.1182616651058197,True
1128,5.64,0.048875026,0.032055695,0.029800683,0.027365353,0,1128,5.64,5.64451003074646,0,0.8863922357559204,0.1136077716946601,True
1129,5.645,0.025942234,0.015940435,0.013068807,0.007278482,0,1128,5.64,5.64451003074646,0,0.8863922357559204,0.1136077716946601,True
1130,5.65,-0.010481313,-0.0132717,-0.016221443,-0.02424554,0,1128,5.64,5.64451003074646,0,0.8863922357559204,0.1136077716946601,True
1131,5.655,-0.04774718,-0.041897777,-0.042479992,-0.05237675,0,1128,5.64,5.64451003074646,0,0.8863922357559204,0.1136077716946601,True
1132,5.66,-0.072528005,-0.057671167,-0.05355598,-0.06493126,0,1132,5.66,5.669553995132446,0,0.8857659101486206,0.114234060049057,True
1133,5.665,-0.07782031,-0.05757697,-0.048594944,-0.060452115,0,1132,5.66,5.669553995132446,0,0.8857659101486206,0.114234060049057,True
1134,5.67,-0.0650006,-0.04697065,-0.035691842,-0.046252843,0,1132,5.66,5.669553995132446,0,0.8857659101486206,0.114234060049057,True
1135,5.675,-0.040271405,-0.032113887,-0.022584688,-0.029603064,0,1132,5.66,5.669553995132446,0,0.8857659101486206,0.114234060049057,True
1136,5.68,-0.009742185,-0.014310623,-0.009742677,-0.011508775,0,1136,5.68,5.68198823928833,0,0.8892108798027039,0.1107891350984573,True
1137,5.685,0.022019673,0.0085271085,0.0076798834,0.010878362,0,1136,5.68,5.68198823928833,0,0.8892108798027039,0.1107891350984573,True
1138,5.69,0.049608953,0.035221048,0.03152797,0.03663299,0,1136,5.68,5.68198823928833,0,0.8892108798027039,0.1107891350984573,True
1139,5.695,0.06507902,0.057481315,0.05484093,0.057303037,0,1136,5.68,5.68198823928833,0,0.8892108798027039,0.1107891350984573,True
1140,5.7,0.061108593,0.06405991,0.06506305,0.062112607,0,1140,5.7,5.691968202590942,0,0.8898675441741943,0.110132485628128,True
1141,5.705,0.037441082,0.04977618,0.053957425,0.047564827,0,1140,5.7,5.691968202590942,0,0.8898675441741943,0.110132485628128,True
1142,5.71,0.0038953698,0.02081001,0.025153005,0.021680217,0,1140,5.7,5.691968202590942,0,0.8898675441741943,0.110132485628128,True
1143,5.715,-0.024716953,-0.009195441,-0.007828997,-0.001981281,0,1140,5.7,5.691968202590942,0,0.8898675441741943,0.110132485628128,True
1144,5.72,-0.03836841,-0.028842714,-0.03137034,-0.015128931,0,1144,5.72,5.709197044372559,0,0.8729413151741028,0.127058669924736,True
1145,5.725,-0.03748545,-0.03563974,-0.040517457,-0.020030573,0,1144,5.72,5.709197044372559,0,0.8729413151741028,0.127058669924736,True
1146,5.73,-0.029630188,-0.034351468,-0.03944987,-0.024566283,0,1144,5.72,5.709197044372559,0,0.8729413151741028,0.127058669924736,True
1147,5.735,-0.021584226,-0.030385539,-0.034851052,-0.03271351,0,1144,5.72,5.709197044372559,0,0.8729413151741028,0.127058669924736,True
1148,5.74,-0.015201291,-0.025623245,-0.029714448,-0.04031969,0,1148,5.74,5.751011848449707,0,0.8889890313148499,0.1110109761357307,True
1149,5.745,-0.009706128,-0.019684847,-0.02303984,-0.039846595,0,1148,5.74,5.751011848449707,0,0.8889890313148499,0.1110109761357307,True
1150,5.75,-0.005299639,-0.012847111,-0.013637941,-0.028309705,0,1148,5.74,5.751011848449707,0,0.8889890313148499,0.1110109761357307,True
1151,5.755,-0.0027413983,-0.0060489736,-0.0024767618,-0.010076437,0,1148,5.74,5.751011848449707,0,0.8889890313148499,0.1110109761357307,True
1152,5.76,-0.00037498996,0.0012970499,0.0086739445,0.007471228,0,1152,5.76,5.759293079376221,0,0.8897255063056946,0.1102745085954666,True
1153,5.765,0.0058668195,0.011346447,0.019267183,0.019902509,0,1152,5.76,5.759293079376221,0,0.8897255063056946,0.1102745085954666,True
1154,5.77,0.01806103,0.024410043,0.029280094,0.027264122,0,1152,5.76,5.759293079376221,0,0.8897255063056946,0.1102745085954666,True
1155,5.775,0.032563217,0.036230713,0.036860116,0.031024342,0,1152,5.76,5.759293079376221,0,0.8897255063056946,0.1102745085954666,True
1156,5.78,0.041997693,0.04033797,0.0382849,0.031219317,0,1156,5.78,5.783314943313599,0,0.890292763710022,0.109707236289978,True
1157,5.785,0.04140368,0.034026217,0.031470362,0.027195748,0,1156,5.78,5.783314943313599,0,0.890292763710022,0.109707236289978,True
1158,5.79,0.032063097,0.02159069,0.019263754,0.020144956,0,1156,5.78,5.783314943313599,0,0.890292763710022,0.109707236289978,True
1159,5.795,0.019189399,0.010672735,0.007966116,0.013236907,0,1156,5.78,5.783314943313599,0,0.890292763710022,0.109707236289978,True
1160,5.8,0.006476891,0.004888557,0.0015376831,0.008409341,0,1160,5.8,5.809051036834717,0,0.8805983662605286,0.119401641190052,True
1161,5.805,-0.0063706385,0.00038456256,-0.0026384965,0.00368688,0,1160,5.8,5.809051036834717,0,0.8805983662605286,0.119401641190052,True
1162,5.81,-0.020740954,-0.009563842,-0.011181586,-0.0048312214,0,1160,5.8,5.809051036834717,0,0.8805983662605286,0.119401641190052,True
1163,5.815,-0.034600545,-0.02609504,-0.026926553,-0.017452938,0,1160,5.8,5.809051036834717,0,0.8805983662605286,0.119401641190052,True
1164,5.82,-0.04202985,-0.041249946,-0.043709483,-0.028020518,0,1164,5.82,5.824065685272217,0,0.8860113024711609,0.1139887422323226,True
1165,5.825,-0.038122125,-0.04392651,-0.049956635,-0.028243462,0,1164,5.82,5.824065685272217,0,0.8860113024711609,0.1139887422323226,True
1166,5.83,-0.024426254,-0.030263895,-0.038674526,-0.016132018,0,1164,5.82,5.824065685272217,0,0.8860113024711609,0.1139887422323226,True
1167,5.835,-0.008752674,-0.008172479,-0.01435417,0.00020785423,0,1164,5.82,5.824065685272217,0,0.8860113024711609,0.1139887422323226,True
1168,5.84,0.0013573513,0.009114473,0.0102977175,0.008608226,0,1168,5.84,5.842645406723023,0,0.8896018862724304,0.1103981360793113,True
1169,5.845,0.005125835,0.014488022,0.024801074,0.0037437752,0,1168,5.84,5.842645406723023,0,0.8896018862724304,0.1103981360793113,True
1170,5.85,0.007891961,0.011941401,0.028240027,-0.007980836,0,1168,5.84,5.842645406723023,0,0.8896018862724304,0.1103981360793113,True
1171,5.855,0.013654107,0.0102404645,0.02674369,-0.014882647,0,1168,5.84,5.842645406723023,0,0.8896018862724304,0.1103981360793113,True
1172,5.86,0.0190611,0.012539147,0.024927584,-0.0113678565,0,1172,5.86,5.85929799079895,0,0.8907160758972168,0.1092839241027832,True
1173,5.865,0.016176326,0.013381359,0.021048008,-0.002623188,0,1172,5.86,5.85929799079895,0,0.8907160758972168,0.1092839241027832,True
1174,5.87,0.0017566739,0.005997382,0.01061205,0.0017721222,0,1172,5.86,5.85929799079895,0,0.8907160758972168,0.1092839241027832,True
1175,5.875,-0.016877254,-0.008671538,-0.00651544,-0.001852605,0,1172,5.86,5.85929799079895,0,0.8907160758972168,0.1092839241027832,True
1176,5.88,-0.026246782,-0.021240879,-0.02376211,-0.0076489416,0,1176,5.88,5.883246898651123,0,0.8868831992149353,0.1131167933344841,True
1177,5.885,-0.017810557,-0.021995435,-0.032556985,-0.006327526,0,1176,5.88,5.883246898651123,0,0.8868831992149353,0.1131167933344841,True
1178,5.89,0.0044411747,-0.009339667,-0.028949128,0.0057278136,0,1176,5.88,5.883246898651123,0,0.8868831992149353,0.1131167933344841,True
1179,5.895,0.026599385,0.009189591,-0.01604872,0.02287115,0,1176,5.88,5.883246898651123,0,0.8868831992149353,0.1131167933344841,True
1180,5.9,0.035199665,0.023120914,-0.0011510005,0.03450562,0,1180,5.9,5.909411430358887,0,0.8880781531333923,0.1119218170642852,True
1181,5.905,0.02671439,0.026187219,0.009135216,0.032754257,0,1180,5.9,5.909411430358887,0,0.8880781531333923,0.1119218170642852,True
1182,5.91,0.008834709,0.018932967,0.012143362,0.01735132,0,1180,5.9,5.909411430358887,0,0.8880781531333923,0.1119218170642852,True
1183,5.915,-0.006889417,0.006263278,0.009486733,-0.004942512,0,1180,5.9,5.909411430358887,0,0.8880781531333923,0.1119218170642852,True
1184,5.92,-0.014390576,-0.0066388813,0.005237242,-0.024729747,0,1184,5.92,5.917418479919434,0,0.8836759924888611,0.1163239851593971,True
1185,5.925,-0.016159698,-0.016355172,0.0035116337,-0.034564722,0,1184,5.92,5.917418479919434,0,0.8836759924888611,0.1163239851593971,True
1186,5.93,-0.017687514,-0.02045947,0.006764215,-0.031250384,0,1184,5.92,5.917418479919434,0,0.8836759924888611,0.1163239851593971,True
1187,5.935,-0.019442983,-0.01638392,0.015104088,-0.015866058,0,1184,5.92,5.917418479919434,0,0.8836759924888611,0.1163239851593971,True
1188,5.94,-0.01528397,-0.0027431804,0.026089415,0.0069367266,0,1188,5.94,5.952179908752441,0,0.88999342918396,0.1100066006183624,True
1189,5.945,0.00036471462,0.017257845,0.034703363,0.029529465,0,1188,5.94,5.952179908752441,0,0.88999342918396,0.1100066006183624,True
1190,5.95,0.02379067,0.034300264,0.034349576,0.042716052,0,1188,5.94,5.952179908752441,0,0.88999342918396,0.1100066006183624,True
1191,5.955,0.04147701,0.036969155,0.019961944,0.039258957,0,1188,5.94,5.952179908752441,0,0.88999342918396,0.1100066006183624,True
1192,5.96,0.03995196,0.02004148,-0.00753014,0.018723914,0,1192,5.96,5.967007875442505,0,0.8907465934753418,0.1092533320188522,True
1193,5.965,0.017798668,-0.009420318,-0.038731564,-0.009909794,0,1192,5.96,5.967007875442505,0,0.8907465934753418,0.1092533320188522,True
1194,5.97,-0.011301326,-0.03452547,-0.05883529,-0.031527415,0,1192,5.96,5.967007875442505,0,0.8907465934753418,0.1092533320188522,True
1195,5.975,-0.028073769,-0.039423976,-0.055987015,-0.033737615,0,1192,5.96,5.967007875442505,0,0.8907465934753418,0.1092533320188522,True
1196,5.98,-0.02221463,-0.020819848,-0.029681955,-0.015665188,0,1196,5.98,5.981785774230957,0,0.8883051872253418,0.1116948276758194,True
1197,5.985,-4.653641e-05,0.009179725,0.0075073885,0.010519369,0,1196,5.98,5.981785774230957,0,0.8883051872253418,0.1116948276758194,True
1198,5.99,0.02067624,0.031474475,0.037014257,0.027552547,0,1196,5.98,5.981785774230957,0,0.8883051872253418,0.1116948276758194,True
1199,5.995,0.02396296,0.032927815,0.04525093,0.024741277,0,1196,5.98,5.981785774230957,0,0.8883051872253418,0.1116948276758194,True
1200,6.0,0.00603536,0.013754742,0.030493004,0.004096544,0,1200,6.0,6.00739860534668,0,0.8898882269859314,0.1101117804646492,True
1201,6.005,-0.024126701,-0.01526603,0.0015582354,-0.02331197,0,1200,6.0,6.00739860534668,0,0.8898882269859314,0.1101117804646492,True
1202,6.01,-0.05248477,-0.041519634,-0.02897026,-0.046223883,0,1200,6.0,6.00739860534668,0,0.8898882269859314,0.1101117804646492,True
1203,6.015,-0.06846065,-0.057236724,-0.05097178,-0.058965918,0,1200,6.0,6.00739860534668,0,0.8898882269859314,0.1101117804646492,True
1204,6.02,-0.06836463,-0.060158875,-0.059080776,-0.060526073,0,1204,6.02,6.023920774459839,0,0.883894145488739,0.1161059066653251,True
1205,6.025,-0.053636257,-0.050719146,-0.05218029,-0.05070698,0,1204,6.02,6.023920774459839,0,0.883894145488739,0.1161059066653251,True
1206,6.03,-0.027787987,-0.030379819,-0.032647837,-0.029109912,0,1204,6.02,6.023920774459839,0,0.883894145488739,0.1161059066653251,True
1207,6.035,0.0048547457,-0.0024202843,-0.0058437893,0.0020922215,0,1204,6.02,6.023920774459839,0,0.883894145488739,0.1161059066653251,True
1208,6.04,0.03882496,0.027354121,0.021434108,0.035897654,0,1208,6.04,6.044468879699707,0,0.8900871872901917,0.1099127754569053,True
1209,6.045,0.0675857,0.05225275,0.043701112,0.06265664,0,1208,6.04,6.044468879699707,0,0.8900871872901917,0.1099127754569053,True
1210,6.05,0.08499624,0.067661434,0.058737025,0.07549073,0,1208,6.04,6.044468879699707,0,0.8900871872901917,0.1099127754569053,True
1211,6.055,0.087430775,0.07254886,0.066908024,0.07407182,0,1208,6.04,6.044468879699707,0,0.8900871872901917,0.1099127754569053,True
1212,6.06,0.07535067,0.06856977,0.068783596,0.063605174,0,1212,6.06,6.059282541275024,0,0.890487790107727,0.1095121800899505,True
1213,6.065,0.05360187,0.058389958,0.06386398,0.050518572,0,1212,6.06,6.059282541275024,0,0.890487790107727,0.1095121800899505,True
1214,6.07,0.029865546,0.04473596,0.05166239,0.038657535,0,1212,6.06,6.059282541275024,0,0.890487790107727,0.1095121800899505,True
1215,6.075,0.010971148,0.029660605,0.033275068,0.02804719,0,1212,6.06,6.059282541275024,0,0.890487790107727,0.1095121800899505,True
1216,6.08,-0.0014943689,0.0132196825,0.011036034,0.015673673,0,1216,6.08,6.0826256275177,0,0.8799456357955933,0.1200543642044067,True
1217,6.085,-0.012706975,-0.0071368115,-0.013344136,-0.002672601,0,1216,6.08,6.0826256275177,0,0.8799456357955933,0.1200543642044067,True
1218,6.09,-0.03050199,-0.034271643,-0.039411478,-0.029602775,0,1216,6.08,6.0826256275177,0,0.8799456357955933,0.1200543642044067,True
1219,6.095,-0.057686392,-0.06680817,-0.06601082,-0.06297289,0,1216,6.08,6.0826256275177,0,0.8799456357955933,0.1200543642044067,True
1220,6.1,-0.087248765,-0.096536696,-0.088796176,-0.09453861,0,1220,6.1,6.107343435287476,0,0.8823407888412476,0.1176592111587524,True
1221,6.105,-0.10553491,-0.11139388,-0.10040369,-0.11254937,0,1220,6.1,6.107343435287476,0,0.8823407888412476,0.1176592111587524,True
1222,6.11,-0.101476155,-0.10263394,-0.09397699,-0.10767135,0,1220,6.1,6.107343435287476,0,0.8823407888412476,0.1176592111587524,True
1223,6.115,-0.07422249,-0.07064508,-0.067575105,-0.078626275,0,1220,6.1,6.107343435287476,0,0.8823407888412476,0.1176592111587524,True
1224,6.12,-0.033066086,-0.024986891,-0.026378743,-0.03367432,0,1224,6.12,6.1178367137908936,0,0.8891481757164001,0.110851839184761,True
1225,6.125,0.0093124425,0.020802185,0.018615201,0.013212529,0,1224,6.12,6.1178367137908936,0,0.8891481757164001,0.110851839184761,True
1226,6.13,0.04386368,0.05541841,0.054744776,0.049196437,0,1224,6.12,6.1178367137908936,0,0.8891481757164001,0.110851839184761,True
1227,6.135,0.06728245,0.07334054,0.0728821,0.06828539,0,1224,6.12,6.1178367137908936,0,0.8891481757164001,0.110851839184761,True
1228,6.14,0.07955511,0.07500093,0.071302325,0.072537184,0,1228,6.14,6.140806198120117,0,0.8864924907684326,0.1135075315833091,True
1229,6.145,0.08105383,0.065001935,0.056021214,0.06844766,0,1228,6.14,6.140806198120117,0,0.8864924907684326,0.1135075315833091,True
1230,6.15,0.07216649,0.049768433,0.03702326,0.061550897,0,1228,6.14,6.140806198120117,0,0.8864924907684326,0.1135075315833091,True
1231,6.155,0.05462176,0.034982152,0.0223505,0.05315396,0,1228,6.14,6.140806198120117,0,0.8864924907684326,0.1135075315833091,True
1232,6.16,0.03168471,0.022935813,0.013645629,0.04085621,0,1232,6.16,6.15721869468689,0,0.8851012587547302,0.1148987710475921,True
1233,6.165,0.006331624,0.011108211,0.006094775,0.021501338,0,1232,6.16,6.15721869468689,0,0.8851012587547302,0.1148987710475921,True
1234,6.17,-0.020148648,-0.0058528055,-0.0068726507,-0.0056630913,0,1232,6.16,6.15721869468689,0,0.8851012587547302,0.1148987710475921,True
1235,6.175,-0.046392925,-0.030351315,-0.026904572,-0.036808457,0,1232,6.16,6.15721869468689,0,0.8851012587547302,0.1148987710475921,True
1236,6.18,-0.067265056,-0.05616768,-0.046878684,-0.06306081,0,1236,6.18,6.182859420776367,0,0.8736560940742493,0.1263439059257507,True
1237,6.185,-0.07325157,-0.069147155,-0.05382858,-0.07308944,0,1236,6.18,6.182859420776367,0,0.8736560940742493,0.1263439059257507,True
1238,6.19,-0.056132965,-0.056418654,-0.03801022,-0.059186194,0,1236,6.18,6.182859420776367,0,0.8736560940742493,0.1263439059257507,True
1239,6.195,-0.017270777,-0.017842483,-0.0017598897,-0.023716774,0,1236,6.18,6.182859420776367,0,0.8736560940742493,0.1263439059257507,True
1240,6.2,0.029506298,0.030711712,0.039585367,0.01969026,0,1240,6.2,6.200849533081055,0,0.8885766863822937,0.111423335969448,True
1241,6.205,0.06448864,0.06643357,0.066553265,0.052808348,0,1240,6.2,6.200849533081055,0,0.8885766863822937,0.111423335969448,True
1242,6.21,0.07344315,0.07384544,0.06742976,0.062956505,0,1240,6.2,6.200849533081055,0,0.8885766863822937,0.111423335969448,True
1243,6.215,0.05478192,0.052601065,0.04378911,0.048812762,0,1240,6.2,6.200849533081055,0,0.8885766863822937,0.111423335969448,True
1244,6.22,0.018125363,0.014200737,0.006713475,0.018514898,0,1244,6.22,6.224071025848389,0,0.8871378898620605,0.1128621324896812,True
1245,6.225,-0.022407992,-0.026595077,-0.030752499,-0.016065845,0,1244,6.22,6.224071025848389,0,0.8871378898620605,0.1128621324896812,True
1246,6.23,-0.054118164,-0.057513922,-0.05808178,-0.043366767,0,1244,6.22,6.224071025848389,0,0.8871378898620605,0.1128621324896812,True
1247,6.235,-0.06832268,-0.069999225,-0.067941755,-0.0539277,0,1244,6.22,6.224071025848389,0,0.8871378898620605,0.1128621324896812,True
1248,6.24,-0.061346922,-0.06004942,-0.057158265,-0.043232776,0,1248,6.24,6.240589618682861,0,0.8838317394256592,0.116168238222599,True
1249,6.245,-0.035922952,-0.031124417,-0.02974852,-0.016085824,0,1248,6.24,6.240589618682861,0,0.8838317394256592,0.116168238222599,True
1250,6.25,-0.0022627027,0.0040331427,0.0016341988,0.0123396125,0,1248,6.24,6.240589618682861,0,0.8838317394256592,0.116168238222599,True
1251,6.255,0.02401334,0.02743459,0.020320097,0.023380356,0,1248,6.24,6.240589618682861,0,0.8838317394256592,0.116168238222599,True
1252,6.26,0.028837597,0.02581091,0.015456776,0.007213108,0,1252,6.26,6.259225130081177,0,0.8879992961883545,0.1120006516575813,True
1253,6.265,0.009183301,0.0003957441,-0.0095434785,-0.028395476,0,1252,6.26,6.259225130081177,0,0.8879992961883545,0.1120006516575813,True
1254,6.27,-0.021629233,-0.03129819,-0.036944184,-0.060738407,0,1252,6.26,6.259225130081177,0,0.8879992961883545,0.1120006516575813,True
1255,6.275,-0.039418034,-0.0449274,-0.044643063,-0.06571081,0,1252,6.26,6.259225130081177,0,0.8879992961883545,0.1120006516575813,True
1256,6.28,-0.024860905,-0.025165103,-0.020607794,-0.033391394,0,1256,6.28,6.285776615142822,0,0.8858414888381958,0.1141585335135459,True
1257,6.285,0.021012451,0.022747515,0.027862502,0.025005372,0,1256,6.28,6.285776615142822,0,0.8858414888381958,0.1141585335135459,True
1258,6.29,0.07491459,0.07497395,0.07742312,0.08363417,0,1256,6.28,6.285776615142822,0,0.8858414888381958,0.1141585335135459,True
1259,6.295,0.10674606,0.10446564,0.103462346,0.11754317,0,1256,6.28,6.285776615142822,0,0.8858414888381958,0.1141585335135459,True
1260,6.3,0.10094477,0.09880256,0.096088596,0.11653846,0,1260,6.3,6.297959327697754,0,0.8897839188575745,0.1102160289883613,True
1261,6.305,0.0659711,0.066680364,0.06500481,0.088124536,0,1260,6.3,6.297959327697754,0,0.8897839188575745,0.1102160289883613,True
1262,6.31,0.024243854,0.028256085,0.029536616,0.048683263,0,1260,6.3,6.297959327697754,0,0.8897839188575745,0.1102160289883613,True
1263,6.315,-0.0073742787,-0.0016064713,0.0028372712,0.011098894,0,1260,6.3,6.297959327697754,0,0.8897839188575745,0.1102160289883613,True
1264,6.32,-0.028307304,-0.022306658,-0.015732741,-0.020982299,0,1264,6.32,6.310740947723389,0,0.8607557415962219,0.1392442286014557,True
1265,6.325,-0.047730345,-0.0419147,-0.034333576,-0.049110584,0,1264,6.32,6.310740947723389,0,0.8607557415962219,0.1392442286014557,True
1266,6.33,-0.06988578,-0.06448448,-0.05641205,-0.07253769,0,1264,6.32,6.310740947723389,0,0.8607557415962219,0.1392442286014557,True
1267,6.335,-0.0876334,-0.08387932,-0.07558613,-0.08614739,0,1264,6.32,6.310740947723389,0,0.8607557415962219,0.1392442286014557,True
1268,6.34,-0.09048291,-0.08989855,-0.082304806,-0.08584974,0,1268,6.34,6.352117538452148,0,0.8876553773880005,0.1123445779085159,True
1269,6.345,-0.07725186,-0.079344265,-0.074254446,-0.07468061,0,1268,6.34,6.352117538452148,0,0.8876553773880005,0.1123445779085159,True
1270,6.35,-0.058660593,-0.059855856,-0.05894791,-0.061655615,0,1268,6.34,6.352117538452148,0,0.8876553773880005,0.1123445779085159,True
1271,6.355,-0.046269678,-0.042253494,-0.045661844,-0.053210683,0,1268,6.34,6.352117538452148,0,0.8876553773880005,0.1123445779085159,True
1272,6.36,-0.039085854,-0.02916236,-0.035198398,-0.045591764,0,1272,6.36,6.361830711364746,0,0.8856224417686462,0.1143775656819343,True
1273,6.365,-0.02240556,-0.011769363,-0.018323926,-0.026777234,0,1272,6.36,6.361830711364746,0,0.8856224417686462,0.1143775656819343,True
1274,6.37,0.018216707,0.021101547,0.014735993,0.012222058,0,1272,6.36,6.361830711364746,0,0.8856224417686462,0.1143775656819343,True
1275,6.375,0.08008529,0.06945939,0.062220592,0.06627409,0,1272,6.36,6.361830711364746,0,0.8856224417686462,0.1143775656819343,True
1276,6.38,0.13962497,0.11705541,0.107657626,0.11574487,0,1276,6.38,6.384319305419922,0,0.889551043510437,0.1104488968849182,True
1277,6.385,0.16657722,0.14055716,0.12943248,0.13830729,0,1276,6.38,6.384319305419922,0,0.889551043510437,0.1104488968849182,True
1278,6.39,0.1449944,0.12590426,0.11562079,0.123613484,0,1276,6.38,6.384319305419922,0,0.889551043510437,0.1104488968849182,True
1279,6.395,0.084069334,0.07820619,0.07197953,0.07911301,0,1276,6.38,6.384319305419922,0,0.889551043510437,0.1104488968849182,True
1280,6.4,0.0109958835,0.017548777,0.01719125,0.023471398,0,1280,6.4,6.401035308837891,0,0.8471442461013794,0.1528556942939758,True
1281,6.405,-0.04703156,-0.034578208,-0.029673599,-0.025490513,0,1280,6.4,6.401035308837891,0,0.8471442461013794,0.1528556942939758,True
1282,6.41,-0.07732568,-0.06673617,-0.059066474,-0.058549732,0,1280,6.4,6.401035308837891,0,0.8471442461013794,0.1528556942939758,True
1283,6.415,-0.08349619,-0.079296395,-0.07179668,-0.07470877,0,1280,6.4,6.401035308837891,0,0.8471442461013794,0.1528556942939758,True
1284,6.42,-0.07638254,-0.07808329,-0.07272514,-0.07630796,0,1284,6.42,6.427472114562988,0,0.846223771572113,0.1537762284278869,True
1285,6.425,-0.0635197,-0.06724954,-0.06435194,-0.065308236,0,1284,6.42,6.427472114562988,0,0.846223771572113,0.1537762284278869,True
1286,6.43,-0.045757312,-0.04747829,-0.045878705,-0.043274682,0,1284,6.42,6.427472114562988,0,0.846223771572113,0.1537762284278869,True
1287,6.435,-0.022263303,-0.01978703,-0.017636994,-0.013644023,0,1284,6.42,6.427472114562988,0,0.846223771572113,0.1537762284278869,True
1288,6.44,0.0027656208,0.010091322,0.014270164,0.0167538,0,1288,6.44,6.450249195098877,0,0.8835147023200989,0.1164853572845459,True
1289,6.445,0.019857999,0.0322274,0.038586337,0.03899792,0,1288,6.44,6.450249195098877,0,0.8835147023200989,0.1164853572845459,True
1290,6.45,0.021651672,0.038387477,0.045326244,0.045852277,0,1288,6.44,6.450249195098877,0,0.8835147023200989,0.1164853572845459,True
1291,6.455,0.010167095,0.027911972,0.032653112,0.035416797,0,1288,6.44,6.450249195098877,0,0.8835147023200989,0.1164853572845459,True
1292,6.46,-0.0044750446,0.0078095836,0.008004126,0.011961352,0,1292,6.46,6.4681360721588135,0,0.8865188956260681,0.1134810820221901,True
1293,6.465,-0.013012028,-0.01270143,-0.017205488,-0.016288945,0,1292,6.46,6.4681360721588135,0,0.8865188956260681,0.1134810820221901,True
1294,6.47,-0.013897326,-0.027277138,-0.03391591,-0.040177554,0,1292,6.46,6.4681360721588135,0,0.8865188956260681,0.1134810820221901,True
1295,6.475,-0.01088879,-0.032687098,-0.037653923,-0.05165007,0,1292,6.46,6.4681360721588135,0,0.8865188956260681,0.1134810820221901,True
1296,6.48,-0.00561928,-0.026506284,-0.027352136,-0.045521997,0,1296,6.48,6.484036445617676,0,0.8872197866439819,0.1127802357077598,True
1297,6.485,0.004553747,-0.007775649,-0.0051469347,-0.02229338,0,1296,6.48,6.484036445617676,0,0.8872197866439819,0.1127802357077598,True
1298,6.49,0.020404162,0.018777022,0.021704521,0.009573755,0,1296,6.48,6.484036445617676,0,0.8872197866439819,0.1127802357077598,True
1299,6.495,0.034963027,0.041184623,0.04114291,0.035902597,0,1296,6.48,6.484036445617676,0,0.8872197866439819,0.1127802357077598,True
1300,6.5,0.037357938,0.04666883,0.042631198,0.044786416,0,1300,6.5,6.496780872344971,0,0.8882325887680054,0.1117674261331558,True
1301,6.505,0.024122387,0.03231408,0.025909439,0.035156008,0,1300,6.5,6.496780872344971,0,0.8882325887680054,0.1117674261331558,True
1302,6.51,0.0054533626,0.009441507,0.0033094846,0.018060058,0,1300,6.5,6.496780872344971,0,0.8882325887680054,0.1117674261331558,True
1303,6.515,-0.0021968198,-0.0044610975,-0.008800432,0.008166941,0,1300,6.5,6.496780872344971,0,0.8882325887680054,0.1117674261331558,True
1304,6.52,0.008578381,-0.00028876914,-0.0031749534,0.012030858,0,1304,6.52,6.508601427078247,0,0.8833222985267639,0.116677738726139,True
1305,6.525,0.027892923,0.014831331,0.012363197,0.023216505,0,1304,6.52,6.508601427078247,0,0.8833222985267639,0.116677738726139,True
1306,6.53,0.036233667,0.023946835,0.021918986,0.02845583,0,1304,6.52,6.508601427078247,0,0.8833222985267639,0.116677738726139,True
1307,6.535,0.021515999,0.01524122,0.015193288,0.019141508,0,1304,6.52,6.508601427078247,0,0.8833222985267639,0.116677738726139,True
1308,6.54,-0.010311504,-0.008104947,-0.0044891615,-0.001995129,0,1308,6.54,6.54296350479126,0,0.8895999193191528,0.1104000955820083,True
1309,6.545,-0.040878225,-0.031742904,-0.024443697,-0.024269037,0,1308,6.54,6.54296350479126,0,0.8895999193191528,0.1104000955820083,True
1310,6.55,-0.055344116,-0.043207444,-0.03426595,-0.038417846,0,1308,6.54,6.54296350479126,0,0.8895999193191528,0.1104000955820083,True
1311,6.555,-0.053130846,-0.041433055,-0.03365185,-0.04295177,0,1308,6.54,6.54296350479126,0,0.8895999193191528,0.1104000955820083,True
1312,6.56,-0.04390065,-0.03434026,-0.029762229,-0.04218438,0,1312,6.56,6.56746244430542,0,0.88991779088974,0.1100822612643241,True
1313,6.565,-0.034667525,-0.028321061,-0.027861806,-0.039067287,0,1312,6.56,6.56746244430542,0,0.88991779088974,0.1100822612643241,True
1314,6.57,-0.022545943,-0.021111615,-0.02502353,-0.030844191,0,1312,6.56,6.56746244430542,0,0.88991779088974,0.1100822612643241,True
1315,6.575,-0.000677973,-0.005372546,-0.013196722,-0.012380697,0,1312,6.56,6.56746244430542,0,0.88991779088974,0.1100822612643241,True
1316,6.58,0.029711371,0.020860167,0.011183776,0.015900029,0,1316,6.58,6.580474138259888,0,0.8904514908790588,0.1095484495162963,True
1317,6.585,0.054824445,0.04768695,0.040173307,0.04363381,0,1316,6.58,6.580474138259888,0,0.8904514908790588,0.1095484495162963,True
1318,6.59,0.057378888,0.058213353,0.057244543,0.055323705,0,1316,6.58,6.580474138259888,0,0.8904514908790588,0.1095484495162963,True
1319,6.595,0.031740844,0.041874047,0.04928458,0.041899346,0,1316,6.58,6.580474138259888,0,0.8904514908790588,0.1095484495162963,True
1320,6.6,-0.008572703,0.005251403,0.018540792,0.009806523,0,1320,6.6,6.598251104354858,0,0.8874981999397278,0.1125018149614334,True
1321,6.605,-0.03841213,-0.029621659,-0.016082386,-0.020982381,0,1320,6.6,6.598251104354858,0,0.8874981999397278,0.1125018149614334,True
1322,6.61,-0.038451225,-0.039939553,-0.031467993,-0.030288005,0,1320,6.6,6.598251104354858,0,0.8874981999397278,0.1125018149614334,True
1323,6.615,-0.009306467,-0.019296598,-0.018006599,-0.012822391,0,1320,6.6,6.598251104354858,0,0.8874981999397278,0.1125018149614334,True
1324,6.62,0.028680988,0.016478622,0.011861297,0.017221373,0,1324,6.62,6.609305143356323,0,0.883201003074646,0.1167989894747734,True
1325,6.625,0.05008731,0.04056727,0.032589875,0.03664359,0,1324,6.62,6.609305143356323,0,0.883201003074646,0.1167989894747734,True
1326,6.63,0.042270776,0.035305835,0.025715599,0.030868206,0,1324,6.62,6.609305143356323,0,0.883201003074646,0.1167989894747734,True
1327,6.635,0.01271781,0.0050800364,-0.005365056,0.0044394727,0,1324,6.62,6.609305143356323,0,0.883201003074646,0.1167989894747734,True
1328,6.64,-0.019035377,-0.028445488,-0.038676206,-0.024033615,0,1328,6.64,6.650749444961548,0,0.8873742818832397,0.1126257926225662,True
1329,6.645,-0.03692699,-0.04413159,-0.051973503,-0.037587207,0,1328,6.64,6.650749444961548,0,0.8873742818832397,0.1126257926225662,True
1330,6.65,-0.038002234,-0.036744874,-0.03994584,-0.033467796,0,1328,6.64,6.650749444961548,0,0.8873742818832397,0.1126257926225662,True
1331,6.655,-0.029598162,-0.017633641,-0.01581206,-0.022208322,0,1328,6.64,6.650749444961548,0,0.8873742818832397,0.1126257926225662,True
1332,6.66,-0.01926303,-0.0020774812,0.0026082185,-0.015306838,0,1332,6.66,6.658030033111572,0,0.888770341873169,0.1112296804785728,True
1333,6.665,-0.007967067,0.004122113,0.008612648,-0.013646417,0,1332,6.66,6.658030033111572,0,0.888770341873169,0.1112296804785728,True
1334,6.67,0.0077385893,0.0071077114,0.009973788,-0.007567473,0,1332,6.66,6.658030033111572,0,0.888770341873169,0.1112296804785728,True
1335,6.675,0.028072108,0.015695825,0.018146561,0.011642171,0,1332,6.66,6.658030033111572,0,0.888770341873169,0.1112296804785728,True
1336,6.68,0.045172118,0.030159691,0.03467607,0.039991178,0,1336,6.68,6.676754474639893,0,0.8903704881668091,0.1096294373273849,True
1337,6.685,0.04663351,0.04008345,0.048122726,0.06063058,0,1336,6.68,6.676754474639893,0,0.8903704881668091,0.1096294373273849,True
1338,6.69,0.02562758,0.033631887,0.04438798,0.056739528,0,1336,6.68,6.676754474639893,0,0.8903704881668091,0.1096294373273849,True
1339,6.695,-0.010596133,0.0097665815,0.020546298,0.026549729,0,1336,6.68,6.676754474639893,0,0.8903704881668091,0.1096294373273849,True
1340,6.7,-0.042296108,-0.01836742,-0.010983007,-0.013222784,0,1340,6.7,6.7011027336120605,0,0.8839892745018005,0.1160107925534248,True
1341,6.705,-0.05003536,-0.033055108,-0.032031015,-0.03948926,0,1340,6.7,6.7011027336120605,0,0.8839892745018005,0.1160107925534248,True
1342,6.71,-0.029693728,-0.026702948,-0.03338593,-0.04053004,0,1340,6.7,6.7011027336120605,0,0.8839892745018005,0.1160107925534248,True
1343,6.715,0.0030888931,-0.008347875,-0.02140685,-0.02415992,0,1340,6.7,6.7011027336120605,0,0.8839892745018005,0.1160107925534248,True
1344,6.72,0.024186987,0.004294075,-0.010998774,-0.009424289,0,1344,6.72,6.7251060009002686,0,0.889250636100769,0.1107493713498115,True
1345,6.725,0.01966394,0.0003781499,-0.011786216,-0.009397138,0,1344,6.72,6.7251060009002686,0,0.889250636100769,0.1107493713498115,True
1346,6.73,-0.0034642501,-0.014711499,-0.01995423,-0.020200849,0,1344,6.72,6.7251060009002686,0,0.889250636100769,0.1107493713498115,True
1347,6.735,-0.023307357,-0.024308017,-0.022530043,-0.02545322,0,1344,6.72,6.7251060009002686,0,0.889250636100769,0.1107493713498115,True
1348,6.74,-0.02090167,-0.015190391,-0.009791301,-0.01172399,0,1348,6.74,6.740589380264282,0,0.8897994160652161,0.1102005764842033,True
1349,6.745,0.0045911027,0.010445929,0.015021674,0.01852024,0,1348,6.74,6.740589380264282,0,0.8897994160652161,0.1102005764842033,True
1350,6.75,0.034803912,0.035456594,0.036677267,0.0472482,0,1348,6.74,6.740589380264282,0,0.8897994160652161,0.1102005764842033,True
1351,6.755,0.045573447,0.04020544,0.03886691,0.054009035,0,1348,6.74,6.740589380264282,0,0.8897994160652161,0.1102005764842033,True
1352,6.76,0.024925476,0.01764552,0.016864507,0.031484302,0,1352,6.76,6.759311199188232,0,0.8902844190597534,0.1097155585885047,True
1353,6.765,-0.017139692,-0.020117069,-0.017536515,-0.008321883,0,1352,6.76,6.759311199188232,0,0.8902844190597534,0.1097155585885047,True
1354,6.77,-0.054343212,-0.04905623,-0.042987972,-0.041810304,0,1352,6.76,6.759311199188232,0,0.8902844190597534,0.1097155585885047,True
1355,6.775,-0.06205296,-0.04980739,-0.04315788,-0.049891353,0,1352,6.76,6.759311199188232,0,0.8902844190597534,0.1097155585885047,True
1356,6.78,-0.034883644,-0.021759966,-0.018481035,-0.030868167,0,1356,6.78,6.785481214523315,0,0.882856011390686,0.1171439588069915,True
1357,6.785,0.009483808,0.016334452,0.014127866,-0.00065999525,0,1356,6.78,6.785481214523315,0,0.882856011390686,0.1171439588069915,True
1358,6.79,0.043672305,0.04033262,0.033945695,0.019790282,0,1356,6.78,6.785481214523315,0,0.882856011390686,0.1171439588069915,True
1359,6.795,0.05055223,0.038457606,0.03171235,0.020167619,0,1356,6.78,6.785481214523315,0,0.882856011390686,0.1171439588069915,True
1360,6.8,0.033627138,0.018591944,0.015211943,0.0071690613,0,1360,6.8,6.79828953742981,0,0.888416588306427,0.111583411693573,True
1361,6.805,0.010522754,-0.00028412841,0.0010198617,-0.0031108689,0,1360,6.8,6.79828953742981,0,0.888416588306427,0.111583411693573,True
1362,6.81,-0.002816977,-0.0042933007,0.00020428527,0.0002868819,0,1360,6.8,6.79828953742981,0,0.888416588306427,0.111583411693573,True
1363,6.815,-0.0029047807,0.005589487,0.01051967,0.0144633055,0,1360,6.8,6.79828953742981,0,0.888416588306427,0.111583411693573,True
1364,6.82,0.0029075597,0.01734946,0.02084193,0.026727038,0,1364,6.82,6.822197675704956,0,0.887402355670929,0.1125976964831352,True
1365,6.825,0.005725554,0.019865025,0.022109937,0.02667577,0,1364,6.82,6.822197675704956,0,0.887402355670929,0.1125976964831352,True
1366,6.83,0.0023249139,0.011453122,0.014049765,0.0148419645,0,1364,6.82,6.822197675704956,0,0.887402355670929,0.1125976964831352,True
1367,6.835,-0.0046279333,-0.0013455801,0.0026474604,0.00071583485,0,1364,6.82,6.822197675704956,0,0.887402355670929,0.1125976964831352,True
1368,6.84,-0.010764086,-0.011255658,-0.0070453407,-0.0067059756,0,1368,6.84,6.843425512313843,0,0.8890761733055115,0.1109238415956497,True
1369,6.845,-0.013512923,-0.01592572,-0.014691742,-0.0064684083,0,1368,6.84,6.843425512313843,0,0.8890761733055115,0.1109238415956497,True
1370,6.85,-0.0127203055,-0.017507851,-0.02223137,-0.005001019,0,1368,6.84,6.843425512313843,0,0.8890761733055115,0.1109238415956497,True
1371,6.855,-0.009709134,-0.018710464,-0.029618125,-0.009188123,0,1368,6.84,6.843425512313843,0,0.8890761733055115,0.1109238415956497,True
1372,6.86,-0.006667669,-0.020333832,-0.034211587,-0.020199645,0,1372,6.86,6.862998008728027,0,0.8906266689300537,0.1093732863664627,True
1373,6.865,-0.0064412286,-0.02197603,-0.033955466,-0.033051286,0,1372,6.86,6.862998008728027,0,0.8906266689300537,0.1093732863664627,True
1374,6.87,-0.011401601,-0.0233781,-0.029677283,-0.040877186,0,1372,6.86,6.862998008728027,0,0.8906266689300537,0.1093732863664627,True
1375,6.875,-0.020900035,-0.023776684,-0.02327377,-0.039233234,0,1372,6.86,6.862998008728027,0,0.8906266689300537,0.1093732863664627,True
1376,6.88,-0.029212443,-0.020243553,-0.014147282,-0.02727912,0,1376,6.88,6.8753342628479,0,0.8906104564666748,0.1093895658850669,True
1377,6.885,-0.027157422,-0.008400865,0.0009889059,-0.006712158,0,1376,6.88,6.8753342628479,0,0.8906104564666748,0.1093895658850669,True
1378,6.89,-0.008322317,0.013335223,0.023490584,0.018877849,0,1376,6.88,6.8753342628479,0,0.8906104564666748,0.1093895658850669,True
1379,6.895,0.023963938,0.03950015,0.047941912,0.043522887,0,1376,6.88,6.8753342628479,0,0.8906104564666748,0.1093895658850669,True
1380,6.9,0.055465,0.058419548,0.0630855,0.0592836,0,1380,6.9,6.916062116622925,0,0.890566349029541,0.1094336435198783,True
1381,6.905,0.06878576,0.059188332,0.059243143,0.059352994,0,1380,6.9,6.916062116622925,0,0.890566349029541,0.1094336435198783,True
1382,6.91,0.05535336,0.039725546,0.036225755,0.042459648,0,1380,6.9,6.916062116622925,0,0.890566349029541,0.1094336435198783,True
1383,6.915,0.022037499,0.008928429,0.0044862083,0.014726499,0,1380,6.9,6.916062116622925,0,0.890566349029541,0.1094336435198783,True
1384,6.92,-0.013575176,-0.019326225,-0.02196264,-0.0133543825,0,1384,6.92,6.916062116622925,0,0.8791503310203552,0.1208497136831283,True
1385,6.925,-0.03557969,-0.035382535,-0.034920555,-0.032842435,0,1384,6.92,6.916062116622925,0,0.8791503310203552,0.1208497136831283,True
1386,6.93,-0.039460782,-0.038493853,-0.035728686,-0.0404501,0,1384,6.92,6.916062116622925,0,0.8791503310203552,0.1208497136831283,True
1387,6.935,-0.031667907,-0.033791468,-0.03086583,-0.037954785,0,1384,6.92,6.916062116622925,0,0.8791503310203552,0.1208497136831283,True
1388,6.94,-0.021279046,-0.025720175,-0.024604157,-0.028637277,0,1388,6.94,6.9407713413238525,0,0.8880245685577393,0.1119754314422607,True
1389,6.945,-0.012648934,-0.014934221,-0.016229002,-0.014948312,0,1388,6.94,6.9407713413238525,0,0.8880245685577393,0.1119754314422607,True
1390,6.95,-0.0052223313,-0.0010692063,-0.003928489,0.00063092785,0,1388,6.94,6.9407713413238525,0,0.8880245685577393,0.1119754314422607,True
1391,6.955,0.0017011361,0.013009325,0.009925413,0.013848888,0,1388,6.94,6.9407713413238525,0,0.8880245685577393,0.1119754314422607,True
1392,6.96,0.0061558858,0.02135701,0.01879064,0.019635875,0,1392,6.96,6.960108041763306,0,0.8892495036125183,0.110750526189804,True
1393,6.965,0.0060510268,0.020059608,0.017903486,0.015990421,0,1392,6.96,6.960108041763306,0,0.8892495036125183,0.110750526189804,True
1394,6.97,0.003535256,0.011923722,0.009967445,0.0069680265,0,1392,6.96,6.960108041763306,0,0.8892495036125183,0.110750526189804,True
1395,6.975,0.00518937,0.005352726,0.0041388706,0.00090521143,0,1392,6.96,6.960108041763306,0,0.8892495036125183,0.110750526189804,True
1396,6.98,0.01639354,0.007675809,0.0083955275,0.0043216394,0,1396,6.98,6.986371278762817,0,0.8897033333778381,0.110296681523323,True
1397,6.985,0.034604583,0.01858942,0.021966755,0.016280007,0,1396,6.98,6.986371278762817,0,0.8897033333778381,0.110296681523323,True
1398,6.99,0.04831434,0.029448738,0.034739032,0.028090907,0,1396,6.98,6.986371278762817,0,0.8897033333778381,0.110296681523323,True
1399,6.995,0.0440793,0.02922031,0.03441069,0.029017618,0,1396,6.98,6.986371278762817,0,0.8897033333778381,0.110296681523323,True
1400,7.0,0.016903182,0.0124822315,0.015521453,0.013828424,0,1400,7.0,6.999759435653687,0,0.8888736963272095,0.1111263036727905,True
1401,7.005,-0.024359643,-0.016563604,-0.01670599,-0.013310559,0,1400,7.0,6.999759435653687,0,0.8888736963272095,0.1111263036727905,True
1402,7.01,-0.061460815,-0.04659864,-0.04988009,-0.0411244,0,1400,7.0,6.999759435653687,0,0.8888736963272095,0.1111263036727905,True
1403,7.015,-0.07798459,-0.065610886,-0.07149463,-0.057637062,0,1400,7.0,6.999759435653687,0,0.8888736963272095,0.1111263036727905,True
1404,7.02,-0.068741806,-0.066397995,-0.074120715,-0.056190517,0,1404,7.02,7.025490045547485,0,0.8799831867218018,0.1200167909264564,True
1405,7.025,-0.04072585,-0.048422273,-0.056671113,-0.03773734,0,1404,7.02,7.025490045547485,0,0.8799831867218018,0.1200167909264564,True
1406,7.03,-0.00651983,-0.016843868,-0.023512615,-0.009170991,0,1404,7.02,7.025490045547485,0,0.8799831867218018,0.1200167909264564,True
1407,7.035,0.023211937,0.019223325,0.01649141,0.020272538,0,1404,7.02,7.025490045547485,0,0.8799831867218018,0.1200167909264564,True
1408,7.04,0.042607307,0.048719175,0.051370766,0.042314034,0,1408,7.04,7.043919801712036,0,0.8886798620223999,0.1113202050328254,True
1409,7.045,0.049100216,0.061739147,0.069414414,0.05151226,0,1408,7.04,7.043919801712036,0,0.8886798620223999,0.1113202050328254,True
1410,7.05,0.041722994,0.053554606,0.06411841,0.04577169,0,1408,7.04,7.043919801712036,0,0.8886798620223999,0.1113202050328254,True
1411,7.055,0.022011945,0.02742159,0.03783711,0.026251223,0,1408,7.04,7.043919801712036,0,0.8886798620223999,0.1113202050328254,True
1412,7.06,-0.0038758628,-0.0060152854,0.0015342452,-0.0024088328,0,1412,7.06,7.070775747299194,0,0.8896869421005249,0.1103130578994751,True
1413,7.065,-0.025349975,-0.03279525,-0.029357994,-0.03153117,0,1412,7.06,7.070775747299194,0,0.8896869421005249,0.1103130578994751,True
1414,7.07,-0.031630225,-0.041344665,-0.041111927,-0.049244136,0,1412,7.06,7.070775747299194,0,0.8896869421005249,0.1103130578994751,True
1415,7.075,-0.018126974,-0.027638214,-0.027938746,-0.044893842,0,1412,7.06,7.070775747299194,0,0.8896869421005249,0.1103130578994751,True
1416,7.08,0.009511512,0.002243243,0.0040303892,-0.016215676,0,1416,7.08,7.078063011169434,0,0.8843289017677307,0.1156711131334304,True
1417,7.085,0.03747532,0.03421773,0.038221173,0.026046744,0,1416,7.08,7.078063011169434,0,0.8843289017677307,0.1156711131334304,True
1418,7.09,0.05158238,0.053219885,0.055967145,0.06174963,0,1416,7.08,7.078063011169434,0,0.8843289017677307,0.1156711131334304,True
1419,7.095,0.04548117,0.051342953,0.047580257,0.072616965,0,1416,7.08,7.078063011169434,0,0.8843289017677307,0.1156711131334304,True
1420,7.1,0.02326586,0.031274498,0.018040553,0.053328298,0,1420,7.1,7.102940320968628,0,0.8887202143669128,0.1112798005342483,True
1421,7.105,-0.0045439033,0.0028912362,-0.01723351,0.014187451,0,1420,7.1,7.102940320968628,0,0.8887202143669128,0.1112798005342483,True
1422,7.11,-0.027205812,-0.023082878,-0.042627264,-0.025892815,0,1420,7.1,7.102940320968628,0,0.8887202143669128,0.1112798005342483,True
1423,7.115,-0.03766412,-0.03916082,-0.05035644,-0.050325893,0,1420,7.1,7.102940320968628,0,0.8887202143669128,0.1112798005342483,True
1424,7.12,-0.034039263,-0.042079326,-0.04187305,-0.0527901,0,1424,7.12,7.114829778671265,0,0.885414183139801,0.1145858317613601,True
1425,7.125,-0.020608244,-0.033210874,-0.02458671,-0.038702518,0,1424,7.12,7.114829778671265,0,0.885414183139801,0.1145858317613601,True
1426,7.13,-0.0074214037,-0.018933943,-0.007661925,-0.020486822,0,1424,7.12,7.114829778671265,0,0.885414183139801,0.1145858317613601,True
1427,7.135,-0.0055659837,-0.008320705,0.0017225937,-0.009408824,0,1424,7.12,7.114829778671265,0,0.885414183139801,0.1145858317613601,True
1428,7.14,-0.01875196,-0.007232846,0.0015934482,-0.008583745,0,1428,7.14,7.142129182815552,0,0.8895866274833679,0.110413372516632,True
1429,7.145,-0.037999142,-0.013227373,-0.0036951562,-0.01186569,0,1428,7.14,7.142129182815552,0,0.8895866274833679,0.110413372516632,True
1430,7.15,-0.04637734,-0.017209686,-0.0066786017,-0.009926493,0,1428,7.14,7.142129182815552,0,0.8895866274833679,0.110413372516632,True
1431,7.155,-0.032357734,-0.011940018,-0.0032861622,0.0008413019,0,1428,7.14,7.142129182815552,0,0.8895866274833679,0.110413372516632,True
1432,7.16,-0.00086309935,0.0002590077,0.0029138806,0.014189473,0,1432,7.16,7.16203236579895,0,0.8912732601165771,0.108726754784584,True
1433,7.165,0.029040022,0.009015583,0.003914219,0.019089032,0,1432,7.16,7.16203236579895,0,0.8912732601165771,0.108726754784584,True
1434,7.17,0.039593235,0.006541651,-0.003724253,0.010423713,0,1432,7.16,7.16203236579895,0,0.8912732601165771,0.108726754784584,True
1435,7.175,0.029854165,-0.0026201839,-0.012652673,-0.0043038703,0,1432,7.16,7.16203236579895,0,0.8912732601165771,0.108726754784584,True
1436,7.18,0.016703397,-0.003384047,-0.008835432,-0.009454013,0,1436,7.18,7.185436010360718,0,0.8892173767089844,0.110782615840435,True
1437,7.185,0.019510323,0.016416717,0.015940435,0.005664682,0,1436,7.18,7.185436010360718,0,0.8892173767089844,0.110782615840435,True
1438,7.19,0.041938756,0.05255631,0.05390567,0.036092773,0,1436,7.18,7.185436010360718,0,0.8892173767089844,0.110782615840435,True
1439,7.195,0.0673715,0.08383936,0.08339057,0.06265786,0,1436,7.18,7.185436010360718,0,0.8892173767089844,0.110782615840435,True
1440,7.2,0.07210851,0.08637867,0.08288719,0.065223835,0,1440,7.2,7.200596332550049,0,0.8886561989784241,0.1113437563180923,True
1441,7.205,0.04471509,0.05164315,0.04662311,0.037529595,0,1440,7.2,7.200596332550049,0,0.8886561989784241,0.1113437563180923,True
1442,7.21,-0.004833798,-0.0062540374,-0.010324029,-0.007857877,0,1440,7.2,7.200596332550049,0,0.8886561989784241,0.1113437563180923,True
1443,7.215,-0.052922033,-0.059739854,-0.061286848,-0.04801415,0,1440,7.2,7.200596332550049,0,0.8886561989784241,0.1113437563180923,True
1444,7.22,-0.07928322,-0.08593201,-0.08466979,-0.064769566,0,1444,7.22,7.229688167572021,0,0.8606504201889038,0.1393495798110962,True
1445,7.225,-0.078979634,-0.07967525,-0.07580739,-0.055078454,0,1444,7.22,7.229688167572021,0,0.8606504201889038,0.1393495798110962,True
1446,7.23,-0.06105879,-0.052557863,-0.046203624,-0.029729081,0,1444,7.22,7.229688167572021,0,0.8606504201889038,0.1393495798110962,True
1447,7.235,-0.03770694,-0.0210978,-0.012714493,-0.0032385606,0,1444,7.22,7.229688167572021,0,0.8606504201889038,0.1393495798110962,True
1448,7.24,-0.015099768,0.004394872,0.013187597,0.015442697,0,1448,7.24,7.251042366027832,0,0.8870090842247009,0.1129909381270408,True
1449,7.245,0.0063298726,0.021462683,0.027833706,0.024083162,0,1448,7.24,7.251042366027832,0,0.8870090842247009,0.1129909381270408,True
1450,7.25,0.024903124,0.029441873,0.030564932,0.022040399,0,1448,7.24,7.251042366027832,0,0.8870090842247009,0.1129909381270408,True
1451,7.255,0.03366309,0.025161989,0.019995635,0.0073423916,0,1448,7.24,7.251042366027832,0,0.8870090842247009,0.1129909381270408,True
1452,7.26,0.02546004,0.006680962,-0.0030310282,-0.01897846,0,1452,7.26,7.266157865524292,0,0.8890865445137024,0.1109134927392005,True
1453,7.265,0.0026963686,-0.019219473,-0.029659277,-0.046428792,0,1452,7.26,7.266157865524292,0,0.8890865445137024,0.1109134927392005,True
1454,7.27,-0.019399356,-0.036202554,-0.043620173,-0.05666014,0,1452,7.26,7.266157865524292,0,0.8890865445137024,0.1109134927392005,True
1455,7.275,-0.022124924,-0.028824817,-0.031651806,-0.036061462,0,1452,7.26,7.266157865524292,0,0.8890865445137024,0.1109134927392005,True
1456,7.28,0.0010923452,0.0035016874,0.0041636154,0.010541237,0,1456,7.28,7.275980949401855,0,0.887679934501648,0.112320102751255,True
1457,7.285,0.036859956,0.04256807,0.04442442,0.05903373,0,1456,7.28,7.275980949401855,0,0.887679934501648,0.112320102751255,True
1458,7.29,0.06024693,0.06319623,0.064841196,0.08151759,0,1456,7.28,7.275980949401855,0,0.887679934501648,0.112320102751255,True
1459,7.295,0.05378446,0.05219496,0.053933617,0.066451475,0,1456,7.28,7.275980949401855,0,0.887679934501648,0.112320102751255,True
1460,7.3,0.021486511,0.018631885,0.021507556,0.026779655,0,1460,7.3,7.293913125991821,0,0.8879349231719971,0.1120650768280029,True
1461,7.305,-0.0141402995,-0.013470931,-0.00914279,-0.010561235,0,1460,7.3,7.293913125991821,0,0.8879349231719971,0.1120650768280029,True
1462,7.31,-0.030077538,-0.02413599,-0.019058133,-0.024956532,0,1460,7.3,7.293913125991821,0,0.8879349231719971,0.1120650768280029,True
1463,7.315,-0.021040082,-0.012514885,-0.0073481784,-0.016108228,0,1460,7.3,7.293913125991821,0,0.8879349231719971,0.1120650768280029,True
1464,7.32,-0.002670312,0.0041781575,0.009751313,-0.0014282245,0,1464,7.32,7.309634923934936,0,0.8847156763076782,0.1152842938899993,True
1465,7.325,0.0031893759,0.006644547,0.01335219,0.00015267337,0,1464,7.32,7.309634923934936,0,0.8847156763076782,0.1152842938899993,True
1466,7.33,-0.011463275,-0.009334779,-0.0020422265,-0.015402377,0,1464,7.32,7.309634923934936,0,0.8847156763076782,0.1152842938899993,True
1467,7.335,-0.033225432,-0.02937527,-0.02427115,-0.033918954,0,1464,7.32,7.309634923934936,0,0.8847156763076782,0.1152842938899993,True
1468,7.34,-0.039463095,-0.033774264,-0.03469308,-0.035614915,0,1468,7.34,7.350812435150146,0,0.8896060585975647,0.1103939786553382,True
1469,7.345,-0.019700656,-0.015914127,-0.025154307,-0.013218808,0,1468,7.34,7.350812435150146,0,0.8896060585975647,0.1103939786553382,True
1470,7.35,0.01328132,0.0107920645,-0.005681395,0.019962175,0,1468,7.34,7.350812435150146,0,0.8896060585975647,0.1103939786553382,True
1471,7.355,0.03331405,0.023903036,0.004177729,0.039488085,0,1468,7.34,7.350812435150146,0,0.8896060585975647,0.1103939786553382,True
1472,7.36,0.023233723,0.011155363,-0.0072613666,0.029143453,0,1472,7.36,7.366037130355835,0,0.8887458443641663,0.1112542003393173,True
1473,7.365,-0.010210841,-0.01916585,-0.03318964,-0.0060792444,0,1472,7.36,7.366037130355835,0,0.8887458443641663,0.1112542003393173,True
1474,7.37,-0.04192752,-0.045244783,-0.053490374,-0.04389303,0,1472,7.36,7.366037130355835,0,0.8887458443641663,0.1112542003393173,True
1475,7.375,-0.04871156,-0.04882388,-0.050400104,-0.061247297,0,1472,7.36,7.366037130355835,0,0.8887458443641663,0.1112542003393173,True
1476,7.38,-0.025848642,-0.027120262,-0.020797899,-0.0492212,0,1476,7.38,7.377722024917602,0,0.8871710896492004,0.1128289327025413,True
1477,7.385,0.012929727,0.00883462,0.023847427,-0.015538199,0,1476,7.38,7.377722024917602,0,0.8871710896492004,0.1128289327025413,True
1478,7.39,0.048626184,0.04440801,0.06672474,0.023858339,0,1476,7.38,7.377722024917602,0,0.8871710896492004,0.1128289327025413,True
1479,7.395,0.06907467,0.06904866,0.09428365,0.054485187,0,1476,7.38,7.377722024917602,0,0.8871710896492004,0.1128289327025413,True
1480,7.4,0.070569225,0.07654518,0.09865783,0.06728343,0,1480,7.4,7.393026828765869,0,0.889197587966919,0.110802449285984,True
1481,7.405,0.05277952,0.06276101,0.07689145,0.05834322,0,1480,7.4,7.393026828765869,0,0.889197587966919,0.110802449285984,True
1482,7.41,0.016902374,0.027525382,0.032233965,0.029574238,0,1480,7.4,7.393026828765869,0,0.889197587966919,0.110802449285984,True
1483,7.415,-0.029816324,-0.020174392,-0.022969274,-0.008968043,0,1480,7.4,7.393026828765869,0,0.889197587966919,0.110802449285984,True
1484,7.42,-0.070576504,-0.06145856,-0.0686639,-0.040083412,0,1484,7.42,7.418259143829346,0,0.8680257797241211,0.1319742351770401,True
1485,7.425,-0.08496642,-0.07628896,-0.08599863,-0.04740707,0,1484,7.42,7.418259143829346,0,0.8680257797241211,0.1319742351770401,True
1486,7.43,-0.062684245,-0.05681126,-0.068867154,-0.026414048,0,1484,7.42,7.418259143829346,0,0.8680257797241211,0.1319742351770401,True
1487,7.435,-0.013501105,-0.014322494,-0.028875858,0.010613786,0,1484,7.42,7.418259143829346,0,0.8680257797241211,0.1319742351770401,True
1488,7.44,0.036579814,0.02676774,0.010985129,0.041026533,0,1488,7.44,7.447248697280884,0,0.8868682384490967,0.1131317317485809,True
1489,7.445,0.061412517,0.04410512,0.02993561,0.04581589,0,1488,7.44,7.447248697280884,0,0.8868682384490967,0.1131317317485809,True
1490,7.45,0.05118097,0.030949702,0.021230934,0.021408094,0,1488,7.44,7.447248697280884,0,0.8868682384490967,0.1131317317485809,True
1491,7.455,0.017433397,-0.0007018724,-0.00487605,-0.018471101,0,1488,7.44,7.447248697280884,0,0.8868682384490967,0.1131317317485809,True
1492,7.46,-0.016087716,-0.028619729,-0.028209714,-0.051393233,0,1492,7.46,7.454915761947632,0,0.8886479139328003,0.1113520935177803,True
1493,7.465,-0.029709589,-0.034569778,-0.0313779,-0.05955743,0,1492,7.46,7.454915761947632,0,0.8886479139328003,0.1113520935177803,True
1494,7.47,-0.020062104,-0.015577024,-0.010744905,-0.040064886,0,1492,7.46,7.454915761947632,0,0.8886479139328003,0.1113520935177803,True
1495,7.475,-0.00040395072,0.014570049,0.021107657,-0.0062913247,0,1492,7.46,7.454915761947632,0,0.8886479139328003,0.1113520935177803,True
1496,7.48,0.010782494,0.034798063,0.043598745,0.020755414,0,1496,7.48,7.476415634155273,0,0.8895147442817688,0.1104852259159088,True
1497,7.485,0.004504386,0.03140914,0.042174246,0.026235096,0,1496,7.48,7.476415634155273,0,0.8895147442817688,0.1104852259159088,True
1498,7.49,-0.01199838,0.0078239525,0.018479472,0.011448889,0,1496,7.48,7.476415634155273,0,0.8895147442817688,0.1104852259159088,True
1499,7.495,-0.022007339,-0.018135788,-0.010978611,-0.007520971,0,1496,7.48,7.476415634155273,0,0.8895147442817688,0.1104852259159088,True
1500,7.5,-0.014124798,-0.027945412,-0.026989004,-0.012320233,0,1500,7.5,7.499831914901733,0,0.8831521272659302,0.1168478578329086,True
1501,7.505,0.007474134,-0.016584853,-0.021486063,0.0031293344,0,1500,7.5,7.499831914901733,0,0.8831521272659302,0.1168478578329086,True
1502,7.51,0.026270134,0.004237608,-0.0024774105,0.027685964,0,1500,7.5,7.499831914901733,0,0.8831521272659302,0.1168478578329086,True
1503,7.515,0.027228693,0.016499396,0.013467605,0.042042166,0,1500,7.5,7.499831914901733,0,0.8831521272659302,0.1168478578329086,True
1504,7.52,0.009089136,0.010943006,0.014613149,0.034389224,0,1504,7.52,7.53149938583374,0,0.8898439407348633,0.1101560369133949,True
1505,7.525,-0.015140127,-0.006095178,0.0022493997,0.0094363615,0,1504,7.52,7.53149938583374,0,0.8898439407348633,0.1101560369133949,True
1506,7.53,-0.02884508,-0.01934431,-0.012341991,-0.01648321,0,1504,7.52,7.53149938583374,0,0.8898439407348633,0.1101560369133949,True
1507,7.535,-0.023768825,-0.017847154,-0.018162629,-0.02895948,0,1504,7.52,7.53149938583374,0,0.8898439407348633,0.1101560369133949,True
1508,7.54,-0.0040513123,-0.002898331,-0.012473197,-0.025427343,0,1508,7.54,7.5488855838775635,0,0.8893786668777466,0.1106212958693504,True
1509,7.545,0.01862692,0.014940822,-0.00060980546,-0.01404585,0,1508,7.54,7.5488855838775635,0,0.8893786668777466,0.1106212958693504,True
1510,7.55,0.03293365,0.025079317,0.010006688,-0.004923711,0,1508,7.54,7.5488855838775635,0,0.8893786668777466,0.1106212958693504,True
1511,7.555,0.033002425,0.023624279,0.01510911,-0.0026748693,0,1508,7.54,7.5488855838775635,0,0.8893786668777466,0.1106212958693504,True
1512,7.56,0.019367762,0.013363545,0.014350758,-0.00553463,0,1512,7.56,7.5673911571502686,0,0.8905698657035828,0.109430156648159,True
1513,7.565,-0.0024960132,-0.000359941,0.00918357,-0.009078514,0,1512,7.56,7.5673911571502686,0,0.8905698657035828,0.109430156648159,True
1514,7.57,-0.024298444,-0.012916741,0.0013540898,-0.009689906,0,1512,7.56,7.5673911571502686,0,0.8905698657035828,0.109430156648159,True
1515,7.575,-0.037403386,-0.020815186,-0.0067791143,-0.005536319,0,1512,7.56,7.5673911571502686,0,0.8905698657035828,0.109430156648159,True
1516,7.58,-0.03584558,-0.021107133,-0.011760494,0.0037139957,0,1516,7.58,7.575833082199097,0,0.8892633318901062,0.1107366234064102,True
1517,7.585,-0.019248124,-0.012164993,-0.010202358,0.016755162,0,1516,7.58,7.575833082199097,0,0.8892633318901062,0.1107366234064102,True
1518,7.59,0.006088538,0.004275657,-0.0012648035,0.030217245,0,1516,7.58,7.575833082199097,0,0.8892633318901062,0.1107366234064102,True
1519,7.595,0.029403426,0.022102898,0.011622338,0.03909384,0,1516,7.58,7.575833082199097,0,0.8892633318901062,0.1107366234064102,True
1520,7.6,0.040398188,0.032617744,0.021490585,0.03832424,0,1520,7.6,7.600904226303101,0,0.8897961974143982,0.1102038323879242,True
1521,7.605,0.034037005,0.028596109,0.021001475,0.024792459,0,1520,7.6,7.600904226303101,0,0.8897961974143982,0.1102038323879242,True
1522,7.61,0.012420363,0.008458451,0.0066192327,-0.0008712532,0,1520,7.6,7.600904226303101,0,0.8897961974143982,0.1102038323879242,True
1523,7.615,-0.016669987,-0.021671163,-0.01827408,-0.032976903,0,1520,7.6,7.600904226303101,0,0.8897961974143982,0.1102038323879242,True
1524,7.62,-0.042769846,-0.049420968,-0.043404765,-0.060951915,0,1524,7.62,7.629515409469604,0,0.8824862241744995,0.117513783276081,True
1525,7.625,-0.05561472,-0.061222076,-0.05579554,-0.0725554,0,1524,7.62,7.629515409469604,0,0.8824862241744995,0.117513783276081,True
1526,7.63,-0.04785663,-0.04904574,-0.04660486,-0.05991271,0,1524,7.62,7.629515409469604,0,0.8824862241744995,0.117513783276081,True
1527,7.635,-0.018231567,-0.015212253,-0.016620839,-0.024910117,0,1524,7.62,7.629515409469604,0,0.8824862241744995,0.117513783276081,True
1528,7.64,0.02559124,0.027913252,0.023402495,0.020444712,0,1528,7.64,7.6482508182525635,0,0.8901038765907288,0.1098961010575294,True
1529,7.645,0.06720456,0.06355296,0.057972763,0.059708092,0,1528,7.64,7.6482508182525635,0,0.8901038765907288,0.1098961010575294,True
1530,7.65,0.08721375,0.07829075,0.07421706,0.07991984,0,1528,7.64,7.6482508182525635,0,0.8901038765907288,0.1098961010575294,True
1531,7.655,0.07340602,0.067653164,0.06700805,0.07645755,0,1528,7.64,7.6482508182525635,0,0.8901038765907288,0.1098961010575294,True
1532,7.66,0.029405817,0.03694442,0.03983746,0.052655812,0,1532,7.66,7.659709692001343,0,0.8904913067817688,0.1095087379217147,True
1533,7.665,-0.025317356,-0.0022196989,0.0023442947,0.016320039,0,1532,7.66,7.659709692001343,0,0.8904913067817688,0.1095087379217147,True
1534,7.67,-0.06606531,-0.03726234,-0.033551425,-0.023399308,0,1532,7.66,7.659709692001343,0,0.8904913067817688,0.1095087379217147,True
1535,7.675,-0.07770946,-0.059304953,-0.057599768,-0.057443585,0,1532,7.66,7.659709692001343,0,0.8904913067817688,0.1095087379217147,True
1536,7.68,-0.06287474,-0.06544177,-0.06444141,-0.077802226,0,1536,7.68,7.679683446884155,0,0.8791950345039368,0.1208049580454826,True
1537,7.685,-0.03723618,-0.058030393,-0.054972056,-0.07929868,0,1536,7.68,7.679683446884155,0,0.8791950345039368,0.1208049580454826,True
1538,7.69,-0.016038066,-0.041742574,-0.03492908,-0.061649427,0,1536,7.68,7.679683446884155,0,0.8791950345039368,0.1208049580454826,True
1539,7.695,-0.0032447118,-0.020542685,-0.011440017,-0.030061401,0,1536,7.68,7.679683446884155,0,0.8791950345039368,0.1208049580454826,True
1540,7.7,0.007892434,0.0030885774,0.010063144,0.006496764,0,1540,7.7,7.702020645141602,0,0.8888851404190063,0.1111149340867996,True
1541,7.705,0.024523253,0.026461365,0.026663963,0.038513623,0,1540,7.7,7.702020645141602,0,0.8888851404190063,0.1111149340867996,True
1542,7.71,0.044571213,0.045037273,0.03698624,0.059054203,0,1540,7.7,7.702020645141602,0,0.8888851404190063,0.1111149340867996,True
1543,7.715,0.057170756,0.053645294,0.04041356,0.06562488,0,1540,7.7,7.702020645141602,0,0.8888851404190063,0.1111149340867996,True
1544,7.72,0.05270217,0.05023503,0.037464146,0.060283527,0,1544,7.72,7.730923652648926,0,0.8894006609916687,0.1105993688106536,True
1545,7.725,0.032572187,0.03836919,0.030204093,0.0478742,0,1544,7.72,7.730923652648926,0,0.8894006609916687,0.1105993688106536,True
1546,7.73,0.008991712,0.025005927,0.021263763,0.032918725,0,1544,7.72,7.730923652648926,0,0.8894006609916687,0.1105993688106536,True
1547,7.735,-0.0052769235,0.014795633,0.011997498,0.016934538,0,1544,7.72,7.730923652648926,0,0.8894006609916687,0.1105993688106536,True
1548,7.74,-0.007380572,0.006409085,0.0019732907,-0.0014935799,0,1548,7.74,7.733762741088867,0,0.8863058090209961,0.1136942133307457,True
1549,7.745,-0.0052842665,-0.0050126733,-0.009274482,-0.023407793,0,1548,7.74,7.733762741088867,0,0.8863058090209961,0.1136942133307457,True
1550,7.75,-0.009189384,-0.021632852,-0.020272868,-0.045884553,0,1548,7.74,7.733762741088867,0,0.8863058090209961,0.1136942133307457,True
1551,7.755,-0.022454573,-0.039558366,-0.028158516,-0.062241677,0,1548,7.74,7.733762741088867,0,0.8863058090209961,0.1136942133307457,True
1552,7.76,-0.039892614,-0.051779084,-0.03139909,-0.06657325,0,1552,7.76,7.764107704162598,0,0.8881499171257019,0.1118501052260398,True
1553,7.765,-0.05284487,-0.05380195,-0.031232806,-0.058211084,0,1552,7.76,7.764107704162598,0,0.8881499171257019,0.1118501052260398,True
1554,7.77,-0.05485964,-0.04599039,-0.029683815,-0.041434836,0,1552,7.76,7.764107704162598,0,0.8881499171257019,0.1118501052260398,True
1555,7.775,-0.043938003,-0.031309623,-0.026496861,-0.02103106,0,1552,7.76,7.764107704162598,0,0.8881499171257019,0.1118501052260398,True
1556,7.78,-0.022174107,-0.012459633,-0.01912293,0.0010459281,0,1556,7.78,7.790454149246216,0,0.8907015919685364,0.1092983856797218,True
1557,7.785,0.0051462976,0.008184473,-0.0062602856,0.024348056,0,1556,7.78,7.790454149246216,0,0.8907015919685364,0.1092983856797218,True
1558,7.79,0.030938009,0.027058575,0.009194152,0.04625907,0,1556,7.78,7.790454149246216,0,0.8907015919685364,0.1092983856797218,True
1559,7.795,0.0488947,0.03968482,0.021627568,0.061078403,0,1556,7.78,7.790454149246216,0,0.8907015919685364,0.1092983856797218,True
1560,7.8,0.056171373,0.043312278,0.027387552,0.06348764,0,1560,7.8,7.800824403762817,0,0.8903252482414246,0.1096747815608978,True
1561,7.805,0.053943854,0.039021477,0.027633088,0.05280517,0,1560,7.8,7.800824403762817,0,0.8903252482414246,0.1096747815608978,True
1562,7.81,0.045317236,0.03075943,0.026328916,0.033637285,0,1560,7.8,7.800824403762817,0,0.8903252482414246,0.1096747815608978,True
1563,7.815,0.03264815,0.022176078,0.025695406,0.012557262,0,1560,7.8,7.800824403762817,0,0.8903252482414246,0.1096747815608978,True
1564,7.82,0.016704427,0.014298958,0.024029087,-0.0057236375,0,1564,7.82,7.817180395126343,0,0.8802365064620972,0.1197634786367416,True
1565,7.825,-0.001995332,0.0059045763,0.018034702,-0.019529764,0,1564,7.82,7.817180395126343,0,0.8802365064620972,0.1197634786367416,True
1566,7.83,-0.021392751,-0.0042239847,0.0069963336,-0.028832376,0,1564,7.82,7.817180395126343,0,0.8802365064620972,0.1197634786367416,True
1567,7.835,-0.03758269,-0.0153954495,-0.0056706206,-0.033696435,0,1564,7.82,7.817180395126343,0,0.8802365064620972,0.1197634786367416,True
1568,7.84,-0.046535883,-0.0251295,-0.015212877,-0.034311038,0,1568,7.84,7.843871116638184,0,0.8864208459854126,0.1135792136192321,True
1569,7.845,-0.046681296,-0.031179823,-0.02003045,-0.032045286,0,1568,7.84,7.843871116638184,0,0.8864208459854126,0.1135792136192321,True
1570,7.85,-0.04013299,-0.0334918,-0.023236984,-0.029516557,0,1568,7.84,7.843871116638184,0,0.8864208459854126,0.1135792136192321,True
1571,7.855,-0.030871065,-0.033665635,-0.028970385,-0.028472567,0,1568,7.84,7.843871116638184,0,0.8864208459854126,0.1135792136192321,True
1572,7.86,-0.020722209,-0.031693652,-0.03620765,-0.0268513,0,1572,7.86,7.865617752075195,0,0.8902397155761719,0.1097602248191833,True
1573,7.865,-0.006950236,-0.023423202,-0.036441345,-0.018433185,0,1572,7.86,7.865617752075195,0,0.8902397155761719,0.1097602248191833,True
1574,7.87,0.014843718,-0.0031605817,-0.01954894,0.0026147456,0,1572,7.86,7.865617752075195,0,0.8902397155761719,0.1097602248191833,True
1575,7.875,0.043657083,0.028856624,0.015356767,0.034598902,0,1572,7.86,7.865617752075195,0,0.8902397155761719,0.1097602248191833,True
1576,7.88,0.06870939,0.061139237,0.054018695,0.065099984,0,1576,7.88,7.883672714233398,0,0.8903297781944275,0.1096702441573143,True
1577,7.885,0.07426555,0.07542536,0.073948815,0.07681501,0,1576,7.88,7.883672714233398,0,0.8903297781944275,0.1096702441573143,True
1578,7.89,0.051928658,0.059955012,0.06080484,0.059846155,0,1576,7.88,7.883672714233398,0,0.8903297781944275,0.1096702441573143,True
1579,7.895,0.009939814,0.020456133,0.020594506,0.020655148,0,1576,7.88,7.883672714233398,0,0.8903297781944275,0.1096702441573143,True
1580,7.9,-0.030343,-0.02223554,-0.023855947,-0.020810122,0,1580,7.9,7.893696546554565,0,0.8778754472732544,0.1221245750784874,True
1581,7.905,-0.04963176,-0.047274534,-0.049852163,-0.044539172,0,1580,7.9,7.893696546554565,0,0.8778754472732544,0.1221245750784874,True
1582,7.91,-0.045148388,-0.048828423,-0.050579973,-0.043862257,0,1580,7.9,7.893696546554565,0,0.8778754472732544,0.1221245750784874,True
1583,7.915,-0.03152194,-0.038007546,-0.036619715,-0.028287807,0,1580,7.9,7.893696546554565,0,0.8778754472732544,0.1221245750784874,True
1584,7.92,-0.02690673,-0.030704442,-0.02374043,-0.014329105,0,1584,7.92,7.918919563293457,0,0.8851942420005798,0.1148057132959365,True
1585,7.925,-0.036389805,-0.03294515,-0.019294286,-0.012511823,0,1584,7.92,7.918919563293457,0,0.8851942420005798,0.1148057132959365,True
1586,7.93,-0.047532484,-0.036799632,-0.018807663,-0.020772442,0,1584,7.92,7.918919563293457,0,0.8851942420005798,0.1148057132959365,True
1587,7.935,-0.042027455,-0.029437635,-0.01346554,-0.028160471,0,1584,7.92,7.918919563293457,0,0.8851942420005798,0.1148057132959365,True
1588,7.94,-0.012641706,-0.0058911983,0.0004030717,-0.024372771,0,1588,7.94,7.94378662109375,0,0.8898605704307556,0.1101394444704055,True
1589,7.945,0.030003352,0.02624975,0.01857391,-0.007139621,0,1588,7.94,7.94378662109375,0,0.8898605704307556,0.1101394444704055,True
1590,7.95,0.06613545,0.053282622,0.033738654,0.017288828,0,1588,7.94,7.94378662109375,0,0.8898605704307556,0.1101394444704055,True
1591,7.955,0.08183164,0.06575239,0.041839153,0.03931352,0,1588,7.94,7.94378662109375,0,0.8898605704307556,0.1101394444704055,True
1592,7.96,0.07679038,0.063561276,0.044112377,0.05210713,0,1592,7.96,7.963888168334961,0,0.8898972272872925,0.1101027578115463,True
1593,7.965,0.060232554,0.05328316,0.044347774,0.054708175,0,1592,7.96,7.963888168334961,0,0.8898972272872925,0.1101027578115463,True
1594,7.97,0.04156781,0.04201242,0.044889785,0.050854154,0,1592,7.96,7.963888168334961,0,0.8898972272872925,0.1101027578115463,True
1595,7.975,0.024728263,0.03283726,0.044468153,0.044719532,0,1592,7.96,7.963888168334961,0,0.8898972272872925,0.1101027578115463,True
1596,7.98,0.008613517,0.02357892,0.03843936,0.036394227,0,1596,7.98,7.983656167984009,0,0.8880469799041748,0.1119530349969863,True
1597,7.985,-0.009821475,0.008314984,0.020986268,0.020752262,0,1596,7.98,7.983656167984009,0,0.8880469799041748,0.1119530349969863,True
1598,7.99,-0.03286792,-0.018438123,-0.010922915,-0.008137477,0,1596,7.98,7.983656167984009,0,0.8880469799041748,0.1119530349969863,True
1599,7.995,-0.05962908,-0.055753767,-0.053044416,-0.049370047,0,1596,7.98,7.983656167984009,0,0.8880469799041748,0.1119530349969863,True
1600,8.0,-0.083944865,-0.09261922,-0.092402,-0.090949036,0,1600,8.0,7.99831748008728,0,0.8775283694267273,0.1224715858697891,True
1601,8.005,-0.095579706,-0.11185789,-0.11239909,-0.11454674,0,1600,8.0,7.99831748008728,0,0.8775283694267273,0.1224715858697891,True
1602,8.01,-0.086703226,-0.10164916,-0.103179365,-0.10757161,0,1600,8.0,7.99831748008728,0,0.8775283694267273,0.1224715858697891,True
1603,8.015,-0.059522144,-0.066101454,-0.0697059,-0.07316789,0,1600,8.0,7.99831748008728,0,0.8775283694267273,0.1224715858697891,True
1604,8.02,-0.02677888,-0.024165107,-0.029516213,-0.028823916,0,1604,8.02,8.027350902557373,0,0.8896529674530029,0.1103470474481582,True
1605,8.025,-0.002095655,0.0046285726,-2.7373326e-05,0.006488777,0,1604,8.02,8.027350902557373,0,0.8896529674530029,0.1103470474481582,True
1606,8.03,0.011850559,0.015962183,0.014633684,0.02612926,0,1604,8.02,8.027350902557373,0,0.8896529674530029,0.1103470474481582,True
1607,8.035,0.025059842,0.023095299,0.025290692,0.038407184,0,1604,8.02,8.027350902557373,0,0.8896529674530029,0.1103470474481582,True
1608,8.04,0.04864809,0.04253957,0.04555799,0.055684663,0,1608,8.04,8.048568487167358,0,0.8896785378456116,0.1103214621543884,True
1609,8.045,0.08073949,0.07601565,0.07663863,0.08021287,0,1608,8.04,8.048568487167358,0,0.8896785378456116,0.1103214621543884,True
1610,8.05,0.10436001,0.10605804,0.103504434,0.1002078,0,1608,8.04,8.048568487167358,0,0.8896785378456116,0.1103214621543884,True
1611,8.055,0.10074862,0.11013593,0.10675136,0.10006029,0,1608,8.04,8.048568487167358,0,0.8896785378456116,0.1103214621543884,True
1612,8.06,0.06646043,0.08069196,0.07978161,0.07510674,0,1612,8.06,8.060002565383911,0,0.8900614976882935,0.1099385023117065,True
1613,8.065,0.01862965,0.032914847,0.035762552,0.03701749,0,1612,8.06,8.060002565383911,0,0.8900614976882935,0.1099385023117065,True
1614,8.07,-0.016721854,-0.00668945,-0.002056175,0.0047120876,0,1612,8.06,8.060002565383911,0,0.8900614976882935,0.1099385023117065,True
1615,8.075,-0.023760615,-0.020826517,-0.018291187,-0.010887083,0,1612,8.06,8.060002565383911,0,0.8900614976882935,0.1099385023117065,True
1616,8.08,-0.007906249,-0.01362713,-0.016310193,-0.014675027,0,1616,8.08,8.085563898086548,0,0.8670315146446228,0.1329684853553772,True
1617,8.085,0.009417649,-0.005148016,-0.013368746,-0.021412637,0,1616,8.08,8.085563898086548,0,0.8670315146446228,0.1329684853553772,True
1618,8.09,0.0074412744,-0.014004229,-0.025022136,-0.04198678,0,1616,8.08,8.085563898086548,0,0.8670315146446228,0.1329684853553772,True
1619,8.095,-0.019199522,-0.04296672,-0.052347504,-0.07387477,0,1616,8.08,8.085563898086548,0,0.8670315146446228,0.1329684853553772,True
1620,8.1,-0.058246735,-0.07821191,-0.08189823,-0.10294093,0,1620,8.1,8.103966236114502,0,0.885830283164978,0.1141697466373443,True
1621,8.105,-0.090005174,-0.10066804,-0.09677943,-0.11365205,0,1620,8.1,8.103966236114502,0,0.885830283164978,0.1141697466373443,True
1622,8.11,-0.10049987,-0.098953456,-0.08859481,-0.09895278,0,1620,8.1,8.103966236114502,0,0.885830283164978,0.1141697466373443,True
1623,8.115,-0.08783672,-0.07454399,-0.061242793,-0.06327702,0,1620,8.1,8.103966236114502,0,0.885830283164978,0.1141697466373443,True
1624,8.12,-0.05937815,-0.03781696,-0.025784291,-0.018521754,0,1624,8.12,8.118701457977295,0,0.8891355395317078,0.1108644232153892,True
1625,8.125,-0.024673564,-0.00024855993,0.0075902427,0.022855347,0,1624,8.12,8.118701457977295,0,0.8891355395317078,0.1108644232153892,True
1626,8.13,0.009568601,0.031216597,0.03419709,0.053243622,0,1624,8.12,8.118701457977295,0,0.8891355395317078,0.1108644232153892,True
1627,8.135,0.039942224,0.054915182,0.054126374,0.07139702,0,1624,8.12,8.118701457977295,0,0.8891355395317078,0.1108644232153892,True
1628,8.14,0.063887514,0.071251564,0.06827947,0.079912,0,1628,8.14,8.149630069732666,0,0.889375627040863,0.1106243506073951,True
1629,8.145,0.07753282,0.07870449,0.074800454,0.080763906,0,1628,8.14,8.149630069732666,0,0.889375627040863,0.1106243506073951,True
1630,8.15,0.07614377,0.072759114,0.06879929,0.072590135,0,1628,8.14,8.149630069732666,0,0.889375627040863,0.1106243506073951,True
1631,8.155,0.05738546,0.049553107,0.046138953,0.0524823,0,1628,8.14,8.149630069732666,0,0.889375627040863,0.1106243506073951,True
1632,8.16,0.025329856,0.011987628,0.009089572,0.02121111,0,1632,8.16,8.162248849868774,0,0.8823457956314087,0.1176542416214943,True
1633,8.165,-0.008245116,-0.027217986,-0.03067045,-0.0129661765,0,1632,8.16,8.162248849868774,0,0.8823457956314087,0.1176542416214943,True
1634,8.17,-0.027943216,-0.0500081,-0.055610426,-0.036555167,0,1632,8.16,8.162248849868774,0,0.8823457956314087,0.1176542416214943,True
1635,8.175,-0.023459917,-0.043811407,-0.05203011,-0.0389594,0,1632,8.16,8.162248849868774,0,0.8823457956314087,0.1176542416214943,True
1636,8.18,0.0022958303,-0.011364571,-0.01998048,-0.020726994,0,1636,8.18,8.184529304504395,0,0.8742435574531555,0.1257564723491668,True
1637,8.185,0.032558892,0.028803196,0.024377953,0.0051964857,0,1636,8.18,8.184529304504395,0,0.8742435574531555,0.1257564723491668,True
1638,8.19,0.046285238,0.053344246,0.057346344,0.021457525,0,1636,8.18,8.184529304504395,0,0.8742435574531555,0.1257564723491668,True
1639,8.195,0.032391638,0.04930493,0.062185932,0.018090244,0,1636,8.18,8.184529304504395,0,0.8742435574531555,0.1257564723491668,True
1640,8.2,-0.0022780981,0.021939611,0.039079696,-0.0011824043,0,1640,8.2,8.200924396514893,0,0.8877884149551392,0.1122116073966026,True
1641,8.205,-0.038165715,-0.010952101,0.0031444319,-0.0231797,0,1640,8.2,8.200924396514893,0,0.8877884149551392,0.1122116073966026,True
1642,8.21,-0.05702864,-0.032747526,-0.027170062,-0.03579339,0,1640,8.2,8.200924396514893,0,0.8877884149551392,0.1122116073966026,True
1643,8.215,-0.05275402,-0.037781842,-0.041339595,-0.035223573,0,1640,8.2,8.200924396514893,0,0.8877884149551392,0.1122116073966026,True
1644,8.22,-0.031181514,-0.030310316,-0.03956546,-0.024639733,0,1644,8.22,8.216494083404541,0,0.8888890743255615,0.1111109405755996,True
1645,8.225,-0.0027184747,-0.017092325,-0.027980063,-0.008397079,0,1644,8.22,8.216494083404541,0,0.8888890743255615,0.1111109405755996,True
1646,8.23,0.022843704,-0.003076056,-0.013451445,0.010218683,0,1644,8.22,8.216494083404541,0,0.8888890743255615,0.1111109405755996,True
1647,8.235,0.03616072,0.0067007854,-0.0025520485,0.025857732,0,1644,8.22,8.216494083404541,0,0.8888890743255615,0.1111109405755996,True
1648,8.24,0.028677383,0.00510838,-0.0020474521,0.029072842,0,1648,8.24,8.248015403747559,0,0.890099287033081,0.1099007725715637,True
1649,8.245,-0.0015152011,-0.012850174,-0.016023902,0.011584379,0,1648,8.24,8.248015403747559,0,0.890099287033081,0.1099007725715637,True
1650,8.25,-0.04319965,-0.042428892,-0.04037849,-0.024298409,0,1648,8.24,8.248015403747559,0,0.890099287033081,0.1099007725715637,True
1651,8.255,-0.0748532,-0.06772182,-0.061379425,-0.06239845,0,1648,8.24,8.248015403747559,0,0.890099287033081,0.1099007725715637,True
1652,8.26,-0.07828292,-0.07103556,-0.06288443,-0.08137963,0,1652,8.26,8.265851497650146,0,0.8890390396118164,0.1109609976410865,True
1653,8.265,-0.051758632,-0.045989603,-0.037908148,-0.06929054,0,1652,8.26,8.265851497650146,0,0.8890390396118164,0.1109609976410865,True
1654,8.27,-0.010016147,-0.0023970136,0.0054531842,-0.03136301,0,1652,8.26,8.265851497650146,0,0.8890390396118164,0.1109609976410865,True
1655,8.275,0.028603025,0.041347504,0.04931244,0.015284705,0,1652,8.26,8.265851497650146,0,0.8890390396118164,0.1109609976410865,True
1656,8.28,0.054883216,0.07086101,0.07789027,0.05424087,0,1656,8.28,8.283870697021484,0,0.888131320476532,0.1118686944246292,True
1657,8.285,0.06995719,0.08240796,0.08598873,0.07836701,0,1656,8.28,8.283870697021484,0,0.888131320476532,0.1118686944246292,True
1658,8.29,0.07693592,0.08002531,0.078289166,0.08873722,0,1656,8.28,8.283870697021484,0,0.888131320476532,0.1118686944246292,True
1659,8.295,0.07435006,0.06875706,0.062454607,0.088146344,0,1656,8.28,8.283870697021484,0,0.888131320476532,0.1118686944246292,True
1660,8.3,0.05865754,0.051258847,0.04336887,0.07715501,0,1660,8.3,8.307482242584229,0,0.8822102546691895,0.1177897825837135,True
1661,8.305,0.03149939,0.029290764,0.022687776,0.055855054,0,1660,8.3,8.307482242584229,0,0.8822102546691895,0.1177897825837135,True
1662,8.31,0.002072995,0.0061308537,0.0018057231,0.027573355,0,1660,8.3,8.307482242584229,0,0.8822102546691895,0.1177897825837135,True
1663,8.315,-0.018839676,-0.01373089,-0.016288664,-0.0008841,0,1660,8.3,8.307482242584229,0,0.8822102546691895,0.1177897825837135,True
1664,8.32,-0.027086938,-0.027128251,-0.028392944,-0.023288354,0,1664,8.32,8.3255615234375,0,0.8646345138549805,0.1353655010461807,True
1665,8.325,-0.027464775,-0.03414829,-0.033993974,-0.03823281,0,1664,8.32,8.3255615234375,0,0.8646345138549805,0.1353655010461807,True
1666,8.33,-0.02871628,-0.037970126,-0.036607627,-0.049411293,0,1664,8.32,8.3255615234375,0,0.8646345138549805,0.1353655010461807,True
1667,8.335,-0.036694013,-0.0431596,-0.04196556,-0.06184635,0,1664,8.32,8.3255615234375,0,0.8646345138549805,0.1353655010461807,True
1668,8.34,-0.05103138,-0.053056836,-0.05377867,-0.07730835,0,1668,8.34,8.343753814697266,0,0.8876665830612183,0.1123334541916847,True
1669,8.345,-0.06572832,-0.06652998,-0.06952096,-0.091997705,0,1668,8.34,8.343753814697266,0,0.8876665830612183,0.1123334541916847,True
1670,8.35,-0.07148519,-0.075902395,-0.07947457,-0.09756668,0,1668,8.34,8.343753814697266,0,0.8876665830612183,0.1123334541916847,True
1671,8.355,-0.059372827,-0.06949871,-0.07130165,-0.08512445,0,1668,8.34,8.343753814697266,0,0.8876665830612183,0.1123334541916847,True
1672,8.36,-0.026395028,-0.039717287,-0.03868714,-0.05079737,0,1672,8.36,8.359682321548462,0,0.8891264796257019,0.1108734980225563,True
1673,8.365,0.019760577,0.00875365,0.011949976,0.0001650361,0,1672,8.36,8.359682321548462,0,0.8891264796257019,0.1108734980225563,True
1674,8.37,0.062367372,0.058844067,0.063067354,0.05423221,0,1672,8.36,8.359682321548462,0,0.8891264796257019,0.1108734980225563,True
1675,8.375,0.085296124,0.091332994,0.096113026,0.0959633,0,1672,8.36,8.359682321548462,0,0.8891264796257019,0.1108734980225563,True
1676,8.38,0.083718434,0.09742821,0.10252086,0.115753174,0,1676,8.38,8.38370418548584,0,0.8872261643409729,0.1127738431096077,True
1677,8.385,0.066160545,0.082776055,0.08689535,0.11328342,0,1676,8.38,8.38370418548584,0,0.8872261643409729,0.1127738431096077,True
1678,8.39,0.04606372,0.060334437,0.061062288,0.094932936,0,1676,8.38,8.38370418548584,0,0.8872261643409729,0.1127738431096077,True
1679,8.395,0.031312767,0.040065486,0.03561704,0.068631165,0,1676,8.38,8.38370418548584,0,0.8872261643409729,0.1127738431096077,True
1680,8.4,0.021060063,0.024532795,0.015792005,0.040507086,0,1680,8.4,8.402129411697388,0,0.8711639046669006,0.1288361400365829,True
1681,8.405,0.010213903,0.011342108,0.002070888,0.014132654,0,1680,8.4,8.402129411697388,0,0.8711639046669006,0.1288361400365829,True
1682,8.41,-0.0053837355,-0.0032116433,-0.008364352,-0.009586497,0,1680,8.4,8.402129411697388,0,0.8711639046669006,0.1288361400365829,True
1683,8.415,-0.027637023,-0.02281071,-0.020919112,-0.032490402,0,1680,8.4,8.402129411697388,0,0.8711639046669006,0.1288361400365829,True
1684,8.42,-0.056280117,-0.049849503,-0.041088846,-0.05738035,0,1684,8.42,8.432238578796387,0,0.874721884727478,0.1252781599760055,True
1685,8.425,-0.08677085,-0.08172814,-0.068946876,-0.08369315,0,1684,8.42,8.432238578796387,0,0.874721884727478,0.1252781599760055,True
1686,8.43,-0.10824554,-0.107849106,-0.095064245,-0.104186945,0,1684,8.42,8.432238578796387,0,0.874721884727478,0.1252781599760055,True
1687,8.435,-0.10721675,-0.11325553,-0.104110904,-0.1075952,0,1684,8.42,8.432238578796387,0,0.874721884727478,0.1252781599760055,True
1688,8.44,-0.07716186,-0.088981435,-0.085788704,-0.08712757,0,1688,8.44,8.44688105583191,0,0.8892384767532349,0.1107615604996681,True
1689,8.445,-0.025738735,-0.04058277,-0.04410297,-0.04768484,0,1688,8.44,8.44688105583191,0,0.8892384767532349,0.1107615604996681,True
1690,8.45,0.028502002,0.013973161,0.0041922475,-0.0042250897,0,1688,8.44,8.44688105583191,0,0.8892384767532349,0.1107615604996681,True
1691,8.455,0.06791245,0.05597896,0.041248698,0.028213747,0,1688,8.44,8.44688105583191,0,0.8892384767532349,0.1107615604996681,True
1692,8.46,0.085403,0.07679118,0.059490062,0.044054765,0,1692,8.46,8.463830947875977,0,0.8772773742675781,0.1227225810289383,True
1693,8.465,0.08437306,0.079155646,0.06330924,0.04825747,0,1692,8.46,8.463830947875977,0,0.8772773742675781,0.1227225810289383,True
1694,8.47,0.0720284,0.07076171,0.061743423,0.04961731,0,1692,8.46,8.463830947875977,0,0.8772773742675781,0.1227225810289383,True
1695,8.475,0.05449589,0.05821794,0.06048685,0.053658888,0,1692,8.46,8.463830947875977,0,0.8772773742675781,0.1227225810289383,True
1696,8.48,0.036869712,0.04588542,0.0596511,0.06053846,0,1696,8.48,8.485059976577759,0,0.885988175868988,0.1140118315815925,True
1697,8.485,0.023967203,0.03668198,0.056353703,0.06690299,0,1696,8.48,8.485059976577759,0,0.885988175868988,0.1140118315815925,True
1698,8.49,0.017951932,0.030882707,0.047528345,0.06792125,0,1696,8.48,8.485059976577759,0,0.885988175868988,0.1140118315815925,True
1699,8.495,0.015336085,0.024228813,0.030927477,0.058479693,0,1696,8.48,8.485059976577759,0,0.885988175868988,0.1140118315815925,True
1700,8.5,0.008534148,0.009858433,0.005890016,0.03531972,0,1700,8.5,8.501063823699951,0,0.8723152279853821,0.1276847422122955,True
1701,8.505,-0.007830169,-0.01537627,-0.024933683,0.00036324986,0,1700,8.5,8.501063823699951,0,0.8723152279853821,0.1276847422122955,True
1702,8.51,-0.031734392,-0.045876537,-0.05467895,-0.03787506,0,1700,8.5,8.501063823699951,0,0.8723152279853821,0.1276847422122955,True
1703,8.515,-0.05494303,-0.06950392,-0.07459479,-0.067704454,1,1700,8.5,8.501063823699951,0,0.8723152279853821,0.1276847422122955,False
1704,8.52,-0.069293626,-0.07612881,-0.07880824,-0.080926426,1,1704,8.52,8.529749393463135,0,0.8807951211929321,0.1192049011588096,False
1705,8.525,-0.071963064,-0.064984635,-0.06759462,-0.0773782,1,1704,8.52,8.529749393463135,0,0.8807951211929321,0.1192049011588096,False
1706,8.53,-0.06538955,-0.044218484,-0.04631325,-0.06349534,1,1704,8.52,8.529749393463135,0,0.8807951211929321,0.1192049011588096,False
1707,8.535,-0.05322317,-0.023630565,-0.021495279,-0.04655362,1,1704,8.52,8.529749393463135,0,0.8807951211929321,0.1192049011588096,False
1708,8.54,-0.03704301,-0.007890151,0.0018745895,-0.03001864,1,1708,8.54,8.54369306564331,0,0.8863301873207092,0.1136697977781295,False
1709,8.545,-0.016827753,0.003840455,0.019954866,-0.013716442,1,1708,8.54,8.54369306564331,0,0.8863301873207092,0.1136697977781295,False
1710,8.55,0.006129888,0.013083184,0.028711684,0.0025525675,1,1708,8.54,8.54369306564331,0,0.8863301873207092,0.1136697977781295,False
1711,8.555,0.027636766,0.01841978,0.02501557,0.016487401,1,1708,8.54,8.54369306564331,0,0.8863301873207092,0.1136697977781295,False
1712,8.56,0.042629346,0.01739514,0.010318281,0.024697542,1,1712,8.56,8.55888819694519,0,0.8893799185752869,0.1106201633810997,False
1713,8.565,0.04917836,0.011497306,-0.006957242,0.026472112,1,1712,8.56,8.55888819694519,0,0.8893799185752869,0.1106201633810997,False
1714,8.57,0.05028047,0.007799204,-0.01431301,0.025710195,1,1712,8.56,8.55888819694519,0,0.8893799185752869,0.1106201633810997,False
1715,8.575,0.051029157,0.014152168,-0.0028487316,0.02849425,1,1712,8.56,8.55888819694519,0,0.8893799185752869,0.1106201633810997,False
1716,8.58,0.053523608,0.031892903,0.025777804,0.03798856,1,1716,8.58,8.590644836425781,0,0.886883020401001,0.113116979598999,False
1717,8.585,0.05454735,0.053148896,0.05898021,0.051006246,1,1716,8.58,8.590644836425781,0,0.886883020401001,0.113116979598999,False
1718,8.59,0.04835047,0.06560801,0.08033293,0.059325356,1,1716,8.58,8.590644836425781,0,0.886883020401001,0.113116979598999,False
1719,8.595,0.03165552,0.060644984,0.079000786,0.054925002,1,1716,8.58,8.590644836425781,0,0.886883020401001,0.113116979598999,False
1720,8.6,0.0061112745,0.03809728,0.054737195,0.03514602,1,1720,8.6,8.59878945350647,0,0.8810009956359863,0.1189990192651748,False
1721,8.605,-0.023385117,0.004685699,0.0156108625,0.003902059,1,1720,8.6,8.59878945350647,0,0.8810009956359863,0.1189990192651748,False
1722,8.61,-0.051817525,-0.031234773,-0.028421465,-0.0315445,1,1720,8.6,8.59878945350647,0,0.8810009956359863,0.1189990192651748,False
1723,8.615,-0.075209685,-0.06345838,-0.07000426,-0.064736865,1,1720,8.6,8.59878945350647,0,0.8810009956359863,0.1189990192651748,False
1724,8.62,-0.08936611,-0.08746919,-0.10342185,-0.09084958,1,1724,8.62,8.614200592041016,0,0.8712700605392456,0.1287299841642379,False
1725,8.625,-0.08895006,-0.097753756,-0.12084108,-0.10400583,1,1724,8.62,8.614200592041016,0,0.8712700605392456,0.1287299841642379,False
1726,8.63,-0.06974282,-0.087781474,-0.11235819,-0.096091315,1,1724,8.62,8.614200592041016,0,0.8712700605392456,0.1287299841642379,False
1727,8.635,-0.033464164,-0.05510296,-0.073086865,-0.061713606,1,1724,8.62,8.614200592041016,0,0.8712700605392456,0.1287299841642379,False
1728,8.64,0.009447468,-0.0075210864,-0.011774291,-0.006544584,1,1728,8.64,8.643773555755615,0,0.8878201842308044,0.1121798381209373,False
1729,8.645,0.04368827,0.037502944,0.049362544,0.05039507,1,1728,8.64,8.643773555755615,0,0.8878201842308044,0.1121798381209373,False
1730,8.65,0.058684,0.06319654,0.08740275,0.0865676,1,1728,8.64,8.643773555755615,0,0.8878201842308044,0.1121798381209373,False
1731,8.655,0.056582063,0.06619801,0.09490836,0.09183366,1,1728,8.64,8.643773555755615,0,0.8878201842308044,0.1121798381209373,False
1732,8.66,0.05088917,0.05944648,0.084638976,0.07625577,1,1732,8.66,8.66865611076355,0,0.8866205811500549,0.1133794337511062,False
1733,8.665,0.05543826,0.060686193,0.07717322,0.061387822,1,1732,8.66,8.66865611076355,0,0.8866205811500549,0.1133794337511062,False
1734,8.67,0.07222062,0.07577838,0.08184188,0.06170042,1,1732,8.66,8.66865611076355,0,0.8866205811500549,0.1133794337511062,False
1735,8.675,0.08832142,0.09187998,0.08806303,0.07218388,1,1732,8.66,8.66865611076355,0,0.8866205811500549,0.1133794337511062,False
1736,8.68,0.08477053,0.08700961,0.07467845,0.07263004,1,1736,8.68,8.684826612472534,0,0.8881896734237671,0.1118102744221687,False
1737,8.685,0.050191917,0.047716014,0.028634418,0.04426554,1,1736,8.68,8.684826612472534,0,0.8881896734237671,0.1118102744221687,False
1738,8.69,-0.011435447,-0.020210693,-0.04320308,-0.015594533,1,1736,8.68,8.684826612472534,0,0.8881896734237671,0.1118102744221687,False
1739,8.695,-0.08390428,-0.09589277,-0.11806749,-0.09189025,1,1736,8.68,8.684826612472534,0,0.8881896734237671,0.1118102744221687,False
1740,8.7,-0.14843121,-0.1569535,-0.172094,-0.16198234,1,1740,8.7,8.70433521270752,0,0.8259519934654236,0.174047976732254,False
1741,8.705,-0.191165,-0.19036289,-0.19303785,-0.20733479,1,1740,8.7,8.70433521270752,0,0.8259519934654236,0.174047976732254,False
1742,8.71,-0.2040505,-0.1933118,-0.18206865,-0.21800773,1,1740,8.7,8.70433521270752,0,0.8259519934654236,0.174047976732254,False
1743,8.715,-0.18207806,-0.16710964,-0.14628941,-0.19026513,1,1740,8.7,8.70433521270752,0,0.8259519934654236,0.174047976732254,False
1744,8.72,-0.12287873,-0.11244607,-0.09077144,-0.12408581,1,1744,8.72,8.71820855140686,0,0.8873199224472046,0.1126800701022148,False
1745,8.725,-0.030625934,-0.031035755,-0.017435385,-0.025254402,1,1744,8.72,8.71820855140686,0,0.8873199224472046,0.1126800701022148,False
1746,8.73,0.079689145,0.06862902,0.06932402,0.090509,1,1744,8.72,8.71820855140686,0,0.8873199224472046,0.1126800701022148,False
1747,8.735,0.18315959,0.16793114,0.15680724,0.19784883,1,1744,8.72,8.71820855140686,0,0.8873199224472046,0.1126800701022148,False
1748,8.74,0.25283962,0.2419415,0.22474137,0.26954138,1,1748,8.74,8.745692253112793,0,0.8178960084915161,0.1821040511131286,False
1749,8.745,0.2709893,0.26957044,0.25366592,0.2878917,1,1748,8.74,8.745692253112793,0,0.8178960084915161,0.1821040511131286,False
1750,8.75,0.2371562,0.24412741,0.23542944,0.25242168,1,1748,8.74,8.745692253112793,0,0.8178960084915161,0.1821040511131286,False
1751,8.755,0.16781248,0.17713162,0.17802043,0.17900854,1,1748,8.74,8.745692253112793,0,0.8178960084915161,0.1821040511131286,False
1752,8.76,0.087022945,0.0919754,0.100820184,0.09119579,1,1752,8.76,8.768426418304443,0,0.8360626697540283,0.1639373153448104,False
1753,8.765,0.013456579,0.010885842,0.023369182,0.008778975,1,1752,8.76,8.768426418304443,0,0.8360626697540283,0.1639373153448104,False
1754,8.77,-0.047833096,-0.05607245,-0.044402078,-0.06001809,1,1752,8.76,8.768426418304443,0,0.8360626697540283,0.1639373153448104,False
1755,8.775,-0.10321627,-0.11216335,-0.1036683,-0.1184777,1,1752,8.76,8.768426418304443,0,0.8360626697540283,0.1639373153448104,False
1756,8.78,-0.15997359,-0.16504212,-0.15964712,-0.17373124,1,1756,8.78,8.777570247650146,1,0.1502814590930938,0.8497185111045837,True
1757,8.785,-0.21622525,-0.2156288,-0.21239167,-0.22689342,1,1756,8.78,8.777570247650146,1,0.1502814590930938,0.8497185111045837,True
1758,8.79,-0.2593715,-0.25403967,-0.25293916,-0.26820752,1,1756,8.78,8.777570247650146,1,0.1502814590930938,0.8497185111045837,True
1759,8.795,-0.273257,-0.26492387,-0.2670347,-0.28076634,1,1756,8.78,8.777570247650146,1,0.1502814590930938,0.8497185111045837,True
1760,8.8,-0.24691348,-0.23641658,-0.2424289,-0.24987502,1,1760,8.8,8.798856496810913,0,0.8733959197998047,0.1266040802001953,False
1761,8.805,-0.17829686,-0.16568401,-0.17455019,-0.17152423,1,1760,8.8,8.798856496810913,0,0.8733959197998047,0.1266040802001953,False
1762,8.81,-0.07344795,-0.059677407,-0.068971284,-0.055464163,1,1760,8.8,8.798856496810913,0,0.8733959197998047,0.1266040802001953,False
1763,8.815,0.054094262,0.065731585,0.058163512,0.07720685,1,1760,8.8,8.798856496810913,0,0.8733959197998047,0.1266040802001953,False
1764,8.82,0.1824626,0.1871065,0.18205452,0.19991978,1,1764,8.82,8.832710266113281,1,0.0381181240081787,0.9618818163871764,True
1765,8.825,0.28416848,0.27844045,0.27580333,0.28844556,1,1764,8.82,8.832710266113281,1,0.0381181240081787,0.9618818163871764,True
1766,8.83,0.3360758,0.32124242,0.32105163,0.32877105,1,1764,8.82,8.832710266113281,1,0.0381181240081787,0.9618818163871764,True
1767,8.835,0.3313301,0.31369102,0.3161085,0.3211443,1,1764,8.82,8.832710266113281,1,0.0381181240081787,0.9618818163871764,True
1768,8.84,0.28211123,0.26956034,0.2738937,0.276582,1,1768,8.84,8.848294258117676,1,0.1068065315485,0.8931934833526611,True
1769,8.845,0.20864403,0.2055255,0.20996109,0.20737255,1,1768,8.84,8.848294258117676,1,0.1068065315485,0.8931934833526611,True
1770,8.85,0.123561844,0.12773763,0.13082239,0.11932636,1,1768,8.84,8.848294258117676,1,0.1068065315485,0.8931934833526611,True
1771,8.855,0.026510773,0.031088188,0.033585474,0.013147744,1,1768,8.84,8.848294258117676,1,0.1068065315485,0.8931934833526611,True
1772,8.86,-0.08575772,-0.08731516,-0.082665175,-0.10620319,1,1772,8.86,8.860965251922607,1,0.0242430977523326,0.975756824016571,True
1773,8.865,-0.2044316,-0.21378519,-0.20508891,-0.22197583,1,1772,8.86,8.860965251922607,1,0.0242430977523326,0.975756824016571,True
1774,8.87,-0.30494002,-0.3181757,-0.30721012,-0.30908072,1,1772,8.86,8.860965251922607,1,0.0242430977523326,0.975756824016571,True
1775,8.875,-0.35960713,-0.37029,-0.3622186,-0.3473094,1,1772,8.86,8.860965251922607,1,0.0242430977523326,0.975756824016571,True
1776,8.88,-0.355388,-0.35862678,-0.35844186,-0.3330616,1,1776,8.88,8.88118290901184,1,0.0320394560694694,0.9679604768753052,True
1777,8.885,-0.30044,-0.29521498,-0.30406544,-0.27896637,1,1776,8.88,8.88118290901184,1,0.0320394560694694,0.9679604768753052,True
1778,8.89,-0.21443282,-0.20336021,-0.2180427,-0.20193908,1,1776,8.88,8.88118290901184,1,0.0320394560694694,0.9679604768753052,True
1779,8.895,-0.11303709,-0.10048076,-0.11624524,-0.11106052,1,1776,8.88,8.88118290901184,1,0.0320394560694694,0.9679604768753052,True
1780,8.9,-0.0014558374,0.008652627,-0.005156148,-0.006484139,1,1780,8.9,8.89961290359497,1,0.0365573614835739,0.9634426236152648,True
1781,8.905,0.11838707,0.12407262,0.1126874,0.11052291,1,1780,8.9,8.89961290359497,1,0.0365573614835739,0.9634426236152648,True
1782,8.91,0.23631795,0.23797126,0.22868761,0.22738743,1,1780,8.9,8.89961290359497,1,0.0365573614835739,0.9634426236152648,True
1783,8.915,0.33116513,0.33073774,0.32464674,0.3209382,1,1780,8.9,8.89961290359497,1,0.0365573614835739,0.9634426236152648,True
1784,8.92,0.38044593,0.37981704,0.3797181,0.3690971,1,1784,8.92,8.934625625610352,1,0.0425650440156459,0.9574350118637084,True
1785,8.925,0.37343338,0.37297857,0.38144538,0.36287302,1,1784,8.92,8.934625625610352,1,0.0425650440156459,0.9574350118637084,True
1786,8.93,0.3155313,0.31416705,0.33120784,0.30839568,1,1784,8.92,8.934625625610352,1,0.0425650440156459,0.9574350118637084,True
1787,8.935,0.22120239,0.218299,0.24080002,0.21927401,1,1784,8.92,8.934625625610352,1,0.0425650440156459,0.9574350118637084,True
1788,8.94,0.104033925,0.10175345,0.12521905,0.10843842,1,1788,8.94,8.943760633468628,1,0.0249882601201534,0.975011706352234,True
1789,8.945,-0.026110612,-0.022668494,-0.001689143,-0.013275242,1,1788,8.94,8.943760633468628,1,0.0249882601201534,0.975011706352234,True
1790,8.95,-0.15810247,-0.14432202,-0.12729487,-0.13365361,1,1788,8.94,8.943760633468628,1,0.0249882601201534,0.975011706352234,True
1791,8.955,-0.27485123,-0.25168166,-0.23931752,-0.23782732,1,1788,8.94,8.943760633468628,1,0.0249882601201534,0.975011706352234,True
1792,8.96,-0.35604635,-0.3324119,-0.3266645,-0.31230488,1,1792,8.96,8.971009731292725,1,0.0237509105354547,0.976249098777771,True
1793,8.965,-0.38675243,-0.3761658,-0.38082284,-0.35009027,1,1792,8.96,8.971009731292725,1,0.0237509105354547,0.976249098777771,True
1794,8.97,-0.3639519,-0.3765965,-0.39541543,-0.3509143,1,1792,8.96,8.971009731292725,1,0.0237509105354547,0.976249098777771,True
1795,8.975,-0.29553258,-0.3310677,-0.36443573,-0.3162486,1,1792,8.96,8.971009731292725,1,0.0237509105354547,0.976249098777771,True
1796,8.98,-0.19389954,-0.24033125,-0.28282374,-0.24518971,1,1796,8.98,8.98398208618164,1,0.0384387224912643,0.9615613222122192,True
1797,8.985,-0.07108222,-0.110951446,-0.15193874,-0.13719785,1,1796,8.98,8.98398208618164,1,0.0384387224912643,0.9615613222122192,True
1798,8.99,0.060499854,0.0405398,0.012900628,-0.00051511545,1,1796,8.98,8.98398208618164,1,0.0384387224912643,0.9615613222122192,True
1799,8.995,0.18438727,0.18690965,0.18029656,0.14226657,1,1796,8.98,8.98398208618164,1,0.0384387224912643,0.9615613222122192,True
1800,9.0,0.28019255,0.29739535,0.3117724,0.2596088,1,1800,9.0,8.999224424362183,1,0.0355220437049865,0.9644779562950134,True
1801,9.005,0.33057642,0.35079315,0.3789136,0.32621905,1,1800,9.0,8.999224424362183,1,0.0355220437049865,0.9644779562950134,True
1802,9.01,0.33045277,0.3456138,0.37710488,0.33675787,1,1800,9.0,8.999224424362183,1,0.0355220437049865,0.9644779562950134,True
1803,9.015,0.28997782,0.29872933,0.32488874,0.30630448,1,1800,9.0,8.999224424362183,1,0.0355220437049865,0.9644779562950134,True
1804,9.02,0.22759889,0.2328041,0.24909012,0.25674343,1,1804,9.02,9.034006834030151,1,0.0384360961616039,0.9615638256072998,True
1805,9.025,0.15828271,0.16239609,0.1678783,0.2005924,1,1804,9.02,9.034006834030151,1,0.0384360961616039,0.9615638256072998,True
1806,9.03,0.08610737,0.089231424,0.08496888,0.13552472,1,1804,9.02,9.034006834030151,1,0.0384360961616039,0.9615638256072998,True
1807,9.035,0.0060850624,0.008224824,-0.002978815,0.052502524,1,1804,9.02,9.034006834030151,1,0.0384360961616039,0.9615638256072998,True
1808,9.04,-0.087540135,-0.08319235,-0.0955843,-0.051430427,1,1808,9.04,9.044689178466797,1,0.0231745708733797,0.976825475692749,True
1809,9.045,-0.19297968,-0.18029775,-0.18522115,-0.16687946,1,1808,9.04,9.044689178466797,1,0.0231745708733797,0.976825475692749,True
1810,9.05,-0.29707453,-0.27196738,-0.261614,-0.27548864,1,1808,9.04,9.044689178466797,1,0.0231745708733797,0.976825475692749,True
1811,9.055,-0.37671375,-0.34300187,-0.31657472,-0.35712755,1,1808,9.04,9.044689178466797,1,0.0231745708733797,0.976825475692749,True
1812,9.06,-0.40460292,-0.37522933,-0.34254748,-0.39407635,1,1812,9.06,9.0638587474823,1,0.0393583998084068,0.960641622543335,True
1813,9.065,-0.3587228,-0.350009,-0.32823214,-0.37212658,1,1812,9.06,9.0638587474823,1,0.0393583998084068,0.960641622543335,True
1814,9.07,-0.23392443,-0.25612935,-0.26039824,-0.2839653,1,1812,9.06,9.0638587474823,1,0.0393583998084068,0.960641622543335,True
1815,9.075,-0.050729346,-0.1012618,-0.1352312,-0.13703597,1,1812,9.06,9.0638587474823,1,0.0393583998084068,0.960641622543335,True
1816,9.08,0.14617282,0.08232459,0.029475136,0.040564753,1,1816,9.08,9.086632251739502,1,0.0345468632876873,0.9654531478881836,True
1817,9.085,0.30364403,0.24667153,0.19463755,0.20567206,1,1816,9.08,9.086632251739502,1,0.0345468632876873,0.9654531478881836,True
1818,9.09,0.38372707,0.34960166,0.316532,0.31812564,1,1816,9.08,9.086632251739502,1,0.0345468632876873,0.9654531478881836,True
1819,9.095,0.38020656,0.3745181,0.36844146,0.35971636,1,1816,9.08,9.086632251739502,1,0.0345468632876873,0.9654531478881836,True
1820,9.1,0.3160656,0.3338425,0.35078403,0.3394285,1,1820,9.1,9.100619077682495,1,0.0488506406545639,0.95114928483963,True
1821,9.105,0.22429255,0.2547374,0.28355342,0.28147417,1,1820,9.1,9.100619077682495,1,0.0488506406545639,0.95114928483963,True
1822,9.11,0.12775506,0.16038892,0.19020101,0.20712447,1,1820,9.1,9.100619077682495,1,0.0488506406545639,0.95114928483963,True
1823,9.115,0.03293371,0.061781216,0.0871554,0.12505913,1,1820,9.1,9.100619077682495,1,0.0488506406545639,0.95114928483963,True
1824,9.12,-0.06157913,-0.037116453,-0.015595326,0.03520081,1,1824,9.12,9.119282960891724,1,0.0235919579863548,0.976408064365387,True
1825,9.125,-0.15339011,-0.1303328,-0.109237745,-0.061359074,1,1824,9.12,9.119282960891724,1,0.0235919579863548,0.976408064365387,True
1826,9.13,-0.2324349,-0.20738485,-0.18486826,-0.15670389,1,1824,9.12,9.119282960891724,1,0.0235919579863548,0.976408064365387,True
1827,9.135,-0.28546613,-0.25801224,-0.23702458,-0.23787875,1,1824,9.12,9.119282960891724,1,0.0235919579863548,0.976408064365387,True
1828,9.14,-0.3017601,-0.2769032,-0.26551026,-0.29159293,1,1828,9.14,9.151907444000244,1,0.0247441139072179,0.9752559065818788,True
1829,9.145,-0.27516508,-0.26311585,-0.27127618,-0.30716997,1,1828,9.14,9.151907444000244,1,0.0247441139072179,0.9752559065818788,True
1830,9.15,-0.20448542,-0.21674648,-0.25060302,-0.27819708,1,1828,9.14,9.151907444000244,1,0.0247441139072179,0.9752559065818788,True
1831,9.155,-0.096016884,-0.13882217,-0.19546501,-0.20544347,1,1828,9.14,9.151907444000244,1,0.0247441139072179,0.9752559065818788,True
1832,9.16,0.033012513,-0.035603657,-0.10183182,-0.09994913,1,1832,9.16,9.16808295249939,1,0.0376109629869461,0.9623889923095704,True
1833,9.165,0.15577038,0.077877745,0.021172768,0.01817182,1,1832,9.16,9.16808295249939,1,0.0376109629869461,0.9623889923095704,True
1834,9.17,0.24467649,0.18017545,0.14990169,0.1267402,1,1832,9.16,9.16808295249939,1,0.0376109629869461,0.9623889923095704,True
1835,9.175,0.28302175,0.2508866,0.2544261,0.20962356,1,1832,9.16,9.16808295249939,1,0.0376109629869461,0.9623889923095704,True
1836,9.18,0.27105522,0.27792346,0.31070337,0.25975737,1,1836,9.18,9.18796157836914,1,0.0381104461848735,0.9618895649909972,True
1837,9.185,0.2225519,0.26040876,0.3093082,0.27617064,1,1836,9.18,9.18796157836914,1,0.0381104461848735,0.9618895649909972,True
1838,9.19,0.15513918,0.20679848,0.25680608,0.2596071,1,1836,9.18,9.18796157836914,1,0.0381104461848735,0.9618895649909972,True
1839,9.195,0.08113277,0.13008325,0.17031506,0.21105248,1,1836,9.18,9.18796157836914,1,0.0381104461848735,0.9618895649909972,True
1840,9.2,0.0040268498,0.042499024,0.06909169,0.13333495,1,1840,9.2,9.20275855064392,1,0.0271489601582288,0.9728509783744812,True
1841,9.205,-0.07787862,-0.047350366,-0.031653415,0.033546932,1,1840,9.2,9.20275855064392,1,0.0271489601582288,0.9728509783744812,True
1842,9.21,-0.16300093,-0.13281335,-0.12138128,-0.07536616,1,1840,9.2,9.20275855064392,1,0.0271489601582288,0.9728509783744812,True
1843,9.215,-0.23896758,-0.20450664,-0.19091044,-0.17486267,1,1840,9.2,9.20275855064392,1,0.0271489601582288,0.9728509783744812,True
1844,9.22,-0.28304422,-0.24817502,-0.23060432,-0.2442772,1,1844,9.22,9.23378562927246,1,0.0235634036362171,0.9764366149902344,True
1845,9.225,-0.27302143,-0.24955142,-0.2335793,-0.2677829,1,1844,9.22,9.23378562927246,1,0.0235634036362171,0.9764366149902344,True
1846,9.23,-0.20242122,-0.20390283,-0.20117669,-0.24172623,1,1844,9.22,9.23378562927246,1,0.0235634036362171,0.9764366149902344,True
1847,9.235,-0.088442296,-0.122152984,-0.14433877,-0.17707479,1,1844,9.22,9.23378562927246,1,0.0235634036362171,0.9764366149902344,True
1848,9.24,0.03474215,-0.027313258,-0.07812227,-0.09431421,1,1848,9.24,9.252755403518677,1,0.0405443049967289,0.959455668926239,True
1849,9.245,0.13341767,0.05690663,-0.013643644,-0.013742047,1,1848,9.24,9.252755403518677,1,0.0405443049967289,0.959455668926239,True
1850,9.25,0.19013032,0.116944894,0.045532875,0.052584108,1,1848,9.24,9.252755403518677,1,0.0405443049967289,0.959455668926239,True
1851,9.255,0.20742685,0.15234973,0.10005682,0.10278208,1,1848,9.24,9.252755403518677,1,0.0405443049967289,0.959455668926239,True
1852,9.26,0.19912997,0.17025869,0.14862444,0.14108953,1,1852,9.26,9.26396369934082,1,0.0393154770135879,0.9606845378875732,True
1853,9.265,0.1776379,0.17675295,0.18492602,0.1712866,1,1852,9.26,9.26396369934082,1,0.0393154770135879,0.9606845378875732,True
1854,9.27,0.14657444,0.17126204,0.19960241,0.19161548,1,1852,9.26,9.26396369934082,1,0.0393154770135879,0.9606845378875732,True
1855,9.275,0.10206031,0.14688721,0.18443914,0.19398522,1,1852,9.26,9.26396369934082,1,0.0393154770135879,0.9606845378875732,True
1856,9.28,0.03940808,0.09576133,0.13562287,0.16819008,1,1856,9.28,9.28582239151001,1,0.0743185132741928,0.925681471824646,True
1857,9.285,-0.04009582,0.016414152,0.055755787,0.10907464,1,1856,9.28,9.28582239151001,1,0.0743185132741928,0.925681471824646,True
1858,9.29,-0.1260314,-0.08082416,-0.04430522,0.022076957,1,1856,9.28,9.28582239151001,1,0.0743185132741928,0.925681471824646,True
1859,9.295,-0.20066968,-0.17422865,-0.14478733,-0.077091746,1,1856,9.28,9.28582239151001,1,0.0743185132741928,0.925681471824646,True
1860,9.3,-0.24517602,-0.2382206,-0.22052968,-0.16860065,1,1860,9.3,9.299988031387327,1,0.0242146234959363,0.9757853150367736,True
1861,9.305,-0.24724476,-0.25441474,-0.24954042,-0.23548318,1,1860,9.3,9.299988031387327,1,0.0242146234959363,0.9757853150367736,True
1862,9.31,-0.20548856,-0.21900709,-0.22238757,-0.26613182,1,1860,9.3,9.299988031387327,1,0.0242146234959363,0.9757853150367736,True
1863,9.315,-0.12775998,-0.14178173,-0.14616545,-0.2524808,1,1860,9.3,9.299988031387327,1,0.0242146234959363,0.9757853150367736,True
1864,9.32,-0.025988257,-0.03927227,-0.040764466,-0.18959838,1,1864,9.32,9.314486503601074,1,0.05612163990736,0.943878412246704,True
1865,9.325,0.08646477,0.07073184,0.06882889,-0.08102082,1,1864,9.32,9.314486503601074,1,0.05612163990736,0.943878412246704,True
1866,9.33,0.19256079,0.16958375,0.15895835,0.053826295,1,1864,9.32,9.314486503601074,1,0.05612163990736,0.943878412246704,True
1867,9.335,0.26957083,0.23700024,0.21109182,0.17969161,1,1864,9.32,9.314486503601074,1,0.05612163990736,0.943878412246704,True
1868,9.34,0.29440778,0.2554266,0.21523617,0.25849187,1,1868,9.34,9.353933811187744,1,0.0394182689487934,0.9605817794799804,True
1869,9.345,0.25593993,0.21940608,0.17378868,0.26884115,1,1868,9.34,9.353933811187744,1,0.0394182689487934,0.9605817794799804,True
1870,9.35,0.16461124,0.14185177,0.102568805,0.2177292,1,1868,9.34,9.353933811187744,1,0.0394182689487934,0.9605817794799804,True
1871,9.355,0.049623698,0.049559686,0.025426056,0.13479754,1,1868,9.34,9.353933811187744,1,0.0394182689487934,0.9605817794799804,True
1872,9.36,-0.055789776,-0.03044921,-0.03613235,0.053563006,1,1872,9.36,9.371643781661987,1,0.0383267551660537,0.9616732001304626,True
1873,9.365,-0.1303731,-0.08391718,-0.071951285,-0.006269465,1,1872,9.36,9.371643781661987,1,0.0383267551660537,0.9616732001304626,True
1874,9.37,-0.17143862,-0.11296202,-0.0854334,-0.044261064,1,1872,9.36,9.371643781661987,1,0.0383267551660537,0.9616732001304626,True
1875,9.375,-0.18982416,-0.1298017,-0.08885468,-0.07244937,1,1872,9.36,9.371643781661987,1,0.0383267551660537,0.9616732001304626,True
1876,9.38,-0.19873798,-0.14643836,-0.09552806,-0.103996485,1,1876,9.38,9.386088132858276,1,0.0346923172473907,0.9653077125549316,True
1877,9.385,-0.20347787,-0.16621244,-0.11222898,-0.14403778,1,1876,9.38,9.386088132858276,1,0.0346923172473907,0.9653077125549316,True
1878,9.39,-0.19668809,-0.18028648,-0.13397627,-0.185117,1,1876,9.38,9.386088132858276,1,0.0346923172473907,0.9653077125549316,True
1879,9.395,-0.1616812,-0.1706117,-0.14385691,-0.20820554,1,1876,9.38,9.386088132858276,1,0.0346923172473907,0.9653077125549316,True
1880,9.4,-0.08374841,-0.11975203,-0.12065896,-0.19081575,1,1880,9.4,9.400882720947266,1,0.0660019963979721,0.9339980483055116,True
1881,9.405,0.03574179,-0.02403732,-0.052695062,-0.120757006,1,1880,9.4,9.400882720947266,1,0.0660019963979721,0.9339980483055116,True
1882,9.41,0.17226267,0.09826903,0.050568,-0.007843789,1,1880,9.4,9.400882720947266,1,0.0660019963979721,0.9339980483055116,True
1883,9.415,0.2855377,0.21151388,0.15888809,0.11618569,1,1880,9.4,9.400882720947266,1,0.0660019963979721,0.9339980483055116,True
1884,9.42,0.33872446,0.27923566,0.23550928,0.21201228,1,1884,9.42,9.433892726898192,1,0.0385043211281299,0.9614956378936768,True
1885,9.425,0.3168861,0.28230056,0.25600812,0.25244996,1,1884,9.42,9.433892726898192,1,0.0385043211281299,0.9614956378936768,True
1886,9.43,0.23237404,0.22636168,0.21872461,0.23406012,1,1884,9.42,9.433892726898192,1,0.0385043211281299,0.9614956378936768,True
1887,9.435,0.114957355,0.13485853,0.14112489,0.1739351,1,1884,9.42,9.433892726898192,1,0.0385043211281299,0.9614956378936768,True
1888,9.44,-0.0045651076,0.034576252,0.0474332,0.096412815,1,1888,9.44,9.451804399490356,1,0.0423455648124218,0.957654356956482,True
1889,9.445,-0.10600794,-0.055596385,-0.04253938,0.02043931,1,1888,9.44,9.451804399490356,1,0.0423455648124218,0.957654356956482,True
1890,9.45,-0.18161441,-0.12732664,-0.117621996,-0.04510806,1,1888,9.44,9.451804399490356,1,0.0423455648124218,0.957654356956482,True
1891,9.455,-0.23093566,-0.17913523,-0.1736462,-0.09866407,1,1888,9.44,9.451804399490356,1,0.0423455648124218,0.957654356956482,True
1892,9.46,-0.25499925,-0.21159616,-0.20987873,-0.14105679,1,1892,9.46,9.468268871307371,1,0.0267010834068059,0.9732988476753236,True
1893,9.465,-0.25378326,-0.22448789,-0.22585176,-0.17239708,1,1892,9.46,9.468268871307371,1,0.0267010834068059,0.9732988476753236,True
1894,9.47,-0.22687218,-0.21583726,-0.21902567,-0.19078109,1,1892,9.46,9.468268871307371,1,0.0267010834068059,0.9732988476753236,True
1895,9.475,-0.17501642,-0.18227129,-0.18421213,-0.19141245,1,1892,9.46,9.468268871307371,1,0.0267010834068059,0.9732988476753236,True
1896,9.48,-0.10113901,-0.121202245,-0.11663708,-0.16696718,1,1896,9.48,9.487813711166382,1,0.0507284440100193,0.9492715001106262,True
1897,9.485,-0.0110268425,-0.034966797,-0.018564165,-0.11155847,1,1896,9.48,9.487813711166382,1,0.0507284440100193,0.9492715001106262,True
1898,9.49,0.08599564,0.06557505,0.09506583,-0.027564785,1,1896,9.48,9.487813711166382,1,0.0507284440100193,0.9492715001106262,True
1899,9.495,0.17754027,0.16211118,0.19852947,0.07052032,1,1896,9.48,9.487813711166382,1,0.0507284440100193,0.9492715001106262,True
1900,9.5,0.25109246,0.2360127,0.266604,0.16096847,1,1900,9.5,9.502103805541992,1,0.0399992652237415,0.9600006937980652,True
1901,9.505,0.29814157,0.27704105,0.2882005,0.22639674,1,1900,9.5,9.502103805541992,1,0.0399992652237415,0.9600006937980652,True
1902,9.51,0.31562206,0.28607205,0.27087718,0.2619853,1,1900,9.5,9.502103805541992,1,0.0399992652237415,0.9600006937980652,True
1903,9.515,0.3024956,0.2687303,0.23117492,0.27205822,1,1900,9.5,9.502103805541992,1,0.0399992652237415,0.9600006937980652,True
1904,9.52,0.25494733,0.22582214,0.17873074,0.2584148,1,1904,9.52,9.518850088119509,1,0.0820555016398429,0.9179444909095764,True
1905,9.525,0.16680971,0.15080203,0.10906244,0.21326444,1,1904,9.52,9.518850088119509,1,0.0820555016398429,0.9179444909095764,True
1906,9.53,0.03737095,0.038422577,0.012459876,0.1257124,1,1904,9.52,9.518850088119509,1,0.0820555016398429,0.9179444909095764,True
1907,9.535,-0.1197136,-0.10273675,-0.10926968,-0.0033766949,1,1904,9.52,9.518850088119509,1,0.0820555016398429,0.9179444909095764,True
1908,9.54,-0.27582872,-0.24638289,-0.23482117,-0.15283434,1,1908,9.54,9.543664455413818,1,0.0246830396354198,0.9753170013427734,True
1909,9.545,-0.39797863,-0.35877374,-0.33288035,-0.28833792,1,1908,9.54,9.543664455413818,1,0.0246830396354198,0.9753170013427734,True
1910,9.55,-0.46303186,-0.41564873,-0.38096774,-0.37981626,1,1908,9.54,9.543664455413818,1,0.0246830396354198,0.9753170013427734,True
1911,9.555,-0.46430412,-0.41188613,-0.37643766,-0.41429797,1,1908,9.54,9.543664455413818,1,0.0246830396354198,0.9753170013427734,True
1912,9.56,-0.40616426,-0.35659373,-0.33029118,-0.39445525,1,1912,9.56,9.564944744110107,1,0.0607523918151855,0.9392476081848145,True
1913,9.565,-0.29394704,-0.26010197,-0.25161725,-0.327136,1,1912,9.56,9.564944744110107,1,0.0607523918151855,0.9392476081848145,True
1914,9.57,-0.1312535,-0.12687193,-0.13966058,-0.21524653,1,1912,9.56,9.564944744110107,1,0.0607523918151855,0.9392476081848145,True
1915,9.575,0.071037374,0.03825233,0.007840304,-0.061751705,1,1912,9.56,9.564944744110107,1,0.0607523918151855,0.9392476081848145,True
1916,9.58,0.2833614,0.2175974,0.178885,0.11883877,1,1916,9.58,9.583954334259031,1,0.0355010144412517,0.9644989371299744,True
1917,9.585,0.45849288,0.37681302,0.34127808,0.29480028,1,1916,9.58,9.583954334259031,1,0.0355010144412517,0.9644989371299744,True
1918,9.59,0.55001104,0.4768216,0.4544338,0.4259198,1,1916,9.58,9.583954334259031,1,0.0355010144412517,0.9644989371299744,True
1919,9.595,0.5365401,0.49348474,0.48979205,0.48185724,1,1916,9.58,9.583954334259031,1,0.0355010144412517,0.9644989371299744,True
1920,9.6,0.43298236,0.42938536,0.44352904,0.45641622,1,1920,9.6,9.603931665420532,1,0.0842998996376991,0.915700137615204,True
1921,9.605,0.27987352,0.30928776,0.33379066,0.36747468,1,1920,9.6,9.603931665420532,1,0.0842998996376991,0.915700137615204,True
1922,9.61,0.11964646,0.16469578,0.18838271,0.24416116,1,1920,9.6,9.603931665420532,1,0.0842998996376991,0.915700137615204,True
1923,9.615,-0.022254542,0.0201192,0.033924818,0.11195139,1,1920,9.6,9.603931665420532,1,0.0842998996376991,0.915700137615204,True
1924,9.62,-0.13997065,-0.11091115,-0.108498156,-0.014505643,1,1924,9.62,9.617966413497925,1,0.0229009017348289,0.9770991206169128,True
1925,9.625,-0.23663107,-0.22181404,-0.2240558,-0.12928995,1,1924,9.62,9.617966413497925,1,0.0229009017348289,0.9770991206169128,True
1926,9.63,-0.3127512,-0.3078717,-0.30525893,-0.22943752,1,1924,9.62,9.617966413497925,1,0.0229009017348289,0.9770991206169128,True
1927,9.635,-0.36297014,-0.36450312,-0.35265735,-0.311269,1,1924,9.62,9.617966413497925,1,0.0229009017348289,0.9770991206169128,True
1928,9.64,-0.38066676,-0.38793305,-0.37150598,-0.36976403,1,1928,9.64,9.642367839813232,1,0.0271934922784566,0.9728065133094788,True
1929,9.645,-0.36328965,-0.3754378,-0.36439356,-0.39856353,1,1928,9.64,9.642367839813232,1,0.0271934922784566,0.9728065133094788,True
1930,9.65,-0.3128622,-0.32487994,-0.32593602,-0.3896204,1,1928,9.64,9.642367839813232,1,0.0271934922784566,0.9728065133094788,True
1931,9.655,-0.2326271,-0.23568238,-0.24616233,-0.3345999,1,1928,9.64,9.642367839813232,1,0.0271934922784566,0.9728065133094788,True
1932,9.66,-0.124936275,-0.11217376,-0.121827714,-0.22989604,1,1932,9.66,9.668505430221558,1,0.034594289958477,0.9654057025909424,True
1933,9.665,0.00625074,0.033018846,0.033474617,-0.08323408,1,1932,9.66,9.668505430221558,1,0.034594289958477,0.9654057025909424,True
1934,9.67,0.14996149,0.17896268,0.189856,0.083308995,1,1932,9.66,9.668505430221558,1,0.034594289958477,0.9654057025909424,True
1935,9.675,0.28510818,0.30091855,0.31309178,0.23773806,1,1932,9.66,9.668505430221558,1,0.034594289958477,0.9654057025909424,True
1936,9.68,0.38414422,0.3774245,0.37944886,0.34906223,1,1936,9.68,9.69095253944397,1,0.0362350493669509,0.9637649059295654,True
1937,9.685,0.42349717,0.39691383,0.38351783,0.39919627,1,1936,9.68,9.69095253944397,1,0.0362350493669509,0.9637649059295654,True
1938,9.69,0.39540386,0.36133197,0.3358964,0.38916776,1,1936,9.68,9.69095253944397,1,0.0362350493669509,0.9637649059295654,True
1939,9.695,0.31315273,0.28503963,0.25498912,0.3359121,1,1936,9.68,9.69095253944397,1,0.0362350493669509,0.9637649059295654,True
1940,9.7,0.2047429,0.18864985,0.15916014,0.2614968,1,1940,9.7,9.703686237335203,1,0.0256841145455837,0.9743158221244812,True
1941,9.705,0.09766798,0.09005415,0.062349714,0.18138029,1,1940,9.7,9.703686237335203,1,0.0256841145455837,0.9743158221244812,True
1942,9.71,0.00456713,-0.0025473111,-0.027352272,0.09879348,1,1940,9.7,9.703686237335203,1,0.0256841145455837,0.9743158221244812,True
1943,9.715,-0.08009917,-0.09098975,-0.10743602,0.00803497,1,1940,9.7,9.703686237335203,1,0.0256841145455837,0.9743158221244812,True
1944,9.72,-0.16961735,-0.18013455,-0.17888734,-0.09627045,1,1944,9.72,9.715677976608276,1,0.0227166377007961,0.9772832989692688,True
1945,9.725,-0.26826295,-0.26806632,-0.24186112,-0.21008942,1,1944,9.72,9.715677976608276,1,0.0227166377007961,0.9772832989692688,True
1946,9.73,-0.3608483,-0.3408257,-0.29099736,-0.31659505,1,1944,9.72,9.715677976608276,1,0.0227166377007961,0.9772832989692688,True
1947,9.735,-0.41704598,-0.37658104,-0.31458867,-0.39076614,1,1944,9.72,9.715677976608276,1,0.0227166377007961,0.9772832989692688,True
1948,9.74,-0.4080468,-0.3573311,-0.3000112,-0.40989247,1,1948,9.74,9.75312852859497,1,0.0588186420500278,0.9411813020706176,True
1949,9.745,-0.32380772,-0.27992165,-0.24210413,-0.36413205,1,1948,9.74,9.75312852859497,1,0.0588186420500278,0.9411813020706176,True
1950,9.75,-0.1791428,-0.15824853,-0.14750266,-0.26079607,1,1948,9.74,9.75312852859497,1,0.0588186420500278,0.9411813020706176,True
1951,9.755,-0.0061540357,-0.015897537,-0.031380773,-0.120375745,1,1948,9.74,9.75312852859497,1,0.0588186420500278,0.9411813020706176,True
1952,9.76,0.15946344,0.12356497,0.08940624,0.03159018,1,1952,9.76,9.767483234405518,1,0.0339514724910259,0.966048538684845,True
1953,9.765,0.28873888,0.24107373,0.19983695,0.17075564,1,1952,9.76,9.767483234405518,1,0.0339514724910259,0.966048538684845,True
1954,9.77,0.36323994,0.32114843,0.28528196,0.27641025,1,1952,9.76,9.767483234405518,1,0.0339514724910259,0.966048538684845,True
1955,9.775,0.37584797,0.35175154,0.33055997,0.333316,1,1952,9.76,9.767483234405518,1,0.0339514724910259,0.966048538684845,True
1956,9.78,0.33179167,0.32875466,0.32466352,0.33572623,1,1956,9.78,9.783782720565796,1,0.0568914227187633,0.9431084990501404,True
1957,9.785,0.24826045,0.26091337,0.2685474,0.29099947,1,1956,9.78,9.783782720565796,1,0.0568914227187633,0.9431084990501404,True
1958,9.79,0.14885587,0.16798364,0.17758611,0.2172501,1,1956,9.78,9.783782720565796,1,0.0568914227187633,0.9431084990501404,True
1959,9.795,0.05359899,0.07084769,0.074207745,0.13398604,1,1956,9.78,9.783782720565796,1,0.0568914227187633,0.9431084990501404,True
1960,9.8,-0.028850766,-0.018541303,-0.023866206,0.052446797,1,1960,9.8,9.802802324295044,1,0.0233191270381212,0.9766809344291688,True
1961,9.805,-0.100303695,-0.098439634,-0.1094618,-0.02583607,1,1960,9.8,9.802802324295044,1,0.0233191270381212,0.9766809344291688,True
1962,9.81,-0.16425875,-0.1693298,-0.18138836,-0.10113054,1,1960,9.8,9.802802324295044,1,0.0233191270381212,0.9766809344291688,True
1963,9.815,-0.21720558,-0.2253299,-0.2354011,-0.16655618,1,1960,9.8,9.802802324295044,1,0.0233191270381212,0.9766809344291688,True
1964,9.82,-0.24783559,-0.25395536,-0.2607666,-0.20783982,1,1964,9.82,9.81831693649292,1,0.0248272735625505,0.9751726984977722,True
1965,9.825,-0.24473323,-0.24469016,-0.2464904,-0.21301885,1,1964,9.82,9.81831693649292,1,0.0248272735625505,0.9751726984977722,True
1966,9.83,-0.20570768,-0.1982796,-0.19153924,-0.18322028,1,1964,9.82,9.81831693649292,1,0.0248272735625505,0.9751726984977722,True
1967,9.835,-0.14081632,-0.12811118,-0.10938743,-0.13391584,1,1964,9.82,9.81831693649292,1,0.0248272735625505,0.9751726984977722,True
1968,9.84,-0.066750064,-0.052423526,-0.022252062,-0.0845604,1,1968,9.84,9.853670120239258,1,0.0373791977763175,0.9626207947731018,True
1969,9.845,0.002539938,0.01579733,0.05056823,-0.04533462,1,1968,9.84,9.853670120239258,1,0.0373791977763175,0.9626207947731018,True
1970,9.85,0.061394624,0.07285101,0.101012036,-0.012556684,1,1968,9.84,9.853670120239258,1,0.0373791977763175,0.9626207947731018,True
1971,9.855,0.11056885,0.120100655,0.13156065,0.023765553,1,1968,9.84,9.853670120239258,1,0.0373791977763175,0.9626207947731018,True
1972,9.86,0.1511738,0.1571337,0.14816569,0.06813441,1,1972,9.86,9.870832204818726,1,0.0393202565610408,0.960679829120636,True
1973,9.865,0.18078308,0.17959145,0.15425624,0.114676416,1,1972,9.86,9.870832204818726,1,0.0393202565610408,0.960679829120636,True
1974,9.87,0.19451435,0.18287304,0.15011673,0.15218706,1,1972,9.86,9.870832204818726,1,0.0393202565610408,0.960679829120636,True
1975,9.875,0.18811709,0.16603042,0.13507906,0.1715695,1,1972,9.86,9.870832204818726,1,0.0393202565610408,0.960679829120636,True
1976,9.88,0.1588647,0.1305596,0.107799925,0.16708879,1,1976,9.88,9.884081602096558,1,0.0896627679467201,0.910337209701538,True
1977,9.885,0.10443031,0.076102406,0.06466918,0.13235787,1,1976,9.88,9.884081602096558,1,0.0896627679467201,0.910337209701538,True
1978,9.89,0.02387806,0.00028221417,0.0012370148,0.060260296,1,1976,9.88,9.884081602096558,1,0.0896627679467201,0.910337209701538,True
1979,9.895,-0.077181704,-0.094117515,-0.08090891,-0.047819283,1,1976,9.88,9.884081602096558,1,0.0896627679467201,0.910337209701538,True
1980,9.9,-0.18135497,-0.19086419,-0.16710678,-0.17065026,1,1980,9.9,9.902948141098022,1,0.0251834373921155,0.9748165011405944,True
1981,9.905,-0.26096895,-0.26104167,-0.2310767,-0.2675651,1,1980,9.9,9.902948141098022,1,0.0251834373921155,0.9748165011405944,True
1982,9.91,-0.28842226,-0.27592343,-0.24704897,-0.29612198,1,1980,9.9,9.902948141098022,1,0.0251834373921155,0.9748165011405944,True
1983,9.915,-0.24952577,-0.22345378,-0.20437925,-0.23641092,1,1980,9.9,9.902948141098022,1,0.0251834373921155,0.9748165011405944,True
1984,9.92,-0.15081692,-0.11570026,-0.11329645,-0.10384811,1,1984,9.92,9.93368935585022,1,0.0699555426836013,0.930044412612915,True
1985,9.925,-0.016626026,0.0177341,0.0018246758,0.058816623,1,1984,9.92,9.93368935585022,1,0.0699555426836013,0.930044412612915,True
1986,9.93,0.12052036,0.14372684,0.11455873,0.20297757,1,1984,9.92,9.93368935585022,1,0.0699555426836013,0.930044412612915,True
1987,9.935,0.22941956,0.2363442,0.20404834,0.29335523,1,1984,9.92,9.93368935585022,1,0.0699555426836013,0.930044412612915,True
1988,9.94,0.28648102,0.27987668,0.25553438,0.31519836,1,1988,9.94,9.94913935661316,1,0.0383914820849895,0.9616084694862366,True
1989,9.945,0.2803763,0.26838967,0.25941736,0.27190185,1,1988,9.94,9.94913935661316,1,0.0383914820849895,0.9616084694862366,True
1990,9.95,0.21625255,0.20693743,0.21420278,0.18048495,1,1988,9.94,9.94913935661316,1,0.0383914820849895,0.9616084694862366,True
1991,9.955,0.11628767,0.11314367,0.13101664,0.06752871,1,1988,9.94,9.94913935661316,1,0.0383914820849895,0.9616084694862366,True
1992,9.96,0.012203929,0.013407338,0.03247175,-0.037550833,1,1992,9.96,9.963980913162231,1,0.046704638749361,0.953295350074768,True
1993,9.965,-0.0689213,-0.067959614,-0.056877147,-0.11319995,1,1992,9.96,9.963980913162231,1,0.046704638749361,0.953295350074768,True
1994,9.97,-0.11716607,-0.120339714,-0.122416675,-0.15497713,1,1992,9.96,9.963980913162231,1,0.046704638749361,0.953295350074768,True
1995,9.975,-0.14191341,-0.15029241,-0.16447744,-0.1756312,1,1992,9.96,9.963980913162231,1,0.046704638749361,0.953295350074768,True
1996,9.98,-0.16208728,-0.17379296,-0.19288822,-0.19418372,1,1996,9.98,9.985698461532593,1,0.0316057503223419,0.9683942794799804,True
1997,9.985,-0.19079003,-0.20228416,-0.21570028,-0.22062439,1,1996,9.98,9.985698461532593,1,0.0316057503223419,0.9683942794799804,True
1998,9.99,-0.2236519,-0.23159623,-0.23023658,-0.24629302,1,1996,9.98,9.985698461532593,1,0.0316057503223419,0.9683942794799804,True
1999,9.995,-0.23819718,-0.24116115,-0.22236739,-0.24667178,1,1996,9.98,9.985698461532593,1,0.0316057503223419,0.9683942794799804,True
2000,10.0,-0.20623684,-0.2054113,-0.17489962,-0.19609591,1,2000,10.0,9.999460697174072,1,0.0757869184017181,0.9242130517959596,True
2001,10.005,-0.11357727,-0.1117639,-0.08071854,-0.08645384,1,2000,10.0,9.999460697174072,1,0.0757869184017181,0.9242130517959596,True
2002,10.01,0.025592439,0.026318958,0.04741505,0.06207739,1,2000,10.0,9.999460697174072,1,0.0757869184017181,0.9242130517959596,True
2003,10.015,0.17156322,0.17160946,0.17804623,0.20705687,1,2000,10.0,9.999460697174072,1,0.0757869184017181,0.9242130517959596,True
2004,10.02,0.27959502,0.2811437,0.2744689,0.3047339,1,2004,10.02,10.019561529159546,1,0.0373619347810745,0.9626380801200868,True
2005,10.025,0.3239167,0.32819298,0.31271538,0.33274764,1,2004,10.02,10.019561529159546,1,0.0373619347810745,0.9626380801200868,True
2006,10.03,0.3075574,0.31287727,0.292096,0.299167,1,2004,10.02,10.019561529159546,1,0.0373619347810745,0.9626380801200868,True
2007,10.035,0.25246593,0.25535384,0.23139273,0.23253198,1,2004,10.02,10.019561529159546,1,0.0373619347810745,0.9626380801200868,True
2008,10.04,0.18094741,0.1793161,0.154652,0.16174802,1,2008,10.04,10.048438549041748,1,0.0408457703888416,0.9591541886329652,True
2009,10.045,0.10444807,0.09943382,0.07782111,0.10080382,1,2008,10.04,10.048438549041748,1,0.0408457703888416,0.9591541886329652,True
2010,10.05,0.025610624,0.020094706,0.005124391,0.046997357,1,2008,10.04,10.048438549041748,1,0.0408457703888416,0.9591541886329652,True
2011,10.055,-0.053746436,-0.058130026,-0.06506156,-0.010179793,1,2008,10.04,10.048438549041748,1,0.0408457703888416,0.9591541886329652,True
2012,10.06,-0.1289949,-0.13279068,-0.13230753,-0.078557186,1,2012,10.06,10.059245347976685,1,0.0245526600629091,0.9754472970962524,True
2013,10.065,-0.1954112,-0.1989399,-0.19111446,-0.15756294,1,2012,10.06,10.059245347976685,1,0.0245526600629091,0.9754472970962524,True
2014,10.07,-0.25072458,-0.25095722,-0.23341411,-0.23740861,1,2012,10.06,10.059245347976685,1,0.0245526600629091,0.9754472970962524,True
2015,10.075,-0.2918838,-0.28248048,-0.252277,-0.3007282,1,2012,10.06,10.059245347976685,1,0.0245526600629091,0.9754472970962524,True
2016,10.08,-0.30903834,-0.28471702,-0.24334285,-0.32642817,1,2016,10.08,10.086289644241331,1,0.067521795630455,0.932478129863739,True
2017,10.085,-0.28558558,-0.24783586,-0.20475675,-0.2973968,1,2016,10.08,10.086289644241331,1,0.067521795630455,0.932478129863739,True
2018,10.09,-0.20859098,-0.16794458,-0.13828434,-0.21075796,1,2016,10.08,10.086289644241331,1,0.067521795630455,0.932478129863739,True
2019,10.095,-0.08269784,-0.054900594,-0.051586766,-0.08398115,1,2016,10.08,10.086289644241331,1,0.067521795630455,0.932478129863739,True
2020,10.1,0.06533703,0.06747326,0.041640937,0.05018129,1,2020,10.1,10.102348804473875,1,0.0369026064872741,0.9630973935127258,True
2021,10.105,0.19769715,0.17157903,0.1258693,0.15907368,1,2020,10.1,10.102348804473875,1,0.0369026064872741,0.9630973935127258,True
2022,10.11,0.28476754,0.23947178,0.1897843,0.22549355,1,2020,10.1,10.102348804473875,1,0.0369026064872741,0.9630973935127258,True
2023,10.115,0.31796882,0.26879624,0.22917216,0.2517701,1,2020,10.1,10.102348804473875,1,0.0369026064872741,0.9630973935127258,True
2024,10.12,0.3074986,0.2674585,0.24457596,0.2508262,1,2024,10.12,10.11847972869873,1,0.0608720257878303,0.9391279220581056,True
2025,10.125,0.26919484,0.2433602,0.23676445,0.23318195,1,2024,10.12,10.11847972869873,1,0.0608720257878303,0.9391279220581056,True
2026,10.13,0.21251068,0.1986582,0.20469068,0.20054497,1,2024,10.12,10.11847972869873,1,0.0608720257878303,0.9391279220581056,True
2027,10.135,0.13851239,0.13227499,0.14756884,0.14902873,1,2024,10.12,10.11847972869873,1,0.0608720257878303,0.9391279220581056,True
2028,10.14,0.047150172,0.0465703,0.06870284,0.076749936,1,2028,10.14,10.15293574333191,1,0.0255838111042976,0.974416196346283,True
2029,10.145,-0.05449375,-0.048630726,-0.02247796,-0.011103926,1,2028,10.14,10.15293574333191,1,0.0255838111042976,0.974416196346283,True
2030,10.15,-0.15103373,-0.13802603,-0.11188714,-0.10235875,1,2028,10.14,10.15293574333191,1,0.0255838111042976,0.974416196346283,True
2031,10.155,-0.22569269,-0.20686181,-0.18490614,-0.18129094,1,2028,10.14,10.15293574333191,1,0.0255838111042976,0.974416196346283,True
2032,10.16,-0.26882428,-0.2462998,-0.23088777,-0.23286444,1,2032,10.16,10.170137643814089,1,0.0262861475348472,0.9737138152122498,True
2033,10.165,-0.2803327,-0.25473288,-0.24576777,-0.24682458,1,2032,10.16,10.170137643814089,1,0.0262861475348472,0.9737138152122498,True
2034,10.17,-0.2644106,-0.23512886,-0.2315699,-0.22130117,1,2032,10.16,10.170137643814089,1,0.0262861475348472,0.9737138152122498,True
2035,10.175,-0.22265188,-0.19126558,-0.19332592,-0.1643253,1,2032,10.16,10.170137643814089,1,0.0262861475348472,0.9737138152122498,True
2036,10.18,-0.1531647,-0.12606235,-0.13567363,-0.09110266,1,2036,10.18,10.187973976135254,1,0.0408004187047481,0.959199607372284,True
2037,10.185,-0.057052363,-0.04319371,-0.061855588,-0.017267637,1,2036,10.18,10.187973976135254,1,0.0408004187047481,0.959199607372284,True
2038,10.19,0.054321747,0.049716223,0.023927674,0.047867045,1,2036,10.18,10.187973976135254,1,0.0408004187047481,0.959199607372284,True
2039,10.195,0.159464,0.1396732,0.11294113,0.10302762,1,2036,10.18,10.187973976135254,1,0.0408004187047481,0.959199607372284,True
2040,10.2,0.23581111,0.21092218,0.19093166,0.15035565,1,2040,10.2,10.20441484451294,1,0.0388703495264053,0.961129665374756,True
2041,10.205,0.27075353,0.25053182,0.24183552,0.18859164,1,2040,10.2,10.20441484451294,1,0.0388703495264053,0.961129665374756,True
2042,10.21,0.26568252,0.25318968,0.25435027,0.21019347,1,2040,10.2,10.20441484451294,1,0.0388703495264053,0.961129665374756,True
2043,10.215,0.23064029,0.22201128,0.22698374,0.20500676,1,2040,10.2,10.20441484451294,1,0.0388703495264053,0.961129665374756,True
2044,10.22,0.17558607,0.16551791,0.16830246,0.16733055,1,2044,10.22,10.216405153274536,1,0.0602917894721031,0.9397082328796388,True
2045,10.225,0.10629458,0.09367712,0.09264784,0.10047755,1,2044,10.22,10.216405153274536,1,0.0602917894721031,0.9397082328796388,True
2046,10.23,0.027041903,0.015563225,0.014366991,0.015548893,1,2044,10.22,10.216405153274536,1,0.0602917894721031,0.9397082328796388,True
2047,10.235,-0.05482997,-0.06110597,-0.05627442,-0.07360026,1,2044,10.22,10.216405153274536,1,0.0602917894721031,0.9397082328796388,True
2048,10.24,-0.1284238,-0.12975255,-0.11416636,-0.15446135,1,2048,10.24,10.247275352478027,1,0.0247717443853616,0.9752282500267028,True
2049,10.245,-0.18365516,-0.18485647,-0.1580078,-0.21648352,1,2048,10.24,10.247275352478027,1,0.0247717443853616,0.9752282500267028,True
2050,10.25,-0.21599717,-0.22194293,-0.187986,-0.2500796,1,2048,10.24,10.247275352478027,1,0.0247717443853616,0.9752282500267028,True
2051,10.255,-0.22698025,-0.23744151,-0.20376241,-0.24759811,1,2048,10.24,10.247275352478027,1,0.0247717443853616,0.9752282500267028,True
2052,10.26,-0.22010823,-0.22856806,-0.20345348,-0.20693284,1,2052,10.26,10.266157627105711,1,0.0709564313292503,0.9290436506271362,True
2053,10.265,-0.19593567,-0.19350216,-0.18377647,-0.13440707,1,2052,10.26,10.266157627105711,1,0.0709564313292503,0.9290436506271362,True
2054,10.27,-0.15057461,-0.13204679,-0.14128618,-0.04327517,1,2052,10.26,10.266157627105711,1,0.0709564313292503,0.9290436506271362,True
2055,10.275,-0.07918457,-0.046930593,-0.07455294,0.0516796,1,2052,10.26,10.266157627105711,1,0.0709564313292503,0.9290436506271362,True
2056,10.28,0.01750865,0.054338038,0.01309889,0.13887647,1,2056,10.28,10.281192302703856,1,0.0381588414311409,0.9618411064147948,True
2057,10.285,0.12782578,0.1580144,0.11131039,0.21009624,1,2056,10.28,10.281192302703856,1,0.0381588414311409,0.9618411064147948,True
2058,10.29,0.22902578,0.24491397,0.20258597,0.25720188,1,2056,10.28,10.281192302703856,1,0.0381588414311409,0.9618411064147948,True
2059,10.295,0.29419816,0.29488367,0.26586685,0.27055776,1,2056,10.28,10.281192302703856,1,0.0381588414311409,0.9618411064147948,True
2060,10.3,0.30370086,0.29404774,0.2834893,0.24265084,1,2060,10.3,10.293808937072754,1,0.0614186264574527,0.93858140707016,True
2061,10.305,0.25501183,0.24130824,0.24874765,0.17459583,1,2060,10.3,10.293808937072754,1,0.0614186264574527,0.93858140707016,True
2062,10.31,0.16476484,0.15017658,0.17006412,0.079390496,1,2060,10.3,10.293808937072754,1,0.0614186264574527,0.93858140707016,True
2063,10.315,0.061191212,0.04443958,0.06896726,-0.021898722,1,2060,10.3,10.293808937072754,1,0.0614186264574527,0.93858140707016,True
2064,10.32,-0.028783692,-0.050585892,-0.027985863,-0.108812004,1,2064,10.32,10.316632509231567,1,0.0248219612985849,0.9751780033111572,True
2065,10.325,-0.09054711,-0.11753681,-0.10011124,-0.16909257,1,2064,10.32,10.316632509231567,1,0.0248219612985849,0.9751780033111572,True
2066,10.33,-0.12555115,-0.15322676,-0.14109577,-0.20085195,1,2064,10.32,10.316632509231567,1,0.0248219612985849,0.9751780033111572,True
2067,10.335,-0.14690436,-0.16829126,-0.16002037,-0.2093753,1,2064,10.32,10.316632509231567,1,0.0248219612985849,0.9751780033111572,True
2068,10.34,-0.16956623,-0.17914174,-0.17309739,-0.2016061,1,2068,10.34,10.35366916656494,1,0.0410650596022605,0.9589349031448364,True
2069,10.345,-0.19973397,-0.1954542,-0.1901433,-0.1814415,1,2068,10.34,10.35366916656494,1,0.0410650596022605,0.9589349031448364,True
2070,10.35,-0.22861904,-0.21084477,-0.20472555,-0.14781605,1,2068,10.34,10.35366916656494,1,0.0410650596022605,0.9589349031448364,True
2071,10.355,-0.23485135,-0.20442142,-0.19615206,-0.09651844,1,2068,10.34,10.35366916656494,1,0.0410650596022605,0.9589349031448364,True
2072,10.36,-0.19590153,-0.15427668,-0.14368215,-0.025236232,1,2072,10.36,10.366636276245115,1,0.0417578294873237,0.9582421779632568,True
2073,10.365,-0.10298732,-0.054654524,-0.043658163,0.060973432,1,2072,10.36,10.366636276245115,1,0.0417578294873237,0.9582421779632568,True
2074,10.37,0.029780239,0.07554827,0.083052255,0.1479267,1,2072,10.36,10.366636276245115,1,0.0417578294873237,0.9582421779632568,True
2075,10.375,0.168599,0.19960703,0.19920002,0.21641661,1,2072,10.36,10.366636276245115,1,0.0417578294873237,0.9582421779632568,True
2076,10.38,0.2741544,0.28059223,0.2693417,0.24984299,1,2076,10.38,10.384153366088867,1,0.0380651801824569,0.9619348049163818,True
2077,10.385,0.31840292,0.29808027,0.27601227,0.24031499,1,2076,10.38,10.384153366088867,1,0.0380651801824569,0.9619348049163818,True
2078,10.39,0.29498345,0.2545781,0.22495218,0.19009784,1,2076,10.38,10.384153366088867,1,0.0380651801824569,0.9619348049163818,True
2079,10.395,0.21938503,0.1706403,0.13904454,0.10956541,1,2076,10.38,10.384153366088867,1,0.0380651801824569,0.9619348049163818,True
2080,10.4,0.12064419,0.07413444,0.04685308,0.014612289,1,2080,10.4,10.40373182296753,1,0.0319926068186759,0.9680073857307434,True
2081,10.405,0.028947258,-0.010298543,-0.028057076,-0.07571034,1,2080,10.4,10.40373182296753,1,0.0319926068186759,0.9680073857307434,True
2082,10.41,-0.036179774,-0.06844992,-0.07392478,-0.1430843,1,2080,10.4,10.40373182296753,1,0.0319926068186759,0.9680073857307434,True
2083,10.415,-0.072523765,-0.099438146,-0.09291666,-0.17593375,1,2080,10.4,10.40373182296753,1,0.0319926068186759,0.9680073857307434,True
2084,10.42,-0.09320634,-0.11364534,-0.09817573,-0.17433776,1,2084,10.42,10.41879153251648,1,0.024958798661828,0.9750412106513976,True
2085,10.425,-0.11636239,-0.12566786,-0.10602306,-0.14924335,1,2084,10.42,10.41879153251648,1,0.024958798661828,0.9750412106513976,True
2086,10.43,-0.15207906,-0.14476103,-0.12596726,-0.115256,1,2084,10.42,10.41879153251648,1,0.024958798661828,0.9750412106513976,True
2087,10.435,-0.19474718,-0.16799293,-0.15383919,-0.08202742,1,2084,10.42,10.41879153251648,1,0.024958798661828,0.9750412106513976,True
2088,10.44,-0.22563338,-0.18088312,-0.17290099,-0.050677516,1,2088,10.44,10.45367193222046,1,0.0769995599985122,0.9230003952980042,True
2089,10.445,-0.22343194,-0.16574249,-0.16309337,-0.017041659,1,2088,10.44,10.45367193222046,1,0.0769995599985122,0.9230003952980042,True
2090,10.45,-0.17572388,-0.11263387,-0.112968475,0.022228664,1,2088,10.44,10.45367193222046,1,0.0769995599985122,0.9230003952980042,True
2091,10.455,-0.085269526,-0.026317045,-0.02705655,0.06579285,1,2088,10.44,10.45367193222046,1,0.0769995599985122,0.9230003952980042,True
2092,10.46,0.030404683,0.07442671,0.075248696,0.107594006,1,2092,10.46,10.468433141708374,1,0.0396499522030353,0.9603500962257384,True
2093,10.465,0.14448088,0.16416965,0.167874,0.13912968,1,2092,10.46,10.468433141708374,1,0.0396499522030353,0.9603500962257384,True
2094,10.47,0.22944316,0.22103369,0.22850385,0.1524454,1,2092,10.46,10.468433141708374,1,0.0396499522030353,0.9603500962257384,True
2095,10.475,0.2667677,0.23498064,0.24624737,0.14330275,1,2092,10.46,10.468433141708374,1,0.0396499522030353,0.9603500962257384,True
2096,10.48,0.25398982,0.21028106,0.22351405,0.11342705,1,2096,10.48,10.48380446434021,1,0.0735875517129898,0.9264124035835266,True
2097,10.485,0.20454457,0.16092812,0.17207614,0.06984869,1,2096,10.48,10.48380446434021,1,0.0735875517129898,0.9264124035835266,True
2098,10.49,0.13912442,0.10185939,0.10617344,0.020926438,1,2096,10.48,10.48380446434021,1,0.0735875517129898,0.9264124035835266,True
2099,10.495,0.07368529,0.04175193,0.03676038,-0.028011579,1,2096,10.48,10.48380446434021,1,0.0735875517129898,0.9264124035835266,True
2100,10.5,0.01274501,-0.017975077,-0.030367218,-0.075417295,1,2100,10.5,10.504002571105955,1,0.0271464381366968,0.9728536009788512,True
2101,10.505,-0.047181595,-0.07813188,-0.09275236,-0.11990613,1,2100,10.5,10.504002571105955,1,0.0271464381366968,0.9728536009788512,True
2102,10.51,-0.107756786,-0.13553098,-0.14807612,-0.15596744,1,2100,10.5,10.504002571105955,1,0.0271464381366968,0.9728536009788512,True
2103,10.515,-0.16193469,-0.180993,-0.19192375,-0.17364772,1,2100,10.5,10.504002571105955,1,0.0271464381366968,0.9728536009788512,True
2104,10.52,-0.19643563,-0.20322825,-0.21759918,-0.16328986,1,2104,10.52,10.516890525817873,1,0.0482886470854282,0.9517112970352172,True
2105,10.525,-0.20117612,-0.19541068,-0.2179418,-0.121911705,0,2104,10.52,10.516890525817873,1,0.0482886470854282,0.9517112970352172,False
2106,10.53,-0.17690398,-0.15937611,-0.18850915,-0.056528065,0,2104,10.52,10.516890525817873,1,0.0482886470854282,0.9517112970352172,False
2107,10.535,-0.13426673,-0.10457642,-0.13086094,0.017727323,0,2104,10.52,10.516890525817873,1,0.0482886470854282,0.9517112970352172,False
2108,10.54,-0.08554502,-0.04294704,-0.053975195,0.08331576,0,2108,10.54,10.551756143569946,1,0.0422478280961513,0.9577521085739136,False
2109,10.545,-0.036641743,0.016503628,0.02784878,0.126787,0,2108,10.54,10.551756143569946,1,0.0422478280961513,0.9577521085739136,False
2110,10.55,0.013864401,0.06982891,0.10011994,0.1432533,0,2108,10.54,10.551756143569946,1,0.0422478280961513,0.9577521085739136,False
2111,10.555,0.06844837,0.11603923,0.15324207,0.13694423,0,2108,10.54,10.551756143569946,1,0.0422478280961513,0.9577521085739136,False
2112,10.56,0.12339245,0.15298244,0.1841298,0.117283,0,2112,10.56,10.565712451934814,1,0.0445608757436275,0.9554390907287598,False
2113,10.565,0.16746718,0.17508456,0.19377723,0.09236166,0,2112,10.56,10.565712451934814,1,0.0445608757436275,0.9554390907287598,False
2114,10.57,0.18797603,0.17537926,0.18369545,0.064151704,0,2112,10.56,10.565712451934814,1,0.0445608757436275,0.9554390907287598,False
2115,10.575,0.17893606,0.15041554,0.15466298,0.029325798,0,2112,10.56,10.565712451934814,1,0.0445608757436275,0.9554390907287598,False
2116,10.58,0.14439376,0.103764094,0.108349554,-0.014778731,0,2116,10.58,10.58410358428955,1,0.0547569170594215,0.9452430605888368,False
2117,10.585,0.09458917,0.044981334,0.04938415,-0.0642086,0,2116,10.58,10.58410358428955,1,0.0547569170594215,0.9452430605888368,False
2118,10.59,0.039170988,-0.0149467485,-0.014579968,-0.107858166,0,2116,10.58,10.58410358428955,1,0.0547569170594215,0.9452430605888368,False
2119,10.595,-0.016453708,-0.06778988,-0.07485019,-0.13306634,0,2116,10.58,10.58410358428955,1,0.0547569170594215,0.9452430605888368,False
2120,10.6,-0.06964481,-0.10915969,-0.12390841,-0.132907,0,2120,10.6,10.603746891021729,1,0.0282647516578435,0.9717352986335754,False
2121,10.605,-0.117122985,-0.13707025,-0.1563489,-0.10966474,0,2120,10.6,10.603746891021729,1,0.0282647516578435,0.9717352986335754,False
2122,10.61,-0.1536659,-0.15020113,-0.16858044,-0.07235898,0,2120,10.6,10.603746891021729,1,0.0282647516578435,0.9717352986335754,False
2123,10.615,-0.17347965,-0.14711995,-0.15842058,-0.030741006,0,2120,10.6,10.603746891021729,1,0.0282647516578435,0.9717352986335754,False
2124,10.62,-0.17188208,-0.12639809,-0.12568514,0.009508321,0,2124,10.62,10.618952512741089,1,0.1030844077467918,0.8969155550003052,False
2125,10.625,-0.14586645,-0.08757148,-0.07390135,0.047009416,0,2124,10.62,10.618952512741089,1,0.1030844077467918,0.8969155550003052,False
2126,10.63,-0.09480016,-0.033098873,-0.011780113,0.08096412,0,2124,10.62,10.618952512741089,1,0.1030844077467918,0.8969155550003052,False
2127,10.635,-0.022621943,0.029715458,0.047827933,0.10767427,0,2124,10.62,10.618952512741089,1,0.1030844077467918,0.8969155550003052,False
2128,10.64,0.059955567,0.08918528,0.09254126,0.12125464,0,2128,10.64,10.652552127838137,1,0.0433709248900413,0.9566290974617004,False
2129,10.645,0.13633752,0.13314654,0.11628767,0.1180479,0,2128,10.64,10.652552127838137,1,0.0433709248900413,0.9566290974617004,False
2130,10.65,0.18874191,0.15380207,0.12154232,0.09983214,0,2128,10.64,10.652552127838137,1,0.0433709248900413,0.9566290974617004,False
2131,10.655,0.20396659,0.14950918,0.11520564,0.07179951,0,2128,10.64,10.652552127838137,1,0.0433709248900413,0.9566290974617004,False
2132,10.66,0.17740314,0.122735664,0.10134876,0.037262667,0,2132,10.66,10.66451382637024,1,0.0947642400860786,0.905235767364502,False
2133,10.665,0.11492616,0.077687405,0.07786049,-0.004676118,0,2132,10.66,10.66451382637024,1,0.0947642400860786,0.905235767364502,False
2134,10.67,0.032784995,0.020646488,0.040551603,-0.055318758,0,2132,10.66,10.66451382637024,1,0.0947642400860786,0.905235767364502,False
2135,10.675,-0.046319313,-0.03871173,-0.009539157,-0.11046361,0,2132,10.66,10.66451382637024,1,0.0947642400860786,0.905235767364502,False
2136,10.68,-0.10220687,-0.08903089,-0.06334592,-0.15903388,0,2136,10.68,10.68598246574402,1,0.0376166440546512,0.9623833894729614,False
2137,10.685,-0.12718654,-0.12214256,-0.10822852,-0.18770613,0,2136,10.68,10.68598246574402,1,0.0376166440546512,0.9623833894729614,False
2138,10.69,-0.12896138,-0.13636912,-0.13492182,-0.18677254,0,2136,10.68,10.68598246574402,1,0.0376166440546512,0.9623833894729614,False
2139,10.695,-0.12263704,-0.13468431,-0.14066608,-0.15278205,0,2136,10.68,10.68598246574402,1,0.0376166440546512,0.9623833894729614,False
2140,10.7,-0.117741734,-0.12000559,-0.12723693,-0.08867406,0,2140,10.7,10.70763349533081,1,0.1329323947429657,0.8670675754547119,False
2141,10.705,-0.11098184,-0.0926856,-0.097379796,-0.00415986,0,2140,10.7,10.70763349533081,1,0.1329323947429657,0.8670675754547119,False
2142,10.71,-0.08999943,-0.05183458,-0.052996274,0.08443094,0,2140,10.7,10.70763349533081,1,0.1329323947429657,0.8670675754547119,False
2143,10.715,-0.043936275,0.002085128,0.0042592557,0.15821886,0,2140,10.7,10.70763349533081,1,0.1329323947429657,0.8670675754547119,False
2144,10.72,0.02733559,0.065452725,0.07056073,0.2033787,0,2144,10.72,10.716820240020752,1,0.0489250086247921,0.95107501745224,False
2145,10.725,0.110328145,0.12988824,0.13662831,0.2163161,0,2144,10.72,10.716820240020752,1,0.0489250086247921,0.95107501745224,False
2146,10.73,0.18197396,0.18114434,0.1863674,0.2016027,0,2144,10.72,10.716820240020752,1,0.0489250086247921,0.95107501745224,False
2147,10.735,0.21903647,0.2020003,0.20148113,0.16559246,0,2144,10.72,10.716820240020752,1,0.0489250086247921,0.95107501745224,False
2148,10.74,0.20943297,0.1812249,0.17227396,0.11312419,0,2148,10.74,10.74617338180542,1,0.093876264989376,0.906123697757721,False
2149,10.745,0.15902649,0.12315108,0.10715799,0.04966045,0,2148,10.74,10.74617338180542,1,0.093876264989376,0.906123697757721,False
2150,10.75,0.08770107,0.047775816,0.030610126,-0.01675418,0,2148,10.74,10.74617338180542,1,0.093876264989376,0.906123697757721,False
2151,10.755,0.015897887,-0.021929916,-0.032208975,-0.07899925,0,2148,10.74,10.74617338180542,1,0.093876264989376,0.906123697757721,False
2152,10.76,-0.047808956,-0.07555264,-0.07256613,-0.13622057,0,2152,10.76,10.760875701904297,1,0.0311944894492626,0.9688055515289308,False
2153,10.765,-0.1068538,-0.1187665,-0.10136058,-0.19204527,0,2152,10.76,10.760875701904297,1,0.0311944894492626,0.9688055515289308,False
2154,10.77,-0.16457027,-0.16086012,-0.13448246,-0.24389045,0,2152,10.76,10.760875701904297,1,0.0311944894492626,0.9688055515289308,False
2155,10.775,-0.21249653,-0.19863412,-0.17348261,-0.27419424,0,2152,10.76,10.760875701904297,1,0.0311944894492626,0.9688055515289308,False
2156,10.78,-0.2319601,-0.21353526,-0.19996502,-0.256527,0,2156,10.78,10.784173011779783,1,0.0903022810816764,0.9096977114677428,False
2157,10.785,-0.20844667,-0.18610758,-0.18955295,-0.17588048,0,2156,10.78,10.784173011779783,1,0.0903022810816764,0.9096977114677428,False
2158,10.79,-0.14500064,-0.114569545,-0.13294187,-0.046279486,0,2156,10.78,10.784173011779783,1,0.0903022810816764,0.9096977114677428,False
2159,10.795,-0.061555825,-0.019964026,-0.045222867,0.09181616,0,2156,10.78,10.784173011779783,1,0.0903022810816764,0.9096977114677428,False
2160,10.8,0.019165365,0.06709658,0.04410892,0.1946441,0,2160,10.8,10.80260181427002,1,0.0400853529572486,0.9599146842956544,False
2161,10.805,0.08585652,0.1262631,0.11078882,0.24057153,0,2160,10.8,10.80260181427002,1,0.0400853529572486,0.9599146842956544,False
2162,10.81,0.14038184,0.15698816,0.14831924,0.23783001,0,2160,10.8,10.80260181427002,1,0.0400853529572486,0.9599146842956544,False
2163,10.815,0.18720062,0.17134662,0.16492377,0.21071078,0,2160,10.8,10.80260181427002,1,0.0400853529572486,0.9599146842956544,False
2164,10.82,0.22218403,0.17876197,0.17068695,0.17837907,0,2164,10.82,10.818713426589966,1,0.0842812284827232,0.9157187938690186,False
2165,10.825,0.23216844,0.17699459,0.1676506,0.14408503,0,2164,10.82,10.818713426589966,1,0.0842812284827232,0.9157187938690186,False
2166,10.83,0.2055559,0.15624325,0.15058649,0.10065078,0,2164,10.82,10.818713426589966,1,0.0842812284827232,0.9157187938690186,False
2167,10.835,0.1436687,0.11071822,0.11534506,0.043458425,0,2164,10.82,10.818713426589966,1,0.0842812284827232,0.9157187938690186,False
2168,10.84,0.062040832,0.04603187,0.06523287,-0.022302749,0,2168,10.84,10.844125986099243,1,0.0296539608389139,0.9703460931777954,False
2169,10.845,-0.019799426,-0.024286954,0.00890686,-0.085686296,0,2168,10.84,10.844125986099243,1,0.0296539608389139,0.9703460931777954,False
2170,10.85,-0.09101506,-0.08916698,-0.047607522,-0.13956062,0,2168,10.84,10.844125986099243,1,0.0296539608389139,0.9703460931777954,False
2171,10.855,-0.15323125,-0.14665492,-0.1056224,-0.1851435,0,2168,10.84,10.844125986099243,1,0.0296539608389139,0.9703460931777954,False
2172,10.86,-0.21189106,-0.1997993,-0.16870028,-0.22630124,0,2172,10.86,10.863856792449951,1,0.0378945842385292,0.9621054530143738,False
2173,10.865,-0.26304182,-0.24542798,-0.23134454,-0.25874332,0,2172,10.86,10.863856792449951,1,0.0378945842385292,0.9621054530143738,False
2174,10.87,-0.28812182,-0.26738313,-0.2729885,-0.26510182,0,2172,10.86,10.863856792449951,1,0.0378945842385292,0.9621054530143738,False
2175,10.875,-0.2629389,-0.24281585,-0.265905,-0.22268677,0,2172,10.86,10.863856792449951,1,0.0378945842385292,0.9621054530143738,False
2176,10.88,-0.17512088,-0.15857607,-0.1934918,-0.1199437,0,2176,10.88,10.883974313735962,1,0.0521366111934185,0.9478633999824524,False
2177,10.885,-0.03719379,-0.02521219,-0.065193124,0.030245213,0,2176,10.88,10.883974313735962,1,0.0521366111934185,0.9478633999824524,False
2178,10.89,0.11456726,0.12287683,0.08412134,0.190739,0,2176,10.88,10.883974313735962,1,0.0521366111934185,0.9478633999824524,False
2179,10.895,0.23566175,0.2423733,0.21053441,0.31492156,0,2176,10.88,10.883974313735962,1,0.0521366111934185,0.9478633999824524,False
2180,10.9,0.29429883,0.30157524,0.28177354,0.36763167,0,2180,10.9,10.910061120986938,1,0.0376891978085041,0.9623108506202698,False
2181,10.905,0.28548348,0.29369384,0.28896284,0.34014365,0,2180,10.9,10.910061120986938,1,0.0376891978085041,0.9623108506202698,False
2182,10.91,0.2299736,0.23569766,0.24443898,0.25116935,0,2180,10.9,10.910061120986938,1,0.0376891978085041,0.9623108506202698,False
2183,10.915,0.15918899,0.15546161,0.17085005,0.13471006,0,2180,10.9,10.910061120986938,1,0.0376891978085041,0.9623108506202698,False
2184,10.92,0.09637967,0.07689316,0.09043838,0.02328096,0,2184,10.92,10.916528701782228,1,0.0294254589825868,0.9705745577812196,False
2185,10.925,0.04644622,0.011713981,0.019169701,-0.06380257,0,2184,10.92,10.916528701782228,1,0.0294254589825868,0.9705745577812196,False
2186,10.93,-0.0004894816,-0.040310208,-0.035590135,-0.122903526,0,2184,10.92,10.916528701782228,1,0.0294254589825868,0.9705745577812196,False
2187,10.935,-0.057054527,-0.086515404,-0.07612809,-0.16163683,0,2184,10.92,10.916528701782228,1,0.0294254589825868,0.9705745577812196,False
2188,10.94,-0.12770353,-0.13542978,-0.11275117,-0.19176082,0,2188,10.94,10.94989824295044,1,0.0251995418220758,0.9748004078865052,False
2189,10.945,-0.2043721,-0.19031917,-0.15638243,-0.2215194,0,2188,10.94,10.94989824295044,1,0.0251995418220758,0.9748004078865052,False
2190,10.95,-0.26818445,-0.24296632,-0.2070904,-0.24865091,0,2188,10.94,10.94989824295044,1,0.0251995418220758,0.9748004078865052,False
2191,10.955,-0.29521173,-0.27228028,-0.24721257,-0.2575865,0,2188,10.94,10.94989824295044,1,0.0251995418220758,0.9748004078865052,False
2192,10.96,-0.26580924,-0.25293264,-0.24787632,-0.22555856,0,2192,10.96,10.966455459594728,1,0.0736913233995437,0.9263086915016174,False
2193,10.965,-0.17587769,-0.17213118,-0.18798149,-0.13759217,0,2192,10.96,10.966455459594728,1,0.0736913233995437,0.9263086915016174,False
2194,10.97,-0.043996494,-0.043306302,-0.072811626,-0.0018560063,0,2192,10.96,10.966455459594728,1,0.0736913233995437,0.9263086915016174,False
2195,10.975,0.09283418,0.09558674,0.06303542,0.14700213,0,2192,10.96,10.966455459594728,1,0.0736913233995437,0.9263086915016174,False
2196,10.98,0.19554582,0.20083755,0.17297934,0.2623364,0,2196,10.98,10.981976747512816,1,0.0360212996602058,0.96397864818573,False
2197,10.985,0.2421624,0.24664555,0.22489226,0.31025746,0,2196,10.98,10.981976747512816,1,0.0360212996602058,0.96397864818573,False
2198,10.99,0.2365767,0.23672365,0.21776173,0.28776467,0,2196,10.98,10.981976747512816,1,0.0360212996602058,0.96397864818573,False
2199,10.995,0.20074768,0.19589123,0.176825,0.22085288,0,2196,10.98,10.981976747512816,1,0.0360212996602058,0.96397864818573,False
2200,11.0,0.15701233,0.14947458,0.13220967,0.1443036,0,2200,11.0,11.016625165939333,1,0.0659688711166381,0.934031069278717,False
2201,11.005,0.11507611,0.107788175,0.09897654,0.079662226,0,2200,11.0,11.016625165939333,1,0.0659688711166381,0.934031069278717,False
2202,11.01,0.07357888,0.06757468,0.0740436,0.028802693,0,2200,11.0,11.016625165939333,1,0.0659688711166381,0.934031069278717,False
2203,11.015,0.032117017,0.026011711,0.049239382,-0.014623458,0,2200,11.0,11.016625165939333,1,0.0659688711166381,0.934031069278717,False
2204,11.02,-0.0010297346,-0.00944467,0.024543032,-0.050863095,0,2204,11.02,11.033095598220823,1,0.0248843524605035,0.9751156568527222,False
2205,11.025,-0.016107008,-0.027687492,0.0066362186,-0.07364372,0,2204,11.02,11.033095598220823,1,0.0248843524605035,0.9751156568527222,False
2206,11.03,-0.018097496,-0.031102285,-0.0051493295,-0.083825216,0,2204,11.02,11.033095598220823,1,0.0248843524605035,0.9751156568527222,False
2207,11.035,-0.03319845,-0.043361638,-0.027921697,-0.099378996,0,2204,11.02,11.033095598220823,1,0.0248843524605035,0.9751156568527222,False
2208,11.04,-0.092751905,-0.09435484,-0.08492646,-0.14498846,0,2208,11.04,11.04373550415039,1,0.0848408043384552,0.9151591658592224,False
2209,11.045,-0.20340885,-0.19121203,-0.1813388,-0.22566275,0,2208,11.04,11.04373550415039,1,0.0848408043384552,0.9151591658592224,False
2210,11.05,-0.32910132,-0.30104843,-0.28824988,-0.30888492,0,2208,11.04,11.04373550415039,1,0.0848408043384552,0.9151591658592224,False
2211,11.055,-0.40435237,-0.364091,-0.3525862,-0.33684918,0,2208,11.04,11.04373550415039,1,0.0848408043384552,0.9151591658592224,False
2212,11.06,-0.37313038,-0.33042789,-0.3286448,-0.26463535,0,2212,11.06,11.065333604812622,1,0.0962759554386138,0.9037240743637084,False
2213,11.065,-0.22553156,-0.19319198,-0.20797494,-0.09544511,0,2212,11.06,11.065333604812622,1,0.0962759554386138,0.9037240743637084,False
2214,11.07,-0.0057339505,0.006074464,-0.025691902,0.11587901,0,2212,11.06,11.065333604812622,1,0.0962759554386138,0.9037240743637084,False
2215,11.075,0.21299036,0.20173183,0.15955514,0.29444456,0,2212,11.06,11.065333604812622,1,0.0962759554386138,0.9037240743637084,False
2216,11.08,0.36688274,0.33851874,0.2956938,0.38766858,0,2216,11.08,11.100854873657228,1,0.0356840156018734,0.9643160104751588,False
2217,11.085,0.42822823,0.3930786,0.35735786,0.3879205,0,2216,11.08,11.100854873657228,1,0.0356840156018734,0.9643160104751588,False
2218,11.09,0.4067099,0.37310195,0.34734076,0.3235832,0,2216,11.08,11.100854873657228,1,0.0356840156018734,0.9643160104751588,False
2219,11.095,0.3314113,0.3017869,0.2851152,0.23177369,0,2216,11.08,11.100854873657228,1,0.0356840156018734,0.9643160104751588,False
2220,11.1,0.23010725,0.20252122,0.19413646,0.13631435,0,2220,11.1,11.107383489608765,1,0.0331373512744903,0.966862678527832,False
2221,11.105,0.11949682,0.093056254,0.095195465,0.04444326,0,2220,11.1,11.107383489608765,1,0.0331373512744903,0.966862678527832,False
2222,11.11,0.008284869,-0.012466944,0.0049487767,-0.042610064,0,2220,11.1,11.107383489608765,1,0.0331373512744903,0.966862678527832,False
2223,11.115,-0.09512362,-0.10131944,-0.06513808,-0.11985297,0,2220,11.1,11.107383489608765,1,0.0331373512744903,0.966862678527832,False
2224,11.12,-0.17967273,-0.1645679,-0.11156224,-0.17901057,0,2224,11.12,11.134167909622192,1,0.0235035642981529,0.976496398448944,False
2225,11.125,-0.23579396,-0.20149167,-0.14046387,-0.21608824,0,2224,11.12,11.134167909622192,1,0.0235035642981529,0.976496398448944,False
2226,11.13,-0.26132032,-0.21986078,-0.16404799,-0.23562859,0,2224,11.12,11.134167909622192,1,0.0235035642981529,0.976496398448944,False
2227,11.135,-0.26241118,-0.22948994,-0.19161636,-0.24548796,0,2224,11.12,11.134167909622192,1,0.0235035642981529,0.976496398448944,False
2228,11.14,-0.24784523,-0.23332614,-0.22075036,-0.24640363,0,2228,11.14,11.152580738067629,1,0.0637680664658546,0.9362319111824036,False
2229,11.145,-0.22134863,-0.22348854,-0.23581971,-0.22680192,0,2228,11.14,11.152580738067629,1,0.0637680664658546,0.9362319111824036,False
2230,11.15,-0.1785279,-0.1861269,-0.21637419,-0.16939618,0,2228,11.14,11.152580738067629,1,0.0637680664658546,0.9362319111824036,False
2231,11.155,-0.111301064,-0.112015225,-0.15054739,-0.0658955,0,2228,11.14,11.152580738067629,1,0.0637680664658546,0.9362319111824036,False
2232,11.16,-0.016841399,-0.0054517495,-0.044491705,0.07125302,0,2232,11.16,11.175822019577026,1,0.03664356097579,0.9633564352989196,False
2233,11.165,0.09547346,0.11454667,0.07853148,0.20964006,0,2232,11.16,11.175822019577026,1,0.03664356097579,0.9633564352989196,False
2234,11.17,0.20446685,0.22136936,0.18862806,0.31090605,0,2232,11.16,11.175822019577026,1,0.03664356097579,0.9633564352989196,False
2235,11.175,0.2854223,0.29174513,0.26235762,0.34943244,0,2232,11.16,11.175822019577026,1,0.03664356097579,0.9633564352989196,False
2236,11.18,0.32126775,0.31420478,0.29050663,0.32382947,0,2236,11.18,11.18788480758667,1,0.0431954264640808,0.9568045735359192,False
2237,11.185,0.30937567,0.29082724,0.27696693,0.25399786,0,2236,11.18,11.18788480758667,1,0.0431954264640808,0.9568045735359192,False
2238,11.19,0.25948104,0.232365,0.23139027,0.16623889,0,2236,11.18,11.18788480758667,1,0.0431954264640808,0.9568045735359192,False
2239,11.195,0.1848548,0.15095994,0.162126,0.07724888,0,2236,11.18,11.18788480758667,1,0.0431954264640808,0.9568045735359192,False
2240,11.2,0.09427786,0.055817816,0.074739136,-0.011441176,0,2240,11.2,11.21256709098816,1,0.024945231154561,0.9750548005104064,False
2241,11.205,-0.008510395,-0.045723688,-0.023928605,-0.10526573,0,2240,11.2,11.21256709098816,1,0.024945231154561,0.9750548005104064,False
2242,11.21,-0.11819998,-0.14415982,-0.121327475,-0.20249888,0,2240,11.2,11.21256709098816,1,0.024945231154561,0.9750548005104064,False
2243,11.215,-0.22137421,-0.2258516,-0.19998723,-0.2867881,0,2240,11.2,11.21256709098816,1,0.024945231154561,0.9750548005104064,False
2244,11.22,-0.29754385,-0.27614254,-0.2443047,-0.3331103,0,2244,11.22,11.223120212554932,1,0.0245484579354524,0.9754515290260316,False
2245,11.225,-0.32834473,-0.28578103,-0.24840589,-0.32265368,0,2244,11.22,11.223120212554932,1,0.0245484579354524,0.9754515290260316,False
2246,11.23,-0.30779728,-0.2556554,-0.21877731,-0.25514463,0,2244,11.22,11.223120212554932,1,0.0245484579354524,0.9754515290260316,False
2247,11.235,-0.24521966,-0.196022,-0.16949612,-0.14978482,0,2244,11.22,11.223120212554932,1,0.0245484579354524,0.9754515290260316,False
2248,11.24,-0.15862371,-0.12079697,-0.11370574,-0.035016827,0,2248,11.24,11.244152069091797,1,0.040055826306343,0.9599441289901732,False
2249,11.245,-0.06430438,-0.04119163,-0.057458676,0.06512591,0,2248,11.24,11.244152069091797,1,0.040055826306343,0.9599441289901732,False
2250,11.25,0.029247535,0.037028998,0.00038197706,0.13954738,0,2248,11.24,11.244152069091797,1,0.040055826306343,0.9599441289901732,False
2251,11.255,0.11951866,0.11159244,0.063060105,0.18983252,0,2248,11.24,11.244152069091797,1,0.040055826306343,0.9599441289901732,False
2252,11.26,0.20330669,0.17936909,0.12955995,0.22330831,0,2252,11.26,11.264084339141846,1,0.0382437109947204,0.9617563486099244,False
2253,11.265,0.27149522,0.23318385,0.19108082,0.24468726,0,2252,11.26,11.264084339141846,1,0.0382437109947204,0.9617563486099244,False
2254,11.27,0.3097994,0.26242673,0.23281117,0.2515301,0,2252,11.26,11.264084339141846,1,0.0382437109947204,0.9617563486099244,False
2255,11.275,0.305442,0.25770724,0.24064034,0.23609485,0,2252,11.26,11.264084339141846,1,0.0382437109947204,0.9617563486099244,False
2256,11.28,0.25527626,0.2166871,0.209078,0.1917802,0,2256,11.28,11.28388524055481,1,0.088669016957283,0.911331057548523,False
2257,11.285,0.16922216,0.14647539,0.14494383,0.118922636,0,2256,11.28,11.28388524055481,1,0.088669016957283,0.911331057548523,False
2258,11.29,0.065831386,0.060208917,0.06394834,0.025531575,0,2256,11.28,11.28388524055481,1,0.088669016957283,0.911331057548523,False
2259,11.295,-0.03695241,-0.029241864,-0.017057076,-0.076436825,0,2256,11.28,11.28388524055481,1,0.088669016957283,0.911331057548523,False
2260,11.3,-0.1284928,-0.11266788,-0.08611119,-0.17458217,0,2260,11.3,11.303961277008057,1,0.0239993780851364,0.9760006070137024,False
2261,11.305,-0.20467332,-0.1828099,-0.1371684,-0.2562469,0,2260,11.3,11.303961277008057,1,0.0239993780851364,0.9760006070137024,False
2262,11.31,-0.26190752,-0.23149055,-0.1682464,-0.30757955,0,2260,11.3,11.303961277008057,1,0.0239993780851364,0.9760006070137024,False
2263,11.315,-0.29295236,-0.25067863,-0.18036817,-0.31584942,0,2260,11.3,11.303961277008057,1,0.0239993780851364,0.9760006070137024,False
2264,11.32,-0.2889782,-0.23714578,-0.17746125,-0.2754206,0,2264,11.32,11.316612005233765,1,0.0621046610176563,0.9378952980041504,False
2265,11.325,-0.24567166,-0.19523281,-0.16439503,-0.19244407,0,2264,11.32,11.316612005233765,1,0.0621046610176563,0.9378952980041504,False
2266,11.33,-0.16753449,-0.133967,-0.14256911,-0.083364785,0,2264,11.32,11.316612005233765,1,0.0621046610176563,0.9378952980041504,False
2267,11.335,-0.06707513,-0.061347116,-0.10722341,0.03187944,0,2264,11.32,11.316612005233765,1,0.0621046610176563,0.9378952980041504,False
2268,11.34,0.039453913,0.01796458,-0.05115737,0.13617668,0,2268,11.34,11.352638959884644,1,0.0374376475811004,0.962562382221222,False
2269,11.345,0.13612585,0.09916542,0.026247201,0.21682411,0,2268,11.34,11.352638959884644,1,0.0374376475811004,0.962562382221222,False
2270,11.35,0.20957959,0.17238696,0.11219495,0.26400933,0,2268,11.34,11.352638959884644,1,0.0374376475811004,0.962562382221222,False
2271,11.355,0.2504714,0.2227469,0.18312512,0.27097958,0,2268,11.34,11.352638959884644,1,0.0374376475811004,0.962562382221222,False
2272,11.36,0.25538456,0.23708229,0.2166577,0.23755853,0,2272,11.36,11.36552882194519,1,0.0476458892226219,0.9523540735244752,False
2273,11.365,0.22842823,0.21238917,0.2045818,0.17324124,0,2272,11.36,11.36552882194519,1,0.0476458892226219,0.9523540735244752,False
2274,11.37,0.18027742,0.15879638,0.15730004,0.09503838,0,2272,11.36,11.36552882194519,1,0.0476458892226219,0.9523540735244752,False
2275,11.375,0.12361432,0.0941255,0.096700445,0.020067656,0,2272,11.36,11.36552882194519,1,0.0476458892226219,0.9523540735244752,False
2276,11.38,0.06711051,0.033877313,0.043070078,-0.041713238,0,2276,11.38,11.383017778396606,1,0.0270231030881404,0.9729769229888916,False
2277,11.385,0.012111219,-0.01608654,0.0051686415,-0.08924967,0,2276,11.38,11.383017778396606,1,0.0270231030881404,0.9729769229888916,False
2278,11.39,-0.045400474,-0.059536226,-0.021201318,-0.12645857,0,2276,11.38,11.383017778396606,1,0.0270231030881404,0.9729769229888916,False
2279,11.395,-0.109023996,-0.103723876,-0.047423065,-0.15699293,0,2276,11.38,11.383017778396606,1,0.0270231030881404,0.9729769229888916,False
2280,11.4,-0.17646165,-0.15190135,-0.083826534,-0.1813156,0,2280,11.4,11.398419857025146,1,0.0294601377099752,0.9705398678779602,False
2281,11.405,-0.23749967,-0.19862339,-0.1326424,-0.19581074,0,2280,11.4,11.398419857025146,1,0.0294601377099752,0.9705398678779602,False
2282,11.41,-0.2758914,-0.22953632,-0.18395449,-0.19235724,0,2280,11.4,11.398419857025146,1,0.0294601377099752,0.9705398678779602,False
2283,11.415,-0.2741624,-0.2260299,-0.21662243,-0.1595074,0,2280,11.4,11.398419857025146,1,0.0294601377099752,0.9705398678779602,False
2284,11.42,-0.22046873,-0.17415057,-0.20622371,-0.088224165,0,2284,11.42,11.424715280532835,1,0.0663570314645767,0.9336429238319396,False
2285,11.425,-0.116079316,-0.07460813,-0.13864909,0.018467862,0,2284,11.42,11.424715280532835,1,0.0663570314645767,0.9336429238319396,False
2286,11.43,0.01997979,0.05211473,-0.022356296,0.13880657,0,2284,11.42,11.424715280532835,1,0.0663570314645767,0.9336429238319396,False
2287,11.435,0.15368156,0.17072465,0.10983141,0.23672664,0,2284,11.42,11.424715280532835,1,0.0663570314645767,0.9336429238319396,False
2288,11.44,0.24788012,0.24555308,0.21332692,0.27825445,0,2288,11.44,11.448912382125854,1,0.037654485553503,0.962345540523529,False
2289,11.445,0.27872467,0.25699353,0.2531105,0.2503473,0,2288,11.44,11.448912382125854,1,0.037654485553503,0.962345540523529,False
2290,11.45,0.2469676,0.21016558,0.22131857,0.1687579,0,2288,11.44,11.448912382125854,1,0.037654485553503,0.962345540523529,False
2291,11.455,0.17603554,0.13047594,0.14007191,0.06842536,0,2288,11.44,11.448912382125854,1,0.037654485553503,0.962345540523529,False
2292,11.46,0.097241454,0.04890161,0.047646094,-0.017419362,0,2292,11.46,11.470384120941162,1,0.0513728372752666,0.948627233505249,False
2293,11.465,0.03200515,-0.013860397,-0.023183942,-0.074869476,0,2292,11.46,11.470384120941162,1,0.0513728372752666,0.948627233505249,False
2294,11.47,-0.016579447,-0.05483476,-0.060836136,-0.11170895,0,2292,11.46,11.470384120941162,1,0.0513728372752666,0.948627233505249,False
2295,11.475,-0.057778552,-0.08402286,-0.07532296,-0.14411604,0,2292,11.46,11.470384120941162,1,0.0513728372752666,0.948627233505249,False
2296,11.48,-0.09920121,-0.111937,-0.08490351,-0.1789041,0,2296,11.48,11.486038446426392,1,0.0281248725950717,0.9718751311302184,False
2297,11.485,-0.13700646,-0.13899475,-0.09986715,-0.20529175,0,2296,11.48,11.486038446426392,1,0.0281248725950717,0.9718751311302184,False
2298,11.49,-0.1580338,-0.15446073,-0.115244985,-0.20218754,0,2296,11.48,11.486038446426392,1,0.0281248725950717,0.9718751311302184,False
2299,11.495,-0.15073791,-0.1449369,-0.11645231,-0.1546621,0,2296,11.48,11.486038446426392,1,0.0281248725950717,0.9718751311302184,False
2300,11.5,-0.11462229,-0.10504181,-0.09190746,-0.066512205,0,2300,11.5,11.505152940750122,1,0.093776449561119,0.9062235951423644,False
2301,11.505,-0.06055054,-0.041986387,-0.042370684,0.040259212,0,2300,11.5,11.505152940750122,1,0.093776449561119,0.9062235951423644,False
2302,11.51,-0.0034014748,0.028423896,0.019279743,0.13749504,0,2300,11.5,11.505152940750122,1,0.093776449561119,0.9062235951423644,False
2303,11.515,0.045451947,0.0900472,0.076115996,0.20471436,0,2300,11.5,11.505152940750122,1,0.093776449561119,0.9062235951423644,False
2304,11.52,0.08064525,0.13272044,0.11607838,0.23550047,0,2304,11.52,11.516442775726318,1,0.0437414981424808,0.9562585353851318,False
2305,11.525,0.10130834,0.15357956,0.13554119,0.23435123,0,2304,11.52,11.516442775726318,1,0.0437414981424808,0.9562585353851318,False
2306,11.53,0.108915195,0.15423201,0.13629337,0.20854607,0,2304,11.52,11.516442775726318,1,0.0437414981424808,0.9562585353851318,False
2307,11.535,0.10537846,0.13643263,0.119673386,0.1613842,0,2304,11.52,11.516442775726318,1,0.0437414981424808,0.9562585353851318,False
2308,11.54,0.090722926,0.099369355,0.08355106,0.09113238,0,2308,11.54,11.543906927108765,1,0.1249319240450859,0.8750680685043335,False
2309,11.545,0.062095877,0.0413907,0.02568344,-0.0033764455,0,2308,11.54,11.543906927108765,1,0.1249319240450859,0.8750680685043335,False
2310,11.55,0.01737803,-0.03369755,-0.04854204,-0.1137915,0,2308,11.54,11.543906927108765,1,0.1249319240450859,0.8750680685043335,False
2311,11.555,-0.037809156,-0.11080668,-0.12127199,-0.2172682,0,2308,11.54,11.543906927108765,1,0.1249319240450859,0.8750680685043335,False
2312,11.56,-0.08722381,-0.16578068,-0.1672775,-0.28248194,0,2312,11.56,11.56994342803955,1,0.0327104404568672,0.9672895669937134,False
2313,11.565,-0.1115901,-0.17787434,-0.16820958,-0.28599057,0,2312,11.56,11.56994342803955,1,0.0327104404568672,0.9672895669937134,False
2314,11.57,-0.10279792,-0.14445902,-0.12585616,-0.22804458,0,2312,11.56,11.56994342803955,1,0.0327104404568672,0.9672895669937134,False
2315,11.575,-0.07208763,-0.0851748,-0.06278576,-0.13446072,0,2312,11.56,11.56994342803955,1,0.0327104404568672,0.9672895669937134,False
2316,11.58,-0.042962715,-0.030053308,-0.008267049,-0.04119176,0,2316,11.58,11.58479070663452,1,0.0564816668629646,0.9435182809829712,False
2317,11.585,-0.033068772,0.00032244457,0.020317871,0.02733734,0,2316,11.58,11.58479070663452,1,0.0564816668629646,0.9435182809829712,False
2318,11.59,-0.03980946,0.0075084055,0.026691355,0.06981876,0,2316,11.58,11.58479070663452,1,0.0564816668629646,0.9435182809829712,False
2319,11.595,-0.041948255,0.0113992365,0.029619478,0.10203008,0,2316,11.58,11.58479070663452,1,0.0564816668629646,0.9435182809829712,False
2320,11.6,-0.016536538,0.03339253,0.047318384,0.1397,0,2320,11.6,11.594091653823853,1,0.0620029903948307,0.937997043132782,False
2321,11.605,0.041560274,0.07906806,0.08374391,0.18389685,0,2320,11.6,11.594091653823853,1,0.0620029903948307,0.937997043132782,False
2322,11.61,0.11251368,0.13258913,0.12536523,0.21880154,0,2320,11.6,11.594091653823853,1,0.0620029903948307,0.937997043132782,False
2323,11.615,0.16307543,0.1667692,0.14975247,0.22234558,0,2320,11.6,11.594091653823853,1,0.0620029903948307,0.937997043132782,False
2324,11.62,0.16927074,0.1618734,0.14022468,0.1820253,0,2324,11.62,11.617141485214232,1,0.1456945240497589,0.8543054461479187,False
2325,11.625,0.13308343,0.11932612,0.096866705,0.10497127,0,2324,11.62,11.617141485214232,1,0.1456945240497589,0.8543054461479187,False
2326,11.63,0.079152115,0.059393678,0.035968613,0.014658429,0,2324,11.62,11.617141485214232,1,0.1456945240497589,0.8543054461479187,False
2327,11.635,0.033477664,0.004503726,-0.021987563,-0.06411292,0,2324,11.62,11.617141485214232,1,0.1456945240497589,0.8543054461479187,False
2328,11.64,0.0024119262,-0.03744516,-0.0662533,-0.12067694,0,2328,11.64,11.6416494846344,1,0.0294630248099565,0.9705369472503662,False
2329,11.645,-0.029183375,-0.07503594,-0.10001479,-0.16171059,0,2328,11.64,11.6416494846344,1,0.0294630248099565,0.9705369472503662,False
2330,11.65,-0.079205304,-0.119494654,-0.13179883,-0.1994587,0,2328,11.64,11.6416494846344,1,0.0294630248099565,0.9705369472503662,False
2331,11.655,-0.14695309,-0.1689057,-0.16275965,-0.23549978,0,2328,11.64,11.6416494846344,1,0.0294630248099565,0.9705369472503662,False
2332,11.66,-0.20909627,-0.20555876,-0.18191919,-0.25461936,0,2332,11.66,11.670324802398682,1,0.1061664596199989,0.8938335180282593,False
2333,11.665,-0.23591544,-0.20831683,-0.17338704,-0.23429058,0,2332,11.66,11.670324802398682,1,0.1061664596199989,0.8938335180282593,False
2334,11.67,-0.21230505,-0.1681748,-0.12866974,-0.16189417,0,2332,11.66,11.670324802398682,1,0.1061664596199989,0.8938335180282593,False
2335,11.675,-0.14576863,-0.09396437,-0.053778335,-0.046144627,0,2332,11.66,11.670324802398682,1,0.1061664596199989,0.8938335180282593,False
2336,11.68,-0.05751295,-0.0055058715,0.03349922,0.08522829,0,2336,11.68,11.683719635009766,1,0.0418502390384674,0.958149790763855,False
2337,11.685,0.032584563,0.07815679,0.112884544,0.1989954,0,2336,11.68,11.683719635009766,1,0.0418502390384674,0.958149790763855,False
2338,11.69,0.11407906,0.14616497,0.17053223,0.2715981,0,2336,11.68,11.683719635009766,1,0.0418502390384674,0.958149790763855,False
2339,11.695,0.1832544,0.19535735,0.20227762,0.2966631,0,2336,11.68,11.683719635009766,1,0.0418502390384674,0.958149790763855,False
2340,11.7,0.23568447,0.22481988,0.21030642,0.2816165,0,2340,11.7,11.698962211608888,1,0.0566895939409732,0.9433104395866394,False
2341,11.705,0.2625082,0.23116352,0.19690768,0.23785754,0,2340,11.7,11.698962211608888,1,0.0566895939409732,0.9433104395866394,False
2342,11.71,0.2538482,0.20873664,0.16107532,0.17307502,0,2340,11.7,11.698962211608888,1,0.0566895939409732,0.9433104395866394,False
2343,11.715,0.20610702,0.15474334,0.10125113,0.091375284,0,2340,11.7,11.698962211608888,1,0.0566895939409732,0.9433104395866394,False
2344,11.72,0.12681301,0.074907355,0.021639887,-0.0009677326,0,2344,11.72,11.725380182266235,1,0.0298389215022325,0.9701610207557678,False
2345,11.725,0.03280388,-0.01576043,-0.06452367,-0.091866195,0,2344,11.72,11.725380182266235,1,0.0298389215022325,0.9701610207557678,False
2346,11.73,-0.05733572,-0.0988611,-0.13911283,-0.16711336,0,2344,11.72,11.725380182266235,1,0.0298389215022325,0.9701610207557678,False
2347,11.735,-0.1314045,-0.16122253,-0.18805261,-0.21844397,0,2344,11.72,11.725380182266235,1,0.0298389215022325,0.9701610207557678,False
2348,11.74,-0.18669285,-0.19963457,-0.20763627,-0.24756023,0,2348,11.74,11.750150442123411,1,0.0288036819547414,0.9711962938308716,False
2349,11.745,-0.22614844,-0.21816541,-0.20303874,-0.2610376,0,2348,11.74,11.750150442123411,1,0.0288036819547414,0.9711962938308716,False
2350,11.75,-0.25085694,-0.22070913,-0.18103899,-0.26015893,0,2348,11.74,11.750150442123411,1,0.0288036819547414,0.9711962938308716,False
2351,11.755,-0.25509706,-0.20540059,-0.14407335,-0.23568828,0,2348,11.74,11.750150442123411,1,0.0288036819547414,0.9711962938308716,False
2352,11.76,-0.22859553,-0.1659349,-0.09096907,-0.17408305,0,2352,11.76,11.766033411026,1,0.0452536679804325,0.9547463059425354,False
2353,11.765,-0.16499285,-0.098886855,-0.022953978,-0.07127101,0,2352,11.76,11.766033411026,1,0.0452536679804325,0.9547463059425354,False
2354,11.77,-0.06999907,-0.010723153,0.051617924,0.057654213,0,2352,11.76,11.766033411026,1,0.0452536679804325,0.9547463059425354,False
2355,11.775,0.037790753,0.081894286,0.118985325,0.18197852,0,2352,11.76,11.766033411026,1,0.0452536679804325,0.9547463059425354,False
2356,11.78,0.13472104,0.15927483,0.16682896,0.27031866,0,2356,11.78,11.79188108444214,1,0.0383209064602851,0.9616791605949402,False
2357,11.785,0.20270926,0.20774509,0.1900203,0.30572763,0,2356,11.78,11.79188108444214,1,0.0383209064602851,0.9616791605949402,False
2358,11.79,0.2351491,0.2239917,0.19068795,0.29057536,0,2356,11.78,11.79188108444214,1,0.0383209064602851,0.9616791605949402,False
2359,11.795,0.23564748,0.2130803,0.1740721,0.2403806,0,2356,11.78,11.79188108444214,1,0.0383209064602851,0.9616791605949402,False
2360,11.8,0.21308377,0.1836429,0.14503622,0.1738826,0,2360,11.8,11.807430505752563,1,0.0531500987708568,0.9468498826026917,False
2361,11.805,0.17704257,0.14377993,0.10734067,0.106001616,0,2360,11.8,11.807430505752563,1,0.0531500987708568,0.9468498826026917,False
2362,11.81,0.13424952,0.09808896,0.06334926,0.044384886,0,2360,11.8,11.807430505752563,1,0.0531500987708568,0.9468498826026917,False
2363,11.815,0.085599735,0.04563039,0.012305948,-0.01224508,0,2360,11.8,11.807430505752563,1,0.0531500987708568,0.9468498826026917,False
2364,11.82,0.026216032,-0.018790761,-0.049965613,-0.07257903,0,2364,11.82,11.8369243144989,1,0.0241822954267263,0.9758176803588868,False
2365,11.825,-0.048412915,-0.0977645,-0.12578118,-0.14501314,0,2364,11.82,11.8369243144989,1,0.0241822954267263,0.9758176803588868,False
2366,11.83,-0.13300586,-0.18246682,-0.20673743,-0.22613469,0,2364,11.82,11.8369243144989,1,0.0241822954267263,0.9758176803588868,False
2367,11.835,-0.20885843,-0.25082502,-0.27033326,-0.2950074,0,2364,11.82,11.8369243144989,1,0.0241822954267263,0.9758176803588868,False
2368,11.84,-0.2521341,-0.27762255,-0.28902587,-0.32134685,0,2368,11.84,11.852041721343994,1,0.0375391580164432,0.96246075630188,False
2369,11.845,-0.24863525,-0.2500728,-0.24721296,-0.28398532,0,2368,11.84,11.852041721343994,1,0.0375391580164432,0.96246075630188,False
2370,11.85,-0.20210315,-0.17583312,-0.15254997,-0.1856098,0,2368,11.84,11.852041721343994,1,0.0375391580164432,0.96246075630188,False
2371,11.855,-0.12916882,-0.07702777,-0.031922568,-0.052170265,0,2368,11.84,11.852041721343994,1,0.0375391580164432,0.96246075630188,False
2372,11.86,-0.047357157,0.023151256,0.08404492,0.081494085,0,2372,11.86,11.87017011642456,1,0.0359585843980312,0.9640413522720336,False
2373,11.865,0.03200141,0.10939894,0.17478815,0.1877038,0,2372,11.86,11.87017011642456,1,0.0359585843980312,0.9640413522720336,False
2374,11.87,0.10178905,0.17396471,0.23258966,0.25303036,0,2372,11.86,11.87017011642456,1,0.0359585843980312,0.9640413522720336,False
2375,11.875,0.15446188,0.21213454,0.25656107,0.275604,0,2372,11.86,11.87017011642456,1,0.0359585843980312,0.9640413522720336,False
2376,11.88,0.18235457,0.22061029,0.24691412,0.2592912,0,2376,11.88,11.884137868881226,1,0.044875118881464,0.9551249146461488,False
2377,11.885,0.18267441,0.19994684,0.20533356,0.21084055,0,2376,11.88,11.884137868881226,1,0.044875118881464,0.9551249146461488,False
2378,11.89,0.16066946,0.15683535,0.13918188,0.1405586,0,2376,11.88,11.884137868881226,1,0.044875118881464,0.9551249146461488,False
2379,11.895,0.12662604,0.10255234,0.06298125,0.06276694,0,2376,11.88,11.884137868881226,1,0.044875118881464,0.9551249146461488,False
2380,11.9,0.08906313,0.04793745,-0.0066126236,-0.0074963793,0,2380,11.9,11.904009819030762,1,0.0278179887682199,0.972182035446167,False
2381,11.905,0.049954552,-0.001809534,-0.059617307,-0.061085846,0,2380,11.9,11.904009819030762,1,0.0278179887682199,0.972182035446167,False
2382,11.91,0.0055548446,-0.048893373,-0.098148234,-0.09979783,0,2380,11.9,11.904009819030762,1,0.0278179887682199,0.972182035446167,False
2383,11.915,-0.04813688,-0.09931482,-0.13294747,-0.13429359,0,2380,11.9,11.904009819030762,1,0.0278179887682199,0.972182035446167,False
2384,11.92,-0.10922598,-0.15531145,-0.17252968,-0.17427537,0,2384,11.92,11.921622037887571,1,0.0300426594913005,0.9699572920799256,False
2385,11.925,-0.1673573,-0.20901479,-0.21323836,-0.21752506,0,2384,11.92,11.921622037887571,1,0.0300426594913005,0.9699572920799256,False
2386,11.93,-0.20709991,-0.24325733,-0.23875459,-0.24712884,0,2384,11.92,11.921622037887571,1,0.0300426594913005,0.9699572920799256,False
2387,11.935,-0.21600252,-0.24083893,-0.23033626,-0.24073155,0,2384,11.92,11.921622037887571,1,0.0300426594913005,0.9699572920799256,False
2388,11.94,-0.19204667,-0.19612652,-0.18012576,-0.18583582,0,2388,11.94,11.948742151260376,1,0.0757913142442703,0.9242087006568908,False
2389,11.945,-0.14414534,-0.11938687,-0.09699483,-0.08946638,0,2388,11.94,11.948742151260376,1,0.0757913142442703,0.9242087006568908,False
2390,11.95,-0.08407701,-0.02948654,-0.00046972444,0.025439113,0,2388,11.94,11.948742151260376,1,0.0757913142442703,0.9242087006568908,False
2391,11.955,-0.016607048,0.058769204,0.09152276,0.133516,0,2388,11.94,11.948742151260376,1,0.0757913142442703,0.9242087006568908,False
2392,11.96,0.061714895,0.14058225,0.17012158,0.21861507,0,2392,11.96,11.964241027832031,1,0.0378811210393905,0.962118923664093,False
2393,11.965,0.15192571,0.21473834,0.23245282,0.274611,0,2392,11.96,11.964241027832031,1,0.0378811210393905,0.962118923664093,False
2394,11.97,0.2402356,0.27263078,0.27335623,0.29803523,0,2392,11.96,11.964241027832031,1,0.0378811210393905,0.962118923664093,False
2395,11.975,0.29850453,0.29651207,0.28272218,0.28356358,0,2392,11.96,11.964241027832031,1,0.0378811210393905,0.962118923664093,False
2396,11.98,0.3009162,0.27141297,0.25268018,0.22896893,0,2396,11.98,11.981642246246338,1,0.1170510649681091,0.8829489350318909,False
2397,11.985,0.24339293,0.19995439,0.18728848,0.14379238,0,2396,11.98,11.981642246246338,1,0.1170510649681091,0.8829489350318909,False
2398,11.99,0.14817265,0.1049158,0.10376027,0.05005068,0,2396,11.98,11.981642246246338,1,0.1170510649681091,0.8829489350318909,False
2399,11.995,0.049248103,0.01574896,0.02262194,-0.029104084,0,2396,11.98,11.981642246246338,1,0.1170510649681091,0.8829489350318909,False
2400,12.0,-0.028776329,-0.049831282,-0.04478366,-0.0840326,0,2400,12.0,12.002079486846924,1,0.0245803333818912,0.9754196405410768,False
2401,12.005,-0.08183291,-0.09423025,-0.100771114,-0.123508014,0,2400,12.0,12.002079486846924,1,0.0245803333818912,0.9754196405410768,False
2402,12.01,-0.121586874,-0.13289267,-0.15479504,-0.1650788,0,2400,12.0,12.002079486846924,1,0.0245803333818912,0.9754196405410768,False
2403,12.015,-0.16188836,-0.17894171,-0.21216296,-0.21846488,0,2400,12.0,12.002079486846924,1,0.0245803333818912,0.9754196405410768,False
2404,12.02,-0.20779315,-0.23164976,-0.26682574,-0.27492636,0,2404,12.02,12.02947998046875,1,0.0561079420149326,0.9438920021057128,False
2405,12.025,-0.2528879,-0.27593935,-0.3026344,-0.31035936,0,2404,12.02,12.02947998046875,1,0.0561079420149326,0.9438920021057128,False
2406,12.03,-0.28318086,-0.29128736,-0.30115828,-0.29943022,0,2404,12.02,12.02947998046875,1,0.0561079420149326,0.9438920021057128,False
2407,12.035,-0.28309473,-0.26291126,-0.25095597,-0.2307485,0,2404,12.02,12.02947998046875,1,0.0561079420149326,0.9438920021057128,False
2408,12.04,-0.24100158,-0.1887176,-0.15388697,-0.113665074,0,2408,12.04,12.047263860702516,1,0.0402825027704238,0.9597174525260924,False
2409,12.045,-0.15385447,-0.07972154,-0.026252702,0.026031671,0,2408,12.04,12.047263860702516,1,0.0402825027704238,0.9597174525260924,False
2410,12.05,-0.0301612,0.044571135,0.10573636,0.15737043,0,2408,12.04,12.047263860702516,1,0.0402825027704238,0.9597174525260924,False
2411,12.055,0.11050129,0.1628209,0.21502666,0.2556929,0,2408,12.04,12.047263860702516,1,0.0402825027704238,0.9597174525260924,False
2412,12.06,0.24221037,0.25756538,0.2836412,0.30935505,0,2412,12.06,12.065163850784302,1,0.0380511321127414,0.9619488716125488,False
2413,12.065,0.3397388,0.3177652,0.30792242,0.31977615,0,2412,12.06,12.065163850784302,1,0.0380511321127414,0.9619488716125488,False
2414,12.07,0.38477835,0.3379123,0.2956486,0.29600433,0,2412,12.06,12.065163850784302,1,0.0380511321127414,0.9619488716125488,False
2415,12.075,0.36980307,0.3160998,0.2575812,0.247558,0,2412,12.06,12.065163850784302,1,0.0380511321127414,0.9619488716125488,False
2416,12.08,0.2997834,0.25416413,0.2005948,0.18026318,0,2416,12.08,12.080182552337646,1,0.0347557626664638,0.9652442932128906,False
2417,12.085,0.19127095,0.15995085,0.1274032,0.097321376,0,2416,12.08,12.080182552337646,1,0.0347557626664638,0.9652442932128906,False
2418,12.09,0.06719911,0.04790781,0.040896297,0.003097163,0,2416,12.08,12.080182552337646,1,0.0347557626664638,0.9652442932128906,False
2419,12.095,-0.05189135,-0.065050974,-0.052871153,-0.09504215,0,2416,12.08,12.080182552337646,1,0.0347557626664638,0.9652442932128906,False
2420,12.1,-0.15457843,-0.16575348,-0.14554855,-0.18813087,0,2420,12.1,12.110475063323976,1,0.0235095638781785,0.9764904975891112,False
2421,12.105,-0.23695053,-0.24654567,-0.22785664,-0.26667508,0,2420,12.1,12.110475063323976,1,0.0235095638781785,0.9764904975891112,False
2422,12.11,-0.293766,-0.3003175,-0.28803694,-0.3184426,0,2420,12.1,12.110475063323976,1,0.0235095638781785,0.9764904975891112,False
2423,12.115,-0.31241503,-0.31524676,-0.31021053,-0.32654226,0,2420,12.1,12.110475063323976,1,0.0235095638781785,0.9764904975891112,False
2424,12.12,-0.27904716,-0.27841496,-0.2792334,-0.2750845,0,2424,12.12,12.132391929626465,1,0.0510625354945659,0.9489374756813048,False
2425,12.125,-0.1938844,-0.18864775,-0.19278699,-0.16313533,0,2424,12.12,12.132391929626465,1,0.0510625354945659,0.9489374756813048,False
2426,12.13,-0.08064188,-0.06671782,-0.070870504,-0.015787264,0,2424,12.12,12.132391929626465,1,0.0510625354945659,0.9489374756813048,False
2427,12.135,0.022682574,0.050329745,0.04943376,0.12171747,0,2424,12.12,12.132391929626465,1,0.0510625354945659,0.9489374756813048,False
2428,12.14,0.08746646,0.13025226,0.13423297,0.20775683,0,2428,12.14,12.14998698234558,1,0.0348424725234508,0.9651575684547424,False
2429,12.145,0.11300243,0.16542186,0.17291728,0.22897054,0,2428,12.14,12.14998698234558,1,0.0348424725234508,0.9651575684547424,False
2430,12.15,0.12297646,0.17357063,0.1806229,0.20516251,0,2428,12.14,12.14998698234558,1,0.0348424725234508,0.9651575684547424,False
2431,12.155,0.14244047,0.17852744,0.18095201,0.17032753,0,2428,12.14,12.14998698234558,1,0.0348424725234508,0.9651575684547424,False
2432,12.16,0.17546836,0.18849061,0.18484831,0.1464838,0,2432,12.16,12.16420841217041,1,0.0709919705986976,0.9290080070495604,False
2433,12.165,0.2022142,0.19072345,0.18379359,0.1315685,0,2432,12.16,12.16420841217041,1,0.0709919705986976,0.9290080070495604,False
2434,12.17,0.19576496,0.16504869,0.16051798,0.10782922,0,2432,12.16,12.16420841217041,1,0.0709919705986976,0.9290080070495604,False
2435,12.175,0.14266974,0.10180903,0.10472646,0.059378125,0,2432,12.16,12.16420841217041,1,0.0709919705986976,0.9290080070495604,False
2436,12.18,0.051143516,0.009082213,0.020257654,-0.016341401,0,2436,12.18,12.184040546417236,1,0.0293901804834604,0.9706098437309264,False
2437,12.185,-0.05566954,-0.09327573,-0.07847422,-0.10846846,0,2436,12.18,12.184040546417236,1,0.0293901804834604,0.9706098437309264,False
2438,12.19,-0.15234224,-0.18398046,-0.17338301,-0.19873004,0,2436,12.18,12.184040546417236,1,0.0293901804834604,0.9706098437309264,False
2439,12.195,-0.22020383,-0.24666153,-0.2468548,-0.26697108,0,2436,12.18,12.184040546417236,1,0.0293901804834604,0.9706098437309264,False
2440,12.2,-0.25013587,-0.27138078,-0.28389907,-0.29506093,0,2440,12.2,12.202474117279053,1,0.0278257261961698,0.9721742868423462,False
2441,12.205,-0.24157825,-0.2549072,-0.27545413,-0.2713659,0,2440,12.2,12.202474117279053,1,0.0278257261961698,0.9721742868423462,False
2442,12.21,-0.20004041,-0.20112039,-0.22201997,-0.19570047,0,2440,12.2,12.202474117279053,1,0.0278257261961698,0.9721742868423462,False
2443,12.215,-0.13371539,-0.11969166,-0.1336312,-0.08128535,0,2440,12.2,12.202474117279053,1,0.0278257261961698,0.9721742868423462,False
2444,12.22,-0.050314236,-0.022423308,-0.025223471,0.048867382,0,2444,12.22,12.21740174293518,1,0.0407567135989666,0.9592432379722596,False
2445,12.225,0.043399703,0.07967229,0.08814515,0.16928495,0,2444,12.22,12.21740174293518,1,0.0407567135989666,0.9592432379722596,False
2446,12.23,0.13841212,0.1754203,0.19167715,0.25860786,0,2444,12.22,12.21740174293518,1,0.0407567135989666,0.9592432379722596,False
2447,12.235,0.2199287,0.2504927,0.2684884,0.30298874,0,2444,12.22,12.21740174293518,1,0.0407567135989666,0.9592432379722596,False
2448,12.24,0.26899007,0.2882022,0.30099645,0.29749075,0,2448,12.24,12.24399185180664,1,0.0455285049974918,0.9544715285301208,False
2449,12.245,0.27079043,0.27686068,0.27902752,0.24709803,0,2448,12.24,12.24399185180664,1,0.0455285049974918,0.9544715285301208,False
2450,12.25,0.2241716,0.21864569,0.20889679,0.16626734,0,2448,12.24,12.24399185180664,1,0.0455285049974918,0.9544715285301208,False
2451,12.255,0.14407998,0.13129874,0.1139152,0.07477709,0,2448,12.24,12.24399185180664,1,0.0455285049974918,0.9544715285301208,False
2452,12.26,0.05425965,0.03972283,0.023330817,-0.009329898,0,2452,12.26,12.264142751693726,1,0.0277069266885519,0.9722930192947388,False
2453,12.265,-0.02408954,-0.036059946,-0.042646676,-0.075198844,0,2452,12.26,12.264142751693726,1,0.0277069266885519,0.9722930192947388,False
2454,12.27,-0.07944456,-0.08751555,-0.08061704,-0.1195694,0,2452,12.26,12.264142751693726,1,0.0277069266885519,0.9722930192947388,False
2455,12.275,-0.11029082,-0.11635438,-0.100520045,-0.14405979,0,2452,12.26,12.264142751693726,1,0.0277069266885519,0.9722930192947388,False
2456,12.28,-0.12262674,-0.13041528,-0.11639653,-0.15401672,0,2456,12.28,12.28377890586853,1,0.0316441394388675,0.9683558344841005,False
2457,12.285,-0.12831739,-0.14110339,-0.13898923,-0.15945905,0,2456,12.28,12.28377890586853,1,0.0316441394388675,0.9683558344841005,False
2458,12.29,-0.14235188,-0.1605585,-0.17234549,-0.17278561,0,2456,12.28,12.28377890586853,1,0.0316441394388675,0.9683558344841005,False
2459,12.295,-0.17497216,-0.19463748,-0.2118656,-0.19947031,0,2456,12.28,12.28377890586853,1,0.0316441394388675,0.9683558344841005,False
2460,12.3,-0.22061075,-0.23394653,-0.24290696,-0.22743446,0,2460,12.3,12.3018901348114,1,0.0574401281774044,0.9425598978996276,False
2461,12.305,-0.25324792,-0.25204596,-0.24340196,-0.22727954,0,2460,12.3,12.3018901348114,1,0.0574401281774044,0.9425598978996276,False
2462,12.31,-0.2368888,-0.21758799,-0.19353165,-0.16911575,0,2460,12.3,12.3018901348114,1,0.0574401281774044,0.9425598978996276,False
2463,12.315,-0.1483515,-0.11548762,-0.08900565,-0.04623877,0,2460,12.3,12.3018901348114,1,0.0574401281774044,0.9425598978996276,False
2464,12.32,0.002869284,0.03794695,0.051402826,0.11338689,0,2464,12.32,12.333946466445925,1,0.0400307737290859,0.9599692821502686,False
2465,12.325,0.17386068,0.19899485,0.19155009,0.25930807,0,2464,12.32,12.333946466445925,1,0.0400307737290859,0.9599692821502686,False
2466,12.33,0.30957505,0.3187387,0.2948885,0.34694475,0,2464,12.32,12.333946466445925,1,0.0400307737290859,0.9599692821502686,False
2467,12.335,0.37197605,0.36828172,0.34162244,0.3611771,0,2464,12.32,12.333946466445925,1,0.0400307737290859,0.9599692821502686,False
2468,12.34,0.3568876,0.3495816,0.33451265,0.31844062,0,2468,12.34,12.34383487701416,1,0.0625867769122123,0.937413215637207,False
2469,12.345,0.2887671,0.28651926,0.29078513,0.24862063,0,2468,12.34,12.34383487701416,1,0.0625867769122123,0.937413215637207,False
2470,12.35,0.20072606,0.20595556,0.22802275,0.17340377,0,2468,12.34,12.34383487701416,1,0.0625867769122123,0.937413215637207,False
2471,12.355,0.11578822,0.123460576,0.15460698,0.09726167,0,2468,12.34,12.34383487701416,1,0.0625867769122123,0.937413215637207,False
2472,12.36,0.040003534,0.040800203,0.06923153,0.013518772,0,2472,12.36,12.36380648612976,1,0.0251380633562803,0.9748619198799132,False
2473,12.365,-0.033126306,-0.047936212,-0.033252124,-0.08414025,0,2472,12.36,12.36380648612976,1,0.0251380633562803,0.9748619198799132,False
2474,12.37,-0.1131672,-0.14769602,-0.15412287,-0.19406533,0,2472,12.36,12.36380648612976,1,0.0251380633562803,0.9748619198799132,False
2475,12.375,-0.20293757,-0.25438067,-0.2834853,-0.30393282,0,2472,12.36,12.36380648612976,1,0.0251380633562803,0.9748619198799132,False
2476,12.38,-0.29113582,-0.3492218,-0.39569345,-0.3900133,0,2476,12.38,12.38516640663147,1,0.0254498478025198,0.9745501279830932,False
2477,12.385,-0.351737,-0.40042204,-0.4527933,-0.42014045,0,2476,12.38,12.38516640663147,1,0.0254498478025198,0.9745501279830932,False
2478,12.39,-0.3545718,-0.37670848,-0.4202995,-0.365916,0,2476,12.38,12.38516640663147,1,0.0254498478025198,0.9745501279830932,False
2479,12.395,-0.28434044,-0.26859796,-0.29016277,-0.22285357,0,2476,12.38,12.38516640663147,1,0.0254498478025198,0.9745501279830932,False
2480,12.4,-0.15520585,-0.10218795,-0.094817184,-0.024443373,0,2480,12.4,12.400140047073364,1,0.0387987606227397,0.9612012505531312,False
2481,12.405,-0.0071606725,0.069172695,0.10288852,0.16637668,0,2480,12.4,12.400140047073364,1,0.0387987606227397,0.9612012505531312,False
2482,12.41,0.11628069,0.19373557,0.2421581,0.28904298,0,2480,12.4,12.400140047073364,1,0.0387987606227397,0.9612012505531312,False
2483,12.415,0.19271088,0.2504834,0.2976164,0.31949607,0,2480,12.4,12.400140047073364,1,0.0387987606227397,0.9612012505531312,False
2484,12.42,0.22826633,0.25591013,0.28860235,0.28013983,0,2484,12.42,12.433837175369264,1,0.0386645309627056,0.96133553981781,False
2485,12.425,0.24324146,0.24375984,0.25760752,0.21773788,0,2484,12.42,12.433837175369264,1,0.0386645309627056,0.96133553981781,False
2486,12.43,0.2500862,0.23537156,0.23566616,0.1678104,0,2484,12.42,12.433837175369264,1,0.0386645309627056,0.96133553981781,False
2487,12.435,0.24294947,0.22477348,0.22181249,0.13393329,0,2484,12.42,12.433837175369264,1,0.0386645309627056,0.96133553981781,False
2488,12.44,0.20576696,0.18851714,0.19038887,0.09541058,0,2488,12.44,12.450448036193848,1,0.0276581160724163,0.9723418354988098,False
2489,12.445,0.12956995,0.1094076,0.11693021,0.032312185,0,2488,12.44,12.450448036193848,1,0.0276581160724163,0.9723418354988098,False
2490,12.45,0.023686431,-0.006223003,0.00044250817,-0.055041593,0,2488,12.44,12.450448036193848,1,0.0276581160724163,0.9723418354988098,False
2491,12.455,-0.08732263,-0.13021225,-0.13389362,-0.14631136,0,2488,12.44,12.450448036193848,1,0.0276581160724163,0.9723418354988098,False
2492,12.46,-0.1770142,-0.22935742,-0.25006092,-0.21657474,0,2492,12.46,12.461135625839232,1,0.0236890874803066,0.9763109087944032,False
2493,12.465,-0.22966401,-0.28255746,-0.31996366,-0.25108254,0,2492,12.46,12.461135625839232,1,0.0236890874803066,0.9763109087944032,False
2494,12.47,-0.24346851,-0.28603956,-0.3320408,-0.247709,0,2492,12.46,12.461135625839232,1,0.0236890874803066,0.9763109087944032,False
2495,12.475,-0.22450598,-0.24654467,-0.28801444,-0.20928153,0,2492,12.46,12.461135625839232,1,0.0236890874803066,0.9763109087944032,False
2496,12.48,-0.17915486,-0.1726519,-0.19653134,-0.13750611,0,2496,12.48,12.49194049835205,1,0.0513118021190166,0.9486881494522096,False
2497,12.485,-0.112424254,-0.07358815,-0.07205004,-0.036555983,0,2496,12.48,12.49194049835205,1,0.0513118021190166,0.9486881494522096,False
2498,12.49,-0.032208145,0.035451934,0.062051248,0.0780662,0,2496,12.48,12.49194049835205,1,0.0513118021190166,0.9486881494522096,False
2499,12.495,0.04744185,0.13103041,0.17456056,0.17761691,0,2496,12.48,12.49194049835205,1,0.0513118021190166,0.9486881494522096,False
2500,12.5,0.11002334,0.18929924,0.23709364,0.23184517,0,2500,12.5,12.507694244384766,1,0.0358373075723648,0.9641627073287964,False
2501,12.505,0.14550029,0.1999042,0.2392071,0.22738695,0,2500,12.5,12.507694244384766,1,0.0358373075723648,0.9641627073287964,False
2502,12.51,0.15630396,0.17384444,0.19585153,0.1777284,0,2500,12.5,12.507694244384766,1,0.0358373075723648,0.9641627073287964,False
2503,12.515,0.15409285,0.13672207,0.13910092,0.11521648,0,2500,12.5,12.507694244384766,1,0.0358373075723648,0.9641627073287964,False
2504,12.52,0.14922473,0.110978626,0.0980189,0.06982287,0,2504,12.52,12.517186880111694,1,0.058529183268547,0.9414708614349364,False
2505,12.525,0.1416119,0.100301675,0.080154955,0.04985787,0,2504,12.52,12.517186880111694,1,0.058529183268547,0.9414708614349364,False
2506,12.53,0.12055606,0.08798072,0.06772688,0.038335774,0,2504,12.52,12.517186880111694,1,0.058529183268547,0.9414708614349364,False
2507,12.535,0.07361171,0.050258197,0.031554077,0.007163988,0,2504,12.52,12.517186880111694,1,0.058529183268547,0.9414708614349364,False
2508,12.54,-0.002503458,-0.025135402,-0.04635587,-0.061085932,0,2508,12.54,12.546989917755129,1,0.0302347708493471,0.9697652459144592,False
2509,12.545,-0.096709944,-0.1279065,-0.15660413,-0.15862659,0,2508,12.54,12.546989917755129,1,0.0302347708493471,0.9697652459144592,False
2510,12.55,-0.18679959,-0.22817622,-0.26349193,-0.2542559,0,2508,12.54,12.546989917755129,1,0.0302347708493471,0.9697652459144592,False
2511,12.555,-0.24811967,-0.29074383,-0.32301193,-0.30952585,0,2508,12.54,12.546989917755129,1,0.0302347708493471,0.9697652459144592,False
2512,12.56,-0.26266035,-0.29170752,-0.3064296,-0.2985596,0,2512,12.56,12.56920051574707,1,0.0514761209487915,0.9485239386558532,False
2513,12.565,-0.2249921,-0.22846971,-0.21491127,-0.21978097,0,2512,12.56,12.56920051574707,1,0.0514761209487915,0.9485239386558532,False
2514,12.57,-0.14373907,-0.11897112,-0.077154875,-0.0942154,0,2512,12.56,12.56920051574707,1,0.0514761209487915,0.9485239386558532,False
2515,12.575,-0.038549382,0.0077422783,0.06658964,0.046188276,0,2512,12.56,12.56920051574707,1,0.0514761209487915,0.9485239386558532,False
2516,12.58,0.066488504,0.12329023,0.18261719,0.17156243,0,2516,12.58,12.586108922958374,1,0.0363777838647365,0.9636222124099731,False
2517,12.585,0.15046316,0.2077146,0.25324714,0.26119286,0,2516,12.58,12.586108922958374,1,0.0363777838647365,0.9636222124099731,False
2518,12.59,0.20078179,0.25087616,0.27517977,0.3036098,0,2516,12.58,12.586108922958374,1,0.0363777838647365,0.9636222124099731,False
2519,12.595,0.21393105,0.25027084,0.25286064,0.29442424,0,2516,12.58,12.586108922958374,1,0.0363777838647365,0.9636222124099731,False
2520,12.6,0.1935032,0.2100091,0.19494459,0.23706768,0,2520,12.6,12.603885412216188,1,0.1008921861648559,0.8991078734397888,False
2521,12.605,0.14871523,0.14240809,0.115973264,0.14626257,0,2520,12.6,12.603885412216188,1,0.1008921861648559,0.8991078734397888,False
2522,12.61,0.09388109,0.06820497,0.037550103,0.048227787,0,2520,12.6,12.603885412216188,1,0.1008921861648559,0.8991078734397888,False
2523,12.615,0.045628615,0.010249463,-0.017913064,-0.027876843,0,2520,12.6,12.603885412216188,1,0.1008921861648559,0.8991078734397888,False
2524,12.62,0.015815612,-0.01846654,-0.03999571,-0.06479172,0,2524,12.62,12.619765281677246,1,0.0241350326687097,0.9758648872375488,False
2525,12.625,0.0039485157,-0.02386862,-0.039390527,-0.06770535,0,2524,12.62,12.619765281677246,1,0.0241350326687097,0.9758648872375488,False
2526,12.63,-0.0037571755,-0.027940936,-0.042931363,-0.060894765,0,2524,12.62,12.619765281677246,1,0.0241350326687097,0.9758648872375488,False
2527,12.635,-0.025938122,-0.053923164,-0.07517023,-0.071488224,0,2524,12.62,12.619765281677246,1,0.0241350326687097,0.9758648872375488,False
2528,12.64,-0.07362019,-0.10974963,-0.13949057,-0.11189796,0,2528,12.64,12.649033546447754,1,0.0638725087046623,0.9361274242401124,False
2529,12.645,-0.1423672,-0.18156187,-0.21333078,-0.17291717,0,2528,12.64,12.649033546447754,1,0.0638725087046623,0.9361274242401124,False
2530,12.65,-0.2135266,-0.24122696,-0.26128766,-0.23031366,0,2528,12.64,12.649033546447754,1,0.0638725087046623,0.9361274242401124,False
2531,12.655,-0.262599,-0.26196006,-0.25645483,-0.25826088,0,2528,12.64,12.649033546447754,1,0.0638725087046623,0.9361274242401124,False
2532,12.66,-0.26948032,-0.23181528,-0.19524127,-0.24062154,0,2532,12.66,12.664999961853027,1,0.0565694421529769,0.9434305429458618,False
2533,12.665,-0.22583503,-0.15751523,-0.09684141,-0.1753411,0,2532,12.66,12.664999961853027,1,0.0565694421529769,0.9434305429458618,False
2534,12.67,-0.13709563,-0.057906915,0.010230183,-0.07266955,0,2532,12.66,12.664999961853027,1,0.0565694421529769,0.9434305429458618,False
2535,12.675,-0.019337138,0.047038622,0.10388497,0.04935,0,2532,12.66,12.664999961853027,1,0.0565694421529769,0.9434305429458618,False
2536,12.68,0.10632988,0.14357033,0.17587967,0.1693005,0,2536,12.68,12.684067964553831,1,0.0378638766705989,0.9621361494064332,False
2537,12.685,0.2188135,0.22391577,0.22797245,0.26625264,0,2536,12.68,12.684067964553831,1,0.0378638766705989,0.9621361494064332,False
2538,12.69,0.30050346,0.28172535,0.2628139,0.32408822,0,2536,12.68,12.684067964553831,1,0.0378638766705989,0.9621361494064332,False
2539,12.695,0.33996886,0.30972221,0.27830493,0.33599237,0,2536,12.68,12.684067964553831,1,0.0378638766705989,0.9621361494064332,False
2540,12.7,0.33405975,0.30217236,0.2689492,0.30612135,0,2540,12.7,12.703991651535034,1,0.1095028817653656,0.8904971480369568,False
2541,12.705,0.28785974,0.25863463,0.23060137,0.24562718,0,2540,12.7,12.703991651535034,1,0.1095028817653656,0.8904971480369568,False
2542,12.71,0.21147792,0.18436597,0.16326827,0.16496553,0,2540,12.7,12.703991651535034,1,0.1095028817653656,0.8904971480369568,False
2543,12.715,0.115468845,0.087359,0.07073224,0.06901623,0,2540,12.7,12.703991651535034,1,0.1095028817653656,0.8904971480369568,False
2544,12.72,0.008079194,-0.024118835,-0.04032637,-0.040334534,0,2544,12.72,12.720355749130247,1,0.0244570039212703,0.9755429625511168,False
2545,12.725,-0.10438471,-0.14106733,-0.1597726,-0.15711714,0,2544,12.72,12.720355749130247,1,0.0244570039212703,0.9755429625511168,False
2546,12.73,-0.21542178,-0.25202504,-0.27327403,-0.267611,0,2544,12.72,12.720355749130247,1,0.0244570039212703,0.9755429625511168,False
2547,12.735,-0.3161185,-0.34290707,-0.3634431,-0.3541185,0,2544,12.72,12.720355749130247,1,0.0244570039212703,0.9755429625511168,False
2548,12.74,-0.3934143,-0.3988035,-0.4127453,-0.40181983,0,2548,12.74,12.752138137817385,1,0.0267841182649135,0.973215878009796,False
2549,12.745,-0.42967,-0.4061444,-0.4065117,-0.40146738,0,2548,12.74,12.752138137817385,1,0.0267841182649135,0.973215878009796,False
2550,12.75,-0.4057648,-0.3547579,-0.3357435,-0.34685528,0,2548,12.74,12.752138137817385,1,0.0267841182649135,0.973215878009796,False
2551,12.755,-0.30917218,-0.24133693,-0.20116559,-0.2336927,0,2548,12.74,12.752138137817385,1,0.0267841182649135,0.973215878009796,False
2552,12.76,-0.14425261,-0.07493586,-0.018486002,-0.065859936,0,2552,12.76,12.769556283950806,1,0.0357416309416294,0.9642583727836608,False
2553,12.765,0.062010437,0.11866774,0.17926657,0.13437366,0,2552,12.76,12.769556283950806,1,0.0357416309416294,0.9642583727836608,False
2554,12.77,0.2646265,0.2992773,0.34784654,0.3235704,0,2552,12.76,12.769556283950806,1,0.0357416309416294,0.9642583727836608,False
2555,12.775,0.4151638,0.4238713,0.4469084,0.4499731,0,2552,12.76,12.769556283950806,1,0.0357416309416294,0.9642583727836608,False
2556,12.78,0.4793556,0.4632514,0.45677325,0.4773241,0,2556,12.78,12.790805101394652,1,0.0373853594064712,0.96261465549469,False
2557,12.785,0.44905412,0.41446084,0.38625097,0.40424302,0,2556,12.78,12.790805101394652,1,0.0373853594064712,0.96261465549469,False
2558,12.79,0.34331286,0.3011567,0.26620027,0.26521865,0,2556,12.78,12.790805101394652,1,0.0373853594064712,0.96261465549469,False
2559,12.795,0.19890587,0.16140015,0.13309373,0.11193268,0,2556,12.78,12.790805101394652,1,0.0373853594064712,0.96261465549469,False
2560,12.8,0.055064317,0.030144816,0.0130001865,-0.012921723,0,2560,12.8,12.803907871246338,1,0.0235416051000356,0.9764584302902222,False
2561,12.805,-0.060646053,-0.07345402,-0.08503915,-0.0930594,0,2560,12.8,12.803907871246338,1,0.0235416051000356,0.9764584302902222,False
2562,12.81,-0.13913015,-0.14770257,-0.16431332,-0.13824318,0,2560,12.8,12.803907871246338,1,0.0235416051000356,0.9764584302902222,False
2563,12.815,-0.186899,-0.20043737,-0.22983027,-0.16944674,0,2560,12.8,12.803907871246338,1,0.0235416051000356,0.9764584302902222,False
2564,12.82,-0.21651787,-0.2386913,-0.28012425,-0.20135468,0,2564,12.82,12.831144332885742,1,0.0233723167330026,0.9766277074813844,False
2565,12.825,-0.23680092,-0.26311615,-0.30683815,-0.23361178,0,2564,12.82,12.831144332885742,1,0.0233723167330026,0.9766277074813844,False
2566,12.83,-0.24824996,-0.269272,-0.3010024,-0.254356,0,2564,12.82,12.831144332885742,1,0.0233723167330026,0.9766277074813844,False
2567,12.835,-0.24485047,-0.2523789,-0.25993145,-0.25052622,0,2564,12.82,12.831144332885742,1,0.0233723167330026,0.9766277074813844,False
2568,12.84,-0.21917991,-0.21057162,-0.18900539,-0.21587466,0,2568,12.84,12.848190784454346,1,0.04214408993721,0.9578559398651124,False
2569,12.845,-0.1668544,-0.14475997,-0.097825356,-0.15172838,0,2568,12.84,12.848190784454346,1,0.04214408993721,0.9578559398651124,False
2570,12.85,-0.08850066,-0.05738979,0.00455392,-0.0631232,0,2568,12.84,12.848190784454346,1,0.04214408993721,0.9578559398651124,False
2571,12.855,0.009910426,0.046594877,0.11035607,0.043267194,0,2568,12.84,12.848190784454346,1,0.04214408993721,0.9578559398651124,False
2572,12.86,0.11688248,0.15643941,0.20966409,0.15649731,0,2572,12.86,12.864109754562378,1,0.0352554656565189,0.964744508266449,False
2573,12.865,0.21555574,0.25377592,0.28775123,0.25801027,0,2572,12.86,12.864109754562378,1,0.0352554656565189,0.964744508266449,False
2574,12.87,0.28629223,0.31664056,0.32811436,0.3242623,0,2572,12.86,12.864109754562378,1,0.0352554656565189,0.964744508266449,False
2575,12.875,0.3130122,0.32917243,0.32082683,0.33690414,0,2572,12.86,12.864109754562378,1,0.0352554656565189,0.964744508266449,False
2576,12.88,0.29076022,0.2908157,0.26981437,0.29379284,0,2576,12.88,12.893872261047363,1,0.0991937592625618,0.9008062481880188,False
2577,12.885,0.22866538,0.21699046,0.19177857,0.21101867,0,2576,12.88,12.893872261047363,1,0.0991937592625618,0.9008062481880188,False
2578,12.89,0.14451279,0.12890007,0.10566897,0.112536736,0,2576,12.88,12.893872261047363,1,0.0991937592625618,0.9008062481880188,False
2579,12.895,0.054396793,0.03989861,0.020446297,0.015098887,0,2576,12.88,12.893872261047363,1,0.0991937592625618,0.9008062481880188,False
2580,12.9,-0.0337342,-0.049591105,-0.067824066,-0.07852873,0,2580,12.9,12.893872261047363,1,0.0236837044358253,0.9763162732124328,False
2581,12.905,-0.11731326,-0.14354125,-0.16555582,-0.17195906,0,2580,12.9,12.893872261047363,1,0.0236837044358253,0.9763162732124328,False
2582,12.91,-0.191561,-0.23641771,-0.2664421,-0.2607826,0,2580,12.9,12.893872261047363,1,0.0236837044358253,0.9763162732124328,False
2583,12.915,-0.24665736,-0.30847743,-0.34617448,-0.32617348,0,2580,12.9,12.893872261047363,1,0.0236837044358253,0.9763162732124328,False
2584,12.92,-0.27337798,-0.33637533,-0.3741423,-0.3440204,0,2584,12.92,12.917248964309692,1,0.0293693244457244,0.970630705356598,False
2585,12.925,-0.2703014,-0.3097292,-0.33372816,-0.30194464,0,2584,12.92,12.917248964309692,1,0.0293693244457244,0.970630705356598,False
2586,12.93,-0.24320038,-0.23805375,-0.23443682,-0.20890446,0,2584,12.92,12.917248964309692,1,0.0293693244457244,0.970630705356598,False
2587,12.935,-0.19661006,-0.1423769,-0.10629587,-0.08970444,0,2584,12.92,12.917248964309692,1,0.0293693244457244,0.970630705356598,False
2588,12.94,-0.12795274,-0.041086912,0.017590297,0.028957715,0,2588,12.94,12.943984031677246,1,0.0366246439516544,0.9633753299713136,False
2589,12.945,-0.03286816,0.056403905,0.116069004,0.12851341,0,2588,12.94,12.943984031677246,1,0.0366246439516544,0.9633753299713136,False
2590,12.95,0.082546294,0.14505185,0.18356605,0.19949512,0,2588,12.94,12.943984031677246,1,0.0366246439516544,0.9633753299713136,False
2591,12.955,0.19619745,0.21738625,0.22439337,0.23831856,0,2588,12.94,12.943984031677246,1,0.0366246439516544,0.9633753299713136,False
2592,12.96,0.2790831,0.2634834,0.2451971,0.24605319,0,2592,12.96,12.96378254890442,1,0.0426488928496837,0.9573510885238647,False
2593,12.965,0.31206203,0.27700874,0.2503243,0.22903758,0,2592,12.96,12.96378254890442,1,0.0426488928496837,0.9573510885238647,False
2594,12.97,0.29564595,0.25966376,0.24044874,0.1971871,0,2592,12.96,12.96378254890442,1,0.0426488928496837,0.9573510885238647,False
2595,12.975,0.2455081,0.21932802,0.21355829,0.15910561,0,2592,12.96,12.96378254890442,1,0.0426488928496837,0.9573510885238647,False
2596,12.98,0.17997466,0.16468465,0.167867,0.11813742,0,2596,12.98,12.984123468399048,1,0.0272736046463251,0.9727264642715454,False
2597,12.985,0.111025356,0.10178476,0.10520546,0.07299207,0,2596,12.98,12.984123468399048,1,0.0272736046463251,0.9727264642715454,False
2598,12.99,0.043556217,0.034125805,0.0319717,0.021371778,0,2596,12.98,12.984123468399048,1,0.0272736046463251,0.9727264642715454,False
2599,12.995,-0.021413717,-0.036189146,-0.043765534,-0.037704058,0,2596,12.98,12.984123468399048,1,0.0272736046463251,0.9727264642715454,False
2600,13.0,-0.08495605,-0.10777053,-0.11620585,-0.10396142,0,2600,13.0,12.994094371795654,1,0.0242684055119752,0.9757315516471864,False
2601,13.005,-0.14939764,-0.17831942,-0.18215044,-0.1751226,0,2600,13.0,12.994094371795654,1,0.0242684055119752,0.9757315516471864,False
2602,13.01,-0.2148172,-0.24128087,-0.23698147,-0.24334924,0,2600,13.0,12.994094371795654,1,0.0242684055119752,0.9757315516471864,False
2603,13.015,-0.27353278,-0.28400585,-0.27130416,-0.2925177,0,2600,13.0,12.994094371795654,1,0.0242684055119752,0.9757315516471864,False
2604,13.02,-0.30874607,-0.29165447,-0.27358705,-0.3021255,0,2604,13.02,13.0173442363739,1,0.0773637071251869,0.9226362705230712,False
2605,13.025,-0.30172223,-0.25582522,-0.23770557,-0.2580146,0,2604,13.02,13.0173442363739,1,0.0773637071251869,0.9226362705230712,False
2606,13.03,-0.24355932,-0.18096031,-0.1683751,-0.16244058,0,2604,13.02,13.0173442363739,1,0.0773637071251869,0.9226362705230712,False
2607,13.035,-0.1421462,-0.08262034,-0.079198755,-0.035328418,0,2604,13.02,13.0173442363739,1,0.0773637071251869,0.9226362705230712,False
2608,13.04,-0.018799055,0.020688497,0.014463338,0.09413059,0,2608,13.04,13.04396653175354,1,0.0358235165476799,0.9641764760017396,False
2609,13.045,0.10180251,0.11468974,0.100937024,0.19898723,0,2608,13.04,13.04396653175354,1,0.0358235165476799,0.9641764760017396,False
2610,13.05,0.19999199,0.19026496,0.17206873,0.26212358,0,2608,13.04,13.04396653175354,1,0.0358235165476799,0.9641764760017396,False
2611,13.055,0.2632328,0.24000996,0.2200362,0.27797562,0,2608,13.04,13.04396653175354,1,0.0358235165476799,0.9641764760017396,False
2612,13.06,0.28464034,0.25641522,0.23651937,0.25070038,0,2612,13.06,13.064195394515991,1,0.0472436137497425,0.9527563452720642,False
2613,13.065,0.26310685,0.23496605,0.21641889,0.19123968,0,2612,13.06,13.064195394515991,1,0.0472436137497425,0.9527563452720642,False
2614,13.07,0.20593537,0.1794621,0.16311835,0.11392685,0,2612,13.06,13.064195394515991,1,0.0472436137497425,0.9527563452720642,False
2615,13.075,0.12949666,0.10380544,0.09018621,0.0327857,0,2612,13.06,13.064195394515991,1,0.0472436137497425,0.9527563452720642,False
2616,13.08,0.05374609,0.027146233,0.016884388,-0.041353937,0,2616,13.08,13.086699724197388,1,0.0255980677902698,0.9744019508361816,False
2617,13.085,-0.007328105,-0.034998406,-0.04039127,-0.10149354,0,2616,13.08,13.086699724197388,1,0.0255980677902698,0.9744019508361816,False
2618,13.09,-0.051810607,-0.07724058,-0.07512966,-0.1428802,0,2616,13.08,13.086699724197388,1,0.0255980677902698,0.9744019508361816,False
2619,13.095,-0.08674367,-0.103455,-0.09108483,-0.16115037,0,2616,13.08,13.086699724197388,1,0.0255980677902698,0.9744019508361816,False
2620,13.1,-0.11812568,-0.119478896,-0.09578898,-0.15259585,0,2620,13.1,13.0961172580719,1,0.0259137377142906,0.9740862846374512,False
2621,13.105,-0.14319248,-0.12606636,-0.092945956,-0.11727551,0,2620,13.1,13.0961172580719,1,0.0259137377142906,0.9740862846374512,False
2622,13.11,-0.15250787,-0.11891314,-0.08090222,-0.06293472,0,2620,13.1,13.0961172580719,1,0.0259137377142906,0.9740862846374512,False
2623,13.115,-0.13998991,-0.09581527,-0.058567584,-0.005773551,0,2620,13.1,13.0961172580719,1,0.0259137377142906,0.9740862846374512,False
2624,13.12,-0.110724546,-0.0632376,-0.03191072,0.034950227,0,2624,13.12,13.119474411010742,1,0.0590289607644081,0.94097101688385,False
2625,13.125,-0.078018874,-0.03417856,-0.012564987,0.047068257,0,2624,13.12,13.119474411010742,1,0.0590289607644081,0.94097101688385,False
2626,13.13,-0.05181175,-0.017869348,-0.00819554,0.033787835,0,2624,13.12,13.119474411010742,1,0.0590289607644081,0.94097101688385,False
2627,13.135,-0.029680153,-0.011001746,-0.01397427,0.012775331,0,2624,13.12,13.119474411010742,1,0.0590289607644081,0.94097101688385,False
2628,13.14,0.00036839422,0.00025927377,-0.014725136,0.0049911565,0,2628,13.14,13.148375749588013,1,0.052530962973833,0.9474689960479736,False
2629,13.145,0.04743382,0.028332757,0.0029428012,0.02095839,0,2628,13.14,13.148375749588013,1,0.052530962973833,0.9474689960479736,False
2630,13.15,0.106788136,0.07263505,0.039132357,0.054788608,0,2628,13.14,13.148375749588013,1,0.052530962973833,0.9474689960479736,False
2631,13.155,0.15990624,0.11809678,0.079703055,0.089615196,0,2628,13.14,13.148375749588013,1,0.052530962973833,0.9474689960479736,False
2632,13.16,0.18503703,0.14438033,0.10582536,0.10852255,0,2632,13.16,13.164722919464111,1,0.0788508802652359,0.9211490750312804,False
2633,13.165,0.16971676,0.13792035,0.10529276,0.10197222,0,2632,13.16,13.164722919464111,1,0.0788508802652359,0.9211490750312804,False
2634,13.17,0.11659154,0.09816679,0.0771303,0.06820463,0,2632,13.16,13.164722919464111,1,0.0788508802652359,0.9211490750312804,False
2635,13.175,0.040240746,0.035388086,0.028348602,0.010349331,0,2632,13.16,13.164722919464111,1,0.0788508802652359,0.9211490750312804,False
2636,13.18,-0.04086706,-0.036062542,-0.03175946,-0.0644291,0,2636,13.18,13.180218935012816,1,0.0688362643122673,0.931163728237152,False
2637,13.185,-0.11116753,-0.103044644,-0.093978025,-0.14289899,0,2636,13.18,13.180218935012816,1,0.0688362643122673,0.931163728237152,False
2638,13.19,-0.1601621,-0.15455517,-0.14730136,-0.20491402,0,2636,13.18,13.180218935012816,1,0.0688362643122673,0.931163728237152,False
2639,13.195,-0.18107182,-0.18027636,-0.1771609,-0.22808206,0,2636,13.18,13.180218935012816,1,0.0688362643122673,0.931163728237152,False
2640,13.2,-0.16970089,-0.17113419,-0.1686809,-0.19766364,0,2640,13.2,13.198985815048218,1,0.0576854087412357,0.942314624786377,False
2641,13.205,-0.12603974,-0.12383348,-0.115080416,-0.115965255,0,2640,13.2,13.198985815048218,1,0.0576854087412357,0.942314624786377,False
2642,13.21,-0.057463013,-0.046268225,-0.025333462,-0.0040889974,0,2640,13.2,13.198985815048218,1,0.0576854087412357,0.942314624786377,False
2643,13.215,0.02034075,0.041911207,0.076062836,0.106552295,0,2640,13.2,13.198985815048218,1,0.0576854087412357,0.942314624786377,False
2644,13.22,0.08766871,0.11632918,0.15900567,0.18818381,0,2644,13.22,13.23093867301941,1,0.0444894097745418,0.9555105566978456,False
2645,13.225,0.12917547,0.15901755,0.20166737,0.2273069,0,2644,13.22,13.23093867301941,1,0.0444894097745418,0.9555105566978456,False
2646,13.23,0.14108637,0.16626482,0.19951761,0.22618932,0,2644,13.22,13.23093867301941,1,0.0444894097745418,0.9555105566978456,False
2647,13.235,0.13166995,0.14782672,0.16433589,0.19645639,0,2644,13.22,13.23093867301941,1,0.0444894097745418,0.9555105566978456,False
2648,13.24,0.113885805,0.118424684,0.11499388,0.15086347,0,2648,13.24,13.248382568359377,1,0.1180803030729293,0.8819196224212646,False
2649,13.245,0.09546012,0.087914295,0.066567026,0.09843022,0,2648,13.24,13.248382568359377,1,0.1180803030729293,0.8819196224212646,False
2650,13.25,0.07426901,0.05694115,0.024187451,0.043774717,0,2648,13.24,13.248382568359377,1,0.1180803030729293,0.8819196224212646,False
2651,13.255,0.042616837,0.020152463,-0.01598032,-0.011656524,0,2648,13.24,13.248382568359377,1,0.1180803030729293,0.8819196224212646,False
2652,13.26,-0.003940416,-0.026904324,-0.060899504,-0.06850593,0,2652,13.26,13.26529598236084,1,0.0425707176327705,0.9574293494224548,False
2653,13.265,-0.061465368,-0.08313107,-0.1143417,-0.12839189,0,2652,13.26,13.26529598236084,1,0.0425707176327705,0.9574293494224548,False
2654,13.27,-0.12009846,-0.14204676,-0.17318046,-0.19128253,0,2652,13.26,13.26529598236084,1,0.0425707176327705,0.9574293494224548,False
2655,13.275,-0.17000616,-0.1943273,-0.2267026,-0.25115025,0,2652,13.26,13.26529598236084,1,0.0425707176327705,0.9574293494224548,False
2656,13.28,-0.20384215,-0.22902545,-0.25823152,-0.29267344,0,2656,13.28,13.281707525253296,1,0.0780547708272934,0.9219452142715454,False
2657,13.285,-0.21404077,-0.23339888,-0.24935976,-0.29344866,0,2656,13.28,13.281707525253296,1,0.0780547708272934,0.9219452142715454,False
2658,13.29,-0.19049986,-0.19510254,-0.18752046,-0.2338944,0,2656,13.28,13.281707525253296,1,0.0780547708272934,0.9219452142715454,False
2659,13.295,-0.12487771,-0.10928465,-0.075074404,-0.111176245,0,2656,13.28,13.281707525253296,1,0.0780547708272934,0.9219452142715454,False
2660,13.3,-0.020468522,0.0128696505,0.06573972,0.051753074,0,2660,13.3,13.304291009902954,1,0.0428273193538188,0.957172691822052,False
2661,13.305,0.101193644,0.14222507,0.19789828,0.21043429,0,2660,13.3,13.304291009902954,1,0.0428273193538188,0.957172691822052,False
2662,13.31,0.20563306,0.24174528,0.28480792,0.3173,0,2660,13.3,13.304291009902954,1,0.0428273193538188,0.957172691822052,False
2663,13.315,0.26194146,0.28444496,0.30752367,0.3446817,0,2660,13.3,13.304291009902954,1,0.0428273193538188,0.957172691822052,False
2664,13.32,0.259387,0.2671248,0.27259415,0.297877,0,2664,13.32,13.32614040374756,1,0.053141463547945,0.946858525276184,False
2665,13.325,0.21142435,0.20931499,0.20482905,0.20913891,0,2664,13.32,13.32614040374756,1,0.053141463547945,0.946858525276184,False
2666,13.33,0.14406663,0.138121,0.13020173,0.11660046,0,2664,13.32,13.32614040374756,1,0.053141463547945,0.946858525276184,False
2667,13.335,0.07835904,0.07117359,0.061500546,0.04320267,0,2664,13.32,13.32614040374756,1,0.053141463547945,0.946858525276184,False
2668,13.34,0.020911831,0.010859265,-0.0032330612,-0.0098601645,0,2668,13.34,13.349358797073364,1,0.024854252114892,0.975145697593689,False
2669,13.345,-0.031884316,-0.04778679,-0.070173874,-0.053099766,0,2668,13.34,13.349358797073364,1,0.024854252114892,0.975145697593689,False
2670,13.35,-0.08302286,-0.105365716,-0.13756561,-0.09363765,0,2668,13.34,13.349358797073364,1,0.024854252114892,0.975145697593689,False
2671,13.355,-0.12904327,-0.15424329,-0.19275513,-0.12893979,0,2668,13.34,13.349358797073364,1,0.024854252114892,0.975145697593689,False
2672,13.36,-0.16341123,-0.18462738,-0.22019568,-0.15262765,0,2672,13.36,13.359328031539915,1,0.0330873057246208,0.9669127464294434,False
2673,13.365,-0.18283117,-0.19251448,-0.21257861,-0.16328326,0,2672,13.36,13.359328031539915,1,0.0330873057246208,0.9669127464294434,False
2674,13.37,-0.18817054,-0.18109234,-0.17563161,-0.16569087,0,2672,13.36,13.359328031539915,1,0.0330873057246208,0.9669127464294434,False
2675,13.375,-0.17953268,-0.15563005,-0.123741046,-0.16374,0,2672,13.36,13.359328031539915,1,0.0330873057246208,0.9669127464294434,False
2676,13.38,-0.1528537,-0.118765056,-0.071147986,-0.15375212,0,2676,13.38,13.381221055984495,1,0.0431995242834091,0.9568005204200744,False
2677,13.385,-0.103756584,-0.071204506,-0.02547167,-0.12616599,0,2676,13.38,13.381221055984495,1,0.0431995242834091,0.9568005204200744,False
2678,13.39,-0.035233896,-0.015671937,0.013233776,-0.07429114,0,2676,13.38,13.381221055984495,1,0.0431995242834091,0.9568005204200744,False
2679,13.395,0.039958283,0.041666713,0.049170922,-0.0017112326,0,2676,13.38,13.381221055984495,1,0.0431995242834091,0.9568005204200744,False
2680,13.4,0.10634431,0.09438872,0.086401515,0.078224376,0,2680,13.4,13.404365301132202,1,0.0412034913897514,0.9587964415550232,False
2681,13.405,0.15590753,0.13973995,0.12579241,0.1496801,0,2680,13.4,13.404365301132202,1,0.0412034913897514,0.9587964415550232,False
2682,13.41,0.19105327,0.17832126,0.1641667,0.20188142,0,2680,13.4,13.404365301132202,1,0.0412034913897514,0.9587964415550232,False
2683,13.415,0.21730852,0.20940278,0.19527626,0.23161012,0,2680,13.4,13.404365301132202,1,0.0412034913897514,0.9587964415550232,False
2684,13.42,0.23344691,0.22680265,0.21147989,0.24027388,0,2684,13.42,13.42615008354187,1,0.1259805113077163,0.8740194439888,False
2685,13.425,0.22912678,0.21988033,0.20496064,0.22879021,0,2684,13.42,13.42615008354187,1,0.1259805113077163,0.8740194439888,False
2686,13.43,0.19203317,0.17911193,0.16835353,0.19397388,0,2684,13.42,13.42615008354187,1,0.1259805113077163,0.8740194439888,False
2687,13.435,0.11737199,0.10181503,0.09630633,0.12899402,0,2684,13.42,13.42615008354187,1,0.1259805113077163,0.8740194439888,False
2688,13.44,0.01190853,-0.005332061,-0.010268796,0.028902294,0,2688,13.44,13.44780945777893,1,0.0281269270926713,0.971873104572296,False
2689,13.445,-0.108480655,-0.12676534,-0.1383256,-0.100619145,0,2688,13.44,13.44780945777893,1,0.0281269270926713,0.971873104572296,False
2690,13.45,-0.2234207,-0.24009125,-0.2603251,-0.23701243,0,2688,13.44,13.44780945777893,1,0.0281269270926713,0.971873104572296,False
2691,13.455,-0.31168282,-0.32006386,-0.3408654,-0.3439816,0,2688,13.44,13.44780945777893,1,0.0281269270926713,0.971873104572296,False
2692,13.46,-0.3546371,-0.34550786,-0.3517445,-0.38570622,0,2692,13.46,13.45972180366516,1,0.0296011939644813,0.9703988432884216,False
2693,13.465,-0.34086737,-0.307468,-0.2867951,-0.34477666,0,2692,13.46,13.45972180366516,1,0.0296011939644813,0.9703988432884216,False
2694,13.47,-0.27049527,-0.21386279,-0.1659004,-0.23185265,0,2692,13.46,13.45972180366516,1,0.0296011939644813,0.9703988432884216,False
2695,13.475,-0.15631494,-0.08714466,-0.02505426,-0.08039775,0,2692,13.46,13.45972180366516,1,0.0296011939644813,0.9703988432884216,False
2696,13.48,-0.020842992,0.04367163,0.100226596,0.069046155,0,2696,13.48,13.490582942962646,1,0.0360075980424881,0.9639924168586732,False
2697,13.485,0.1092262,0.1519393,0.1871619,0.18406683,0,2696,13.48,13.490582942962646,1,0.0360075980424881,0.9639924168586732,False
2698,13.49,0.20971344,0.21987095,0.22845106,0.24757726,0,2696,13.48,13.490582942962646,1,0.0360075980424881,0.9639924168586732,False
2699,13.495,0.26606062,0.24220613,0.22860824,0.25777835,0,2696,13.48,13.490582942962646,1,0.0360075980424881,0.9639924168586732,False
2700,13.5,0.27850044,0.22703639,0.1994428,0.22549859,0,2700,13.5,13.498276948928831,1,0.053354050964117,0.9466459155082704,False
2701,13.505,0.26073354,0.19198929,0.15631887,0.17046686,0,2700,13.5,13.498276948928831,1,0.053354050964117,0.9466459155082704,False
2702,13.51,0.23001954,0.15488029,0.113351256,0.11457263,0,2700,13.5,13.498276948928831,1,0.053354050964117,0.9466459155082704,False
2703,13.515,0.19438799,0.12323329,0.077616066,0.072448626,0,2700,13.5,13.498276948928831,1,0.053354050964117,0.9466459155082704,False
2704,13.52,0.14799945,0.09105182,0.046571303,0.045133192,0,2704,13.52,13.530951023101808,1,0.025706835091114,0.9742932319641112,False
2705,13.525,0.080252126,0.04696975,0.01230978,0.022798423,0,2704,13.52,13.530951023101808,1,0.025706835091114,0.9742932319641112,False
2706,13.53,-0.009029598,-0.012650043,-0.029991586,-0.0050610634,0,2704,13.52,13.530951023101808,1,0.025706835091114,0.9742932319641112,False
2707,13.535,-0.10339944,-0.07799445,-0.07696212,-0.041148692,0,2704,13.52,13.530951023101808,1,0.025706835091114,0.9742932319641112,False
2708,13.54,-0.17975275,-0.13322087,-0.11987721,-0.081007734,0,2708,13.54,13.55176043510437,1,0.0268044881522655,0.9731955528259276,False
2709,13.545,-0.22536337,-0.16953637,-0.15193966,-0.12026247,0,2708,13.54,13.55176043510437,1,0.0268044881522655,0.9731955528259276,False
2710,13.55,-0.24533208,-0.19057128,-0.17221175,-0.15888238,0,2708,13.54,13.55176043510437,1,0.0268044881522655,0.9731955528259276,False
2711,13.555,-0.25324532,-0.20477386,-0.18261535,-0.19682464,0,2708,13.54,13.55176043510437,1,0.0268044881522655,0.9731955528259276,False
2712,13.56,-0.25459173,-0.2130415,-0.18203646,-0.2259284,0,2712,13.56,13.55814266204834,1,0.0505889691412448,0.9494109749794006,False
2713,13.565,-0.2393041,-0.20444776,-0.16419558,-0.22826798,0,2712,13.56,13.55814266204834,1,0.0505889691412448,0.9494109749794006,False
2714,13.57,-0.19037317,-0.16443688,-0.121588945,-0.18548833,0,2712,13.56,13.55814266204834,1,0.0505889691412448,0.9494109749794006,False
2715,13.575,-0.100179784,-0.08779643,-0.052056894,-0.092951484,0,2712,13.56,13.55814266204834,1,0.0505889691412448,0.9494109749794006,False
2716,13.58,0.019957181,0.014871124,0.037010763,0.032580346,0,2716,13.58,13.585865497589111,1,0.0380120351910591,0.9619879722595216,False
2717,13.585,0.14416207,0.121619724,0.12939094,0.15827832,0,2716,13.58,13.585865497589111,1,0.0380120351910591,0.9619879722595216,False
2718,13.59,0.24536362,0.20990825,0.20534873,0.25052994,0,2716,13.58,13.585865497589111,1,0.0380120351910591,0.9619879722595216,False
2719,13.595,0.30702016,0.26566756,0.24941881,0.2904539,0,2716,13.58,13.585865497589111,1,0.0380120351910591,0.9619879722595216,False
2720,13.6,0.3263035,0.28590354,0.25690222,0.2802522,0,2720,13.6,13.599225521087646,1,0.0697172656655311,0.9302827715873718,False
2721,13.605,0.3093934,0.27513972,0.23463012,0.23713265,0,2720,13.6,13.599225521087646,1,0.0697172656655311,0.9302827715873718,False
2722,13.61,0.26428398,0.23928502,0.19428584,0.17952481,0,2720,13.6,13.599225521087646,1,0.0697172656655311,0.9302827715873718,False
2723,13.615,0.19630466,0.18123318,0.14260198,0.11547013,0,2720,13.6,13.599225521087646,1,0.0697172656655311,0.9302827715873718,False
2724,13.62,0.10839845,0.101068646,0.07677777,0.04157732,0,2724,13.62,13.617352724075316,1,0.0259662270545959,0.974033772945404,False
2725,13.625,0.004860137,0.0006479542,-0.009897435,-0.047180265,0,2724,13.62,13.617352724075316,1,0.0259662270545959,0.974033772945404,False
2726,13.63,-0.10479945,-0.11105894,-0.116320856,-0.14555755,0,2724,13.62,13.617352724075316,1,0.0259662270545959,0.974033772945404,False
2727,13.635,-0.20537683,-0.21664724,-0.22615607,-0.23473404,0,2724,13.62,13.617352724075316,1,0.0259662270545959,0.974033772945404,False
2728,13.64,-0.2802891,-0.29506344,-0.311886,-0.29077435,0,2728,13.64,13.643901348114014,1,0.0246876720339059,0.975312352180481,False
2729,13.645,-0.31821418,-0.32967463,-0.34755802,-0.2976104,0,2728,13.64,13.643901348114014,1,0.0246876720339059,0.975312352180481,False
2730,13.65,-0.31682926,-0.31403345,-0.32058734,-0.25404948,0,2728,13.64,13.643901348114014,1,0.0246876720339059,0.975312352180481,False
2731,13.655,-0.28026316,-0.25204635,-0.23544303,-0.17103334,0,2728,13.64,13.643901348114014,1,0.0246876720339059,0.975312352180481,False
2732,13.66,-0.21296933,-0.15443128,-0.10994117,-0.06451969,0,2732,13.66,13.668958902359009,1,0.0385705456137657,0.961429476737976,False
2733,13.665,-0.11720257,-0.035954084,0.030557794,0.04858503,0,2732,13.66,13.668958902359009,1,0.0385705456137657,0.961429476737976,False
2734,13.67,0.0018188489,0.08480177,0.15801921,0.15010929,0,2732,13.66,13.668958902359009,1,0.0385705456137657,0.961429476737976,False
2735,13.675,0.12790725,0.18608071,0.24696054,0.22095402,0,2732,13.66,13.668958902359009,1,0.0385705456137657,0.961429476737976,False
2736,13.68,0.2331515,0.24771498,0.28140584,0.24632548,0,2736,13.68,13.683956384658812,1,0.0370504073798656,0.9629495739936828,False
2737,13.685,0.28902686,0.259045,0.2608587,0.22337101,0,2736,13.68,13.683956384658812,1,0.0370504073798656,0.9629495739936828,False
2738,13.69,0.28228468,0.22418347,0.20026334,0.16410469,0,2736,13.68,13.683956384658812,1,0.0370504073798656,0.9629495739936828,False
2739,13.695,0.22276933,0.15969777,0.122416034,0.08960994,0,2736,13.68,13.683956384658812,1,0.0370504073798656,0.9629495739936828,False
2740,13.7,0.13675986,0.08598652,0.047467828,0.019307889,0,2740,13.7,13.6939058303833,1,0.0304054263979196,0.9695945382118224,False
2741,13.705,0.051632382,0.018709717,-0.013581284,-0.036539376,0,2740,13.7,13.6939058303833,1,0.0304054263979196,0.9695945382118224,False
2742,13.71,-0.016174426,-0.034335747,-0.058379326,-0.07629184,0,2740,13.7,13.6939058303833,1,0.0304054263979196,0.9695945382118224,False
2743,13.715,-0.06255714,-0.07080944,-0.08838017,-0.10094092,0,2740,13.7,13.6939058303833,1,0.0304054263979196,0.9695945382118224,False
2744,13.72,-0.08903245,-0.08995765,-0.1045183,-0.109386526,0,2744,13.72,13.717318296432495,1,0.0244251918047666,0.9755748510360718,False
2745,13.725,-0.09636465,-0.09126767,-0.10631336,-0.09938444,0,2744,13.72,13.717318296432495,1,0.0244251918047666,0.9755748510360718,False
2746,13.73,-0.08471224,-0.07653648,-0.09423092,-0.07277557,0,2744,13.72,13.717318296432495,1,0.0244251918047666,0.9755748510360718,False
2747,13.735,-0.058967337,-0.052906983,-0.072946966,-0.03949128,0,2744,13.72,13.717318296432495,1,0.0244251918047666,0.9755748510360718,False
2748,13.74,-0.032129616,-0.03289761,-0.052101824,-0.01528832,0,2748,13.74,13.747564315795898,1,0.0684541314840316,0.931545913219452,False
2749,13.745,-0.020675898,-0.02898992,-0.042012345,-0.012808468,0,2748,13.74,13.747564315795898,1,0.0684541314840316,0.931545913219452,False
2750,13.75,-0.033378556,-0.044842813,-0.045780174,-0.031450346,0,2748,13.74,13.747564315795898,1,0.0684541314840316,0.931545913219452,False
2751,13.755,-0.062422425,-0.069701076,-0.0540952,-0.0542895,0,2748,13.74,13.747564315795898,1,0.0684541314840316,0.931545913219452,False
2752,13.76,-0.08573332,-0.082301326,-0.049206983,-0.05661212,0,2752,13.76,13.770790338516235,1,0.0464061610400676,0.9535938501358032,False
2753,13.765,-0.08091896,-0.06387324,-0.017463425,-0.021993166,0,2752,13.76,13.770790338516235,1,0.0464061610400676,0.9535938501358032,False
2754,13.77,-0.040994123,-0.011568827,0.038907286,0.045135166,0,2752,13.76,13.770790338516235,1,0.0464061610400676,0.9535938501358032,False
2755,13.775,0.020466225,0.058192734,0.101155095,0.12018485,0,2752,13.76,13.770790338516235,1,0.0464061610400676,0.9535938501358032,False
2756,13.78,0.078815535,0.119452894,0.14570381,0.17250061,0,2756,13.78,13.784225940704346,1,0.0554650798439979,0.9445348978042604,False
2757,13.785,0.114336655,0.1517508,0.15826258,0.18254957,0,2756,13.78,13.784225940704346,1,0.0554650798439979,0.9445348978042604,False
2758,13.79,0.12162098,0.14871968,0.13861331,0.1497585,0,2756,13.78,13.784225940704346,1,0.0554650798439979,0.9445348978042604,False
2759,13.795,0.106183164,0.11525633,0.09401539,0.08685731,0,2756,13.78,13.784225940704346,1,0.0554650798439979,0.9445348978042604,False
2760,13.8,0.07448713,0.05926437,0.030589862,0.008243961,0,2760,13.8,13.794085264205933,1,0.0790275782346725,0.9209724068641664,False
2761,13.805,0.029022498,-0.011878848,-0.04681562,-0.07583208,0,2760,13.8,13.794085264205933,1,0.0790275782346725,0.9209724068641664,False
2762,13.81,-0.026821204,-0.0870143,-0.12647742,-0.15491167,0,2760,13.8,13.794085264205933,1,0.0790275782346725,0.9209724068641664,False
2763,13.815,-0.081225276,-0.14660335,-0.18478155,-0.21147372,0,2760,13.8,13.794085264205933,1,0.0790275782346725,0.9209724068641664,False
2764,13.82,-0.11483721,-0.16760394,-0.19470759,-0.22330058,0,2764,13.82,13.82040548324585,1,0.0338885374367237,0.9661114811897278,False
2765,13.825,-0.11248671,-0.13786395,-0.14456622,-0.17755313,0,2764,13.82,13.82040548324585,1,0.0338885374367237,0.9661114811897278,False
2766,13.83,-0.07582484,-0.068201,-0.051179036,-0.085249476,0,2764,13.82,13.82040548324585,1,0.0338885374367237,0.9661114811897278,False
2767,13.835,-0.024305006,0.010542616,0.046185937,0.01896417,0,2764,13.82,13.82040548324585,1,0.0338885374367237,0.9661114811897278,False
2768,13.84,0.017855091,0.06578357,0.10883355,0.09540804,0,2768,13.84,13.854155778884888,1,0.0510816499590873,0.948918342590332,False
2769,13.845,0.03804805,0.08307166,0.12138874,0.123430036,0,2768,13.84,13.854155778884888,1,0.0510816499590873,0.948918342590332,False
2770,13.85,0.04128836,0.07189892,0.09715826,0.112122655,0,2768,13.84,13.854155778884888,1,0.0510816499590873,0.948918342590332,False
2771,13.855,0.04180957,0.053995196,0.06370312,0.089477316,0,2768,13.84,13.854155778884888,1,0.0510816499590873,0.948918342590332,False
2772,13.86,0.048884414,0.045297626,0.04182059,0.07938723,0,2772,13.86,13.863828420639038,1,0.1020465418696403,0.8979535102844238,False
2773,13.865,0.059403095,0.04642754,0.034267806,0.085015416,0,2772,13.86,13.863828420639038,1,0.1020465418696403,0.8979535102844238,False
2774,13.87,0.06220519,0.047017988,0.030123819,0.09027706,0,2772,13.86,13.863828420639038,1,0.1020465418696403,0.8979535102844238,False
2775,13.875,0.04839384,0.036860965,0.017422872,0.07552631,0,2772,13.86,13.863828420639038,1,0.1020465418696403,0.8979535102844238,False
2776,13.88,0.018085957,0.013212309,-0.00773746,0.033202354,0,2776,13.88,13.883966445922852,1,0.1138288900256156,0.8861711025238037,False
2777,13.885,-0.020540342,-0.019710513,-0.040950913,-0.02777611,0,2776,13.88,13.883966445922852,1,0.1138288900256156,0.8861711025238037,False
2778,13.89,-0.05643019,-0.054705843,-0.0742787,-0.08871702,0,2776,13.88,13.883966445922852,1,0.1138288900256156,0.8861711025238037,False
2779,13.895,-0.079610676,-0.083514936,-0.09952921,-0.13092124,0,2776,13.88,13.883966445922852,1,0.1138288900256156,0.8861711025238037,False
2780,13.9,-0.08258588,-0.09664583,-0.10841195,-0.14205734,0,2780,13.9,13.90856146812439,1,0.0546367540955543,0.945363223552704,False
2781,13.905,-0.061917715,-0.08539391,-0.09336834,-0.11894115,0,2780,13.9,13.90856146812439,1,0.0546367540955543,0.945363223552704,False
2782,13.91,-0.021713119,-0.04796026,-0.052178603,-0.06902344,0,2780,13.9,13.90856146812439,1,0.0546367540955543,0.945363223552704,False
2783,13.915,0.023923881,0.004891975,0.006482726,-0.009830337,0,2780,13.9,13.90856146812439,1,0.0546367540955543,0.945363223552704,False
2784,13.92,0.054663032,0.05192777,0.0633108,0.036980376,0,2784,13.92,13.925231218338013,1,0.0728019475936889,0.9271979928016664,False
2785,13.925,0.054964207,0.0730981,0.097615756,0.056782346,0,2784,13.92,13.925231218338013,1,0.0728019475936889,0.9271979928016664,False
2786,13.93,0.025575764,0.06308435,0.10005325,0.05122011,0,2784,13.92,13.925231218338013,1,0.0728019475936889,0.9271979928016664,False
2787,13.935,-0.014696673,0.035113517,0.07840852,0.036669843,0,2784,13.92,13.925231218338013,1,0.0728019475936889,0.9271979928016664,False
2788,13.94,-0.04077079,0.010622176,0.050927743,0.031175068,0,2788,13.94,13.952406883239746,1,0.1265566498041153,0.8734433650970459,False
2789,13.945,-0.03839421,0.0030979004,0.032648966,0.04035214,0,2788,13.94,13.952406883239746,1,0.1265566498041153,0.8734433650970459,False
2790,13.95,-0.012496025,0.0100704795,0.02630946,0.054885466,0,2788,13.94,13.952406883239746,1,0.1265566498041153,0.8734433650970459,False
2791,13.955,0.019692127,0.019246656,0.024321027,0.061363406,0,2788,13.94,13.952406883239746,1,0.1265566498041153,0.8734433650970459,False
2792,13.96,0.0430531,0.021075383,0.017583808,0.054964706,0,2792,13.96,13.964349746704102,1,0.1883238404989242,0.8116761445999146,False
2793,13.965,0.05292512,0.015018231,0.0019187104,0.04119788,0,2792,13.96,13.964349746704102,1,0.1883238404989242,0.8116761445999146,False
2794,13.97,0.051948134,0.005205581,-0.022151139,0.026103027,0,2792,13.96,13.964349746704102,1,0.1883238404989242,0.8116761445999146,False
2795,13.975,0.042287983,-0.007201724,-0.05264301,0.006694153,0,2792,13.96,13.964349746704102,1,0.1883238404989242,0.8116761445999146,False
2796,13.98,0.022883736,-0.025492571,-0.08685947,-0.027169332,0,2796,13.98,13.984334945678713,1,0.2375819534063339,0.7624180316925049,False
2797,13.985,-0.0065825353,-0.051496115,-0.118903674,-0.080435075,0,2796,13.98,13.984334945678713,1,0.2375819534063339,0.7624180316925049,False
2798,13.99,-0.041174043,-0.07937862,-0.13808748,-0.14173017,0,2796,13.98,13.984334945678713,1,0.2375819534063339,0.7624180316925049,False
2799,13.995,-0.071279444,-0.09625433,-0.13206926,-0.18460383,0,2796,13.98,13.984334945678713,1,0.2375819534063339,0.7624180316925049,False
2800,14.0,-0.08765387,-0.089892656,-0.09409336,-0.18211745,0,2800,14.0,14.011232614517212,1,0.2129086107015609,0.7870913743972778,False
2801,14.005,-0.08609742,-0.057407867,-0.029425105,-0.12497158,0,2800,14.0,14.011232614517212,1,0.2129086107015609,0.7870913743972778,False
2802,14.01,-0.068133675,-0.007984508,0.04454822,-0.029897623,0,2800,14.0,14.011232614517212,1,0.2129086107015609,0.7870913743972778,False
2803,14.015,-0.03807319,0.042551085,0.106158555,0.06865872,0,2800,14.0,14.011232614517212,1,0.2129086107015609,0.7870913743972778,False
2804,14.02,0.00011744555,0.08097122,0.14062989,0.13838716,0,2804,14.02,14.027178525924684,1,0.0892160013318061,0.9107839465141296,False
2805,14.025,0.042871792,0.10236391,0.1465255,0.16623412,0,2804,14.02,14.027178525924684,1,0.0892160013318061,0.9107839465141296,False
2806,14.03,0.084136054,0.108559325,0.13283475,0.16067646,0,2804,14.02,14.027178525924684,1,0.0892160013318061,0.9107839465141296,False
2807,14.035,0.11359008,0.10256067,0.110115334,0.13951248,0,2804,14.02,14.027178525924684,1,0.0892160013318061,0.9107839465141296,False
2808,14.04,0.120073736,0.08552326,0.083891176,0.11516692,0,2808,14.04,14.04642391204834,1,0.1855151355266571,0.8144848942756653,False
2809,14.045,0.099187784,0.058757544,0.055005617,0.08943847,0,2808,14.04,14.04642391204834,1,0.1855151355266571,0.8144848942756653,False
2810,14.05,0.058589663,0.026872631,0.0240499,0.05903739,0,2808,14.04,14.04642391204834,1,0.1855151355266571,0.8144848942756653,False
2811,14.055,0.015132195,-0.0028416081,-0.0061632236,0.023675995,0,2808,14.04,14.04642391204834,1,0.1855151355266571,0.8144848942756653,False
2812,14.06,-0.015148526,-0.024717936,-0.032308023,-0.011466041,0,2812,14.06,14.060655117034912,1,0.0591455325484275,0.9408544898033142,False
2813,14.065,-0.026888266,-0.038345315,-0.053595245,-0.039945696,0,2812,14.06,14.060655117034912,1,0.0591455325484275,0.9408544898033142,False
2814,14.07,-0.028033318,-0.048456546,-0.072735175,-0.06014585,0,2812,14.06,14.060655117034912,1,0.0591455325484275,0.9408544898033142,False
2815,14.075,-0.03393863,-0.061994106,-0.094268575,-0.07803559,0,2812,14.06,14.060655117034912,1,0.0591455325484275,0.9408544898033142,False
2816,14.08,-0.05716776,-0.08456096,-0.1214821,-0.104174495,0,2816,14.08,14.087069272994995,1,0.1527515053749084,0.8472484946250916,False
2817,14.085,-0.09897317,-0.11682221,-0.1527404,-0.14569932,0,2816,14.08,14.087069272994995,1,0.1527515053749084,0.8472484946250916,False
2818,14.09,-0.14681257,-0.15108305,-0.17838359,-0.19721039,0,2816,14.08,14.087069272994995,1,0.1527515053749084,0.8472484946250916,False
2819,14.095,-0.17907418,-0.17056327,-0.18116929,-0.23701122,0,2816,14.08,14.087069272994995,1,0.1527515053749084,0.8472484946250916,False
2820,14.1,-0.17469868,-0.15486774,-0.1431897,-0.2341597,0,2820,14.1,14.103940725326538,1,0.1384472101926803,0.8615528345108032,False
2821,14.105,-0.12303973,-0.09138774,-0.057726502,-0.16546321,0,2820,14.1,14.103940725326538,1,0.1384472101926803,0.8615528345108032,False
2822,14.11,-0.029511917,0.013693951,0.061340686,-0.033171866,0,2820,14.1,14.103940725326538,1,0.1384472101926803,0.8615528345108032,False
2823,14.115,0.08505534,0.13335586,0.18098855,0.12934835,0,2820,14.1,14.103940725326538,1,0.1384472101926803,0.8615528345108032,False
2824,14.12,0.19090846,0.23036073,0.2633351,0.27064732,0,2824,14.12,14.11783242225647,1,0.0429938919842243,0.9570060968399048,False
2825,14.125,0.2596123,0.27532464,0.28498966,0.3468297,0,2824,14.12,14.11783242225647,1,0.0429938919842243,0.9570060968399048,False
2826,14.13,0.27450126,0.26085642,0.24859583,0.34348413,0,2824,14.12,14.11783242225647,1,0.0429938919842243,0.9570060968399048,False
2827,14.135,0.23658521,0.20234504,0.17825373,0.27895248,0,2824,14.12,14.11783242225647,1,0.0429938919842243,0.9570060968399048,False
2828,14.14,0.16227314,0.12534569,0.102145635,0.18740192,0,2828,14.14,14.14088535308838,1,0.0567089617252349,0.9432910680770874,False
2829,14.145,0.073929295,0.049364775,0.035400145,0.09542385,0,2828,14.14,14.14088535308838,1,0.0567089617252349,0.9432910680770874,False
2830,14.15,-0.010476922,-0.019927105,-0.024272582,0.010086548,0,2828,14.14,14.14088535308838,1,0.0567089617252349,0.9432910680770874,False
2831,14.155,-0.081768185,-0.08558829,-0.08634172,-0.07428872,0,2828,14.14,14.14088535308838,1,0.0567089617252349,0.9432910680770874,False
2832,14.16,-0.1367653,-0.14799984,-0.15270671,-0.15951124,0,2832,14.16,14.164008140563965,1,0.0262685436755418,0.9737314581871032,False
2833,14.165,-0.17365092,-0.19858736,-0.21144336,-0.2333834,0,2832,14.16,14.164008140563965,1,0.0262685436755418,0.9737314581871032,False
2834,14.17,-0.19116528,-0.22430179,-0.24371378,-0.2749865,0,2832,14.16,14.164008140563965,1,0.0262685436755418,0.9737314581871032,False
2835,14.175,-0.19096974,-0.21766736,-0.2368428,-0.26964554,0,2832,14.16,14.164008140563965,1,0.0262685436755418,0.9737314581871032,False
2836,14.18,-0.17763531,-0.1821743,-0.19221926,-0.2197019,0,2836,14.18,14.184119701385498,1,0.0670219361782074,0.9329780340194702,False
2837,14.185,-0.15412682,-0.12850633,-0.122805975,-0.14254029,0,2836,14.18,14.184119701385498,1,0.0670219361782074,0.9329780340194702,False
2838,14.19,-0.11809125,-0.06684295,-0.044578787,-0.059545815,0,2836,14.18,14.184119701385498,1,0.0670219361782074,0.9329780340194702,False
2839,14.195,-0.06503077,-0.0032942456,0.030223498,0.013727035,0,2836,14.18,14.184119701385498,1,0.0670219361782074,0.9329780340194702,False
2840,14.2,0.003839914,0.057908148,0.09447898,0.0700868,0,2840,14.2,14.204148054122925,1,0.040453802794218,0.9595462083816528,False
2841,14.205,0.07815984,0.11178816,0.14453605,0.1082361,0,2840,14.2,14.204148054122925,1,0.040453802794218,0.9595462083816528,False
2842,14.21,0.14422722,0.1539195,0.1790881,0.13062611,0,2840,14.2,14.204148054122925,1,0.040453802794218,0.9595462083816528,False
2843,14.215,0.19385433,0.1833484,0.19903308,0.14299956,0,2840,14.2,14.204148054122925,1,0.040453802794218,0.9595462083816528,False
2844,14.22,0.22612594,0.2018363,0.20639735,0.1526646,0,2844,14.22,14.220067977905272,1,0.0893414691090583,0.910658597946167,False
2845,14.225,0.24042529,0.20879212,0.20158789,0.16368869,0,2844,14.22,14.220067977905272,1,0.0893414691090583,0.910658597946167,False
2846,14.23,0.22994801,0.19758204,0.1809812,0.17204794,0,2844,14.22,14.220067977905272,1,0.0893414691090583,0.910658597946167,False
2847,14.235,0.18489926,0.15861996,0.13760206,0.16586743,0,2844,14.22,14.220067977905272,1,0.0893414691090583,0.910658597946167,False
2848,14.24,0.10344793,0.0876406,0.06553686,0.13217215,0,2848,14.24,14.247035264968872,1,0.0302746146917343,0.9697254300117492,False
2849,14.245,-0.0008919301,-0.008171019,-0.034110572,0.06576663,0,2848,14.24,14.247035264968872,1,0.0302746146917343,0.9697254300117492,False
2850,14.25,-0.103905566,-0.11160168,-0.14918454,-0.026067382,0,2848,14.24,14.247035264968872,1,0.0302746146917343,0.9697254300117492,False
2851,14.255,-0.18397671,-0.20265613,-0.25699756,-0.12576424,0,2848,14.24,14.247035264968872,1,0.0302746146917343,0.9697254300117492,False
2852,14.26,-0.23247758,-0.26534206,-0.32996595,-0.21206036,0,2852,14.26,14.2707097530365,1,0.0283312201499938,0.971668779850006,False
2853,14.265,-0.25300145,-0.28994614,-0.34477597,-0.26655158,0,2852,14.26,14.2707097530365,1,0.0283312201499938,0.971668779850006,False
2854,14.27,-0.2518415,-0.27235076,-0.29196182,-0.27793086,0,2852,14.26,14.2707097530365,1,0.0283312201499938,0.971668779850006,False
2855,14.275,-0.22946596,-0.21429256,-0.1819326,-0.2442601,0,2852,14.26,14.2707097530365,1,0.0283312201499938,0.971668779850006,False
2856,14.28,-0.18056324,-0.12526469,-0.04360881,-0.17358772,0,2856,14.28,14.284101724624634,1,0.0413080044090747,0.9586920142173768,False
2857,14.285,-0.10178909,-0.022486491,0.08582324,-0.08168151,0,2856,14.28,14.284101724624634,1,0.0413080044090747,0.9586920142173768,False
2858,14.29,9.514422e-05,0.074037306,0.17635679,0.013632047,0,2856,14.28,14.284101724624634,1,0.0413080044090747,0.9586920142173768,False
2859,14.295,0.106566936,0.1490352,0.21719424,0.09862666,0,2856,14.28,14.284101724624634,1,0.0413080044090747,0.9586920142173768,False
2860,14.3,0.1937116,0.19635248,0.2176345,0.16594273,0,2860,14.3,14.302822351455688,1,0.0404970832169055,0.959502935409546,False
2861,14.305,0.24285674,0.21753138,0.19698425,0.21218686,0,2860,14.3,14.302822351455688,1,0.0404970832169055,0.959502935409546,False
2862,14.31,0.24924195,0.21748814,0.17172857,0.23492116,0,2860,14.3,14.302822351455688,1,0.0404970832169055,0.959502935409546,False
2863,14.315,0.22331238,0.20145197,0.14862348,0.2328204,0,2860,14.3,14.302822351455688,1,0.0404970832169055,0.959502935409546,False
2864,14.32,0.18326586,0.17388216,0.12572525,0.2077351,0,2864,14.32,14.32013702392578,1,0.0556842610239982,0.9443157315254213,False
2865,14.325,0.1432444,0.13751997,0.09732989,0.16450422,0,2864,14.32,14.32013702392578,1,0.0556842610239982,0.9443157315254213,False
2866,14.33,0.10504362,0.09213453,0.058377538,0.10752131,0,2864,14.32,14.32013702392578,1,0.0556842610239982,0.9443157315254213,False
2867,14.335,0.059002962,0.034806535,0.0067926873,0.03791202,0,2864,14.32,14.32013702392578,1,0.0556842610239982,0.9443157315254213,False
2868,14.34,-0.0067594675,-0.036994264,-0.055872757,-0.044710808,0,2868,14.34,14.354942083358765,1,0.0255766324698925,0.974423348903656,False
2869,14.345,-0.09512794,-0.12095972,-0.12488262,-0.1367253,0,2868,14.34,14.354942083358765,1,0.0255766324698925,0.974423348903656,False
2870,14.35,-0.19391264,-0.20701759,-0.19296066,-0.22611411,0,2868,14.34,14.354942083358765,1,0.0255766324698925,0.974423348903656,False
2871,14.355,-0.27852887,-0.27792066,-0.25006175,-0.293462,0,2868,14.34,14.354942083358765,1,0.0255766324698925,0.974423348903656,False
2872,14.36,-0.32202756,-0.31354743,-0.282625,-0.3185105,0,2872,14.36,14.368382930755615,1,0.0571908392012119,0.9428091645240784,False
2873,14.365,-0.30717134,-0.2978181,-0.27503926,-0.28886068,0,2872,14.36,14.368382930755615,1,0.0571908392012119,0.9428091645240784,False
2874,14.37,-0.23429808,-0.22614267,-0.21595435,-0.20646848,0,2872,14.36,14.368382930755615,1,0.0571908392012119,0.9428091645240784,False
2875,14.375,-0.12125155,-0.110176615,-0.107645325,-0.08873942,0,2872,14.36,14.368382930755615,1,0.0571908392012119,0.9428091645240784,False
2876,14.38,0.0039011226,0.023615317,0.028578524,0.036757577,0,2876,14.38,14.382272005081177,1,0.0362813100218772,0.9637186527252196,False
2877,14.385,0.11324546,0.14275976,0.15763932,0.14210068,0,2876,14.38,14.382272005081177,1,0.0362813100218772,0.9637186527252196,False
2878,14.39,0.18788047,0.22154088,0.24585192,0.2089076,0,2876,14.38,14.382272005081177,1,0.0362813100218772,0.9637186527252196,False
2879,14.395,0.22242527,0.25091234,0.27668163,0.23345259,0,2876,14.38,14.382272005081177,1,0.0362813100218772,0.9637186527252196,False
2880,14.4,0.2243013,0.2397979,0.25646082,0.22484902,0,2880,14.4,14.410370826721191,1,0.0558637119829654,0.9441363215446472,False
2881,14.405,0.20809016,0.20718555,0.20678478,0.19811662,0,2880,14.4,14.410370826721191,1,0.0558637119829654,0.9441363215446472,False
2882,14.41,0.18668194,0.17001055,0.14984444,0.16626108,0,2880,14.4,14.410370826721191,1,0.0558637119829654,0.9441363215446472,False
2883,14.415,0.16348922,0.13431238,0.09699872,0.13514325,0,2880,14.4,14.410370826721191,1,0.0558637119829654,0.9441363215446472,False
2884,14.42,0.13143678,0.09508654,0.04723246,0.103023104,0,2884,14.42,14.42417573928833,1,0.0256658867001533,0.9743340611457824,False
2885,14.425,0.080814786,0.04435285,-0.0055854404,0.06430025,0,2884,14.42,14.42417573928833,1,0.0256658867001533,0.9743340611457824,False
2886,14.43,0.01020588,-0.01931181,-0.06368709,0.014742199,0,2884,14.42,14.42417573928833,1,0.0256658867001533,0.9743340611457824,False
2887,14.435,-0.069528066,-0.08774182,-0.12165745,-0.04520808,0,2884,14.42,14.42417573928833,1,0.0256658867001533,0.9743340611457824,False
2888,14.44,-0.1422102,-0.14849854,-0.16938545,-0.11044263,0,2888,14.44,14.45126247406006,1,0.0256030857563018,0.9743968844413756,False
2889,14.445,-0.19700001,-0.19238698,-0.19736332,-0.17289202,0,2888,14.44,14.45126247406006,1,0.0256030857563018,0.9743968844413756,False
2890,14.45,-0.23175828,-0.21584271,-0.19964963,-0.2228,0,2888,14.44,14.45126247406006,1,0.0256030857563018,0.9743968844413756,False
2891,14.455,-0.24692059,-0.21776672,-0.17439827,-0.24990742,0,2888,14.44,14.45126247406006,1,0.0256030857563018,0.9743968844413756,False
2892,14.46,-0.23865649,-0.19680126,-0.12489856,-0.24631378,0,2892,14.46,14.465129137039185,1,0.052307553589344,0.9476924538612366,False
2893,14.465,-0.20022495,-0.15316257,-0.061429884,-0.21038419,0,2892,14.46,14.465129137039185,1,0.052307553589344,0.9476924538612366,False
2894,14.47,-0.13009721,-0.0920276,6.284449e-05,-0.14796937,0,2892,14.46,14.465129137039185,1,0.052307553589344,0.9476924538612366,False
2895,14.475,-0.037401397,-0.02277964,0.04528067,-0.06865544,0,2892,14.46,14.465129137039185,1,0.052307553589344,0.9476924538612366,False
2896,14.48,0.061370626,0.046256382,0.07071305,0.019670146,0,2896,14.48,14.486224889755247,1,0.0375069007277488,0.9624931216239928,False
2897,14.485,0.15058246,0.111565635,0.08585419,0.11175195,0,2896,14.48,14.486224889755247,1,0.0375069007277488,0.9624931216239928,False
2898,14.49,0.22023402,0.17170508,0.1044885,0.19979014,0,2896,14.48,14.486224889755247,1,0.0375069007277488,0.9624931216239928,False
2899,14.495,0.26418447,0.22092137,0.13167298,0.26841322,0,2896,14.48,14.486224889755247,1,0.0375069007277488,0.9624931216239928,False
2900,14.5,0.27661952,0.24724968,0.15828533,0.29786003,0,2900,14.5,14.499679565429688,1,0.0933353304862976,0.9066646099090576,False
2901,14.505,0.25276923,0.23903196,0.16828598,0.2756304,0,2900,14.5,14.499679565429688,1,0.0933353304862976,0.9066646099090576,False
2902,14.51,0.19369851,0.1942755,0.15150145,0.20700754,0,2900,14.5,14.499679565429688,1,0.0933353304862976,0.9066646099090576,False
2903,14.515,0.10939142,0.12334321,0.10980241,0.11398816,0,2900,14.5,14.499679565429688,1,0.0933353304862976,0.9066646099090576,False
2904,14.52,0.015840756,0.042031143,0.052245073,0.022247171,0,2904,14.52,14.525778770446776,1,0.0264713279902935,0.9735286235809326,False
2905,14.525,-0.07191504,-0.038095437,-0.013647426,-0.053225964,0,2904,14.52,14.525778770446776,1,0.0264713279902935,0.9735286235809326,False
2906,14.53,-0.14517333,-0.11306348,-0.08448493,-0.1124218,0,2904,14.52,14.525778770446776,1,0.0264713279902935,0.9735286235809326,False
2907,14.535,-0.20174235,-0.18168491,-0.15571769,-0.1627233,0,2904,14.52,14.525778770446776,1,0.0264713279902935,0.9735286235809326,False
2908,14.54,-0.2416828,-0.2386135,-0.21581686,-0.20735629,0,2908,14.54,14.552363872528076,1,0.0278175100684165,0.9721825122833252,False
2909,14.545,-0.2620435,-0.27204058,-0.2474873,-0.23917127,0,2908,14.54,14.552363872528076,1,0.0278175100684165,0.9721825122833252,False
2910,14.55,-0.25438055,-0.2676687,-0.23587243,-0.2432875,0,2908,14.54,14.552363872528076,1,0.0278175100684165,0.9721825122833252,False
2911,14.555,-0.20787898,-0.21608828,-0.177331,-0.2060208,0,2908,14.54,14.552363872528076,1,0.0278175100684165,0.9721825122833252,False
2912,14.56,-0.11803753,-0.119747505,-0.08281461,-0.1248529,0,2912,14.56,14.56178855895996,1,0.0409113951027393,0.9590886235237122,False
2913,14.565,0.004015652,0.0037680315,0.02547185,-0.014054491,0,2912,14.56,14.56178855895996,1,0.0409113951027393,0.9590886235237122,False
2914,14.57,0.1297894,0.12501152,0.1218859,0.09810112,0,2912,14.56,14.56178855895996,1,0.0409113951027393,0.9590886235237122,False
2915,14.575,0.22403961,0.21321376,0.18636566,0.1808104,0,2912,14.56,14.56178855895996,1,0.0409113951027393,0.9590886235237122,False
2916,14.58,0.26269853,0.24974938,0.2110868,0.21527822,0,2916,14.58,14.588868618011476,1,0.0380732007324695,0.961926817893982,False
2917,14.585,0.24527077,0.23603997,0.2013334,0.2030277,0,2916,14.58,14.588868618011476,1,0.0380732007324695,0.961926817893982,False
2918,14.59,0.19174638,0.18971635,0.16960473,0.16192314,0,2916,14.58,14.588868618011476,1,0.0380732007324695,0.961926817893982,False
2919,14.595,0.12675056,0.13162139,0.12670599,0.11285828,0,2916,14.58,14.588868618011476,1,0.0380732007324695,0.961926817893982,False
2920,14.6,0.064536944,0.07385066,0.07652043,0.06732554,0,2920,14.6,14.602856397628784,1,0.0347394682466983,0.9652605056762696,False
2921,14.605,0.0066292146,0.017699642,0.018340357,0.024732722,0,2920,14.6,14.602856397628784,1,0.0347394682466983,0.9652605056762696,False
2922,14.61,-0.04896358,-0.039031096,-0.04626681,-0.020502808,0,2920,14.6,14.602856397628784,1,0.0347394682466983,0.9652605056762696,False
2923,14.615,-0.09879185,-0.09410709,-0.109299675,-0.06998563,0,2920,14.6,14.602856397628784,1,0.0347394682466983,0.9652605056762696,False
2924,14.62,-0.13479012,-0.1399642,-0.15900943,-0.118233316,0,2924,14.62,14.623896598815918,1,0.0248077772557735,0.9751921892166138,False
2925,14.625,-0.15226354,-0.16903073,-0.18629375,-0.15612514,0,2924,14.62,14.623896598815918,1,0.0248077772557735,0.9751921892166138,False
2926,14.63,-0.15431763,-0.17814396,-0.18811554,-0.17558126,0,2924,14.62,14.623896598815918,1,0.0248077772557735,0.9751921892166138,False
2927,14.635,-0.14683713,-0.1673676,-0.16528334,-0.17097844,0,2924,14.62,14.623896598815918,1,0.0248077772557735,0.9751921892166138,False
2928,14.64,-0.1298618,-0.13610989,-0.11874193,-0.13834567,0,2928,14.64,14.638141870498655,1,0.0691661685705185,0.9308338165283204,False
2929,14.645,-0.09605605,-0.08287175,-0.050057303,-0.07649046,0,2928,14.64,14.638141870498655,1,0.0691661685705185,0.9308338165283204,False
2930,14.65,-0.039242964,-0.010140135,0.033893786,0.008858787,0,2928,14.64,14.638141870498655,1,0.0691661685705185,0.9308338165283204,False
2931,14.655,0.035513,0.07115338,0.11813875,0.102136984,0,2928,14.64,14.638141870498655,1,0.0691661685705185,0.9308338165283204,False
2932,14.66,0.11105064,0.14376509,0.1837863,0.1812437,0,2932,14.66,14.669548988342283,1,0.0379441939294338,0.962055802345276,False
2933,14.665,0.16788739,0.19211866,0.21679375,0.22661021,0,2932,14.66,14.669548988342283,1,0.0379441939294338,0.962055802345276,False
2934,14.67,0.19545121,0.20906465,0.21369691,0.2296567,0,2932,14.66,14.669548988342283,1,0.0379441939294338,0.962055802345276,False
2935,14.675,0.19492221,0.19590914,0.17976542,0.19441433,0,2932,14.66,14.669548988342283,1,0.0379441939294338,0.962055802345276,False
2936,14.68,0.17284968,0.15750624,0.122870095,0.13223256,0,2936,14.68,14.683886766433716,1,0.1217006891965866,0.878299355506897,False
2937,14.685,0.13328998,0.098660275,0.049934253,0.055126276,0,2936,14.68,14.683886766433716,1,0.1217006891965866,0.878299355506897,False
2938,14.69,0.076096475,0.025062991,-0.03145472,-0.027075995,0,2936,14.68,14.683886766433716,1,0.1217006891965866,0.878299355506897,False
2939,14.695,0.0017595314,-0.054181635,-0.11031628,-0.105739854,0,2936,14.68,14.683886766433716,1,0.1217006891965866,0.878299355506897,False
2940,14.7,-0.08315579,-0.12729917,-0.17370081,-0.17236494,0,2940,14.7,14.70258331298828,1,0.0262748580425977,0.9737251400947572,False
2941,14.705,-0.16569497,-0.18447001,-0.21231587,-0.21992998,0,2940,14.7,14.70258331298828,1,0.0262748580425977,0.9737251400947572,False
2942,14.71,-0.23142594,-0.22171818,-0.2248765,-0.24489595,0,2940,14.7,14.70258331298828,1,0.0262748580425977,0.9737251400947572,False
2943,14.715,-0.26952314,-0.23925851,-0.21606728,-0.24634005,0,2940,14.7,14.70258331298828,1,0.0262748580425977,0.9737251400947572,False
2944,14.72,-0.27333346,-0.23504893,-0.18918265,-0.22189671,0,2944,14.72,14.71838116645813,1,0.0817049667239189,0.9182950854301452,False
2945,14.725,-0.23744632,-0.20035493,-0.14058168,-0.16520181,0,2944,14.72,14.71838116645813,1,0.0817049667239189,0.9182950854301452,False
2946,14.73,-0.15743501,-0.12424545,-0.062846154,-0.07034504,0,2944,14.72,14.71838116645813,1,0.0817049667239189,0.9182950854301452,False
2947,14.735,-0.036453046,-0.006365284,0.043951232,0.05727072,0,2944,14.72,14.71838116645813,1,0.0817049667239189,0.9182950854301452,False
2948,14.74,0.10587701,0.13217889,0.16227473,0.19265836,0,2948,14.74,14.744202136993408,1,0.0398354940116405,0.9601645469665528,False
2949,14.745,0.23332925,0.25193062,0.25944746,0.29627842,0,2948,14.74,14.744202136993408,1,0.0398354940116405,0.9601645469665528,False
2950,14.75,0.30790323,0.31440306,0.3042121,0.33370695,0,2948,14.74,14.744202136993408,1,0.0398354940116405,0.9601645469665528,False
2951,14.755,0.3118046,0.30514592,0.28637156,0.29739404,0,2948,14.74,14.744202136993408,1,0.0398354940116405,0.9601645469665528,False
2952,14.76,0.25910747,0.24236546,0.2234201,0.21287838,0,2952,14.76,14.764119386672974,1,0.0773210003972053,0.9226790070533752,False
2953,14.765,0.18571326,0.16314241,0.14752053,0.12243957,0,2952,14.76,14.764119386672974,1,0.0773210003972053,0.9226790070533752,False
2954,14.77,0.12408096,0.09751293,0.08266677,0.057482183,0,2952,14.76,14.764119386672974,1,0.0773210003972053,0.9226790070533752,False
2955,14.775,0.08234333,0.050537005,0.030387588,0.020495402,0,2952,14.76,14.764119386672974,1,0.0773210003972053,0.9226790070533752,False
2956,14.78,0.043508284,0.0051774345,-0.025178216,-0.01063897,0,2956,14.78,14.791176319122314,1,0.0255482904613018,0.9744516611099244,False
2957,14.785,-0.016374081,-0.058474246,-0.09851034,-0.061321583,0,2956,14.78,14.791176319122314,1,0.0255482904613018,0.9744516611099244,False
2958,14.79,-0.10642292,-0.14391755,-0.18637837,-0.13923462,0,2956,14.78,14.791176319122314,1,0.0255482904613018,0.9744516611099244,False
2959,14.795,-0.21137778,-0.232852,-0.2663172,-0.22804928,0,2956,14.78,14.791176319122314,1,0.0255482904613018,0.9744516611099244,False
2960,14.8,-0.29922196,-0.2956021,-0.30955416,-0.29751906,0,2960,14.8,14.794273376464844,1,0.0337075442075729,0.966292440891266,False
2961,14.805,-0.33896822,-0.30849582,-0.29799443,-0.32083565,0,2960,14.8,14.794273376464844,1,0.0337075442075729,0.966292440891266,False
2962,14.81,-0.31664363,-0.26657423,-0.23402245,-0.28788924,0,2960,14.8,14.794273376464844,1,0.0337075442075729,0.966292440891266,False
2963,14.815,-0.24058044,-0.18466984,-0.13818398,-0.20792843,0,2960,14.8,14.794273376464844,1,0.0337075442075729,0.966292440891266,False
2964,14.82,-0.13464229,-0.087609716,-0.03753797,-0.102205075,0,2964,14.82,14.818263292312622,1,0.038691159337759,0.9613088369369508,False
2965,14.825,-0.025173523,0.0033207252,0.0476448,0.007350313,0,2964,14.82,14.818263292312622,1,0.038691159337759,0.9613088369369508,False
2966,14.83,0.06978226,0.07879889,0.110943034,0.1059609,0,2964,14.82,14.818263292312622,1,0.038691159337759,0.9613088369369508,False
2967,14.835,0.14347224,0.14010443,0.157174,0.18642688,0,2964,14.82,14.818263292312622,1,0.038691159337759,0.9613088369369508,False
2968,14.84,0.19637592,0.19085523,0.19343351,0.24455805,0,2968,14.84,14.852271795272827,1,0.0420506782829761,0.9579493403434752,False
2969,14.845,0.23042458,0.22981772,0.22140498,0.27593803,0,2968,14.84,14.852271795272827,1,0.0420506782829761,0.9579493403434752,False
2970,14.85,0.24634217,0.25083837,0.23655766,0.2778235,0,2968,14.84,14.852271795272827,1,0.0420506782829761,0.9579493403434752,False
2971,14.855,0.24450703,0.24851663,0.23304667,0.25321057,0,2968,14.84,14.852271795272827,1,0.0420506782829761,0.9579493403434752,False
2972,14.86,0.2260218,0.22258575,0.20808446,0.21048811,0,2972,14.86,14.86390209197998,1,0.04552748426795,0.954472541809082,False
2973,14.865,0.19153889,0.17616864,0.16149649,0.15662137,0,2972,14.86,14.86390209197998,1,0.04552748426795,0.954472541809082,False
2974,14.87,0.13954642,0.110895835,0.09283979,0.0903371,0,2972,14.86,14.86390209197998,1,0.04552748426795,0.954472541809082,False
2975,14.875,0.06779778,0.026225887,0.0019738446,0.0042333696,0,2972,14.86,14.86390209197998,1,0.04552748426795,0.954472541809082,False
2976,14.88,-0.021812849,-0.07453197,-0.105238385,-0.103490174,0,2976,14.88,14.886385440826416,1,0.0246649179607629,0.9753350615501404,False
2977,14.885,-0.11954795,-0.17783676,-0.21179457,-0.21814868,0,2976,14.88,14.886385440826416,1,0.0246649179607629,0.9753350615501404,False
2978,14.89,-0.20980471,-0.26169395,-0.2923944,-0.31047046,0,2976,14.88,14.886385440826416,1,0.0246649179607629,0.9753350615501404,False
2979,14.895,-0.2775175,-0.3062583,-0.3248819,-0.35199538,0,2976,14.88,14.886385440826416,1,0.0246649179607629,0.9753350615501404,False
2980,14.9,-0.31305435,-0.30444333,-0.3022415,-0.3317542,0,2980,14.9,14.893883228302002,1,0.0394005589187145,0.9605994820594788,False
2981,14.905,-0.31180346,-0.26314908,-0.23550032,-0.26060334,0,2980,14.9,14.893883228302002,1,0.0394005589187145,0.9605994820594788,False
2982,14.91,-0.27103317,-0.1948133,-0.14527571,-0.16098696,0,2980,14.9,14.893883228302002,1,0.0394005589187145,0.9605994820594788,False
2983,14.915,-0.18971704,-0.10821068,-0.04925997,-0.052549794,0,2980,14.9,14.893883228302002,1,0.0394005589187145,0.9605994820594788,False
2984,14.92,-0.07329147,-0.0074410136,0.04411379,0.05404192,0,2984,14.92,14.918539047241213,1,0.0364677533507347,0.9635322093963624,False
2985,14.925,0.061131224,0.10086702,0.13183707,0.15227361,0,2984,14.92,14.918539047241213,1,0.0364677533507347,0.9635322093963624,False
2986,14.93,0.18584909,0.20089813,0.20794956,0.23211502,0,2984,14.92,14.918539047241213,1,0.0364677533507347,0.9635322093963624,False
2987,14.935,0.27216238,0.2702422,0.26017922,0.27947125,0,2984,14.92,14.918539047241213,1,0.0364677533507347,0.9635322093963624,False
2988,14.94,0.3031665,0.29145575,0.27562895,0.28422365,0,2988,14.94,14.94411301612854,1,0.0468003489077091,0.9531996846199036,False
2989,14.945,0.28076413,0.2630596,0.25005233,0.24858299,0,2988,14.94,14.94411301612854,1,0.0468003489077091,0.9531996846199036,False
2990,14.95,0.22180396,0.20009853,0.19152007,0.18659918,0,2988,14.94,14.94411301612854,1,0.0468003489077091,0.9531996846199036,False
2991,14.955,0.14677791,0.12365932,0.115155384,0.11465067,0,2988,14.94,14.94411301612854,1,0.0468003489077091,0.9531996846199036,False
2992,14.96,0.070171125,0.048708767,0.034641273,0.04208934,0,2992,14.96,14.964202404022217,1,0.026512561365962,0.973487377166748,False
2993,14.965,-0.0009740326,-0.019678272,-0.041554198,-0.02923663,0,2992,14.96,14.964202404022217,1,0.026512561365962,0.973487377166748,False
2994,14.97,-0.062047165,-0.080732025,-0.10782562,-0.09769765,0,2992,14.96,14.964202404022217,1,0.026512561365962,0.973487377166748,False
2995,14.975,-0.106966585,-0.13115545,-0.15850678,-0.15614305,0,2992,14.96,14.964202404022217,1,0.026512561365962,0.973487377166748,False
2996,14.98,-0.13038093,-0.16467933,-0.18893385,-0.19436336,0,2996,14.98,14.98425793647766,1,0.0264755189418792,0.9735244512557985,False
2997,14.985,-0.13324507,-0.1771754,-0.19829807,-0.20647742,0,2996,14.98,14.98425793647766,1,0.0264755189418792,0.9735244512557985,False
2998,14.99,-0.12488478,-0.1705358,-0.1893004,-0.19478375,0,2996,14.98,14.98425793647766,1,0.0264755189418792,0.9735244512557985,False
2999,14.995,-0.11833087,-0.15134563,-0.16464159,-0.16677544,0,2996,14.98,14.98425793647766,1,0.0264755189418792,0.9735244512557985,False
3000,15.0,-0.12226669,-0.12674952,-0.12559964,-0.12993513,0,3000,15.0,14.99411153793335,1,0.0467397198081016,0.9532602429389954,False
3001,15.005,-0.13508007,-0.10128322,-0.07506773,-0.08939735,0,3000,15.0,14.99411153793335,1,0.0467397198081016,0.9532602429389954,False
3002,15.01,-0.14376508,-0.07493836,-0.020071542,-0.047617435,0,3000,15.0,14.99411153793335,1,0.0467397198081016,0.9532602429389954,False
3003,15.015,-0.12807953,-0.041728076,0.031776816,-0.002905642,0,3000,15.0,14.99411153793335,1,0.0467397198081016,0.9532602429389954,False
3004,15.02,-0.07027533,0.008453742,0.07878938,0.051218014,0,3004,15.02,15.021222591400146,1,0.0427120812237262,0.9572879672050476,False
3005,15.025,0.03148123,0.08129452,0.12529635,0.120330356,0,3004,15.02,15.021222591400146,1,0.0427120812237262,0.9572879672050476,False
3006,15.03,0.1539811,0.16689347,0.17235775,0.19800332,0,3004,15.02,15.021222591400146,1,0.0427120812237262,0.9572879672050476,False
3007,15.035,0.25475958,0.23767218,0.20890734,0.26043415,0,3004,15.02,15.021222591400146,1,0.0427120812237262,0.9572879672050476,False
3008,15.04,0.29440972,0.2625553,0.21572162,0.277068,0,3008,15.04,15.044479846954346,1,0.0746504887938499,0.9253495335578918,False
3009,15.045,0.26125145,0.22880791,0.1815151,0.23236708,0,3008,15.04,15.044479846954346,1,0.0746504887938499,0.9253495335578918,False
3010,15.05,0.1782806,0.15253115,0.115782335,0.14013499,0,3008,15.04,15.044479846954346,1,0.0746504887938499,0.9253495335578918,False
3011,15.055,0.08571243,0.067246474,0.044191256,0.03610941,0,3008,15.04,15.044479846954346,1,0.0746504887938499,0.9253495335578918,False
3012,15.06,0.01369698,7.458547e-05,-0.010709849,-0.045938317,0,3012,15.06,15.066084623336792,1,0.0281492341309785,0.97185081243515,False
3013,15.065,-0.032486103,-0.0439124,-0.045792796,-0.09449187,0,3012,15.06,15.066084623336792,1,0.0281492341309785,0.97185081243515,False
3014,15.07,-0.06576705,-0.07751723,-0.07572386,-0.121287994,0,3012,15.06,15.066084623336792,1,0.0281492341309785,0.97185081243515,False
3015,15.075,-0.09992394,-0.11453864,-0.115785584,-0.14533353,0,3012,15.06,15.066084623336792,1,0.0281492341309785,0.97185081243515,False
3016,15.08,-0.13857763,-0.15686658,-0.16573769,-0.17561683,0,3016,15.08,15.08619236946106,1,0.0555327981710433,0.9444672465324402,False
3017,15.085,-0.17676796,-0.19500883,-0.20892571,-0.20580792,0,3016,15.08,15.08619236946106,1,0.0555327981710433,0.9444672465324402,False
3018,15.09,-0.20764112,-0.21734329,-0.22557479,-0.22142434,0,3016,15.08,15.08619236946106,1,0.0555327981710433,0.9444672465324402,False
3019,15.095,-0.22473371,-0.21709853,-0.20685583,-0.2102741,0,3016,15.08,15.08619236946106,1,0.0555327981710433,0.9444672465324402,False
3020,15.1,-0.21935096,-0.19195914,-0.15805995,-0.16793725,0,3020,15.1,15.101381063461304,1,0.0568821653723716,0.94311785697937,False
3021,15.105,-0.18015489,-0.14058457,-0.091128685,-0.09739065,0,3020,15.1,15.101381063461304,1,0.0568821653723716,0.94311785697937,False
3022,15.11,-0.09959208,-0.06267655,-0.015830427,-0.006734547,0,3020,15.1,15.101381063461304,1,0.0568821653723716,0.94311785697937,False
3023,15.115,0.016783264,0.036528014,0.06261331,0.09214404,0,3020,15.1,15.101381063461304,1,0.0568821653723716,0.94311785697937,False
3024,15.12,0.14652325,0.14250664,0.13958474,0.18445846,0,3024,15.12,15.12860918045044,1,0.0415045358240604,0.9584954977035522,False
3025,15.125,0.25663966,0.23343387,0.20652674,0.25448892,0,3024,15.12,15.12860918045044,1,0.0415045358240604,0.9584954977035522,False
3026,15.13,0.31724882,0.2878541,0.25087944,0.28892946,0,3024,15.12,15.12860918045044,1,0.0415045358240604,0.9584954977035522,False
3027,15.135,0.3150037,0.29370037,0.26120356,0.28082123,0,3024,15.12,15.12860918045044,1,0.0415045358240604,0.9584954977035522,False
3028,15.14,0.25894263,0.25363657,0.23404093,0.23283426,0,3028,15.14,15.144015312194824,1,0.1124470829963684,0.8875529170036316,False
3029,15.145,0.17510284,0.18367803,0.17736599,0.15794164,0,3028,15.14,15.144015312194824,1,0.1124470829963684,0.8875529170036316,False
3030,15.15,0.09218402,0.10521253,0.1071701,0.07532343,0,3028,15.14,15.144015312194824,1,0.1124470829963684,0.8875529170036316,False
3031,15.155,0.026416805,0.034237687,0.038446255,0.0017078413,0,3028,15.14,15.144015312194824,1,0.1124470829963684,0.8875529170036316,False
3032,15.16,-0.024673525,-0.025783867,-0.02321683,-0.057230745,0,3032,15.16,15.163885354995728,1,0.0251799542456865,0.9748200178146362,False
3033,15.165,-0.07541177,-0.08227681,-0.08248251,-0.1085661,0,3032,15.16,15.163885354995728,1,0.0251799542456865,0.9748200178146362,False
3034,15.17,-0.13714291,-0.14363989,-0.14600044,-0.16373928,0,3032,15.16,15.163885354995728,1,0.0251799542456865,0.9748200178146362,False
3035,15.175,-0.20642745,-0.20825554,-0.21142127,-0.22507578,0,3032,15.16,15.163885354995728,1,0.0251799542456865,0.9748200178146362,False
3036,15.18,-0.26502094,-0.2615841,-0.2636231,-0.27816245,0,3036,15.18,15.185094833374023,1,0.0500423870980739,0.949957549571991,False
3037,15.185,-0.29160538,-0.28476205,-0.28288248,-0.29828233,0,3036,15.18,15.185094833374023,1,0.0500423870980739,0.949957549571991,False
3038,15.19,-0.27608973,-0.26805878,-0.2590056,-0.26769513,0,3036,15.18,15.185094833374023,1,0.0500423870980739,0.949957549571991,False
3039,15.195,-0.22476986,-0.21703134,-0.19879137,-0.18968154,0,3036,15.18,15.185094833374023,1,0.0500423870980739,0.949957549571991,False
3040,15.2,-0.15203117,-0.14520104,-0.119365945,-0.08643643,0,3040,15.2,15.201879024505615,1,0.0400192625820636,0.9599807262420654,False
3041,15.205,-0.0668237,-0.060755573,-0.033696476,0.017550189,0,3040,15.2,15.201879024505615,1,0.0400192625820636,0.9599807262420654,False
3042,15.21,0.03179529,0.037701454,0.056605194,0.11051581,0,3040,15.2,15.201879024505615,1,0.0400192625820636,0.9599807262420654,False
3043,15.215,0.14417277,0.15001316,0.15295717,0.192307,0,3040,15.2,15.201879024505615,1,0.0400192625820636,0.9599807262420654,False
3044,15.22,0.25519246,0.2593659,0.2448557,0.26009265,0,3044,15.22,15.219996690750122,1,0.0416829548776149,0.9583170413970948,False
3045,15.225,0.33294266,0.33217117,0.3064039,0.29890567,0,3044,15.22,15.219996690750122,1,0.0416829548776149,0.9583170413970948,False
3046,15.23,0.34725818,0.3386824,0.31213343,0.29028422,0,3044,15.22,15.219996690750122,1,0.0416829548776149,0.9583170413970948,False
3047,15.235,0.29392087,0.2779656,0.2592925,0.23184459,0,3044,15.22,15.219996690750122,1,0.0416829548776149,0.9583170413970948,False
3048,15.24,0.20169543,0.18293564,0.1743946,0.14653313,0,3048,15.24,15.240232706069946,1,0.0395120605826377,0.960487961769104,False
3049,15.245,0.112994626,0.097516224,0.09491492,0.06878803,0,3048,15.24,15.240232706069946,1,0.0395120605826377,0.960487961769104,False
3050,15.25,0.053017326,0.044007484,0.040785693,0.018164752,0,3048,15.24,15.240232706069946,1,0.0395120605826377,0.960487961769104,False
3051,15.255,0.013776933,0.009160164,0.0013251351,-0.014935472,0,3048,15.24,15.240232706069946,1,0.0395120605826377,0.960487961769104,False
3052,15.26,-0.033162728,-0.038638122,-0.050099075,-0.05712435,0,3052,15.26,15.26777982711792,1,0.0264885444194078,0.9735114574432372,False
3053,15.265,-0.10700089,-0.116698645,-0.12691905,-0.12417957,0,3052,15.26,15.26777982711792,1,0.0264885444194078,0.9735114574432372,False
3054,15.27,-0.19767582,-0.2093015,-0.2125822,-0.20320815,0,3052,15.26,15.26777982711792,1,0.0264885444194078,0.9735114574432372,False
3055,15.275,-0.27262998,-0.27910355,-0.2716991,-0.26102334,0,3052,15.26,15.26777982711792,1,0.0264885444194078,0.9735114574432372,False
3056,15.28,-0.3029236,-0.29735565,-0.27897462,-0.27060863,0,3056,15.28,15.28396725654602,1,0.0753302425146102,0.9246698021888732,False
3057,15.285,-0.28452218,-0.2653121,-0.23946269,-0.23165981,0,3056,15.28,15.28396725654602,1,0.0753302425146102,0.9246698021888732,False
3058,15.29,-0.23647566,-0.20852882,-0.1817954,-0.16774984,0,3056,15.28,15.28396725654602,1,0.0753302425146102,0.9246698021888732,False
3059,15.295,-0.17975098,-0.15115471,-0.13107394,-0.104347385,0,3056,15.28,15.28396725654602,1,0.0753302425146102,0.9246698021888732,False
3060,15.3,-0.11796267,-0.09515148,-0.08696565,-0.048565246,0,3060,15.3,15.293835401535034,1,0.0369741953909397,0.9630258679389954,False
3061,15.305,-0.03848825,-0.0237146,-0.027651958,0.011261699,0,3060,15.3,15.293835401535034,1,0.0369741953909397,0.9630258679389954,False
3062,15.31,0.06744317,0.07509783,0.06401002,0.08693752,0,3060,15.3,15.293835401535034,1,0.0369741953909397,0.9630258679389954,False
3063,15.315,0.18551926,0.18758811,0.1767456,0.17112474,0,3060,15.3,15.293835401535034,1,0.0369741953909397,0.9630258679389954,False
3064,15.32,0.27959377,0.27688438,0.27211484,0.23635203,0,3064,15.32,15.31936526298523,1,0.0445365197956562,0.9554634690284728,False
3065,15.325,0.31436992,0.30755666,0.31038055,0.2542505,0,3064,15.32,15.31936526298523,1,0.0445365197956562,0.9554634690284728,False
3066,15.33,0.2807714,0.271315,0.27870992,0.21819782,0,3064,15.32,15.31936526298523,1,0.0445365197956562,0.9554634690284728,False
3067,15.335,0.20267014,0.19236991,0.19860503,0.14935848,0,3064,15.32,15.31936526298523,1,0.0445365197956562,0.9554634690284728,False
3068,15.34,0.11987101,0.10934668,0.10872858,0.08110162,0,3068,15.34,15.34394359588623,1,0.0271284859627485,0.9728715419769288,False
3069,15.345,0.061836924,0.04985702,0.039384007,0.035596006,0,3068,15.34,15.34394359588623,1,0.0271284859627485,0.9728715419769288,False
3070,15.35,0.0324624,0.01733116,-0.0016317598,0.011866059,0,3068,15.34,15.34394359588623,1,0.0271284859627485,0.9728715419769288,False
3071,15.355,0.014994001,-0.003113365,-0.025103336,-0.006960908,0,3068,15.34,15.34394359588623,1,0.0271284859627485,0.9728715419769288,False
3072,15.36,-0.010483667,-0.028659683,-0.046727404,-0.03608379,0,3072,15.36,15.3678081035614,1,0.02646697871387,0.973533034324646,False
3073,15.365,-0.052380547,-0.06670098,-0.0762127,-0.07673801,0,3072,15.36,15.3678081035614,1,0.02646697871387,0.973533034324646,False
3074,15.37,-0.10536941,-0.11362338,-0.1147546,-0.11761457,0,3072,15.36,15.3678081035614,1,0.02646697871387,0.973533034324646,False
3075,15.375,-0.1581368,-0.16085015,-0.15777424,-0.14579758,0,3072,15.36,15.3678081035614,1,0.02646697871387,0.973533034324646,False
3076,15.38,-0.20147319,-0.20014784,-0.19734165,-0.15628235,0,3076,15.38,15.38001036643982,1,0.0757691711187362,0.9242308139801024,False
3077,15.385,-0.2297542,-0.22405761,-0.22253972,-0.15247019,0,3076,15.38,15.38001036643982,1,0.0757691711187362,0.9242308139801024,False
3078,15.39,-0.2370262,-0.22387518,-0.22039558,-0.13889246,0,3076,15.38,15.38001036643982,1,0.0757691711187362,0.9242308139801024,False
3079,15.395,-0.2142356,-0.1901904,-0.18009588,-0.113983385,0,3076,15.38,15.38001036643982,1,0.0757691711187362,0.9242308139801024,False
3080,15.4,-0.15249024,-0.11795694,-0.09951491,-0.07026992,0,3080,15.4,15.404263019561768,1,0.0432078018784523,0.9567922353744508,False
3081,15.405,-0.05127584,-0.013116778,0.0101107815,-0.0028232415,0,3080,15.4,15.404263019561768,1,0.0432078018784523,0.9567922353744508,False
3082,15.41,0.074307024,0.104463644,0.12510696,0.08061638,0,3080,15.4,15.404263019561768,1,0.0432078018784523,0.9567922353744508,False
3083,15.415,0.19370572,0.20517948,0.21638185,0.15699929,1,3080,15.4,15.404263019561768,1,0.0432078018784523,0.9567922353744508,True
3084,15.42,0.27104375,0.26029104,0.25978586,0.19720766,1,3084,15.42,15.4186532497406,1,0.0427366085350513,0.9572633504867554,True
3085,15.425,0.2815538,0.25431356,0.24547084,0.18255967,1,3084,15.42,15.4186532497406,1,0.0427366085350513,0.9572633504867554,True
3086,15.43,0.2253301,0.19280516,0.18205754,0.11761363,1,3084,15.42,15.4186532497406,1,0.0427366085350513,0.9572633504867554,True
3087,15.435,0.12899695,0.100774504,0.09327776,0.029973788,1,3084,15.42,15.4186532497406,1,0.0427366085350513,0.9572633504867554,True
3088,15.44,0.032396685,0.011669197,0.008211377,-0.0435471,1,3088,15.44,15.44303297996521,1,0.0291561894118785,0.97084379196167,True
3089,15.445,-0.032444127,-0.047656167,-0.050307192,-0.076004095,1,3088,15.44,15.44303297996521,1,0.0291561894118785,0.97084379196167,True
3090,15.45,-0.05663444,-0.06800398,-0.07362071,-0.06321642,1,3088,15.44,15.44303297996521,1,0.0291561894118785,0.97084379196167,True
3091,15.455,-0.0541843,-0.05914858,-0.0683409,-0.023443498,1,3088,15.44,15.44303297996521,1,0.0291561894118785,0.97084379196167,True
3092,15.46,-0.047759887,-0.04135957,-0.05096684,0.014985904,1,3092,15.46,15.473878145217896,1,0.0364820659160614,0.963517963886261,True
3093,15.465,-0.052106664,-0.03278522,-0.03894474,0.029999077,1,3092,15.46,15.473878145217896,1,0.0364820659160614,0.963517963886261,True
3094,15.47,-0.06717972,-0.04036101,-0.042152666,0.016271653,1,3092,15.46,15.473878145217896,1,0.0364820659160614,0.963517963886261,True
3095,15.475,-0.083517924,-0.058841217,-0.058644034,-0.015359431,1,3092,15.46,15.473878145217896,1,0.0364820659160614,0.963517963886261,True
3096,15.48,-0.091993496,-0.076630406,-0.07677464,-0.04710544,1,3096,15.48,15.484081506729126,1,0.078913427889347,0.9210865497589112,True
3097,15.485,-0.08847806,-0.083042525,-0.082574725,-0.064552605,1,3096,15.48,15.484081506729126,1,0.078913427889347,0.9210865497589112,True
3098,15.49,-0.071832664,-0.07256384,-0.068117484,-0.061962787,1,3096,15.48,15.484081506729126,1,0.078913427889347,0.9210865497589112,True
3099,15.495,-0.04155243,-0.045747492,-0.036008686,-0.041920733,1,3096,15.48,15.484081506729126,1,0.078913427889347,0.9210865497589112,True
3100,15.5,-0.00020715935,-0.00864177,0.002445336,-0.012449609,1,3100,15.5,15.49948024749756,1,0.0582041665911674,0.9417958855628968,True
3101,15.505,0.042559776,0.02870971,0.033999987,0.01614055,1,3100,15.5,15.49948024749756,1,0.0582041665911674,0.9417958855628968,True
3102,15.51,0.0721371,0.055809807,0.050868183,0.034820065,1,3100,15.5,15.49948024749756,1,0.0582041665911674,0.9417958855628968,True
3103,15.515,0.078621425,0.06684119,0.054120246,0.03979416,1,3100,15.5,15.49948024749756,1,0.0582041665911674,0.9417958855628968,True
3104,15.52,0.06552645,0.06386508,0.051093172,0.03454008,1,3104,15.52,15.519800662994385,1,0.10806904733181,0.8919309377670288,True
3105,15.525,0.047716826,0.05471588,0.048987873,0.027308844,1,3104,15.52,15.519800662994385,1,0.10806904733181,0.8919309377670288,True
3106,15.53,0.0389749,0.046637412,0.049544998,0.024832958,1,3104,15.52,15.519800662994385,1,0.10806904733181,0.8919309377670288,True
3107,15.535,0.04041397,0.040843155,0.048593715,0.026823474,1,3104,15.52,15.519800662994385,1,0.10806904733181,0.8919309377670288,True
3108,15.54,0.040467866,0.032494623,0.040220834,0.025931254,1,3108,15.54,15.55286192893982,1,0.1408578753471374,0.8591421246528625,True
3109,15.545,0.026121184,0.015877277,0.021918356,0.013748833,1,3108,15.54,15.55286192893982,1,0.1408578753471374,0.8591421246528625,True
3110,15.55,-0.0049408353,-0.0095481165,-0.0029808807,-0.011399433,1,3108,15.54,15.55286192893982,1,0.1408578753471374,0.8591421246528625,True
3111,15.555,-0.041334603,-0.036893144,-0.026786005,-0.040908612,1,3108,15.54,15.55286192893982,1,0.1408578753471374,0.8591421246528625,True
3112,15.56,-0.06572403,-0.055244155,-0.041658513,-0.060015455,1,3112,15.56,15.567347288131714,1,0.2192266136407852,0.7807733416557312,True
3113,15.565,-0.066830136,-0.05679553,-0.044233434,-0.057555135,1,3112,15.56,15.567347288131714,1,0.2192266136407852,0.7807733416557312,True
3114,15.57,-0.047206245,-0.04291308,-0.03796901,-0.034533117,1,3112,15.56,15.567347288131714,1,0.2192266136407852,0.7807733416557312,True
3115,15.575,-0.021736888,-0.02413274,-0.031069325,-0.0045257807,1,3112,15.56,15.567347288131714,1,0.2192266136407852,0.7807733416557312,True
3116,15.58,-0.007655328,-0.012913415,-0.03036598,0.015358691,1,3116,15.58,15.574329376220703,1,0.1380431652069091,0.8619568347930908,True
3117,15.585,-0.012401971,-0.0140854325,-0.035367556,0.016465507,1,3116,15.58,15.574329376220703,1,0.1380431652069091,0.8619568347930908,True
3118,15.59,-0.02790242,-0.020994665,-0.037954234,0.004090487,1,3116,15.58,15.574329376220703,1,0.1380431652069091,0.8619568347930908,True
3119,15.595,-0.03611863,-0.021151602,-0.028983055,-0.007679099,1,3116,15.58,15.574329376220703,1,0.1380431652069091,0.8619568347930908,True
3120,15.6,-0.022344941,-0.0066515333,-0.006356233,-0.006925412,1,3120,15.6,15.593867778778076,1,0.23038050532341,0.7696195244789124,True
3121,15.605,0.013697188,0.019774543,0.022888746,0.00845358,1,3120,15.6,15.593867778778076,1,0.23038050532341,0.7696195244789124,True
3122,15.61,0.057146616,0.047553953,0.04803318,0.03125474,1,3120,15.6,15.593867778778076,1,0.23038050532341,0.7696195244789124,True
3123,15.615,0.08726131,0.065655135,0.061514445,0.050739534,1,3120,15.6,15.593867778778076,1,0.23038050532341,0.7696195244789124,True
3124,15.62,0.0890606,0.06727987,0.06054023,0.05776354,1,3124,15.62,15.637941837310793,1,0.3105449676513672,0.6894550323486328,True
3125,15.625,0.060209215,0.05012832,0.044482064,0.047142316,1,3124,15.62,15.637941837310793,1,0.3105449676513672,0.6894550323486328,True
3126,15.63,0.011571367,0.016681118,0.014848714,0.019545395,1,3124,15.62,15.637941837310793,1,0.3105449676513672,0.6894550323486328,True
3127,15.635,-0.036708336,-0.023006065,-0.019927885,-0.01605762,1,3124,15.62,15.637941837310793,1,0.3105449676513672,0.6894550323486328,True
3128,15.64,-0.0628,-0.051057525,-0.042491008,-0.043309525,1,3128,15.64,15.644187688827516,1,0.0834068655967712,0.9165931344032288,True
3129,15.645,-0.0540593,-0.050574135,-0.035846267,-0.046919193,1,3128,15.64,15.644187688827516,1,0.0834068655967712,0.9165931344032288,True
3130,15.65,-0.016464002,-0.020052824,0.00027098015,-0.025066126,1,3128,15.64,15.644187688827516,1,0.0834068655967712,0.9165931344032288,True
3131,15.655,0.026061317,0.020515537,0.042632055,0.005609352,1,3128,15.64,15.644187688827516,1,0.0834068655967712,0.9165931344032288,True
3132,15.66,0.04609784,0.041862573,0.058886513,0.020388454,1,3132,15.66,15.66425609588623,1,0.161481037735939,0.8385189175605774,True
3133,15.665,0.03189879,0.028223539,0.033678345,0.005953306,1,3132,15.66,15.66425609588623,1,0.161481037735939,0.8385189175605774,True
3134,15.67,-0.0048406697,-0.009808309,-0.017377205,-0.028053274,1,3132,15.66,15.66425609588623,1,0.161481037735939,0.8385189175605774,True
3135,15.675,-0.039851654,-0.04488468,-0.060121413,-0.056678865,1,3132,15.66,15.66425609588623,1,0.161481037735939,0.8385189175605774,True
3136,15.68,-0.055612624,-0.05583338,-0.069694646,-0.059912525,1,3136,15.68,15.684065580368042,1,0.2912913560867309,0.7087085843086243,True
3137,15.685,-0.051372077,-0.042323213,-0.04820373,-0.037088223,1,3136,15.68,15.684065580368042,1,0.2912913560867309,0.7087085843086243,True
3138,15.69,-0.03674359,-0.01938675,-0.017706487,-0.0035571386,1,3136,15.68,15.684065580368042,1,0.2912913560867309,0.7087085843086243,True
3139,15.695,-0.01878891,-0.00062063127,0.0016200095,0.024529373,1,3136,15.68,15.684065580368042,1,0.2912913560867309,0.7087085843086243,True
3140,15.7,0.0025109597,0.011657195,0.00603832,0.041302178,1,3140,15.7,15.694280862808228,1,0.2243994027376175,0.7756006121635437,True
3141,15.705,0.027130445,0.02151209,0.0043472634,0.049193777,1,3140,15.7,15.694280862808228,1,0.2243994027376175,0.7756006121635437,True
3142,15.71,0.047348253,0.029209306,0.0044981157,0.05014306,1,3140,15.7,15.694280862808228,1,0.2243994027376175,0.7756006121635437,True
3143,15.715,0.05132612,0.029628387,0.007058676,0.042308696,1,3140,15.7,15.694280862808228,1,0.2243994027376175,0.7756006121635437,True
3144,15.72,0.035700954,0.020766119,0.010280938,0.025683314,1,3144,15.72,15.719719171524048,1,0.3432744741439819,0.6567255258560181,True
3145,15.725,0.012512125,0.010120285,0.016461246,0.0076229316,1,3144,15.72,15.719719171524048,1,0.3432744741439819,0.6567255258560181,True
3146,15.73,0.00014175157,0.008636945,0.028961208,-0.0012369824,1,3144,15.72,15.719719171524048,1,0.3432744741439819,0.6567255258560181,True
3147,15.735,0.005582582,0.017530907,0.04323917,0.001958082,1,3144,15.72,15.719719171524048,1,0.3432744741439819,0.6567255258560181,True
3148,15.74,0.016504215,0.023715243,0.045243636,0.006943215,1,3148,15.74,15.744259357452393,1,0.3506111204624176,0.64938884973526,True
3149,15.745,0.01259658,0.011329809,0.023054872,-0.0014221395,1,3148,15.74,15.744259357452393,1,0.3506111204624176,0.64938884973526,True
3150,15.75,-0.014365907,-0.021285558,-0.01888353,-0.028285403,1,3148,15.74,15.744259357452393,1,0.3506111204624176,0.64938884973526,True
3151,15.755,-0.05134636,-0.056833588,-0.05889927,-0.062052548,1,3148,15.74,15.744259357452393,1,0.3506111204624176,0.64938884973526,True
3152,15.76,-0.073941156,-0.071829304,-0.07337267,-0.08241215,1,3152,15.76,15.763904571533203,1,0.3858231008052826,0.614176869392395,True
3153,15.765,-0.06505151,-0.05461937,-0.05416917,-0.07523052,1,3152,15.76,15.763904571533203,1,0.3858231008052826,0.614176869392395,True
3154,15.77,-0.026042895,-0.012706522,-0.012743648,-0.04125299,1,3152,15.76,15.763904571533203,1,0.3858231008052826,0.614176869392395,True
3155,15.775,0.02588239,0.03425705,0.030204302,0.006394006,1,3152,15.76,15.763904571533203,1,0.3858231008052826,0.614176869392395,True
3156,15.78,0.06804395,0.06660086,0.057626996,0.050495546,1,3156,15.78,15.784017324447632,1,0.3083246350288391,0.6916753053665161,True
3157,15.785,0.08211583,0.07237984,0.061480895,0.07665889,1,3156,15.78,15.784017324447632,1,0.3083246350288391,0.6916753053665161,True
3158,15.79,0.0608607,0.049781192,0.041747387,0.07720049,1,3156,15.78,15.784017324447632,1,0.3083246350288391,0.6916753053665161,True
3159,15.795,0.012348274,0.007843653,0.0058030537,0.053861316,1,3156,15.78,15.784017324447632,1,0.3083246350288391,0.6916753053665161,True
3160,15.8,-0.040623587,-0.03469789,-0.031027963,0.018638125,1,3160,15.8,15.794305562973022,0,0.6352701783180237,0.3647298514842987,False
3161,15.805,-0.06998686,-0.056508016,-0.049772155,-0.010813451,1,3160,15.8,15.794305562973022,0,0.6352701783180237,0.3647298514842987,False
3162,15.81,-0.0589731,-0.046329577,-0.039367132,-0.021364853,1,3160,15.8,15.794305562973022,0,0.6352701783180237,0.3647298514842987,False
3163,15.815,-0.014832826,-0.012201572,-0.0069760643,-0.013320792,1,3160,15.8,15.794305562973022,0,0.6352701783180237,0.3647298514842987,False
3164,15.82,0.03433984,0.022810943,0.024974389,0.00039273637,1,3164,15.82,15.833906412124634,0,0.8469432592391968,0.1530566960573196,False
3165,15.825,0.058907107,0.037315425,0.035719115,0.005255405,1,3164,15.82,15.833906412124634,0,0.8469432592391968,0.1530566960573196,False
3166,15.83,0.0483349,0.02692056,0.022432676,-0.0032561303,1,3164,15.82,15.833906412124634,0,0.8469432592391968,0.1530566960573196,False
3167,15.835,0.015876574,0.004491515,4.202881e-05,-0.018142143,1,3164,15.82,15.833906412124634,0,0.8469432592391968,0.1530566960573196,False
3168,15.84,-0.015713146,-0.013913668,-0.014922598,-0.02973796,1,3168,15.84,15.844162940979004,0,0.8515218496322632,0.1484781801700592,False
3169,15.845,-0.032952037,-0.022670304,-0.019308545,-0.034594625,1,3168,15.84,15.844162940979004,0,0.8515218496322632,0.1484781801700592,False
3170,15.85,-0.037769224,-0.026776578,-0.022023503,-0.035128906,1,3168,15.84,15.844162940979004,0,0.8515218496322632,0.1484781801700592,False
3171,15.855,-0.038276546,-0.030978149,-0.02979665,-0.03233987,1,3168,15.84,15.844162940979004,0,0.8515218496322632,0.1484781801700592,False
3172,15.86,-0.036629394,-0.031619847,-0.037115697,-0.021958245,1,3172,15.86,15.8639497756958,0,0.8833967447280884,0.1166032552719116,False
3173,15.865,-0.026825242,-0.020248577,-0.03132584,0.00054556277,1,3172,15.86,15.8639497756958,0,0.8833967447280884,0.1166032552719116,False
3174,15.87,-0.003026395,0.0059123943,-0.0065002344,0.03197785,1,3172,15.86,15.8639497756958,0,0.8833967447280884,0.1166032552719116,False
3175,15.875,0.03125378,0.038215585,0.028734934,0.060072448,1,3172,15.86,15.8639497756958,0,0.8833967447280884,0.1166032552719116,False
3176,15.88,0.06197117,0.06100157,0.05638007,0.0708721,1,3176,15.88,15.874295234680176,0,0.8861575126647949,0.1138425022363662,False
3177,15.885,0.07237612,0.06170465,0.06146189,0.05803367,1,3176,15.88,15.874295234680176,0,0.8861575126647949,0.1138425022363662,False
3178,15.89,0.05414368,0.038758427,0.041542586,0.026591796,1,3176,15.88,15.874295234680176,0,0.8861575126647949,0.1138425022363662,False
3179,15.895,0.014196309,0.002777083,0.007953876,-0.01021289,1,3176,15.88,15.874295234680176,0,0.8861575126647949,0.1138425022363662,False
3180,15.9,-0.027864637,-0.028914398,-0.020600261,-0.03753972,1,3180,15.9,15.903966665267944,0,0.8784789443016052,0.1215210407972335,False
3181,15.905,-0.05094633,-0.041413385,-0.02839609,-0.04533526,1,3180,15.9,15.903966665267944,0,0.8784789443016052,0.1215210407972335,False
3182,15.91,-0.04520798,-0.03037544,-0.011943405,-0.032576956,1,3180,15.9,15.903966665267944,0,0.8784789443016052,0.1215210407972335,False
3183,15.915,-0.017562948,-0.0044121766,0.017337484,-0.008007938,1,3180,15.9,15.903966665267944,0,0.8784789443016052,0.1215210407972335,False
3184,15.92,0.013658473,0.020081386,0.03970163,0.01374086,1,3184,15.92,15.919909715652466,0,0.8880003690719604,0.1119996607303619,False
3185,15.925,0.030385543,0.028520063,0.03930008,0.01964458,1,3184,15.92,15.919909715652466,0,0.8880003690719604,0.1119996607303619,False
3186,15.93,0.0243237,0.015788106,0.013501328,0.0053138915,1,3184,15.92,15.919909715652466,0,0.8880003690719604,0.1119996607303619,False
3187,15.935,-0.0011141943,-0.012697689,-0.027180148,-0.023076164,1,3184,15.92,15.919909715652466,0,0.8880003690719604,0.1119996607303619,False
3188,15.94,-0.03522925,-0.045762293,-0.067077674,-0.052962054,1,3188,15.94,15.934057712554932,0,0.884113609790802,0.115886390209198,False
3189,15.945,-0.065476,-0.07206323,-0.093589306,-0.07192057,1,3188,15.94,15.934057712554932,0,0.884113609790802,0.115886390209198,False
3190,15.95,-0.0802596,-0.08246599,-0.099638306,-0.07180261,1,3188,15.94,15.934057712554932,0,0.884113609790802,0.115886390209198,False
3191,15.955,-0.070344046,-0.070131764,-0.08170446,-0.049371988,1,3188,15.94,15.934057712554932,0,0.884113609790802,0.115886390209198,False
3192,15.96,-0.03230077,-0.03225081,-0.03924102,-0.006145438,1,3192,15.96,15.964109659194946,0,0.8895396590232849,0.1104603558778762,False
3193,15.965,0.026203314,0.025525998,0.021878364,0.05037855,1,3192,15.96,15.964109659194946,0,0.8895396590232849,0.1104603558778762,False
3194,15.97,0.08489906,0.08643518,0.08596673,0.10569318,1,3192,15.96,15.964109659194946,0,0.8895396590232849,0.1104603558778762,False
3195,15.975,0.1186846,0.12731613,0.13053891,0.14107642,1,3192,15.96,15.964109659194946,0,0.8895396590232849,0.1104603558778762,False
3196,15.98,0.11246909,0.13046712,0.13694833,0.14123125,1,3196,15.98,15.98421597480774,0,0.8860670924186707,0.1139328703284263,False
3197,15.985,0.07241234,0.09496004,0.10216238,0.10293338,1,3196,15.98,15.98421597480774,0,0.8860670924186707,0.1139328703284263,False
3198,15.99,0.022932045,0.038205102,0.042338308,0.038445633,1,3196,15.98,15.98421597480774,0,0.8860670924186707,0.1139328703284263,False
3199,15.995,-0.010476056,-0.014723776,-0.015965091,-0.029837571,1,3196,15.98,15.98421597480774,0,0.8860670924186707,0.1139328703284263,False
3200,16.0,-0.019680878,-0.046656374,-0.05155405,-0.08082543,1,3200,16.0,15.994279146194458,0,0.8313913941383362,0.1686085760593414,False
3201,16.005,-0.017882079,-0.056966458,-0.059923705,-0.104645796,1,3200,16.0,15.994279146194458,0,0.8313913941383362,0.1686085760593414,False
3202,16.01,-0.025119767,-0.056996245,-0.05198081,-0.10439498,1,3200,16.0,15.994279146194458,0,0.8313913941383362,0.1686085760593414,False
3203,16.015,-0.04820285,-0.057312377,-0.042376794,-0.089709416,1,3200,16.0,15.994279146194458,0,0.8313913941383362,0.1686085760593414,False
3204,16.02,-0.07367702,-0.05863071,-0.03793042,-0.06864545,1,3204,16.02,16.01409077644348,0,0.8845449090003967,0.1154550835490226,False
3205,16.025,-0.08038219,-0.053875286,-0.035251185,-0.044560082,1,3204,16.02,16.01409077644348,0,0.8845449090003967,0.1154550835490226,False
3206,16.03,-0.059395984,-0.037718542,-0.027537867,-0.01872245,1,3204,16.02,16.01409077644348,0,0.8845449090003967,0.1154550835490226,False
3207,16.035,-0.022288557,-0.013305527,-0.012747663,0.0062210727,1,3204,16.02,16.01409077644348,0,0.8845449090003967,0.1154550835490226,False
3208,16.04,0.009570482,0.01008626,0.004273712,0.026329223,1,3208,16.04,16.044107913970947,0,0.8887054324150085,0.111294500529766,False
3209,16.045,0.023517365,0.025000406,0.016307779,0.039233543,1,3208,16.04,16.044107913970947,0,0.8887054324150085,0.111294500529766,False
3210,16.05,0.024121795,0.030869804,0.01962811,0.045652635,1,3208,16.04,16.044107913970947,0,0.8887054324150085,0.111294500529766,False
3211,16.055,0.02488867,0.031848066,0.015988488,0.047569606,1,3208,16.04,16.044107913970947,0,0.8887054324150085,0.111294500529766,False
3212,16.06,0.032978043,0.03104532,0.010140841,0.04559784,1,3212,16.06,16.064059734344482,0,0.8896082639694214,0.110391728579998,False
3213,16.065,0.04242311,0.027828,0.006134214,0.039032165,1,3212,16.06,16.064059734344482,0,0.8896082639694214,0.110391728579998,False
3214,16.07,0.041268174,0.020280726,0.0053803506,0.028330427,1,3212,16.06,16.064059734344482,0,0.8896082639694214,0.110391728579998,False
3215,16.075,0.023835007,0.008798998,0.0067669037,0.016305065,1,3212,16.06,16.064059734344482,0,0.8896082639694214,0.110391728579998,False
3216,16.08,-0.004282707,-0.0037272784,0.0076638204,0.0058824597,1,3216,16.08,16.083850860595703,0,0.8854562640190125,0.1145437061786651,False
3217,16.085,-0.031597268,-0.01465831,0.005420347,-0.0029144394,1,3216,16.08,16.083850860595703,0,0.8854562640190125,0.1145437061786651,False
3218,16.09,-0.04884926,-0.023002334,-0.0004960238,-0.012430704,1,3216,16.08,16.083850860595703,0,0.8854562640190125,0.1145437061786651,False
3219,16.095,-0.05165419,-0.027424391,-0.0068251663,-0.02312708,1,3216,16.08,16.083850860595703,0,0.8854562640190125,0.1145437061786651,False
3220,16.1,-0.037991352,-0.024042686,-0.0075853746,-0.030619927,1,3220,16.1,16.094200134277344,0,0.8837239146232605,0.1162760183215141,False
3221,16.105,-0.0072931764,-0.008442075,0.001507293,-0.028472528,1,3220,16.1,16.094200134277344,0,0.8837239146232605,0.1162760183215141,False
3222,16.11,0.035483114,0.018528644,0.018355146,-0.014837489,1,3220,16.1,16.094200134277344,0,0.8837239146232605,0.1162760183215141,False
3223,16.115,0.07595745,0.04709166,0.034074303,0.0038996509,1,3220,16.1,16.094200134277344,0,0.8837239146232605,0.1162760183215141,False
3224,16.12,0.094386734,0.06230749,0.03825293,0.016854066,1,3224,16.12,16.11403179168701,0,0.8896586894989014,0.1103413328528404,False
3225,16.125,0.07799667,0.05380722,0.026232503,0.016730782,1,3224,16.12,16.11403179168701,0,0.8896586894989014,0.1103413328528404,False
3226,16.13,0.032054655,0.02384967,0.0027556315,0.004972246,1,3224,16.12,16.11403179168701,0,0.8896586894989014,0.1103413328528404,False
3227,16.135,-0.021074519,-0.013284972,-0.0209419,-0.010210353,1,3224,16.12,16.11403179168701,0,0.8896586894989014,0.1103413328528404,False
3228,16.14,-0.056008633,-0.040563103,-0.034549695,-0.020400703,1,3228,16.14,16.143892765045166,0,0.8851463198661804,0.1148536875844001,False
3229,16.145,-0.0610066,-0.04901035,-0.03517084,-0.02218386,1,3228,16.14,16.143892765045166,0,0.8851463198661804,0.1148536875844001,False
3230,16.15,-0.04399087,-0.04180164,-0.027996795,-0.01738459,1,3228,16.14,16.143892765045166,0,0.8851463198661804,0.1148536875844001,False
3231,16.155,-0.023777956,-0.02915828,-0.02075317,-0.009608782,1,3228,16.14,16.143892765045166,0,0.8851463198661804,0.1148536875844001,False
3232,16.16,-0.014919202,-0.01937521,-0.01686027,-0.0011026898,1,3232,16.16,16.163994789123535,0,0.889342188835144,0.1106578782200813,False
3233,16.165,-0.019019805,-0.014044632,-0.013628424,0.007360922,1,3232,16.16,16.163994789123535,0,0.889342188835144,0.1106578782200813,False
3234,16.17,-0.027901793,-0.010519669,-0.006943681,0.014497934,1,3232,16.16,16.163994789123535,0,0.889342188835144,0.1106578782200813,False
3235,16.175,-0.03255293,-0.0070054936,0.0029232395,0.017715786,1,3232,16.16,16.163994789123535,0,0.889342188835144,0.1106578782200813,False
3236,16.18,-0.028375505,-0.0038225313,0.010952634,0.015294894,1,3236,16.18,16.183937788009644,0,0.8905140161514282,0.1094859689474105,False
3237,16.185,-0.014470532,-0.0004917871,0.012634596,0.009207513,1,3236,16.18,16.183937788009644,0,0.8905140161514282,0.1094859689474105,False
3238,16.19,0.0073904777,0.005438839,0.008347824,0.004261712,1,3236,16.18,16.183937788009644,0,0.8905140161514282,0.1094859689474105,False
3239,16.195,0.030329749,0.014272802,0.0017604175,0.0029178364,1,3236,16.18,16.183937788009644,0,0.8905140161514282,0.1094859689474105,False
3240,16.2,0.041447494,0.019924587,-0.0049147382,0.0012319606,1,3240,16.2,16.193872690200806,0,0.8877009749412537,0.1122990623116493,False
3241,16.205,0.029563073,0.013719033,-0.011881649,-0.007884065,1,3240,16.2,16.193872690200806,0,0.8877009749412537,0.1122990623116493,False
3242,16.21,-0.001661904,-0.004690916,-0.017513726,-0.025465397,1,3240,16.2,16.193872690200806,0,0.8877009749412537,0.1122990623116493,False
3243,16.215,-0.029585604,-0.021399986,-0.015472323,-0.041004676,1,3240,16.2,16.193872690200806,0,0.8877009749412537,0.1122990623116493,False
3244,16.22,-0.027175384,-0.017327752,0.0008030379,-0.03868521,1,3244,16.22,16.223880290985107,0,0.8775995373725891,0.1224004402756691,False
3245,16.225,0.013096193,0.013586239,0.02954099,-0.011588974,1,3244,16.22,16.223880290985107,0,0.8775995373725891,0.1224004402756691,False
3246,16.23,0.06860572,0.05516835,0.057909526,0.029564483,1,3244,16.22,16.223880290985107,0,0.8775995373725891,0.1224004402756691,False
3247,16.235,0.102129444,0.08012106,0.070172824,0.06286668,1,3244,16.22,16.223880290985107,0,0.8775995373725891,0.1224004402756691,False
3248,16.24,0.0918486,0.0727381,0.06037269,0.07217979,1,3248,16.24,16.243924617767334,0,0.8903342485427856,0.1096658185124397,False
3249,16.245,0.0491124,0.042084664,0.03757262,0.059300847,1,3248,16.24,16.243924617767334,0,0.8903342485427856,0.1096658185124397,False
3250,16.25,0.0075188223,0.012921091,0.017992087,0.0400757,1,3248,16.24,16.243924617767334,0,0.8903342485427856,0.1096658185124397,False
3251,16.255,-0.0072245495,0.0026003013,0.010453753,0.028185867,1,3248,16.24,16.243924617767334,0,0.8903342485427856,0.1096658185124397,False
3252,16.26,0.00012611014,0.005229964,0.008056501,0.02186481,1,3252,16.26,16.264296531677246,0,0.8878438472747803,0.1121561452746391,False
3253,16.265,-0.0006022916,-0.00243807,-0.006040175,0.0060492493,1,3252,16.26,16.264296531677246,0,0.8878438472747803,0.1121561452746391,False
3254,16.27,-0.03663093,-0.038688164,-0.042998176,-0.031828783,1,3252,16.26,16.264296531677246,0,0.8878438472747803,0.1121561452746391,False
3255,16.275,-0.105348736,-0.097952545,-0.09594055,-0.08678773,1,3252,16.26,16.264296531677246,0,0.8878438472747803,0.1121561452746391,False
3256,16.28,-0.1725612,-0.1519621,-0.14172573,-0.13584572,1,3256,16.28,16.276386499404907,0,0.8868820667266846,0.1131179332733154,False
3257,16.285,-0.1974914,-0.16983554,-0.15605973,-0.15308319,1,3256,16.28,16.276386499404907,0,0.8868820667266846,0.1131179332733154,False
3258,16.29,-0.16267662,-0.13970664,-0.12977159,-0.12753236,1,3256,16.28,16.276386499404907,0,0.8868820667266846,0.1131179332733154,False
3259,16.295,-0.0834026,-0.07405908,-0.07301679,-0.069171205,1,3256,16.28,16.276386499404907,0,0.8868820667266846,0.1131179332733154,False
3260,16.3,0.008857839,0.0034955651,-0.0049339337,0.00058777217,1,3260,16.3,16.304086685180664,0,0.8850902915000916,0.114909641444683,False
3261,16.305,0.0906165,0.075525455,0.060518153,0.06383761,1,3260,16.3,16.304086685180664,0,0.8850902915000916,0.114909641444683,False
3262,16.31,0.15527149,0.13594417,0.11891527,0.11314684,1,3260,16.3,16.304086685180664,0,0.8850902915000916,0.114909641444683,False
3263,16.315,0.20229286,0.18126984,0.16724622,0.14682102,1,3260,16.3,16.304086685180664,0,0.8850902915000916,0.114909641444683,False
3264,16.32,0.2231998,0.2012968,0.19458018,0.16083522,1,3264,16.32,16.323928833007812,0,0.8841487765312195,0.1158512160181999,False
3265,16.325,0.20228565,0.18209241,0.18451856,0.14780486,1,3264,16.32,16.323928833007812,0,0.8841487765312195,0.1158512160181999,False
3266,16.33,0.13215005,0.11942447,0.1293348,0.104163334,1,3264,16.32,16.323928833007812,0,0.8841487765312195,0.1158512160181999,False
3267,16.335,0.027423434,0.028363716,0.04182746,0.037319284,1,3264,16.32,16.323928833007812,0,0.8841487765312195,0.1158512160181999,False
3268,16.34,-0.078234404,-0.061808493,-0.048284743,-0.035052206,1,3268,16.34,16.334283590316772,0,0.6739009022712708,0.3260990977287292,False
3269,16.345,-0.15039262,-0.12374769,-0.111749776,-0.09311649,1,3268,16.34,16.334283590316772,0,0.6739009022712708,0.3260990977287292,False
3270,16.35,-0.17243244,-0.14578989,-0.13618302,-0.12353609,1,3268,16.34,16.334283590316772,0,0.6739009022712708,0.3260990977287292,False
3271,16.355,-0.15079036,-0.13356729,-0.1284752,-0.123103425,1,3268,16.34,16.334283590316772,0,0.6739009022712708,0.3260990977287292,False
3272,16.36,-0.10548709,-0.10122479,-0.10378413,-0.09723465,1,3272,16.36,16.35411024093628,0,0.8579481840133667,0.1420518159866333,False
3273,16.365,-0.055745434,-0.0614955,-0.07297786,-0.056480233,1,3272,16.36,16.35411024093628,0,0.8579481840133667,0.1420518159866333,False
3274,16.37,-0.01201382,-0.022122072,-0.03938478,-0.013425352,1,3272,16.36,16.35411024093628,0,0.8579481840133667,0.1420518159866333,False
3275,16.375,0.021969086,0.011363799,-0.005008518,0.019854302,1,3272,16.36,16.35411024093628,0,0.8579481840133667,0.1420518159866333,False
3276,16.38,0.042877197,0.032392032,0.023008673,0.034574952,1,3276,16.38,16.38431215286255,0,0.8246675133705139,0.1753324717283249,False
3277,16.385,0.045898996,0.034958504,0.03420396,0.028303375,1,3276,16.38,16.38431215286255,0,0.8246675133705139,0.1753324717283249,False
3278,16.39,0.029734213,0.019320618,0.023952553,0.006881642,1,3276,16.38,16.38431215286255,0,0.8246675133705139,0.1753324717283249,False
3279,16.395,0.0023996604,-0.0044085924,0.0006424911,-0.016819112,1,3276,16.38,16.38431215286255,0,0.8246675133705139,0.1753324717283249,False
3280,16.4,-0.020002723,-0.01993732,-0.017198805,-0.02806365,1,3280,16.4,16.39402675628662,0,0.8764974474906921,0.1235025525093078,False
3281,16.405,-0.022463923,-0.014294029,-0.012617799,-0.017432317,1,3280,16.4,16.39402675628662,0,0.8764974474906921,0.1235025525093078,False
3282,16.41,-0.0010837268,0.013720573,0.018115569,0.0137727205,1,3280,16.4,16.39402675628662,0,0.8764974474906921,0.1235025525093078,False
3283,16.415,0.034102224,0.052149754,0.062200125,0.053157765,1,3280,16.4,16.39402675628662,0,0.8764974474906921,0.1235025525093078,False
3284,16.42,0.06531868,0.08218769,0.09698501,0.082611054,1,3284,16.42,16.41621685028076,0,0.8818272352218628,0.1181727573275566,False
3285,16.425,0.07734573,0.08803938,0.10219677,0.08709673,1,3284,16.42,16.41621685028076,0,0.8818272352218628,0.1181727573275566,False
3286,16.43,0.065024726,0.06487366,0.07099892,0.06244951,1,3284,16.42,16.41621685028076,0,0.8818272352218628,0.1181727573275566,False
3287,16.435,0.034160662,0.020993194,0.014121694,0.017760742,1,3284,16.42,16.41621685028076,0,0.8818272352218628,0.1181727573275566,False
3288,16.44,-0.0030936913,-0.026532117,-0.045370534,-0.02928203,1,3288,16.44,16.444105625152588,0,0.858745813369751,0.1412542015314102,False
3289,16.445,-0.03427528,-0.060174998,-0.08401988,-0.06143171,1,3288,16.44,16.444105625152588,0,0.858745813369751,0.1412542015314102,False
3290,16.45,-0.05071768,-0.06974228,-0.08968632,-0.06986772,1,3288,16.44,16.444105625152588,0,0.858745813369751,0.1412542015314102,False
3291,16.455,-0.049344208,-0.05593976,-0.066145286,-0.05674982,1,3288,16.44,16.444105625152588,0,0.858745813369751,0.1412542015314102,False
3292,16.46,-0.033353735,-0.028631585,-0.028610148,-0.03184092,1,3292,16.46,16.463958024978638,0,0.8862428665161133,0.1137570962309837,False
3293,16.465,-0.01168936,-0.0012915572,0.0058249696,-0.0062334994,1,3292,16.46,16.463958024978638,0,0.8862428665161133,0.1137570962309837,False
3294,16.47,0.0043934816,0.015552876,0.026481904,0.012910059,1,3292,16.46,16.463958024978638,0,0.8862428665161133,0.1137570962309837,False
3295,16.475,0.0077041565,0.018955804,0.03210638,0.024219751,1,3292,16.46,16.463958024978638,0,0.8862428665161133,0.1137570962309837,False
3296,16.48,0.00042400585,0.0140265785,0.02861554,0.030420411,1,3296,16.48,16.484116315841675,0,0.8865579962730408,0.1134420558810234,False
3297,16.485,-0.0070967698,0.009677969,0.024053898,0.034591004,1,3296,16.48,16.484116315841675,0,0.8865579962730408,0.1134420558810234,False
3298,16.49,-0.0049299942,0.011716851,0.023324953,0.036727533,1,3296,16.48,16.484116315841675,0,0.8865579962730408,0.1134420558810234,False
3299,16.495,0.006800798,0.017613472,0.02462392,0.03280393,1,3296,16.48,16.484116315841675,0,0.8865579962730408,0.1134420558810234,False
3300,16.5,0.016095374,0.01714366,0.019429227,0.017224502,1,3300,16.5,16.49429416656494,0,0.8886697888374329,0.1113302782177925,False
3301,16.505,0.008155629,-0.00022003699,-0.002354201,-0.012427297,1,3300,16.5,16.49429416656494,0,0.8886697888374329,0.1113302782177925,False
3302,16.51,-0.020919386,-0.03517592,-0.042962916,-0.05101818,1,3300,16.5,16.49429416656494,0,0.8886697888374329,0.1113302782177925,False
3303,16.515,-0.05693122,-0.07309379,-0.08874657,-0.0849625,1,3300,16.5,16.49429416656494,0,0.8886697888374329,0.1113302782177925,False
3304,16.52,-0.07415737,-0.08944949,-0.112345174,-0.09694385,1,3304,16.52,16.513940811157227,0,0.8735914826393127,0.1264085173606872,False
3305,16.525,-0.053186346,-0.06583649,-0.0891967,-0.07572169,1,3304,16.52,16.513940811157227,0,0.8735914826393127,0.1264085173606872,False
3306,16.53,0.0019216817,-0.0067219585,-0.01965569,-0.02604084,1,3304,16.52,16.513940811157227,0,0.8735914826393127,0.1264085173606872,False
3307,16.535,0.061473276,0.057637416,0.062513955,0.029648978,1,3304,16.52,16.513940811157227,0,0.8735914826393127,0.1264085173606872,False
3308,16.54,0.088538386,0.08919438,0.10865372,0.06286903,1,3308,16.54,16.54393696784973,0,0.8895179629325867,0.1104820743203163,False
3309,16.545,0.06675397,0.070413195,0.091205694,0.05871351,1,3308,16.54,16.54393696784973,0,0.8895179629325867,0.1104820743203163,False
3310,16.55,0.01488915,0.019527778,0.027578572,0.02805384,1,3308,16.54,16.54393696784973,0,0.8895179629325867,0.1104820743203163,False
3311,16.555,-0.026745243,-0.022784138,-0.03169787,1.5537069e-05,1,3308,16.54,16.54393696784973,0,0.8895179629325867,0.1104820743203163,False
3312,16.56,-0.028400214,-0.02566318,-0.04277668,-0.0008161592,1,3312,16.56,16.564032554626465,0,0.8744176626205444,0.1255823522806167,False
3313,16.565,0.006773823,0.00906481,-0.0015458106,0.027079249,1,3312,16.56,16.564032554626465,0,0.8744176626205444,0.1255823522806167,False
3314,16.57,0.049798068,0.053076603,0.058423497,0.06392299,1,3312,16.56,16.564032554626465,0,0.8744176626205444,0.1255823522806167,False
3315,16.575,0.072743304,0.077841945,0.09706006,0.086800516,1,3312,16.56,16.564032554626465,0,0.8744176626205444,0.1255823522806167,False
3316,16.58,0.0673744,0.07394114,0.09611774,0.08529341,1,3316,16.58,16.583998203277588,0,0.8858840465545654,0.1141159310936927,False
3317,16.585,0.040582124,0.048063166,0.061729655,0.061777733,1,3316,16.58,16.583998203277588,0,0.8858840465545654,0.1141159310936927,False
3318,16.59,-0.0002037435,0.008783744,0.008879094,0.022380605,1,3316,16.58,16.583998203277588,0,0.8858840465545654,0.1141159310936927,False
3319,16.595,-0.049845923,-0.03837616,-0.049115386,-0.026975682,1,3316,16.58,16.583998203277588,0,0.8858840465545654,0.1141159310936927,False
3320,16.6,-0.09535115,-0.083215386,-0.097738445,-0.07589181,1,3320,16.6,16.59397578239441,0,0.8850275278091431,0.1149724870920181,False
3321,16.605,-0.112966724,-0.10671871,-0.118435495,-0.10708858,1,3320,16.6,16.59397578239441,0,0.8850275278091431,0.1149724870920181,False
3322,16.61,-0.08540221,-0.09290318,-0.09861614,-0.105632834,1,3320,16.6,16.59397578239441,0,0.8850275278091431,0.1149724870920181,False
3323,16.615,-0.023921419,-0.046664182,-0.04663251,-0.07322463,1,3320,16.6,16.59397578239441,0,0.8850275278091431,0.1149724870920181,False
3324,16.62,0.032341525,0.0039176424,0.007881061,-0.031257737,1,3324,16.62,16.61413550376892,0,0.8864142894744873,0.1135857626795768,False
3325,16.625,0.045689546,0.027422598,0.03388675,-0.006080266,1,3324,16.62,16.61413550376892,0,0.8864142894744873,0.1135857626795768,False
3326,16.63,0.011692133,0.013669102,0.021819884,-0.008534478,1,3324,16.62,16.61413550376892,0,0.8864142894744873,0.1135857626795768,False
3327,16.635,-0.03724568,-0.019616561,-0.011486507,-0.026340809,1,3324,16.62,16.61413550376892,0,0.8864142894744873,0.1135857626795768,False
3328,16.64,-0.059352454,-0.04247,-0.038131706,-0.03551402,1,3328,16.64,16.644222259521484,0,0.8844970464706421,0.1155029460787773,False
3329,16.645,-0.035741705,-0.035102,-0.03892293,-0.019776251,1,3328,16.64,16.644222259521484,0,0.8844970464706421,0.1155029460787773,False
3330,16.65,0.019187354,0.00060066575,-0.012617053,0.018065032,1,3328,16.64,16.644222259521484,0,0.8844970464706421,0.1155029460787773,False
3331,16.655,0.07239998,0.04529129,0.027117126,0.05959769,1,3328,16.64,16.644222259521484,0,0.8844970464706421,0.1155029460787773,False
3332,16.66,0.09553421,0.07547213,0.06066879,0.08401031,1,3332,16.66,16.664008140563965,0,0.8900901079177856,0.1099099367856979,False
3333,16.665,0.08025156,0.07709953,0.07254213,0.08102736,1,3332,16.66,16.664008140563965,0,0.8900901079177856,0.1099099367856979,False
3334,16.67,0.039639946,0.05296523,0.05958982,0.055984512,1,3332,16.66,16.664008140563965,0,0.8900901079177856,0.1099099367856979,False
3335,16.675,-0.0022237452,0.019743325,0.03262886,0.0248064,1,3332,16.66,16.664008140563965,0,0.8900901079177856,0.1099099367856979,False
3336,16.68,-0.02635217,-0.004440143,0.008039074,0.0025050803,1,3336,16.68,16.68435001373291,0,0.8789405822753906,0.1210593953728675,False
3337,16.685,-0.03073969,-0.013237446,-0.00529941,-0.0066583897,1,3336,16.68,16.68435001373291,0,0.8789405822753906,0.1210593953728675,False
3338,16.69,-0.028623676,-0.01461762,-0.011516748,-0.009749543,1,3336,16.68,16.68435001373291,0,0.8789405822753906,0.1210593953728675,False
3339,16.695,-0.03339484,-0.019886106,-0.019592457,-0.016152991,1,3336,16.68,16.68435001373291,0,0.8789405822753906,0.1210593953728675,False
3340,16.7,-0.043514464,-0.029922709,-0.030176777,-0.027318835,1,3340,16.7,16.700857400894165,0,0.879328191280365,0.120671771466732,False
3341,16.705,-0.042773604,-0.03314248,-0.032638818,-0.034967292,1,3340,16.7,16.700857400894165,0,0.879328191280365,0.120671771466732,False
3342,16.71,-0.017108249,-0.01808218,-0.016950835,-0.02937283,1,3340,16.7,16.700857400894165,0,0.879328191280365,0.120671771466732,False
3343,16.715,0.027948787,0.0120704025,0.012022795,-0.00958145,1,3340,16.7,16.700857400894165,0,0.879328191280365,0.120671771466732,False
3344,16.72,0.06725273,0.038685996,0.03457506,0.014329656,1,3344,16.72,16.713860988616943,0,0.8881251811981201,0.1118748039007186,False
3345,16.725,0.07542854,0.042950723,0.032992914,0.029068919,1,3344,16.72,16.713860988616943,0,0.8881251811981201,0.1118748039007186,False
3346,16.73,0.04854674,0.023011183,0.009229552,0.028661953,1,3344,16.72,16.713860988616943,0,0.8881251811981201,0.1118748039007186,False
3347,16.735,0.007693051,-0.0039459965,-0.015236394,0.0180621,1,3344,16.72,16.713860988616943,0,0.8881251811981201,0.1118748039007186,False
3348,16.74,-0.019639337,-0.017483003,-0.019013265,0.0068823127,1,3348,16.74,16.74424409866333,0,0.8833622932434082,0.1166376620531082,False
3349,16.745,-0.02341814,-0.01285971,-0.0015744023,-0.0004221338,1,3348,16.74,16.74424409866333,0,0.8833622932434082,0.1166376620531082,False
3350,16.75,-0.017788462,-0.00479982,0.015446142,-0.008200368,1,3348,16.74,16.74424409866333,0,0.8833622932434082,0.1166376620531082,False
3351,16.755,-0.024296835,-0.011998404,0.0086818645,-0.023204636,1,3348,16.74,16.74424409866333,0,0.8833622932434082,0.1166376620531082,False
3352,16.76,-0.04803033,-0.03701981,-0.02378681,-0.044320207,1,3352,16.76,16.764333963394165,0,0.8897725343704224,0.1102274879813194,False
3353,16.765,-0.070245065,-0.0612355,-0.058578394,-0.059339765,1,3352,16.76,16.764333963394165,0,0.8897725343704224,0.1102274879813194,False
3354,16.77,-0.06517942,-0.06051156,-0.0665744,-0.053725533,1,3352,16.76,16.764333963394165,0,0.8897725343704224,0.1102274879813194,False
3355,16.775,-0.025273632,-0.027600776,-0.03832408,-0.024441538,1,3352,16.76,16.764333963394165,0,0.8897725343704224,0.1102274879813194,False
3356,16.78,0.029095355,0.019516068,0.0074211415,0.014334522,1,3356,16.78,16.784119129180908,0,0.8907155990600586,0.1092844456434249,False
3357,16.785,0.064643994,0.05139656,0.039326105,0.04044699,1,3356,16.78,16.784119129180908,0,0.8907155990600586,0.1092844456434249,False
3358,16.79,0.061601546,0.05094467,0.039192498,0.0409452,1,3356,16.78,16.784119129180908,0,0.8907155990600586,0.1092844456434249,False
3359,16.795,0.028555572,0.026281746,0.015476359,0.02210771,1,3356,16.78,16.784119129180908,0,0.8907155990600586,0.1092844456434249,False
3360,16.8,-0.0061725113,0.0019054549,-0.006270139,0.0031810487,1,3360,16.8,16.794025897979736,0,0.8870663046836853,0.1129337474703788,False
3361,16.805,-0.017978858,-0.003031183,-0.006473363,-0.00042058557,1,3360,16.8,16.794025897979736,0,0.8870663046836853,0.1129337474703788,False
3362,16.81,-0.003933484,0.010436658,0.012693864,0.010862055,1,3360,16.8,16.794025897979736,0,0.8870663046836853,0.1129337474703788,False
3363,16.815,0.018600466,0.025367094,0.03202651,0.02374533,1,3360,16.8,16.794025897979736,0,0.8870663046836853,0.1129337474703788,False
3364,16.82,0.028899943,0.026295837,0.034490295,0.025814302,1,3364,16.82,16.81431293487549,0,0.8872168660163879,0.1127830892801284,False
3365,16.825,0.01921969,0.012457195,0.020226352,0.01611176,1,3364,16.82,16.81431293487549,0,0.8872168660163879,0.1127830892801284,False
3366,16.83,-0.0022608044,-0.004327142,0.004121191,0.0035060714,1,3364,16.82,16.81431293487549,0,0.8872168660163879,0.1127830892801284,False
3367,16.835,-0.02083923,-0.012329719,0.0001530505,-0.0032608558,1,3364,16.82,16.81431293487549,0,0.8872168660163879,0.1127830892801284,False
3368,16.84,-0.026301721,-0.009498968,0.008555762,-0.002773382,1,3368,16.84,16.853923320770264,0,0.8820699453353882,0.11793003231287,False
3369,16.845,-0.017313464,-0.0022223447,0.01718441,0.00048501542,1,3368,16.84,16.853923320770264,0,0.8820699453353882,0.11793003231287,False
3370,16.85,0.00031760495,0.0022945963,0.013739342,0.0020114386,1,3368,16.84,16.853923320770264,0,0.8820699453353882,0.11793003231287,False
3371,16.855,0.017009852,0.0010191048,-0.0037432425,0.0002533288,1,3368,16.84,16.853923320770264,0,0.8820699453353882,0.11793003231287,False
3372,16.86,0.022947121,-0.0055644675,-0.026653776,-0.0049049878,1,3372,16.86,16.86948585510254,0,0.8902217149734497,0.109778307378292,False
3373,16.865,0.013104077,-0.015573616,-0.043517776,-0.013634444,1,3372,16.86,16.86948585510254,0,0.8902217149734497,0.109778307378292,False
3374,16.87,-0.0077279904,-0.025490012,-0.04746217,-0.024447087,1,3372,16.86,16.86948585510254,0,0.8902217149734497,0.109778307378292,False
3375,16.875,-0.025462776,-0.029458053,-0.038360924,-0.032119084,1,3372,16.86,16.86948585510254,0,0.8902217149734497,0.109778307378292,False
3376,16.88,-0.025934454,-0.022208566,-0.02088994,-0.030079037,1,3376,16.88,16.884092092514038,0,0.8904157876968384,0.109584204852581,False
3377,16.885,-0.007230972,-0.004872801,-0.0020224822,-0.016787829,1,3376,16.88,16.884092092514038,0,0.8904157876968384,0.109584204852581,False
3378,16.89,0.016143635,0.012680213,0.010955846,0.00052778696,1,3376,16.88,16.884092092514038,0,0.8904157876968384,0.109584204852581,False
3379,16.895,0.023330798,0.017827636,0.013155206,0.010299798,1,3376,16.88,16.884092092514038,0,0.8904157876968384,0.109584204852581,False
3380,16.9,0.0046489495,0.0060257553,0.0054261107,0.0065338775,1,3380,16.9,16.894303560256958,0,0.8906593918800354,0.1093406379222869,False
3381,16.905,-0.0282699,-0.013249915,-0.004534143,-0.0048922063,1,3380,16.9,16.894303560256958,0,0.8906593918800354,0.1093406379222869,False
3382,16.91,-0.04942521,-0.022046523,-0.0058845324,-0.010036777,1,3380,16.9,16.894303560256958,0,0.8906593918800354,0.1093406379222869,False
3383,16.915,-0.037926067,-0.0075565437,0.0081821345,0.0018572405,1,3380,16.9,16.894303560256958,0,0.8906593918800354,0.1093406379222869,False
3384,16.92,0.005003148,0.02673308,0.034439325,0.028834473,1,3384,16.92,16.933945417404175,0,0.887884259223938,0.1121157631278038,False
3385,16.925,0.05449481,0.061006173,0.059011742,0.05579964,1,3384,16.92,16.933945417404175,0,0.887884259223938,0.1121157631278038,False
3386,16.93,0.07739945,0.07067057,0.063463844,0.06343586,1,3384,16.92,16.933945417404175,0,0.887884259223938,0.1121157631278038,False
3387,16.935,0.054482356,0.042565484,0.035923675,0.04074699,1,3384,16.92,16.933945417404175,0,0.887884259223938,0.1121157631278038,False
3388,16.94,-0.0048009977,-0.013923956,-0.017766085,-0.006182409,1,3388,16.94,16.944302320480347,0,0.886569619178772,0.1134304478764534,False
3389,16.945,-0.065206096,-0.06880893,-0.07128705,-0.054885976,1,3388,16.94,16.944302320480347,0,0.886569619178772,0.1134304478764534,False
3390,16.95,-0.086702034,-0.08819903,-0.09043182,-0.07810905,1,3388,16.94,16.944302320480347,0,0.886569619178772,0.1134304478764534,False
3391,16.955,-0.052042205,-0.057476588,-0.057252232,-0.061133865,1,3388,16.94,16.944302320480347,0,0.886569619178772,0.1134304478764534,False
3392,16.96,0.018157823,0.0053229397,0.011730308,-0.013615891,1,3392,16.96,16.963932275772095,0,0.8870300054550171,0.1129700541496276,False
3393,16.965,0.07689516,0.05899263,0.07196428,0.034566924,1,3392,16.96,16.963932275772095,0,0.8870300054550171,0.1129700541496276,False
3394,16.97,0.08412136,0.06803684,0.08218828,0.053333953,1,3392,16.96,16.963932275772095,0,0.8870300054550171,0.1129700541496276,False
3395,16.975,0.037481837,0.029670803,0.036953468,0.034349423,1,3392,16.96,16.963932275772095,0,0.8870300054550171,0.1129700541496276,False
3396,16.98,-0.025629835,-0.023866443,-0.028168166,-0.0030731864,1,3396,16.98,16.983911514282227,0,0.8885994553565979,0.1114005595445633,False
3397,16.985,-0.058299396,-0.051078033,-0.06489098,-0.028038954,1,3396,16.98,16.983911514282227,0,0.8885994553565979,0.1114005595445633,False
3398,16.99,-0.0416998,-0.034145743,-0.050464693,-0.023138255,1,3396,16.98,16.983911514282227,0,0.8885994553565979,0.1114005595445633,False
3399,16.995,0.0021075304,0.008485663,-0.0035361662,0.0027270298,1,3396,16.98,16.983911514282227,0,0.8885994553565979,0.1114005595445633,False
3400,17.0,0.032115046,0.03962455,0.034319583,0.024195675,1,3400,17.0,16.99397349357605,0,0.8873163461685181,0.1126836240291595,False
3401,17.005,0.024019988,0.03475954,0.033634484,0.022325233,1,3400,17.0,16.99397349357605,0,0.8873163461685181,0.1126836240291595,False
3402,17.01,-0.011856666,0.00049720553,-0.0012041938,5.528076e-05,1,3400,17.0,16.99397349357605,0,0.8873163461685181,0.1126836240291595,False
3403,17.015,-0.043428525,-0.033923954,-0.039323602,-0.022375405,1,3400,17.0,16.99397349357605,0,0.8873163461685181,0.1126836240291595,False
3404,17.02,-0.045733523,-0.042397957,-0.050509308,-0.02641576,1,3404,17.02,17.01503014564514,0,0.8789048194885254,0.121095135807991,False
3405,17.025,-0.019689292,-0.022158938,-0.028380066,-0.01101569,1,3404,17.02,17.01503014564514,0,0.8789048194885254,0.121095135807991,False
3406,17.03,0.012948575,0.007265278,0.007936055,0.00808423,1,3404,17.02,17.01503014564514,0,0.8789048194885254,0.121095135807991,False
3407,17.035,0.030208815,0.022812178,0.032108337,0.013567334,1,3404,17.02,17.01503014564514,0,0.8789048194885254,0.121095135807991,False
3408,17.04,0.026700784,0.016817534,0.03198406,0.0019312623,1,3408,17.04,17.054072856903076,0,0.8899229764938354,0.1100770458579063,False
3409,17.045,0.014050801,0.0008195338,0.016906422,-0.014137736,1,3408,17.04,17.054072856903076,0,0.8899229764938354,0.1100770458579063,False
3410,17.05,0.008163182,-0.0065074004,0.0071340925,-0.017221926,1,3408,17.04,17.054072856903076,0,0.8899229764938354,0.1100770458579063,False
3411,17.055,0.016114987,0.004853369,0.016059533,0.0003704481,1,3408,17.04,17.054072856903076,0,0.8899229764938354,0.1100770458579063,False
3412,17.06,0.03235651,0.029402995,0.039771486,0.030811973,1,3412,17.06,17.064019918441772,0,0.8907370567321777,0.109262891113758,False
3413,17.065,0.04404175,0.05109361,0.06039945,0.056393784,1,3412,17.06,17.064019918441772,0,0.8907370567321777,0.109262891113758,False
3414,17.07,0.03924485,0.05387162,0.05866101,0.060497187,1,3412,17.06,17.064019918441772,0,0.8907370567321777,0.109262891113758,False
3415,17.075,0.013116279,0.030391956,0.026245106,0.036315754,1,3412,17.06,17.064019918441772,0,0.8907370567321777,0.109262891113758,False
3416,17.08,-0.029309623,-0.014346071,-0.028855663,-0.010104443,1,3416,17.08,17.084108352661133,0,0.8893016576766968,0.1106983870267868,False
3417,17.085,-0.073979445,-0.06460983,-0.085920945,-0.06223722,1,3416,17.08,17.084108352661133,0,0.8893016576766968,0.1106983870267868,False
3418,17.09,-0.10306419,-0.10025014,-0.12162315,-0.09955651,1,3416,17.08,17.084108352661133,0,0.8893016576766968,0.1106983870267868,False
3419,17.095,-0.10325025,-0.105752364,-0.121338025,-0.106113754,1,3416,17.08,17.084108352661133,0,0.8893016576766968,0.1106983870267868,False
3420,17.1,-0.07237261,-0.07754329,-0.085458264,-0.07763778,1,3420,17.1,17.103923320770264,0,0.8839008808135986,0.1160991638898849,False
3421,17.105,-0.019911697,-0.025174025,-0.027536217,-0.023398183,1,3420,17.1,17.103923320770264,0,0.8839008808135986,0.1160991638898849,False
3422,17.11,0.038220346,0.033814166,0.033388697,0.038105384,1,3420,17.1,17.103923320770264,0,0.8839008808135986,0.1160991638898849,False
3423,17.115,0.085879326,0.08126309,0.08060253,0.08689241,1,3420,17.1,17.103923320770264,0,0.8839008808135986,0.1160991638898849,False
3424,17.12,0.11030155,0.10395292,0.10378703,0.10870228,1,3424,17.12,17.114120721817017,0,0.8869004845619202,0.1130994856357574,False
3425,17.125,0.104052305,0.09654373,0.09977644,0.09914335,1,3424,17.12,17.114120721817017,0,0.8869004845619202,0.1130994856357574,False
3426,17.13,0.06785578,0.062980525,0.07239943,0.06422555,1,3424,17.12,17.114120721817017,0,0.8869004845619202,0.1130994856357574,False
3427,17.135,0.01345717,0.016107041,0.0320546,0.017613996,1,3424,17.12,17.114120721817017,0,0.8869004845619202,0.1130994856357574,False
3428,17.14,-0.038044587,-0.026305147,-0.0066863466,-0.02463512,1,3428,17.14,17.150391340255737,0,0.8674209713935852,0.1325789988040924,False
3429,17.145,-0.0652226,-0.049244106,-0.030613018,-0.05025372,1,3428,17.14,17.150391340255737,0,0.8674209713935852,0.1325789988040924,False
3430,17.15,-0.05867552,-0.048039112,-0.03436659,-0.055326547,1,3428,17.14,17.150391340255737,0,0.8674209713935852,0.1325789988040924,False
3431,17.155,-0.027480355,-0.030282646,-0.023179168,-0.04487838,1,3428,17.14,17.150391340255737,0,0.8674209713935852,0.1325789988040924,False
3432,17.16,0.0066169538,-0.00999913,-0.008928544,-0.02898841,1,3432,17.16,17.163933515548706,0,0.8844118118286133,0.1155881732702255,False
3433,17.165,0.023913125,0.0018077553,-0.0019491273,-0.01663785,1,3432,17.16,17.163933515548706,0,0.8844118118286133,0.1155881732702255,False
3434,17.17,0.019144902,0.0030262088,-0.0049717086,-0.011050901,1,3432,17.16,17.163933515548706,0,0.8844118118286133,0.1155881732702255,False
3435,17.175,0.0022152362,-0.0011320321,-0.013664912,-0.00925257,1,3432,17.16,17.163933515548706,0,0.8844118118286133,0.1155881732702255,False
3436,17.18,-0.012007117,-0.0044513526,-0.022103181,-0.0056273956,1,3436,17.18,17.18424129486084,0,0.8892219662666321,0.1107780262827873,False
3437,17.185,-0.015344049,-0.0047468627,-0.027436223,0.0032517551,1,3436,17.18,17.18424129486084,0,0.8892219662666321,0.1107780262827873,False
3438,17.19,-0.010306881,-0.0040591005,-0.030012555,0.015696203,1,3436,17.18,17.18424129486084,0,0.8892219662666321,0.1107780262827873,False
3439,17.195,-0.005099942,-0.0052915625,-0.030338323,0.025673151,1,3436,17.18,17.18424129486084,0,0.8892219662666321,0.1107780262827873,False
3440,17.2,-0.0055155214,-0.008911107,-0.026825156,0.02693142,1,3440,17.2,17.193995475769043,0,0.8900136947631836,0.1099862977862358,False
3441,17.205,-0.010595168,-0.012168478,-0.01655073,0.017932972,1,3440,17.2,17.193995475769043,0,0.8900136947631836,0.1099862977862358,False
3442,17.21,-0.01454172,-0.011027238,0.0017876801,0.003815017,1,3440,17.2,17.193995475769043,0,0.8900136947631836,0.1099862977862358,False
3443,17.215,-0.012256063,-0.003459309,0.025047826,-0.006957084,1,3440,17.2,17.193995475769043,0,0.8900136947631836,0.1099862977862358,False
3444,17.22,-0.0037524295,0.008057391,0.045210242,-0.009321413,1,3444,17.22,17.217294454574585,0,0.8864520192146301,0.1135480105876922,False
3445,17.225,0.005795768,0.017072992,0.052655026,-0.0060319086,1,3444,17.22,17.217294454574585,0,0.8864520192146301,0.1135480105876922,False
3446,17.23,0.0102245305,0.017359074,0.0422466,-0.0051193032,1,3444,17.22,17.217294454574585,0,0.8864520192146301,0.1135480105876922,False
3447,17.235,0.0075733913,0.008239522,0.018311167,-0.011920376,1,3444,17.22,17.217294454574585,0,0.8864520192146301,0.1135480105876922,False
3448,17.24,0.002120332,-0.0035976546,-0.0063337134,-0.02295393,1,3448,17.24,17.249502420425415,0,0.8862197399139404,0.1137802526354789,False
3449,17.245,0.0010228043,-0.008558965,-0.018365333,-0.028024562,1,3448,17.24,17.249502420425415,0,0.8862197399139404,0.1137802526354789,False
3450,17.25,0.007750898,-0.002048334,-0.013550253,-0.019239519,1,3448,17.24,17.249502420425415,0,0.8862197399139404,0.1137802526354789,False
3451,17.255,0.018199842,0.011252416,0.00033375694,0.0015612516,1,3448,17.24,17.249502420425415,0,0.8862197399139404,0.1137802526354789,False
3452,17.26,0.023906803,0.021404264,0.01054229,0.024328226,1,3452,17.26,17.26798105239868,0,0.8906300067901611,0.1093700379133224,False
3453,17.265,0.019972038,0.022219913,0.010431838,0.03966426,1,3452,17.26,17.26798105239868,0,0.8906300067901611,0.1093700379133224,False
3454,17.27,0.009774352,0.016362492,0.004247791,0.045836072,1,3452,17.26,17.26798105239868,0,0.8906300067901611,0.1093700379133224,False
3455,17.275,0.0013257177,0.01123344,0.0011042161,0.04693883,1,3452,17.26,17.26798105239868,0,0.8906300067901611,0.1093700379133224,False
3456,17.28,-0.0009211026,0.010126039,0.0044424147,0.045061637,1,3456,17.28,17.284820079803467,0,0.8903945088386536,0.1096055209636688,False
3457,17.285,0.00012676633,0.008471259,0.008036032,0.035997815,1,3456,17.28,17.284820079803467,0,0.8903945088386536,0.1096055209636688,False
3458,17.29,-0.0012615327,-0.00047532647,0.0028678395,0.013988942,1,3456,17.28,17.284820079803467,0,0.8903945088386536,0.1096055209636688,False
3459,17.295,-0.0063601476,-0.016765773,-0.01240536,-0.019474728,1,3456,17.28,17.284820079803467,0,0.8903945088386536,0.1096055209636688,False
3460,17.3,-0.010538462,-0.031835087,-0.028767537,-0.052943207,1,3460,17.3,17.298776149749756,0,0.8880223631858826,0.1119776889681816,False
3461,17.305,-0.009208492,-0.036162127,-0.03512858,-0.07239837,1,3460,17.3,17.298776149749756,0,0.8880223631858826,0.1119776889681816,False
3462,17.31,-0.0039793663,-0.028527461,-0.028969292,-0.071928136,1,3460,17.3,17.298776149749756,0,0.8880223631858826,0.1119776889681816,False
3463,17.315,-0.0015653915,-0.016994571,-0.01819327,-0.057244174,1,3460,17.3,17.298776149749756,0,0.8880223631858826,0.1119776889681816,False
3464,17.32,-0.006467056,-0.010685565,-0.012501689,-0.039050665,1,3464,17.32,17.33415985107422,0,0.8901605010032654,0.1098394766449928,False
3465,17.325,-0.015733158,-0.01116704,-0.013600777,-0.023461947,1,3464,17.32,17.33415985107422,0,0.8901605010032654,0.1098394766449928,False
3466,17.33,-0.021805929,-0.012205916,-0.0142726945,-0.008806767,1,3464,17.32,17.33415985107422,0,0.8901605010032654,0.1098394766449928,False
3467,17.335,-0.020369567,-0.0074041844,-0.0066611054,0.009197349,1,3464,17.32,17.33415985107422,0,0.8901605010032654,0.1098394766449928,False
3468,17.34,-0.014675333,0.0027955975,0.0091416845,0.030296503,1,3468,17.34,17.349236249923706,0,0.8905398845672607,0.1094600558280944,False
3469,17.345,-0.0118097095,0.0118072955,0.024662344,0.048016243,1,3468,17.34,17.349236249923706,0,0.8905398845672607,0.1094600558280944,False
3470,17.35,-0.014917628,0.013926109,0.030615468,0.054684076,1,3468,17.34,17.349236249923706,0,0.8905398845672607,0.1094600558280944,False
3471,17.355,-0.019261498,0.010157036,0.024905236,0.04796161,1,3468,17.34,17.349236249923706,0,0.8905398845672607,0.1094600558280944,False
3472,17.36,-0.01585821,0.007269589,0.014044698,0.03292947,1,3472,17.36,17.364283800125122,0,0.8906909823417664,0.1093089506030082,False
3473,17.365,0.0007249594,0.011552867,0.007669411,0.018348508,1,3472,17.36,17.364283800125122,0,0.8906909823417664,0.1093089506030082,False
3474,17.37,0.027149834,0.0234252,0.011516596,0.01068799,1,3472,17.36,17.364283800125122,0,0.8906909823417664,0.1093089506030082,False
3475,17.375,0.05277486,0.03735681,0.024166416,0.010609275,1,3472,17.36,17.364283800125122,0,0.8906909823417664,0.1093089506030082,False
3476,17.38,0.06650624,0.046190064,0.03858146,0.013778071,1,3476,17.38,17.38237714767456,0,0.8896414637565613,0.1103585809469223,False
3477,17.385,0.06386637,0.045512624,0.0460366,0.014404175,1,3476,17.38,17.38237714767456,0,0.8896414637565613,0.1103585809469223,False
3478,17.39,0.049123023,0.03491414,0.039991006,0.008677396,1,3476,17.38,17.38237714767456,0,0.8896414637565613,0.1103585809469223,False
3479,17.395,0.030983282,0.016546829,0.018977348,-0.0036240448,1,3476,17.38,17.38237714767456,0,0.8896414637565613,0.1103585809469223,False
3480,17.4,0.015357268,-0.0065072007,-0.012077315,-0.019491019,1,3480,17.4,17.393982410430908,0,0.885650634765625,0.1143494024872779,False
3481,17.405,0.0013038937,-0.030547995,-0.04328742,-0.034386873,1,3480,17.4,17.393982410430908,0,0.885650634765625,0.1143494024872779,False
3482,17.41,-0.01625541,-0.051012114,-0.06436616,-0.044461057,1,3480,17.4,17.393982410430908,0,0.885650634765625,0.1143494024872779,False
3483,17.415,-0.039576285,-0.06324282,-0.06998808,-0.04814976,1,3480,17.4,17.393982410430908,0,0.885650634765625,0.1143494024872779,False
3484,17.42,-0.06351375,-0.06442232,-0.062008895,-0.04608705,1,3484,17.42,17.42686676979065,0,0.8866006731987,0.1133993268013,False
3485,17.425,-0.077844925,-0.05503946,-0.04674465,-0.039423607,1,3484,17.42,17.42686676979065,0,0.8866006731987,0.1133993268013,False
3486,17.43,-0.07465127,-0.03845578,-0.02996504,-0.028349746,1,3484,17.42,17.42686676979065,0,0.8866006731987,0.1133993268013,False
3487,17.435,-0.054515336,-0.01911614,-0.014261591,-0.012765985,1,3484,17.42,17.42686676979065,0,0.8866006731987,0.1133993268013,False
3488,17.44,-0.026596451,-0.0011146538,-0.00045391874,0.0053643184,1,3488,17.44,17.444356679916382,0,0.890302300453186,0.1096976622939109,False
3489,17.445,-0.00267421,0.0123930145,0.010089603,0.02113829,1,3488,17.44,17.444356679916382,0,0.890302300453186,0.1096976622939109,False
3490,17.45,0.010515749,0.020076256,0.016155608,0.029733235,1,3488,17.44,17.444356679916382,0,0.890302300453186,0.1096976622939109,False
3491,17.455,0.015364183,0.023916917,0.019846547,0.031239165,1,3488,17.44,17.444356679916382,0,0.890302300453186,0.1096976622939109,False
3492,17.46,0.020780478,0.029078558,0.027181216,0.031753592,1,3492,17.46,17.460749626159668,0,0.8910976648330688,0.1089023575186729,False
3493,17.465,0.034099683,0.039937463,0.042860962,0.037793692,1,3492,17.46,17.460749626159668,0,0.8910976648330688,0.1089023575186729,False
3494,17.47,0.053231604,0.054270938,0.06298319,0.048316263,1,3492,17.46,17.460749626159668,0,0.8910976648330688,0.1089023575186729,False
3495,17.475,0.06598657,0.061628204,0.07394008,0.052761715,1,3492,17.46,17.460749626159668,0,0.8910976648330688,0.1089023575186729,False
3496,17.48,0.058793865,0.04987813,0.061387718,0.038919922,1,3496,17.48,17.48430562019348,0,0.890265703201294,0.1097342297434806,False
3497,17.485,0.028879195,0.01623155,0.023211181,0.0047292816,1,3496,17.48,17.48430562019348,0,0.890265703201294,0.1097342297434806,False
3498,17.49,-0.010422282,-0.026800053,-0.02510173,-0.036770582,1,3496,17.48,17.48430562019348,0,0.890265703201294,0.1097342297434806,False
3499,17.495,-0.036981005,-0.05720128,-0.058894083,-0.064699315,1,3496,17.48,17.48430562019348,0,0.890265703201294,0.1097342297434806,False
3500,17.5,-0.03512307,-0.057872,-0.060886897,-0.064441085,1,3500,17.5,17.494248628616333,0,0.8652009963989258,0.134798988699913,False
3501,17.505,-0.007118054,-0.028789286,-0.032881487,-0.03745927,1,3500,17.5,17.494248628616333,0,0.8652009963989258,0.134798988699913,False
3502,17.51,0.027844917,0.012379715,0.0061349478,0.0001748305,1,3500,17.5,17.494248628616333,0,0.8652009963989258,0.134798988699913,False
3503,17.515,0.046011087,0.04135779,0.032917682,0.028317729,1,3500,17.5,17.494248628616333,0,0.8652009963989258,0.134798988699913,False
3504,17.52,0.033671554,0.041867968,0.03363822,0.03437752,1,3504,17.52,17.514236450195312,0,0.8886664509773254,0.1113334894180297,False
3505,17.525,-0.0051554143,0.014405216,0.009750986,0.019191207,1,3504,17.52,17.514236450195312,0,0.8886664509773254,0.1113334894180297,False
3506,17.53,-0.05147214,-0.02519386,-0.025184685,-0.0049267346,1,3504,17.52,17.514236450195312,0,0.8886664509773254,0.1113334894180297,False
3507,17.535,-0.081905626,-0.05545966,-0.05364952,-0.022032963,1,3504,17.52,17.514236450195312,0,0.8886664509773254,0.1113334894180297,False
3508,17.54,-0.08121098,-0.061345812,-0.06265592,-0.022113409,1,3508,17.54,17.54416251182556,0,0.8856833577156067,0.1143166646361351,False
3509,17.545,-0.050211903,-0.041940235,-0.049416676,-0.0071002766,1,3508,17.54,17.54416251182556,0,0.8856833577156067,0.1143166646361351,False
3510,17.55,-0.004979194,-0.009697764,-0.022010809,0.010742272,1,3508,17.54,17.54416251182556,0,0.8856833577156067,0.1143166646361351,False
3511,17.555,0.03224829,0.017866416,0.0056197136,0.017573925,1,3508,17.54,17.54416251182556,0,0.8856833577156067,0.1143166646361351,False
3512,17.56,0.045097753,0.028419837,0.021849873,0.007818237,1,3512,17.56,17.563895225524902,0,0.8880912661552429,0.1119087114930152,False
3513,17.565,0.031235266,0.020658286,0.023571633,-0.012310425,1,3512,17.56,17.563895225524902,0,0.8880912661552429,0.1119087114930152,False
3514,17.57,0.0025767114,0.0030826493,0.016318338,-0.029991567,1,3512,17.56,17.563895225524902,0,0.8880912661552429,0.1119087114930152,False
3515,17.575,-0.021990068,-0.012230369,0.008824548,-0.035023153,1,3512,17.56,17.563895225524902,0,0.8880912661552429,0.1119087114930152,False
3516,17.58,-0.027284902,-0.016511798,0.006702138,-0.025749957,1,3516,17.58,17.574445009231567,0,0.8894007205963135,0.1105993092060089,False
3517,17.585,-0.010253332,-0.008197729,0.009978647,-0.00804822,1,3516,17.58,17.574445009231567,0,0.8894007205963135,0.1105993092060089,False
3518,17.59,0.018771203,0.00763883,0.015438916,0.010302289,1,3516,17.58,17.574445009231567,0,0.8894007205963135,0.1105993092060089,False
3519,17.595,0.04319235,0.023421088,0.020642016,0.024630459,1,3516,17.58,17.574445009231567,0,0.8894007205963135,0.1105993092060089,False
3520,17.6,0.051291503,0.03390698,0.025647575,0.034390908,1,3520,17.6,17.603901624679565,0,0.8899068236351013,0.1100932136178016,False
3521,17.605,0.04346332,0.038465586,0.031296805,0.0408306,1,3520,17.6,17.603901624679565,0,0.8899068236351013,0.1100932136178016,False
3522,17.61,0.030114748,0.039532274,0.03648299,0.04441772,1,3520,17.6,17.603901624679565,0,0.8899068236351013,0.1100932136178016,False
3523,17.615,0.022155635,0.039061196,0.03766866,0.04431142,1,3520,17.6,17.603901624679565,0,0.8899068236351013,0.1100932136178016,False
3524,17.62,0.021903219,0.036095344,0.031232502,0.039387375,1,3524,17.62,17.621254444122314,0,0.8852292895317078,0.1147707402706146,False
3525,17.625,0.021469098,0.027099507,0.016105663,0.028785381,1,3524,17.62,17.621254444122314,0,0.8852292895317078,0.1147707402706146,False
3526,17.63,0.009475779,0.008463779,-0.005854226,0.011369855,1,3524,17.62,17.621254444122314,0,0.8852292895317078,0.1147707402706146,False
3527,17.635,-0.019149426,-0.02032184,-0.031377535,-0.014022762,1,3524,17.62,17.621254444122314,0,0.8852292895317078,0.1147707402706146,False
3528,17.64,-0.057363674,-0.05428511,-0.056740794,-0.045889474,1,3528,17.64,17.634214162826538,0,0.8835656046867371,0.1164343655109405,False
3529,17.645,-0.08852164,-0.08304569,-0.07711406,-0.07683816,1,3528,17.64,17.634214162826538,0,0.8835656046867371,0.1164343655109405,False
3530,17.65,-0.096223064,-0.09465647,-0.08611715,-0.09440735,1,3528,17.64,17.634214162826538,0,0.8835656046867371,0.1164343655109405,False
3531,17.655,-0.07521323,-0.082111634,-0.077816516,-0.0878151,1,3528,17.64,17.634214162826538,0,0.8835656046867371,0.1164343655109405,False
3532,17.66,-0.035358727,-0.04834011,-0.050658047,-0.056241754,1,3532,17.66,17.67420220375061,0,0.8896758556365967,0.1103240996599197,False
3533,17.665,0.004779477,-0.005550133,-0.010296288,-0.011298713,1,3532,17.66,17.67420220375061,0,0.8896758556365967,0.1103240996599197,False
3534,17.67,0.029975679,0.030969705,0.031201288,0.02925848,1,3532,17.66,17.67420220375061,0,0.8896758556365967,0.1103240996599197,False
3535,17.675,0.036478847,0.050137218,0.059723254,0.05187147,1,3532,17.66,17.67420220375061,0,0.8896758556365967,0.1103240996599197,False
3536,17.68,0.030763604,0.049053725,0.06513112,0.05376518,1,3536,17.68,17.684265851974487,0,0.8876155018806458,0.1123845651745796,False
3537,17.685,0.02223788,0.032941528,0.046594243,0.04201482,1,3536,17.68,17.684265851974487,0,0.8876155018806458,0.1123845651745796,False
3538,17.69,0.017594445,0.012783791,0.014822688,0.027619487,1,3536,17.68,17.684265851974487,0,0.8876155018806458,0.1123845651745796,False
3539,17.695,0.020258848,0.0014861213,-0.0111711705,0.019478183,1,3536,17.68,17.684265851974487,0,0.8876155018806458,0.1123845651745796,False
3540,17.7,0.03158782,0.0081235515,-0.013365232,0.020919548,1,3540,17.7,17.70391058921814,0,0.8826356530189514,0.1173643693327903,False
3541,17.705,0.049605805,0.031706553,0.013582259,0.028779378,1,3540,17.7,17.70391058921814,0,0.8826356530189514,0.1173643693327903,False
3542,17.71,0.06654338,0.059179045,0.05592725,0.03490016,1,3540,17.7,17.70391058921814,0,0.8826356530189514,0.1173643693327903,False
3543,17.715,0.070384264,0.0716997,0.086490035,0.030542044,1,3540,17.7,17.70391058921814,0,0.8826356530189514,0.1173643693327903,False
3544,17.72,0.052126084,0.05684762,0.081354976,0.012445383,1,3544,17.72,17.721097230911255,0,0.8856900930404663,0.1143099591135978,False
3545,17.725,0.013279343,0.017766772,0.0367509,-0.013779565,1,3544,17.72,17.721097230911255,0,0.8856900930404663,0.1143099591135978,False
3546,17.73,-0.03373923,-0.028814247,-0.02739735,-0.036886465,1,3544,17.72,17.721097230911255,0,0.8856900930404663,0.1143099591135978,False
3547,17.735,-0.073204055,-0.06442545,-0.08116988,-0.048171885,1,3544,17.72,17.721097230911255,0,0.8856900930404663,0.1143099591135978,False
3548,17.74,-0.09478309,-0.08020679,-0.10461596,-0.047295332,1,3548,17.74,17.744113445281982,0,0.8735332489013672,0.1264667510986328,False
3549,17.745,-0.09613005,-0.07823652,-0.09724694,-0.039951354,1,3548,17.74,17.744113445281982,0,0.8735332489013672,0.1264667510986328,False
3550,17.75,-0.079276316,-0.06373712,-0.070712335,-0.029996255,1,3548,17.74,17.744113445281982,0,0.8735332489013672,0.1264667510986328,False
3551,17.755,-0.04686764,-0.03817834,-0.034863815,-0.015000733,1,3548,17.74,17.744113445281982,0,0.8735332489013672,0.1264667510986328,False
3552,17.76,-0.0029367134,-0.0013218865,0.0072890553,0.009125122,1,3552,17.76,17.764203310012817,0,0.8848220705986023,0.1151778995990753,False
3553,17.765,0.043335557,0.04050286,0.051756285,0.03882615,1,3552,17.76,17.764203310012817,0,0.8848220705986023,0.1151778995990753,False
3554,17.77,0.07632865,0.070440404,0.0844274,0.05934453,1,3552,17.76,17.764203310012817,0,0.8848220705986023,0.1151778995990753,False
3555,17.775,0.07900626,0.06871927,0.08459441,0.05278045,1,3552,17.76,17.764203310012817,0,0.8848220705986023,0.1151778995990753,False
3556,17.78,0.043219,0.027942445,0.0416645,0.012771212,1,3556,17.78,17.783938884735107,0,0.8879595398902893,0.1120404824614524,False
3557,17.785,-0.020625096,-0.036329444,-0.029765908,-0.04624689,1,3556,17.78,17.783938884735107,0,0.8879595398902893,0.1120404824614524,False
3558,17.79,-0.0827244,-0.09026955,-0.09267102,-0.094168276,1,3556,17.78,17.783938884735107,0,0.8879595398902893,0.1120404824614524,False
3559,17.795,-0.10682857,-0.10117772,-0.10970555,-0.102897376,1,3556,17.78,17.783938884735107,0,0.8879595398902893,0.1120404824614524,False
3560,17.8,-0.0723348,-0.05898822,-0.06879051,-0.06459619,1,3560,17.8,17.793936491012573,0,0.8653079867362976,0.1346919685602188,False
3561,17.805,0.0089790635,0.01586976,0.007903461,0.0028220005,1,3560,17.8,17.793936491012573,0,0.8653079867362976,0.1346919685602188,False
3562,17.81,0.09613741,0.08488246,0.07880518,0.06719295,1,3560,17.8,17.793936491012573,0,0.8653079867362976,0.1346919685602188,False
3563,17.815,0.1432029,0.11570731,0.11013907,0.10210066,1,3560,17.8,17.793936491012573,0,0.8653079867362976,0.1346919685602188,False
3564,17.82,0.12842742,0.100839205,0.09513269,0.100777276,1,3564,17.82,17.836239337921143,0,0.8869345784187317,0.1130654215812683,False
3565,17.825,0.06663584,0.05788997,0.05254313,0.07494548,1,3564,17.82,17.836239337921143,0,0.8869345784187317,0.1130654215812683,False
3566,17.83,-0.004170783,0.013346493,0.008718986,0.04212608,1,3564,17.82,17.836239337921143,0,0.8869345784187317,0.1130654215812683,False
3567,17.835,-0.05026841,-0.015834333,-0.020606315,0.01338957,1,3564,17.82,17.836239337921143,0,0.8869345784187317,0.1130654215812683,False
3568,17.84,-0.06152582,-0.028602445,-0.034950003,-0.00912959,1,3568,17.84,17.84632658958435,0,0.8578599691390991,0.1421399712562561,False
3569,17.845,-0.049525514,-0.03218287,-0.040078294,-0.02616055,1,3568,17.84,17.84632658958435,0,0.8578599691390991,0.1421399712562561,False
3570,17.85,-0.031051813,-0.031066457,-0.037604738,-0.03571786,1,3568,17.84,17.84632658958435,0,0.8578599691390991,0.1421399712562561,False
3571,17.855,-0.014711262,-0.024344388,-0.024728574,-0.034765217,1,3568,17.84,17.84632658958435,0,0.8578599691390991,0.1421399712562561,False
3572,17.86,-0.0014841811,-0.012350296,-0.003050449,-0.025523704,1,3572,17.86,17.8645122051239,0,0.8860447406768799,0.1139553189277648,False
3573,17.865,0.006333564,-0.0027048294,0.015685394,-0.017755339,1,3572,17.86,17.8645122051239,0,0.8860447406768799,0.1139553189277648,False
3574,17.87,0.0015978945,-0.006479136,0.016357923,-0.022157168,1,3572,17.86,17.8645122051239,0,0.8860447406768799,0.1139553189277648,False
3575,17.875,-0.01982198,-0.02663073,-0.0049964706,-0.039800435,1,3572,17.86,17.8645122051239,0,0.8860447406768799,0.1139553189277648,False
3576,17.88,-0.04862566,-0.05088398,-0.0339673,-0.058159504,1,3576,17.88,17.874027013778687,0,0.8896126747131348,0.1103873252868652,False
3577,17.885,-0.06335993,-0.05868591,-0.047461066,-0.059449006,1,3576,17.88,17.874027013778687,0,0.8896126747131348,0.1103873252868652,False
3578,17.89,-0.046684124,-0.038276434,-0.03321445,-0.03554923,1,3576,17.88,17.874027013778687,0,0.8896126747131348,0.1103873252868652,False
3579,17.895,-0.0028830734,0.001479633,-0.0011567026,0.003592077,1,3576,17.88,17.874027013778687,0,0.8896126747131348,0.1103873252868652,False
3580,17.9,0.04183719,0.03676782,0.024743322,0.036684014,1,3580,17.9,17.894340991973877,0,0.8900104761123657,0.1099895164370536,False
3581,17.905,0.059744176,0.048213452,0.027246485,0.04807118,1,3580,17.9,17.894340991973877,0,0.8900104761123657,0.1099895164370536,False
3582,17.91,0.045000598,0.036432695,0.010203656,0.03999,1,3580,17.9,17.894340991973877,0,0.8900104761123657,0.1099895164370536,False
3583,17.915,0.017585618,0.019219756,-0.006446637,0.028841471,1,3580,17.9,17.894340991973877,0,0.8900104761123657,0.1099895164370536,False
3584,17.92,0.0035422097,0.013635671,-0.0055538276,0.029101782,1,3584,17.92,17.91420340538025,0,0.8767024278640747,0.1232975125312805,False
3585,17.925,0.010867391,0.020901164,0.0126474,0.040149286,1,3584,17.92,17.91420340538025,0,0.8767024278640747,0.1232975125312805,False
3586,17.93,0.024419019,0.02822616,0.032978743,0.04802033,1,3584,17.92,17.91420340538025,0,0.8767024278640747,0.1232975125312805,False
3587,17.935,0.023660513,0.023825295,0.0402673,0.039392408,1,3584,17.92,17.91420340538025,0,0.8767024278640747,0.1232975125312805,False
3588,17.94,0.004427801,0.008628072,0.031134274,0.013898323,1,3588,17.94,17.944080591201782,0,0.8862243294715881,0.11377564817667,False
3589,17.945,-0.017082702,-0.0065349448,0.0127302995,-0.016190859,1,3588,17.94,17.944080591201782,0,0.8862243294715881,0.11377564817667,False
3590,17.95,-0.021359514,-0.013258929,-0.00656206,-0.036956806,1,3588,17.94,17.944080591201782,0,0.8862243294715881,0.11377564817667,False
3591,17.955,-0.0058605545,-0.013129364,-0.022383595,-0.043020424,1,3588,17.94,17.944080591201782,0,0.8862243294715881,0.11377564817667,False
3592,17.96,0.012370046,-0.012941251,-0.031281292,-0.037990518,1,3592,17.96,17.967880487442017,0,0.8890607953071594,0.110939159989357,False
3593,17.965,0.014760676,-0.014320436,-0.026958818,-0.027107874,1,3592,17.96,17.967880487442017,0,0.8890607953071594,0.110939159989357,False
3594,17.97,0.0012081816,-0.010786869,-0.0048051835,-0.011733231,1,3592,17.96,17.967880487442017,0,0.8890607953071594,0.110939159989357,False
3595,17.975,-0.00994582,0.003215999,0.028041378,0.007897973,1,3592,17.96,17.967880487442017,0,0.8890607953071594,0.110939159989357,False
3596,17.98,-0.0032354738,0.021210562,0.05020502,0.025814638,1,3596,17.98,17.984140157699585,0,0.8903436660766602,0.109656348824501,False
3597,17.985,0.014195119,0.025767943,0.039370872,0.02965963,1,3596,17.98,17.984140157699585,0,0.8903436660766602,0.109656348824501,False
3598,17.99,0.017580617,0.0040659616,-0.0074189673,0.010428818,1,3596,17.98,17.984140157699585,0,0.8903436660766602,0.109656348824501,False
3599,17.995,-0.00916538,-0.03661058,-0.06600932,-0.025984343,1,3596,17.98,17.984140157699585,0,0.8903436660766602,0.109656348824501,False
3600,18.0,-0.05384794,-0.07070154,-0.10033193,-0.058791526,1,3600,18.0,17.994248628616333,0,0.8879181146621704,0.1120818927884101,False
3601,18.005,-0.08485486,-0.074322,-0.08932439,-0.06679343,1,3600,18.0,17.994248628616333,0,0.8879181146621704,0.1120818927884101,False
3602,18.01,-0.079410255,-0.045009717,-0.04210142,-0.04487005,1,3600,18.0,17.994248628616333,0,0.8879181146621704,0.1120818927884101,False
3603,18.015,-0.041966185,-0.002392579,0.011589574,-0.0069112564,1,3600,18.0,17.994248628616333,0,0.8879181146621704,0.1120818927884101,False
3604,18.02,0.0038179543,0.029844426,0.04562198,0.026970048,1,3604,18.02,18.02420234680176,0,0.8891369700431824,0.110863022506237,False
3605,18.025,0.03725501,0.042198792,0.054210518,0.045766536,1,3604,18.02,18.02420234680176,0,0.8891369700431824,0.110863022506237,False
3606,18.03,0.053327926,0.041524906,0.04873749,0.05154671,1,3604,18.02,18.02420234680176,0,0.8891369700431824,0.110863022506237,False
3607,18.035,0.057781972,0.03908744,0.04234202,0.051470686,1,3604,18.02,18.02420234680176,0,0.8891369700431824,0.110863022506237,False
3608,18.04,0.05642302,0.039348092,0.03903393,0.04875285,1,3608,18.04,18.047357082366943,0,0.8872764706611633,0.112723596394062,False
3609,18.045,0.051659606,0.039446782,0.03527879,0.041520227,1,3608,18.04,18.047357082366943,0,0.8872764706611633,0.112723596394062,False
3610,18.05,0.045457,0.035658505,0.027817784,0.027981374,1,3608,18.04,18.047357082366943,0,0.8872764706611633,0.112723596394062,False
3611,18.055,0.039785206,0.02736433,0.017527256,0.010268944,1,3608,18.04,18.047357082366943,0,0.8872764706611633,0.112723596394062,False
3612,18.06,0.032506634,0.01540494,0.006803664,-0.007016414,1,3612,18.06,18.063968896865845,0,0.8860872387886047,0.1139127537608146,False
3613,18.065,0.016273532,-0.00039424087,-0.0040446734,-0.020706179,1,3612,18.06,18.063968896865845,0,0.8860872387886047,0.1139127537608146,False
3614,18.07,-0.014319838,-0.020079857,-0.01647367,-0.030796751,1,3612,18.06,18.063968896865845,0,0.8860872387886047,0.1139127537608146,False
3615,18.075,-0.053662013,-0.040715136,-0.030742837,-0.03907051,1,3612,18.06,18.063968896865845,0,0.8860872387886047,0.1139127537608146,False
3616,18.08,-0.08547617,-0.056674,-0.044733685,-0.046966463,1,3616,18.08,18.080679178237915,0,0.887534499168396,0.1124654859304428,False
3617,18.085,-0.09458566,-0.063667156,-0.05573443,-0.054429308,1,3616,18.08,18.080679178237915,0,0.887534499168396,0.1124654859304428,False
3618,18.09,-0.0788546,-0.06159713,-0.061984263,-0.05923349,1,3616,18.08,18.080679178237915,0,0.887534499168396,0.1124654859304428,False
3619,18.095,-0.049031626,-0.05230634,-0.06135542,-0.056353558,1,3616,18.08,18.080679178237915,0,0.887534499168396,0.1124654859304428,False
3620,18.1,-0.017302563,-0.035039995,-0.049386777,-0.03909677,1,3620,18.1,18.107946395874023,0,0.8898423314094543,0.1101575940847396,False
3621,18.105,0.012374784,-0.0064284406,-0.021304503,-0.0038395647,1,3620,18.1,18.107946395874023,0,0.8898423314094543,0.1101575940847396,False
3622,18.11,0.041892946,0.033000164,0.02154278,0.043747917,1,3620,18.1,18.107946395874023,0,0.8898423314094543,0.1101575940847396,False
3623,18.115,0.068927206,0.07262163,0.067076914,0.08721782,1,3620,18.1,18.107946395874023,0,0.8898423314094543,0.1101575940847396,False
3624,18.12,0.082852826,0.09475856,0.09663449,0.106985524,1,3624,18.12,18.113917589187626,0,0.8894014954566956,0.1105985268950462,False
3625,18.125,0.07333252,0.08710095,0.096908204,0.09333732,1,3624,18.12,18.113917589187626,0,0.8894014954566956,0.1105985268950462,False
3626,18.13,0.042821858,0.053674314,0.06990046,0.054290716,1,3624,18.12,18.113917589187626,0,0.8894014954566956,0.1105985268950462,False
3627,18.135,0.008200733,0.0129942605,0.031429593,0.010538411,1,3624,18.12,18.113917589187626,0,0.8894014954566956,0.1105985268950462,False
3628,18.14,-0.012368701,-0.016051171,-0.0009086719,-0.019174471,1,3628,18.14,18.144356727600098,0,0.8639166355133057,0.1360833793878555,False
3629,18.145,-0.014974873,-0.02770004,-0.019404687,-0.029958805,1,3628,18.14,18.144356727600098,0,0.8639166355133057,0.1360833793878555,False
3630,18.15,-0.0118881045,-0.02984978,-0.027556777,-0.030229004,1,3628,18.14,18.144356727600098,0,0.8639166355133057,0.1360833793878555,False
3631,18.155,-0.01756357,-0.032508694,-0.031937588,-0.030750908,1,3628,18.14,18.144356727600098,0,0.8639166355133057,0.1360833793878555,False
3632,18.16,-0.033084176,-0.03701062,-0.034540977,-0.0346633,1,3632,18.16,18.164047241210938,0,0.8868869543075562,0.1131129786372184,False
3633,18.165,-0.04523408,-0.036949523,-0.033436697,-0.037539776,1,3632,18.16,18.164047241210938,0,0.8868869543075562,0.1131129786372184,False
3634,18.17,-0.04114329,-0.028502764,-0.029320851,-0.035541613,1,3632,18.16,18.164047241210938,0,0.8868869543075562,0.1131129786372184,False
3635,18.175,-0.02313037,-0.017683096,-0.02872731,-0.03159353,1,3632,18.16,18.164047241210938,0,0.8868869543075562,0.1131129786372184,False
3636,18.18,-0.008047034,-0.015729439,-0.038550068,-0.03239872,1,3636,18.18,18.18422269821167,0,0.8893184065818787,0.1106816232204437,False
3637,18.185,-0.011191009,-0.026905073,-0.056710385,-0.03950084,1,3636,18.18,18.18422269821167,0,0.8893184065818787,0.1106816232204437,False
3638,18.19,-0.03038136,-0.041444585,-0.06929854,-0.04445808,1,3636,18.18,18.18422269821167,0,0.8893184065818787,0.1106816232204437,False
3639,18.195,-0.045749594,-0.041693598,-0.05919042,-0.034390192,1,3636,18.18,18.18422269821167,0,0.8893184065818787,0.1106816232204437,False
3640,18.2,-0.03590351,-0.01665295,-0.019893955,-0.0035801402,1,3640,18.2,18.21409034729004,0,0.8897440433502197,0.110255979001522,False
3641,18.205,0.003860499,0.028047327,0.0375589,0.03974871,1,3640,18.2,18.21409034729004,0,0.8897440433502197,0.110255979001522,False
3642,18.21,0.05695974,0.07352394,0.09112809,0.07817129,1,3640,18.2,18.21409034729004,0,0.8897440433502197,0.110255979001522,False
3643,18.215,0.09768306,0.10097491,0.12205323,0.09722713,1,3640,18.2,18.21409034729004,0,0.8897440433502197,0.110255979001522,False
3644,18.22,0.10907269,0.10324513,0.12482211,0.09431947,1,3644,18.22,18.22447657585144,0,0.8901345133781433,0.1098655313253402,False
3645,18.225,0.09217193,0.08590046,0.10601825,0.0774675,1,3644,18.22,18.22447657585144,0,0.8901345133781433,0.1098655313253402,False
3646,18.23,0.061265353,0.059418235,0.07595519,0.05672111,1,3644,18.22,18.22447657585144,0,0.8901345133781433,0.1098655313253402,False
3647,18.235,0.03147232,0.031053102,0.041869354,0.036696937,1,3644,18.22,18.22447657585144,0,0.8901345133781433,0.1098655313253402,False
3648,18.24,0.009299503,0.0027330623,0.007038021,0.015787214,1,3648,18.24,18.249238967895508,0,0.8707906007766724,0.1292094141244888,False
3649,18.245,-0.00813322,-0.025766008,-0.026641928,-0.009302796,1,3648,18.24,18.249238967895508,0,0.8707906007766724,0.1292094141244888,False
3650,18.25,-0.027217517,-0.05324451,-0.056912873,-0.038805094,1,3648,18.24,18.249238967895508,0,0.8707906007766724,0.1292094141244888,False
3651,18.255,-0.051250093,-0.07640015,-0.08152193,-0.06857614,1,3648,18.24,18.249238967895508,0,0.8707906007766724,0.1292094141244888,False
3652,18.26,-0.07756763,-0.09155359,-0.09909905,-0.09224838,1,3652,18.26,18.26825070381165,0,0.8865845203399658,0.1134155392646789,False
3653,18.265,-0.0991756,-0.09650417,-0.10904774,-0.10456624,1,3652,18.26,18.26825070381165,0,0.8865845203399658,0.1134155392646789,False
3654,18.27,-0.10898205,-0.091185614,-0.110638686,-0.10357104,1,3652,18.26,18.26825070381165,0,0.8865845203399658,0.1134155392646789,False
3655,18.275,-0.10390261,-0.0773173,-0.10247217,-0.09061474,1,3652,18.26,18.26825070381165,0,0.8865845203399658,0.1134155392646789,False
3656,18.28,-0.086144365,-0.057484277,-0.082966976,-0.06864305,1,3656,18.28,18.28421282768249,0,0.88698410987854,0.1130158901214599,False
3657,18.285,-0.060187202,-0.033569407,-0.051370677,-0.04003089,1,3656,18.28,18.28421282768249,0,0.88698410987854,0.1130158901214599,False
3658,18.29,-0.027533876,-0.0051455027,-0.008499156,-0.005502562,1,3656,18.28,18.28421282768249,0,0.88698410987854,0.1130158901214599,False
3659,18.295,0.014855727,0.029883932,0.04254202,0.034590174,1,3656,18.28,18.28421282768249,0,0.88698410987854,0.1130158901214599,False
3660,18.3,0.068252906,0.070858,0.09493822,0.07686751,1,3660,18.3,18.294183015823364,0,0.8867304921150208,0.1132695004343986,False
3661,18.305,0.1228039,0.10940139,0.13727342,0.11242371,1,3660,18.3,18.294183015823364,0,0.8867304921150208,0.1132695004343986,False
3662,18.31,0.1571632,0.13082252,0.1564175,0.12937666,1,3660,18.3,18.294183015823364,0,0.8867304921150208,0.1132695004343986,False
3663,18.315,0.1528607,0.12418777,0.14498812,0.1206923,1,3660,18.3,18.294183015823364,0,0.8867304921150208,0.1132695004343986,False
3664,18.32,0.11224474,0.09295483,0.107958086,0.09092086,1,3664,18.32,18.321189641952515,0,0.8834606409072876,0.1165393441915512,False
3665,18.325,0.06040458,0.054147348,0.06077785,0.05416853,1,3664,18.32,18.321189641952515,0,0.8834606409072876,0.1165393441915512,False
3666,18.33,0.025050605,0.024293475,0.018504571,0.023460545,1,3664,18.32,18.321189641952515,0,0.8834606409072876,0.1165393441915512,False
3667,18.335,0.012157427,0.0052526253,-0.014463128,0.0012338144,1,3664,18.32,18.321189641952515,0,0.8834606409072876,0.1165393441915512,False
3668,18.34,0.0023479608,-0.014998622,-0.0436651,-0.019452179,1,3668,18.34,18.344050407409668,0,0.8168244361877441,0.1831755638122558,False
3669,18.345,-0.02707903,-0.04673632,-0.07373094,-0.04442476,1,3668,18.34,18.344050407409668,0,0.8168244361877441,0.1831755638122558,False
3670,18.35,-0.07653748,-0.084375516,-0.09948762,-0.07003461,1,3668,18.34,18.344050407409668,0,0.8168244361877441,0.1831755638122558,False
3671,18.355,-0.12132373,-0.109174654,-0.109217234,-0.08590816,1,3668,18.34,18.344050407409668,0,0.8168244361877441,0.1831755638122558,False
3672,18.36,-0.13441287,-0.10647526,-0.09693707,-0.08566765,1,3672,18.36,18.367276906967163,0,0.885064423084259,0.1149355247616767,False
3673,18.365,-0.11157614,-0.08010756,-0.07055101,-0.074011415,1,3672,18.36,18.367276906967163,0,0.885064423084259,0.1149355247616767,False
3674,18.37,-0.074104816,-0.049689244,-0.04679159,-0.062578015,1,3672,18.36,18.367276906967163,0,0.885064423084259,0.1149355247616767,False
3675,18.375,-0.0478728,-0.033626534,-0.037261028,-0.058647018,1,3672,18.36,18.367276906967163,0,0.885064423084259,0.1149355247616767,False
3676,18.38,-0.04032653,-0.033796817,-0.03850196,-0.05771022,1,3676,18.38,18.384405374526978,0,0.8732702732086182,0.1267296820878982,False
3677,18.385,-0.03676415,-0.03511662,-0.034871403,-0.04687077,1,3676,18.38,18.384405374526978,0,0.8732702732086182,0.1267296820878982,False
3678,18.39,-0.016849611,-0.019078193,-0.011274606,-0.015868459,1,3676,18.38,18.384405374526978,0,0.8732702732086182,0.1267296820878982,False
3679,18.395,0.026164314,0.021051224,0.03500952,0.033777773,1,3676,18.38,18.384405374526978,0,0.8732702732086182,0.1267296820878982,False
3680,18.4,0.080531806,0.07516947,0.09199075,0.08850722,1,3680,18.4,18.394104957580566,0,0.8886617422103882,0.1113381832838058,False
3681,18.405,0.12658997,0.12340953,0.14008336,0.13047768,1,3680,18.4,18.394104957580566,0,0.8886617422103882,0.1113381832838058,False
3682,18.41,0.15022369,0.14794767,0.16196628,0.14666906,1,3680,18.4,18.394104957580566,0,0.8886617422103882,0.1113381832838058,False
3683,18.415,0.1475074,0.1407007,0.14882801,0.13326576,1,3680,18.4,18.394104957580566,0,0.8886617422103882,0.1113381832838058,False
3684,18.42,0.120548084,0.1039301,0.10183409,0.09450479,1,3684,18.42,18.41407537460327,0,0.8743771910667419,0.1256227493286132,False
3685,18.425,0.07315375,0.047029596,0.0313667,0.03946737,1,3684,18.42,18.41407537460327,0,0.8743771910667419,0.1256227493286132,False
3686,18.43,0.011937686,-0.016484758,-0.044649832,-0.020137424,1,3684,18.42,18.41407537460327,0,0.8743771910667419,0.1256227493286132,False
3687,18.435,-0.0507383,-0.07155325,-0.10511836,-0.07162514,1,3684,18.42,18.41407537460327,0,0.8743771910667419,0.1256227493286132,False
3688,18.44,-0.09911275,-0.105786346,-0.13399951,-0.104493655,1,3688,18.44,18.444345235824585,0,0.746475100517273,0.2535249292850494,False
3689,18.445,-0.122463524,-0.114823066,-0.12867825,-0.11473723,1,3688,18.44,18.444345235824585,0,0.746475100517273,0.2535249292850494,False
3690,18.45,-0.12210784,-0.104538016,-0.101511255,-0.10669621,1,3688,18.44,18.444345235824585,0,0.746475100517273,0.2535249292850494,False
3691,18.455,-0.10922315,-0.08655768,-0.07133795,-0.08941096,1,3688,18.44,18.444345235824585,0,0.746475100517273,0.2535249292850494,False
3692,18.46,-0.0943165,-0.06925351,-0.050097864,-0.06923153,1,3692,18.46,18.46397876739502,0,0.8802456259727478,0.1197543367743492,False
3693,18.465,-0.07760764,-0.051311355,-0.034766916,-0.044709902,1,3692,18.46,18.46397876739502,0,0.8802456259727478,0.1197543367743492,False
3694,18.47,-0.04942573,-0.023811629,-0.01146821,-0.008905441,1,3692,18.46,18.46397876739502,0,0.8802456259727478,0.1197543367743492,False
3695,18.475,-0.0010851624,0.019948542,0.030712744,0.041679885,1,3692,18.46,18.46397876739502,0,0.8802456259727478,0.1197543367743492,False
3696,18.48,0.06269104,0.074391246,0.08663861,0.09848133,1,3696,18.48,18.474173069000244,0,0.8693124055862427,0.1306876093149185,False
3697,18.485,0.12090009,0.12011616,0.1336385,0.14064088,1,3696,18.48,18.474173069000244,0,0.8693124055862427,0.1306876093149185,False
3698,18.49,0.14707881,0.13401859,0.1446342,0.14571913,1,3696,18.48,18.474173069000244,0,0.8693124055862427,0.1306876093149185,False
3699,18.495,0.12713322,0.10525405,0.10768743,0.10522624,1,3696,18.48,18.474173069000244,0,0.8693124055862427,0.1306876093149185,False
3700,18.5,0.07113171,0.04548026,0.03746067,0.03361441,1,3700,18.5,18.494105577468872,0,0.8846268057823181,0.1153731867671012,False
3701,18.505,0.009291379,-0.015599793,-0.03148167,-0.037462145,1,3700,18.5,18.494105577468872,0,0.8846268057823181,0.1153731867671012,False
3702,18.51,-0.026552664,-0.04812529,-0.06633846,-0.07746281,1,3700,18.5,18.494105577468872,0,0.8846268057823181,0.1153731867671012,False
3703,18.515,-0.023696959,-0.041491654,-0.05737937,-0.075693406,1,3700,18.5,18.494105577468872,0,0.8846268057823181,0.1153731867671012,False
3704,18.52,0.0033397328,-0.01107998,-0.023036903,-0.046936374,1,3704,18.52,18.53411364555359,0,0.830188512802124,0.1698114722967147,False
3705,18.525,0.023756163,0.013146948,0.004746617,-0.019654706,1,3704,18.52,18.53411364555359,0,0.830188512802124,0.1698114722967147,False
3706,18.53,0.012878202,0.008070327,0.0032542155,-0.015472083,1,3704,18.52,18.53411364555359,0,0.830188512802124,0.1698114722967147,False
3707,18.535,-0.030423257,-0.026959993,-0.027255949,-0.03517858,1,3704,18.52,18.53411364555359,0,0.830188512802124,0.1698114722967147,False
3708,18.54,-0.08417084,-0.071554065,-0.06745088,-0.061089523,1,3708,18.54,18.54436588287353,0,0.8846616148948669,0.1153384149074554,False
3709,18.545,-0.12039723,-0.100479715,-0.094757825,-0.072417304,1,3708,18.54,18.54436588287353,0,0.8846616148948669,0.1153384149074554,False
3710,18.55,-0.124476515,-0.10085894,-0.09736498,-0.06035535,1,3708,18.54,18.54436588287353,0,0.8846616148948669,0.1153384149074554,False
3711,18.555,-0.101280905,-0.07700228,-0.07681246,-0.031244496,1,3708,18.54,18.54436588287353,0,0.8846616148948669,0.1153384149074554,False
3712,18.56,-0.06529261,-0.041405044,-0.04089754,0.0024327268,1,3712,18.56,18.570021629333496,0,0.8860403895378113,0.1139595732092857,False
3713,18.565,-0.026119659,-0.0026096604,0.0038146868,0.033139665,1,3712,18.56,18.570021629333496,0,0.8860403895378113,0.1139595732092857,False
3714,18.57,0.016577585,0.038331144,0.05293908,0.061281625,1,3712,18.56,18.570021629333496,0,0.8860403895378113,0.1139595732092857,False
3715,18.575,0.06558452,0.081247136,0.10011033,0.089005545,1,3712,18.56,18.570021629333496,0,0.8860403895378113,0.1139595732092857,False
3716,18.58,0.11547623,0.11894717,0.13444375,0.11243627,1,3716,18.58,18.584256887435917,0,0.8849397897720337,0.1150601655244827,False
3717,18.585,0.15050873,0.13745417,0.14400029,0.12063376,1,3716,18.58,18.584256887435917,0,0.8849397897720337,0.1150601655244827,False
3718,18.59,0.15410112,0.12533793,0.1232492,0.102869436,1,3716,18.58,18.584256887435917,0,0.8849397897720337,0.1150601655244827,False
3719,18.595,0.12229237,0.08429474,0.07847964,0.058404885,1,3716,18.58,18.584256887435917,0,0.8849397897720337,0.1150601655244827,False
3720,18.6,0.06947544,0.03128295,0.026166229,0.0005008538,1,3720,18.6,18.600578546524048,0,0.8640172481536865,0.1359827071428299,False
3721,18.605,0.01988994,-0.0113563705,-0.015969418,-0.049716543,1,3720,18.6,18.600578546524048,0,0.8640172481536865,0.1359827071428299,False
3722,18.61,-0.010231889,-0.031548902,-0.03988729,-0.07618427,1,3720,18.6,18.600578546524048,0,0.8640172481536865,0.1359827071428299,False
3723,18.615,-0.025343478,-0.036367282,-0.051939894,-0.07811671,1,3720,18.6,18.600578546524048,0,0.8640172481536865,0.1359827071428299,False
3724,18.62,-0.045412198,-0.045322746,-0.066423245,-0.06902968,1,3724,18.62,18.61908388137817,0,0.8645318746566772,0.1354681402444839,False
3725,18.625,-0.08529753,-0.07216749,-0.09188427,-0.06490409,1,3724,18.62,18.61908388137817,0,0.8645318746566772,0.1354681402444839,False
3726,18.63,-0.13678353,-0.110581316,-0.121387295,-0.07120515,1,3724,18.62,18.61908388137817,0,0.8645318746566772,0.1354681402444839,False
3727,18.635,-0.17088264,-0.1369039,-0.1357245,-0.07938991,1,3724,18.62,18.61908388137817,0,0.8645318746566772,0.1354681402444839,False
3728,18.64,-0.15973951,-0.12812328,-0.11763813,-0.074918106,1,3728,18.64,18.65048360824585,0,0.8858370780944824,0.1141628921031951,False
3729,18.645,-0.0992082,-0.07988139,-0.065603904,-0.04918689,1,3728,18.64,18.65048360824585,0,0.8858370780944824,0.1141628921031951,False
3730,18.65,-0.013158949,-0.010081701,0.0035581386,-0.0060115894,1,3728,18.64,18.65048360824585,0,0.8858370780944824,0.1141628921031951,False
3731,18.655,0.062498264,0.053240225,0.06450938,0.040757887,1,3728,18.64,18.65048360824585,0,0.8858370780944824,0.1141628921031951,False
3732,18.66,0.10183553,0.08895529,0.09776682,0.07516112,1,3732,18.66,18.66407608985901,0,0.866697371006012,0.1333026587963104,False
3733,18.665,0.101007745,0.09256075,0.09888205,0.08706354,1,3732,18.66,18.66407608985901,0,0.866697371006012,0.1333026587963104,False
3734,18.67,0.07508155,0.074224405,0.07779071,0.076312244,1,3732,18.66,18.66407608985901,0,0.866697371006012,0.1333026587963104,False
3735,18.675,0.045484524,0.04954344,0.050653897,0.051905528,1,3732,18.66,18.66407608985901,0,0.866697371006012,0.1333026587963104,False
3736,18.68,0.027683295,0.030565495,0.03046004,0.027003862,1,3736,18.68,18.68216109275818,0,0.8812671303749084,0.1187328919768333,False
3737,18.685,0.025373908,0.021827433,0.021870641,0.012249279,1,3736,18.68,18.68216109275818,0,0.8812671303749084,0.1187328919768333,False
3738,18.69,0.03208276,0.021388516,0.021854755,0.01077659,1,3736,18.68,18.68216109275818,0,0.8812671303749084,0.1187328919768333,False
3739,18.695,0.037423022,0.024115806,0.02386455,0.01757134,1,3736,18.68,18.68216109275818,0,0.8812671303749084,0.1187328919768333,False
3740,18.7,0.03402878,0.024835467,0.022146393,0.023416545,1,3740,18.7,18.6942150592804,0,0.8587583303451538,0.1412416696548462,False
3741,18.705,0.021537757,0.020453077,0.014125714,0.020907594,1,3740,18.7,18.6942150592804,0,0.8587583303451538,0.1412416696548462,False
3742,18.71,0.005504512,0.010743473,0.0006270974,0.0086657265,1,3740,18.7,18.6942150592804,0,0.8587583303451538,0.1412416696548462,False
3743,18.715,-0.007978589,-0.00248222,-0.0153918145,-0.008919935,1,3740,18.7,18.6942150592804,0,0.8587583303451538,0.1412416696548462,False
3744,18.72,-0.017773243,-0.01724002,-0.030606147,-0.025719734,1,3744,18.72,18.71427345275879,0,0.8817262649536133,0.1182737797498703,False
3745,18.725,-0.02817911,-0.03237153,-0.042472262,-0.03788777,1,3744,18.72,18.71427345275879,0,0.8817262649536133,0.1182737797498703,False
3746,18.73,-0.043230318,-0.04638893,-0.04919751,-0.0444709,1,3744,18.72,18.71427345275879,0,0.8817262649536133,0.1182737797498703,False
3747,18.735,-0.06005884,-0.055715315,-0.049287606,-0.045146115,1,3744,18.72,18.71427345275879,0,0.8817262649536133,0.1182737797498703,False
3748,18.74,-0.068762116,-0.055478316,-0.042000894,-0.0389438,1,3748,18.74,18.74400234222412,0,0.889680027961731,0.1103199943900108,False
3749,18.745,-0.06031465,-0.043420117,-0.028666003,-0.02622023,1,3748,18.74,18.74400234222412,0,0.889680027961731,0.1103199943900108,False
3750,18.75,-0.0353224,-0.023166802,-0.0130300755,-0.011239113,1,3748,18.74,18.74400234222412,0,0.889680027961731,0.1103199943900108,False
3751,18.755,-0.004688417,-0.0027254273,0.00066043844,-0.00089795666,1,3748,18.74,18.74400234222412,0,0.889680027961731,0.1103199943900108,False
3752,18.76,0.018712595,0.01106702,0.010404233,0.00057332165,1,3752,18.76,18.76556825637817,0,0.8855845928192139,0.1144153475761413,False
3753,18.765,0.02912204,0.016846761,0.017082868,-0.0043257275,1,3752,18.76,18.76556825637817,0,0.8855845928192139,0.1144153475761413,False
3754,18.77,0.02945716,0.017762812,0.022112535,-0.008347432,1,3752,18.76,18.76556825637817,0,0.8855845928192139,0.1144153475761413,False
3755,18.775,0.025573734,0.01691755,0.024645535,-0.0059875497,1,3752,18.76,18.76556825637817,0,0.8855845928192139,0.1144153475761413,False
3756,18.78,0.020455569,0.014389523,0.021602815,0.0019516363,1,3756,18.78,18.7744357585907,0,0.8910834789276123,0.10891655087471,False
3757,18.785,0.013758176,0.00866641,0.010926956,0.010023399,1,3756,18.78,18.7744357585907,0,0.8910834789276123,0.10891655087471,False
3758,18.79,0.00509123,0.00017283556,-0.005028745,0.013754516,1,3756,18.78,18.7744357585907,0,0.8910834789276123,0.10891655087471,False
3759,18.795,-0.003995077,-0.0074725687,-0.01949101,0.013363897,1,3756,18.78,18.7744357585907,0,0.8910834789276123,0.10891655087471,False
3760,18.8,-0.010960996,-0.009762639,-0.025024625,0.0126476735,1,3760,18.8,18.79442763328552,0,0.8861658573150635,0.1138341575860977,False
3761,18.805,-0.013307535,-0.0042519886,-0.017917797,0.01544439,1,3760,18.8,18.79442763328552,0,0.8861658573150635,0.1138341575860977,False
3762,18.81,-0.007876029,0.008790696,0.000120627614,0.023433803,1,3760,18.8,18.79442763328552,0,0.8861658573150635,0.1138341575860977,False
3763,18.815,0.008540423,0.027016483,0.0230868,0.035622295,1,3760,18.8,18.79442763328552,0,0.8861658573150635,0.1138341575860977,False
3764,18.82,0.034084387,0.04511016,0.0424857,0.047506332,1,3764,18.82,18.83045864105225,0,0.8877052664756775,0.1122947111725807,False
3765,18.825,0.05651943,0.05355324,0.04929142,0.05056374,1,3764,18.82,18.83045864105225,0,0.8877052664756775,0.1122947111725807,False
3766,18.83,0.057439633,0.042258173,0.0378908,0.03596681,1,3764,18.82,18.83045864105225,0,0.8877052664756775,0.1122947111725807,False
3767,18.835,0.027992686,0.010145984,0.011648109,0.0030910235,1,3764,18.82,18.83045864105225,0,0.8877052664756775,0.1122947111725807,False
3768,18.84,-0.017547261,-0.028026925,-0.01540331,-0.034622256,1,3768,18.84,18.85146260261536,0,0.8866645097732544,0.1133355051279068,False
3769,18.845,-0.047844667,-0.048324194,-0.026047073,-0.05553298,1,3768,18.84,18.85146260261536,0,0.8866645097732544,0.1133355051279068,False
3770,18.85,-0.040002692,-0.036194395,-0.013144098,-0.046097197,1,3768,18.84,18.85146260261536,0,0.8866645097732544,0.1133355051279068,False
3771,18.855,-0.001858931,-0.00070762436,0.013040145,-0.013738812,1,3768,18.84,18.85146260261536,0,0.8866645097732544,0.1133355051279068,False
3772,18.86,0.03229284,0.030711567,0.031784423,0.017033514,1,3772,18.86,18.86771321296692,0,0.8884640336036682,0.1115359887480735,False
3773,18.865,0.030858472,0.03399798,0.027976457,0.02337619,1,3772,18.86,18.86771321296692,0,0.8884640336036682,0.1115359887480735,False
3774,18.87,-0.008042597,0.0069442317,0.002764564,0.0012857225,1,3772,18.86,18.86771321296692,0,0.8884640336036682,0.1115359887480735,False
3775,18.875,-0.05702964,-0.032113723,-0.030334942,-0.033754706,1,3772,18.86,18.86771321296692,0,0.8884640336036682,0.1115359887480735,False
3776,18.88,-0.08541522,-0.0623381,-0.058411077,-0.06164021,1,3776,18.88,18.88400173187256,0,0.8886836767196655,0.1113163009285926,False
3777,18.885,-0.084211916,-0.07631333,-0.07746297,-0.072862655,1,3776,18.88,18.88400173187256,0,0.8886836767196655,0.1113163009285926,False
3778,18.89,-0.0667925,-0.07903573,-0.08865792,-0.07033604,1,3776,18.88,18.88400173187256,0,0.8886836767196655,0.1113163009285926,False
3779,18.895,-0.048019394,-0.073986374,-0.08887238,-0.05876868,1,3776,18.88,18.88400173187256,0,0.8886836767196655,0.1113163009285926,False
3780,18.9,-0.026294056,-0.053973805,-0.068222925,-0.03529331,1,3780,18.9,18.8942666053772,0,0.8901461362838745,0.1098538339138031,False
3781,18.905,0.01181384,-0.008699552,-0.019625675,0.0069485893,1,3780,18.9,18.8942666053772,0,0.8901461362838745,0.1098538339138031,False
3782,18.91,0.069929786,0.058111764,0.04842088,0.06534556,1,3780,18.9,18.8942666053772,0,0.8901461362838745,0.1098538339138031,False
3783,18.915,0.12775598,0.12144451,0.11019256,0.11989614,1,3780,18.9,18.8942666053772,0,0.8901461362838745,0.1098538339138031,False
3784,18.92,0.15196222,0.14878587,0.13734734,0.14261928,1,3784,18.92,18.93397521972656,0,0.8888095021247864,0.1111905425786972,False
3785,18.925,0.12380234,0.1249742,0.11915952,0.118824914,1,3784,18.92,18.93397521972656,0,0.8888095021247864,0.1111905425786972,False
3786,18.93,0.057213992,0.06553928,0.0709664,0.061073344,1,3784,18.92,18.93397521972656,0,0.8888095021247864,0.1111905425786972,False
3787,18.935,-0.010459574,0.005509217,0.02282831,0.0015023627,1,3784,18.92,18.93397521972656,0,0.8888095021247864,0.1111905425786972,False
3788,18.94,-0.04687628,-0.026807116,-0.0024462123,-0.03197755,0,3788,18.94,18.947951555252075,0,0.8037680983543396,0.1962319165468216,True
3789,18.945,-0.046693757,-0.028370809,-0.0038896787,-0.03491872,0,3788,18.94,18.947951555252075,0,0.8037680983543396,0.1962319165468216,True
3790,18.95,-0.029661205,-0.01810613,0.0011639898,-0.025035689,0,3788,18.94,18.947951555252075,0,0.8037680983543396,0.1962319165468216,True
3791,18.955,-0.02047417,-0.017860156,-0.006344424,-0.023813216,0,3788,18.94,18.947951555252075,0,0.8037680983543396,0.1962319165468216,True
3792,18.96,-0.030167812,-0.035524715,-0.03224435,-0.038770117,0,3792,18.96,18.96011638641357,0,0.8840882778167725,0.1159117445349693,True
3793,18.965,-0.05240294,-0.062287692,-0.06640618,-0.06045333,0,3792,18.96,18.96011638641357,0,0.8840882778167725,0.1159117445349693,True
3794,18.97,-0.07211307,-0.0817755,-0.09128017,-0.07299965,0,3792,18.96,18.96011638641357,0,0.8840882778167725,0.1159117445349693,True
3795,18.975,-0.07607233,-0.08120833,-0.09320299,-0.06659185,0,3792,18.96,18.96011638641357,0,0.8840882778167725,0.1159117445349693,True
3796,18.98,-0.059004884,-0.057681553,-0.069276355,-0.042420577,0,3796,18.98,18.98436951637268,0,0.888780951499939,0.1112190559506416,True
3797,18.985,-0.025297951,-0.018820066,-0.02805266,-0.009770358,0,3796,18.98,18.98436951637268,0,0.888780951499939,0.1112190559506416,True
3798,18.99,0.012571883,0.020678658,0.014565612,0.019682435,0,3796,18.98,18.98436951637268,0,0.888780951499939,0.1112190559506416,True
3799,18.995,0.039440826,0.045613397,0.042500596,0.036442515,0,3796,18.98,18.98436951637268,0,0.888780951499939,0.1112190559506416,True
3800,19.0,0.04568094,0.04796832,0.047305852,0.036090247,0,3800,19.0,18.994037866592407,0,0.8858528137207031,0.1141471341252327,True
3801,19.005,0.03331941,0.031484243,0.032522652,0.021004962,0,3800,19.0,18.994037866592407,0,0.8858528137207031,0.1141471341252327,True
3802,19.01,0.01489927,0.009502316,0.011295349,0.00031728804,0,3800,19.0,18.994037866592407,0,0.8858528137207031,0.1141471341252327,True
3803,19.015,0.0054037618,-0.0028846066,-0.001506839,-0.013054467,0,3800,19.0,18.994037866592407,0,0.8858528137207031,0.1141471341252327,True
3804,19.02,0.013296759,0.0029312426,0.002734374,-0.008184488,0,3804,19.02,19.014418363571167,0,0.8755871057510376,0.1244129091501236,True
3805,19.025,0.0365614,0.025179135,0.02282299,0.017341757,0,3804,19.02,19.014418363571167,0,0.8755871057510376,0.1244129091501236,True
3806,19.03,0.064434215,0.052799378,0.04869102,0.053606406,0,3804,19.02,19.014418363571167,0,0.8755871057510376,0.1244129091501236,True
3807,19.035,0.081827246,0.06970603,0.06486686,0.08069508,0,3804,19.02,19.014418363571167,0,0.8755871057510376,0.1244129091501236,True
3808,19.04,0.07466773,0.06135933,0.056437016,0.07844447,0,3808,19.04,19.05176043510437,0,0.8853322267532349,0.1146677061915397,True
3809,19.045,0.036627732,0.023175308,0.018085685,0.0399009,0,3808,19.04,19.05176043510437,0,0.8853322267532349,0.1146677061915397,True
3810,19.05,-0.024260791,-0.032984644,-0.037905242,-0.020359088,0,3808,19.04,19.05176043510437,0,0.8853322267532349,0.1146677061915397,True
3811,19.055,-0.08484319,-0.081001535,-0.08339729,-0.07148527,0,3808,19.04,19.05176043510437,0,0.8853322267532349,0.1146677061915397,True
3812,19.06,-0.11671008,-0.09412497,-0.08992624,-0.084714904,0,3812,19.06,19.064119338989254,0,0.8754631876945496,0.1245367676019668,True
3813,19.065,-0.10306767,-0.06272376,-0.04918349,-0.052887008,0,3812,19.06,19.064119338989254,0,0.8754631876945496,0.1245367676019668,True
3814,19.07,-0.05091341,-0.0027358825,0.018215,0.0037682387,0,3812,19.06,19.064119338989254,0,0.8754631876945496,0.1245367676019668,True
3815,19.075,0.011575928,0.052847292,0.074551255,0.05042391,0,3812,19.06,19.064119338989254,0,0.8754631876945496,0.1245367676019668,True
3816,19.08,0.051554635,0.073814236,0.08896867,0.05939043,0,3816,19.08,19.074247121810917,0,0.8739653825759888,0.1260346472263336,True
3817,19.085,0.05051529,0.049738873,0.055236,0.025267884,0,3816,19.08,19.074247121810917,0,0.8739653825759888,0.1260346472263336,True
3818,19.09,0.013328336,-0.0064347554,-0.0082751755,-0.034971833,0,3816,19.08,19.074247121810917,0,0.8739653825759888,0.1260346472263336,True
3819,19.095,-0.036900673,-0.06777771,-0.07248871,-0.093430996,0,3816,19.08,19.074247121810917,0,0.8739653825759888,0.1260346472263336,True
3820,19.1,-0.072535105,-0.10712208,-0.11249363,-0.12453279,0,3820,19.1,19.094077825546265,0,0.8760453462600708,0.1239547058939933,True
3821,19.105,-0.07428618,-0.10707732,-0.114553824,-0.113298826,0,3820,19.1,19.094077825546265,0,0.8760453462600708,0.1239547058939933,True
3822,19.11,-0.037593782,-0.06432966,-0.07653035,-0.058471277,0,3820,19.1,19.094077825546265,0,0.8760453462600708,0.1239547058939933,True
3823,19.115,0.027092723,0.0095322,-0.0076635215,0.026773669,0,3820,19.1,19.094077825546265,0,0.8760453462600708,0.1239547058939933,True
3824,19.12,0.09748066,0.08979947,0.07080952,0.11627237,0,3824,19.12,19.130645513534542,0,0.8880265951156616,0.1119734570384025,True
3825,19.125,0.1456422,0.14542505,0.12923425,0.17741287,0,3824,19.12,19.130645513534542,0,0.8880265951156616,0.1119734570384025,True
3826,19.13,0.1483144,0.15187591,0.14144513,0.18391684,0,3824,19.12,19.130645513534542,0,0.8880265951156616,0.1119734570384025,True
3827,19.135,0.09886461,0.104634605,0.10021784,0.12958308,0,3824,19.12,19.130645513534542,0,0.8880265951156616,0.1119734570384025,True
3828,19.14,0.013514252,0.023583198,0.024349177,0.03354556,0,3828,19.14,19.144009828567505,0,0.8775257468223572,0.1224743127822876,True
3829,19.145,-0.07461639,-0.056830116,-0.050540213,-0.06821455,0,3828,19.14,19.144009828567505,0,0.8775257468223572,0.1224743127822876,True
3830,19.15,-0.13170302,-0.10591123,-0.09252753,-0.14031914,0,3828,19.14,19.144009828567505,0,0.8775257468223572,0.1224743127822876,True
3831,19.155,-0.13965216,-0.11125222,-0.09077155,-0.16313528,0,3828,19.14,19.144009828567505,0,0.8775257468223572,0.1224743127822876,True
3832,19.16,-0.10304753,-0.08117773,-0.058117487,-0.13750054,0,3832,19.16,19.16148805618286,0,0.860987663269043,0.139012336730957,True
3833,19.165,-0.04425374,-0.036414146,-0.019101571,-0.07964203,0,3832,19.16,19.16148805618286,0,0.860987663269043,0.139012336730957,True
3834,19.17,0.009036593,0.0019116764,0.0065872152,-0.012151017,0,3832,19.16,19.16148805618286,0,0.860987663269043,0.139012336730957,True
3835,19.175,0.037609506,0.021789076,0.014197939,0.04451236,0,3832,19.16,19.16148805618286,0,0.860987663269043,0.139012336730957,True
3836,19.18,0.039822236,0.02427872,0.01275362,0.07850181,0,3836,19.18,19.19405937194824,0,0.8736986517906189,0.1263012886047363,True
3837,19.185,0.030455101,0.020474695,0.015233628,0.089491926,0,3836,19.18,19.19405937194824,0,0.8736986517906189,0.1263012886047363,True
3838,19.19,0.02818142,0.022326589,0.027383935,0.08569038,0,3836,19.18,19.19405937194824,0,0.8736986517906189,0.1263012886047363,True
3839,19.195,0.039658684,0.03285357,0.04297978,0.07583075,0,3836,19.18,19.19405937194824,0,0.8736986517906189,0.1263012886047363,True
3840,19.2,0.053806208,0.043818913,0.04914849,0.062259976,0,3840,19.2,19.20530128479004,0,0.8856528401374817,0.1143470928072929,True
3841,19.205,0.05254788,0.04367648,0.037737254,0.04133051,0,3840,19.2,19.20530128479004,0,0.8856528401374817,0.1143470928072929,True
3842,19.21,0.028508618,0.028673066,0.013043298,0.010232976,0,3840,19.2,19.20530128479004,0,0.8856528401374817,0.1143470928072929,True
3843,19.215,-0.00750596,0.006193904,-0.011423096,-0.027321104,0,3840,19.2,19.20530128479004,0,0.8856528401374817,0.1143470928072929,True
3844,19.22,-0.036330324,-0.012828429,-0.024670243,-0.062487256,0,3844,19.22,19.224081993103027,0,0.872488796710968,0.1275112181901931,True
3845,19.225,-0.047163974,-0.024291439,-0.02766162,-0.08758759,0,3844,19.22,19.224081993103027,0,0.872488796710968,0.1275112181901931,True
3846,19.23,-0.044774286,-0.03344291,-0.031513024,-0.1002464,0,3844,19.22,19.224081993103027,0,0.872488796710968,0.1275112181901931,True
3847,19.235,-0.041605197,-0.047474414,-0.046023563,-0.10163836,0,3844,19.22,19.224081993103027,0,0.872488796710968,0.1275112181901931,True
3848,19.24,-0.044036496,-0.06591124,-0.06886261,-0.09186273,0,3848,19.24,19.24106216430664,0,0.8825729489326477,0.1174270361661911,True
3849,19.245,-0.045910757,-0.07785273,-0.08468698,-0.067913786,0,3848,19.24,19.24106216430664,0,0.8825729489326477,0.1174270361661911,True
3850,19.25,-0.034161687,-0.0684731,-0.07485851,-0.02648314,0,3848,19.24,19.24106216430664,0,0.8825729489326477,0.1174270361661911,True
3851,19.255,-0.0010022775,-0.029998831,-0.030683868,0.030616174,0,3848,19.24,19.24106216430664,0,0.8825729489326477,0.1174270361661911,True
3852,19.26,0.04696462,0.03024958,0.038489744,0.092551604,0,3852,19.26,19.264000177383423,0,0.8872083425521851,0.1127916797995567,True
3853,19.265,0.08957016,0.09037554,0.107393175,0.14059344,0,3852,19.26,19.264000177383423,0,0.8872083425521851,0.1127916797995567,True
3854,19.27,0.10424384,0.12409504,0.1466907,0.1553919,0,3852,19.26,19.264000177383423,0,0.8872083425521851,0.1127916797995567,True
3855,19.275,0.08089928,0.115712635,0.13868569,0.12767698,0,3852,19.26,19.264000177383423,0,0.8872083425521851,0.1127916797995567,True
3856,19.28,0.030073864,0.070430666,0.087768964,0.06586765,0,3856,19.28,19.284444570541385,0,0.889216959476471,0.1107830703258514,True
3857,19.285,-0.022820786,0.01191637,0.018362321,-0.0059096776,0,3856,19.28,19.284444570541385,0,0.889216959476471,0.1107830703258514,True
3858,19.29,-0.05420333,-0.032476887,-0.039298426,-0.06009128,0,3856,19.28,19.284444570541385,0,0.889216959476471,0.1107830703258514,True
3859,19.295,-0.05762462,-0.04868973,-0.06646791,-0.080869265,0,3856,19.28,19.284444570541385,0,0.889216959476471,0.1107830703258514,True
3860,19.3,-0.045487087,-0.042623848,-0.0645235,-0.07165266,0,3860,19.3,19.294286012649536,0,0.8546282649040222,0.1453717499971389,True
3861,19.305,-0.036043365,-0.031988338,-0.049575962,-0.049504254,0,3860,19.3,19.294286012649536,0,0.8546282649040222,0.1453717499971389,True
3862,19.31,-0.037223797,-0.03079144,-0.0384374,-0.031472895,0,3860,19.3,19.294286012649536,0,0.8546282649040222,0.1453717499971389,True
3863,19.315,-0.041384667,-0.039419975,-0.03737938,-0.023942336,0,3860,19.3,19.294286012649536,0,0.8546282649040222,0.1453717499971389,True
3864,19.32,-0.03466559,-0.047368236,-0.04133005,-0.022498738,0,3864,19.32,19.326929569244385,0,0.8868257403373718,0.1131742373108863,True
3865,19.325,-0.011073817,-0.044090465,-0.041350972,-0.019809442,0,3864,19.32,19.326929569244385,0,0.8868257403373718,0.1131742373108863,True
3866,19.33,0.022083921,-0.027221655,-0.031948484,-0.012551989,0,3864,19.32,19.326929569244385,0,0.8868257403373718,0.1131742373108863,True
3867,19.335,0.051126327,-0.0020270848,-0.012672337,-0.0017091293,0,3864,19.32,19.326929569244385,0,0.8868257403373718,0.1131742373108863,True
3868,19.34,0.06675405,0.024452327,0.013932072,0.011055737,0,3868,19.34,19.35399842262268,0,0.8887924551963806,0.1112075522541999,True
3869,19.345,0.068136506,0.047145545,0.04304676,0.024794485,0,3868,19.34,19.35399842262268,0,0.8887924551963806,0.1112075522541999,True
3870,19.35,0.05886828,0.062176146,0.06662705,0.037173793,0,3868,19.34,19.35399842262268,0,0.8887924551963806,0.1112075522541999,True
3871,19.355,0.04196402,0.065670125,0.07522182,0.043492455,0,3868,19.34,19.35399842262268,0,0.8887924551963806,0.1112075522541999,True
3872,19.36,0.01972662,0.055851292,0.06430291,0.040086713,0,3872,19.36,19.36414933204651,0,0.8903777003288269,0.1096223443746566,True
3873,19.365,-0.0036848518,0.03602526,0.039400786,0.028601216,0,3872,19.36,19.36414933204651,0,0.8903777003288269,0.1096223443746566,True
3874,19.37,-0.022940854,0.013137288,0.012697062,0.014870231,0,3872,19.36,19.36414933204651,0,0.8903777003288269,0.1096223443746566,True
3875,19.375,-0.036445685,-0.008461704,-0.007811227,0.0020910206,0,3872,19.36,19.36414933204651,0,0.8903777003288269,0.1096223443746566,True
3876,19.38,-0.04950194,-0.0314624,-0.025822258,-0.014191297,0,3876,19.38,19.384141206741333,0,0.8799631595611572,0.1200367882847786,True
3877,19.385,-0.07001508,-0.061913397,-0.05164266,-0.042087223,0,3876,19.38,19.384141206741333,0,0.8799631595611572,0.1200367882847786,True
3878,19.39,-0.09884731,-0.099456966,-0.08810259,-0.08249019,0,3876,19.38,19.384141206741333,0,0.8799631595611572,0.1200367882847786,True
3879,19.395,-0.123885125,-0.13117787,-0.121783085,-0.12187151,0,3876,19.38,19.384141206741333,0,0.8799631595611572,0.1200367882847786,True
3880,19.4,-0.12502757,-0.13672951,-0.1298724,-0.1371287,0,3880,19.4,19.39395833015442,0,0.88288813829422,0.1171118915081024,True
3881,19.405,-0.087649025,-0.10189223,-0.0974342,-0.10977602,0,3880,19.4,19.39395833015442,0,0.88288813829422,0.1171118915081024,True
3882,19.41,-0.013857791,-0.029261254,-0.029089093,-0.03807265,0,3880,19.4,19.39395833015442,0,0.88288813829422,0.1171118915081024,True
3883,19.415,0.077608004,0.06276985,0.055167627,0.06184247,0,3880,19.4,19.39395833015442,0,0.88288813829422,0.1171118915081024,True
3884,19.42,0.16197045,0.15060739,0.1341337,0.16433597,0,3884,19.42,19.41398286819458,0,0.8783366680145264,0.1216633096337318,True
3885,19.425,0.22004287,0.21553135,0.19467434,0.2437246,0,3884,19.42,19.41398286819458,0,0.8783366680145264,0.1216633096337318,True
3886,19.43,0.24262904,0.24615562,0.22897027,0.279324,0,3884,19.42,19.41398286819458,0,0.8783366680145264,0.1216633096337318,True
3887,19.435,0.22791524,0.2358191,0.2276483,0.2582437,0,3884,19.42,19.41398286819458,0,0.8783366680145264,0.1216633096337318,True
3888,19.44,0.17799956,0.18214212,0.18117733,0.17992376,0,3888,19.44,19.44407033920288,0,0.8833097219467163,0.1166902184486389,True
3889,19.445,0.09851436,0.09083013,0.09050486,0.060389176,0,3888,19.44,19.44407033920288,0,0.8833097219467163,0.1166902184486389,True
3890,19.45,-0.00039600758,-0.021792118,-0.025462322,-0.070718326,0,3888,19.44,19.44407033920288,0,0.8833097219467163,0.1166902184486389,True
3891,19.455,-0.10509257,-0.13307193,-0.13661753,-0.18267478,0,3888,19.44,19.44407033920288,0,0.8833097219467163,0.1166902184486389,True
3892,19.46,-0.2014958,-0.22317576,-0.21861912,-0.25783613,0,3892,19.46,19.46413493156433,1,0.4368424713611603,0.5631574988365173,False
3893,19.465,-0.27744716,-0.2814695,-0.26454145,-0.29579318,0,3892,19.46,19.46413493156433,1,0.4368424713611603,0.5631574988365173,False
3894,19.47,-0.3228534,-0.3053656,-0.2809426,-0.30436897,0,3892,19.46,19.46413493156433,1,0.4368424713611603,0.5631574988365173,False
3895,19.475,-0.32891676,-0.29446784,-0.27387604,-0.2865913,0,3892,19.46,19.46413493156433,1,0.4368424713611603,0.5631574988365173,False
3896,19.48,-0.28867817,-0.2467694,-0.23954985,-0.23610763,0,3896,19.48,19.48420810699463,0,0.8659768104553223,0.1340231597423553,True
3897,19.485,-0.1999618,-0.16082834,-0.16845493,-0.14504428,0,3896,19.48,19.48420810699463,0,0.8659768104553223,0.1340231597423553,True
3898,19.49,-0.07009014,-0.042105824,-0.058458306,-0.016985342,0,3896,19.48,19.48420810699463,0,0.8659768104553223,0.1340231597423553,True
3899,19.495,0.08040239,0.09210764,0.07536298,0.12634072,0,3896,19.48,19.48420810699463,0,0.8659768104553223,0.1340231597423553,True
3900,19.5,0.21974324,0.21454626,0.20309588,0.25091442,0,3900,19.5,19.4942147731781,1,0.0397369749844074,0.9602630138397216,False
3901,19.505,0.3156164,0.29785416,0.2936495,0.3258569,0,3900,19.5,19.4942147731781,1,0.0397369749844074,0.9602630138397216,False
3902,19.51,0.35050064,0.3273967,0.33022764,0.3386591,0,3900,19.5,19.4942147731781,1,0.0397369749844074,0.9602630138397216,False
3903,19.515,0.33047572,0.30782196,0.3166798,0.30001193,0,3900,19.5,19.4942147731781,1,0.0397369749844074,0.9602630138397216,False
3904,19.52,0.2786019,0.25748003,0.27048233,0.23469348,0,3904,19.52,19.533997058868408,1,0.0890901312232017,0.9109098315238952,False
3905,19.525,0.21682334,0.1946024,0.20844585,0.16497867,0,3904,19.52,19.533997058868408,1,0.0890901312232017,0.9109098315238952,False
3906,19.53,0.15177055,0.12669383,0.13698618,0.09888597,0,3904,19.52,19.533997058868408,1,0.0890901312232017,0.9109098315238952,False
3907,19.535,0.07665398,0.051556084,0.05432993,0.031485863,0,3904,19.52,19.533997058868408,1,0.0890901312232017,0.9109098315238952,False
3908,19.54,-0.014333598,-0.032871824,-0.03916298,-0.04376073,0,3908,19.54,19.54438066482544,1,0.0234767775982618,0.976523220539093,False
3909,19.545,-0.114431225,-0.12050831,-0.13366506,-0.12475346,0,3908,19.54,19.54438066482544,1,0.0234767775982618,0.976523220539093,False
3910,19.55,-0.2063191,-0.19830576,-0.21292521,-0.20009066,0,3908,19.54,19.54438066482544,1,0.0234767775982618,0.976523220539093,False
3911,19.555,-0.27384332,-0.25417683,-0.26448372,-0.25663087,0,3908,19.54,19.54438066482544,1,0.0234767775982618,0.976523220539093,False
3912,19.56,-0.3111155,-0.2835908,-0.28713104,-0.28710368,0,3912,19.56,19.564272165298465,1,0.0388694293797016,0.9611305594444276,False
3913,19.565,-0.32155594,-0.28948683,-0.2887513,-0.29143864,0,3912,19.56,19.564272165298465,1,0.0388694293797016,0.9611305594444276,False
3914,19.57,-0.30980986,-0.27645105,-0.276524,-0.27213874,0,3912,19.56,19.564272165298465,1,0.0388694293797016,0.9611305594444276,False
3915,19.575,-0.27447048,-0.24404188,-0.24784057,-0.22865875,0,3912,19.56,19.564272165298465,1,0.0388694293797016,0.9611305594444276,False
3916,19.58,-0.20733224,-0.18455237,-0.18983945,-0.15593909,0,3916,19.58,19.57427144050598,1,0.0369392521679401,0.9630607962608336,False
3917,19.585,-0.10017453,-0.08838265,-0.08938821,-0.04945748,0,3916,19.58,19.57427144050598,1,0.0369392521679401,0.9630607962608336,False
3918,19.59,0.044305284,0.044588726,0.052389383,0.08536727,0,3916,19.58,19.57427144050598,1,0.0369392521679401,0.9630607962608336,False
3919,19.595,0.20454212,0.19535992,0.21161418,0.22637522,0,3916,19.58,19.57427144050598,1,0.0369392521679401,0.9630607962608336,False
3920,19.6,0.342903,0.32745948,0.3472957,0.33832604,0,3920,19.6,19.59570550918579,1,0.0376675389707088,0.9623324871063232,False
3921,19.605,0.42093864,0.40238065,0.41967776,0.3882542,0,3920,19.6,19.59570550918579,1,0.0376675389707088,0.9623324871063232,False
3922,19.61,0.41856223,0.39950255,0.40982693,0.3632697,0,3920,19.6,19.59570550918579,1,0.0376675389707088,0.9623324871063232,False
3923,19.615,0.34379023,0.32612702,0.32745257,0.27741963,0,3920,19.6,19.59570550918579,1,0.0376675389707088,0.9623324871063232,False
3924,19.62,0.22646639,0.21095651,0.20293523,0.162233,0,3924,19.62,19.614429473876957,1,0.0286210756748914,0.9713789224624634,False
3925,19.625,0.10187255,0.08757016,0.07102185,0.048866834,0,3924,19.62,19.614429473876957,1,0.0286210756748914,0.9713789224624634,False
3926,19.63,-0.00391364,-0.019671217,-0.04253666,-0.044654492,0,3924,19.62,19.614429473876957,1,0.0286210756748914,0.9713789224624634,False
3927,19.635,-0.08000359,-0.10042868,-0.12575486,-0.11446796,0,3924,19.62,19.614429473876957,1,0.0286210756748914,0.9713789224624634,False
3928,19.64,-0.12938315,-0.15596469,-0.17864789,-0.16438861,0,3928,19.64,19.644333362579346,1,0.0233097709715366,0.9766902327537536,False
3929,19.645,-0.16429608,-0.19450355,-0.20933315,-0.1998758,0,3928,19.64,19.644333362579346,1,0.0233097709715366,0.9766902327537536,False
3930,19.65,-0.19958192,-0.22614998,-0.22944592,-0.22549872,0,3928,19.64,19.644333362579346,1,0.0233097709715366,0.9766902327537536,False
3931,19.655,-0.2438278,-0.2565608,-0.24779147,-0.24325696,0,3928,19.64,19.644333362579346,1,0.0233097709715366,0.9766902327537536,False
3932,19.66,-0.2911742,-0.28065902,-0.2630076,-0.24945495,0,3932,19.66,19.664005279541016,1,0.0570271722972393,0.9429728388786316,False
3933,19.665,-0.31981558,-0.2812855,-0.26017198,-0.23269197,0,3932,19.66,19.664005279541016,1,0.0570271722972393,0.9429728388786316,False
3934,19.67,-0.30127195,-0.23704919,-0.2170489,-0.17801543,0,3932,19.66,19.664005279541016,1,0.0570271722972393,0.9429728388786316,False
3935,19.675,-0.21729022,-0.13722977,-0.119673595,-0.0781581,0,3932,19.66,19.664005279541016,1,0.0570271722972393,0.9429728388786316,False
3936,19.68,-0.07424537,0.0058127632,0.022299122,0.05498148,0,3936,19.68,19.68406581878662,1,0.0357686802744865,0.9642313122749328,False
3937,19.685,0.09545574,0.15730539,0.17366861,0.18908767,0,3936,19.68,19.68406581878662,1,0.0357686802744865,0.9642313122749328,False
3938,19.69,0.24737367,0.27596366,0.290122,0.28501073,0,3936,19.68,19.68406581878662,1,0.0357686802744865,0.9642313122749328,False
3939,19.695,0.3456896,0.3350452,0.3426991,0.31770122,0,3936,19.68,19.68406581878662,1,0.0357686802744865,0.9642313122749328,False
3940,19.7,0.37688363,0.33341783,0.33167303,0.28935888,0,3940,19.7,19.698197603225708,1,0.043244544416666,0.9567554593086244,False
3941,19.705,0.34897164,0.2894087,0.27945155,0.22471261,0,3940,19.7,19.698197603225708,1,0.043244544416666,0.9567554593086244,False
3942,19.71,0.28051493,0.22438705,0.21021332,0.1526225,0,3940,19.7,19.698197603225708,1,0.043244544416666,0.9567554593086244,False
3943,19.715,0.1898256,0.15013358,0.13445795,0.08866504,0,3940,19.7,19.698197603225708,1,0.043244544416666,0.9567554593086244,False
3944,19.72,0.090597145,0.06793714,0.049505558,0.030549588,0,3944,19.72,19.73424243927002,1,0.0243448186665773,0.9756551384925842,False
3945,19.725,-0.008135723,-0.0243988,-0.049209103,-0.033918638,0,3944,19.72,19.73424243927002,1,0.0243448186665773,0.9756551384925842,False
3946,19.73,-0.102352716,-0.12636298,-0.159077,-0.11534981,0,3944,19.72,19.73424243927002,1,0.0243448186665773,0.9756551384925842,False
3947,19.735,-0.19323911,-0.23267268,-0.2694744,-0.2148171,0,3944,19.72,19.73424243927002,1,0.0243448186665773,0.9756551384925842,False
3948,19.74,-0.28213453,-0.3316334,-0.36396793,-0.3194509,0,3948,19.74,19.744391918182373,1,0.0241041723638772,0.9758958220481871,False
3949,19.745,-0.3593565,-0.40141672,-0.41954964,-0.40005016,0,3948,19.74,19.744391918182373,1,0.0241041723638772,0.9758958220481871,False
3950,19.75,-0.39635894,-0.40983418,-0.40664744,-0.41482654,0,3948,19.74,19.744391918182373,1,0.0241041723638772,0.9758958220481871,False
3951,19.755,-0.35455984,-0.32644308,-0.29969,-0.32609946,0,3948,19.74,19.744391918182373,1,0.0241041723638772,0.9758958220481871,False
3952,19.76,-0.21259193,-0.14612667,-0.09912256,-0.12750675,0,3952,19.76,19.76416563987732,1,0.0406727455556392,0.9593272805213928,False
3953,19.765,0.0060239877,0.09220505,0.15092005,0.13595775,0,3952,19.76,19.76416563987732,1,0.0406727455556392,0.9593272805213928,False
3954,19.77,0.2308868,0.31214744,0.37020457,0.37647614,0,3952,19.76,19.76416563987732,1,0.0406727455556392,0.9593272805213928,False
3955,19.775,0.37823087,0.4355212,0.4795765,0.50428396,0,3952,19.76,19.76416563987732,1,0.0406727455556392,0.9593272805213928,False
3956,19.78,0.39981407,0.426148,0.44599232,0.47765025,0,3956,19.78,19.784110069274902,1,0.0350323878228664,0.9649676084518432,False
3957,19.785,0.31072068,0.310001,0.3025553,0.3269121,0,3956,19.78,19.784110069274902,1,0.0350323878228664,0.9649676084518432,False
3958,19.79,0.1744132,0.15596472,0.12703276,0.1340777,0,3956,19.78,19.784110069274902,1,0.0350323878228664,0.9649676084518432,False
3959,19.795,0.057641987,0.03142281,-0.0064118477,-0.017925873,0,3956,19.78,19.784110069274902,1,0.0350323878228664,0.9649676084518432,False
3960,19.8,-0.009137402,-0.034785047,-0.067816444,-0.0907049,0,3960,19.8,19.79440975189209,1,0.0237867720425128,0.9762132167816162,False
3961,19.805,-0.038231723,-0.057792563,-0.07775064,-0.10132425,0,3960,19.8,19.79440975189209,1,0.0237867720425128,0.9762132167816162,False
3962,19.81,-0.06009832,-0.072429314,-0.08015082,-0.09680764,0,3960,19.8,19.79440975189209,1,0.0237867720425128,0.9762132167816162,False
3963,19.815,-0.093270525,-0.10233165,-0.1059978,-0.11553046,0,3960,19.8,19.79440975189209,1,0.0237867720425128,0.9762132167816162,False
3964,19.82,-0.13315342,-0.14584169,-0.15447977,-0.16352925,0,3964,19.82,19.8274028301239,1,0.0259786322712898,0.9740213751792908,False
3965,19.825,-0.16322692,-0.18461625,-0.20089771,-0.21790546,0,3964,19.82,19.8274028301239,1,0.0259786322712898,0.9740213751792908,False
3966,19.83,-0.17287572,-0.20227402,-0.21967797,-0.24833174,0,3964,19.82,19.8274028301239,1,0.0259786322712898,0.9740213751792908,False
3967,19.835,-0.16423115,-0.1954516,-0.20233488,-0.23739423,0,3964,19.82,19.8274028301239,1,0.0259786322712898,0.9740213751792908,False
3968,19.84,-0.14428999,-0.16984454,-0.15806559,-0.18620081,0,3968,19.84,19.844441890716556,1,0.0588338002562522,0.9411662220954896,False
3969,19.845,-0.113215476,-0.128456,-0.10040017,-0.1059475,0,3968,19.84,19.844441890716556,1,0.0588338002562522,0.9411662220954896,False
3970,19.85,-0.062048655,-0.06565464,-0.034105223,-0.006845662,0,3968,19.84,19.844441890716556,1,0.0588338002562522,0.9411662220954896,False
3971,19.855,0.017227598,0.0258177,0.04541691,0.10461571,0,3968,19.84,19.844441890716556,1,0.0588338002562522,0.9411662220954896,False
3972,19.86,0.11855482,0.140771,0.14024732,0.21899842,0,3972,19.86,19.858307361602783,1,0.0368673875927925,0.9631326794624328,False
3973,19.865,0.21811023,0.25427744,0.2375598,0.3169497,0,3972,19.86,19.858307361602783,1,0.0368673875927925,0.9631326794624328,False
3974,19.87,0.28463516,0.33038473,0.30979022,0.3720581,0,3972,19.86,19.858307361602783,1,0.0368673875927925,0.9631326794624328,False
3975,19.875,0.2964863,0.34210232,0.32927734,0.36406216,0,3972,19.86,19.858307361602783,1,0.0368673875927925,0.9631326794624328,False
3976,19.88,0.25248247,0.28705597,0.28577083,0.29178184,0,3976,19.88,19.89433193206787,1,0.0914937108755111,0.9085062742233276,False
3977,19.885,0.168924,0.1860747,0.19205041,0.17385724,0,3976,19.88,19.89433193206787,1,0.0914937108755111,0.9085062742233276,False
3978,19.89,0.06665181,0.06667329,0.07338486,0.03611355,0,3976,19.88,19.89433193206787,1,0.0914937108755111,0.9085062742233276,False
3979,19.895,-0.04043348,-0.053668655,-0.049109276,-0.10308431,0,3976,19.88,19.89433193206787,1,0.0914937108755111,0.9085062742233276,False
3980,19.9,-0.14668016,-0.17048436,-0.16643386,-0.23628737,0,3980,19.9,19.904008626937863,1,0.0239589400589466,0.97604101896286,False
3981,19.905,-0.24688911,-0.28107038,-0.275168,-0.35694823,0,3980,19.9,19.904008626937863,1,0.0239589400589466,0.97604101896286,False
3982,19.91,-0.32815358,-0.3714351,-0.36437535,-0.44690555,0,3980,19.9,19.904008626937863,1,0.0239589400589466,0.97604101896286,False
3983,19.915,-0.36945903,-0.41477308,-0.40993527,-0.4754915,0,3980,19.9,19.904008626937863,1,0.0239589400589466,0.97604101896286,False
3984,19.92,-0.3501543,-0.38421702,-0.38377786,-0.41463238,0,3984,19.92,19.927254915237427,1,0.0370013862848281,0.962998628616333,False
3985,19.925,-0.2616955,-0.27075937,-0.27270052,-0.26019582,0,3984,19.92,19.927254915237427,1,0.0370013862848281,0.962998628616333,False
3986,19.93,-0.115298145,-0.093481116,-0.09294884,-0.04316143,0,3984,19.92,19.927254915237427,1,0.0370013862848281,0.962998628616333,False
3987,19.935,0.059015837,0.105046354,0.11109693,0.17956656,0,3984,19.92,19.927254915237427,1,0.0370013862848281,0.962998628616333,False
3988,19.94,0.22185326,0.27553368,0.28484926,0.35035273,0,3988,19.94,19.94228863716125,1,0.0348075777292251,0.965192437171936,False
3989,19.945,0.33805364,0.3811191,0.38715723,0.43590102,0,3988,19.94,19.94228863716125,1,0.0348075777292251,0.965192437171936,False
3990,19.95,0.38785738,0.40851158,0.4050789,0.43630025,0,3988,19.94,19.94228863716125,1,0.0348075777292251,0.965192437171936,False
3991,19.955,0.3701859,0.36658233,0.35219964,0.3744096,0,3988,19.94,19.94228863716125,1,0.0348075777292251,0.965192437171936,False
3992,19.96,0.29751077,0.27604908,0.25490585,0.27640945,0,3992,19.96,19.959119081497192,1,0.0945559740066528,0.9054439663887024,False
3993,19.965,0.18750271,0.15869366,0.13818519,0.15914394,0,3992,19.96,19.959119081497192,1,0.0945559740066528,0.9054439663887024,False
3994,19.97,0.05820321,0.03265105,0.019670531,0.031604707,0,3992,19.96,19.959119081497192,1,0.0945559740066528,0.9054439663887024,False
3995,19.975,-0.07116091,-0.0861758,-0.088198766,-0.09535199,0,3992,19.96,19.959119081497192,1,0.0945559740066528,0.9054439663887024,False
3996,19.98,-0.1783649,-0.1818012,-0.1742687,-0.2032698,0,3996,19.98,19.98442029953003,1,0.0230684354901313,0.976931631565094,False
3997,19.985,-0.24194954,-0.23994292,-0.22848958,-0.2711647,0,3996,19.98,19.98442029953003,1,0.0230684354901313,0.976931631565094,False
3998,19.99,-0.2512441,-0.2538612,-0.24559298,-0.28720197,0,3996,19.98,19.98442029953003,1,0.0230684354901313,0.976931631565094,False
3999,19.995,-0.21477586,-0.22910762,-0.22863059,-0.25650313,0,3996,19.98,19.98442029953003,1,0.0230684354901313,0.976931631565094,False
4000,20.0,-0.15743224,-0.18175478,-0.18852098,-0.19819656,0,4000,20.0,19.994298934936523,1,0.0586786456406116,0.9413213729858398,False
4001,20.005,-0.10565687,-0.12990494,-0.13908894,-0.13412592,0,4000,20.0,19.994298934936523,1,0.0586786456406116,0.9413213729858398,False
4002,20.01,-0.07170519,-0.08433557,-0.09051631,-0.07786147,0,4000,20.0,19.994298934936523,1,0.0586786456406116,0.9413213729858398,False
4003,20.015,-0.049742524,-0.044978313,-0.045187462,-0.03089971,0,4000,20.0,19.994298934936523,1,0.0586786456406116,0.9413213729858398,False
4004,20.02,-0.025408298,-0.0046958113,0.0016787538,0.013669224,0,4004,20.02,20.01398205757141,1,0.0381189435720443,0.9618810415267944,False
4005,20.025,0.011587999,0.04372802,0.056867022,0.06418513,0,4004,20.02,20.01398205757141,1,0.0381189435720443,0.9618810415267944,False
4006,20.03,0.06205775,0.10189052,0.12188558,0.12370675,0,4004,20.02,20.01398205757141,1,0.0381189435720443,0.9618810415267944,False
4007,20.035,0.119009025,0.16279495,0.18742952,0.1851848,0,4004,20.02,20.01398205757141,1,0.0381189435720443,0.9618810415267944,False
4008,20.04,0.17008787,0.21093181,0.23394069,0.23068406,0,4008,20.04,20.044145584106445,1,0.0504357367753982,0.9495642185211182,False
4009,20.045,0.19911061,0.2271485,0.24038476,0.23774232,0,4008,20.04,20.044145584106445,1,0.0504357367753982,0.9495642185211182,False
4010,20.05,0.19116797,0.19870394,0.19749874,0.1923177,0,4008,20.04,20.044145584106445,1,0.0504357367753982,0.9495642185211182,False
4011,20.055,0.14235564,0.12909696,0.11608581,0.10056543,0,4008,20.04,20.044145584106445,1,0.0504357367753982,0.9495642185211182,False
4012,20.06,0.06607722,0.03877596,0.022228058,-0.010860533,0,4012,20.06,20.06429433822632,1,0.0311815924942493,0.9688183665275574,False
4013,20.065,-0.012981585,-0.04629181,-0.058727287,-0.108498156,0,4012,20.06,20.06429433822632,1,0.0311815924942493,0.9688183665275574,False
4014,20.07,-0.0745377,-0.10980726,-0.11689904,-0.16996093,0,4012,20.06,20.06429433822632,1,0.0311815924942493,0.9688183665275574,False
4015,20.075,-0.11416732,-0.15106383,-0.15864114,-0.19201195,0,4012,20.06,20.06429433822632,1,0.0311815924942493,0.9688183665275574,False
4016,20.08,-0.1398364,-0.1770445,-0.19291346,-0.18397908,0,4016,20.08,20.08443856239319,1,0.0334682688117027,0.9665316939353944,False
4017,20.085,-0.15785843,-0.1895293,-0.21643339,-0.15515515,0,4016,20.08,20.08443856239319,1,0.0334682688117027,0.9665316939353944,False
4018,20.09,-0.1630868,-0.1804371,-0.21227819,-0.10884651,0,4016,20.08,20.08443856239319,1,0.0334682688117027,0.9665316939353944,False
4019,20.095,-0.14293127,-0.13970718,-0.16404028,-0.046857268,0,4016,20.08,20.08443856239319,1,0.0334682688117027,0.9665316939353944,False
4020,20.1,-0.09035773,-0.06748384,-0.0729457,0.02322769,0,4020,20.1,20.09418892860413,1,0.0492831841111183,0.95071679353714,False
4021,20.105,-0.012947817,0.021205273,0.037567873,0.08742606,0,4020,20.1,20.09418892860413,1,0.0492831841111183,0.95071679353714,False
4022,20.11,0.06955159,0.10327307,0.13411932,0.1323608,0,4020,20.1,20.09418892860413,1,0.0492831841111183,0.95071679353714,False
4023,20.115,0.13556913,0.15956679,0.19234447,0.15236448,0,4020,20.1,20.09418892860413,1,0.0492831841111183,0.95071679353714,False
4024,20.12,0.17112541,0.18260962,0.20768888,0.1498637,0,4024,20.12,20.12761092185974,1,0.0459566116333007,0.9540433883666992,False
4025,20.125,0.17321171,0.1759679,0.19137073,0.13012448,0,4024,20.12,20.12761092185974,1,0.0459566116333007,0.9540433883666992,False
4026,20.13,0.14790124,0.14821607,0.15751694,0.09691762,0,4024,20.12,20.12761092185974,1,0.0459566116333007,0.9540433883666992,False
4027,20.135,0.10592691,0.10714636,0.11339247,0.05304823,0,4024,20.12,20.12761092185974,1,0.0459566116333007,0.9540433883666992,False
4028,20.14,0.057593066,0.05767307,0.05975772,0.0031726991,0,4028,20.14,20.14721369743347,1,0.048376128077507,0.9516238570213318,False
4029,20.145,0.008891553,0.0032014626,-0.0017612362,-0.046057474,0,4028,20.14,20.14721369743347,1,0.048376128077507,0.9516238570213318,False
4030,20.15,-0.038927574,-0.05211387,-0.06341726,-0.08949556,0,4028,20.14,20.14721369743347,1,0.048376128077507,0.9516238570213318,False
4031,20.155,-0.086138,-0.10283281,-0.114104345,-0.12652759,0,4028,20.14,20.14721369743347,1,0.048376128077507,0.9516238570213318,False
4032,20.16,-0.13075425,-0.14382966,-0.14704008,-0.15922245,0,4032,20.16,20.164228916168213,1,0.0331880338490009,0.966812014579773,False
4033,20.165,-0.16737416,-0.1716758,-0.16360249,-0.1859978,0,4032,20.16,20.164228916168213,1,0.0331880338490009,0.966812014579773,False
4034,20.17,-0.18848613,-0.18339752,-0.16850458,-0.19645476,0,4032,20.16,20.164228916168213,1,0.0331880338490009,0.966812014579773,False
4035,20.175,-0.18619859,-0.17399614,-0.16144943,-0.17382798,0,4032,20.16,20.164228916168213,1,0.0331880338490009,0.966812014579773,False
4036,20.18,-0.15427524,-0.13737936,-0.13532633,-0.106189996,0,4036,20.18,20.17422771453857,1,0.0622335411608219,0.9377664923667908,False
4037,20.185,-0.09180258,-0.072496474,-0.084276356,0.0006737393,0,4036,20.18,20.17422771453857,1,0.0622335411608219,0.9377664923667908,False
4038,20.19,-0.007025269,0.010723714,-0.0132713495,0.11992189,0,4036,20.18,20.17422771453857,1,0.0622335411608219,0.9377664923667908,False
4039,20.195,0.08326184,0.09341422,0.062028985,0.21547838,0,4036,20.18,20.17422771453857,1,0.0622335411608219,0.9377664923667908,False
4040,20.2,0.16061717,0.15813258,0.12592104,0.26211804,0,4040,20.2,20.20417809486389,1,0.0405608490109443,0.9594391584396362,False
4041,20.205,0.21308656,0.19813038,0.17233321,0.25851813,0,4040,20.2,20.20417809486389,1,0.0405608490109443,0.9594391584396362,False
4042,20.21,0.23730974,0.21619545,0.20283613,0.22289348,0,4040,20.2,20.20417809486389,1,0.0405608490109443,0.9594391584396362,False
4043,20.215,0.23375449,0.21489276,0.21597587,0.1756221,0,4040,20.2,20.20417809486389,1,0.0405608490109443,0.9594391584396362,False
4044,20.22,0.20187078,0.18973204,0.20161381,0.12403615,0,4044,20.22,20.22787952423096,1,0.0786396488547325,0.9213603138923644,False
4045,20.225,0.1412865,0.13345702,0.14865217,0.061225686,0,4044,20.22,20.22787952423096,1,0.0786396488547325,0.9213603138923644,False
4046,20.23,0.057103913,0.046979483,0.059051566,-0.022443183,0,4044,20.22,20.22787952423096,1,0.0786396488547325,0.9213603138923644,False
4047,20.235,-0.03780099,-0.054861188,-0.046677094,-0.12608151,0,4044,20.22,20.22787952423096,1,0.0786396488547325,0.9213603138923644,False
4048,20.24,-0.12662283,-0.1486087,-0.1387162,-0.23289533,0,4048,20.24,20.24419450759888,1,0.0248968657106161,0.975103199481964,False
4049,20.245,-0.19447768,-0.21309951,-0.19364646,-0.3144647,0,4048,20.24,20.24419450759888,1,0.0248968657106161,0.975103199481964,False
4050,20.25,-0.23114252,-0.23682986,-0.20397747,-0.341267,0,4048,20.24,20.24419450759888,1,0.0248968657106161,0.975103199481964,False
4051,20.255,-0.2313227,-0.21901916,-0.17721984,-0.2956243,0,4048,20.24,20.24419450759888,1,0.0248968657106161,0.975103199481964,False
4052,20.26,-0.19655035,-0.16819037,-0.12950188,-0.18300422,0,4052,20.26,20.25425791740417,1,0.0730021446943283,0.9269979000091552,False
4053,20.265,-0.1384073,-0.100767314,-0.07912958,-0.035284262,0,4052,20.26,20.25425791740417,1,0.0730021446943283,0.9269979000091552,False
4054,20.27,-0.076756544,-0.03696263,-0.04046807,0.09994565,0,4052,20.26,20.25425791740417,1,0.0730021446943283,0.9269979000091552,False
4055,20.275,-0.029146846,0.008319248,-0.017589347,0.18193236,0,4052,20.26,20.25425791740417,1,0.0730021446943283,0.9269979000091552,False
4056,20.28,0.0019095634,0.03455419,-0.0016016355,0.19799514,0,4056,20.28,20.284008264541622,1,0.0380673483014106,0.96193265914917,False
4057,20.285,0.03090124,0.055291265,0.022991097,0.16780426,0,4056,20.28,20.284008264541622,1,0.0380673483014106,0.96193265914917,False
4058,20.29,0.0755239,0.085754365,0.06473798,0.12671053,0,4056,20.28,20.284008264541622,1,0.0380673483014106,0.96193265914917,False
4059,20.295,0.13791417,0.12794784,0.11545638,0.10097588,0,4056,20.28,20.284008264541622,1,0.0380673483014106,0.96193265914917,False
4060,20.3,0.19849484,0.16699216,0.15429306,0.093947925,0,4060,20.3,20.29521417617798,1,0.0951294377446174,0.9048705697059632,False
4061,20.305,0.22910635,0.18239775,0.16316642,0.09157161,0,4060,20.3,20.29521417617798,1,0.0951294377446174,0.9048705697059632,False
4062,20.31,0.21380296,0.16372715,0.1396133,0.078655414,0,4060,20.3,20.29521417617798,1,0.0951294377446174,0.9048705697059632,False
4063,20.315,0.15882415,0.11665755,0.09567682,0.050361402,0,4060,20.3,20.29521417617798,1,0.0951294377446174,0.9048705697059632,False
4064,20.32,0.084578894,0.055970095,0.045822512,0.011576323,0,4064,20.32,20.314184427261356,1,0.0303457751870155,0.9696542620658876,False
4065,20.325,0.009608504,-0.005490365,-0.0028217724,-0.03034889,0,4064,20.32,20.314184427261356,1,0.0303457751870155,0.9696542620658876,False
4066,20.33,-0.058013007,-0.06125078,-0.04920911,-0.06998234,0,4064,20.32,20.314184427261356,1,0.0303457751870155,0.9696542620658876,False
4067,20.335,-0.11643119,-0.10757663,-0.0905125,-0.10250698,0,4064,20.32,20.314184427261356,1,0.0303457751870155,0.9696542620658876,False
4068,20.34,-0.16101791,-0.13891616,-0.11850247,-0.12165544,0,4068,20.34,20.34409546852112,1,0.0337238535284996,0.9662761092185974,False
4069,20.345,-0.18204641,-0.14894201,-0.124785684,-0.121862404,0,4068,20.34,20.34409546852112,1,0.0337238535284996,0.9662761092185974,False
4070,20.35,-0.17199732,-0.13630284,-0.10919194,-0.10341555,0,4068,20.34,20.34409546852112,1,0.0337238535284996,0.9662761092185974,False
4071,20.355,-0.13495736,-0.10861303,-0.08239132,-0.07483776,0,4068,20.34,20.34409546852112,1,0.0337238535284996,0.9662761092185974,False
4072,20.36,-0.087889925,-0.07940017,-0.05944659,-0.04857081,0,4072,20.36,20.36442351341248,1,0.0466824769973754,0.9533175230026244,False
4073,20.365,-0.050405495,-0.05881502,-0.048721388,-0.032042276,0,4072,20.36,20.36442351341248,1,0.0466824769973754,0.9533175230026244,False
4074,20.37,-0.030003952,-0.044847704,-0.044296324,-0.020992462,0,4072,20.36,20.36442351341248,1,0.0466824769973754,0.9533175230026244,False
4075,20.375,-0.015199071,-0.023144018,-0.028448042,-0.0016299413,0,4072,20.36,20.36442351341248,1,0.0466824769973754,0.9533175230026244,False
4076,20.38,0.015674675,0.021798506,0.01527358,0.037768193,0,4076,20.38,20.3842568397522,1,0.046107780188322,0.953892171382904,False
4077,20.385,0.074668676,0.090846136,0.08607721,0.09342456,0,4076,20.38,20.3842568397522,1,0.046107780188322,0.953892171382904,False
4078,20.39,0.14896022,0.16289206,0.15972969,0.14238061,0,4076,20.38,20.3842568397522,1,0.046107780188322,0.953892171382904,False
4079,20.395,0.20442049,0.20456819,0.20003125,0.15464623,0,4076,20.38,20.3842568397522,1,0.046107780188322,0.953892171382904,False
4080,20.4,0.20783746,0.19196455,0.18218845,0.11460504,0,4080,20.4,20.394205808639526,1,0.0722805261611938,0.9277194142341614,False
4081,20.405,0.15136877,0.12801482,0.11079325,0.03558097,0,4080,20.4,20.394205808639526,1,0.0722805261611938,0.9277194142341614,False
4082,20.41,0.05960204,0.041425355,0.017675973,-0.04531554,0,4080,20.4,20.394205808639526,1,0.0722805261611938,0.9277194142341614,False
4083,20.415,-0.026762223,-0.03230533,-0.059142757,-0.090114675,0,4080,20.4,20.394205808639526,1,0.0722805261611938,0.9277194142341614,False
4084,20.42,-0.077804394,-0.073036134,-0.098918796,-0.08435531,0,4084,20.42,20.43417692184448,1,0.0282081104815006,0.971791923046112,False
4085,20.425,-0.09134752,-0.08501933,-0.10664281,-0.044942055,0,4084,20.42,20.43417692184448,1,0.0282081104815006,0.971791923046112,False
4086,20.43,-0.08858771,-0.08792824,-0.10236555,-0.006185096,0,4084,20.42,20.43417692184448,1,0.0282081104815006,0.971791923046112,False
4087,20.435,-0.094047196,-0.09881081,-0.10234607,0.004794858,0,4084,20.42,20.43417692184448,1,0.0282081104815006,0.971791923046112,False
4088,20.44,-0.11622589,-0.11916026,-0.10740296,-0.0149616795,0,4088,20.44,20.44444584846497,1,0.0966705754399299,0.9033294320106506,False
4089,20.445,-0.14238429,-0.13523988,-0.105600044,-0.045771815,0,4088,20.44,20.44444584846497,1,0.0966705754399299,0.9033294320106506,False
4090,20.45,-0.14870766,-0.12888084,-0.08406244,-0.06141518,0,4088,20.44,20.44444584846497,1,0.0966705754399299,0.9033294320106506,False
4091,20.455,-0.116547085,-0.08953158,-0.039077204,-0.04642827,0,4088,20.44,20.44444584846497,1,0.0966705754399299,0.9033294320106506,False
4092,20.46,-0.043909572,-0.020366833,0.021883387,-0.003621878,0,4092,20.46,20.46446633338928,1,0.0558845959603786,0.944115400314331,False
4093,20.465,0.052789353,0.062582955,0.08437396,0.049650677,0,4092,20.46,20.46446633338928,1,0.0558845959603786,0.944115400314331,False
4094,20.47,0.1455033,0.13597439,0.13242248,0.09121203,0,4092,20.46,20.46446633338928,1,0.0558845959603786,0.944115400314331,False
4095,20.475,0.2061031,0.1776868,0.15329671,0.10434123,0,4092,20.46,20.46446633338928,1,0.0558845959603786,0.944115400314331,False
4096,20.48,0.21825048,0.17656392,0.14234446,0.08530008,0,4096,20.48,20.48424005508423,1,0.0505848638713359,0.9494151473045348,False
4097,20.485,0.18423067,0.13859214,0.10641776,0.04508348,0,4096,20.48,20.48424005508423,1,0.0505848638713359,0.9494151473045348,False
4098,20.49,0.122272514,0.08374748,0.061522543,0.0030555965,0,4096,20.48,20.48424005508423,1,0.0505848638713359,0.9494151473045348,False
4099,20.495,0.0551169,0.033508737,0.023428496,-0.025189824,0,4096,20.48,20.48424005508423,1,0.0505848638713359,0.9494151473045348,False
4100,20.5,-0.002704114,-0.0023474107,-0.002564271,-0.037521835,0,4100,20.5,20.497848987579346,1,0.0406103506684303,0.9593896865844728,False
4101,20.505,-0.049811833,-0.029064616,-0.023628766,-0.044478822,0,4100,20.5,20.497848987579346,1,0.0406103506684303,0.9593896865844728,False
4102,20.51,-0.09216889,-0.05785752,-0.050681874,-0.058214024,0,4100,20.5,20.497848987579346,1,0.0406103506684303,0.9593896865844728,False
4103,20.515,-0.1323413,-0.0928373,-0.08641744,-0.08046023,0,4100,20.5,20.497848987579346,1,0.0406103506684303,0.9593896865844728,False
4104,20.52,-0.16342792,-0.12535259,-0.12074317,-0.0996551,0,4104,20.52,20.534239768981934,1,0.0619223602116107,0.9380776286125184,False
4105,20.525,-0.17281042,-0.14006615,-0.13748394,-0.09925507,0,4104,20.52,20.534239768981934,1,0.0619223602116107,0.9380776286125184,False
4106,20.53,-0.1523225,-0.12697245,-0.12640925,-0.070093445,0,4104,20.52,20.534239768981934,1,0.0619223602116107,0.9380776286125184,False
4107,20.535,-0.10613513,-0.08938398,-0.09077464,-0.01736796,0,4104,20.52,20.534239768981934,1,0.0619223602116107,0.9380776286125184,False
4108,20.54,-0.04976098,-0.04209021,-0.04501609,0.041955218,0,4108,20.54,20.54442286491394,1,0.0665973201394081,0.9334027171134948,False
4109,20.545,-0.0008216229,-0.0017025884,-0.0050938386,0.08852023,0,4108,20.54,20.54442286491394,1,0.0665973201394081,0.9334027171134948,False
4110,20.55,0.031581365,0.023625093,0.021184588,0.11042621,0,4108,20.54,20.54442286491394,1,0.0665973201394081,0.9334027171134948,False
4111,20.555,0.051429253,0.03819455,0.037450813,0.10811207,0,4108,20.54,20.54442286491394,1,0.0665973201394081,0.9334027171134948,False
4112,20.56,0.07140187,0.054093204,0.054199822,0.09211207,0,4112,20.56,20.564064502716064,1,0.055948432534933,0.9440515637397766,False
4113,20.565,0.10258289,0.081078224,0.07999945,0.07522537,0,4112,20.56,20.564064502716064,1,0.055948432534933,0.9440515637397766,False
4114,20.57,0.1447793,0.11769906,0.11423297,0.063658044,0,4112,20.56,20.564064502716064,1,0.055948432534933,0.9440515637397766,False
4115,20.575,0.18353465,0.14963688,0.14551494,0.052663513,0,4112,20.56,20.564064502716064,1,0.055948432534933,0.9440515637397766,False
4116,20.58,0.19625132,0.1567995,0.15653035,0.030019594,0,4116,20.58,20.58444619178772,1,0.1651411354541778,0.8348588347434998,False
4117,20.585,0.16484047,0.12535904,0.13318667,-0.013998708,0,4116,20.58,20.58444619178772,1,0.1651411354541778,0.8348588347434998,False
4118,20.59,0.08817914,0.0577699,0.0740389,-0.07612378,0,4116,20.58,20.58444619178772,1,0.1651411354541778,0.8348588347434998,False
4119,20.595,-0.013508618,-0.025667576,-0.0054644477,-0.136716,0,4116,20.58,20.58444619178772,1,0.1651411354541778,0.8348588347434998,False
4120,20.6,-0.106845185,-0.09603331,-0.07863726,-0.16800903,0,4120,20.6,20.61411714553833,1,0.0372942946851253,0.962705671787262,False
4121,20.605,-0.16301814,-0.13167417,-0.122334085,-0.15100639,0,4120,20.6,20.61411714553833,1,0.0372942946851253,0.962705671787262,False
4122,20.61,-0.17420371,-0.13089679,-0.1316396,-0.0902335,0,4120,20.6,20.61411714553833,1,0.0372942946851253,0.962705671787262,False
4123,20.615,-0.15643172,-0.11159308,-0.12196841,-0.014148955,0,4120,20.6,20.61411714553833,1,0.0372942946851253,0.962705671787262,False
4124,20.62,-0.13530238,-0.09636569,-0.11450965,0.041930024,0,4124,20.62,20.62846350669861,1,0.1242560669779777,0.8757438659667969,False
4125,20.625,-0.124871895,-0.09388897,-0.11621889,0.05914426,0,4124,20.62,20.62846350669861,1,0.1242560669779777,0.8757438659667969,False
4126,20.63,-0.11708578,-0.09220715,-0.11281067,0.04639286,0,4124,20.62,20.62846350669861,1,0.1242560669779777,0.8757438659667969,False
4127,20.635,-0.09104291,-0.07055378,-0.08268943,0.030202141,0,4124,20.62,20.62846350669861,1,0.1242560669779777,0.8757438659667969,False
4128,20.64,-0.033928487,-0.01965546,-0.019699475,0.03199219,0,4128,20.64,20.645713329315186,1,0.0659979358315467,0.9340021014213562,False
4129,20.645,0.044995144,0.047728103,0.056957345,0.052182827,0,4128,20.64,20.645713329315186,1,0.0659979358315467,0.9340021014213562,False
4130,20.65,0.11908046,0.10522714,0.115552224,0.0733073,0,4128,20.64,20.645713329315186,1,0.0659979358315467,0.9340021014213562,False
4131,20.655,0.16243047,0.13199718,0.13568944,0.07688906,0,4128,20.64,20.645713329315186,1,0.0659979358315467,0.9340021014213562,False
4132,20.66,0.16595292,0.12589231,0.12179629,0.058402706,0,4132,20.66,20.664251804351807,1,0.0701697319746017,0.9298302531242372,False
4133,20.665,0.14026758,0.10148893,0.09586973,0.029245835,0,4132,20.66,20.664251804351807,1,0.0701697319746017,0.9298302531242372,False
4134,20.67,0.10616504,0.07739586,0.07815757,0.006805425,0,4132,20.66,20.664251804351807,1,0.0701697319746017,0.9298302531242372,False
4135,20.675,0.080754586,0.06372011,0.0728483,0.0014568741,0,4132,20.66,20.664251804351807,1,0.0701697319746017,0.9298302531242372,False
4136,20.68,0.06747882,0.05719124,0.06842406,0.008954721,0,4136,20.68,20.676676750183105,1,0.0926688909530639,0.907331109046936,False
4137,20.685,0.055023123,0.045056183,0.04928611,0.012326004,0,4136,20.68,20.676676750183105,1,0.0926688909530639,0.907331109046936,False
4138,20.69,0.026180683,0.014684486,0.008386472,-0.007326456,0,4136,20.68,20.676676750183105,1,0.0926688909530639,0.907331109046936,False
4139,20.695,-0.027960496,-0.036434263,-0.047412287,-0.056557193,0,4136,20.68,20.676676750183105,1,0.0926688909530639,0.907331109046936,False
4140,20.7,-0.098307125,-0.09651169,-0.101254545,-0.12098834,0,4140,20.7,20.71159052848816,1,0.0710609778761863,0.9289389848709106,False
4141,20.705,-0.1607933,-0.14466543,-0.13581431,-0.16991746,0,4140,20.7,20.71159052848816,1,0.0710609778761863,0.9289389848709106,False
4142,20.71,-0.19074176,-0.1625734,-0.14206445,-0.17317002,0,4140,20.7,20.71159052848816,1,0.0710609778761863,0.9289389848709106,False
4143,20.715,-0.1775227,-0.14436033,-0.12211145,-0.1196038,0,4140,20.7,20.71159052848816,1,0.0710609778761863,0.9289389848709106,False
4144,20.72,-0.12873381,-0.098053396,-0.085354954,-0.024567122,0,4144,20.72,20.728434562683105,1,0.1212768256664276,0.8787232041358948,False
4145,20.725,-0.06292567,-0.039200407,-0.041970536,0.07840218,0,4144,20.72,20.728434562683105,1,0.1212768256664276,0.8787232041358948,False
4146,20.73,0.0011478453,0.017106876,0.0010973166,0.155116,0,4144,20.72,20.728434562683105,1,0.1212768256664276,0.8787232041358948,False
4147,20.735,0.051003985,0.060631815,0.03977556,0.18592483,0,4144,20.72,20.728434562683105,1,0.1212768256664276,0.8787232041358948,False
4148,20.74,0.08160904,0.08673592,0.070664704,0.17087838,0,4148,20.74,20.744155168533325,1,0.0487318038940429,0.9512681365013124,False
4149,20.745,0.09454603,0.09603513,0.09048903,0.12485921,0,4148,20.74,20.744155168533325,1,0.0487318038940429,0.9512681365013124,False
4150,20.75,0.09662721,0.093660176,0.097689226,0.06766522,0,4148,20.74,20.744155168533325,1,0.0487318038940429,0.9512681365013124,False
4151,20.755,0.096339695,0.08657319,0.093631625,0.01462723,0,4148,20.74,20.744155168533325,1,0.0487318038940429,0.9512681365013124,False
4152,20.76,0.0978742,0.07885456,0.08139067,-0.02825692,0,4152,20.76,20.757848978042603,1,0.1282315254211425,0.8717684745788574,False
4153,20.765,0.09679433,0.06829842,0.06306998,-0.0629775,0,4152,20.76,20.757848978042603,1,0.1282315254211425,0.8717684745788574,False
4154,20.77,0.08224872,0.04800825,0.038369793,-0.093374975,0,4152,20.76,20.757848978042603,1,0.1282315254211425,0.8717684745788574,False
4155,20.775,0.045468207,0.012583466,0.0058331117,-0.11873622,0,4152,20.76,20.757848978042603,1,0.1282315254211425,0.8717684745788574,False
4156,20.78,-0.011832987,-0.035813898,-0.03418998,-0.13210689,0,4156,20.78,20.784184217453003,1,0.0723247602581977,0.9276752471923828,False
4157,20.785,-0.07594991,-0.08620757,-0.07692767,-0.124733776,0,4156,20.78,20.784184217453003,1,0.0723247602581977,0.9276752471923828,False
4158,20.79,-0.1276122,-0.1231841,-0.11269647,-0.09303669,0,4156,20.78,20.784184217453003,1,0.0723247602581977,0.9276752471923828,False
4159,20.795,-0.15131178,-0.1339829,-0.12954965,-0.04250166,0,4156,20.78,20.784184217453003,1,0.0723247602581977,0.9276752471923828,False
4160,20.8,-0.14146355,-0.1143815,-0.11869973,0.014378878,0,4160,20.8,20.794281244277958,1,0.1669362485408783,0.8330637812614441,False
4161,20.805,-0.102951564,-0.07059657,-0.08010159,0.06419603,0,4160,20.8,20.794281244277958,1,0.1669362485408783,0.8330637812614441,False
4162,20.81,-0.04758507,-0.01634237,-0.024175536,0.09818856,0,4160,20.8,20.794281244277958,1,0.1669362485408783,0.8330637812614441,False
4163,20.815,0.010735817,0.03353494,0.032528706,0.11404808,0,4160,20.8,20.794281244277958,1,0.1669362485408783,0.8330637812614441,False
4164,20.82,0.060284413,0.06942163,0.07545605,0.114193596,0,4164,20.82,20.834179639816284,1,0.052855659276247,0.947144329547882,False
4165,20.825,0.09441356,0.0896784,0.098506995,0.10304488,0,4164,20.82,20.834179639816284,1,0.052855659276247,0.947144329547882,False
4166,20.83,0.11243525,0.098421134,0.104582354,0.08524083,0,4164,20.82,20.834179639816284,1,0.052855659276247,0.947144329547882,False
4167,20.835,0.11766665,0.10017627,0.10041755,0.06456155,0,4164,20.82,20.834179639816284,1,0.052855659276247,0.947144329547882,False
4168,20.84,0.11297633,0.095109984,0.089930385,0.04243107,0,4168,20.84,20.844459056854248,1,0.1422483325004577,0.8577516674995422,False
4169,20.845,0.09678854,0.07826032,0.07120214,0.016535249,0,4168,20.84,20.844459056854248,1,0.1422483325004577,0.8577516674995422,False
4170,20.85,0.063833825,0.04392239,0.03955138,-0.018058455,0,4168,20.84,20.844459056854248,1,0.1422483325004577,0.8577516674995422,False
4171,20.855,0.0116108,-0.007458999,-0.0056359153,-0.064207576,0,4168,20.84,20.844459056854248,1,0.1422483325004577,0.8577516674995422,False
4172,20.86,-0.05282192,-0.06557984,-0.056325957,-0.11740671,0,4172,20.86,20.86420464515686,1,0.0703847184777259,0.9296152591705322,False
4173,20.865,-0.113217525,-0.1139878,-0.09832995,-0.16490625,0,4172,20.86,20.86420464515686,1,0.0703847184777259,0.9296152591705322,False
4174,20.87,-0.1527472,-0.13906899,-0.11953398,-0.19091965,0,4172,20.86,20.86420464515686,1,0.0703847184777259,0.9296152591705322,False
4175,20.875,-0.16318043,-0.13680515,-0.1168917,-0.18406011,0,4172,20.86,20.86420464515686,1,0.0703847184777259,0.9296152591705322,False
4176,20.88,-0.1464908,-0.11196922,-0.09626062,-0.14163823,0,4176,20.88,20.88431048393249,1,0.1632254868745803,0.8367745280265808,False
4177,20.885,-0.10942345,-0.07228408,-0.0662175,-0.069391355,0,4176,20.88,20.88431048393249,1,0.1632254868745803,0.8367745280265808,False
4178,20.89,-0.05859,-0.024434708,-0.032402333,0.020646306,0,4176,20.88,20.88431048393249,1,0.1632254868745803,0.8367745280265808,False
4179,20.895,-0.0005884558,0.025283314,0.0030075985,0.11193267,0,4176,20.88,20.88431048393249,1,0.1632254868745803,0.8367745280265808,False
4180,20.9,0.05631186,0.069519304,0.03830626,0.1859589,0,4180,20.9,20.89444184303284,1,0.0478290989995002,0.9521708488464355,False
4181,20.905,0.10395467,0.10169067,0.07020239,0.2272039,0,4180,20.9,20.89444184303284,1,0.0478290989995002,0.9521708488464355,False
4182,20.91,0.13816753,0.11922802,0.094254024,0.22878468,0,4180,20.9,20.89444184303284,1,0.0478290989995002,0.9521708488464355,False
4183,20.915,0.15879537,0.12324659,0.10586977,0.19449803,0,4180,20.9,20.89444184303284,1,0.0478290989995002,0.9521708488464355,False
4184,20.92,0.16449274,0.11422376,0.100708514,0.135256,0,4184,20.92,20.928788661956787,1,0.1264919489622116,0.8735080361366272,False
4185,20.925,0.14884642,0.08949997,0.07618686,0.062962905,0,4184,20.92,20.928788661956787,1,0.1264919489622116,0.8735080361366272,False
4186,20.93,0.10480527,0.047320735,0.035320222,-0.013054324,0,4184,20.92,20.928788661956787,1,0.1264919489622116,0.8735080361366272,False
4187,20.935,0.035214607,-0.006021796,-0.010250594,-0.08516717,0,4184,20.92,20.928788661956787,1,0.1264919489622116,0.8735080361366272,False
4188,20.94,-0.04145313,-0.054812558,-0.043478854,-0.14501667,0,4188,20.94,20.949339628219604,1,0.0313689485192298,0.9686310291290284,False
4189,20.945,-0.098693706,-0.08245466,-0.05209532,-0.18355994,0,4188,20.94,20.949339628219604,1,0.0313689485192298,0.9686310291290284,False
4190,20.95,-0.1190196,-0.08351014,-0.038324658,-0.19423716,0,4188,20.94,20.949339628219604,1,0.0313689485192298,0.9686310291290284,False
4191,20.955,-0.106420174,-0.06797493,-0.018527351,-0.17624429,0,4188,20.94,20.949339628219604,1,0.0313689485192298,0.9686310291290284,False
4192,20.96,-0.08304537,-0.053302508,-0.0113527,-0.13507964,0,4192,20.96,20.964017391204838,1,0.1134857684373855,0.8865142464637756,False
4193,20.965,-0.07262386,-0.051347274,-0.024201296,-0.08068483,0,4192,20.96,20.964017391204838,1,0.1134857684373855,0.8865142464637756,False
4194,20.97,-0.08430994,-0.061604034,-0.0497573,-0.025131539,0,4192,20.96,20.964017391204838,1,0.1134857684373855,0.8865142464637756,False
4195,20.975,-0.108697414,-0.07473454,-0.07414435,0.019969495,0,4192,20.96,20.964017391204838,1,0.1134857684373855,0.8865142464637756,False
4196,20.98,-0.12595601,-0.0801921,-0.086933106,0.047744654,0,4196,20.98,20.984437704086304,1,0.0567131824791431,0.9432867765426636,False
4197,20.985,-0.11725924,-0.070116796,-0.08345973,0.06091967,0,4196,20.98,20.984437704086304,1,0.0567131824791431,0.9432867765426636,False
4198,20.99,-0.07233623,-0.039052658,-0.060739398,0.07204725,0,4196,20.98,20.984437704086304,1,0.0567131824791431,0.9432867765426636,False
4199,20.995,0.0071578193,0.014928877,-0.016093358,0.09506765,0,4196,20.98,20.984437704086304,1,0.0567131824791431,0.9432867765426636,False
4200,21.0,0.10626016,0.085267894,0.047106918,0.13239253,0,4200,21.0,20.99433398246765,1,0.0750366821885109,0.9249632954597472,False
4201,21.005,0.19846886,0.15355204,0.11328333,0.16884215,0,4200,21.0,20.99433398246765,1,0.0750366821885109,0.9249632954597472,False
4202,21.01,0.25387534,0.19489604,0.15812054,0.18018937,0,4200,21.0,20.99433398246765,1,0.0750366821885109,0.9249632954597472,False
4203,21.015,0.25251836,0.19131798,0.16238636,0.15101089,0,4200,21.0,20.99433398246765,1,0.0750366821885109,0.9249632954597472,False
4204,21.02,0.19518061,0.14324811,0.12510882,0.086770035,0,4204,21.02,21.019481420516968,1,0.1451066583395004,0.8548933267593384,False
4205,21.025,0.10321713,0.06931654,0.0642235,0.009370901,0,4204,21.02,21.019481420516968,1,0.1451066583395004,0.8548933267593384,False
4206,21.03,0.006615472,-0.005700774,0.00395527,-0.059596684,0,4204,21.02,21.019481420516968,1,0.1451066583395004,0.8548933267593384,False
4207,21.035,-0.07130126,-0.06491456,-0.040137533,-0.11258782,0,4204,21.02,21.019481420516968,1,0.1451066583395004,0.8548933267593384,False
4208,21.04,-0.12186752,-0.10460212,-0.06663266,-0.15491474,0,4208,21.04,21.04403185844421,1,0.0303154326975345,0.9696845412254332,False
4209,21.045,-0.14781162,-0.12852238,-0.08204144,-0.19117208,0,4208,21.04,21.04403185844421,1,0.0303154326975345,0.9696845412254332,False
4210,21.05,-0.15423986,-0.138692,-0.09089776,-0.21349528,0,4208,21.04,21.04403185844421,1,0.0303154326975345,0.9696845412254332,False
4211,21.055,-0.14306164,-0.13208228,-0.09166179,-0.20407422,0,4208,21.04,21.04403185844421,1,0.0303154326975345,0.9696845412254332,False
4212,21.06,-0.11501841,-0.10576187,-0.08080363,-0.15079266,0,4212,21.06,21.064196348190308,1,0.0848659127950668,0.9151341319084167,False
4213,21.065,-0.075099595,-0.064104,-0.059200313,-0.061959274,0,4212,21.06,21.064196348190308,1,0.0848659127950668,0.9151341319084167,False
4214,21.07,-0.0338193,-0.01953993,-0.033426866,0.034126855,0,4212,21.06,21.064196348190308,1,0.0848659127950668,0.9151341319084167,False
4215,21.075,-0.0016837884,0.014957241,-0.010609982,0.10587547,0,4212,21.06,21.064196348190308,1,0.0848659127950668,0.9151341319084167,False
4216,21.08,0.018038519,0.034710344,0.007222201,0.13778749,0,4216,21.08,21.08222508430481,1,0.0421615093946456,0.957838535308838,False
4217,21.085,0.030627416,0.044781465,0.022700233,0.13659771,0,4216,21.08,21.08222508430481,1,0.0421615093946456,0.957838535308838,False
4218,21.09,0.043388113,0.052714217,0.037083652,0.12070932,0,4216,21.08,21.08222508430481,1,0.0421615093946456,0.957838535308838,False
4219,21.095,0.057751227,0.060450453,0.04636937,0.104597226,0,4216,21.08,21.08222508430481,1,0.0421615093946456,0.957838535308838,False
4220,21.1,0.068477124,0.06426054,0.04566867,0.0925821,0,4220,21.1,21.094428777694706,1,0.1130136400461196,0.8869863748550415,False
4221,21.105,0.07093539,0.06235703,0.03790955,0.084285565,0,4220,21.1,21.094428777694706,1,0.1130136400461196,0.8869863748550415,False
4222,21.11,0.06775083,0.060137298,0.035534624,0.080756806,0,4220,21.1,21.094428777694706,1,0.1130136400461196,0.8869863748550415,False
4223,21.115,0.06570485,0.06453765,0.04941206,0.0810296,0,4220,21.1,21.094428777694706,1,0.1130136400461196,0.8869863748550415,False
4224,21.12,0.06493132,0.07191138,0.07387347,0.07321265,0,4224,21.12,21.13439083099365,1,0.0467780642211437,0.95322185754776,False
4225,21.125,0.053310126,0.064147286,0.08462697,0.035032377,0,4224,21.12,21.13439083099365,1,0.0467780642211437,0.95322185754776,False
4226,21.13,0.015756587,0.021945829,0.056293834,-0.048702396,0,4224,21.12,21.13439083099365,1,0.0467780642211437,0.95322185754776,False
4227,21.135,-0.04784952,-0.053983994,-0.013506152,-0.16414109,0,4224,21.12,21.13439083099365,1,0.0467780642211437,0.95322185754776,False
4228,21.14,-0.11397993,-0.13442048,-0.095849045,-0.26476654,0,4228,21.14,21.1444354057312,1,0.0459331832826137,0.9540668725967408,False
4229,21.145,-0.14722435,-0.1771576,-0.14782655,-0.2958318,0,4228,21.14,21.1444354057312,1,0.0459331832826137,0.9540668725967408,False
4230,21.15,-0.12457467,-0.15585956,-0.14224179,-0.23092312,0,4228,21.14,21.1444354057312,1,0.0459331832826137,0.9540668725967408,False
4231,21.155,-0.052409023,-0.07879616,-0.085339464,-0.09197592,0,4228,21.14,21.1444354057312,1,0.0459331832826137,0.9540668725967408,False
4232,21.16,0.036727976,0.01691635,-0.0096414,0.0628325,0,4232,21.16,21.164159059524536,1,0.0606767982244491,0.9393231868743896,False
4233,21.165,0.10327253,0.0890572,0.049348097,0.17301182,0,4232,21.16,21.164159059524536,1,0.0606767982244491,0.9393231868743896,False
4234,21.17,0.121178344,0.11319473,0.07292551,0.20667028,0,4232,21.16,21.164159059524536,1,0.0606767982244491,0.9393231868743896,False
4235,21.175,0.08855485,0.09103423,0.06353462,0.17052044,0,4232,21.16,21.164159059524536,1,0.0606767982244491,0.9393231868743896,False
4236,21.18,0.026046207,0.043976583,0.036726553,0.098644145,0,4236,21.18,21.17439985275269,1,0.0586971417069435,0.9413028955459596,False
4237,21.185,-0.034079045,-0.00023971121,0.010631943,0.03136103,0,4236,21.18,21.17439985275269,1,0.0586971417069435,0.9413028955459596,False
4238,21.19,-0.06371964,-0.020628696,-0.0013587789,-0.003964079,0,4236,21.18,21.17439985275269,1,0.0586971417069435,0.9413028955459596,False
4239,21.195,-0.053377647,-0.011902897,0.004923157,-0.0031368565,0,4236,21.18,21.17439985275269,1,0.0586971417069435,0.9413028955459596,False
4240,21.2,-0.017282344,0.013549006,0.022221768,0.016419925,0,4240,21.2,21.214131593704224,1,0.0893712863326072,0.9106287360191344,False
4241,21.205,0.015521349,0.032730374,0.034582127,0.027964175,0,4240,21.2,21.214131593704224,1,0.0893712863326072,0.9106287360191344,False
4242,21.21,0.01994874,0.026170192,0.026836868,0.012464277,0,4240,21.2,21.214131593704224,1,0.0893712863326072,0.9106287360191344,False
4243,21.215,-0.008543933,-0.008737273,-0.0037198414,-0.029433481,0,4240,21.2,21.214131593704224,1,0.0893712863326072,0.9106287360191344,False
4244,21.22,-0.051092546,-0.054769285,-0.042986136,-0.078323714,0,4244,21.22,21.22441363334656,1,0.1434659361839294,0.8565340042114258,False
4245,21.225,-0.07841679,-0.08572733,-0.068661936,-0.10937588,0,4244,21.22,21.22441363334656,1,0.1434659361839294,0.8565340042114258,False
4246,21.23,-0.07058035,-0.08410037,-0.066454574,-0.108674765,0,4244,21.22,21.22441363334656,1,0.1434659361839294,0.8565340042114258,False
4247,21.235,-0.029692743,-0.05248451,-0.04073778,-0.0809189,0,4244,21.22,21.22441363334656,1,0.1434659361839294,0.8565340042114258,False
4248,21.24,0.023004113,-0.010095419,-0.010354295,-0.043502446,0,4248,21.24,21.249236345291138,1,0.2399074882268905,0.7600924968719482,False
4249,21.245,0.06273274,0.022399547,0.0070085805,-0.012388158,0,4248,21.24,21.249236345291138,1,0.2399074882268905,0.7600924968719482,False
4250,21.25,0.07741116,0.03723256,0.008494206,0.009006811,0,4248,21.24,21.249236345291138,1,0.2399074882268905,0.7600924968719482,False
4251,21.255,0.072778836,0.042031962,0.0064934967,0.029794386,0,4248,21.24,21.249236345291138,1,0.2399074882268905,0.7600924968719482,False
4252,21.26,0.0640138,0.049966767,0.01639303,0.06138989,0,4252,21.26,21.26447415351868,1,0.0868209674954414,0.9131790399551392,False
4253,21.265,0.061951026,0.06698671,0.04284901,0.10560304,0,4252,21.26,21.26447415351868,1,0.0868209674954414,0.9131790399551392,False
4254,21.27,0.06515448,0.08663608,0.0758572,0.1501796,0,4252,21.26,21.26447415351868,1,0.0868209674954414,0.9131790399551392,False
4255,21.275,0.06299412,0.095356785,0.09839835,0.1747689,0,4252,21.26,21.26447415351868,1,0.0868209674954414,0.9131790399551392,False
4256,21.28,0.04544416,0.0825109,0.09777472,0.16250528,0,4256,21.28,21.274481296539307,1,0.247072547674179,0.7529274821281433,False
4257,21.285,0.0106188655,0.046726987,0.071386315,0.10885807,0,4256,21.28,21.274481296539307,1,0.247072547674179,0.7529274821281433,False
4258,21.29,-0.035487913,-0.0052330447,0.024574364,0.022531515,0,4256,21.28,21.274481296539307,1,0.247072547674179,0.7529274821281433,False
4259,21.295,-0.08474762,-0.06391243,-0.03434064,-0.07991063,0,4256,21.28,21.274481296539307,1,0.247072547674179,0.7529274821281433,False
4260,21.3,-0.13107735,-0.12071457,-0.09587857,-0.17957872,0,4260,21.3,21.2971875667572,1,0.05306938290596,0.9469305872917176,False
4261,21.305,-0.16883571,-0.16682304,-0.14788646,-0.25701618,0,4260,21.3,21.2971875667572,1,0.05306938290596,0.9469305872917176,False
4262,21.31,-0.18854642,-0.19089296,-0.17581525,-0.29259145,0,4260,21.3,21.2971875667572,1,0.05306938290596,0.9469305872917176,False
4263,21.315,-0.17699206,-0.18106554,-0.16840461,-0.2709442,0,4260,21.3,21.2971875667572,1,0.05306938290596,0.9469305872917176,False
4264,21.32,-0.12464448,-0.13217114,-0.12544969,-0.1901419,0,4264,21.32,21.31415295600891,1,0.1253587305545807,0.8746412396430969,False
4265,21.325,-0.035284903,-0.052242726,-0.05996984,-0.06835614,0,4264,21.32,21.31415295600891,1,0.1253587305545807,0.8746412396430969,False
4266,21.33,0.07096123,0.038658526,0.008898573,0.06048588,0,4264,21.32,21.31415295600891,1,0.1253587305545807,0.8746412396430969,False
4267,21.335,0.16517025,0.11788838,0.06712458,0.16217692,0,4264,21.32,21.31415295600891,1,0.1253587305545807,0.8746412396430969,False
4268,21.34,0.22314921,0.17094624,0.111655496,0.21852072,0,4268,21.34,21.346322774887085,1,0.0439766906201839,0.9560232758522034,False
4269,21.345,0.23582418,0.19548751,0.14647509,0.23256947,0,4268,21.34,21.346322774887085,1,0.0439766906201839,0.9560232758522034,False
4270,21.35,0.210317,0.1969246,0.17355174,0.22014211,0,4268,21.34,21.346322774887085,1,0.0439766906201839,0.9560232758522034,False
4271,21.355,0.16259712,0.18096943,0.18754442,0.19593136,0,4268,21.34,21.346322774887085,1,0.0439766906201839,0.9560232758522034,False
4272,21.36,0.107721195,0.14972991,0.17882371,0.16518174,0,4272,21.36,21.36423134803772,1,0.1268012076616287,0.8731988072395325,False
4273,21.365,0.053666856,0.10331722,0.14155072,0.12522839,0,4272,21.36,21.36423134803772,1,0.1268012076616287,0.8731988072395325,False
4274,21.37,0.0011013394,0.043754958,0.079637416,0.0727296,0,4272,21.36,21.36423134803772,1,0.1268012076616287,0.8731988072395325,False
4275,21.375,-0.052401666,-0.023009002,0.0059806765,0.009549665,0,4272,21.36,21.36423134803772,1,0.1268012076616287,0.8731988072395325,False
4276,21.38,-0.10713114,-0.088384874,-0.06400644,-0.056625932,0,4276,21.38,21.376920223236084,1,0.0313637480139732,0.9686362743377686,False
4277,21.385,-0.15843117,-0.14417808,-0.119772285,-0.11624919,0,4276,21.38,21.376920223236084,1,0.0313637480139732,0.9686362743377686,False
4278,21.39,-0.1980399,-0.18505464,-0.1591887,-0.16307636,0,4276,21.38,21.376920223236084,1,0.0313637480139732,0.9686362743377686,False
4279,21.395,-0.21829093,-0.20899083,-0.1863785,-0.19676995,0,4276,21.38,21.376920223236084,1,0.0313637480139732,0.9686362743377686,False
4280,21.4,-0.2155964,-0.21570948,-0.20554817,-0.22067484,0,4280,21.4,21.39443254470825,1,0.0940823480486869,0.9059176445007324,False
4281,21.405,-0.19052291,-0.20455909,-0.21528977,-0.23591109,0,4280,21.4,21.39443254470825,1,0.0940823480486869,0.9059176445007324,False
4282,21.41,-0.14534625,-0.17384732,-0.20771076,-0.23651318,0,4280,21.4,21.39443254470825,1,0.0940823480486869,0.9059176445007324,False
4283,21.415,-0.08238867,-0.122379184,-0.17322664,-0.2105777,0,4280,21.4,21.39443254470825,1,0.0940823480486869,0.9059176445007324,False
4284,21.42,-0.0050583314,-0.051823907,-0.10745159,-0.14787161,0,4284,21.42,21.415659189224243,1,0.0433126352727413,0.9566873908042908,False
4285,21.425,0.07978145,0.0320598,-0.015326264,-0.048706904,0,4284,21.42,21.415659189224243,1,0.0433126352727413,0.9566873908042908,False
4286,21.43,0.1609355,0.119817294,0.08959456,0.072551616,0,4284,21.42,21.415659189224243,1,0.0433126352727413,0.9566873908042908,False
4287,21.435,0.22492665,0.19947919,0.18917187,0.19191672,0,4284,21.42,21.415659189224243,1,0.0433126352727413,0.9566873908042908,False
4288,21.44,0.26021406,0.25827876,0.26549855,0.28508434,0,4288,21.44,21.44414472579956,1,0.0487794540822505,0.9512205719947816,False
4289,21.445,0.26162416,0.28566045,0.30526447,0.33603296,0,4288,21.44,21.44414472579956,1,0.0487794540822505,0.9512205719947816,False
4290,21.45,0.23276524,0.2773664,0.3032908,0.34092474,0,4288,21.44,21.44414472579956,1,0.0487794540822505,0.9512205719947816,False
4291,21.455,0.18444441,0.2378848,0.2640352,0.30646947,0,4288,21.44,21.44414472579956,1,0.0487794540822505,0.9512205719947816,False
4292,21.46,0.12859093,0.17788778,0.19915801,0.24420275,0,4292,21.46,21.46466898918152,1,0.0367297977209091,0.9632702469825744,False
4293,21.465,0.0705043,0.106882595,0.12111625,0.16353492,0,4292,21.46,21.46466898918152,1,0.0367297977209091,0.9632702469825744,False
4294,21.47,0.0053811125,0.026799072,0.036719806,0.067589246,0,4292,21.46,21.46466898918152,1,0.0367297977209091,0.9632702469825744,False
4295,21.475,-0.076088704,-0.06647049,-0.053641785,-0.044568323,0,4292,21.46,21.46466898918152,1,0.0367297977209091,0.9632702469825744,False
4296,21.48,-0.17521681,-0.17294453,-0.14949915,-0.1696657,0,4296,21.48,21.474330186843872,1,0.0246576461941003,0.9753422737121582,False
4297,21.485,-0.27572668,-0.27848035,-0.24231112,-0.2921152,0,4296,21.48,21.474330186843872,1,0.0246576461941003,0.9753422737121582,False
4298,21.49,-0.3470071,-0.3556504,-0.31448072,-0.38420555,0,4296,21.48,21.474330186843872,1,0.0246576461941003,0.9753422737121582,False
4299,21.495,-0.3603236,-0.37748334,-0.3475567,-0.4171454,0,4296,21.48,21.474330186843872,1,0.0246576461941003,0.9753422737121582,False
4300,21.5,-0.3063873,-0.3336776,-0.33234972,-0.3763231,0,4300,21.5,21.49444890022278,1,0.0653916075825691,0.9346084594726562,False
4301,21.505,-0.20052534,-0.23595627,-0.27176118,-0.27000508,0,4300,21.5,21.49444890022278,1,0.0653916075825691,0.9346084594726562,False
4302,21.51,-0.07208105,-0.10922945,-0.17539966,-0.1257793,0,4300,21.5,21.49444890022278,1,0.0653916075825691,0.9346084594726562,False
4303,21.515,0.051910765,0.021979636,-0.054108143,0.021605292,0,4300,21.5,21.49444890022278,1,0.0653916075825691,0.9346084594726562,False
4304,21.52,0.15530388,0.13999586,0.07857458,0.14252573,0,4304,21.52,21.53433322906494,1,0.0356911309063434,0.9643089175224304,False
4305,21.525,0.2298689,0.23134428,0.2013064,0.2194048,0,4304,21.52,21.53433322906494,1,0.0356911309063434,0.9643089175224304,False
4306,21.53,0.2691184,0.28350845,0.28649724,0.2485661,0,4304,21.52,21.53433322906494,1,0.0356911309063434,0.9643089175224304,False
4307,21.535,0.26871476,0.28876725,0.3129651,0.23922493,0,4304,21.52,21.53433322906494,1,0.0356911309063434,0.9643089175224304,False
4308,21.54,0.23292586,0.2519599,0.28070226,0.20940694,0,4308,21.54,21.544081449508667,1,0.0916546285152435,0.9083454012870787,False
4309,21.545,0.1772291,0.1916172,0.21305448,0.17756772,0,4308,21.54,21.544081449508667,1,0.0916546285152435,0.9083454012870787,False
4310,21.55,0.12049178,0.12960224,0.14160533,0.15262742,0,4308,21.54,21.544081449508667,1,0.0916546285152435,0.9083454012870787,False
4311,21.555,0.072624005,0.07731361,0.085485436,0.12971306,0,4308,21.54,21.544081449508667,1,0.0916546285152435,0.9083454012870787,False
4312,21.56,0.030171659,0.031526525,0.042595915,0.09665767,0,4312,21.56,21.565237522125244,1,0.0240016859024763,0.9759983420372008,False
4313,21.565,-0.015479613,-0.016437951,-0.0009477635,0.04687771,0,4312,21.56,21.565237522125244,1,0.0240016859024763,0.9759983420372008,False
4314,21.57,-0.06620787,-0.06826029,-0.053627655,-0.013067909,0,4312,21.56,21.565237522125244,1,0.0240016859024763,0.9759983420372008,False
4315,21.575,-0.1142803,-0.11583175,-0.10981792,-0.068994135,0,4312,21.56,21.565237522125244,1,0.0240016859024763,0.9759983420372008,False
4316,21.58,-0.15087822,-0.15010086,-0.15588538,-0.11261948,0,4316,21.58,21.584307432174683,1,0.0293335542082786,0.9706664085388184,False
4317,21.585,-0.17557567,-0.17085649,-0.18283993,-0.14917243,0,4316,21.58,21.584307432174683,1,0.0293335542082786,0.9706664085388184,False
4318,21.59,-0.19512859,-0.18587409,-0.19225594,-0.19007124,0,4316,21.58,21.584307432174683,1,0.0293335542082786,0.9706664085388184,False
4319,21.595,-0.21162795,-0.19936141,-0.19029815,-0.23637311,0,4316,21.58,21.584307432174683,1,0.0293335542082786,0.9706664085388184,False
4320,21.6,-0.21245447,-0.20152742,-0.17698802,-0.26892254,0,4320,21.6,21.594159603118896,1,0.0449422411620616,0.955057680606842,False
4321,21.605,-0.17473514,-0.17146263,-0.14259093,-0.2566489,0,4320,21.6,21.594159603118896,1,0.0449422411620616,0.955057680606842,False
4322,21.61,-0.08406597,-0.09371886,-0.0762157,-0.17882647,0,4320,21.6,21.594159603118896,1,0.0449422411620616,0.955057680606842,False
4323,21.615,0.047323734,0.024392022,0.020207552,-0.044119235,0,4320,21.6,21.594159603118896,1,0.0449422411620616,0.955057680606842,False
4324,21.62,0.18011717,0.15040322,0.12562436,0.109513395,0,4324,21.62,21.61719417572021,1,0.0378879085183143,0.9621120691299438,False
4325,21.625,0.26874137,0.24341744,0.20864552,0.23507303,0,4324,21.62,21.61719417572021,1,0.0378879085183143,0.9621120691299438,False
4326,21.63,0.28860167,0.277891,0.24561958,0.30180708,0,4324,21.62,21.61719417572021,1,0.0378879085183143,0.9621120691299438,False
4327,21.635,0.24828349,0.255807,0.23328128,0.30680823,0,4324,21.62,21.61719417572021,1,0.0378879085183143,0.9621120691299438,False
4328,21.64,0.1775621,0.19839309,0.1857356,0.2663836,0,4328,21.64,21.64443349838257,1,0.1024044007062912,0.8975955843925476,False
4329,21.645,0.10267873,0.12641999,0.11992017,0.19777274,0,4328,21.64,21.64443349838257,1,0.1024044007062912,0.8975955843925476,False
4330,21.65,0.030483479,0.047401648,0.04408591,0.10849465,0,4328,21.64,21.64443349838257,1,0.1024044007062912,0.8975955843925476,False
4331,21.655,-0.046480402,-0.04011585,-0.04035524,0.0012028925,0,4328,21.64,21.64443349838257,1,0.1024044007062912,0.8975955843925476,False
4332,21.66,-0.13158649,-0.13223512,-0.12769099,-0.113932796,0,4332,21.66,21.66431188583374,1,0.0249843914061784,0.9750155806541444,False
4333,21.665,-0.21114658,-0.21149442,-0.2009999,-0.21403743,0,4332,21.66,21.66431188583374,1,0.0249843914061784,0.9750155806541444,False
4334,21.67,-0.25854167,-0.25340885,-0.23783238,-0.27194506,0,4332,21.66,21.66431188583374,1,0.0249843914061784,0.9750155806541444,False
4335,21.675,-0.25067466,-0.24131998,-0.22345781,-0.2707901,0,4332,21.66,21.66431188583374,1,0.0249843914061784,0.9750155806541444,False
4336,21.68,-0.1825532,-0.1763071,-0.15973891,-0.21235293,0,4336,21.68,21.674241065979004,1,0.0519764199852943,0.948023557662964,False
4337,21.685,-0.070486255,-0.075800195,-0.063504145,-0.114338614,0,4336,21.68,21.674241065979004,1,0.0519764199852943,0.948023557662964,False
4338,21.69,0.05485343,0.034581445,0.04140206,-0.0020368893,0,4336,21.68,21.674241065979004,1,0.0519764199852943,0.948023557662964,False
4339,21.695,0.15907742,0.12859717,0.13109542,0.09843507,0,4336,21.68,21.674241065979004,1,0.0519764199852943,0.948023557662964,False
4340,21.7,0.21453987,0.18463899,0.18578646,0.16447233,0,4340,21.7,21.694948196411133,1,0.0384500809013843,0.9615499377250672,False
4341,21.705,0.20964432,0.19135854,0.1941435,0.18249601,0,4340,21.7,21.694948196411133,1,0.0384500809013843,0.9615499377250672,False
4342,21.71,0.15425156,0.15326093,0.15853769,0.15451586,0,4340,21.7,21.694948196411133,1,0.0384500809013843,0.9615499377250672,False
4343,21.715,0.076059796,0.09058124,0.09620179,0.09940338,0,4340,21.7,21.694948196411133,1,0.0384500809013843,0.9615499377250672,False
4344,21.72,0.006794938,0.029599337,0.03174966,0.04382113,0,4344,21.72,21.734517574310303,1,0.0807793289422988,0.9192206263542176,False
4345,21.725,-0.033997167,-0.011391442,-0.015534159,0.0073351515,0,4344,21.72,21.734517574310303,1,0.0807793289422988,0.9192206263542176,False
4346,21.73,-0.045793265,-0.029448321,-0.03983896,-0.0065487437,0,4344,21.72,21.734517574310303,1,0.0807793289422988,0.9192206263542176,False
4347,21.735,-0.04028964,-0.03230425,-0.046361577,-0.006413466,0,4344,21.72,21.734517574310303,1,0.0807793289422988,0.9192206263542176,False
4348,21.74,-0.029109776,-0.028167153,-0.042762786,-0.0017654313,0,4348,21.74,21.744337558746334,1,0.0309558846056461,0.9690441489219666,False
4349,21.745,-0.018274,-0.021281207,-0.03450528,0.0028382174,0,4348,21.74,21.744337558746334,1,0.0309558846056461,0.9690441489219666,False
4350,21.75,-0.012741473,-0.016527101,-0.02791283,0.0031946157,0,4348,21.74,21.744337558746334,1,0.0309558846056461,0.9690441489219666,False
4351,21.755,-0.022208683,-0.024627265,-0.034186527,-0.011286209,0,4348,21.74,21.744337558746334,1,0.0309558846056461,0.9690441489219666,False
4352,21.76,-0.057522282,-0.057689365,-0.06504446,-0.054008737,0,4352,21.76,21.764411211013797,1,0.1188410818576812,0.8811588883399963,False
4353,21.765,-0.11780891,-0.11561731,-0.11992217,-0.1259438,0,4352,21.76,21.764411211013797,1,0.1188410818576812,0.8811588883399963,False
4354,21.77,-0.1805796,-0.17616622,-0.17643493,-0.20269538,0,4352,21.76,21.764411211013797,1,0.1188410818576812,0.8811588883399963,False
4355,21.775,-0.20772986,-0.20168693,-0.19699487,-0.24050125,0,4352,21.76,21.764411211013797,1,0.1188410818576812,0.8811588883399963,False
4356,21.78,-0.16763952,-0.16197258,-0.15172991,-0.20255396,0,4356,21.78,21.78447294235229,1,0.09621012955904,0.9037898778915404,False
4357,21.785,-0.058469977,-0.057075348,-0.041875396,-0.08714936,0,4356,21.78,21.78447294235229,1,0.09621012955904,0.9037898778915404,False
4358,21.79,0.085811764,0.07859326,0.09590654,0.06588066,0,4356,21.78,21.78447294235229,1,0.09621012955904,0.9037898778915404,False
4359,21.795,0.21298796,0.19557033,0.20997612,0.19777742,0,4356,21.78,21.78447294235229,1,0.09621012955904,0.9037898778915404,False
4360,21.8,0.281886,0.2580007,0.2644266,0.26611564,0,4360,21.8,21.794182777404785,1,0.0402997508645057,0.9597002267837524,False
4361,21.805,0.2827477,0.2606045,0.2570644,0.26633114,0,4360,21.8,21.794182777404785,1,0.0402997508645057,0.9597002267837524,False
4362,21.81,0.23564936,0.2234347,0.21265511,0.2253575,0,4360,21.8,21.794182777404785,1,0.0402997508645057,0.9597002267837524,False
4363,21.815,0.1709914,0.17187087,0.15976532,0.17593041,0,4360,21.8,21.794182777404785,1,0.0402997508645057,0.9597002267837524,False
4364,21.82,0.10825874,0.11901287,0.11111762,0.13337861,0,4364,21.82,21.834161281585693,1,0.0411281920969486,0.958871841430664,False
4365,21.825,0.047895305,0.062425464,0.06130995,0.090940334,0,4364,21.82,21.834161281585693,1,0.0411281920969486,0.958871841430664,False
4366,21.83,-0.020632008,-0.0060731275,-0.00047068784,0.0326412,0,4364,21.82,21.834161281585693,1,0.0411281920969486,0.958871841430664,False
4367,21.835,-0.10340627,-0.08813174,-0.076375276,-0.049787965,0,4364,21.82,21.834161281585693,1,0.0411281920969486,0.958871841430664,False
4368,21.84,-0.19184926,-0.17381388,-0.15606548,-0.14882259,0,4368,21.84,21.844208240509037,1,0.0266263950616121,0.9733736515045166,False
4369,21.845,-0.2648179,-0.2458159,-0.22371525,-0.24477345,0,4368,21.84,21.844208240509037,1,0.0266263950616121,0.9733736515045166,False
4370,21.85,-0.30045626,-0.2879091,-0.26728022,-0.3150042,0,4368,21.84,21.844208240509037,1,0.0266263950616121,0.9733736515045166,False
4371,21.855,-0.2884533,-0.29099756,-0.28152367,-0.34131092,0,4368,21.84,21.844208240509037,1,0.0266263950616121,0.9733736515045166,False
4372,21.86,-0.23396686,-0.25390413,-0.26406357,-0.31312495,0,4372,21.86,21.864367961883545,1,0.0744988247752189,0.9255012273788452,False
4373,21.865,-0.15170962,-0.18100064,-0.21126725,-0.22920406,0,4372,21.86,21.864367961883545,1,0.0744988247752189,0.9255012273788452,False
4374,21.87,-0.05654308,-0.08068768,-0.120786466,-0.100291386,0,4372,21.86,21.864367961883545,1,0.0744988247752189,0.9255012273788452,False
4375,21.875,0.041379485,0.033875853,0.00023764092,0.0492579,0,4372,21.86,21.864367961883545,1,0.0744988247752189,0.9255012273788452,False
4376,21.88,0.1345498,0.14444904,0.12994272,0.18577193,0,4376,21.88,21.884994506835938,1,0.0366908386349678,0.9633091688156128,False
4377,21.885,0.21380037,0.23120153,0.23723724,0.2780265,0,4376,21.88,21.884994506835938,1,0.0366908386349678,0.9633091688156128,False
4378,21.89,0.2677251,0.27956718,0.2962626,0.31069985,0,4376,21.88,21.884994506835938,1,0.0366908386349678,0.9633091688156128,False
4379,21.895,0.286722,0.28562728,0.2991577,0.29003277,0,4376,21.88,21.884994506835938,1,0.0366908386349678,0.9633091688156128,False
4380,21.9,0.26748183,0.2555836,0.25726765,0.23710364,0,4380,21.9,21.90243411064148,1,0.1076348274946212,0.8923651576042175,False
4381,21.905,0.21423194,0.20021676,0.19088885,0.17394955,0,4380,21.9,21.90243411064148,1,0.1076348274946212,0.8923651576042175,False
4382,21.91,0.13728867,0.12978448,0.117012165,0.113202356,0,4380,21.9,21.90243411064148,1,0.1076348274946212,0.8923651576042175,False
4383,21.915,0.051259026,0.05332955,0.044503707,0.05757394,0,4380,21.9,21.90243411064148,1,0.1076348274946212,0.8923651576042175,False
4384,21.92,-0.02741135,-0.01953874,-0.022373077,0.005932768,0,4384,21.92,21.91429042816162,1,0.0237402115017175,0.9762598276138306,False
4385,21.925,-0.08581908,-0.07950355,-0.07905723,-0.042226143,0,4384,21.92,21.91429042816162,1,0.0237402115017175,0.9762598276138306,False
4386,21.93,-0.12167521,-0.12226748,-0.12075575,-0.08768611,0,4384,21.92,21.91429042816162,1,0.0237402115017175,0.9762598276138306,False
4387,21.935,-0.1453486,-0.15180871,-0.14633977,-0.13353544,0,4384,21.92,21.91429042816162,1,0.0237402115017175,0.9762598276138306,False
4388,21.94,-0.17143124,-0.17629464,-0.15970048,-0.18228573,0,4388,21.94,21.94937896728516,1,0.0321038104593753,0.9678961634635924,False
4389,21.945,-0.20428126,-0.19848983,-0.16539845,-0.22888727,0,4388,21.94,21.94937896728516,1,0.0321038104593753,0.9678961634635924,False
4390,21.95,-0.23047566,-0.21004619,-0.16303839,-0.25762194,0,4388,21.94,21.94937896728516,1,0.0321038104593753,0.9678961634635924,False
4391,21.955,-0.2269639,-0.19674526,-0.14724766,-0.24907514,0,4388,21.94,21.94937896728516,1,0.0321038104593753,0.9678961634635924,False
4392,21.96,-0.17922592,-0.1508775,-0.114061564,-0.19362272,0,4392,21.96,21.96414446830749,1,0.0416797287762165,0.9583203196525574,False
4393,21.965,-0.093745075,-0.0792659,-0.066969424,-0.100506246,0,4392,21.96,21.96414446830749,1,0.0416797287762165,0.9583203196525574,False
4394,21.97,0.005708692,0.00046172042,-0.015781658,0.0054836683,0,4392,21.96,21.96414446830749,1,0.0416797287762165,0.9583203196525574,False
4395,21.975,0.09372313,0.07144312,0.030925445,0.09746548,0,4392,21.96,21.96414446830749,1,0.0416797287762165,0.9583203196525574,False
4396,21.98,0.1571061,0.12644094,0.0720695,0.16003789,0,4396,21.98,21.974515438079838,1,0.0380037352442741,0.9619961977005004,False
4397,21.985,0.19692373,0.1672239,0.112284765,0.19375902,0,4396,21.98,21.974515438079838,1,0.0380037352442741,0.9619961977005004,False
4398,21.99,0.21988028,0.19682516,0.15326278,0.20881689,0,4396,21.98,21.974515438079838,1,0.0380037352442741,0.9619961977005004,False
4399,21.995,0.22820367,0.21265551,0.18658555,0.21390858,0,4396,21.98,21.974515438079838,1,0.0380037352442741,0.9619961977005004,False
4400,22.0,0.21655889,0.20662652,0.19601695,0.20895983,0,4400,22.0,21.99419450759888,1,0.1157549321651458,0.8842450380325317,False
4401,22.005,0.17758071,0.17185842,0.16892087,0.18646728,0,4400,22.0,21.99419450759888,1,0.1157549321651458,0.8842450380325317,False
4402,22.01,0.11044662,0.10983839,0.10737782,0.13907792,0,4400,22.0,21.99419450759888,1,0.1157549321651458,0.8842450380325317,False
4403,22.015,0.024717633,0.031506993,0.028559133,0.06639788,0,4400,22.0,21.99419450759888,1,0.1157549321651458,0.8842450380325317,False
4404,22.02,-0.063958146,-0.048838466,-0.046791874,-0.024005061,0,4404,22.02,22.03437447547913,1,0.0253508910536766,0.9746491312980652,False
4405,22.025,-0.14221045,-0.12114495,-0.10744934,-0.12004297,0,4404,22.02,22.03437447547913,1,0.0253508910536766,0.9746491312980652,False
4406,22.03,-0.2034725,-0.18136811,-0.1541035,-0.20779644,0,4404,22.02,22.03437447547913,1,0.0253508910536766,0.9746491312980652,False
4407,22.035,-0.24475165,-0.22594693,-0.18941337,-0.27123874,0,4404,22.02,22.03437447547913,1,0.0253508910536766,0.9746491312980652,False
4408,22.04,-0.26006642,-0.24561019,-0.20690511,-0.2926848,0,4408,22.04,22.044480562210083,1,0.0327000766992569,0.9672999382019044,False
4409,22.045,-0.23899142,-0.22676578,-0.19143797,-0.25861472,0,4408,22.04,22.044480562210083,1,0.0327000766992569,0.9672999382019044,False
4410,22.05,-0.17380503,-0.16144809,-0.1321931,-0.16941078,0,4408,22.04,22.044480562210083,1,0.0327000766992569,0.9672999382019044,False
4411,22.055,-0.06970857,-0.057766017,-0.036234517,-0.045107137,0,4408,22.04,22.044480562210083,1,0.0327000766992569,0.9672999382019044,False
4412,22.06,0.0513143,0.058774453,0.070247576,0.0796865,0,4412,22.06,22.06426429748535,1,0.0379672646522522,0.9620327353477478,False
4413,22.065,0.15759075,0.15542005,0.15463056,0.17026304,0,4412,22.06,22.06426429748535,1,0.0379672646522522,0.9620327353477478,False
4414,22.07,0.22181633,0.20722693,0.19439594,0.20677692,0,4412,22.06,22.06426429748535,1,0.0379672646522522,0.9620327353477478,False
4415,22.075,0.23322679,0.20750497,0.18584593,0.19076636,0,4412,22.06,22.06426429748535,1,0.0379672646522522,0.9620327353477478,False
4416,22.08,0.20082963,0.16823718,0.14140166,0.14088373,0,4416,22.08,22.0842559337616,1,0.05240348726511,0.947596549987793,False
4417,22.085,0.14659354,0.11174605,0.08063394,0.08226246,0,4416,22.08,22.0842559337616,1,0.05240348726511,0.947596549987793,False
4418,22.09,0.093212046,0.059296817,0.022215819,0.036019694,0,4416,22.08,22.0842559337616,1,0.05240348726511,0.947596549987793,False
4419,22.095,0.053475183,0.022668652,-0.020235103,0.012966966,0,4416,22.08,22.0842559337616,1,0.05240348726511,0.947596549987793,False
4420,22.1,0.02665012,0.0019957633,-0.040003486,0.012174608,0,4420,22.1,22.09412980079651,1,0.029468361288309,0.9705316424369812,False
4421,22.105,0.0028071068,-0.010565004,-0.038785513,0.023227166,0,4420,22.1,22.09412980079651,1,0.029468361288309,0.9705316424369812,False
4422,22.11,-0.028706823,-0.024647918,-0.027093569,0.030769736,0,4420,22.1,22.09412980079651,1,0.029468361288309,0.9705316424369812,False
4423,22.115,-0.07241293,-0.046806276,-0.021059714,0.020162812,0,4420,22.1,22.09412980079651,1,0.029468361288309,0.9705316424369812,False
4424,22.12,-0.12484814,-0.0786036,-0.034789745,-0.016712736,0,4424,22.12,22.114522218704224,1,0.0604549199342727,0.9395450949668884,False
4425,22.125,-0.17647667,-0.11636385,-0.07122664,-0.07652359,0,4424,22.12,22.114522218704224,1,0.0604549199342727,0.9395450949668884,False
4426,22.13,-0.21409169,-0.1508972,-0.1173906,-0.14246036,0,4424,22.12,22.114522218704224,1,0.0604549199342727,0.9395450949668884,False
4427,22.135,-0.22308508,-0.168358,-0.14903487,-0.18834521,0,4424,22.12,22.114522218704224,1,0.0604549199342727,0.9395450949668884,False
4428,22.14,-0.19206128,-0.1551889,-0.14416051,-0.19031794,0,4428,22.14,22.144123792648315,1,0.114779345691204,0.8852207064628601,False
4429,22.145,-0.12018244,-0.10664666,-0.09732368,-0.14133105,0,4428,22.14,22.144123792648315,1,0.114779345691204,0.8852207064628601,False
4430,22.15,-0.021899804,-0.03254843,-0.023889676,-0.057983365,0,4428,22.14,22.144123792648315,1,0.114779345691204,0.8852207064628601,False
4431,22.155,0.077435754,0.046354055,0.04997506,0.027951548,0,4428,22.14,22.144123792648315,1,0.114779345691204,0.8852207064628601,False
4432,22.16,0.15423486,0.11000239,0.103913985,0.088931195,0,4432,22.16,22.164193630218502,1,0.0399580895900726,0.960041880607605,False
4433,22.165,0.19803226,0.14913508,0.13306512,0.11709305,0,4432,22.16,22.164193630218502,1,0.0399580895900726,0.960041880607605,False
4434,22.17,0.21232781,0.16568041,0.14408618,0.12351837,0,4432,22.16,22.164193630218502,1,0.0399580895900726,0.960041880607605,False
4435,22.175,0.20567822,0.16513509,0.14381094,0.123616934,0,4432,22.16,22.164193630218502,1,0.0399580895900726,0.960041880607605,False
4436,22.18,0.18281129,0.15002678,0.1326572,0.12301181,0,4436,22.18,22.17450475692749,1,0.1352816522121429,0.8647183179855347,False
4437,22.185,0.14399405,0.1205541,0.107993774,0.11594097,0,4436,22.18,22.17450475692749,1,0.1352816522121429,0.8647183179855347,False
4438,22.19,0.09114022,0.079452835,0.07140228,0.094814055,0,4436,22.18,22.17450475692749,1,0.1352816522121429,0.8647183179855347,False
4439,22.195,0.032112043,0.033765767,0.030470269,0.059482306,0,4436,22.18,22.17450475692749,1,0.1352816522121429,0.8647183179855347,False
4440,22.2,-0.022574468,-0.009281916,-0.0070812902,0.017251343,0,4440,22.2,22.199488162994385,1,0.0330075025558471,0.9669925570487976,False
4441,22.205,-0.06764185,-0.047842428,-0.04037513,-0.024738926,0,4440,22.2,22.199488162994385,1,0.0330075025558471,0.9669925570487976,False
4442,22.21,-0.10716924,-0.08618892,-0.07577744,-0.06577822,0,4440,22.2,22.199488162994385,1,0.0330075025558471,0.9669925570487976,False
4443,22.215,-0.14970584,-0.12915649,-0.119608656,-0.109589726,0,4440,22.2,22.199488162994385,1,0.0330075025558471,0.9669925570487976,False
4444,22.22,-0.19742441,-0.17456871,-0.16907923,-0.15554062,0,4444,22.22,22.23634433746338,1,0.0451439470052719,0.9548560380935668,False
4445,22.225,-0.2382988,-0.20971084,-0.20889428,-0.1914786,0,4444,22.22,22.23634433746338,1,0.0451439470052719,0.9548560380935668,False
4446,22.23,-0.24901092,-0.21531804,-0.21695791,-0.19643396,0,4444,22.22,22.23634433746338,1,0.0451439470052719,0.9548560380935668,False
4447,22.235,-0.20859337,-0.175909,-0.17663491,-0.15382293,0,4444,22.22,22.23634433746338,1,0.0451439470052719,0.9548560380935668,False
4448,22.24,-0.11415402,-0.090900704,-0.08852909,-0.06618154,0,4448,22.24,22.244276762008667,1,0.0569788590073585,0.9430211782455444,False
4449,22.245,0.012889814,0.020900482,0.026007785,0.040995188,0,4448,22.24,22.244276762008667,1,0.0569788590073585,0.9430211782455444,False
4450,22.25,0.1356405,0.12786524,0.13324092,0.13155532,0,4448,22.24,22.244276762008667,1,0.0569788590073585,0.9430211782455444,False
4451,22.255,0.22018062,0.20035824,0.2032323,0.1792849,0,4448,22.24,22.244276762008667,1,0.0569788590073585,0.9430211782455444,False
4452,22.26,0.25115362,0.22458866,0.2237589,0.18143533,0,4452,22.26,22.268226385116577,1,0.0412568412721157,0.9587432146072388,False
4453,22.265,0.2348398,0.20655552,0.20301776,0.15546973,0,4452,22.26,22.268226385116577,1,0.0412568412721157,0.9587432146072388,False
4454,22.27,0.18999666,0.1644337,0.16039331,0.12327096,0,4452,22.26,22.268226385116577,1,0.0412568412721157,0.9587432146072388,False
4455,22.275,0.13479085,0.11587454,0.11311006,0.09630665,0,4452,22.26,22.268226385116577,1,0.0412568412721157,0.9587432146072388,False
4456,22.28,0.07861334,0.069130555,0.0682635,0.07202513,0,4456,22.28,22.284358739852905,1,0.047154001891613,0.9528459310531616,False
4457,22.285,0.022196159,0.02274358,0.023967521,0.040932067,0,4456,22.28,22.284358739852905,1,0.047154001891613,0.9528459310531616,False
4458,22.29,-0.036364153,-0.027927127,-0.023880498,-0.0037061956,0,4456,22.28,22.284358739852905,1,0.047154001891613,0.9528459310531616,False
4459,22.295,-0.09489661,-0.08305269,-0.07547119,-0.060557038,0,4456,22.28,22.284358739852905,1,0.047154001891613,0.9528459310531616,False
4460,22.3,-0.14450876,-0.13498126,-0.12533143,-0.12066426,0,4460,22.3,22.302640914916992,1,0.0290528796613216,0.9709470868110656,False
4461,22.305,-0.17289309,-0.17111129,-0.16451836,-0.17109816,0,4460,22.3,22.302640914916992,1,0.0290528796613216,0.9709470868110656,False
4462,22.31,-0.17153671,-0.18071207,-0.18416703,-0.19923602,0,4460,22.3,22.302640914916992,1,0.0290528796613216,0.9709470868110656,False
4463,22.315,-0.1418663,-0.16101333,-0.17835626,-0.19658585,0,4460,22.3,22.302640914916992,1,0.0290528796613216,0.9709470868110656,False
4464,22.32,-0.09562956,-0.118633136,-0.14578284,-0.16162705,0,4464,22.32,22.336289644241333,1,0.0784033313393592,0.9215967059135436,False
4465,22.325,-0.048575692,-0.06567766,-0.09046427,-0.10075216,0,4464,22.32,22.336289644241333,1,0.0784033313393592,0.9215967059135436,False
4466,22.33,-0.011369415,-0.013376273,-0.021424616,-0.026445689,0,4464,22.32,22.336289644241333,1,0.0784033313393592,0.9215967059135436,False
4467,22.335,0.015930237,0.032498322,0.049003236,0.04696384,0,4464,22.32,22.336289644241333,1,0.0784033313393592,0.9215967059135436,False
4468,22.34,0.041715752,0.071828894,0.108292066,0.1080675,0,4468,22.34,22.353136777877808,1,0.0415205843746662,0.9584794044494628,False
4469,22.345,0.07449555,0.10671548,0.14744683,0.15122877,0,4468,22.34,22.353136777877808,1,0.0415205843746662,0.9584794044494628,False
4470,22.35,0.114663035,0.13750796,0.16376936,0.17629749,0,4468,22.34,22.353136777877808,1,0.0415205843746662,0.9584794044494628,False
4471,22.355,0.15255532,0.1610316,0.16091897,0.18595941,0,4468,22.34,22.353136777877808,1,0.0415205843746662,0.9584794044494628,False
4472,22.36,0.1738036,0.17136367,0.14547347,0.18260959,0,4472,22.36,22.368213653564453,1,0.1035241112112999,0.8964758515357971,False
4473,22.365,0.16724043,0.16176791,0.12147286,0.16622613,0,4472,22.36,22.368213653564453,1,0.1035241112112999,0.8964758515357971,False
4474,22.37,0.1295555,0.12682836,0.08688794,0.13386753,0,4472,22.36,22.368213653564453,1,0.1035241112112999,0.8964758515357971,False
4475,22.375,0.06495813,0.06507432,0.035903867,0.08116407,0,4472,22.36,22.368213653564453,1,0.1035241112112999,0.8964758515357971,False
4476,22.38,-0.017431913,-0.01802445,-0.033330176,0.0059166267,0,4476,22.38,22.384457111358643,1,0.0405822694301605,0.959417760372162,False
4477,22.385,-0.10530744,-0.108763285,-0.111563586,-0.0873897,0,4476,22.38,22.384457111358643,1,0.0405822694301605,0.959417760372162,False
4478,22.39,-0.18375419,-0.18806648,-0.17920893,-0.18490991,0,4476,22.38,22.384457111358643,1,0.0405822694301605,0.959417760372162,False
4479,22.395,-0.23659523,-0.2379849,-0.21609868,-0.26510632,0,4476,22.38,22.384457111358643,1,0.0405822694301605,0.959417760372162,False
4480,22.4,-0.2497063,-0.24773158,-0.21275051,-0.30482334,0,4480,22.4,22.395087480545044,1,0.037056066095829,0.9629439115524292,False
4481,22.405,-0.21558028,-0.21547958,-0.17366205,-0.28735903,0,4480,22.4,22.395087480545044,1,0.037056066095829,0.9629439115524292,False
4482,22.41,-0.1374562,-0.14655155,-0.110737905,-0.20958315,0,4480,22.4,22.395087480545044,1,0.037056066095829,0.9629439115524292,False
4483,22.415,-0.031271104,-0.05199228,-0.034696687,-0.08591746,0,4480,22.4,22.395087480545044,1,0.037056066095829,0.9629439115524292,False
4484,22.42,0.07646149,0.05059434,0.04639976,0.052750025,0,4484,22.42,22.434234142303467,1,0.0409220419824123,0.9590779542922974,False
4485,22.425,0.1563455,0.13745512,0.121455245,0.16717157,0,4484,22.42,22.434234142303467,1,0.0409220419824123,0.9590779542922974,False
4486,22.43,0.1881783,0.18547837,0.1730668,0.22462445,0,4484,22.42,22.434234142303467,1,0.0409220419824123,0.9590779542922974,False
4487,22.435,0.17167613,0.18456571,0.18484007,0.2149308,0,4484,22.42,22.434234142303467,1,0.0409220419824123,0.9590779542922974,False
4488,22.44,0.12780903,0.14640364,0.1551623,0.15734214,0,4488,22.44,22.444319248199463,1,0.0754380598664283,0.9245619773864746,False
4489,22.445,0.08697193,0.09956296,0.10333751,0.09067653,0,4488,22.44,22.444319248199463,1,0.0754380598664283,0.9245619773864746,False
4490,22.45,0.069955274,0.07120084,0.058762096,0.050386135,0,4488,22.44,22.444319248199463,1,0.0754380598664283,0.9245619773864746,False
4491,22.455,0.07502561,0.068643965,0.040144946,0.04779878,0,4488,22.44,22.444319248199463,1,0.0754380598664283,0.9245619773864746,False
4492,22.46,0.08133903,0.076199695,0.042756673,0.06684932,0,4492,22.46,22.464439868927,1,0.0303439293056726,0.9696560502052308,False
4493,22.465,0.06618467,0.06984321,0.044919543,0.07985728,0,4492,22.46,22.464439868927,1,0.0303439293056726,0.9696560502052308,False
4494,22.47,0.022029994,0.036583923,0.026890304,0.06820125,0,4492,22.46,22.464439868927,1,0.0303439293056726,0.9696560502052308,False
4495,22.475,-0.040029634,-0.017989233,-0.015353994,0.031133981,0,4492,22.46,22.464439868927,1,0.0303439293056726,0.9696560502052308,False
4496,22.48,-0.10133468,-0.07820656,-0.071770795,-0.021278134,0,4496,22.48,22.484278917312626,1,0.0561438649892807,0.943856120109558,False
4497,22.485,-0.14959216,-0.13200751,-0.12954822,-0.08018696,0,4496,22.48,22.484278917312626,1,0.0561438649892807,0.943856120109558,False
4498,22.49,-0.18297757,-0.1759198,-0.1803831,-0.14156607,0,4496,22.48,22.484278917312626,1,0.0561438649892807,0.943856120109558,False
4499,22.495,-0.20244795,-0.2082225,-0.21743283,-0.19914524,0,4496,22.48,22.484278917312626,1,0.0561438649892807,0.943856120109558,False
4500,22.5,-0.2021225,-0.22000591,-0.22873417,-0.23695305,0,4500,22.5,22.502193927764893,1,0.1050399243831634,0.8949601054191589,False
4501,22.505,-0.16931252,-0.1959243,-0.19831596,-0.23289518,0,4500,22.5,22.502193927764893,1,0.1050399243831634,0.8949601054191589,False
4502,22.51,-0.09602119,-0.12629627,-0.11772293,-0.17367457,0,4500,22.5,22.502193927764893,1,0.1050399243831634,0.8949601054191589,False
4503,22.515,0.008173827,-0.02013603,0.0015108521,-0.06901269,0,4500,22.5,22.502193927764893,1,0.1050399243831634,0.8949601054191589,False
4504,22.52,0.1146943,0.093623966,0.12711135,0.04838118,0,4504,22.52,22.51855158805847,1,0.0390777364373207,0.9609222412109376,False
4505,22.525,0.18966612,0.1799162,0.22056,0.13957082,0,4504,22.52,22.51855158805847,1,0.0390777364373207,0.9609222412109376,False
4506,22.53,0.21353488,0.21696953,0.25746173,0.18155487,0,4504,22.52,22.51855158805847,1,0.0390777364373207,0.9609222412109376,False
4507,22.535,0.19202885,0.20738827,0.23940887,0.17889468,0,4504,22.52,22.51855158805847,1,0.0390777364373207,0.9609222412109376,False
4508,22.54,0.15030974,0.1733243,0.18956628,0.15681842,0,4508,22.54,22.553083658218384,1,0.1025048270821571,0.8974951505661011,False
4509,22.545,0.11465442,0.1397351,0.13600695,0.1412865,0,4508,22.54,22.553083658218384,1,0.1025048270821571,0.8974951505661011,False
4510,22.55,0.09488372,0.11761025,0.09449579,0.14025982,0,4508,22.54,22.553083658218384,1,0.1025048270821571,0.8974951505661011,False
4511,22.555,0.0798221,0.098423205,0.06151997,0.13892151,0,4508,22.54,22.553083658218384,1,0.1025048270821571,0.8974951505661011,False
4512,22.56,0.04836091,0.06298855,0.020945884,0.11164659,0,4512,22.56,22.5681734085083,1,0.0321539975702762,0.9678460359573364,False
4513,22.565,-0.012689634,-0.0021145924,-0.041075796,0.041980267,0,4512,22.56,22.5681734085083,1,0.0321539975702762,0.9678460359573364,False
4514,22.57,-0.09731435,-0.09248855,-0.12334314,-0.06342932,0,4512,22.56,22.5681734085083,1,0.0321539975702762,0.9678460359573364,False
4515,22.575,-0.18303476,-0.18645063,-0.20753954,-0.17624718,0,4512,22.56,22.5681734085083,1,0.0321539975702762,0.9678460359573364,False
4516,22.58,-0.24383295,-0.25660074,-0.2676878,-0.261168,0,4516,22.58,22.584451913833615,1,0.0293524973094463,0.9706474542617798,False
4517,22.585,-0.26252586,-0.28307334,-0.28373578,-0.2928571,0,4516,22.58,22.584451913833615,1,0.0293524973094463,0.9706474542617798,False
4518,22.59,-0.23484802,-0.25964612,-0.24975057,-0.26438,0,4516,22.58,22.584451913833615,1,0.0293524973094463,0.9706474542617798,False
4519,22.595,-0.16620588,-0.19137622,-0.17279094,-0.18482135,0,4516,22.58,22.584451913833615,1,0.0293524973094463,0.9706474542617798,False
4520,22.6,-0.067512654,-0.08942902,-0.0665953,-0.07210138,0,4520,22.6,22.59408450126648,1,0.0424606651067733,0.9575393795967102,False
4521,22.605,0.04569829,0.030953871,0.05274424,0.051985897,0,4520,22.6,22.59408450126648,1,0.0424606651067733,0.9575393795967102,False
4522,22.61,0.15272237,0.14919089,0.16646054,0.16327965,0,4520,22.6,22.59408450126648,1,0.0424606651067733,0.9575393795967102,False
4523,22.615,0.23046105,0.24012356,0.25243363,0.23769997,0,4520,22.6,22.59408450126648,1,0.0424606651067733,0.9575393795967102,False
4524,22.62,0.26121682,0.28128198,0.29003525,0.2582638,0,4524,22.62,22.618162155151367,1,0.0402355603873729,0.9597644209861756,False
4525,22.625,0.24140334,0.26414758,0.27023423,0.22392482,0,4524,22.62,22.618162155151367,1,0.0402355603873729,0.9597644209861756,False
4526,22.63,0.18434048,0.200649,0.2030811,0.15261072,0,4524,22.62,22.618162155151367,1,0.0402355603873729,0.9597644209861756,False
4527,22.635,0.113596305,0.11778153,0.114394195,0.07349575,0,4524,22.62,22.618162155151367,1,0.0402355603873729,0.9597644209861756,False
4528,22.64,0.05027139,0.042548053,0.03206724,0.012075153,0,4528,22.64,22.65266895294189,1,0.0283680707216262,0.9716320037841796,False
4529,22.645,0.0025291224,-0.012071615,-0.02825304,-0.022064101,0,4528,22.64,22.65266895294189,1,0.0283680707216262,0.9716320037841796,False
4530,22.65,-0.03562393,-0.050065905,-0.06773843,-0.036863722,0,4528,22.64,22.65266895294189,1,0.0283680707216262,0.9716320037841796,False
4531,22.655,-0.075976424,-0.08351183,-0.097373776,-0.04910346,0,4528,22.64,22.65266895294189,1,0.0283680707216262,0.9716320037841796,False
4532,22.66,-0.12472755,-0.12033645,-0.12665905,-0.072543524,0,4532,22.66,22.66852617263794,1,0.0314138270914554,0.9685861468315125,False
4533,22.665,-0.17642175,-0.15826628,-0.15680361,-0.1103629,0,4532,22.66,22.66852617263794,1,0.0314138270914554,0.9685861468315125,False
4534,22.67,-0.21690348,-0.18769304,-0.18135583,-0.15459195,0,4532,22.66,22.66852617263794,1,0.0314138270914554,0.9685861468315125,False
4535,22.675,-0.2317853,-0.19864745,-0.19093713,-0.1904885,0,4532,22.66,22.66852617263794,1,0.0314138270914554,0.9685861468315125,False
4536,22.68,-0.2132926,-0.18541387,-0.17755416,-0.20240375,0,4536,22.68,22.69057846069336,1,0.0618623048067092,0.938137710094452,False
4537,22.685,-0.16130579,-0.14665696,-0.13698272,-0.178995,0,4536,22.68,22.69057846069336,1,0.0618623048067092,0.938137710094452,False
4538,22.69,-0.080658704,-0.08387296,-0.07027055,-0.11710553,0,4536,22.68,22.69057846069336,1,0.0618623048067092,0.938137710094452,False
4539,22.695,0.020269718,-0.0016439343,0.015062314,-0.023870653,0,4536,22.68,22.69057846069336,1,0.0618623048067092,0.938137710094452,False
4540,22.7,0.12780131,0.09019069,0.105228044,0.08370728,0,4540,22.7,22.6969575881958,1,0.0385924018919467,0.9614076018333436,False
4541,22.705,0.22155748,0.1755233,0.18287136,0.18221529,0,4540,22.7,22.6969575881958,1,0.0385924018919467,0.9614076018333436,False
4542,22.71,0.2782403,0.23495759,0.23157474,0.24792586,0,4540,22.7,22.6969575881958,1,0.0385924018919467,0.9614076018333436,False
4543,22.715,0.28101817,0.2525685,0.2403385,0.26424047,0,4540,22.7,22.6969575881958,1,0.0385924018919467,0.9614076018333436,False
4544,22.72,0.2292058,0.22329515,0.20692158,0.22835107,0,4544,22.72,22.714441061019897,1,0.1140738576650619,0.8859261870384216,False
4545,22.725,0.14121148,0.1568482,0.13976634,0.15399502,0,4544,22.72,22.714441061019897,1,0.1140738576650619,0.8859261870384216,False
4546,22.73,0.047351055,0.075065546,0.05733315,0.067096055,0,4544,22.72,22.714441061019897,1,0.1140738576650619,0.8859261870384216,False
4547,22.735,-0.024669632,0.0024113602,-0.017453033,-0.0060072327,0,4544,22.72,22.714441061019897,1,0.1140738576650619,0.8859261870384216,False
4548,22.74,-0.063828096,-0.04649701,-0.06770297,-0.052301943,0,4548,22.74,22.740431308746334,1,0.024511694908142,0.9754882454872132,False
4549,22.745,-0.08065784,-0.074711606,-0.09234837,-0.0783067,0,4548,22.74,22.740431308746334,1,0.024511694908142,0.9754882454872132,False
4550,22.75,-0.09844839,-0.099102765,-0.10626581,-0.10239743,0,4548,22.74,22.740431308746334,1,0.024511694908142,0.9754882454872132,False
4551,22.755,-0.13475747,-0.13507877,-0.12724024,-0.13720103,0,4548,22.74,22.740431308746334,1,0.024511694908142,0.9754882454872132,False
4552,22.76,-0.18518522,-0.18018182,-0.15824464,-0.17547342,0,4552,22.76,22.770871877670288,1,0.0539278276264667,0.9460721611976624,False
4553,22.765,-0.22220504,-0.21066561,-0.18065985,-0.19210331,0,4552,22.76,22.770871877670288,1,0.0539278276264667,0.9460721611976624,False
4554,22.77,-0.21250439,-0.19677114,-0.16697875,-0.16262713,0,4552,22.76,22.770871877670288,1,0.0539278276264667,0.9460721611976624,False
4555,22.775,-0.14202109,-0.12680368,-0.10443841,-0.08451026,0,4552,22.76,22.770871877670288,1,0.0539278276264667,0.9460721611976624,False
4556,22.78,-0.029949788,-0.020710008,-0.009623174,0.016141262,0,4556,22.78,22.784427881240845,1,0.0409820824861526,0.9590178728103638,False
4557,22.785,0.08048929,0.07954793,0.079700984,0.09895282,0,4556,22.78,22.784427881240845,1,0.0409820824861526,0.9590178728103638,False
4558,22.79,0.14915608,0.13697353,0.12996529,0.13457644,0,4556,22.78,22.784427881240845,1,0.0409820824861526,0.9590178728103638,False
4559,22.795,0.16378397,0.1430746,0.1338236,0.121989034,1,4556,22.78,22.784427881240845,1,0.0409820824861526,0.9590178728103638,True
4560,22.8,0.14339706,0.11938315,0.111224525,0.0852728,1,4560,22.8,22.794408559799194,1,0.0487433522939682,0.9512566328048706,True
4561,22.805,0.11863231,0.09661607,0.090005375,0.053548634,1,4560,22.8,22.794408559799194,1,0.0487433522939682,0.9512566328048706,True
4562,22.81,0.10629448,0.08966308,0.083283156,0.040375356,1,4560,22.8,22.794408559799194,1,0.0487433522939682,0.9512566328048706,True
4563,22.815,0.099270895,0.08900178,0.08202591,0.037995815,1,4560,22.8,22.794408559799194,1,0.0487433522939682,0.9512566328048706,True
4564,22.82,0.078228086,0.073712185,0.06691533,0.028853783,1,4564,22.82,22.81928300857544,1,0.0403849631547927,0.9596149921417236,True
4565,22.825,0.032330807,0.03260542,0.027475009,0.003100336,1,4564,22.82,22.81928300857544,1,0.0403849631547927,0.9596149921417236,True
4566,22.83,-0.029802203,-0.025158525,-0.027901128,-0.03257712,1,4564,22.82,22.81928300857544,1,0.0403849631547927,0.9596149921417236,True
4567,22.835,-0.08655085,-0.07717038,-0.07785218,-0.060791682,1,4564,22.82,22.81928300857544,1,0.0403849631547927,0.9596149921417236,True
4568,22.84,-0.118882224,-0.10407869,-0.10310844,-0.06746223,1,4568,22.84,22.85180974006653,1,0.0323101989924907,0.96768981218338,True
4569,22.845,-0.12114002,-0.1009483,-0.09804151,-0.051816348,1,4568,22.84,22.85180974006653,1,0.0323101989924907,0.96768981218338,True
4570,22.85,-0.10057193,-0.07679125,-0.07135645,-0.025252724,1,4568,22.84,22.85180974006653,1,0.0323101989924907,0.96768981218338,True
4571,22.855,-0.06977686,-0.046205513,-0.038365833,-0.0019799534,1,4568,22.84,22.85180974006653,1,0.0323101989924907,0.96768981218338,True
4572,22.86,-0.039585005,-0.021057442,-0.012228552,0.009967414,1,4572,22.86,22.870248079299927,1,0.0714405179023742,0.9285594820976256,True
4573,22.865,-0.015584267,-0.0063116457,0.0010161375,0.011414858,1,4572,22.86,22.870248079299927,1,0.0714405179023742,0.9285594820976256,True
4574,22.87,0.0027874177,0.00055586564,0.0034878175,0.0090065105,1,4572,22.86,22.870248079299927,1,0.0714405179023742,0.9285594820976256,True
4575,22.875,0.021113938,0.0074759712,0.003615573,0.010306694,1,4572,22.86,22.870248079299927,1,0.0714405179023742,0.9285594820976256,True
4576,22.88,0.045394942,0.022446366,0.011053639,0.019509483,1,4576,22.88,22.884539127349854,1,0.0505300462245941,0.9494699835777284,True
4577,22.885,0.07470878,0.046077188,0.02909097,0.034359567,1,4576,22.88,22.884539127349854,1,0.0505300462245941,0.9494699835777284,True
4578,22.89,0.09703365,0.06750442,0.049501594,0.04565113,1,4576,22.88,22.884539127349854,1,0.0505300462245941,0.9494699835777284,True
4579,22.895,0.09468638,0.06956723,0.056161508,0.04155071,1,4576,22.88,22.884539127349854,1,0.0505300462245941,0.9494699835777284,True
4580,22.9,0.058007687,0.041996542,0.037461802,0.01604231,1,4580,22.9,22.89413619041443,1,0.1569010317325592,0.8430989980697632,True
4581,22.905,-0.003588084,-0.0075916583,-0.001941954,-0.024409354,1,4580,22.9,22.89413619041443,1,0.1569010317325592,0.8430989980697632,True
4582,22.91,-0.06426327,-0.055721268,-0.04154325,-0.06276215,1,4580,22.9,22.89413619041443,1,0.1569010317325592,0.8430989980697632,True
4583,22.915,-0.09779548,-0.0784128,-0.05919838,-0.082025886,1,4580,22.9,22.89413619041443,1,0.1569010317325592,0.8430989980697632,True
4584,22.92,-0.09428818,-0.06777533,-0.047603834,-0.07631541,1,4584,22.92,22.919127941131592,1,0.0595436915755271,0.9404563307762146,True
4585,22.925,-0.06394164,-0.035860788,-0.018551528,-0.05286068,1,4584,22.92,22.919127941131592,1,0.0595436915755271,0.9404563307762146,True
4586,22.93,-0.02595972,-0.0029635835,0.008493728,-0.023744205,1,4584,22.92,22.919127941131592,1,0.0595436915755271,0.9404563307762146,True
4587,22.935,0.006464014,0.018684909,0.022554316,0.0042164763,1,4584,22.92,22.919127941131592,1,0.0595436915755271,0.9404563307762146,True
4588,22.94,0.032053176,0.0314595,0.027412334,0.03178403,1,4588,22.94,22.94449257850647,1,0.1689348071813583,0.8310652375221252,True
4589,22.945,0.054956168,0.04454653,0.033550847,0.06055711,1,4588,22.94,22.94449257850647,1,0.1689348071813583,0.8310652375221252,True
4590,22.95,0.07428259,0.06068451,0.044935506,0.08532043,1,4588,22.94,22.94449257850647,1,0.1689348071813583,0.8310652375221252,True
4591,22.955,0.08103243,0.07086716,0.053812727,0.094523236,1,4588,22.94,22.94449257850647,1,0.1689348071813583,0.8310652375221252,True
4592,22.96,0.06584271,0.062219158,0.048084605,0.07947532,1,4592,22.96,22.967026472091675,1,0.1284570842981338,0.8715428709983826,True
4593,22.965,0.0299753,0.031346098,0.023616789,0.043647967,1,4592,22.96,22.967026472091675,1,0.1284570842981338,0.8715428709983826,True
4594,22.97,-0.011727706,-0.009890899,-0.010386234,0.0026839075,1,4592,22.96,22.967026472091675,1,0.1284570842981338,0.8715428709983826,True
4595,22.975,-0.04006631,-0.042152222,-0.037881564,-0.0259486,1,4592,22.96,22.967026472091675,1,0.1284570842981338,0.8715428709983826,True
4596,22.98,-0.045655422,-0.053358424,-0.048459582,-0.035353895,1,4596,22.98,22.979043006896973,1,0.1851533502340316,0.8148466348648071,True
4597,22.985,-0.03581798,-0.047512982,-0.044943262,-0.033488326,1,4596,22.98,22.979043006896973,1,0.1851533502340316,0.8148466348648071,True
4598,22.99,-0.027967075,-0.04006769,-0.03979692,-0.03586161,1,4596,22.98,22.979043006896973,1,0.1851533502340316,0.8148466348648071,True
4599,22.995,-0.034736887,-0.043876003,-0.043445747,-0.052284133,1,4596,22.98,22.979043006896973,1,0.1851533502340316,0.8148466348648071,True
4600,23.0,-0.053010114,-0.057485547,-0.054204717,-0.07769417,1,4600,23.0,22.994207620620728,1,0.230737954378128,0.7692620754241943,True
4601,23.005,-0.06575281,-0.0654534,-0.058397923,-0.0941909,1,4600,23.0,22.994207620620728,1,0.230737954378128,0.7692620754241943,True
4602,23.01,-0.05530743,-0.050711814,-0.041274123,-0.083458535,1,4600,23.0,22.994207620620728,1,0.230737954378128,0.7692620754241943,True
4603,23.015,-0.017829532,-0.009386067,-0.00042240083,-0.04099322,1,4600,23.0,22.994207620620728,1,0.230737954378128,0.7692620754241943,True
4604,23.02,0.032250647,0.043732043,0.049300447,0.018522674,1,4604,23.02,23.019174337387085,1,0.158321663737297,0.8416783213615417,True
4605,23.025,0.07106134,0.08372687,0.08406042,0.069372274,1,4604,23.02,23.019174337387085,1,0.158321663737297,0.8416783213615417,True
4606,23.03,0.08064455,0.09184406,0.086781934,0.09095189,1,4604,23.02,23.019174337387085,1,0.158321663737297,0.8416783213615417,True
4607,23.035,0.059743214,0.06740955,0.058551483,0.080126174,1,4604,23.02,23.019174337387085,1,0.158321663737297,0.8416783213615417,True
4608,23.04,0.023305643,0.02720197,0.017444216,0.05116186,1,4608,23.04,23.044330596923828,1,0.214026540517807,0.7859734296798706,True
4609,23.045,-0.007517365,-0.006106542,-0.013707686,0.024430025,1,4608,23.04,23.044330596923828,1,0.214026540517807,0.7859734296798706,True
4610,23.05,-0.017623557,-0.017612653,-0.021402035,0.01301834,1,4608,23.04,23.044330596923828,1,0.214026540517807,0.7859734296798706,True
4611,23.055,-0.0055668713,-0.0073779332,-0.008132115,0.01639867,1,4608,23.04,23.044330596923828,1,0.214026540517807,0.7859734296798706,True
4612,23.06,0.016668556,0.011794753,0.011480022,0.023795754,1,4612,23.06,23.070502519607544,1,0.0960926637053489,0.903907299041748,True
4613,23.065,0.031135336,0.02324171,0.02125373,0.02311295,1,4612,23.06,23.070502519607544,1,0.0960926637053489,0.903907299041748,True
4614,23.07,0.024886586,0.01645771,0.013541154,0.00888049,1,4612,23.06,23.070502519607544,1,0.0960926637053489,0.903907299041748,True
4615,23.075,-0.0016975828,-0.007096359,-0.0071004173,-0.015156489,1,4612,23.06,23.070502519607544,1,0.0960926637053489,0.903907299041748,True
4616,23.08,-0.034865048,-0.035372935,-0.028160026,-0.039168283,1,4616,23.08,23.085542917251587,1,0.2111287117004394,0.7888712882995605,True
4617,23.085,-0.0562816,-0.053256296,-0.037824742,-0.053211484,1,4616,23.08,23.085542917251587,1,0.2111287117004394,0.7888712882995605,True
4618,23.09,-0.05452358,-0.05136932,-0.03195442,-0.052215543,1,4616,23.08,23.085542917251587,1,0.2111287117004394,0.7888712882995605,True
4619,23.095,-0.031109795,-0.030685805,-0.015114158,-0.037645027,1,4616,23.08,23.085542917251587,1,0.2111287117004394,0.7888712882995605,True
4620,23.1,0.00214821,-0.0008552942,0.0037575685,-0.016021473,1,4620,23.1,23.112818241119385,1,0.187583714723587,0.8124163150787354,True
4621,23.105,0.030776657,0.025415782,0.01671386,0.004030371,1,4620,23.1,23.112818241119385,1,0.187583714723587,0.8124163150787354,True
4622,23.11,0.044268046,0.03794295,0.019393614,0.014869436,1,4620,23.1,23.112818241119385,1,0.187583714723587,0.8124163150787354,True
4623,23.115,0.0388545,0.0323313,0.010775689,0.012569848,1,4620,23.1,23.112818241119385,1,0.187583714723587,0.8124163150787354,True
4624,23.12,0.017326223,0.010943844,-0.007313666,-0.0012317939,1,4624,23.12,23.12545228004456,1,0.1810567378997802,0.8189432621002197,True
4625,23.125,-0.012497013,-0.017903976,-0.029537115,-0.019460168,1,4624,23.12,23.12545228004456,1,0.1810567378997802,0.8189432621002197,True
4626,23.13,-0.04021758,-0.04260853,-0.046953343,-0.032379776,1,4624,23.12,23.12545228004456,1,0.1810567378997802,0.8189432621002197,True
4627,23.135,-0.056088705,-0.05260963,-0.049943496,-0.032054786,1,4624,23.12,23.12545228004456,1,0.1810567378997802,0.8189432621002197,True
4628,23.14,-0.054065246,-0.042798225,-0.033558756,-0.016130846,1,4628,23.14,23.152055740356445,1,0.1658123880624771,0.8341876268386841,True
4629,23.145,-0.033631027,-0.015744856,-0.0014174797,0.011046023,1,4628,23.14,23.152055740356445,1,0.1658123880624771,0.8341876268386841,True
4630,23.15,-0.000282121,0.0192735,0.03517787,0.040222988,1,4628,23.14,23.152055740356445,1,0.1658123880624771,0.8341876268386841,True
4631,23.155,0.03523496,0.049687717,0.062456675,0.060832422,1,4628,23.14,23.152055740356445,1,0.1658123880624771,0.8341876268386841,True
4632,23.16,0.05981802,0.0642449,0.070441,0.06513298,1,4632,23.16,23.16808319091797,1,0.3600648939609527,0.6399351358413696,True
4633,23.165,0.06379008,0.05785886,0.05727371,0.05181695,1,4632,23.16,23.16808319091797,1,0.3600648939609527,0.6399351358413696,True
4634,23.17,0.047305845,0.034982327,0.030218584,0.027482934,1,4632,23.16,23.16808319091797,1,0.3600648939609527,0.6399351358413696,True
4635,23.175,0.021971345,0.008533012,0.002683083,0.004101604,1,4632,23.16,23.16808319091797,1,0.3600648939609527,0.6399351358413696,True
4636,23.18,0.003996149,-0.007158952,-0.012496734,-0.007569498,1,4636,23.18,23.18560552597046,1,0.4782713055610657,0.5217286348342896,True
4637,23.185,0.0022818453,-0.0059932577,-0.010707725,-0.0051213214,1,4636,23.18,23.18560552597046,1,0.4782713055610657,0.5217286348342896,True
4638,23.19,0.010867726,0.0049881646,0.0010212284,0.0032074535,1,4636,23.18,23.18560552597046,1,0.4782713055610657,0.5217286348342896,True
4639,23.195,0.013127843,0.010425969,0.0084293485,0.0038125413,1,4636,23.18,23.18560552597046,1,0.4782713055610657,0.5217286348342896,True
4640,23.2,-0.0044571557,-0.0015835079,9.260573e-05,-0.01246529,1,4640,23.2,23.215471267700195,0,0.5526193380355835,0.4473806917667389,False
4641,23.205,-0.039901778,-0.029860737,-0.024119651,-0.043092825,1,4640,23.2,23.215471267700195,0,0.5526193380355835,0.4473806917667389,False
4642,23.21,-0.075300425,-0.060390376,-0.052713867,-0.074678145,1,4640,23.2,23.215471267700195,0,0.5526193380355835,0.4473806917667389,False
4643,23.215,-0.089272946,-0.07607168,-0.070428,-0.091220446,1,4640,23.2,23.215471267700195,0,0.5526193380355835,0.4473806917667389,False
4644,23.22,-0.07230453,-0.06795672,-0.0678655,-0.083493754,1,4644,23.22,23.23118472099304,0,0.7567591667175293,0.2432408332824707,False
4645,23.225,-0.032658804,-0.03948681,-0.045779005,-0.05301778,1,4644,23.22,23.23118472099304,0,0.7567591667175293,0.2432408332824707,False
4646,23.23,0.011106212,-0.001968331,-0.012221505,-0.009155153,1,4644,23.22,23.23118472099304,0,0.7567591667175293,0.2432408332824707,False
4647,23.235,0.04351792,0.0331413,0.023163958,0.03658359,1,4644,23.22,23.23118472099304,0,0.7567591667175293,0.2432408332824707,False
4648,23.24,0.05993646,0.058431413,0.052383207,0.07407324,1,4648,23.24,23.25066614151001,1,0.331777274608612,0.6682227849960327,True
4649,23.245,0.063854136,0.06979157,0.06881934,0.09500511,1,4648,23.24,23.25066614151001,1,0.331777274608612,0.6682227849960327,True
4650,23.25,0.059160788,0.06473936,0.066949405,0.0933351,1,4648,23.24,23.25066614151001,1,0.331777274608612,0.6682227849960327,True
4651,23.255,0.04635181,0.043705188,0.045263883,0.06833074,1,4648,23.24,23.25066614151001,1,0.331777274608612,0.6682227849960327,True
4652,23.26,0.025749503,0.013166465,0.010735066,0.028265186,1,4652,23.26,23.2709481716156,0,0.7919714450836182,0.2080285549163818,False
4653,23.265,0.0023535488,-0.014366397,-0.02090858,-0.010436514,1,4652,23.26,23.2709481716156,0,0.7919714450836182,0.2080285549163818,False
4654,23.27,-0.01494588,-0.026550941,-0.032903068,-0.031269453,1,4652,23.26,23.2709481716156,0,0.7919714450836182,0.2080285549163818,False
4655,23.275,-0.020460282,-0.020188037,-0.01944672,-0.028648967,1,4652,23.26,23.2709481716156,0,0.7919714450836182,0.2080285549163818,False
4656,23.28,-0.017873343,-0.005020876,0.007947564,-0.012764471,1,4656,23.28,23.28852868080139,0,0.8043833374977112,0.1956166625022888,False
4657,23.285,-0.0178839,0.0027627093,0.027204933,-0.0024479772,1,4656,23.28,23.28852868080139,0,0.8043833374977112,0.1956166625022888,False
4658,23.29,-0.027973091,-0.0064522945,0.022141352,-0.010179756,1,4656,23.28,23.28852868080139,0,0.8043833374977112,0.1956166625022888,False
4659,23.295,-0.043665264,-0.026947828,-0.0045424066,-0.03139582,1,4656,23.28,23.28852868080139,0,0.8043833374977112,0.1956166625022888,False
4660,23.3,-0.05049433,-0.04156095,-0.033310294,-0.04793611,1,4660,23.3,23.30883026123047,0,0.8546762466430664,0.1453237831592559,False
4661,23.305,-0.036207512,-0.03583528,-0.043702073,-0.04349226,1,4660,23.3,23.30883026123047,0,0.8546762466430664,0.1453237831592559,False
4662,23.31,-0.002739084,-0.010546293,-0.030588662,-0.017903363,1,4660,23.3,23.30883026123047,0,0.8546762466430664,0.1453237831592559,False
4663,23.315,0.032989286,0.018313771,-0.0070897336,0.012237804,1,4660,23.3,23.30883026123047,0,0.8546762466430664,0.1453237831592559,False
4664,23.32,0.05077059,0.032156546,0.0075623244,0.027168777,1,4664,23.32,23.32753849029541,0,0.8852031230926514,0.114796906709671,False
4665,23.325,0.041882083,0.024282651,0.004157469,0.01987705,1,4664,23.32,23.32753849029541,0,0.8852031230926514,0.114796906709671,False
4666,23.33,0.015055212,0.004264154,-0.009905644,0.00091467577,1,4664,23.32,23.32753849029541,0,0.8852031230926514,0.114796906709671,False
4667,23.335,-0.010743575,-0.010839533,-0.018270494,-0.011344629,1,4664,23.32,23.32753849029541,0,0.8852031230926514,0.114796906709671,False
4668,23.34,-0.020470547,-0.010518191,-0.0102529535,-0.006160889,1,4668,23.34,23.34766674041748,0,0.8803732395172119,0.1196268275380134,False
4669,23.345,-0.012783316,0.0017042705,0.01013183,0.011453435,1,4668,23.34,23.34766674041748,0,0.8803732395172119,0.1196268275380134,False
4670,23.35,0.001592749,0.013033468,0.028132584,0.026166925,1,4668,23.34,23.34766674041748,0,0.8803732395172119,0.1196268275380134,False
4671,23.355,0.010213811,0.013401322,0.031276446,0.025883721,1,4668,23.34,23.34766674041748,0,0.8803732395172119,0.1196268275380134,False
4672,23.36,0.008547999,0.0037360375,0.019679781,0.011501625,1,4672,23.36,23.365759134292603,0,0.8885511755943298,0.1114488318562507,False
4673,23.365,0.0013985254,-0.0063176984,0.004752602,-0.0049796295,1,4672,23.36,23.365759134292603,0,0.8885511755943298,0.1114488318562507,False
4674,23.37,-0.0032462208,-0.007934135,-0.0016070346,-0.011270197,1,4672,23.36,23.365759134292603,0,0.8885511755943298,0.1114488318562507,False
4675,23.375,-0.0011787657,-0.0004607058,0.0031876767,-0.0045575527,1,4672,23.36,23.365759134292603,0,0.8885511755943298,0.1114488318562507,False
4676,23.38,0.0059050457,0.009426603,0.011914387,0.0074847736,1,4676,23.38,23.38171124458313,0,0.889937698841095,0.1100622564554214,False
4677,23.385,0.013149956,0.01434556,0.015053509,0.013786625,1,4676,23.38,23.38171124458313,0,0.889937698841095,0.1100622564554214,False
4678,23.39,0.01636262,0.011724574,0.008448656,0.008325462,1,4676,23.38,23.38171124458313,0,0.889937698841095,0.1100622564554214,False
4679,23.395,0.013868678,0.0041781664,-0.0047837123,-0.0061947135,1,4676,23.38,23.38171124458313,0,0.889937698841095,0.1100622564554214,False
4680,23.4,0.0062127486,-0.0038121967,-0.017693376,-0.02084671,1,4680,23.4,23.407828092575077,0,0.889847457408905,0.1101524978876113,False
4681,23.405,-0.004856419,-0.00915565,-0.02426063,-0.026565967,1,4680,23.4,23.407828092575077,0,0.889847457408905,0.1101524978876113,False
4682,23.41,-0.016966958,-0.011212799,-0.02233954,-0.019822171,1,4680,23.4,23.407828092575077,0,0.889847457408905,0.1101524978876113,False
4683,23.415,-0.027178757,-0.010980845,-0.013995529,-0.0045808014,1,4680,23.4,23.407828092575077,0,0.889847457408905,0.1101524978876113,False
4684,23.42,-0.032193936,-0.009728627,-0.003836678,0.010503856,1,4684,23.42,23.414198637008667,0,0.8889616131782532,0.1110383421182632,False
4685,23.425,-0.029418048,-0.008117299,0.0035273808,0.017658407,1,4684,23.42,23.414198637008667,0,0.8889616131782532,0.1110383421182632,False
4686,23.43,-0.01868257,-0.0061729513,0.0055550775,0.014416356,1,4684,23.42,23.414198637008667,0,0.8889616131782532,0.1110383421182632,False
4687,23.435,-0.0032580565,-0.0038096535,0.0024978616,0.0041282303,1,4684,23.42,23.414198637008667,0,0.8889616131782532,0.1110383421182632,False
4688,23.44,0.011356146,-0.0011535181,-0.0030148164,-0.006896687,1,4688,23.44,23.455646276474,0,0.8888033628463745,0.1111966148018837,False
4689,23.445,0.02072932,0.0018366737,-0.0068376358,-0.012798188,1,4688,23.44,23.455646276474,0,0.8888033628463745,0.1111966148018837,False
4690,23.45,0.024430998,0.0059244055,-0.004669543,-0.010142322,1,4688,23.44,23.455646276474,0,0.8888033628463745,0.1111966148018837,False
4691,23.455,0.02563423,0.012032191,0.005440325,0.001149608,1,4688,23.44,23.455646276474,0,0.8888033628463745,0.1111966148018837,False
4692,23.46,0.027080659,0.019200131,0.0201223,0.01694194,1,4692,23.46,23.46634793281555,0,0.8904500007629395,0.1095500215888023,False
4693,23.465,0.026993986,0.023001865,0.03024413,0.028992357,1,4692,23.46,23.46634793281555,0,0.8904500007629395,0.1095500215888023,False
4694,23.47,0.019542502,0.017271753,0.025707956,0.02816498,1,4692,23.46,23.46634793281555,0,0.8904500007629395,0.1095500215888023,False
4695,23.475,0.00057298655,-0.0006546058,0.003684601,0.010562193,1,4692,23.46,23.46634793281555,0,0.8904500007629395,0.1095500215888023,False
4696,23.48,-0.02624511,-0.025305461,-0.026406057,-0.017756294,1,4696,23.48,23.47627091407776,0,0.8907594680786133,0.1092405393719673,False
4697,23.485,-0.049189907,-0.044246886,-0.047066502,-0.04258527,1,4696,23.48,23.47627091407776,0,0.8907594680786133,0.1092405393719673,False
4698,23.49,-0.055629596,-0.04578996,-0.044545814,-0.050168972,1,4696,23.48,23.47627091407776,0,0.8907594680786133,0.1092405393719673,False
4699,23.495,-0.041124657,-0.02764076,-0.01933952,-0.036486764,1,4696,23.48,23.47627091407776,0,0.8907594680786133,0.1092405393719673,False
4700,23.5,-0.012902418,0.00086094195,0.013565401,-0.009813619,1,4700,23.5,23.49412512779236,0,0.8890926837921143,0.1109073013067245,False
4701,23.505,0.015150275,0.025187328,0.035402548,0.015470392,1,4700,23.5,23.49412512779236,0,0.8890926837921143,0.1109073013067245,False
4702,23.51,0.031657863,0.03555013,0.03677927,0.028670942,1,4700,23.5,23.49412512779236,0,0.8890926837921143,0.1109073013067245,False
4703,23.515,0.03379541,0.03223336,0.022815071,0.028517963,1,4700,23.5,23.49412512779236,0,0.8890926837921143,0.1109073013067245,False
4704,23.52,0.026445607,0.022675272,0.0068636565,0.021234656,1,4704,23.52,23.514315843582157,0,0.88841313123703,0.1115869358181953,False
4705,23.525,0.016824123,0.014021821,-0.0009465432,0.013866829,1,4704,23.52,23.514315843582157,0,0.88841313123703,0.1115869358181953,False
4706,23.53,0.009746809,0.008170635,-0.0004970468,0.009065302,1,4704,23.52,23.514315843582157,0,0.88841313123703,0.1115869358181953,False
4707,23.535,0.0064888946,0.0028870627,0.00095039763,0.0051668645,1,4704,23.52,23.514315843582157,0,0.88841313123703,0.1115869358181953,False
4708,23.54,0.0062716226,-0.0035138575,-0.0029136688,0.00023874205,1,4708,23.54,23.544400930404663,0,0.8857412934303284,0.1142586469650268,False
4709,23.545,0.007847573,-0.009126166,-0.0111922035,-0.004442082,1,4708,23.54,23.544400930404663,0,0.8857412934303284,0.1142586469650268,False
4710,23.55,0.009941267,-0.009793119,-0.016484246,-0.0048276535,1,4708,23.54,23.544400930404663,0,0.8857412934303284,0.1142586469650268,False
4711,23.555,0.011021232,-0.003234115,-0.01134092,0.00203965,1,4708,23.54,23.544400930404663,0,0.8857412934303284,0.1142586469650268,False
4712,23.56,0.009262544,0.007817892,0.004794524,0.014194837,1,4712,23.56,23.56457901000977,0,0.8899383544921875,0.1100616306066513,False
4713,23.565,0.003051081,0.016212633,0.023429953,0.024347123,1,4712,23.56,23.56457901000977,0,0.8899383544921875,0.1100616306066513,False
4714,23.57,-0.008009452,0.014699758,0.031755034,0.023790436,1,4712,23.56,23.56457901000977,0,0.8899383544921875,0.1100616306066513,False
4715,23.575,-0.021992993,0.0012644884,0.02171043,0.008439072,1,4712,23.56,23.56457901000977,0,0.8899383544921875,0.1100616306066513,False
4716,23.58,-0.034533266,-0.0185005,-0.003056888,-0.017117295,1,4716,23.58,23.58621573448181,0,0.8908978700637817,0.1091021075844764,False
4717,23.585,-0.04082831,-0.034604,-0.02866407,-0.04116975,1,4716,23.58,23.58621573448181,0,0.8908978700637817,0.1091021075844764,False
4718,23.59,-0.03913082,-0.039906546,-0.04120071,-0.052229937,1,4716,23.58,23.58621573448181,0,0.8908978700637817,0.1091021075844764,False
4719,23.595,-0.03265253,-0.035642896,-0.03778397,-0.04735176,1,4716,23.58,23.58621573448181,0,0.8908978700637817,0.1091021075844764,False
4720,23.6,-0.027001588,-0.029668748,-0.028186481,-0.034314156,1,4720,23.6,23.60079288482666,0,0.8904770612716675,0.1095229387283325,False
4721,23.605,-0.024356369,-0.028041434,-0.024519946,-0.024557779,1,4720,23.6,23.60079288482666,0,0.8904770612716675,0.1095229387283325,False
4722,23.61,-0.019897614,-0.027659481,-0.028281651,-0.022190832,1,4720,23.6,23.60079288482666,0,0.8904770612716675,0.1095229387283325,False
4723,23.615,-0.005214774,-0.018026909,-0.027837668,-0.01938659,1,4720,23.6,23.60079288482666,0,0.8904770612716675,0.1095229387283325,False
4724,23.62,0.023061462,0.008150147,-0.009838599,-0.0037111035,1,4724,23.62,23.63470029830933,0,0.8889492750167847,0.1110507175326347,False
4725,23.625,0.057195418,0.045291033,0.026088215,0.028538262,1,4724,23.62,23.63470029830933,0,0.8889492750167847,0.1110507175326347,False
4726,23.63,0.081557184,0.076365486,0.0640534,0.06580605,1,4724,23.62,23.63470029830933,0,0.8889492750167847,0.1110507175326347,False
4727,23.635,0.08365308,0.08538071,0.083781764,0.08873578,1,4724,23.62,23.63470029830933,0,0.8889492750167847,0.1110507175326347,False
4728,23.64,0.06377953,0.06984974,0.07648951,0.085316524,1,4728,23.64,23.650508165359497,0,0.8902015686035156,0.1097984760999679,False
4729,23.645,0.034549683,0.04172608,0.050115246,0.059743706,1,4728,23.64,23.650508165359497,0,0.8902015686035156,0.1097984760999679,False
4730,23.65,0.010384009,0.016308587,0.020430624,0.027259631,1,4728,23.64,23.650508165359497,0,0.8902015686035156,0.1097984760999679,False
4731,23.655,-0.0037320715,7.595647e-06,-0.0018858747,0.0009305227,1,4728,23.64,23.650508165359497,0,0.8902015686035156,0.1097984760999679,False
4732,23.66,-0.014189197,-0.011872116,-0.016174508,-0.016782954,1,4732,23.66,23.66850209236145,0,0.8785528540611267,0.1214471384882927,False
4733,23.665,-0.030101107,-0.026823008,-0.026839675,-0.03118825,1,4732,23.66,23.66850209236145,0,0.8785528540611267,0.1214471384882927,False
4734,23.67,-0.052696276,-0.045891527,-0.03650761,-0.046548564,1,4732,23.66,23.66850209236145,0,0.8785528540611267,0.1214471384882927,False
4735,23.675,-0.072826736,-0.062456567,-0.044503357,-0.0610168,1,4732,23.66,23.66850209236145,0,0.8785528540611267,0.1214471384882927,False
4736,23.68,-0.07835734,-0.06849426,-0.049471263,-0.06886408,1,4736,23.68,23.68416905403137,0,0.8885484337806702,0.1114515960216522,False
4737,23.685,-0.06382516,-0.06057919,-0.05039058,-0.06542045,1,4736,23.68,23.68416905403137,0,0.8885484337806702,0.1114515960216522,False
4738,23.69,-0.033766046,-0.040348068,-0.04463974,-0.049296167,1,4736,23.68,23.68416905403137,0,0.8885484337806702,0.1114515960216522,False
4739,23.695,0.0014815299,-0.011846968,-0.02802475,-0.021948433,1,4736,23.68,23.68416905403137,0,0.8885484337806702,0.1114515960216522,False
4740,23.7,0.031804156,0.019119008,-0.00012948773,0.012030141,1,4740,23.7,23.700475931167603,0,0.8875887393951416,0.1124112606048584,False
4741,23.705,0.05023237,0.043747056,0.030063253,0.0437189,1,4740,23.7,23.700475931167603,0,0.8875887393951416,0.1124112606048584,False
4742,23.71,0.053369783,0.052285835,0.04716085,0.061782252,1,4740,23.7,23.700475931167603,0,0.8875887393951416,0.1124112606048584,False
4743,23.715,0.042242546,0.04115418,0.0416993,0.059251994,1,4740,23.7,23.700475931167603,0,0.8875887393951416,0.1124112606048584,False
4744,23.72,0.023179336,0.018477147,0.020324279,0.039851375,1,4744,23.72,23.733561038970947,0,0.8897525072097778,0.1102475151419639,False
4745,23.725,0.0054782988,-0.0002470802,0.0014660727,0.016219907,1,4744,23.72,23.733561038970947,0,0.8897525072097778,0.1102475151419639,False
4746,23.73,-0.0044284943,-0.0048407963,-0.0014219838,-0.00011962407,1,4744,23.72,23.733561038970947,0,0.8897525072097778,0.1102475151419639,False
4747,23.735,-0.0072109737,0.00076993514,0.007647775,-0.0075302008,1,4744,23.72,23.733561038970947,0,0.8897525072097778,0.1102475151419639,False
4748,23.74,-0.008253687,0.0037660988,0.012767364,-0.012445845,1,4748,23.74,23.750065326690677,0,0.879630446434021,0.1203696131706237,False
4749,23.745,-0.0106109185,-0.0029480166,0.004404365,-0.019037006,1,4748,23.74,23.750065326690677,0,0.879630446434021,0.1203696131706237,False
4750,23.75,-0.0111826565,-0.012370758,-0.009421201,-0.022425355,1,4748,23.74,23.750065326690677,0,0.879630446434021,0.1203696131706237,False
4751,23.755,-0.00498874,-0.010978869,-0.0116664115,-0.013990388,1,4748,23.74,23.750065326690677,0,0.879630446434021,0.1203696131706237,False
4752,23.76,0.006934018,0.0053325486,0.00435612,0.006560273,1,4752,23.76,23.767333984375,0,0.8869953751564026,0.113004595041275,False
4753,23.765,0.015495392,0.024206916,0.025633829,0.026284989,1,4752,23.76,23.767333984375,0,0.8869953751564026,0.113004595041275,False
4754,23.77,0.011167788,0.027096922,0.03050917,0.028367968,1,4752,23.76,23.767333984375,0,0.8869953751564026,0.113004595041275,False
4755,23.775,-0.0056374543,0.007252009,0.00928912,0.007668507,1,4752,23.76,23.767333984375,0,0.8869953751564026,0.113004595041275,False
4756,23.78,-0.02238041,-0.022359237,-0.025761602,-0.022804504,1,4756,23.78,23.782453775405884,0,0.8906600475311279,0.1093398928642273,False
4757,23.785,-0.023988675,-0.039216068,-0.05013954,-0.04138961,1,4756,23.78,23.782453775405884,0,0.8906600475311279,0.1093398928642273,False
4758,23.79,-0.0062470846,-0.030239463,-0.046928383,-0.035021115,1,4756,23.78,23.782453775405884,0,0.8906600475311279,0.1093398928642273,False
4759,23.795,0.019297909,-0.002535488,-0.019242734,-0.0091604255,1,4756,23.78,23.782453775405884,0,0.8906600475311279,0.1093398928642273,False
4760,23.8,0.033861503,0.023001667,0.013803882,0.017437808,1,4760,23.8,23.79862189292908,0,0.8895207643508911,0.1104791834950447,False
4761,23.805,0.0262504,0.028734557,0.032146495,0.027594538,1,4760,23.8,23.79862189292908,0,0.8895207643508911,0.1104791834950447,False
4762,23.81,0.0013387038,0.013145809,0.02798116,0.017581254,1,4760,23.8,23.79862189292908,0,0.8895207643508911,0.1104791834950447,False
4763,23.815,-0.024543481,-0.01022102,0.008330078,-0.002389209,1,4760,23.8,23.79862189292908,0,0.8895207643508911,0.1104791834950447,False
4764,23.82,-0.036497787,-0.024972165,-0.012390328,-0.017390925,1,4764,23.82,23.819443702697757,0,0.8825231194496155,0.1174768581986427,False
4765,23.825,-0.031039016,-0.02404976,-0.022708798,-0.01843965,1,4764,23.82,23.819443702697757,0,0.8825231194496155,0.1174768581986427,False
4766,23.83,-0.015989665,-0.012711088,-0.020284668,-0.007282395,1,4764,23.82,23.819443702697757,0,0.8825231194496155,0.1174768581986427,False
4767,23.835,-0.0025145004,-0.0019711216,-0.011110174,0.0063765277,1,4764,23.82,23.819443702697757,0,0.8825231194496155,0.1174768581986427,False
4768,23.84,0.0029127873,0.0006389729,-0.0035141725,0.012117837,1,4768,23.84,23.84697461128235,0,0.888805091381073,0.1111949458718299,False
4769,23.845,0.0010705278,-0.0041443272,-0.0014882272,0.0058668,1,4768,23.84,23.84697461128235,0,0.888805091381073,0.1111949458718299,False
4770,23.85,-0.002524741,-0.009141985,-0.0018900569,-0.0070722033,1,4768,23.84,23.84697461128235,0,0.888805091381073,0.1111949458718299,False
4771,23.855,-0.0015420711,-0.0063088154,0.0026334934,-0.014865709,1,4768,23.84,23.84697461128235,0,0.888805091381073,0.1111949458718299,False
4772,23.86,0.008298969,0.008196466,0.017218923,-0.006771937,1,4772,23.86,23.864444971084595,0,0.8898001909255981,0.1101998090744018,False
4773,23.865,0.027407832,0.03185913,0.039640617,0.018815499,1,4772,23.86,23.864444971084595,0,0.8898001909255981,0.1101998090744018,False
4774,23.87,0.051051654,0.056606226,0.060249854,0.05142081,1,4772,23.86,23.864444971084595,0,0.8898001909255981,0.1101998090744018,False
4775,23.875,0.06947916,0.071621455,0.06706913,0.073361255,1,4772,23.86,23.864444971084595,0,0.8898001909255981,0.1101998090744018,False
4776,23.88,0.07094893,0.06741202,0.052641958,0.069783166,1,4776,23.88,23.88447880744934,0,0.8909085988998413,0.109091430902481,False
4777,23.885,0.04763567,0.040261287,0.01844674,0.037440814,1,4776,23.88,23.88447880744934,0,0.8909085988998413,0.109091430902481,False
4778,23.89,0.0016367761,-0.0046567805,-0.025421822,-0.013222773,1,4776,23.88,23.88447880744934,0,0.8909085988998413,0.109091430902481,False
4779,23.895,-0.053229365,-0.0537609,-0.06478391,-0.063483305,1,4776,23.88,23.88447880744934,0,0.8909085988998413,0.109091430902481,False
4780,23.9,-0.0965545,-0.09020971,-0.0875992,-0.09556156,1,4780,23.9,23.89690899848938,0,0.8819605112075806,0.1180394738912582,False
4781,23.905,-0.111673556,-0.10186456,-0.08885797,-0.10053194,1,4780,23.9,23.89690899848938,0,0.8819605112075806,0.1180394738912582,False
4782,23.91,-0.09505613,-0.08754644,-0.07192529,-0.08121067,1,4780,23.9,23.89690899848938,0,0.8819605112075806,0.1180394738912582,False
4783,23.915,-0.05809552,-0.057203416,-0.045830064,-0.04908493,1,4780,23.9,23.89690899848938,0,0.8819605112075806,0.1180394738912582,False
4784,23.92,-0.019428076,-0.025312226,-0.020006163,-0.017224543,1,4784,23.92,23.919881343841556,0,0.8891141414642334,0.1108858734369278,False
4785,23.925,0.007114986,-0.0017672692,0.00055080367,0.006733705,1,4784,23.92,23.919881343841556,0,0.8891141414642334,0.1108858734369278,False
4786,23.93,0.0202566,0.013262117,0.016781129,0.023211611,1,4784,23.92,23.919881343841556,0,0.8891141414642334,0.1108858734369278,False
4787,23.935,0.029105578,0.026709596,0.03269028,0.037231028,1,4784,23.92,23.919881343841556,0,0.8891141414642334,0.1108858734369278,False
4788,23.94,0.04311012,0.04444628,0.050162602,0.05169289,1,4788,23.94,23.954411506652832,0,0.8889003992080688,0.1110996454954147,False
4789,23.945,0.062600315,0.064565055,0.065745264,0.063308015,1,4788,23.94,23.954411506652832,0,0.8889003992080688,0.1110996454954147,False
4790,23.95,0.07809126,0.07822858,0.07264686,0.06532604,1,4788,23.94,23.954411506652832,0,0.8889003992080688,0.1110996454954147,False
4791,23.955,0.07890844,0.07746443,0.06661083,0.05489535,1,4788,23.94,23.954411506652832,0,0.8889003992080688,0.1110996454954147,False
4792,23.96,0.06294817,0.062384676,0.05002355,0.03755584,1,4792,23.96,23.96931028366089,0,0.88788241147995,0.1121176183223724,False
4793,23.965,0.038106017,0.04051219,0.029734952,0.023252368,1,4792,23.96,23.96931028366089,0,0.88788241147995,0.1121176183223724,False
4794,23.97,0.014263379,0.019034259,0.01064264,0.016854417,1,4792,23.96,23.96931028366089,0,0.88788241147995,0.1121176183223724,False
4795,23.975,-0.0055008195,-0.001422623,-0.007830755,0.012844524,1,4792,23.96,23.96931028366089,0,0.88788241147995,0.1121176183223724,False
4796,23.98,-0.025279569,-0.024553034,-0.028210655,0.0005410203,1,4796,23.98,23.98433017730713,0,0.8841500878334045,0.1158499494194984,False
4797,23.985,-0.04858467,-0.050529074,-0.04863256,-0.024601704,1,4796,23.98,23.98433017730713,0,0.8841500878334045,0.1158499494194984,False
4798,23.99,-0.071573175,-0.07212427,-0.061794013,-0.054919984,1,4796,23.98,23.98433017730713,0,0.8841500878334045,0.1158499494194984,False
4799,23.995,-0.08467808,-0.07985192,-0.061336674,-0.07601028,1,4796,23.98,23.98433017730713,0,0.8841500878334045,0.1158499494194984,False
4800,24.0,-0.080487624,-0.070608206,-0.04871278,-0.07835167,1,4800,24.0,24.00430011749268,0,0.8881093263626099,0.1118907481431961,False
4801,24.005,-0.059548836,-0.05027497,-0.03244964,-0.06384403,1,4800,24.0,24.00430011749268,0,0.8881093263626099,0.1118907481431961,False
4802,24.01,-0.029255787,-0.027854685,-0.020261126,-0.041929968,1,4800,24.0,24.00430011749268,0,0.8881093263626099,0.1118907481431961,False
4803,24.015,0.0013366392,-0.008179819,-0.012601818,-0.020612791,1,4800,24.0,24.00430011749268,0,0.8881093263626099,0.1118907481431961,False
4804,24.02,0.025296915,0.00912306,-0.0043688975,-0.0016093466,1,4804,24.02,24.01931071281433,0,0.8883323669433594,0.1116675734519958,False
4805,24.025,0.0387162,0.024921069,0.007975701,0.017042976,1,4804,24.02,24.01931071281433,0,0.8883323669433594,0.1116675734519958,False
4806,24.03,0.041150797,0.037130225,0.02222766,0.03568412,1,4804,24.02,24.01931071281433,0,0.8883323669433594,0.1116675734519958,False
4807,24.035,0.03663224,0.042794835,0.03321647,0.051228587,1,4804,24.02,24.01931071281433,0,0.8883323669433594,0.1116675734519958,False
4808,24.04,0.032605395,0.042238068,0.03822595,0.05971902,1,4808,24.04,24.04834032058716,0,0.889650285243988,0.1103496849536895,False
4809,24.045,0.034747783,0.03919169,0.038532056,0.059265204,1,4808,24.04,24.04834032058716,0,0.889650285243988,0.1103496849536895,False
4810,24.05,0.04097618,0.03622223,0.0361219,0.050266434,1,4808,24.04,24.04834032058716,0,0.889650285243988,0.1103496849536895,False
4811,24.055,0.041247547,0.031039026,0.030398214,0.03394154,1,4808,24.04,24.04834032058716,0,0.889650285243988,0.1103496849536895,False
4812,24.06,0.025552705,0.018590908,0.018934203,0.011885825,1,4812,24.06,24.069311380386356,0,0.8851042985916138,0.1148957014083862,False
4813,24.065,-0.005862045,-0.002729739,0.0011552266,-0.012851496,1,4812,24.06,24.069311380386356,0,0.8851042985916138,0.1148957014083862,False
4814,24.07,-0.039583378,-0.02712642,-0.019161945,-0.035164643,1,4812,24.06,24.069311380386356,0,0.8851042985916138,0.1148957014083862,False
4815,24.075,-0.057252247,-0.043874443,-0.034894727,-0.04926903,1,4812,24.06,24.069311380386356,0,0.8851042985916138,0.1148957014083862,False
4816,24.08,-0.04882242,-0.044372708,-0.039141398,-0.05122013,1,4816,24.08,24.08427762985229,0,0.8869258761405945,0.1130741536617279,False
4817,24.085,-0.02008325,-0.028193198,-0.029141823,-0.040699895,1,4816,24.08,24.08427762985229,0,0.8869258761405945,0.1130741536617279,False
4818,24.09,0.011470651,-0.0038193883,-0.008718899,-0.021249821,1,4816,24.08,24.08427762985229,0,0.8869258761405945,0.1130741536617279,False
4819,24.095,0.028669886,0.016186884,0.012345211,0.00071331474,1,4816,24.08,24.08427762985229,0,0.8869258761405945,0.1130741536617279,False
4820,24.1,0.025051508,0.022397948,0.02293241,0.017841024,1,4820,24.1,24.09652352333069,0,0.8886541128158569,0.1113458648324012,False
4821,24.105,0.0065807095,0.013721236,0.017527482,0.02471807,1,4820,24.1,24.09652352333069,0,0.8886541128158569,0.1113458648324012,False
4822,24.11,-0.0146513,-0.002572286,0.00060191983,0.020653484,1,4820,24.1,24.09652352333069,0,0.8886541128158569,0.1113458648324012,False
4823,24.115,-0.028474903,-0.015969783,-0.0159945,0.010290911,1,4820,24.1,24.09652352333069,0,0.8886541128158569,0.1113458648324012,False
4824,24.12,-0.030728567,-0.019423153,-0.02152882,0.0008519578,1,4824,24.12,24.119313955307007,0,0.8871686458587646,0.1128313466906547,False
4825,24.125,-0.022505555,-0.012857985,-0.0138176745,-0.0023308778,1,4824,24.12,24.119313955307007,0,0.8871686458587646,0.1128313466906547,False
4826,24.13,-0.007482543,-0.0013106192,0.0008398954,0.0014416936,1,4824,24.12,24.119313955307007,0,0.8871686458587646,0.1128313466906547,False
4827,24.135,0.009977807,0.00998868,0.01447759,0.009093386,1,4824,24.12,24.119313955307007,0,0.8871686458587646,0.1128313466906547,False
4828,24.14,0.025712453,0.01896753,0.023795104,0.016725896,1,4828,24.14,24.15419626235962,0,0.8885964155197144,0.1114035323262214,False
4829,24.145,0.036449995,0.025861798,0.029965209,0.021547368,1,4828,24.14,24.15419626235962,0,0.8885964155197144,0.1114035323262214,False
4830,24.15,0.040086124,0.029735465,0.0332156,0.021359818,1,4828,24.14,24.15419626235962,0,0.8885964155197144,0.1114035323262214,False
4831,24.155,0.034858443,0.026408572,0.028950162,0.013217381,1,4828,24.14,24.15419626235962,0,0.8885964155197144,0.1114035323262214,False
4832,24.16,0.018479954,0.010541879,0.010336078,-0.0059533655,1,4832,24.16,24.169477224349976,0,0.8887895345687866,0.1112104430794715,False
4833,24.165,-0.010202903,-0.019053357,-0.024337748,-0.03587034,1,4832,24.16,24.169477224349976,0,0.8887895345687866,0.1112104430794715,False
4834,24.17,-0.046593193,-0.054863527,-0.065958,-0.06899545,1,4832,24.16,24.169477224349976,0,0.8887895345687866,0.1112104430794715,False
4835,24.175,-0.07705654,-0.08113792,-0.09604827,-0.0904805,1,4832,24.16,24.169477224349976,0,0.8887895345687866,0.1112104430794715,False
4836,24.18,-0.08292085,-0.08089122,-0.095835164,-0.0844329,1,4836,24.18,24.18502259254456,0,0.8880603313446045,0.1119397208094596,False
4837,24.185,-0.052419405,-0.04650893,-0.0580006,-0.044144623,1,4836,24.18,24.18502259254456,0,0.8880603313446045,0.1119397208094596,False
4838,24.19,0.0074690636,0.012699102,0.006359548,0.020504123,1,4836,24.18,24.18502259254456,0,0.8880603313446045,0.1119397208094596,False
4839,24.195,0.070512444,0.0725082,0.07118314,0.085085176,1,4836,24.18,24.18502259254456,0,0.8880603313446045,0.1119397208094596,False
4840,24.2,0.10568483,0.106233835,0.1087852,0.12273531,1,4840,24.2,24.199843883514404,0,0.8841825723648071,0.1158174574375152,False
4841,24.205,0.09718321,0.100346215,0.10542004,0.11914416,1,4840,24.2,24.199843883514404,0,0.8841825723648071,0.1158174574375152,False
4842,24.21,0.05433197,0.062151268,0.06868212,0.08018559,1,4840,24.2,24.199843883514404,0,0.8841825723648071,0.1158174574375152,False
4843,24.215,0.0033023565,0.013635745,0.021412086,0.02692772,1,4840,24.2,24.199843883514404,0,0.8841825723648071,0.1158174574375152,False
4844,24.22,-0.03219482,-0.023685466,-0.013521064,-0.018008152,1,4844,24.22,24.23314666748047,0,0.8640903234481812,0.1359097212553024,False
4845,24.225,-0.045243032,-0.041107707,-0.02651504,-0.042773526,1,4844,24.22,24.23314666748047,0,0.8640903234481812,0.1359097212553024,False
4846,24.23,-0.04454617,-0.04348261,-0.023457631,-0.049169734,1,4844,24.22,24.23314666748047,0,0.8640903234481812,0.1359097212553024,False
4847,24.235,-0.041333888,-0.03980046,-0.01672124,-0.045780644,1,4844,24.22,24.23314666748047,0,0.8640903234481812,0.1359097212553024,False
4848,24.24,-0.037703104,-0.033425353,-0.013633054,-0.038644146,1,4848,24.24,24.24875807762146,0,0.8825997710227966,0.1174002438783645,False
4849,24.245,-0.027036062,-0.021206325,-0.012541746,-0.028006969,1,4848,24.24,24.24875807762146,0,0.8825997710227966,0.1174002438783645,False
4850,24.25,-0.0050291605,-0.00158046,-0.009002896,-0.013265271,1,4848,24.24,24.24875807762146,0,0.8825997710227966,0.1174002438783645,False
4851,24.255,0.020621466,0.017747972,-0.0044716955,0.0005109931,1,4848,24.24,24.24875807762146,0,0.8825997710227966,0.1174002438783645,False
4852,24.26,0.032953627,0.022416877,-0.0072155776,0.0032395471,1,4852,24.26,24.264251947402958,0,0.8895228505134583,0.1104771792888641,False
4853,24.265,0.019972565,0.0039227824,-0.02344754,-0.01115611,1,4852,24.26,24.264251947402958,0,0.8895228505134583,0.1104771792888641,False
4854,24.27,-0.012498647,-0.029539576,-0.047712933,-0.036066182,1,4852,24.26,24.264251947402958,0,0.8895228505134583,0.1104771792888641,False
4855,24.275,-0.04216223,-0.055606827,-0.06338307,-0.05368013,1,4852,24.26,24.264251947402958,0,0.8895228505134583,0.1104771792888641,False
4856,24.28,-0.046011947,-0.05335547,-0.054467212,-0.047077514,1,4856,24.28,24.287334442138672,0,0.8901973366737366,0.109802708029747,False
4857,24.285,-0.017679468,-0.019373903,-0.018842692,-0.013160511,1,4856,24.28,24.287334442138672,0,0.8901973366737366,0.109802708029747,False
4858,24.29,0.02781809,0.029077305,0.028623315,0.034236223,1,4856,24.28,24.287334442138672,0,0.8901973366737366,0.109802708029747,False
4859,24.295,0.06519381,0.06626224,0.06586548,0.07329295,1,4856,24.28,24.287334442138672,0,0.8901973366737366,0.109802708029747,False
4860,24.3,0.076373994,0.0756267,0.07846985,0.088038504,1,4860,24.3,24.297869205474854,0,0.8887101411819458,0.1112898215651512,False
4861,24.305,0.060831033,0.059339326,0.06792766,0.07697603,1,4860,24.3,24.297869205474854,0,0.8887101411819458,0.1112898215651512,False
4862,24.31,0.032043602,0.033169255,0.04722425,0.051022213,1,4860,24.3,24.297869205474854,0,0.8887101411819458,0.1112898215651512,False
4863,24.315,0.0045737852,0.011876842,0.028122537,0.023374582,1,4860,24.3,24.297869205474854,0,0.8887101411819458,0.1112898215651512,False
4864,24.32,-0.016931,-0.00234458,0.011484575,-0.00019548564,1,4864,24.32,24.320528745651245,0,0.8690893650054932,0.1309106051921844,False
4865,24.325,-0.037898604,-0.018628199,-0.01063055,-0.02274256,1,4864,24.32,24.320528745651245,0,0.8690893650054932,0.1309106051921844,False
4866,24.33,-0.06371259,-0.044716585,-0.04299326,-0.048490968,1,4864,24.32,24.320528745651245,0,0.8690893650054932,0.1309106051921844,False
4867,24.335,-0.088959895,-0.074583165,-0.076840095,-0.073623985,1,4864,24.32,24.320528745651245,0,0.8690893650054932,0.1309106051921844,False
4868,24.34,-0.096847884,-0.088768736,-0.092057675,-0.085001476,1,4868,24.34,24.35446190834045,0,0.876400351524353,0.1235996559262275,False
4869,24.345,-0.071178496,-0.06893989,-0.07187788,-0.06942402,1,4868,24.34,24.35446190834045,0,0.876400351524353,0.1235996559262275,False
4870,24.35,-0.01186675,-0.014955384,-0.018269837,-0.02611022,1,4868,24.34,24.35446190834045,0,0.876400351524353,0.1235996559262275,False
4871,24.355,0.059410747,0.050609734,0.045475878,0.028690698,1,4868,24.34,24.35446190834045,0,0.876400351524353,0.1235996559262275,False
4872,24.36,0.10978727,0.09541305,0.08824483,0.069854304,1,4872,24.36,24.3690128326416,0,0.8841680288314819,0.115832008421421,False
4873,24.365,0.11543991,0.09819056,0.09081303,0.07872898,1,4872,24.36,24.3690128326416,0,0.8841680288314819,0.115832008421421,False
4874,24.37,0.07700447,0.06189469,0.057198,0.05454745,1,4872,24.36,24.3690128326416,0,0.8841680288314819,0.115832008421421,False
4875,24.375,0.019084023,0.010304959,0.010144914,0.014200602,1,4872,24.36,24.3690128326416,0,0.8841680288314819,0.115832008421421,False
4876,24.38,-0.02568588,-0.028136678,-0.024670182,-0.018749854,1,4876,24.38,24.37962245941162,0,0.8859513401985168,0.1140486449003219,False
4877,24.385,-0.03689647,-0.037448477,-0.033936,-0.028139202,1,4876,24.38,24.37962245941162,0,0.8859513401985168,0.1140486449003219,False
4878,24.39,-0.017463947,-0.021435332,-0.021843491,-0.013665375,1,4876,24.38,24.37962245941162,0,0.8859513401985168,0.1140486449003219,False
4879,24.395,0.011055333,0.0019536412,-0.0036299913,0.010694329,1,4876,24.38,24.37962245941162,0,0.8859513401985168,0.1140486449003219,False
4880,24.4,0.0246016,0.0139952,0.006207919,0.026452221,1,4880,24.4,24.41055989265442,0,0.886997640132904,0.1130023300647735,False
4881,24.405,0.012329924,0.006713654,0.0023736714,0.021902675,1,4880,24.4,24.41055989265442,0,0.886997640132904,0.1130023300647735,False
4882,24.41,-0.01880288,-0.014769775,-0.011042608,-0.002175182,1,4880,24.4,24.41055989265442,0,0.886997640132904,0.1130023300647735,False
4883,24.415,-0.05213031,-0.038874306,-0.026679607,-0.035055608,1,4880,24.4,24.41055989265442,0,0.886997640132904,0.1130023300647735,False
4884,24.42,-0.07367917,-0.056041628,-0.03960245,-0.06335073,1,4884,24.42,24.41579389572144,0,0.8816328644752502,0.1183671578764915,False
4885,24.425,-0.07848964,-0.06190756,-0.0476083,-0.07701609,1,4884,24.42,24.41579389572144,0,0.8816328644752502,0.1183671578764915,False
4886,24.43,-0.06793578,-0.054886527,-0.047891602,-0.071185164,1,4884,24.42,24.41579389572144,0,0.8816328644752502,0.1183671578764915,False
4887,24.435,-0.04413327,-0.03390582,-0.03616239,-0.045719948,1,4884,24.42,24.41579389572144,0,0.8816328644752502,0.1183671578764915,False
4888,24.44,-0.0086874915,-0.00029885094,-0.010866419,-0.005252595,1,4888,24.44,24.451462745666504,0,0.8898656964302063,0.1101343482732772,False
4889,24.445,0.03386396,0.0389246,0.022182502,0.04066384,1,4888,24.44,24.451462745666504,0,0.8898656964302063,0.1101343482732772,False
4890,24.45,0.07371061,0.072037876,0.05132286,0.079715244,1,4888,24.44,24.451462745666504,0,0.8898656964302063,0.1101343482732772,False
4891,24.455,0.09875405,0.08854436,0.066659115,0.10143605,1,4888,24.44,24.451462745666504,0,0.8898656964302063,0.1101343482732772,False
4892,24.46,0.10071405,0.08470567,0.066387326,0.10100377,1,4892,24.46,24.46634602546692,0,0.8905014395713806,0.109498530626297,False
4893,24.465,0.07898185,0.06366678,0.055554006,0.0794032,1,4892,24.46,24.46634602546692,0,0.8905014395713806,0.109498530626297,False
4894,24.47,0.039933532,0.031416878,0.03937527,0.041132253,1,4892,24.46,24.46634602546692,0,0.8905014395713806,0.109498530626297,False
4895,24.475,-0.006052184,-0.006108799,0.019005785,-0.0070572263,1,4892,24.46,24.46634602546692,0,0.8905014395713806,0.109498530626297,False
4896,24.48,-0.047107495,-0.04222664,-0.0057696905,-0.055277914,1,4896,24.48,24.486644744873047,0,0.878609836101532,0.1213902384042739,False
4897,24.485,-0.0720181,-0.06796712,-0.030769154,-0.0903652,1,4896,24.48,24.486644744873047,0,0.878609836101532,0.1213902384042739,False
4898,24.49,-0.073507875,-0.07408337,-0.04618238,-0.09970399,1,4896,24.48,24.486644744873047,0,0.878609836101532,0.1213902384042739,False
4899,24.495,-0.052022666,-0.05661531,-0.04279175,-0.07809624,1,4896,24.48,24.486644744873047,0,0.878609836101532,0.1213902384042739,False
4900,24.5,-0.016836155,-0.021337984,-0.020587178,-0.032597415,1,4900,24.5,24.499549388885494,0,0.8865634799003601,0.1134364604949951,False
4901,24.505,0.017680174,0.017471405,0.0083980085,0.019240944,1,4900,24.5,24.499549388885494,0,0.8865634799003601,0.1134364604949951,False
4902,24.51,0.038816128,0.04390567,0.026536569,0.057424843,1,4900,24.5,24.499549388885494,0,0.8865634799003601,0.1134364604949951,False
4903,24.515,0.040930387,0.048433386,0.021938406,0.06894478,1,4900,24.5,24.499549388885494,0,0.8865634799003601,0.1134364604949951,False
4904,24.52,0.026555285,0.032011505,-0.0037417654,0.053107407,1,4904,24.52,24.51858925819397,0,0.8886698484420776,0.1113301143050193,False
4905,24.525,0.0036883366,0.004373887,-0.036460906,0.020454057,1,4904,24.52,24.51858925819397,0,0.8886698484420776,0.1113301143050193,False
4906,24.53,-0.018344479,-0.021787845,-0.05861726,-0.01335716,1,4904,24.52,24.51858925819397,0,0.8886698484420776,0.1113301143050193,False
4907,24.535,-0.032499228,-0.037189037,-0.05936662,-0.035308007,1,4904,24.52,24.51858925819397,0,0.8886698484420776,0.1113301143050193,False
4908,24.54,-0.03606068,-0.03952615,-0.04007945,-0.040679857,1,4908,24.54,24.554287910461422,0,0.8838052153587341,0.1161947473883628,False
4909,24.545,-0.030530132,-0.032648355,-0.012160083,-0.033807572,1,4908,24.54,24.554287910461422,0,0.8838052153587341,0.1161947473883628,False
4910,24.55,-0.019618418,-0.02237253,0.010887035,-0.023563432,1,4908,24.54,24.554287910461422,0,0.8838052153587341,0.1161947473883628,False
4911,24.555,-0.0069476375,-0.012218053,0.021891493,-0.016573707,1,4908,24.54,24.554287910461422,0,0.8838052153587341,0.1161947473883628,False
4912,24.56,0.004908362,-0.0021294102,0.023473423,-0.012957299,1,4912,24.56,24.570489406585693,0,0.889473557472229,0.1105265021324157,False
4913,24.565,0.014307521,0.009616366,0.024498867,-0.0074785925,1,4912,24.56,24.570489406585693,0,0.889473557472229,0.1105265021324157,False
4914,24.57,0.020886222,0.0238342,0.032543246,0.0052714213,1,4912,24.56,24.570489406585693,0,0.889473557472229,0.1105265021324157,False
4915,24.575,0.026333155,0.039380804,0.048064005,0.025870308,1,4912,24.56,24.570489406585693,0,0.889473557472229,0.1105265021324157,False
4916,24.58,0.033318505,0.053347025,0.06411492,0.04858392,1,4916,24.58,24.58727502822876,0,0.891141951084137,0.1088580563664436,False
4917,24.585,0.041624106,0.06117799,0.07089848,0.06379798,1,4916,24.58,24.58727502822876,0,0.891141951084137,0.1088580563664436,False
4918,24.59,0.045008596,0.057100903,0.061349276,0.06263681,1,4916,24.58,24.58727502822876,0,0.891141951084137,0.1088580563664436,False
4919,24.595,0.03399613,0.036644194,0.03439464,0.04167297,1,4916,24.58,24.58727502822876,0,0.891141951084137,0.1088580563664436,False
4920,24.6,0.00456186,0.0010860532,-0.004922458,0.005795115,1,4920,24.6,24.60431790351868,0,0.8891530632972717,0.11084695905447,False
4921,24.605,-0.034820575,-0.03990853,-0.04740104,-0.032613195,1,4920,24.6,24.60431790351868,0,0.8891530632972717,0.11084695905447,False
4922,24.61,-0.06602207,-0.07149837,-0.082533725,-0.058932725,1,4920,24.6,24.60431790351868,0,0.8891530632972717,0.11084695905447,False
4923,24.615,-0.073554605,-0.08199921,-0.101658955,-0.06393468,1,4920,24.6,24.60431790351868,0,0.8891530632972717,0.11084695905447,False
4924,24.62,-0.056029428,-0.0701566,-0.10079992,-0.04900709,1,4924,24.62,24.620291471481323,0,0.8779180645942688,0.1220819056034088,False
4925,24.625,-0.02621355,-0.04507219,-0.08194626,-0.024813939,1,4924,24.62,24.620291471481323,0,0.8779180645942688,0.1220819056034088,False
4926,24.63,0.00038187637,-0.018644169,-0.05159852,-0.0038178766,1,4924,24.62,24.620291471481323,0,0.8779180645942688,0.1220819056034088,False
4927,24.635,0.017536769,0.0028920083,-0.017071903,0.007834479,1,4924,24.62,24.620291471481323,0,0.8779180645942688,0.1220819056034088,False
4928,24.64,0.02996304,0.021054149,0.016816417,0.012823117,1,4928,24.64,24.654258251190186,0,0.8886780738830566,0.1113219633698463,False
4929,24.645,0.044186868,0.039724495,0.047998767,0.017989136,1,4928,24.64,24.654258251190186,0,0.8886780738830566,0.1113219633698463,False
4930,24.65,0.0587665,0.058172517,0.07448206,0.026919615,1,4928,24.64,24.654258251190186,0,0.8886780738830566,0.1113219633698463,False
4931,24.655,0.06379085,0.069424815,0.09193676,0.036165662,1,4928,24.64,24.654258251190186,0,0.8886780738830566,0.1113219633698463,False
4932,24.66,0.049760792,0.065338135,0.09462779,0.03792712,1,4932,24.66,24.66417169570923,0,0.890152096748352,0.1098479703068733,False
4933,24.665,0.016984295,0.04348588,0.07941262,0.026560357,1,4932,24.66,24.66417169570923,0,0.890152096748352,0.1098479703068733,False
4934,24.67,-0.022959366,0.0099982275,0.04939436,0.003633076,1,4932,24.66,24.66417169570923,0,0.890152096748352,0.1098479703068733,False
4935,24.675,-0.054233354,-0.02338689,0.013848644,-0.022048555,1,4932,24.66,24.66417169570923,0,0.890152096748352,0.1098479703068733,False
4936,24.68,-0.06605268,-0.045480266,-0.01616956,-0.039242495,1,4936,24.68,24.68725824356079,0,0.8854135274887085,0.1145864352583885,False
4937,24.685,-0.05787977,-0.051202167,-0.033993565,-0.04077605,1,4936,24.68,24.68725824356079,0,0.8854135274887085,0.1145864352583885,False
4938,24.69,-0.038246192,-0.043753635,-0.041156664,-0.027775098,1,4936,24.68,24.68725824356079,0,0.8854135274887085,0.1145864352583885,False
4939,24.695,-0.018793497,-0.03211269,-0.045672003,-0.008900397,1,4936,24.68,24.68725824356079,0,0.8854135274887085,0.1145864352583885,False
4940,24.7,-0.007078602,-0.024802346,-0.055229995,0.0050926646,1,4940,24.7,24.70431661605835,0,0.8892633318901062,0.1107366755604744,False
4941,24.705,-0.0024325994,-0.023865651,-0.070120424,0.007837561,1,4940,24.7,24.70431661605835,0,0.8892633318901062,0.1107366755604744,False
4942,24.71,0.0019524485,-0.02398743,-0.081841506,0.0003826519,1,4940,24.7,24.70431661605835,0,0.8892633318901062,0.1107366755604744,False
4943,24.715,0.011737855,-0.018004714,-0.07909477,-0.010838098,1,4940,24.7,24.70431661605835,0,0.8892633318901062,0.1107366755604744,False
4944,24.72,0.025019713,-0.00397631,-0.056354303,-0.018532189,1,4944,24.72,24.72017502784729,0,0.8887374401092529,0.1112625449895858,False
4945,24.725,0.033268962,0.0130404495,-0.017818147,-0.017792067,1,4944,24.72,24.72017502784729,0,0.8887374401092529,0.1112625449895858,False
4946,24.73,0.029704235,0.026240952,0.025997404,-0.0068750745,1,4944,24.72,24.72017502784729,0,0.8887374401092529,0.1112625449895858,False
4947,24.735,0.01730115,0.033719316,0.06492851,0.012800138,1,4944,24.72,24.72017502784729,0,0.8887374401092529,0.1112625449895858,False
4948,24.74,0.0077910675,0.03930353,0.092840135,0.036137536,1,4948,24.74,24.754377365112305,0,0.8884561061859131,0.1115438789129257,False
4949,24.745,0.011301416,0.046662167,0.10645505,0.05464768,1,4948,24.74,24.754377365112305,0,0.8884561061859131,0.1115438789129257,False
4950,24.75,0.026059687,0.05328484,0.103165366,0.059655294,1,4948,24.74,24.754377365112305,0,0.8884561061859131,0.1115438789129257,False
4951,24.755,0.038601223,0.051441588,0.082125224,0.04773084,1,4948,24.74,24.754377365112305,0,0.8884561061859131,0.1115438789129257,False
4952,24.76,0.035243645,0.035869878,0.04784224,0.024148434,1,4952,24.76,24.77037763595581,0,0.8870622515678406,0.1129377335309982,False
4953,24.765,0.014388073,0.010395599,0.011057706,0.00041039207,1,4952,24.76,24.77037763595581,0,0.8870622515678406,0.1129377335309982,False
4954,24.77,-0.012077891,-0.01386047,-0.016442822,-0.013426327,1,4952,24.76,24.77037763595581,0,0.8870622515678406,0.1129377335309982,False
4955,24.775,-0.029589681,-0.027673444,-0.02985662,-0.015896438,1,4952,24.76,24.77037763595581,0,0.8870622515678406,0.1129377335309982,False
4956,24.78,-0.03342266,-0.031529035,-0.034894876,-0.014747811,1,4956,24.78,24.784403562545776,0,0.8882305026054382,0.1117695122957229,False
4957,24.785,-0.03112541,-0.03431489,-0.042791978,-0.020244386,1,4956,24.78,24.784403562545776,0,0.8882305026054382,0.1117695122957229,False
4958,24.79,-0.033390976,-0.044057306,-0.060523547,-0.036514573,1,4956,24.78,24.784403562545776,0,0.8882305026054382,0.1117695122957229,False
4959,24.795,-0.043021142,-0.059610106,-0.08443745,-0.057862245,1,4956,24.78,24.784403562545776,0,0.8882305026054382,0.1117695122957229,False
4960,24.8,-0.05257933,-0.07107555,-0.10239697,-0.07265306,1,4960,24.8,24.80445003509521,0,0.8900566101074219,0.1099433973431587,False
4961,24.805,-0.052034106,-0.06822003,-0.10217227,-0.07129319,1,4960,24.8,24.80445003509521,0,0.8900566101074219,0.1099433973431587,False
4962,24.81,-0.038139224,-0.04885076,-0.07919434,-0.0521595,1,4960,24.8,24.80445003509521,0,0.8900566101074219,0.1099433973431587,False
4963,24.815,-0.016576726,-0.019806352,-0.038443405,-0.02171293,1,4960,24.8,24.80445003509521,0,0.8900566101074219,0.1099433973431587,False
4964,24.82,0.0043265955,0.009461782,0.00943668,0.010310408,1,4964,24.82,24.81433939933777,0,0.8897289037704468,0.1102711409330368,False
4965,24.825,0.021362768,0.03409115,0.053839386,0.03661192,1,4964,24.82,24.81433939933777,0,0.8897289037704468,0.1102711409330368,False
4966,24.83,0.037850644,0.05518943,0.08785627,0.05509707,1,4964,24.82,24.81433939933777,0,0.8897289037704468,0.1102711409330368,False
4967,24.835,0.057598177,0.074926816,0.1086937,0.067502774,1,4964,24.82,24.81433939933777,0,0.8897289037704468,0.1102711409330368,False
4968,24.84,0.077992946,0.0909887,0.11601678,0.07573094,1,4968,24.84,24.85453987121582,0,0.8890188932418823,0.1109811067581176,False
4969,24.845,0.089777246,0.09630185,0.11007618,0.07908076,1,4968,24.84,24.85453987121582,0,0.8890188932418823,0.1109811067581176,False
4970,24.85,0.084195144,0.08437749,0.09093433,0.074378684,1,4968,24.84,24.85453987121582,0,0.8890188932418823,0.1109811067581176,False
4971,24.855,0.060440566,0.055043332,0.05926454,0.05845053,1,4968,24.84,24.85453987121582,0,0.8890188932418823,0.1109811067581176,False
4972,24.86,0.026018836,0.015360257,0.01825761,0.030821487,1,4972,24.86,24.87060570716858,0,0.8758612275123596,0.1241387948393821,False
4973,24.865,-0.009733987,-0.024422793,-0.02492486,-0.0049308334,1,4972,24.86,24.87060570716858,0,0.8758612275123596,0.1241387948393821,False
4974,24.87,-0.041608658,-0.055723943,-0.060206804,-0.041438058,1,4972,24.86,24.87060570716858,0,0.8758612275123596,0.1241387948393821,False
4975,24.875,-0.068005346,-0.07379773,-0.07886493,-0.06934428,1,4972,24.86,24.87060570716858,0,0.8758612275123596,0.1241387948393821,False
4976,24.88,-0.086093314,-0.0774456,-0.07873446,-0.08078458,1,4976,24.88,24.8865225315094,0,0.8841398358345032,0.1158602312207222,False
4977,24.885,-0.089978196,-0.06847168,-0.06616498,-0.07371601,1,4976,24.88,24.8865225315094,0,0.8841398358345032,0.1158602312207222,False
4978,24.89,-0.07542685,-0.05169404,-0.05236247,-0.05434684,1,4976,24.88,24.8865225315094,0,0.8841398358345032,0.1158602312207222,False
4979,24.895,-0.046475213,-0.034277167,-0.04635715,-0.034692943,1,4976,24.88,24.8865225315094,0,0.8841398358345032,0.1158602312207222,False
4980,24.9,-0.01607485,-0.023250997,-0.04978545,-0.025483666,1,4980,24.9,24.904412508010864,0,0.8861433863639832,0.1138565987348556,False
4981,24.905,0.0016439436,-0.021928072,-0.05688986,-0.02893964,1,4980,24.9,24.904412508010864,0,0.8861433863639832,0.1138565987348556,False
4982,24.91,0.0016955868,-0.027353324,-0.058656406,-0.036973607,1,4980,24.9,24.904412508010864,0,0.8861433863639832,0.1138565987348556,False
4983,24.915,-0.007488061,-0.030777423,-0.047511544,-0.03652794,1,4980,24.9,24.904412508010864,0,0.8861433863639832,0.1138565987348556,False
4984,24.92,-0.009646283,-0.021715665,-0.020222526,-0.018249651,1,4984,24.92,24.919196844100952,0,0.8888182640075684,0.1111816987395286,False
4985,24.925,0.0078042718,0.0059053,0.021007823,0.017610665,1,4984,24.92,24.919196844100952,0,0.8888182640075684,0.1111816987395286,False
4986,24.93,0.044512216,0.04878883,0.06864296,0.0615118,1,4984,24.92,24.919196844100952,0,0.8888182640075684,0.1111816987395286,False
4987,24.935,0.08634569,0.09390381,0.1113287,0.09973081,1,4984,24.92,24.919196844100952,0,0.8888182640075684,0.1111816987395286,False
4988,24.94,0.11318496,0.12383749,0.1372458,0.12022421,1,4988,24.94,24.954317808151245,0,0.8899056315422058,0.1100944280624389,False
4989,24.945,0.11021499,0.12539193,0.13856073,0.11638905,1,4988,24.94,24.954317808151245,0,0.8899056315422058,0.1100944280624389,False
4990,24.95,0.07592819,0.09650167,0.11487358,0.088501565,1,4988,24.94,24.954317808151245,0,0.8899056315422058,0.1100944280624389,False
4991,24.955,0.022433758,0.04717318,0.07343996,0.043550633,1,4988,24.94,24.954317808151245,0,0.8899056315422058,0.1100944280624389,False
4992,24.96,-0.031589743,-0.0062050703,0.025557302,-0.006674774,1,4992,24.96,24.97066378593445,0,0.8557592034339905,0.1442407667636871,False
4993,24.965,-0.07046774,-0.049355548,-0.018866193,-0.049527086,1,4992,24.96,24.97066378593445,0,0.8557592034339905,0.1442407667636871,False
4994,24.97,-0.08743005,-0.07562324,-0.05484236,-0.07606809,1,4992,24.96,24.97066378593445,0,0.8557592034339905,0.1442407667636871,False
4995,24.975,-0.08390112,-0.08534869,-0.081487626,-0.083571,1,4992,24.96,24.97066378593445,0,0.8557592034339905,0.1442407667636871,False
4996,24.98,-0.06487215,-0.081334986,-0.09829658,-0.07472755,1,4996,24.98,24.98120212554932,0,0.8835721015930176,0.1164278984069824,False
4997,24.985,-0.035796832,-0.06577295,-0.10285914,-0.055233892,1,4996,24.98,24.98120212554932,0,0.8835721015930176,0.1164278984069824,False
4998,24.99,-0.0033710902,-0.041536417,-0.09289911,-0.032181352,1,4996,24.98,24.98120212554932,0,0.8835721015930176,0.1164278984069824,False
4999,24.995,0.02293589,-0.015210601,-0.07066054,-0.013371119,1,4996,24.98,24.98120212554932,0,0.8835721015930176,0.1164278984069824,False
5000,25.0,0.033149775,0.003303761,-0.044495195,-0.0055718366,1,5000,25.0,25.002767086029053,0,0.8815066814422607,0.1184933185577392,False
5001,25.005,0.022850921,0.0062634572,-0.024690917,-0.010976175,1,5000,25.0,25.002767086029053,0,0.8815066814422607,0.1184933185577392,False
5002,25.01,-0.00228938,-0.0055857482,-0.01622745,-0.024378411,1,5000,25.0,25.002767086029053,0,0.8815066814422607,0.1184933185577392,False
5003,25.015,-0.028549239,-0.02191307,-0.014647232,-0.034597926,1,5000,25.0,25.002767086029053,0,0.8815066814422607,0.1184933185577392,False
5004,25.02,-0.041937232,-0.028751748,-0.009026501,-0.030500988,1,5004,25.02,25.01816487312317,0,0.8868263363838196,0.1131736785173416,False
5005,25.025,-0.035600286,-0.01711208,0.009917598,-0.007648021,1,5004,25.02,25.01816487312317,0,0.8868263363838196,0.1131736785173416,False
5006,25.03,-0.01158798,0.012137127,0.042806484,0.029240571,1,5004,25.02,25.01816487312317,0,0.8868263363838196,0.1131736785173416,False
5007,25.035,0.022527833,0.049731437,0.080720335,0.06915782,1,5004,25.02,25.01816487312317,0,0.8868263363838196,0.1131736785173416,False
5008,25.04,0.05742772,0.083136395,0.110333845,0.099902704,1,5008,25.04,25.045302152633667,0,0.8899313807487488,0.1100686192512512,False
5009,25.045,0.08320166,0.10117427,0.12075237,0.11175727,1,5008,25.04,25.045302152633667,0,0.8899313807487488,0.1100686192512512,False
5010,25.05,0.08994972,0.096801825,0.10791793,0.099270135,1,5008,25.04,25.045302152633667,0,0.8899313807487488,0.1100686192512512,False
5011,25.055,0.07145979,0.0692748,0.075476214,0.06304903,1,5008,25.04,25.045302152633667,0,0.8899313807487488,0.1100686192512512,False
5012,25.06,0.031006437,0.025782643,0.03294257,0.011783391,1,5012,25.06,25.06135106086731,0,0.8777247667312622,0.1222752034664154,False
5013,25.065,-0.016916905,-0.01999837,-0.008215457,-0.038651027,1,5012,25.06,25.06135106086731,0,0.8777247667312622,0.1222752034664154,False
5014,25.07,-0.053476073,-0.054098673,-0.039854683,-0.071752846,1,5012,25.06,25.06135106086731,0,0.8777247667312622,0.1222752034664154,False
5015,25.075,-0.06722736,-0.06998025,-0.061176788,-0.079893455,1,5012,25.06,25.06135106086731,0,0.8777247667312622,0.1222752034664154,False
5016,25.08,-0.06089721,-0.071394995,-0.07781774,-0.06915497,1,5016,25.08,25.081063508987427,0,0.8831229209899902,0.1168770939111709,False
5017,25.085,-0.04710358,-0.06738985,-0.0953203,-0.05421838,1,5016,25.08,25.081063508987427,0,0.8831229209899902,0.1168770939111709,False
5018,25.09,-0.03713444,-0.0637715,-0.111778066,-0.046645753,1,5016,25.08,25.081063508987427,0,0.8831229209899902,0.1168770939111709,False
5019,25.095,-0.032989148,-0.05877019,-0.11662253,-0.046407145,1,5016,25.08,25.081063508987427,0,0.8831229209899902,0.1168770939111709,False
5020,25.1,-0.028824152,-0.04639105,-0.097966105,-0.043814868,1,5020,25.1,25.106311321258545,0,0.8879867196083069,0.1120133250951767,False
5021,25.105,-0.018651027,-0.023518644,-0.053104583,-0.029459823,1,5020,25.1,25.106311321258545,0,0.8879867196083069,0.1120133250951767,False
5022,25.11,-0.0022307492,0.00616621,0.00679749,-0.0027914043,1,5020,25.1,25.106311321258545,0,0.8879867196083069,0.1120133250951767,False
5023,25.115,0.015583303,0.034559663,0.062293977,0.0277643,1,5020,25.1,25.106311321258545,0,0.8879867196083069,0.1120133250951767,False
5024,25.12,0.029997129,0.054844353,0.09729421,0.05183227,1,5024,25.12,25.119320392608643,0,0.8880185484886169,0.1119814366102218,False
5025,25.125,0.040391717,0.06529048,0.10766747,0.064123094,1,5024,25.12,25.119320392608643,0,0.8880185484886169,0.1119814366102218,False
5026,25.13,0.04978608,0.068575926,0.10081535,0.06599205,1,5024,25.12,25.119320392608643,0,0.8880185484886169,0.1119814366102218,False
5027,25.135,0.060372915,0.06806858,0.08780489,0.061907016,1,5024,25.12,25.119320392608643,0,0.8880185484886169,0.1119814366102218,False
5028,25.14,0.06898563,0.0642742,0.07481612,0.054910865,1,5028,25.14,25.147255182266235,0,0.8846451044082642,0.1153549477458,False
5029,25.145,0.06672745,0.05388752,0.059851956,0.04444247,1,5028,25.14,25.147255182266235,0,0.8846451044082642,0.1153549477458,False
5030,25.15,0.044510763,0.03222354,0.0360474,0.027386412,1,5028,25.14,25.147255182266235,0,0.8846451044082642,0.1153549477458,False
5031,25.155,0.001646787,-0.0020480205,-0.0013350932,0.0015552916,1,5028,25.14,25.147255182266235,0,0.8846451044082642,0.1153549477458,False
5032,25.16,-0.049387027,-0.042985506,-0.048959672,-0.030345872,1,5032,25.16,25.16131353378296,0,0.8716238141059875,0.1283761411905288,False
5033,25.165,-0.08786509,-0.07813123,-0.09465492,-0.059412885,1,5032,25.16,25.16131353378296,0,0.8716238141059875,0.1283761411905288,False
5034,25.17,-0.09775899,-0.09499649,-0.1230696,-0.0743867,1,5032,25.16,25.16131353378296,0,0.8716238141059875,0.1283761411905288,False
5035,25.175,-0.07876179,-0.08902047,-0.12445716,-0.06911167,1,5032,25.16,25.16131353378296,0,0.8716238141059875,0.1283761411905288,False
5036,25.18,-0.045453966,-0.066173166,-0.100167744,-0.047627028,1,5036,25.18,25.18456077575684,0,0.8885095715522766,0.1114904657006263,False
5037,25.185,-0.014953991,-0.03751506,-0.060432855,-0.021612145,1,5036,25.18,25.18456077575684,0,0.8885095715522766,0.1114904657006263,False
5038,25.19,0.0055856067,-0.010699079,-0.01666066,-0.001684995,1,5036,25.18,25.18456077575684,0,0.8885095715522766,0.1114904657006263,False
5039,25.195,0.020290602,0.013485786,0.024501543,0.009614697,1,5036,25.18,25.18456077575684,0,0.8885095715522766,0.1114904657006263,False
5040,25.2,0.034885906,0.03673636,0.060351346,0.016706642,1,5040,25.2,25.204432010650635,0,0.8832862377166748,0.1167137399315834,False
5041,25.205,0.047191776,0.056539144,0.08711991,0.023528583,1,5040,25.2,25.204432010650635,0,0.8832862377166748,0.1167137399315834,False
5042,25.21,0.047939613,0.06505521,0.097878315,0.028016748,1,5040,25.2,25.204432010650635,0,0.8832862377166748,0.1167137399315834,False
5043,25.215,0.030783374,0.055473562,0.08693805,0.024400095,1,5040,25.2,25.204432010650635,0,0.8832862377166748,0.1167137399315834,False
5044,25.22,0.001038294,0.029772894,0.05666091,0.010688543,1,5044,25.22,25.220256328582764,0,0.8865505456924438,0.1134493872523307,False
5045,25.225,-0.025759988,1.8977422e-05,0.019188331,-0.0068133734,1,5044,25.22,25.220256328582764,0,0.8865505456924438,0.1134493872523307,False
5046,25.23,-0.03456941,-0.018865244,-0.009989134,-0.017109213,1,5044,25.22,25.220256328582764,0,0.8865505456924438,0.1134493872523307,False
5047,25.235,-0.02167715,-0.0192332,-0.02199451,-0.013208769,1,5044,25.22,25.220256328582764,0,0.8865505456924438,0.1134493872523307,False
5048,25.24,0.003258648,-0.0054968395,-0.019861454,0.002109806,1,5048,25.24,25.25002264976501,0,0.8708651065826416,0.1291348785161972,False
5049,25.245,0.025197586,0.010147077,-0.014781046,0.018678198,1,5048,25.24,25.25002264976501,0,0.8708651065826416,0.1291348785161972,False
5050,25.25,0.034615304,0.01707146,-0.016632847,0.027036771,1,5048,25.24,25.25002264976501,0,0.8708651065826416,0.1291348785161972,False
5051,25.255,0.032188073,0.0126997195,-0.026814254,0.024853444,1,5048,25.24,25.25002264976501,0,0.8708651065826416,0.1291348785161972,False
5052,25.26,0.024356183,0.0015398078,-0.03880206,0.01654054,1,5052,25.26,25.269322395324707,0,0.8874626755714417,0.1125372946262359,False
5053,25.265,0.01556643,-0.0105059575,-0.04465881,0.007803041,1,5052,25.26,25.269322395324707,0,0.8874626755714417,0.1125372946262359,False
5054,25.27,0.005391098,-0.020189254,-0.04093936,0.0011150901,1,5052,25.26,25.269322395324707,0,0.8874626755714417,0.1125372946262359,False
5055,25.275,-0.0076595615,-0.02638143,-0.029430278,-0.004171272,1,5052,25.26,25.269322395324707,0,0.8874626755714417,0.1125372946262359,False
5056,25.28,-0.021507641,-0.02777823,-0.013898746,-0.008851868,1,5056,25.28,25.284151077270508,0,0.8895272016525269,0.1104728430509567,False
5057,25.285,-0.031061515,-0.02287436,0.0028161157,-0.012148458,1,5056,25.28,25.284151077270508,0,0.8895272016525269,0.1104728430509567,False
5058,25.29,-0.033055224,-0.012307831,0.018924318,-0.012806353,1,5056,25.28,25.284151077270508,0,0.8895272016525269,0.1104728430509567,False
5059,25.295,-0.029207412,-0.00019981494,0.032246314,-0.011056943,1,5056,25.28,25.284151077270508,0,0.8895272016525269,0.1104728430509567,False
5060,25.3,-0.024164703,0.007835514,0.03977096,-0.008992905,1,5060,25.3,25.304304838180546,0,0.8900892734527588,0.1099107787013053,False
5061,25.305,-0.020773161,0.0086465115,0.039163984,-0.009057787,1,5060,25.3,25.304304838180546,0,0.8900892734527588,0.1099107787013053,False
5062,25.31,-0.017707767,0.004045654,0.030907994,-0.012162989,1,5060,25.3,25.304304838180546,0,0.8900892734527588,0.1099107787013053,False
5063,25.315,-0.011509936,-0.00036975843,0.018892625,-0.016884277,1,5060,25.3,25.304304838180546,0,0.8900892734527588,0.1099107787013053,False
5064,25.32,-0.0006516591,0.0006308437,0.008377253,-0.02011069,1,5064,25.32,25.32710361480713,0,0.8883395195007324,0.1116604804992675,False
5065,25.325,0.0124111995,0.00793015,0.0025721602,-0.01861922,1,5064,25.32,25.32710361480713,0,0.8883395195007324,0.1116604804992675,False
5066,25.33,0.023247926,0.017591825,0.00075633934,-0.010644973,1,5064,25.32,25.32710361480713,0,0.8883395195007324,0.1116604804992675,False
5067,25.335,0.029748654,0.024485642,-0.000184831,0.0033362964,1,5064,25.32,25.32710361480713,0,0.8883395195007324,0.1116604804992675,False
5068,25.34,0.034253072,0.02660099,-0.0023614145,0.020665934,1,5068,25.34,25.344146013259888,0,0.8893532752990723,0.1106467097997665,False
5069,25.345,0.04038487,0.025458496,-0.0054233256,0.036811322,1,5068,25.34,25.344146013259888,0,0.8893532752990723,0.1106467097997665,False
5070,25.35,0.046771344,0.021970049,-0.008730368,0.0457408,1,5068,25.34,25.344146013259888,0,0.8893532752990723,0.1106467097997665,False
5071,25.355,0.044396486,0.0126835415,-0.014244452,0.041264214,1,5068,25.34,25.344146013259888,0,0.8893532752990723,0.1106467097997665,False
5072,25.36,0.022429813,-0.008033563,-0.02574337,0.02020889,1,5072,25.36,25.36441421508789,0,0.888137698173523,0.1118622720241546,False
5073,25.365,-0.020738427,-0.040504538,-0.043946493,-0.013729467,1,5072,25.36,25.36441421508789,0,0.888137698173523,0.1118622720241546,False
5074,25.37,-0.07108026,-0.074297085,-0.06234714,-0.048795816,1,5072,25.36,25.36441421508789,0,0.888137698173523,0.1118622720241546,False
5075,25.375,-0.10445188,-0.09162495,-0.06885693,-0.06931176,1,5072,25.36,25.36441421508789,0,0.888137698173523,0.1118622720241546,False
5076,25.38,-0.10127875,-0.07841996,-0.05312806,-0.06384428,1,5076,25.38,25.386664390563965,0,0.886945366859436,0.1130546107888221,False
5077,25.385,-0.059444647,-0.034468457,-0.014085161,-0.03219921,1,5076,25.38,25.386664390563965,0,0.886945366859436,0.1130546107888221,False
5078,25.39,0.004147666,0.025423197,0.03800323,0.013828126,1,5076,25.38,25.386664390563965,0,0.886945366859436,0.1130546107888221,False
5079,25.395,0.06360606,0.07957394,0.08603008,0.05648659,1,5076,25.38,25.386664390563965,0,0.886945366859436,0.1130546107888221,False
5080,25.4,0.09762903,0.11016606,0.11369203,0.08056958,1,5080,25.4,25.404398918151852,0,0.8838063478469849,0.1161936745047569,False
5081,25.405,0.09803192,0.10967964,0.11195097,0.0792309,1,5080,25.4,25.404398918151852,0,0.8838063478469849,0.1161936745047569,False
5082,25.41,0.07041397,0.08140914,0.08208272,0.055177115,1,5080,25.4,25.404398918151852,0,0.8838063478469849,0.1161936745047569,False
5083,25.415,0.029517077,0.03665563,0.035001513,0.018526848,1,5080,25.4,25.404398918151852,0,0.8838063478469849,0.1161936745047569,False
5084,25.42,-0.0074942647,-0.00931195,-0.012957318,-0.017082836,1,5084,25.42,25.430437326431274,0,0.8771665096282959,0.122833527624607,False
5085,25.425,-0.02824111,-0.04258635,-0.046934683,-0.03965578,1,5084,25.42,25.430437326431274,0,0.8771665096282959,0.122833527624607,False
5086,25.43,-0.03084591,-0.056494523,-0.060250163,-0.044109214,1,5084,25.42,25.430437326431274,0,0.8771665096282959,0.122833527624607,False
5087,25.435,-0.024370147,-0.054390904,-0.05671255,-0.034569122,1,5084,25.42,25.430437326431274,0,0.8771665096282959,0.122833527624607,False
5088,25.44,-0.02183148,-0.046129793,-0.046573848,-0.021183642,1,5088,25.44,25.45011949539185,0,0.8830969929695129,0.1169029772281646,False
5089,25.445,-0.029875811,-0.04023577,-0.03906279,-0.0132308025,1,5088,25.44,25.45011949539185,0,0.8830969929695129,0.1169029772281646,False
5090,25.45,-0.043643575,-0.038335893,-0.037210118,-0.0139146,1,5088,25.44,25.45011949539185,0,0.8830969929695129,0.1169029772281646,False
5091,25.455,-0.051605213,-0.03630879,-0.038131163,-0.020513374,1,5088,25.44,25.45011949539185,0,0.8830969929695129,0.1169029772281646,False
5092,25.46,-0.04578796,-0.029771443,-0.036780022,-0.02809166,1,5092,25.46,25.464232683181763,0,0.8889967203140259,0.1110032945871353,False
5093,25.465,-0.027743911,-0.017778696,-0.029076597,-0.032210886,1,5092,25.46,25.464232683181763,0,0.8889967203140259,0.1110032945871353,False
5094,25.47,-0.005416557,-0.0019049068,-0.012903974,-0.028977359,1,5092,25.46,25.464232683181763,0,0.8889967203140259,0.1110032945871353,False
5095,25.475,0.014589856,0.016364362,0.01134052,-0.0150978565,1,5092,25.46,25.464232683181763,0,0.8889967203140259,0.1110032945871353,False
5096,25.48,0.030961238,0.035753354,0.039411925,0.009492941,1,5096,25.48,25.484390258789062,0,0.8886899948120117,0.1113099828362464,False
5097,25.485,0.04459827,0.052786943,0.06280164,0.038320426,1,5096,25.48,25.484390258789062,0,0.8886899948120117,0.1113099828362464,False
5098,25.49,0.053279188,0.0607931,0.07172035,0.05918811,1,5096,25.48,25.484390258789062,0,0.8886899948120117,0.1113099828362464,False
5099,25.495,0.051134698,0.05327048,0.060882308,0.060987342,1,5096,25.48,25.484390258789062,0,0.8886899948120117,0.1113099828362464,False
5100,25.5,0.034464948,0.029762184,0.033947147,0.042045675,1,5100,25.5,25.49421548843384,0,0.8905649781227112,0.1094350814819336,False
5101,25.505,0.008057258,-0.0010620818,0.002628996,0.012686361,1,5100,25.5,25.49421548843384,0,0.8905649781227112,0.1094350814819336,False
5102,25.51,-0.015255962,-0.02490662,-0.019582052,-0.0111207,1,5100,25.5,25.49421548843384,0,0.8905649781227112,0.1094350814819336,False
5103,25.515,-0.022910772,-0.03048283,-0.02508222,-0.018478243,1,5100,25.5,25.49421548843384,0,0.8905649781227112,0.1094350814819336,False
5104,25.52,-0.012213492,-0.017269552,-0.016244141,-0.0102762515,1,5104,25.52,25.51449155807495,0,0.8719232678413391,0.1280767619609832,False
5105,25.525,0.0071479557,0.0037018587,-0.0033216265,0.002987423,1,5104,25.52,25.51449155807495,0,0.8719232678413391,0.1280767619609832,False
5106,25.53,0.020268986,0.017380066,0.0026529457,0.009858524,1,5104,25.52,25.51449155807495,0,0.8719232678413391,0.1280767619609832,False
5107,25.535,0.018268328,0.015461257,-0.0024500198,0.0060089966,1,5104,25.52,25.51449155807495,0,0.8719232678413391,0.1280767619609832,False
5108,25.54,0.004457593,0.0021149118,-0.012982619,-0.00394196,1,5108,25.54,25.544343948364254,0,0.8880876898765564,0.1119123101234436,False
5109,25.545,-0.009624912,-0.010314111,-0.018167533,-0.011316994,1,5108,25.54,25.544343948364254,0,0.8880876898765564,0.1119123101234436,False
5110,25.55,-0.014880984,-0.012452575,-0.011406302,-0.010718603,1,5108,25.54,25.544343948364254,0,0.8880876898765564,0.1119123101234436,False
5111,25.555,-0.012610641,-0.0062700016,0.0031650409,-0.004310935,1,5108,25.54,25.544343948364254,0,0.8880876898765564,0.1119123101234436,False
5112,25.56,-0.012381611,-0.002791943,0.01310299,3.2636854e-05,1,5112,25.56,25.564350605010983,0,0.8901218771934509,0.1098781079053878,False
5113,25.565,-0.021522138,-0.010829889,0.007995464,-0.004611859,1,5112,25.56,25.564350605010983,0,0.8901218771934509,0.1098781079053878,False
5114,25.57,-0.03627479,-0.0272882,-0.010861493,-0.017790575,1,5112,25.56,25.564350605010983,0,0.8901218771934509,0.1098781079053878,False
5115,25.575,-0.04381073,-0.038750432,-0.030345412,-0.030802384,1,5112,25.56,25.564350605010983,0,0.8901218771934509,0.1098781079053878,False
5116,25.58,-0.034008842,-0.03341461,-0.035735395,-0.03270553,1,5116,25.58,25.584428310394287,0,0.890917181968689,0.1090828031301498,False
5117,25.585,-0.0098021105,-0.012186408,-0.022637093,-0.01883935,1,5116,25.58,25.584428310394287,0,0.890917181968689,0.1090828031301498,False
5118,25.59,0.014354927,0.01167113,-0.00024506077,0.0049553383,1,5116,25.58,25.584428310394287,0,0.890917181968689,0.1090828031301498,False
5119,25.595,0.024715962,0.023803048,0.016519208,0.025831716,1,5116,25.58,25.584428310394287,0,0.890917181968689,0.1090828031301498,False
5120,25.6,0.019290186,0.020032499,0.018559044,0.032205764,1,5120,25.6,25.594288110733032,0,0.8910203576087952,0.1089796274900436,False
5121,25.605,0.0073973862,0.0075652637,0.0080013685,0.020457612,1,5120,25.6,25.594288110733032,0,0.8910203576087952,0.1089796274900436,False
5122,25.61,-0.00055724446,-0.0033775235,-0.005715418,-0.003986403,1,5120,25.6,25.594288110733032,0,0.8910203576087952,0.1089796274900436,False
5123,25.615,-0.0019227356,-0.0081337,-0.0138559,-0.030321049,1,5120,25.6,25.594288110733032,0,0.8910203576087952,0.1089796274900436,False
5124,25.62,-0.0008515505,-0.008468204,-0.013227273,-0.047254752,1,5124,25.62,25.619086265563965,0,0.8846776485443115,0.1153223514556884,False
5125,25.625,-0.00022837105,-0.0067728194,-0.0052905027,-0.046656035,1,5124,25.62,25.619086265563965,0,0.8846776485443115,0.1153223514556884,False
5126,25.63,0.003641615,-0.0011606317,0.007476758,-0.025703827,1,5124,25.62,25.619086265563965,0,0.8846776485443115,0.1153223514556884,False
5127,25.635,0.017378513,0.012923019,0.023708513,0.011989121,1,5124,25.62,25.619086265563965,0,0.8846776485443115,0.1153223514556884,False
5128,25.64,0.041639786,0.036297828,0.042199478,0.056570366,1,5128,25.64,25.64431309700012,0,0.8875946402549744,0.1124053746461868,False
5129,25.645,0.06652159,0.061619002,0.059496015,0.094246306,1,5128,25.64,25.64431309700012,0,0.8875946402549744,0.1124053746461868,False
5130,25.65,0.07676688,0.075859286,0.068846084,0.11168095,1,5128,25.64,25.64431309700012,0,0.8875946402549744,0.1124053746461868,False
5131,25.655,0.06268773,0.06820611,0.0622766,0.10101461,1,5128,25.64,25.64431309700012,0,0.8875946402549744,0.1124053746461868,False
5132,25.66,0.027157804,0.037154786,0.035288688,0.06321657,1,5132,25.66,25.664430618286133,0,0.8894937038421631,0.1105063259601593,False
5133,25.665,-0.016981054,-0.008266888,-0.008486598,0.008145714,1,5132,25.66,25.664430618286133,0,0.8894937038421631,0.1105063259601593,False
5134,25.67,-0.05560056,-0.053047966,-0.056090362,-0.048654467,1,5132,25.66,25.664430618286133,0,0.8894937038421631,0.1105063259601593,False
5135,25.675,-0.079863094,-0.08269791,-0.08957622,-0.09104366,1,5132,25.66,25.664430618286133,0,0.8894937038421631,0.1105063259601593,False
5136,25.68,-0.08661319,-0.088414565,-0.09477898,-0.10760028,1,5136,25.68,25.683189630508423,0,0.8863419890403748,0.1136580929160118,False
5137,25.685,-0.07585744,-0.07003317,-0.06986942,-0.095800385,1,5136,25.68,25.683189630508423,0,0.8863419890403748,0.1136580929160118,False
5138,25.69,-0.05051326,-0.036555342,-0.027771235,-0.063605405,1,5136,25.68,25.683189630508423,0,0.8863419890403748,0.1136580929160118,False
5139,25.695,-0.018504849,-0.0031701233,0.01043224,-0.026845925,1,5136,25.68,25.683189630508423,0,0.8863419890403748,0.1136580929160118,False
5140,25.7,0.007760524,0.015627122,0.02767855,-0.0020861186,1,5140,25.7,25.6982741355896,0,0.8838671445846558,0.1161328256130218,False
5141,25.705,0.017605538,0.013929502,0.020550003,0.0021769977,1,5140,25.7,25.6982741355896,0,0.8838671445846558,0.1161328256130218,False
5142,25.71,0.009937215,-0.0021052707,-0.0003484289,-0.009536277,1,5140,25.7,25.6982741355896,0,0.8838671445846558,0.1161328256130218,False
5143,25.715,-0.00511499,-0.01859365,-0.018982748,-0.022853399,1,5140,25.7,25.6982741355896,0,0.8838671445846558,0.1161328256130218,False
5144,25.72,-0.0137368115,-0.02352165,-0.024617659,-0.023490386,1,5144,25.72,25.737094163894653,0,0.8868131041526794,0.1131869405508041,False
5145,25.725,-0.0089552235,-0.014384308,-0.017086491,-0.006893203,1,5144,25.72,25.737094163894653,0,0.8868131041526794,0.1131869405508041,False
5146,25.73,0.0054905177,0.0020114172,-0.003954561,0.019833164,1,5144,25.72,25.737094163894653,0,0.8868131041526794,0.1131869405508041,False
5147,25.735,0.021003943,0.016848883,0.0070600235,0.04488422,1,5144,25.72,25.737094163894653,0,0.8868131041526794,0.1131869405508041,False
5148,25.74,0.032894082,0.026907634,0.014303433,0.061181005,1,5148,25.74,25.75043559074402,0,0.8876465559005737,0.112353391945362,False
5149,25.745,0.042786345,0.035756133,0.022563893,0.06998462,1,5148,25.74,25.75043559074402,0,0.8876465559005737,0.112353391945362,False
5150,25.75,0.053073756,0.048016105,0.037546236,0.07622836,1,5148,25.74,25.75043559074402,0,0.8876465559005737,0.112353391945362,False
5151,25.755,0.06081532,0.06265447,0.0588532,0.08097314,1,5148,25.74,25.75043559074402,0,0.8876465559005737,0.112353391945362,False
5152,25.76,0.05874351,0.07193611,0.077485755,0.07870342,1,5152,25.76,25.7643301486969,0,0.884545624256134,0.1154543757438659,False
5153,25.765,0.042643435,0.067140244,0.0808554,0.061972704,1,5152,25.76,25.7643301486969,0,0.884545624256134,0.1154543757438659,False
5154,25.77,0.017072469,0.045836594,0.062134795,0.028695388,1,5152,25.76,25.7643301486969,0,0.884545624256134,0.1154543757438659,False
5155,25.775,-0.0069547454,0.014249434,0.026338987,-0.014780271,1,5152,25.76,25.7643301486969,0,0.884545624256134,0.1154543757438659,False
5156,25.78,-0.020492641,-0.017185535,-0.012561824,-0.05725882,1,5156,25.78,25.7799289226532,0,0.8859757781028748,0.1140242218971252,False
5157,25.785,-0.023621706,-0.04099411,-0.0416084,-0.089263014,1,5156,25.78,25.7799289226532,0,0.8859757781028748,0.1140242218971252,False
5158,25.79,-0.02470717,-0.056422178,-0.057373155,-0.10691211,1,5156,25.78,25.7799289226532,0,0.8859757781028748,0.1140242218971252,False
5159,25.795,-0.032772962,-0.06707699,-0.06561914,-0.110808775,1,5156,25.78,25.7799289226532,0,0.8859757781028748,0.1140242218971252,False
5160,25.8,-0.049636222,-0.07541629,-0.07309762,-0.10248782,1,5160,25.8,25.80419969558716,0,0.8888691067695618,0.1111308634281158,False
5161,25.805,-0.068358794,-0.079603635,-0.079909615,-0.08257768,1,5160,25.8,25.80419969558716,0,0.8888691067695618,0.1111308634281158,False
5162,25.81,-0.0787417,-0.07527094,-0.07955649,-0.052040715,1,5160,25.8,25.80419969558716,0,0.8888691067695618,0.1111308634281158,False
5163,25.815,-0.07430062,-0.05953777,-0.06547424,-0.014120879,1,5160,25.8,25.80419969558716,0,0.8888691067695618,0.1111308634281158,False
5164,25.82,-0.0546556,-0.03303157,-0.036894243,0.0257921,1,5164,25.82,25.814197063446045,0,0.89035964012146,0.109640322625637,False
5165,25.825,-0.023087922,0.00092423405,0.0007195671,0.062070336,1,5164,25.82,25.814197063446045,0,0.89035964012146,0.109640322625637,False
5166,25.83,0.015690079,0.037234545,0.038879085,0.0898247,1,5164,25.82,25.814197063446045,0,0.89035964012146,0.109640322625637,False
5167,25.835,0.05431556,0.06847995,0.068734474,0.10393355,1,5164,25.82,25.814197063446045,0,0.89035964012146,0.109640322625637,False
5168,25.84,0.081391,0.08521573,0.08235103,0.0987241,1,5168,25.84,25.84719300270081,0,0.8891715407371521,0.1108284592628479,False
5169,25.845,0.08543611,0.08003822,0.07491566,0.07121031,1,5168,25.84,25.84719300270081,0,0.8891715407371521,0.1108284592628479,False
5170,25.85,0.06357016,0.053753823,0.048395075,0.026348403,1,5168,25.84,25.84719300270081,0,0.8891715407371521,0.1108284592628479,False
5171,25.855,0.026832609,0.017688403,0.01316442,-0.02142369,1,5168,25.84,25.84719300270081,0,0.8891715407371521,0.1108284592628479,False
5172,25.86,-0.005003961,-0.0117861675,-0.015957609,-0.054249045,1,5172,25.86,25.8646457195282,0,0.859850287437439,0.1401497423648834,False
5173,25.865,-0.016536685,-0.023239639,-0.027810348,-0.06126976,1,5172,25.86,25.8646457195282,0,0.859850287437439,0.1401497423648834,False
5174,25.87,-0.006839511,-0.016625235,-0.02101011,-0.04501039,1,5172,25.86,25.8646457195282,0,0.859850287437439,0.1401497423648834,False
5175,25.875,0.012029557,-0.0010770842,-0.0031442898,-0.018121291,1,5172,25.86,25.8646457195282,0,0.859850287437439,0.1401497423648834,False
5176,25.88,0.025980348,0.013219287,0.015794348,0.006589869,1,5176,25.88,25.88448548316956,0,0.8860099911689758,0.1139900237321853,False
5177,25.885,0.02893529,0.021547172,0.029687842,0.02395492,1,5176,25.88,25.88448548316956,0,0.8860099911689758,0.1139900237321853,False
5178,25.89,0.023726877,0.024587126,0.037274655,0.035726767,1,5176,25.88,25.88448548316956,0,0.8860099911689758,0.1139900237321853,False
5179,25.895,0.015124624,0.023527302,0.038373668,0.04349046,1,5176,25.88,25.88448548316956,0,0.8860099911689758,0.1139900237321853,False
5180,25.9,0.0034030403,0.016352795,0.030416485,0.043386575,1,5180,25.9,25.894454956054688,0,0.889312207698822,0.1106877923011779,False
5181,25.905,-0.01488061,-0.0005749829,0.009689795,0.028551046,1,5180,25.9,25.894454956054688,0,0.889312207698822,0.1106877923011779,False
5182,25.91,-0.040362142,-0.02724303,-0.023379212,-0.0030098653,1,5180,25.9,25.894454956054688,0,0.889312207698822,0.1106877923011779,False
5183,25.915,-0.06620268,-0.056582827,-0.060218416,-0.043194752,1,5180,25.9,25.894454956054688,0,0.889312207698822,0.1106877923011779,False
5184,25.92,-0.08094933,-0.076965824,-0.086366825,-0.07688226,1,5184,25.92,25.916951417922974,0,0.8851950168609619,0.1148049533367157,False
5185,25.925,-0.07673639,-0.079087466,-0.08959126,-0.0909272,1,5184,25.92,25.916951417922974,0,0.8851950168609619,0.1148049533367157,False
5186,25.93,-0.055117764,-0.061677553,-0.06796164,-0.08144647,1,5184,25.92,25.916951417922974,0,0.8851950168609619,0.1148049533367157,False
5187,25.935,-0.025342753,-0.03178143,-0.03157321,-0.054271646,1,5184,25.92,25.916951417922974,0,0.8851950168609619,0.1148049533367157,False
5188,25.94,0.0026151077,-0.00020089567,0.0034399803,-0.020072725,1,5188,25.94,25.954490661621094,0,0.8899500966072083,0.1100499331951141,False
5189,25.945,0.023644915,0.024041412,0.024301529,0.010972907,1,5188,25.94,25.954490661621094,0,0.8899500966072083,0.1100499331951141,False
5190,25.95,0.037777502,0.037048023,0.02826457,0.032250986,1,5188,25.94,25.954490661621094,0,0.8899500966072083,0.1100499331951141,False
5191,25.955,0.046880767,0.040470704,0.02283687,0.042047348,1,5188,25.94,25.954490661621094,0,0.8899500966072083,0.1100499331951141,False
5192,25.96,0.051906385,0.03957782,0.01992061,0.04378104,1,5192,25.96,25.964439153671265,0,0.8900607228279114,0.1099392995238304,False
5193,25.965,0.052732307,0.03980491,0.027583523,0.044142485,1,5192,25.96,25.964439153671265,0,0.8900607228279114,0.1099392995238304,False
5194,25.97,0.049531985,0.04333055,0.044554725,0.04870787,1,5192,25.96,25.964439153671265,0,0.8900607228279114,0.1099392995238304,False
5195,25.975,0.04358032,0.047836944,0.061099384,0.057485912,1,5192,25.96,25.964439153671265,0,0.8900607228279114,0.1099392995238304,False
5196,25.98,0.036491394,0.048417345,0.065785825,0.06417533,1,5196,25.98,25.984585285186768,0,0.8896615505218506,0.1103384494781494,False
5197,25.985,0.028499719,0.041015096,0.05327773,0.060282886,1,5196,25.98,25.984585285186768,0,0.8896615505218506,0.1103384494781494,False
5198,25.99,0.017391896,0.024594456,0.027381005,0.0410726,1,5196,25.98,25.984585285186768,0,0.8896615505218506,0.1103384494781494,False
5199,25.995,-0.00044316618,0.0008964839,-0.002575558,0.008832635,1,5196,25.98,25.984585285186768,0,0.8896615505218506,0.1103384494781494,False
5200,26.0,-0.026727527,-0.026804354,-0.028447218,-0.028521653,1,5200,26.0,25.99436497688293,0,0.8827863335609436,0.1172136664390564,False
5201,26.005,-0.057593316,-0.053979766,-0.047216874,-0.061605524,1,5200,26.0,25.99436497688293,0,0.8827863335609436,0.1172136664390564,False
5202,26.01,-0.08255166,-0.07420139,-0.05935715,-0.083014295,1,5200,26.0,25.99436497688293,0,0.8827863335609436,0.1172136664390564,False
5203,26.015,-0.08848853,-0.07980597,-0.06436502,-0.08844935,1,5200,26.0,25.99436497688293,0,0.8827863335609436,0.1172136664390564,False
5204,26.02,-0.067859955,-0.0656734,-0.059038345,-0.076768294,1,5204,26.02,26.03185200691223,0,0.8873757719993591,0.1126242205500602,False
5205,26.025,-0.02606948,-0.034461655,-0.04108471,-0.050718885,1,5204,26.02,26.03185200691223,0,0.8873757719993591,0.1126242205500602,False
5206,26.03,0.01859906,0.0016752613,-0.01443737,-0.01777895,1,5204,26.02,26.03185200691223,0,0.8873757719993591,0.1126242205500602,False
5207,26.035,0.04497318,0.02670339,0.010315364,0.011438494,1,5204,26.02,26.03185200691223,0,0.8873757719993591,0.1126242205500602,False
5208,26.04,0.043089382,0.031240052,0.02272371,0.028160924,1,5208,26.04,26.04833149909973,0,0.8878818154335022,0.1121182069182396,False
5209,26.045,0.02133652,0.019688869,0.020982968,0.030756015,1,5208,26.04,26.04833149909973,0,0.8878818154335022,0.1121182069182396,False
5210,26.05,-0.00013703258,0.006933759,0.013630919,0.025574455,1,5208,26.04,26.04833149909973,0,0.8878818154335022,0.1121182069182396,False
5211,26.055,-0.005006162,0.006314226,0.011866393,0.021832945,1,5208,26.04,26.04833149909973,0,0.8878818154335022,0.1121182069182396,False
5212,26.06,0.007650593,0.01895175,0.019332422,0.02447247,1,5212,26.06,26.065316200256348,0,0.8868411183357239,0.1131589189171791,False
5213,26.065,0.025275161,0.033845156,0.029213648,0.03098872,1,5212,26.06,26.065316200256348,0,0.8868411183357239,0.1131589189171791,False
5214,26.07,0.034429904,0.03844622,0.031494696,0.034677938,1,5212,26.06,26.065316200256348,0,0.8868411183357239,0.1131589189171791,False
5215,26.075,0.031882945,0.029769473,0.023112798,0.03096878,1,5212,26.06,26.065316200256348,0,0.8868411183357239,0.1131589189171791,False
5216,26.08,0.02447192,0.015858479,0.010878645,0.02102687,1,5216,26.08,26.07524299621582,0,0.889585018157959,0.1104149520397186,False
5217,26.085,0.01948874,0.006882531,0.0043902434,0.009798558,1,5216,26.08,26.07524299621582,0,0.889585018157959,0.1104149520397186,False
5218,26.09,0.016243238,0.005032541,0.006181715,0.0009911092,1,5216,26.08,26.07524299621582,0,0.889585018157959,0.1104149520397186,False
5219,26.095,0.007315431,0.003077276,0.0089062,-0.005994622,1,5216,26.08,26.07524299621582,0,0.889585018157959,0.1104149520397186,False
5220,26.1,-0.012423488,-0.007501924,0.002189003,-0.014556108,1,5220,26.1,26.11438012123108,0,0.8890135884284973,0.1109863370656967,False
5221,26.105,-0.038717743,-0.027262187,-0.017507112,-0.0266783,1,5220,26.1,26.11438012123108,0,0.8890135884284973,0.1109863370656967,False
5222,26.11,-0.059904307,-0.047384247,-0.04294052,-0.04002272,1,5220,26.1,26.11438012123108,0,0.8890135884284973,0.1109863370656967,False
5223,26.115,-0.065601364,-0.056754123,-0.060899656,-0.048615545,1,5220,26.1,26.11438012123108,0,0.8890135884284973,0.1109863370656967,False
5224,26.12,-0.053605616,-0.050182614,-0.060950216,-0.04631443,1,5224,26.12,26.13685607910156,0,0.8876253366470337,0.1123746111989021,False
5225,26.125,-0.0295599,-0.030604888,-0.0412405,-0.030636836,1,5224,26.12,26.13685607910156,0,0.8876253366470337,0.1123746111989021,False
5226,26.13,-0.001763376,-0.0051638572,-0.008427536,-0.004896938,1,5224,26.12,26.13685607910156,0,0.8876253366470337,0.1123746111989021,False
5227,26.135,0.02282951,0.019326795,0.026355078,0.022419877,1,5224,26.12,26.13685607910156,0,0.8876253366470337,0.1123746111989021,False
5228,26.14,0.038952745,0.03751679,0.05210563,0.04116447,1,5228,26.14,26.144184589385983,0,0.8900370597839355,0.1099630072712898,False
5229,26.145,0.04260777,0.0447527,0.061362483,0.044642452,1,5228,26.14,26.144184589385983,0,0.8900370597839355,0.1099630072712898,False
5230,26.15,0.033040173,0.03819809,0.05226675,0.03347826,1,5228,26.14,26.144184589385983,0,0.8900370597839355,0.1099630072712898,False
5231,26.155,0.015514905,0.020084739,0.029163003,0.015277974,1,5228,26.14,26.144184589385983,0,0.8900370597839355,0.1099630072712898,False
5232,26.16,0.00017354402,-0.0010678588,0.0011131633,-0.0002520723,1,5232,26.16,26.17002558708191,0,0.8858763575553894,0.1141235902905464,False
5233,26.165,-0.0043764305,-0.0145795075,-0.02172585,-0.0073960903,1,5232,26.16,26.17002558708191,0,0.8858763575553894,0.1141235902905464,False
5234,26.17,0.002377113,-0.0146985315,-0.032361027,-0.0070906756,1,5232,26.16,26.17002558708191,0,0.8858763575553894,0.1141235902905464,False
5235,26.175,0.012823195,-0.0043431013,-0.02951713,-0.004306569,1,5232,26.16,26.17002558708191,0,0.8858763575553894,0.1141235902905464,False
5236,26.18,0.01820214,0.00800741,-0.017184736,-0.0029410333,1,5236,26.18,26.18442130088806,0,0.8892133831977844,0.1107866242527961,False
5237,26.185,0.015605442,0.01505835,-0.0019519697,-0.0030948413,1,5236,26.18,26.18442130088806,0,0.8892133831977844,0.1107866242527961,False
5238,26.19,0.0081817685,0.014758684,0.009962961,-0.002881349,1,5236,26.18,26.18442130088806,0,0.8892133831977844,0.1107866242527961,False
5239,26.195,-0.00031770224,0.009109834,0.014754272,-0.0020008201,1,5236,26.18,26.18442130088806,0,0.8892133831977844,0.1107866242527961,False
5240,26.2,-0.009229133,0.00092952524,0.012127153,-0.0024882765,1,5240,26.2,26.194462060928345,0,0.8901679515838623,0.1098320484161377,False
5241,26.205,-0.018593285,-0.0072984323,0.005469407,-0.0055717262,1,5240,26.2,26.194462060928345,0,0.8901679515838623,0.1098320484161377,False
5242,26.21,-0.024943208,-0.012585024,0.0003498793,-0.008636855,1,5240,26.2,26.194462060928345,0,0.8901679515838623,0.1098320484161377,False
5243,26.215,-0.022385823,-0.011878908,0.0010470394,-0.0067910464,1,5240,26.2,26.194462060928345,0,0.8901679515838623,0.1098320484161377,False
5244,26.22,-0.00926287,-0.004904405,0.00697973,0.0016957,1,5244,26.22,26.22039031982422,0,0.8894415497779846,0.1105584800243377,False
5245,26.225,0.007326762,0.0037735805,0.012305095,0.011923163,1,5244,26.22,26.22039031982422,0,0.8894415497779846,0.1105584800243377,False
5246,26.23,0.01560775,0.0069201197,0.0099828,0.015453923,1,5244,26.22,26.22039031982422,0,0.8894415497779846,0.1105584800243377,False
5247,26.235,0.008787305,1.9190447e-05,-0.0025352105,0.007734784,1,5244,26.22,26.22039031982422,0,0.8894415497779846,0.1105584800243377,False
5248,26.24,-0.009198835,-0.014929791,-0.020808628,-0.0073112273,1,5248,26.24,26.252528190612797,0,0.8890829682350159,0.1109170094132423,False
5249,26.245,-0.027235834,-0.030556038,-0.036235645,-0.020106114,1,5248,26.24,26.252528190612797,0,0.8890829682350159,0.1109170094132423,False
5250,26.25,-0.035643835,-0.038745537,-0.041560274,-0.022902807,1,5248,26.24,26.252528190612797,0,0.8890829682350159,0.1109170094132423,False
5251,26.255,-0.03149246,-0.034716565,-0.03448903,-0.0150049245,1,5248,26.24,26.252528190612797,0,0.8890829682350159,0.1109170094132423,False
5252,26.26,-0.017309837,-0.018360738,-0.017435035,-0.0018048636,1,5252,26.26,26.2688512802124,0,0.8893713355064392,0.1106286644935607,False
5253,26.265,0.0028563791,0.006263807,0.0047647124,0.010051872,1,5252,26.26,26.2688512802124,0,0.8893713355064392,0.1106286644935607,False
5254,26.27,0.024887623,0.03188898,0.026405841,0.016428346,1,5252,26.26,26.2688512802124,0,0.8893713355064392,0.1106286644935607,False
5255,26.275,0.043303497,0.04967448,0.04132071,0.016191673,1,5252,26.26,26.2688512802124,0,0.8893713355064392,0.1106286644935607,False
5256,26.28,0.051081743,0.052356828,0.043896124,0.010138549,1,5256,26.28,26.28772354125977,0,0.8902912139892578,0.1097088083624839,False
5257,26.285,0.04302385,0.038101807,0.03179108,0.00062020705,1,5256,26.28,26.28772354125977,0,0.8902912139892578,0.1097088083624839,False
5258,26.29,0.02043676,0.012499566,0.008802438,-0.008262226,1,5256,26.28,26.28772354125977,0,0.8902912139892578,0.1097088083624839,False
5259,26.295,-0.007511488,-0.013373303,-0.015141961,-0.011688821,1,5256,26.28,26.28772354125977,0,0.8902912139892578,0.1097088083624839,False
5260,26.3,-0.028079135,-0.028373666,-0.028354403,-0.006950945,1,5260,26.3,26.298534154891968,0,0.8859030604362488,0.1140969097614288,False
5261,26.305,-0.03248091,-0.027270054,-0.02419585,0.0038764689,1,5260,26.3,26.298534154891968,0,0.8859030604362488,0.1140969097614288,False
5262,26.31,-0.021378618,-0.013697726,-0.0058830003,0.014149892,1,5260,26.3,26.298534154891968,0,0.8859030604362488,0.1140969097614288,False
5263,26.315,-0.004282446,0.0019926196,0.01459443,0.016461901,1,5260,26.3,26.298534154891968,0,0.8859030604362488,0.1140969097614288,False
5264,26.32,0.0069702407,0.009198302,0.023714447,0.0077776383,1,5264,26.32,26.331997632980347,0,0.8882377743721008,0.1117622405290603,False
5265,26.325,0.0064077224,0.004198812,0.015618164,-0.007632055,1,5264,26.32,26.331997632980347,0,0.8882377743721008,0.1117622405290603,False
5266,26.33,-0.0017956613,-0.0067959437,-0.003095574,-0.019713458,1,5264,26.32,26.331997632980347,0,0.8882377743721008,0.1117622405290603,False
5267,26.335,-0.0063400096,-0.011559987,-0.017141165,-0.018201094,1,5264,26.32,26.331997632980347,0,0.8882377743721008,0.1117622405290603,False
5268,26.34,0.0022354398,-0.0010655696,-0.013323331,0.00056047644,1,5268,26.34,26.349539279937744,0,0.8861009478569031,0.1138990148901939,False
5269,26.345,0.022753626,0.022203425,0.008835156,0.029498985,1,5268,26.34,26.349539279937744,0,0.8861009478569031,0.1138990148901939,False
5270,26.35,0.041988015,0.04367936,0.034791466,0.05266135,1,5268,26.34,26.349539279937744,0,0.8861009478569031,0.1138990148901939,False
5271,26.355,0.0430899,0.04566179,0.043849774,0.05331407,1,5268,26.34,26.349539279937744,0,0.8861009478569031,0.1138990148901939,False
5272,26.36,0.01830815,0.02001287,0.023643099,0.024326114,1,5272,26.36,26.364753246307373,0,0.8907802104949951,0.1092197969555854,False
5273,26.365,-0.02389442,-0.02479482,-0.020143693,-0.025708746,1,5272,26.36,26.364753246307373,0,0.8907802104949951,0.1092197969555854,False
5274,26.37,-0.06326643,-0.06772852,-0.066059925,-0.0753145,1,5272,26.36,26.364753246307373,0,0.8907802104949951,0.1092197969555854,False
5275,26.375,-0.08049672,-0.08752098,-0.08967128,-0.101033166,1,5272,26.36,26.364753246307373,0,0.8907802104949951,0.1092197969555854,False
5276,26.38,-0.06878589,-0.07481469,-0.07803117,-0.090093754,1,5276,26.38,26.382139921188354,0,0.8882695436477661,0.1117304861545562,False
5277,26.385,-0.036496032,-0.03660631,-0.036576353,-0.047284015,1,5276,26.38,26.382139921188354,0,0.8882695436477661,0.1117304861545562,False
5278,26.39,-0.00020698176,0.008921145,0.015100916,0.008035932,1,5276,26.38,26.382139921188354,0,0.8882695436477661,0.1117304861545562,False
5279,26.395,0.02614572,0.043286897,0.055048484,0.052906524,1,5276,26.38,26.382139921188354,0,0.8882695436477661,0.1117304861545562,False
5280,26.4,0.0386156,0.05746191,0.07064694,0.07295873,1,5280,26.4,26.41792249679565,0,0.8853135704994202,0.1146863922476768,False
5281,26.405,0.04257017,0.05456174,0.06321841,0.0682525,1,5280,26.4,26.41792249679565,0,0.8853135704994202,0.1146863922476768,False
5282,26.41,0.04520606,0.04425595,0.043513708,0.04958816,1,5280,26.4,26.41792249679565,0,0.8853135704994202,0.1146863922476768,False
5283,26.415,0.047672704,0.033754434,0.02238831,0.02907389,1,5280,26.4,26.41792249679565,0,0.8853135704994202,0.1146863922476768,False
5284,26.42,0.0438046,0.022987511,0.004216703,0.012709691,1,5284,26.42,26.425313234329224,0,0.8846369385719299,0.1153630837798118,False
5285,26.425,0.026844915,0.007791615,-0.012262725,6.583003e-05,1,5284,26.42,26.425313234329224,0,0.8846369385719299,0.1153630837798118,False
5286,26.43,-0.001970139,-0.012627716,-0.02784081,-0.010701028,1,5284,26.42,26.425313234329224,0,0.8846369385719299,0.1153630837798118,False
5287,26.435,-0.031227276,-0.031704415,-0.03830556,-0.018563865,1,5284,26.42,26.425313234329224,0,0.8846369385719299,0.1153630837798118,False
5288,26.44,-0.046097927,-0.039165866,-0.03639435,-0.020121152,1,5288,26.44,26.44423246383667,0,0.877067506313324,0.122932456433773,False
5289,26.445,-0.038625635,-0.029130364,-0.018624626,-0.013503297,1,5288,26.44,26.44423246383667,0,0.877067506313324,0.122932456433773,False
5290,26.45,-0.013498568,-0.005626446,0.009362935,-0.0013618022,1,5288,26.44,26.44423246383667,0,0.877067506313324,0.122932456433773,False
5291,26.455,0.014447238,0.018769026,0.034060538,0.009662144,1,5288,26.44,26.44423246383667,0,0.877067506313324,0.122932456433773,False
5292,26.46,0.028531363,0.029797561,0.041412372,0.012095288,1,5292,26.46,26.466551303863525,0,0.8895528316497803,0.1104470863938331,False
5293,26.465,0.019008478,0.019196985,0.025001356,0.0011059999,1,5292,26.46,26.466551303863525,0,0.8895528316497803,0.1104470863938331,False
5294,26.47,-0.011779768,-0.0107168825,-0.00999885,-0.022859443,1,5292,26.46,26.466551303863525,0,0.8895528316497803,0.1104470863938331,False
5295,26.475,-0.049503945,-0.047003504,-0.048611775,-0.052445315,1,5292,26.46,26.466551303863525,0,0.8895528316497803,0.1104470863938331,False
5296,26.48,-0.0733933,-0.070706844,-0.07214459,-0.074018195,1,5296,26.48,26.48781108856201,0,0.8892255425453186,0.1107744202017784,False
5297,26.485,-0.0663332,-0.065700375,-0.06657746,-0.07287986,1,5296,26.48,26.48781108856201,0,0.8892255425453186,0.1107744202017784,False
5298,26.49,-0.02585646,-0.02899504,-0.030759122,-0.042654183,1,5296,26.48,26.48781108856201,0,0.8892255425453186,0.1107744202017784,False
5299,26.495,0.031087814,0.024126634,0.02019648,0.0073174424,1,5296,26.48,26.48781108856201,0,0.8892255425453186,0.1107744202017784,False
5300,26.5,0.07582494,0.06679715,0.061241183,0.054708537,1,5300,26.5,26.499485969543457,0,0.8884334564208984,0.1115665286779403,False
5301,26.505,0.085871354,0.077655986,0.07246139,0.078102455,1,5300,26.5,26.499485969543457,0,0.8884334564208984,0.1115665286779403,False
5302,26.51,0.060421042,0.056075443,0.052752502,0.07189225,1,5300,26.5,26.499485969543457,0,0.8884334564208984,0.1115665286779403,False
5303,26.515,0.019953704,0.021819575,0.019986514,0.048963968,1,5300,26.5,26.499485969543457,0,0.8884334564208984,0.1115665286779403,False
5304,26.52,-0.010562763,-0.0017265436,-0.0037922359,0.028397994,1,5304,26.52,26.519679307937626,0,0.8733644485473633,0.1266355663537979,False
5305,26.525,-0.020093175,-0.005854894,-0.009304451,0.019749392,1,5304,26.52,26.519679307937626,0,0.8733644485473633,0.1266355663537979,False
5306,26.53,-0.015352108,0.00028959548,-0.0037810872,0.018469524,1,5304,26.52,26.519679307937626,0,0.8733644485473633,0.1266355663537979,False
5307,26.535,-0.008693654,0.0030429356,0.0005341614,0.015148412,1,5304,26.52,26.519679307937626,0,0.8733644485473633,0.1266355663537979,False
5308,26.54,-0.004504779,-0.0010422387,-0.0001905507,0.0071403445,1,5308,26.54,26.544480800628666,0,0.8843757510185242,0.1156242191791534,False
5309,26.545,0.0015978814,-0.0043545896,-0.00019069349,-0.00016476697,1,5308,26.54,26.544480800628666,0,0.8843757510185242,0.1156242191791534,False
5310,26.55,0.011794279,-0.000650806,0.0050325203,-0.002721162,1,5308,26.54,26.544480800628666,0,0.8843757510185242,0.1156242191791534,False
5311,26.555,0.017727252,0.0043807104,0.0095189465,-0.005908198,1,5308,26.54,26.544480800628666,0,0.8843757510185242,0.1156242191791534,False
5312,26.56,0.0061778086,-0.0027962024,0.0009705969,-0.020676767,1,5312,26.56,26.566650390625,0,0.8895332217216492,0.110466793179512,False
5313,26.565,-0.025772942,-0.028268402,-0.025227819,-0.05049087,1,5312,26.56,26.566650390625,0,0.8895332217216492,0.110466793179512,False
5314,26.57,-0.062149007,-0.060251612,-0.057062767,-0.0827982,1,5312,26.56,26.566650390625,0,0.8895332217216492,0.110466793179512,False
5315,26.575,-0.07694124,-0.07554155,-0.07269739,-0.09551318,1,5312,26.56,26.566650390625,0,0.8895332217216492,0.110466793179512,False
5316,26.58,-0.05448917,-0.058292873,-0.05802026,-0.07443295,1,5316,26.58,26.58428955078125,0,0.8906614184379578,0.1093385964632034,False
5317,26.585,-0.0036498439,-0.014218169,-0.018898865,-0.026184803,1,5316,26.58,26.58428955078125,0,0.8906614184379578,0.1093385964632034,False
5318,26.59,0.047259517,0.032874588,0.023262635,0.025426857,1,5316,26.58,26.58428955078125,0,0.8906614184379578,0.1093385964632034,False
5319,26.595,0.070973195,0.05924152,0.04850213,0.05692687,1,5316,26.58,26.58428955078125,0,0.8906614184379578,0.1093385964632034,False
5320,26.6,0.060149018,0.058148228,0.05239265,0.061396204,1,5320,26.6,26.594385385513306,0,0.8863452672958374,0.1136547997593879,False
5321,26.605,0.02954358,0.041539524,0.045334954,0.04989168,1,5320,26.6,26.594385385513306,0,0.8863452672958374,0.1136547997593879,False
5322,26.61,0.001413942,0.026543004,0.039360758,0.03827603,1,5320,26.6,26.594385385513306,0,0.8863452672958374,0.1136547997593879,False
5323,26.615,-0.011949972,0.020026969,0.0359089,0.032558657,1,5320,26.6,26.594385385513306,0,0.8863452672958374,0.1136547997593879,False
5324,26.62,-0.01395364,0.014978086,0.026081596,0.026124809,1,5324,26.62,26.61945152282715,0,0.8794177770614624,0.1205822080373764,False
5325,26.625,-0.015155389,0.00077291875,0.0023670553,0.010157947,1,5324,26.62,26.61945152282715,0,0.8794177770614624,0.1205822080373764,False
5326,26.63,-0.020742984,-0.023454081,-0.0302834,-0.014143164,1,5324,26.62,26.61945152282715,0,0.8794177770614624,0.1205822080373764,False
5327,26.635,-0.026210012,-0.04555663,-0.055476975,-0.03417492,1,5324,26.62,26.61945152282715,0,0.8794177770614624,0.1205822080373764,False
5328,26.64,-0.023853412,-0.05042626,-0.05818249,-0.036779467,1,5328,26.64,26.64229655265808,0,0.8747156858444214,0.1252843588590622,False
5329,26.645,-0.011917755,-0.033618014,-0.037398964,-0.020399349,1,5328,26.64,26.64229655265808,0,0.8747156858444214,0.1252843588590622,False
5330,26.65,0.0033570826,-0.0054736473,-0.00682838,0.0034446584,1,5328,26.64,26.64229655265808,0,0.8747156858444214,0.1252843588590622,False
5331,26.655,0.014200293,0.01782576,0.01656468,0.02026642,1,5328,26.64,26.64229655265808,0,0.8747156858444214,0.1252843588590622,False
5332,26.66,0.018694289,0.027162803,0.024876682,0.023870716,1,5332,26.66,26.66464591026306,0,0.8894618153572083,0.1105381548404693,False
5333,26.665,0.021156888,0.025313877,0.021853458,0.018407622,1,5332,26.66,26.66464591026306,0,0.8894618153572083,0.1105381548404693,False
5334,26.67,0.025714906,0.02084868,0.015971968,0.011337481,1,5332,26.66,26.66464591026306,0,0.8894618153572083,0.1105381548404693,False
5335,26.675,0.030631138,0.018963622,0.012755504,0.0061032847,1,5332,26.66,26.66464591026306,0,0.8894618153572083,0.1105381548404693,False
5336,26.68,0.029731119,0.01832095,0.012894305,0.001414991,1,5336,26.68,26.68524169921875,0,0.8903716206550598,0.1096283197402954,False
5337,26.685,0.019306395,0.015077464,0.014759222,-0.0044417903,1,5336,26.68,26.68524169921875,0,0.8903716206550598,0.1096283197402954,False
5338,26.69,0.0029803552,0.0080692,0.016378295,-0.010501958,1,5336,26.68,26.68524169921875,0,0.8903716206550598,0.1096283197402954,False
5339,26.695,-0.010765662,-0.00035493632,0.015404315,-0.014230371,1,5336,26.68,26.68524169921875,0,0.8903716206550598,0.1096283197402954,False
5340,26.7,-0.016083326,-0.0075042783,0.009430077,-0.014412662,1,5340,26.7,26.6942880153656,0,0.8899973034858704,0.1100026965141296,False
5341,26.705,-0.014860657,-0.01316907,-0.002102217,-0.012319304,1,5340,26.7,26.6942880153656,0,0.8899973034858704,0.1100026965141296,False
5342,26.71,-0.014472382,-0.019089926,-0.01651336,-0.010611441,1,5340,26.7,26.6942880153656,0,0.8899973034858704,0.1100026965141296,False
5343,26.715,-0.02047117,-0.026136877,-0.029254388,-0.011653186,1,5340,26.7,26.6942880153656,0,0.8899973034858704,0.1100026965141296,False
5344,26.72,-0.031261545,-0.032462273,-0.03693284,-0.01623721,1,5344,26.72,26.717103481292725,0,0.8890198469161987,0.110980212688446,False
5345,26.725,-0.03956307,-0.03453018,-0.03886157,-0.022651104,1,5344,26.72,26.717103481292725,0,0.8890198469161987,0.110980212688446,False
5346,26.73,-0.038899697,-0.029975561,-0.035907906,-0.026600871,1,5344,26.72,26.717103481292725,0,0.8890198469161987,0.110980212688446,False
5347,26.735,-0.028980095,-0.019630497,-0.028574564,-0.023161642,1,5344,26.72,26.717103481292725,0,0.8890198469161987,0.110980212688446,False
5348,26.74,-0.015323673,-0.006918224,-0.016688671,-0.010319239,1,5348,26.74,26.754189491271973,0,0.8894945383071899,0.1105054765939712,False
5349,26.745,-0.0038112341,0.004855861,-0.0007464772,0.008843665,1,5348,26.74,26.754189491271973,0,0.8894945383071899,0.1105054765939712,False
5350,26.75,0.004767222,0.014888835,0.016914722,0.02786814,1,5348,26.74,26.754189491271973,0,0.8894945383071899,0.1105054765939712,False
5351,26.755,0.014968355,0.024565317,0.032382894,0.0411846,1,5348,26.74,26.754189491271973,0,0.8894945383071899,0.1105054765939712,False
5352,26.76,0.030870324,0.034362998,0.041474678,0.046604447,1,5352,26.76,26.76804208755493,0,0.8904419541358948,0.1095580607652664,False
5353,26.765,0.049142573,0.04091159,0.041135073,0.043874443,1,5352,26.76,26.76804208755493,0,0.8904419541358948,0.1095580607652664,False
5354,26.77,0.05846302,0.037997052,0.030696332,0.032245442,1,5352,26.76,26.76804208755493,0,0.8904419541358948,0.1095580607652664,False
5355,26.775,0.048157886,0.022169326,0.01302885,0.011516094,1,5352,26.76,26.76804208755493,0,0.8904419541358948,0.1095580607652664,False
5356,26.78,0.019696701,-0.0015403548,-0.005249101,-0.013742168,1,5356,26.78,26.77961039543152,0,0.8888283967971802,0.1111715659499168,False
5357,26.785,-0.010441867,-0.020191157,-0.015859518,-0.032619763,1,5356,26.78,26.77961039543152,0,0.8888283967971802,0.1111715659499168,False
5358,26.79,-0.021898549,-0.021481054,-0.013219331,-0.03363072,1,5356,26.78,26.77961039543152,0,0.8888283967971802,0.1111715659499168,False
5359,26.795,-0.007538699,-0.0040821163,0.0014086346,-0.014580635,1,5356,26.78,26.77961039543152,0,0.8888283967971802,0.1111715659499168,False
5360,26.8,0.018873554,0.019483108,0.019295096,0.012769871,1,5360,26.8,26.814634561538696,0,0.8884339928627014,0.1115660443902015,False
5361,26.805,0.032501526,0.030946877,0.028478127,0.029338956,1,5360,26.8,26.814634561538696,0,0.8884339928627014,0.1115660443902015,False
5362,26.81,0.017127115,0.019492133,0.02086455,0.022601524,1,5360,26.8,26.814634561538696,0,0.8884339928627014,0.1115660443902015,False
5363,26.815,-0.021660559,-0.010052756,-0.0019139741,-0.0034491105,1,5360,26.8,26.814634561538696,0,0.8884339928627014,0.1115660443902015,False
5364,26.82,-0.060009867,-0.039832484,-0.0278201,-0.030565081,1,5364,26.82,26.831647634506226,0,0.8870788812637329,0.1129211038351059,False
5365,26.825,-0.07234845,-0.050202165,-0.04048481,-0.03910601,1,5364,26.82,26.831647634506226,0,0.8870788812637329,0.1129211038351059,False
5366,26.83,-0.04830897,-0.03219603,-0.029623102,-0.02178466,1,5364,26.82,26.831647634506226,0,0.8870788812637329,0.1129211038351059,False
5367,26.835,0.00075858546,0.0061677163,0.00054455205,0.011423175,1,5364,26.82,26.831647634506226,0,0.8870788812637329,0.1129211038351059,False
5368,26.84,0.04837991,0.043445554,0.03164307,0.039933167,1,5368,26.84,26.84461498260498,0,0.8902620077133179,0.1097379103302955,False
5369,26.845,0.06792492,0.056630827,0.041816916,0.045521796,1,5368,26.84,26.84461498260498,0,0.8902620077133179,0.1097379103302955,False
5370,26.85,0.047618866,0.03487051,0.020281535,0.022921521,1,5368,26.84,26.84461498260498,0,0.8902620077133179,0.1097379103302955,False
5371,26.855,-0.0025714296,-0.0133298,-0.024649967,-0.018069498,1,5368,26.84,26.84461498260498,0,0.8902620077133179,0.1097379103302955,False
5372,26.86,-0.05649574,-0.0644978,-0.07019314,-0.059096966,1,5372,26.86,26.86954665184021,0,0.8845467567443848,0.1154532432556152,False
5373,26.865,-0.087110415,-0.093836345,-0.093131065,-0.08339133,1,5372,26.86,26.86954665184021,0,0.8845467567443848,0.1154532432556152,False
5374,26.87,-0.08205175,-0.08922972,-0.0832948,-0.08326735,1,5372,26.86,26.86954665184021,0,0.8845467567443848,0.1154532432556152,False
5375,26.875,-0.049091674,-0.056407742,-0.047596402,-0.061391342,1,5372,26.86,26.86954665184021,0,0.8845467567443848,0.1154532432556152,False
5376,26.88,-0.008076898,-0.01259519,-0.0031160184,-0.026595984,1,5376,26.88,26.887559175491333,0,0.8884769082069397,0.1115231066942215,False
5377,26.885,0.023872407,0.02568816,0.034590036,0.011830359,1,5376,26.88,26.887559175491333,0,0.8884769082069397,0.1115231066942215,False
5378,26.89,0.042241577,0.051397514,0.059280057,0.047356628,1,5376,26.88,26.887559175491333,0,0.8884769082069397,0.1115231066942215,False
5379,26.895,0.05321627,0.06672149,0.07319078,0.07568462,1,5376,26.88,26.887559175491333,0,0.8884769082069397,0.1115231066942215,False
5380,26.9,0.06351557,0.07600998,0.080111586,0.092755355,1,5380,26.9,26.90403532981873,0,0.8896751999855042,0.1103247925639152,False
5381,26.905,0.07226418,0.07944453,0.07978701,0.09476794,1,5380,26.9,26.90403532981873,0,0.8896751999855042,0.1103247925639152,False
5382,26.91,0.072301045,0.07339231,0.06911987,0.081104055,1,5380,26.9,26.90403532981873,0,0.8896751999855042,0.1103247925639152,False
5383,26.915,0.05854314,0.056082353,0.04811962,0.056868296,1,5380,26.9,26.90403532981873,0,0.8896751999855042,0.1103247925639152,False
5384,26.92,0.03394746,0.031421874,0.022885287,0.030770661,1,5384,26.92,26.934465885162357,0,0.8769686818122864,0.12303127348423,False
5385,26.925,0.00655107,0.0059413305,0.00093920593,0.008562079,1,5384,26.92,26.934465885162357,0,0.8769686818122864,0.12303127348423,False
5386,26.93,-0.018790489,-0.017756194,-0.01646876,-0.0118980445,1,5384,26.92,26.934465885162357,0,0.8769686818122864,0.12303127348423,False
5387,26.935,-0.043926913,-0.042600855,-0.03555084,-0.03770038,1,5384,26.92,26.934465885162357,0,0.8769686818122864,0.12303127348423,False
5388,26.94,-0.07118918,-0.07039043,-0.06151575,-0.07120227,1,5388,26.94,26.954223155975345,0,0.8755968809127808,0.124403104186058,False
5389,26.945,-0.09421206,-0.09394487,-0.088790014,-0.10273591,1,5388,26.94,26.954223155975345,0,0.8755968809127808,0.124403104186058,False
5390,26.95,-0.0978951,-0.09859237,-0.10155504,-0.114409335,1,5388,26.94,26.954223155975345,0,0.8755968809127808,0.124403104186058,False
5391,26.955,-0.07090361,-0.07441327,-0.08635327,-0.09375606,1,5388,26.94,26.954223155975345,0,0.8755968809127808,0.124403104186058,False
5392,26.96,-0.019531894,-0.02804493,-0.045418907,-0.045740858,1,5392,26.96,26.97137975692749,0,0.8897036910057068,0.1102962791919708,False
5393,26.965,0.03234606,0.01889352,0.002662221,0.008287102,1,5392,26.96,26.97137975692749,0,0.8897036910057068,0.1102962791919708,False
5394,26.97,0.059825193,0.045201346,0.036537882,0.044838965,1,5392,26.96,26.97137975692749,0,0.8897036910057068,0.1102962791919708,False
5395,26.975,0.055606715,0.045651805,0.04771848,0.05395007,1,5392,26.96,26.97137975692749,0,0.8897036910057068,0.1102962791919708,False
5396,26.98,0.03347669,0.032506645,0.044309445,0.043440796,1,5396,26.98,26.97957754135132,0,0.8825105428695679,0.1174893900752067,False
5397,26.985,0.014244242,0.022591224,0.040612336,0.02957392,1,5396,26.98,26.97957754135132,0,0.8825105428695679,0.1174893900752067,False
5398,26.99,0.008517702,0.023036495,0.043387603,0.023597587,1,5396,26.98,26.97957754135132,0,0.8825105428695679,0.1174893900752067,False
5399,26.995,0.011948095,0.028368132,0.04733532,0.025542503,1,5396,26.98,26.97957754135132,0,0.8825105428695679,0.1174893900752067,False
5400,27.0,0.014390117,0.029096175,0.04233919,0.02828536,1,5400,27.0,26.999903440475464,0,0.8889470100402832,0.1110530048608779,False
5401,27.005,0.010994324,0.021276612,0.024024934,0.025574785,1,5400,27.0,26.999903440475464,0,0.8889470100402832,0.1110530048608779,False
5402,27.01,0.004060474,0.007930876,-0.0024517924,0.016142929,1,5400,27.0,26.999903440475464,0,0.8889470100402832,0.1110530048608779,False
5403,27.015,-0.0034774821,-0.006664775,-0.027565371,0.0020488156,1,5400,27.0,26.999903440475464,0,0.8889470100402832,0.1110530048608779,False
5404,27.02,-0.013074999,-0.021606298,-0.044998456,-0.014399215,1,5404,27.02,27.01898717880249,0,0.876865029335022,0.123135045170784,False
5405,27.025,-0.027464084,-0.037395388,-0.053964097,-0.030719254,1,5404,27.02,27.01898717880249,0,0.876865029335022,0.123135045170784,False
5406,27.03,-0.043317016,-0.050415065,-0.0552084,-0.042024985,1,5404,27.02,27.01898717880249,0,0.876865029335022,0.123135045170784,False
5407,27.035,-0.049315255,-0.05156658,-0.046601538,-0.041084535,1,5404,27.02,27.01898717880249,0,0.876865029335022,0.123135045170784,False
5408,27.04,-0.033990797,-0.03262497,-0.0243394,-0.023204295,1,5408,27.04,27.051756858825684,0,0.8854438066482544,0.1145562008023262,False
5409,27.045,0.0028075122,0.004654856,0.010782015,0.007527393,1,5408,27.04,27.051756858825684,0,0.8854438066482544,0.1145562008023262,False
5410,27.05,0.04580747,0.04563601,0.048741132,0.037360057,1,5408,27.04,27.051756858825684,0,0.8854438066482544,0.1145562008023262,False
5411,27.055,0.07273681,0.070302695,0.07337887,0.050377067,1,5408,27.04,27.051756858825684,0,0.8854438066482544,0.1145562008023262,False
5412,27.06,0.069409475,0.066262156,0.072281055,0.039620776,1,5412,27.06,27.060070276260376,0,0.8888441324234009,0.1111558899283409,False
5413,27.065,0.039550345,0.037242606,0.045869023,0.012755627,1,5412,27.06,27.060070276260376,0,0.8888441324234009,0.1111558899283409,False
5414,27.07,0.0017205051,0.00046289683,0.00800807,-0.013072902,1,5412,27.06,27.060070276260376,0,0.8888441324234009,0.1111558899283409,False
5415,27.075,-0.023790698,-0.02501079,-0.022888824,-0.023576392,1,5412,27.06,27.060070276260376,0,0.8888441324234009,0.1111558899283409,False
5416,27.08,-0.027854245,-0.03014741,-0.035604365,-0.017080627,1,5416,27.08,27.087696075439453,0,0.8845561742782593,0.1154437810182571,False
5417,27.085,-0.016352063,-0.019870164,-0.031902034,-0.004153659,1,5416,27.08,27.087696075439453,0,0.8845561742782593,0.1154437810182571,False
5418,27.09,-0.0038572215,-0.0074000717,-0.022610039,0.0018565077,1,5416,27.08,27.087696075439453,0,0.8845561742782593,0.1154437810182571,False
5419,27.095,-0.0028557132,-0.0041980757,-0.018028982,-0.0048647313,1,5416,27.08,27.087696075439453,0,0.8845561742782593,0.1154437810182571,False
5420,27.1,-0.015771724,-0.0126944175,-0.02057875,-0.019388197,1,5420,27.1,27.101973056793213,0,0.8896351456642151,0.1103649288415908,False
5421,27.105,-0.03413423,-0.025917979,-0.024776617,-0.0311586,1,5420,27.1,27.101973056793213,0,0.8896351456642151,0.1103649288415908,False
5422,27.11,-0.044798598,-0.033246547,-0.023205869,-0.032077067,1,5420,27.1,27.101973056793213,0,0.8896351456642151,0.1103649288415908,False
5423,27.115,-0.039205752,-0.0280409,-0.012838001,-0.02119213,1,5420,27.1,27.101973056793213,0,0.8896351456642151,0.1103649288415908,False
5424,27.12,-0.01960288,-0.0122070415,0.0030311488,-0.0038033645,1,5424,27.12,27.12127494812012,0,0.8895858526229858,0.1104141399264335,False
5425,27.125,0.0024193595,0.005307605,0.017692331,0.012701234,1,5424,27.12,27.12127494812012,0,0.8895858526229858,0.1104141399264335,False
5426,27.13,0.014596829,0.015205744,0.025697023,0.022816459,1,5424,27.12,27.12127494812012,0,0.8895858526229858,0.1104141399264335,False
5427,27.135,0.013633127,0.014968169,0.025791543,0.024944987,1,5424,27.12,27.12127494812012,0,0.8895858526229858,0.1104141399264335,False
5428,27.14,0.007966693,0.010710576,0.020636873,0.021396685,1,5428,27.14,27.15249991416931,0,0.889594554901123,0.1104054972529411,False
5429,27.145,0.010686797,0.011760425,0.014266306,0.016685076,1,5428,27.14,27.15249991416931,0,0.889594554901123,0.1104054972529411,False
5430,27.15,0.027892,0.022185413,0.009518577,0.014734009,1,5428,27.14,27.15249991416931,0,0.889594554901123,0.1104054972529411,False
5431,27.155,0.05240708,0.036754128,0.007212316,0.016505333,1,5428,27.14,27.15249991416931,0,0.889594554901123,0.1104054972529411,False
5432,27.16,0.06862488,0.045089934,0.0069475356,0.019693693,1,5432,27.16,27.16438055038452,0,0.8884627223014832,0.1115373075008392,False
5433,27.165,0.06418451,0.03994488,0.0077890586,0.020451505,1,5432,27.16,27.16438055038452,0,0.8884627223014832,0.1115373075008392,False
5434,27.17,0.03801237,0.021691531,0.007677018,0.015351851,1,5432,27.16,27.16438055038452,0,0.8884627223014832,0.1115373075008392,False
5435,27.175,-0.0012945448,-0.004177154,0.0029236723,0.0024093413,1,5432,27.16,27.16438055038452,0,0.8884627223014832,0.1115373075008392,False
5436,27.18,-0.04250248,-0.031833272,-0.0096702585,-0.017940022,1,5436,27.18,27.1892728805542,0,0.8885422348976135,0.111457772552967,False
5437,27.185,-0.075721025,-0.055912696,-0.028279241,-0.040985066,1,5436,27.18,27.1892728805542,0,0.8885422348976135,0.111457772552967,False
5438,27.19,-0.09129109,-0.068777956,-0.043582007,-0.056914985,1,5436,27.18,27.1892728805542,0,0.8885422348976135,0.111457772552967,False
5439,27.195,-0.07985867,-0.060914833,-0.04302893,-0.05443248,1,5436,27.18,27.1892728805542,0,0.8885422348976135,0.111457772552967,False
5440,27.2,-0.038779646,-0.028147075,-0.020617826,-0.028720018,1,5440,27.2,27.20444750785828,0,0.8896840810775757,0.1103158891201019,False
5441,27.205,0.019739423,0.02000593,0.01564786,0.012040924,1,5440,27.2,27.20444750785828,0,0.8896840810775757,0.1103158891201019,False
5442,27.21,0.06928784,0.06080475,0.046221063,0.048428036,1,5440,27.2,27.20444750785828,0,0.8896840810775757,0.1103158891201019,False
5443,27.215,0.08282619,0.070718564,0.0520675,0.060491085,1,5440,27.2,27.20444750785828,0,0.8896840810775757,0.1103158891201019,False
5444,27.22,0.05068583,0.041557103,0.027673615,0.040343445,1,5444,27.22,27.21950888633728,0,0.8892024755477905,0.1107974871993064,False
5445,27.225,-0.011104655,-0.012285504,-0.014593978,-0.002306807,1,5444,27.22,27.21950888633728,0,0.8892024755477905,0.1107974871993064,False
5446,27.23,-0.06925612,-0.06148412,-0.051657688,-0.045312792,1,5444,27.22,27.21950888633728,0,0.8892024755477905,0.1107974871993064,False
5447,27.235,-0.092814766,-0.07923707,-0.063242376,-0.06630862,1,5444,27.22,27.21950888633728,0,0.8892024755477905,0.1107974871993064,False
5448,27.24,-0.07069604,-0.05681278,-0.043112542,-0.05460465,1,5448,27.24,27.247466325759888,0,0.8715804815292358,0.1284195929765701,False
5449,27.245,-0.016240686,-0.0073890444,-0.001703093,-0.0163174,1,5448,27.24,27.247466325759888,0,0.8715804815292358,0.1284195929765701,False
5450,27.25,0.042863876,0.04343981,0.040720172,0.029747495,1,5448,27.24,27.247466325759888,0,0.8715804815292358,0.1284195929765701,False
5451,27.255,0.081521794,0.07340439,0.06579921,0.06293231,1,5448,27.24,27.247466325759888,0,0.8715804815292358,0.1284195929765701,False
5452,27.26,0.08967222,0.07491452,0.0664134,0.071756676,1,5452,27.26,27.2666494846344,0,0.8888291716575623,0.1111707985401153,False
5453,27.265,0.07319016,0.055328965,0.048008196,0.058259785,1,5452,27.26,27.2666494846344,0,0.8888291716575623,0.1111707985401153,False
5454,27.27,0.045032334,0.027917173,0.021974532,0.03334126,1,5452,27.26,27.2666494846344,0,0.8888291716575623,0.1111707985401153,False
5455,27.275,0.015069915,0.0018147536,-0.0030313816,0.0075372835,1,5452,27.26,27.2666494846344,0,0.8888291716575623,0.1111707985401153,False
5456,27.28,-0.013456375,-0.02115549,-0.024722943,-0.014986111,1,5456,27.28,27.28440403938293,0,0.8848431706428528,0.1151568070054054,False
5457,27.285,-0.039736904,-0.04170186,-0.043585736,-0.03484524,1,5456,27.28,27.28440403938293,0,0.8848431706428528,0.1151568070054054,False
5458,27.29,-0.059434563,-0.05651251,-0.056836676,-0.05123234,1,5456,27.28,27.28440403938293,0,0.8848431706428528,0.1151568070054054,False
5459,27.295,-0.0642021,-0.05755388,-0.057178676,-0.058473017,1,5456,27.28,27.28440403938293,0,0.8848431706428528,0.1151568070054054,False
5460,27.3,-0.048253708,-0.0389702,-0.038774144,-0.049773175,1,5460,27.3,27.30323553085327,0,0.8877686858177185,0.1122313514351844,False
5461,27.305,-0.016106214,-0.0053474163,-0.005155294,-0.024951281,1,5460,27.3,27.30323553085327,0,0.8877686858177185,0.1122313514351844,False
5462,27.31,0.01668527,0.02741016,0.029176284,0.005826204,1,5460,27.3,27.30323553085327,0,0.8877686858177185,0.1122313514351844,False
5463,27.315,0.032465655,0.041405696,0.046642557,0.027195983,1,5460,27.3,27.30323553085327,0,0.8877686858177185,0.1122313514351844,False
5464,27.32,0.02393552,0.029665785,0.038561907,0.029241357,1,5464,27.32,27.3345468044281,0,0.8894706964492798,0.1105293184518814,False
5465,27.325,-0.00014881772,0.0018762161,0.011642811,0.014733514,1,5464,27.32,27.3345468044281,0,0.8894706964492798,0.1105293184518814,False
5466,27.33,-0.021390889,-0.022401243,-0.016429627,-0.0032462776,1,5464,27.32,27.3345468044281,0,0.8894706964492798,0.1105293184518814,False
5467,27.335,-0.025550658,-0.027905116,-0.029026268,-0.011234386,1,5464,27.32,27.3345468044281,0,0.8894706964492798,0.1105293184518814,False
5468,27.34,-0.01265043,-0.013986696,-0.021144237,-0.0047010425,1,5468,27.34,27.35468888282776,0,0.8839699625968933,0.1160300746560096,False
5469,27.345,0.004517224,0.0066447635,-0.0011095756,0.010118993,1,5468,27.34,27.35468888282776,0,0.8839699625968933,0.1160300746560096,False
5470,27.35,0.011652347,0.018762331,0.016843664,0.022148715,1,5468,27.34,27.35468888282776,0,0.8839699625968933,0.1160300746560096,False
5471,27.355,0.004501566,0.015909469,0.022870189,0.023779243,1,5468,27.34,27.35468888282776,0,0.8839699625968933,0.1160300746560096,False
5472,27.36,-0.008222574,0.0038525776,0.017259888,0.015577529,1,5472,27.36,27.371169567108154,0,0.8883354067802429,0.1116645634174346,False
5473,27.365,-0.012138498,-0.0051913825,0.008301409,0.0048419456,1,5472,27.36,27.371169567108154,0,0.8883354067802429,0.1116645634174346,False
5474,27.37,0.0013627982,-0.0022616573,0.0047121034,-0.0003277355,1,5472,27.36,27.371169567108154,0,0.8883354067802429,0.1116645634174346,False
5475,27.375,0.028108388,0.011904251,0.008638501,0.0028434354,1,5472,27.36,27.371169567108154,0,0.8883354067802429,0.1116645634174346,False
5476,27.38,0.05356712,0.02783246,0.014470421,0.009830488,1,5476,27.38,27.387859344482425,0,0.8904280066490173,0.1095720082521438,False
5477,27.385,0.06291083,0.03449009,0.014149327,0.012577528,1,5476,27.38,27.387859344482425,0,0.8904280066490173,0.1095720082521438,False
5478,27.39,0.0512857,0.027215032,0.0044076755,0.00620442,1,5476,27.38,27.387859344482425,0,0.8904280066490173,0.1095720082521438,False
5479,27.395,0.02636749,0.01041064,-0.010331617,-0.0069434578,1,5476,27.38,27.387859344482425,0,0.8904280066490173,0.1095720082521438,False
5480,27.4,0.0011383652,-0.006928224,-0.021899493,-0.01954548,1,5480,27.4,27.41432857513428,0,0.8906068205833435,0.1093931645154953,False
5481,27.405,-0.01679473,-0.018749705,-0.025387561,-0.025741115,1,5480,27.4,27.41432857513428,0,0.8906068205833435,0.1093931645154953,False
5482,27.41,-0.029613605,-0.02564083,-0.022574464,-0.025501845,1,5480,27.4,27.41432857513428,0,0.8906068205833435,0.1093931645154953,False
5483,27.415,-0.04354268,-0.031498834,-0.018766217,-0.022812653,1,5480,27.4,27.41432857513428,0,0.8906068205833435,0.1093931645154953,False
5484,27.42,-0.05924709,-0.037149463,-0.016708909,-0.020108512,1,5484,27.42,27.42549467086792,0,0.889345109462738,0.1106549501419067,False
5485,27.425,-0.068802476,-0.038163558,-0.01409788,-0.015438433,1,5484,27.42,27.42549467086792,0,0.889345109462738,0.1106549501419067,False
5486,27.43,-0.06288047,-0.029643135,-0.007220457,-0.0057171243,1,5484,27.42,27.42549467086792,0,0.889345109462738,0.1106549501419067,False
5487,27.435,-0.040916655,-0.012934391,0.003453861,0.0076114284,1,5484,27.42,27.42549467086792,0,0.889345109462738,0.1106549501419067,False
5488,27.44,-0.0135222,0.003478784,0.012248081,0.017391335,1,5488,27.44,27.444268703460693,0,0.8901923894882202,0.109807550907135,False
5489,27.445,0.0059895017,0.010930637,0.013579894,0.016540363,1,5488,27.44,27.444268703460693,0,0.8901923894882202,0.109807550907135,False
5490,27.45,0.013122778,0.008924451,0.008301945,0.0056331246,1,5488,27.44,27.444268703460693,0,0.8901923894882202,0.109807550907135,False
5491,27.455,0.015565382,0.006103417,0.0039546555,-0.0057321778,1,5488,27.44,27.444268703460693,0,0.8901923894882202,0.109807550907135,False
5492,27.46,0.02479006,0.011900764,0.007647487,-0.006383239,1,5492,27.46,27.466023445129395,0,0.8877921104431152,0.1122079566121101,False
5493,27.465,0.043652676,0.026516438,0.01821662,0.0063265525,1,5492,27.46,27.466023445129395,0,0.8877921104431152,0.1122079566121101,False
5494,27.47,0.062022943,0.039383948,0.025970973,0.023330059,1,5492,27.46,27.466023445129395,0,0.8877921104431152,0.1122079566121101,False
5495,27.475,0.065240495,0.038501058,0.021331396,0.031239806,1,5492,27.46,27.466023445129395,0,0.8877921104431152,0.1122079566121101,False
5496,27.48,0.047932595,0.022188554,0.0046164594,0.02402683,1,5496,27.48,27.48435950279236,0,0.8906748294830322,0.1093251779675483,False
5497,27.485,0.020161953,0.0018926404,-0.012630053,0.008312439,1,5496,27.48,27.48435950279236,0,0.8906748294830322,0.1093251779675483,False
5498,27.49,-0.00032021862,-0.0071382625,-0.016750332,-0.002638926,1,5496,27.48,27.48435950279236,0,0.8906748294830322,0.1093251779675483,False
5499,27.495,-0.0030230507,0.0009552209,-0.0036772147,-0.0006758909,1,5496,27.48,27.48435950279236,0,0.8906748294830322,0.1093251779675483,False
5500,27.5,0.0065156855,0.017344136,0.017078875,0.010309662,1,5500,27.5,27.49439811706543,0,0.8877003788948059,0.1122995838522911,False
5501,27.505,0.0117627755,0.025458818,0.029414382,0.017913193,1,5500,27.5,27.49439811706543,0,0.8877003788948059,0.1122995838522911,False
5502,27.51,-0.00074008346,0.013849748,0.02236647,0.011354431,1,5500,27.5,27.49439811706543,0,0.8877003788948059,0.1122995838522911,False
5503,27.515,-0.030416954,-0.015523926,-0.0027638234,-0.0105007235,1,5500,27.5,27.49439811706543,0,0.8877003788948059,0.1122995838522911,False
5504,27.52,-0.063308544,-0.04913224,-0.034245793,-0.03872602,1,5504,27.52,27.514809131622314,0,0.8864667415618896,0.1135332360863685,False
5505,27.525,-0.08257144,-0.07105778,-0.057674263,-0.06025697,1,5504,27.52,27.514809131622314,0,0.8864667415618896,0.1135332360863685,False
5506,27.53,-0.07964276,-0.07217458,-0.06342102,-0.06504455,1,5504,27.52,27.514809131622314,0,0.8864667415618896,0.1135332360863685,False
5507,27.535,-0.057840753,-0.053585082,-0.0498016,-0.05031672,1,5504,27.52,27.514809131622314,0,0.8864667415618896,0.1135332360863685,False
5508,27.54,-0.02730383,-0.023624517,-0.022010516,-0.020839902,1,5508,27.54,27.5544011592865,0,0.8897706270217896,0.1102293357253074,False
5509,27.545,0.0031095245,0.00802086,0.01098222,0.013844906,1,5508,27.54,27.5544011592865,0,0.8897706270217896,0.1102293357253074,False
5510,27.55,0.030078642,0.034616537,0.03967862,0.0435276,1,5508,27.54,27.5544011592865,0,0.8897706270217896,0.1102293357253074,False
5511,27.555,0.053698417,0.0529356,0.05665815,0.06095269,1,5508,27.54,27.5544011592865,0,0.8897706270217896,0.1102293357253074,False
5512,27.56,0.07233842,0.061344057,0.058367647,0.063517034,1,5512,27.56,27.56457233428955,0,0.8902567625045776,0.1097432971000671,False
5513,27.565,0.08036512,0.058514986,0.045943473,0.052813467,1,5512,27.56,27.56457233428955,0,0.8902567625045776,0.1097432971000671,False
5514,27.57,0.071603976,0.044497427,0.024754025,0.033102114,1,5512,27.56,27.56457233428955,0,0.8902567625045776,0.1097432971000671,False
5515,27.575,0.045521513,0.022645561,0.0024179446,0.009885083,1,5512,27.56,27.56457233428955,0,0.8902567625045776,0.1097432971000671,False
5516,27.58,0.009947794,-0.00060696114,-0.01430367,-0.011293504,1,5516,27.58,27.587502241134644,0,0.8878070116043091,0.1121929287910461,False
5517,27.585,-0.022864154,-0.018950816,-0.022313576,-0.02630041,1,5516,27.58,27.587502241134644,0,0.8878070116043091,0.1121929287910461,False
5518,27.59,-0.043681774,-0.029644126,-0.022924405,-0.03384667,1,5516,27.58,27.587502241134644,0,0.8878070116043091,0.1121929287910461,False
5519,27.595,-0.05086713,-0.033898365,-0.020070864,-0.03572704,1,5516,27.58,27.587502241134644,0,0.8878070116043091,0.1121929287910461,False
5520,27.6,-0.04888954,-0.034273334,-0.017542975,-0.03523715,1,5520,27.6,27.594480991363525,0,0.8878728747367859,0.1121271103620529,False
5521,27.605,-0.043359213,-0.032317545,-0.017362326,-0.03474497,1,5520,27.6,27.594480991363525,0,0.8878728747367859,0.1121271103620529,False
5522,27.61,-0.037293393,-0.028656289,-0.019760946,-0.034146436,1,5520,27.6,27.594480991363525,0,0.8878728747367859,0.1121271103620529,False
5523,27.615,-0.030509159,-0.02400759,-0.02340388,-0.031021914,1,5520,27.6,27.594480991363525,0,0.8878728747367859,0.1121271103620529,False
5524,27.62,-0.020719822,-0.018441888,-0.02496346,-0.021991115,1,5524,27.62,27.618622303009037,0,0.8894190192222595,0.110580988228321,False
5525,27.625,-0.0049333647,-0.009466636,-0.019304188,-0.004492755,1,5524,27.62,27.618622303009037,0,0.8894190192222595,0.110580988228321,False
5526,27.63,0.018384362,0.0072631566,-0.002182441,0.021280162,1,5524,27.62,27.618622303009037,0,0.8894190192222595,0.110580988228321,False
5527,27.635,0.04613466,0.03283927,0.02516467,0.050646596,1,5524,27.62,27.618622303009037,0,0.8894190192222595,0.110580988228321,False
5528,27.64,0.068839915,0.05979569,0.053478718,0.0742517,1,5528,27.64,27.644673347473145,0,0.8903769254684448,0.1096230372786521,False
5529,27.645,0.073941804,0.07352041,0.06889141,0.08114039,1,5528,27.64,27.644673347473145,0,0.8903769254684448,0.1096230372786521,False
5530,27.65,0.054230396,0.06208129,0.061591186,0.06490701,1,5528,27.64,27.644673347473145,0,0.8903769254684448,0.1096230372786521,False
5531,27.655,0.015537745,0.027120562,0.03353585,0.029311791,1,5528,27.64,27.644673347473145,0,0.8903769254684448,0.1096230372786521,False
5532,27.66,-0.024137257,-0.014784019,-0.0017728319,-0.011772864,1,5532,27.66,27.664405345916748,0,0.88199383020401,0.1180061995983123,False
5533,27.665,-0.045894466,-0.043361366,-0.028402627,-0.041881412,1,5532,27.66,27.664405345916748,0,0.88199383020401,0.1180061995983123,False
5534,27.67,-0.04347916,-0.049436446,-0.03881913,-0.052178614,1,5532,27.66,27.664405345916748,0,0.88199383020401,0.1180061995983123,False
5535,27.675,-0.027083445,-0.039891243,-0.037103944,-0.046098758,1,5532,27.66,27.664405345916748,0,0.88199383020401,0.1180061995983123,False
5536,27.68,-0.01321788,-0.028459352,-0.03215405,-0.034291714,1,5536,27.68,27.68453025817871,0,0.8879522085189819,0.1120477840304374,False
5537,27.685,-0.009724103,-0.021880955,-0.028084375,-0.024607426,1,5536,27.68,27.68453025817871,0,0.8879522085189819,0.1120477840304374,False
5538,27.69,-0.010174411,-0.015222419,-0.02145106,-0.016550653,1,5536,27.68,27.68453025817871,0,0.8879522085189819,0.1120477840304374,False
5539,27.695,-0.0028554006,-0.00031719427,-0.007468751,-0.005033109,1,5536,27.68,27.68453025817871,0,0.8879522085189819,0.1120477840304374,False
5540,27.7,0.014909843,0.022169467,0.011914699,0.011067551,1,5540,27.7,27.703608989715576,0,0.8896306753158569,0.1103692799806594,False
5541,27.705,0.031497885,0.039763365,0.026742361,0.024572408,1,5540,27.7,27.703608989715576,0,0.8896306753158569,0.1103692799806594,False
5542,27.71,0.030181367,0.037574828,0.026114918,0.02451478,1,5540,27.7,27.703608989715576,0,0.8896306753158569,0.1103692799806594,False
5543,27.715,0.004454411,0.011527528,0.0072838464,0.005693815,1,5540,27.7,27.703608989715576,0,0.8896306753158569,0.1103692799806594,False
5544,27.72,-0.03424817,-0.026254565,-0.020864502,-0.024999091,1,5544,27.72,27.718615293502808,0,0.8880014419555664,0.1119985729455947,False
5545,27.725,-0.06323903,-0.054512236,-0.04250369,-0.05098882,1,5544,27.72,27.718615293502808,0,0.8880014419555664,0.1119985729455947,False
5546,27.73,-0.064330734,-0.05688408,-0.044254314,-0.05584215,1,5544,27.72,27.718615293502808,0,0.8880014419555664,0.1119985729455947,False
5547,27.735,-0.036248557,-0.032357506,-0.0230886,-0.03373795,1,5544,27.72,27.718615293502808,0,0.8880014419555664,0.1119985729455947,False
5548,27.74,0.0056532524,0.005331084,0.012063991,0.006720903,1,5548,27.74,27.7456648349762,0,0.8859147429466248,0.1140852198004722,False
5549,27.745,0.041412015,0.038204387,0.045806296,0.0480035,1,5548,27.74,27.7456648349762,0,0.8859147429466248,0.1140852198004722,False
5550,27.75,0.05982789,0.05560989,0.0650643,0.07429243,1,5548,27.74,27.7456648349762,0,0.8859147429466248,0.1140852198004722,False
5551,27.755,0.06225662,0.05766568,0.06514215,0.079318635,1,5548,27.74,27.7456648349762,0,0.8859147429466248,0.1140852198004722,False
5552,27.76,0.055347346,0.04942243,0.04941126,0.066298544,1,5552,27.76,27.76579475402832,0,0.8875678777694702,0.1124321371316909,False
5553,27.765,0.042045493,0.0336103,0.024546878,0.042153854,1,5552,27.76,27.76579475402832,0,0.8875678777694702,0.1124321371316909,False
5554,27.77,0.020929199,0.010275458,-0.0034016145,0.012721729,1,5552,27.76,27.76579475402832,0,0.8875678777694702,0.1124321371316909,False
5555,27.775,-0.0066086138,-0.017387183,-0.029150257,-0.017146925,1,5552,27.76,27.76579475402832,0,0.8875678777694702,0.1124321371316909,False
5556,27.78,-0.031570207,-0.039714787,-0.046688486,-0.041207153,1,5556,27.78,27.784571647644043,0,0.8863832354545593,0.1136167347431182,False
5557,27.785,-0.042314157,-0.04571802,-0.050086744,-0.05223952,1,5556,27.78,27.784571647644043,0,0.8863832354545593,0.1136167347431182,False
5558,27.79,-0.034587376,-0.032332983,-0.03720902,-0.04635171,1,5556,27.78,27.784571647644043,0,0.8863832354545593,0.1136167347431182,False
5559,27.795,-0.015622012,-0.008130969,-0.012947709,-0.027109712,1,5556,27.78,27.784571647644043,0,0.8863832354545593,0.1136167347431182,False
5560,27.8,0.0018559283,0.012383903,0.011513974,-0.0050990707,1,5560,27.8,27.80563378334045,0,0.8878511190414429,0.1121489182114601,False
5561,27.805,0.008865404,0.018317446,0.02370139,0.007389322,1,5560,27.8,27.80563378334045,0,0.8878511190414429,0.1121489182114601,False
5562,27.81,0.0038865663,0.007788085,0.016427116,0.0030910505,1,5560,27.8,27.80563378334045,0,0.8878511190414429,0.1121489182114601,False
5563,27.815,-0.00979047,-0.013144838,-0.0076260613,-0.016040176,1,5560,27.8,27.80563378334045,0,0.8878511190414429,0.1121489182114601,False
5564,27.82,-0.027199792,-0.03459464,-0.036123153,-0.03932805,1,5564,27.82,27.820228815078732,0,0.8883993625640869,0.1116005927324295,False
5565,27.825,-0.041692153,-0.04652795,-0.052862424,-0.052482877,1,5564,27.82,27.820228815078732,0,0.8883993625640869,0.1116005927324295,False
5566,27.83,-0.04479012,-0.041848086,-0.046713214,-0.0451762,1,5564,27.82,27.820228815078732,0,0.8883993625640869,0.1116005927324295,False
5567,27.835,-0.030175267,-0.019722275,-0.018509777,-0.017206984,1,5564,27.82,27.820228815078732,0,0.8883993625640869,0.1116005927324295,False
5568,27.84,-5.5046155e-05,0.01242282,0.019000588,0.020734163,1,5568,27.84,27.855714082717896,0,0.8898149132728577,0.1101851314306259,False
5569,27.845,0.0331065,0.04134568,0.048766423,0.05293921,1,5568,27.84,27.855714082717896,0,0.8898149132728577,0.1101851314306259,False
5570,27.85,0.053475436,0.05510681,0.059652288,0.06781351,1,5568,27.84,27.855714082717896,0,0.8898149132728577,0.1101851314306259,False
5571,27.855,0.05262318,0.050193373,0.052102707,0.06399335,1,5568,27.84,27.855714082717896,0,0.8898149132728577,0.1101851314306259,False
5572,27.86,0.0349139,0.03291777,0.035551578,0.04917077,1,5572,27.86,27.867560148239136,0,0.8882086873054504,0.1117913126945495,False
5573,27.865,0.013129091,0.014103498,0.02042411,0.033157613,1,5572,27.86,27.867560148239136,0,0.8882086873054504,0.1117913126945495,False
5574,27.87,-0.0011197567,0.0018142079,0.011424117,0.021171661,1,5572,27.86,27.867560148239136,0,0.8882086873054504,0.1117913126945495,False
5575,27.875,-0.0040418548,-0.0023250813,0.0066080107,0.01223701,1,5572,27.86,27.867560148239136,0,0.8882086873054504,0.1117913126945495,False
5576,27.88,0.00053545396,-0.0018172781,0.0012434825,0.0024905284,1,5576,27.88,27.885286569595337,0,0.8883056640625,0.1116943806409835,False
5577,27.885,0.005916699,-0.0015406562,-0.00773705,-0.010514112,1,5576,27.88,27.885286569595337,0,0.8883056640625,0.1116943806409835,False
5578,27.89,0.007325111,-0.0044743605,-0.01963619,-0.025773467,1,5576,27.88,27.885286569595337,0,0.8883056640625,0.1116943806409835,False
5579,27.895,0.0039975904,-0.010238828,-0.030479755,-0.03955097,1,5576,27.88,27.885286569595337,0,0.8883056640625,0.1116943806409835,False
5580,27.9,-0.001794677,-0.015870648,-0.03530657,-0.047723703,1,5580,27.9,27.89926695823669,0,0.8896040916442871,0.1103958711028099,False
5581,27.905,-0.007689344,-0.018633517,-0.031529207,-0.048462894,1,5580,27.9,27.89926695823669,0,0.8896040916442871,0.1103958711028099,False
5582,27.91,-0.013785373,-0.01899576,-0.021708187,-0.0436484,1,5580,27.9,27.89926695823669,0,0.8896040916442871,0.1103958711028099,False
5583,27.915,-0.022170924,-0.02062354,-0.012967689,-0.037356973,1,5580,27.9,27.89926695823669,0,0.8896040916442871,0.1103958711028099,False
5584,27.92,-0.0331699,-0.026227294,-0.011882399,-0.03173709,1,5584,27.92,27.914469480514526,0,0.8901309370994568,0.1098690405488014,False
5585,27.925,-0.041929074,-0.032715578,-0.018084755,-0.023819823,1,5584,27.92,27.914469480514526,0,0.8901309370994568,0.1098690405488014,False
5586,27.93,-0.039951336,-0.031333793,-0.022666877,-0.007375068,1,5584,27.92,27.914469480514526,0,0.8901309370994568,0.1098690405488014,False
5587,27.935,-0.021860024,-0.014550346,-0.014462406,0.020365935,1,5584,27.92,27.914469480514526,0,0.8901309370994568,0.1098690405488014,False
5588,27.94,0.008194989,0.015623772,0.009879294,0.052836705,1,5588,27.94,27.94454526901245,0,0.890093207359314,0.1099067255854606,False
5589,27.945,0.036922365,0.045933746,0.040627565,0.07539809,1,5588,27.94,27.94454526901245,0,0.890093207359314,0.1099067255854606,False
5590,27.95,0.049663134,0.059557937,0.0599236,0.07412265,1,5588,27.94,27.94454526901245,0,0.890093207359314,0.1099067255854606,False
5591,27.955,0.039551806,0.047534578,0.053943787,0.045705304,1,5588,27.94,27.94454526901245,0,0.890093207359314,0.1099067255854606,False
5592,27.96,0.011535341,0.015227516,0.023303615,0.0011091807,1,5592,27.96,27.96432876586914,0,0.8861327767372131,0.1138672307133674,False
5593,27.965,-0.020133637,-0.020250967,-0.015801925,-0.039298438,1,5592,27.96,27.96432876586914,0,0.8861327767372131,0.1138672307133674,False
5594,27.97,-0.03811724,-0.039098382,-0.040523026,-0.055705138,1,5592,27.96,27.96432876586914,0,0.8861327767372131,0.1138672307133674,False
5595,27.975,-0.02955123,-0.029183839,-0.034960706,-0.038759068,1,5592,27.96,27.96432876586914,0,0.8861327767372131,0.1138672307133674,False
5596,27.98,0.00619824,0.0065268334,-0.00068939157,0.004603682,1,5596,27.98,27.98454070091248,0,0.8876798152923584,0.1123202219605445,False
5597,27.985,0.053098436,0.04904262,0.042295262,0.052392848,1,5596,27.98,27.98454070091248,0,0.8876798152923584,0.1123202219605445,False
5598,27.99,0.083481506,0.071757935,0.06630922,0.077354304,1,5596,27.98,27.98454070091248,0,0.8876798152923584,0.1123202219605445,False
5599,27.995,0.07416951,0.056409206,0.053459357,0.062306553,1,5596,27.98,27.98454070091248,0,0.8876798152923584,0.1123202219605445,False
5600,28.0,0.0242989,0.007063347,0.008667851,0.012073652,1,5600,28.0,28.00502061843872,0,0.8894679546356201,0.1105320081114769,False
5601,28.005,-0.0404627,-0.04985984,-0.042235617,-0.047663633,1,5600,28.0,28.00502061843872,0,0.8894679546356201,0.1105320081114769,False
5602,28.01,-0.083861075,-0.0824482,-0.0697243,-0.08591547,1,5600,28.0,28.00502061843872,0,0.8894679546356201,0.1105320081114769,False
5603,28.015,-0.08420763,-0.07530907,-0.06089626,-0.0859478,1,5600,28.0,28.00502061843872,0,0.8894679546356201,0.1105320081114769,False
5604,28.02,-0.048590455,-0.039158296,-0.027245343,-0.054464836,1,5604,28.02,28.01963758468628,0,0.884226381778717,0.1157736256718635,False
5605,28.025,-0.004950062,-0.00047500926,0.00581476,-0.014209249,1,5604,28.02,28.01963758468628,0,0.884226381778717,0.1157736256718635,False
5606,28.03,0.020314606,0.019269215,0.018396767,0.013037219,1,5604,28.02,28.01963758468628,0,0.884226381778717,0.1157736256718635,False
5607,28.035,0.020276913,0.017313901,0.008722661,0.019560535,1,5604,28.02,28.01963758468628,0,0.884226381778717,0.1157736256718635,False
5608,28.04,0.0076027205,0.0065092044,-0.00977303,0.012371163,1,5608,28.04,28.051583766937256,0,0.8887781500816345,0.1112219020724296,False
5609,28.045,-0.00051006506,0.0008302915,-0.021852138,0.0036816911,1,5608,28.04,28.051583766937256,0,0.8887781500816345,0.1112219020724296,False
5610,28.05,0.002005842,0.0034657617,-0.02185803,0.0006362194,1,5608,28.04,28.051583766937256,0,0.8887781500816345,0.1112219020724296,False
5611,28.055,0.0070358557,0.0069638095,-0.014611149,0.0021918886,1,5608,28.04,28.051583766937256,0,0.8887781500816345,0.1112219020724296,False
5612,28.06,0.0029108135,0.003130645,-0.007698425,0.0036432398,1,5612,28.06,28.064673900604248,0,0.8881057500839233,0.1118942573666572,False
5613,28.065,-0.012174466,-0.0076277615,-0.0036775374,0.0030618275,1,5612,28.06,28.064673900604248,0,0.8881057500839233,0.1118942573666572,False
5614,28.07,-0.026587548,-0.015859392,0.0012506328,0.0036646347,1,5612,28.06,28.064673900604248,0,0.8881057500839233,0.1118942573666572,False
5615,28.075,-0.024772398,-0.011149202,0.012442672,0.010689268,1,5612,28.06,28.064673900604248,0,0.8881057500839233,0.1118942573666572,False
5616,28.08,-0.0012085219,0.008756284,0.031023843,0.025985597,1,5616,28.08,28.084545135498047,0,0.8901281952857971,0.1098717972636222,False
5617,28.085,0.03368502,0.035337884,0.05177211,0.044836808,1,5616,28.08,28.084545135498047,0,0.8901281952857971,0.1098717972636222,False
5618,28.09,0.060885474,0.054924585,0.0657503,0.057573806,1,5616,28.08,28.084545135498047,0,0.8901281952857971,0.1098717972636222,False
5619,28.095,0.066791266,0.05779318,0.06552288,0.055178575,1,5616,28.08,28.084545135498047,0,0.8901281952857971,0.1098717972636222,False
5620,28.1,0.051764365,0.043675795,0.04945444,0.035160866,1,5620,28.1,28.10457873344421,0,0.8902579545974731,0.1097420081496238,False
5621,28.105,0.026527993,0.019907024,0.02231362,0.003418115,1,5620,28.1,28.10457873344421,0,0.8902579545974731,0.1097420081496238,False
5622,28.11,0.0012491497,-0.005241513,-0.008001355,-0.0293756,1,5620,28.1,28.10457873344421,0,0.8902579545974731,0.1097420081496238,False
5623,28.115,-0.02140004,-0.027529484,-0.034793954,-0.053871427,1,5620,28.1,28.10457873344421,0,0.8902579545974731,0.1097420081496238,False
5624,28.12,-0.042993147,-0.045873534,-0.054499116,-0.0658232,1,5624,28.12,28.12018346786499,0,0.8829978108406067,0.1170021593570709,False
5625,28.125,-0.061212413,-0.058132328,-0.06555862,-0.06554559,1,5624,28.12,28.12018346786499,0,0.8829978108406067,0.1170021593570709,False
5626,28.13,-0.06763566,-0.05980656,-0.066875,-0.05537097,1,5624,28.12,28.12018346786499,0,0.8829978108406067,0.1170021593570709,False
5627,28.135,-0.055298936,-0.048158105,-0.0582809,-0.038333617,1,5624,28.12,28.12018346786499,0,0.8829978108406067,0.1170021593570709,False
5628,28.14,-0.02794358,-0.027069082,-0.042102385,-0.018331008,1,5628,28.14,28.1500723361969,0,0.8887448310852051,0.1112551838159561,False
5629,28.145,0.00029102137,-0.006039163,-0.022923483,0.00043082307,1,5628,28.14,28.1500723361969,0,0.8887448310852051,0.1112551838159561,False
5630,28.15,0.016082318,0.0070774173,-0.004839822,0.015498028,1,5628,28.14,28.1500723361969,0,0.8887448310852051,0.1112551838159561,False
5631,28.155,0.018198267,0.012549865,0.011006734,0.02748567,1,5628,28.14,28.1500723361969,0,0.8887448310852051,0.1112551838159561,False
5632,28.16,0.017171947,0.017446091,0.02566471,0.038293812,1,5632,28.16,28.165010929107662,0,0.8900406360626221,0.1099593341350555,False
5633,28.165,0.023505408,0.027359676,0.039036583,0.04738094,1,5632,28.16,28.165010929107662,0,0.8900406360626221,0.1099593341350555,False
5634,28.17,0.036347743,0.039412994,0.047744367,0.05017432,1,5632,28.16,28.165010929107662,0,0.8900406360626221,0.1099593341350555,False
5635,28.175,0.04399374,0.04382067,0.046978593,0.0411604,1,5632,28.16,28.165010929107662,0,0.8900406360626221,0.1099593341350555,False
5636,28.18,0.035452936,0.032958947,0.035033967,0.019436667,1,5636,28.18,28.189863920211792,0,0.8906659483909607,0.1093340963125228,False
5637,28.185,0.011491458,0.009495443,0.016278394,-0.008462395,1,5636,28.18,28.189863920211792,0,0.8906659483909607,0.1093340963125228,False
5638,28.19,-0.015325054,-0.014176894,-0.00064736087,-0.031570937,1,5636,28.18,28.189863920211792,0,0.8906659483909607,0.1093340963125228,False
5639,28.195,-0.031019405,-0.025080973,-0.008535681,-0.04126196,1,5636,28.18,28.189863920211792,0,0.8906659483909607,0.1093340963125228,False
5640,28.2,-0.030995179,-0.019633314,-0.0068395347,-0.036415808,1,5640,28.2,28.203389883041385,0,0.8847500681877136,0.1152499616146087,False
5641,28.205,-0.021864483,-0.006024148,-0.002021022,-0.023080224,1,5640,28.2,28.203389883041385,0,0.8847500681877136,0.1152499616146087,False
5642,28.21,-0.013752767,0.0029638067,-0.0022586288,-0.009279629,1,5640,28.2,28.203389883041385,0,0.8847500681877136,0.1152499616146087,False
5643,28.215,-0.010743952,0.00067541655,-0.010364897,0.00073635305,1,5640,28.2,28.203389883041385,0,0.8847500681877136,0.1152499616146087,False
5644,28.22,-0.007992911,-0.008111095,-0.02068749,0.008468802,1,5644,28.22,28.23036813735962,0,0.8895007967948914,0.1104991659522056,False
5645,28.225,0.0023612948,-0.011702913,-0.023027321,0.018188575,1,5644,28.22,28.23036813735962,0,0.8895007967948914,0.1104991659522056,False
5646,28.23,0.02222252,-0.0019189288,-0.010937828,0.03167037,1,5644,28.22,28.23036813735962,0,0.8895007967948914,0.1104991659522056,False
5647,28.235,0.043856464,0.018470388,0.01215966,0.045048665,1,5644,28.22,28.23036813735962,0,0.8895007967948914,0.1104991659522056,False
5648,28.24,0.054886013,0.03735926,0.034127258,0.05046732,1,5648,28.24,28.25531911849976,0,0.890091061592102,0.1099089756608009,False
5649,28.245,0.047380205,0.042095225,0.041789055,0.04129012,1,5648,28.24,28.25531911849976,0,0.890091061592102,0.1099089756608009,False
5650,28.25,0.023081874,0.02789373,0.029309548,0.016815342,1,5648,28.24,28.25531911849976,0,0.890091061592102,0.1099089756608009,False
5651,28.255,-0.008958615,-0.00024486549,0.001330662,-0.016916282,1,5648,28.24,28.25531911849976,0,0.890091061592102,0.1099089756608009,False
5652,28.26,-0.03897444,-0.032006413,-0.03061411,-0.05030487,1,5652,28.26,28.26617741584778,0,0.8846043348312378,0.1153957173228263,False
5653,28.265,-0.061065916,-0.057733383,-0.054962575,-0.07456139,1,5652,28.26,28.26617741584778,0,0.8846043348312378,0.1153957173228263,False
5654,28.27,-0.07290254,-0.07142889,-0.06524301,-0.08432899,1,5652,28.26,28.26617741584778,0,0.8846043348312378,0.1153957173228263,False
5655,28.275,-0.07289513,-0.07032341,-0.060800094,-0.07780922,1,5652,28.26,28.26617741584778,0,0.8846043348312378,0.1153957173228263,False
5656,28.28,-0.059035882,-0.053715277,-0.044296414,-0.055838067,1,5656,28.28,28.27974367141724,0,0.8900092840194702,0.1099907532334327,False
5657,28.285,-0.03102696,-0.023430405,-0.019192975,-0.021643426,1,5656,28.28,28.27974367141724,0,0.8900092840194702,0.1099907532334327,False
5658,28.29,0.006554015,0.014640956,0.010674421,0.01855493,1,5656,28.28,28.27974367141724,0,0.8900092840194702,0.1099907532334327,False
5659,28.295,0.043730356,0.050525367,0.040018465,0.055585884,1,5656,28.28,28.27974367141724,0,0.8900092840194702,0.1099907532334327,False
5660,28.3,0.06878379,0.07326431,0.0617749,0.07944218,1,5660,28.3,28.315165519714355,0,0.8876473307609558,0.1123526990413665,False
5661,28.305,0.074057326,0.075824566,0.06907581,0.0831615,1,5660,28.3,28.315165519714355,0,0.8876473307609558,0.1123526990413665,False
5662,28.31,0.060051937,0.058728557,0.05890132,0.06639192,1,5660,28.3,28.315165519714355,0,0.8876473307609558,0.1123526990413665,False
5663,28.315,0.035188276,0.030125698,0.034987587,0.036318626,1,5660,28.3,28.315165519714355,0,0.8876473307609558,0.1123526990413665,False
5664,28.32,0.011418286,0.0022175605,0.007422024,0.005001032,1,5664,28.32,28.326984882354736,0,0.8803712725639343,0.1196287423372268,False
5665,28.325,-0.001888938,-0.014294691,-0.011873851,-0.015884634,1,5664,28.32,28.326984882354736,0,0.8803712725639343,0.1196287423372268,False
5666,28.33,-0.002593716,-0.015244014,-0.015713224,-0.020440582,1,5664,28.32,28.326984882354736,0,0.8803712725639343,0.1196287423372268,False
5667,28.335,0.0035907088,-0.0049742493,-0.006138182,-0.011312212,1,5664,28.32,28.326984882354736,0,0.8803712725639343,0.1196287423372268,False
5668,28.34,0.0070187007,0.0061384323,0.006594045,0.0018054502,1,5668,28.34,28.343613862991333,0,0.8798630237579346,0.1201370060443878,False
5669,28.345,0.00026980895,0.007595009,0.010398693,0.0073562814,1,5668,28.34,28.343613862991333,0,0.8798630237579346,0.1201370060443878,False
5670,28.35,-0.01736597,-0.0051705698,-0.00092125963,-0.0017647855,1,5668,28.34,28.343613862991333,0,0.8798630237579346,0.1201370060443878,False
5671,28.355,-0.039674427,-0.028063366,-0.023735806,-0.023997288,1,5668,28.34,28.343613862991333,0,0.8798630237579346,0.1201370060443878,False
5672,28.36,-0.057062693,-0.05038509,-0.046881028,-0.04932123,1,5672,28.36,28.368601322174072,0,0.8857952952384949,0.1142047569155693,False
5673,28.365,-0.061323706,-0.060530853,-0.05846005,-0.06422842,1,5672,28.36,28.368601322174072,0,0.8857952952384949,0.1142047569155693,False
5674,28.37,-0.049298547,-0.052358545,-0.052699085,-0.0592494,1,5672,28.36,28.368601322174072,0,0.8857952952384949,0.1142047569155693,False
5675,28.375,-0.024207784,-0.028673116,-0.03263182,-0.034715645,1,5672,28.36,28.368601322174072,0,0.8857952952384949,0.1142047569155693,False
5676,28.38,0.0058136634,0.0005783139,-0.0071966043,-0.0006878557,1,5676,28.38,28.38370084762573,0,0.888873279094696,0.1111267432570457,False
5677,28.385,0.031483646,0.02456789,0.01489927,0.02934279,1,5676,28.38,28.38370084762573,0,0.888873279094696,0.1111267432570457,False
5678,28.39,0.046448976,0.03787015,0.029890975,0.046476904,1,5676,28.38,28.38370084762573,0,0.888873279094696,0.1111267432570457,False
5679,28.395,0.04911604,0.04188306,0.038807437,0.050062843,1,5676,28.38,28.38370084762573,0,0.888873279094696,0.1111267432570457,False
5680,28.4,0.04144302,0.040664475,0.04331154,0.04476417,1,5680,28.4,28.40362572669983,0,0.8905900120735168,0.1094099581241607,False
5681,28.405,0.026609736,0.03573177,0.042113703,0.034766443,1,5680,28.4,28.40362572669983,0,0.8905900120735168,0.1094099581241607,False
5682,28.41,0.008073342,0.02523303,0.031943683,0.021001432,1,5680,28.4,28.40362572669983,0,0.8905900120735168,0.1094099581241607,False
5683,28.415,-0.009816987,0.008093708,0.012323511,0.0035131988,1,5680,28.4,28.40362572669983,0,0.8905900120735168,0.1094099581241607,False
5684,28.42,-0.021847269,-0.011731859,-0.010887332,-0.014531509,1,5684,28.42,28.441123485565186,0,0.8812278509140015,0.1187721416354179,False
5685,28.425,-0.024073178,-0.025979687,-0.027473466,-0.026315693,1,5684,28.42,28.441123485565186,0,0.8812278509140015,0.1187721416354179,False
5686,28.43,-0.016483452,-0.02762083,-0.029434409,-0.025628213,1,5684,28.42,28.441123485565186,0,0.8812278509140015,0.1187721416354179,False
5687,28.435,-0.0032871086,-0.01620868,-0.016731337,-0.012181833,1,5684,28.42,28.441123485565186,0,0.8812278509140015,0.1187721416354179,False
5688,28.44,0.009702386,0.0015323986,0.002479494,0.006842175,1,5688,28.44,28.447301387786865,0,0.8874342441558838,0.112565778195858,False
5689,28.445,0.017966824,0.015846584,0.016992666,0.020468544,1,5688,28.44,28.447301387786865,0,0.8874342441558838,0.112565778195858,False
5690,28.45,0.019036656,0.019283589,0.019023854,0.020169595,1,5688,28.44,28.447301387786865,0,0.8874342441558838,0.112565778195858,False
5691,28.455,0.011863704,0.01008856,0.0080336705,0.004699092,1,5688,28.44,28.447301387786865,0,0.8874342441558838,0.112565778195858,False
5692,28.46,-0.0026979293,-0.007244139,-0.009503784,-0.019014942,1,5692,28.46,28.478721857070923,0,0.8887499570846558,0.1112500578165054,False
5693,28.465,-0.020152101,-0.02400303,-0.023762641,-0.039258026,1,5692,28.46,28.478721857070923,0,0.8887499570846558,0.1112500578165054,False
5694,28.47,-0.03253026,-0.03154176,-0.027093062,-0.045690283,1,5692,28.46,28.478721857070923,0,0.8887499570846558,0.1112500578165054,False
5695,28.475,-0.03286867,-0.02642923,-0.018809177,-0.035227593,1,5692,28.46,28.478721857070923,0,0.8887499570846558,0.1112500578165054,False
5696,28.48,-0.021253778,-0.013131922,-0.0058774883,-0.013952985,1,5696,28.48,28.485255002975464,0,0.8903801441192627,0.1096198782324791,False
5697,28.485,-0.006048533,-0.0010574897,0.0020932101,0.006882095,1,5696,28.48,28.485255002975464,0,0.8903801441192627,0.1096198782324791,False
5698,28.49,0.0027248657,0.002988669,0.00057847536,0.018546287,1,5696,28.48,28.485255002975464,0,0.8903801441192627,0.1096198782324791,False
5699,28.495,0.0026306543,0.0007445336,-0.005894829,0.020463532,1,5696,28.48,28.485255002975464,0,0.8903801441192627,0.1096198782324791,False
5700,28.5,0.0012759281,0.0006876325,-0.0077872854,0.019072965,1,5700,28.5,28.50034499168396,0,0.8909772634506226,0.109022781252861,False
5701,28.505,0.008413422,0.009321271,0.000435054,0.020933485,1,5700,28.5,28.50034499168396,0,0.8909772634506226,0.109022781252861,False
5702,28.51,0.025026234,0.023868173,0.014734383,0.02648553,1,5700,28.5,28.50034499168396,0,0.8909772634506226,0.109022781252861,False
5703,28.515,0.04078611,0.034122616,0.025103558,0.030268338,1,5700,28.5,28.50034499168396,0,0.8909772634506226,0.109022781252861,False
5704,28.52,0.04313865,0.032126345,0.02514373,0.02698142,1,5704,28.52,28.52278423309326,0,0.8899813294410706,0.110018715262413,False
5705,28.525,0.029208722,0.020083163,0.018267212,0.017069018,1,5704,28.52,28.52278423309326,0,0.8899813294410706,0.110018715262413,False
5706,28.53,0.008757744,0.008517798,0.014292145,0.006332934,1,5704,28.52,28.52278423309326,0,0.8899813294410706,0.110018715262413,False
5707,28.535,-0.0045149345,0.0064136004,0.019505776,0.0002424564,1,5704,28.52,28.52278423309326,0,0.8899813294410706,0.110018715262413,False
5708,28.54,-0.0049369056,0.012654168,0.029501535,-0.0014143114,1,5708,28.54,28.55349826812744,0,0.8850916028022766,0.1149083971977233,False
5709,28.545,0.00050182664,0.01638027,0.031529702,-0.004623019,1,5708,28.54,28.55349826812744,0,0.8850916028022766,0.1149083971977233,False
5710,28.55,-0.0017943812,0.005710313,0.0147049595,-0.015919022,1,5708,28.54,28.55349826812744,0,0.8850916028022766,0.1149083971977233,False
5711,28.555,-0.020572845,-0.02223956,-0.020126564,-0.03599692,1,5708,28.54,28.55349826812744,0,0.8850916028022766,0.1149083971977233,False
5712,28.56,-0.051442273,-0.057344433,-0.058676437,-0.05698458,1,5712,28.56,28.56873893737793,0,0.885913610458374,0.1140864193439483,False
5713,28.565,-0.07758408,-0.08121889,-0.08120693,-0.06578676,1,5712,28.56,28.56873893737793,0,0.885913610458374,0.1140864193439483,False
5714,28.57,-0.07955448,-0.07797679,-0.07479002,-0.052148078,1,5712,28.56,28.56873893737793,0,0.885913610458374,0.1140864193439483,False
5715,28.575,-0.048511177,-0.044650476,-0.04163698,-0.016725026,1,5712,28.56,28.56873893737793,0,0.885913610458374,0.1140864193439483,False
5716,28.58,0.0057443944,0.005275651,0.0017663982,0.026572028,1,5716,28.58,28.585542917251587,0,0.889555811882019,0.1104441806674003,False
5717,28.585,0.05819004,0.04811588,0.033887148,0.056849506,1,5716,28.58,28.585542917251587,0,0.889555811882019,0.1104441806674003,False
5718,28.59,0.082536906,0.063014865,0.03996988,0.058247276,1,5716,28.58,28.585542917251587,0,0.889555811882019,0.1104441806674003,False
5719,28.595,0.067287765,0.04420639,0.019818064,0.03022322,1,5716,28.58,28.585542917251587,0,0.889555811882019,0.1104441806674003,False
5720,28.6,0.023426918,0.004988953,-0.012230276,-0.010910281,1,5720,28.6,28.599584579467773,0,0.8897696137428284,0.110230416059494,False
5721,28.605,-0.021546163,-0.029304108,-0.034714695,-0.040655207,1,5720,28.6,28.599584579467773,0,0.8897696137428284,0.110230416059494,False
5722,28.61,-0.039814737,-0.03561169,-0.030197982,-0.040105347,1,5720,28.6,28.599584579467773,0,0.8897696137428284,0.110230416059494,False
5723,28.615,-0.019900015,-0.006749317,0.004987835,-0.0067648333,1,5720,28.6,28.599584579467773,0,0.8897696137428284,0.110230416059494,False
5724,28.62,0.026260475,0.043536674,0.057273146,0.043609466,1,5724,28.62,28.635707139968872,0,0.8853715062141418,0.1146285086870193,False
5725,28.625,0.07022927,0.08753991,0.10139119,0.08507087,1,5724,28.62,28.635707139968872,0,0.8853715062141418,0.1146285086870193,False
5726,28.63,0.084140286,0.09935363,0.113406554,0.0952459,1,5724,28.62,28.635707139968872,0,0.8853715062141418,0.1146285086870193,False
5727,28.635,0.057653245,0.07034977,0.08458247,0.06749508,1,5724,28.62,28.635707139968872,0,0.8853715062141418,0.1146285086870193,False
5728,28.64,0.003931277,0.014295321,0.027078709,0.014444801,1,5728,28.64,28.65151286125183,0,0.8849056363105774,0.1150943860411644,False
5729,28.645,-0.04952719,-0.041881997,-0.033401527,-0.0396744,1,5728,28.64,28.65151286125183,0,0.8849056363105774,0.1150943860411644,False
5730,28.65,-0.07884571,-0.0753659,-0.07347277,-0.073257275,1,5728,28.64,28.65151286125183,0,0.8849056363105774,0.1150943860411644,False
5731,28.655,-0.07755336,-0.08003434,-0.08479283,-0.07854879,1,5728,28.64,28.65151286125183,0,0.8849056363105774,0.1150943860411644,False
5732,28.66,-0.056768287,-0.06567283,-0.07471364,-0.06260933,1,5732,28.66,28.66653943061829,0,0.8813542127609253,0.1186458021402359,False
5733,28.665,-0.03370112,-0.04677354,-0.0566839,-0.039212372,1,5732,28.66,28.66653943061829,0,0.8813542127609253,0.1186458021402359,False
5734,28.67,-0.019250976,-0.031974282,-0.040337205,-0.01960134,1,5732,28.66,28.66653943061829,0,0.8813542127609253,0.1186458021402359,False
5735,28.675,-0.013769263,-0.021997299,-0.028674005,-0.0086366795,1,5732,28.66,28.66653943061829,0,0.8813542127609253,0.1186458021402359,False
5736,28.68,-0.0109841935,-0.014085017,-0.020823743,-0.0059874733,1,5736,28.68,28.692809581756592,0,0.8865860104560852,0.1134139969944953,False
5737,28.685,-0.003991204,-0.0058356114,-0.014472388,-0.008060692,1,5736,28.68,28.692809581756592,0,0.8865860104560852,0.1134139969944953,False
5738,28.69,0.010892692,0.004579739,-0.00599116,-0.008892993,1,5736,28.68,28.692809581756592,0,0.8865860104560852,0.1134139969944953,False
5739,28.695,0.032087743,0.018683145,0.008536856,-0.0021357823,1,5736,28.68,28.692809581756592,0,0.8865860104560852,0.1134139969944953,False
5740,28.7,0.051964708,0.03549833,0.02942804,0.014610026,1,5740,28.7,28.71578097343445,0,0.8902115821838379,0.1097883656620979,False
5741,28.705,0.059541874,0.04936106,0.0502691,0.036308788,1,5740,28.7,28.71578097343445,0,0.8902115821838379,0.1097883656620979,False
5742,28.71,0.047974188,0.05244491,0.060766097,0.05248106,1,5740,28.7,28.71578097343445,0,0.8902115821838379,0.1097883656620979,False
5743,28.715,0.022161262,0.04174841,0.055058032,0.05465239,1,5740,28.7,28.71578097343445,0,0.8902115821838379,0.1097883656620979,False
5744,28.72,-0.0018251794,0.023787096,0.038032997,0.043173954,1,5744,28.72,28.73536515235901,0,0.8871894478797913,0.1128105595707893,False
5745,28.725,-0.008195027,0.010680585,0.022412539,0.026813366,1,5744,28.72,28.73536515235901,0,0.8871894478797913,0.1128105595707893,False
5746,28.73,0.0045984113,0.009575799,0.017734667,0.014875256,1,5744,28.72,28.73536515235901,0,0.8871894478797913,0.1128105595707893,False
5747,28.735,0.020523032,0.015043323,0.020906635,0.00885903,1,5744,28.72,28.73536515235901,0,0.8871894478797913,0.1128105595707893,False
5748,28.74,0.018151065,0.012590879,0.017802734,0.0015347484,1,5748,28.74,28.754311084747314,0,0.8768761157989502,0.1231238916516304,False
5749,28.745,-0.0110916775,-0.008616812,-0.0042378088,-0.01536949,1,5748,28.74,28.754311084747314,0,0.8768761157989502,0.1231238916516304,False
5750,28.75,-0.05440723,-0.04471486,-0.04348648,-0.041733883,1,5748,28.74,28.754311084747314,0,0.8768761157989502,0.1231238916516304,False
5751,28.755,-0.08636941,-0.07770609,-0.08210442,-0.06657604,1,5748,28.74,28.754311084747314,0,0.8768761157989502,0.1231238916516304,False
5752,28.76,-0.087413035,-0.08758418,-0.09782171,-0.07517285,1,5752,28.76,28.769110679626465,0,0.8819724917411804,0.1180275157094001,False
5753,28.765,-0.056806162,-0.06626866,-0.0796911,-0.05999403,1,5752,28.76,28.769110679626465,0,0.8819724917411804,0.1180275157094001,False
5754,28.77,-0.010730299,-0.022627348,-0.035324715,-0.02640365,1,5752,28.76,28.769110679626465,0,0.8819724917411804,0.1180275157094001,False
5755,28.775,0.03095632,0.02438336,0.015384211,0.011350454,1,5752,28.76,28.769110679626465,0,0.8819724917411804,0.1180275157094001,False
5756,28.78,0.057462398,0.058139782,0.053790648,0.040093206,1,5756,28.78,28.79147958755493,0,0.883324146270752,0.1166758835315704,False
5757,28.785,0.06990924,0.07264802,0.072080635,0.055117544,1,5756,28.78,28.79147958755493,0,0.883324146270752,0.1166758835315704,False
5758,28.79,0.074275784,0.071549825,0.072790995,0.059384428,1,5756,28.78,28.79147958755493,0,0.883324146270752,0.1166758835315704,False
5759,28.795,0.072412424,0.060760457,0.061662465,0.056727923,1,5756,28.78,28.79147958755493,0,0.883324146270752,0.1166758835315704,False
5760,28.8,0.059581067,0.04243624,0.042023942,0.04666558,1,5760,28.8,28.804295301437374,0,0.8901275396347046,0.1098724752664566,False
5761,28.805,0.030350724,0.0155371055,0.015211827,0.02608709,1,5760,28.8,28.804295301437374,0,0.8901275396347046,0.1098724752664566,False
5762,28.81,-0.013084327,-0.018755255,-0.015688194,-0.0045178053,1,5760,28.8,28.804295301437374,0,0.8901275396347046,0.1098724752664566,False
5763,28.815,-0.058259748,-0.05315374,-0.044277005,-0.037451323,1,5760,28.8,28.804295301437374,0,0.8901275396347046,0.1098724752664566,False
5764,28.82,-0.08839139,-0.07627343,-0.06320204,-0.060986616,1,5764,28.82,28.81463742256165,0,0.8711942434310913,0.1288057565689087,False
5765,28.825,-0.092256494,-0.07887855,-0.0674063,-0.06637621,1,5764,28.82,28.81463742256165,0,0.8711942434310913,0.1288057565689087,False
5766,28.83,-0.07031015,-0.05916332,-0.055272184,-0.052440174,1,5764,28.82,28.81463742256165,0,0.8711942434310913,0.1288057565689087,False
5767,28.835,-0.033155184,-0.02366564,-0.028468773,-0.024947014,1,5764,28.82,28.81463742256165,0,0.8711942434310913,0.1288057565689087,False
5768,28.84,0.0051250164,0.015582144,0.0071387175,0.0067714076,1,5768,28.84,28.85471653938293,0,0.8889708518981934,0.1110291481018066,False
5769,28.845,0.033301756,0.04535724,0.040329035,0.032631617,1,5768,28.84,28.85471653938293,0,0.8889708518981934,0.1110291481018066,False
5770,28.85,0.045719795,0.0557121,0.057067875,0.04386399,1,5768,28.84,28.85471653938293,0,0.8889708518981934,0.1110291481018066,False
5771,28.855,0.042020656,0.044016756,0.048222,0.036038313,1,5768,28.84,28.85471653938293,0,0.8889708518981934,0.1110291481018066,False
5772,28.86,0.026090637,0.016961737,0.01747854,0.012561979,1,5772,28.86,28.86910915374756,0,0.8889082074165344,0.1110918000340461,False
5773,28.865,0.0051907836,-0.011664491,-0.018192142,-0.014789514,1,5772,28.86,28.86910915374756,0,0.8889082074165344,0.1110918000340461,False
5774,28.87,-0.011572378,-0.02752844,-0.037955027,-0.03088603,1,5772,28.86,28.86910915374756,0,0.8889082074165344,0.1110918000340461,False
5775,28.875,-0.016493168,-0.023400888,-0.03038959,-0.025910962,1,5772,28.86,28.86910915374756,0,0.8889082074165344,0.1110918000340461,False
5776,28.88,-0.0075578135,-0.0033065816,-0.0010848352,-0.0021194224,1,5776,28.88,28.877973318099976,0,0.8877834677696228,0.1122165620326995,False
5777,28.885,0.009245998,0.0196808,0.030882822,0.026444964,1,5776,28.88,28.877973318099976,0,0.8877834677696228,0.1122165620326995,False
5778,28.89,0.022871142,0.031301923,0.045309376,0.04215987,1,5776,28.88,28.877973318099976,0,0.8877834677696228,0.1122165620326995,False
5779,28.895,0.024772415,0.025167204,0.033903595,0.035270505,1,5776,28.88,28.877973318099976,0,0.8877834677696228,0.1122165620326995,False
5780,28.9,0.01508436,0.006638771,0.0051238295,0.010528992,1,5780,28.9,28.90473675727844,0,0.8897308707237244,0.1102691516280174,False
5781,28.905,0.0013225261,-0.0119521655,-0.022664066,-0.016513918,1,5780,28.9,28.90473675727844,0,0.8897308707237244,0.1102691516280174,False
5782,28.91,-0.00905161,-0.020963179,-0.034380086,-0.030977122,1,5780,28.9,28.90473675727844,0,0.8897308707237244,0.1102691516280174,False
5783,28.915,-0.01387318,-0.019230535,-0.027299333,-0.028327081,1,5780,28.9,28.90473675727844,0,0.8897308707237244,0.1102691516280174,False
5784,28.92,-0.013973606,-0.011257722,-0.009588552,-0.01454162,1,5784,28.92,28.92076563835144,0,0.8879096508026123,0.1120903491973877,False
5785,28.925,-0.008136703,-0.0006122829,0.008243619,0.001523885,1,5784,28.92,28.92076563835144,0,0.8879096508026123,0.1120903491973877,False
5786,28.93,0.0060078143,0.011962891,0.020066977,0.014876905,1,5784,28.92,28.92076563835144,0,0.8879096508026123,0.1120903491973877,False
5787,28.935,0.025042064,0.024276512,0.024303364,0.024394115,1,5784,28.92,28.92076563835144,0,0.8879096508026123,0.1120903491973877,False
5788,28.94,0.036768045,0.029618196,0.02077015,0.028743977,1,5788,28.94,28.95577073097229,0,0.8896979689598083,0.1103020384907722,False
5789,28.945,0.028409744,0.021096893,0.009671175,0.02481508,1,5788,28.94,28.95577073097229,0,0.8896979689598083,0.1103020384907722,False
5790,28.95,-0.0004816793,-0.00038203568,-0.0065361424,0.010875601,1,5788,28.94,28.95577073097229,0,0.8896979689598083,0.1103020384907722,False
5791,28.955,-0.034628686,-0.02420742,-0.02225851,-0.009732283,1,5788,28.94,28.95577073097229,0,0.8896979689598083,0.1103020384907722,False
5792,28.96,-0.05442148,-0.037819847,-0.03142346,-0.029297736,1,5792,28.96,28.97027826309204,0,0.8834676146507263,0.1165324300527572,False
5793,28.965,-0.05148879,-0.0367031,-0.031428464,-0.040605705,1,5792,28.96,28.97027826309204,0,0.8834676146507263,0.1165324300527572,False
5794,28.97,-0.033367608,-0.026501184,-0.024299609,-0.04117485,1,5792,28.96,28.97027826309204,0,0.8834676146507263,0.1165324300527572,False
5795,28.975,-0.014102086,-0.015902985,-0.014192013,-0.033221845,1,5792,28.96,28.97027826309204,0,0.8834676146507263,0.1165324300527572,False
5796,28.98,-0.0018535787,-0.008612795,-0.0042607007,-0.020520344,1,5796,28.98,28.986637830734253,0,0.8899299502372742,0.1100700870156288,False
5797,28.985,0.0044627744,-0.0024148934,0.0041970783,-0.0059504784,1,5796,28.98,28.986637830734253,0,0.8899299502372742,0.1100700870156288,False
5798,28.99,0.009099891,0.005484486,0.010719624,0.0084522,1,5796,28.98,28.986637830734253,0,0.8899299502372742,0.1100700870156288,False
5799,28.995,0.013132699,0.014064611,0.015002734,0.020463865,1,5796,28.98,28.986637830734253,0,0.8899299502372742,0.1100700870156288,False
5800,29.0,0.014621737,0.019620504,0.017235566,0.027727293,1,5800,29.0,29.010854721069336,0,0.8911667466163635,0.1088332384824752,False
5801,29.005,0.012879313,0.019905826,0.018086312,0.028848967,1,5800,29.0,29.010854721069336,0,0.8911667466163635,0.1088332384824752,False
5802,29.01,0.010270675,0.016015295,0.01757953,0.023997607,1,5800,29.0,29.010854721069336,0,0.8911667466163635,0.1088332384824752,False
5803,29.015,0.009524571,0.010464672,0.014297387,0.01439341,1,5800,29.0,29.010854721069336,0,0.8911667466163635,0.1088332384824752,False
5804,29.02,0.010654008,0.0046189213,0.00668691,0.0018007383,1,5804,29.02,29.020833730697632,0,0.8864208459854126,0.1135792136192321,False
5805,29.025,0.011670182,-0.0012061044,-0.0041409233,-0.010869417,1,5804,29.02,29.020833730697632,0,0.8864208459854126,0.1135792136192321,False
5806,29.03,0.012049856,-0.0054546176,-0.013074876,-0.018674113,1,5804,29.02,29.020833730697632,0,0.8864208459854126,0.1135792136192321,False
5807,29.035,0.014257619,-0.0043461076,-0.013397215,-0.015740393,1,5804,29.02,29.020833730697632,0,0.8864208459854126,0.1135792136192321,False
5808,29.04,0.02085639,0.00549251,-0.001792569,0.0007549614,1,5808,29.04,29.04226875305176,0,0.8835121989250183,0.1164878606796264,False
5809,29.045,0.030064302,0.022558939,0.017951531,0.026309177,1,5808,29.04,29.04226875305176,0,0.8835121989250183,0.1164878606796264,False
5810,29.05,0.034859467,0.038660172,0.035891168,0.04896251,1,5808,29.04,29.04226875305176,0,0.8835121989250183,0.1164878606796264,False
5811,29.055,0.027409842,0.042584725,0.04129834,0.055179186,1,5808,29.04,29.04226875305176,0,0.8835121989250183,0.1164878606796264,False
5812,29.06,0.005383429,0.027408203,0.028882802,0.038352925,1,5812,29.06,29.06575870513916,0,0.8895599246025085,0.1104400902986526,False
5813,29.065,-0.025090642,-0.003857389,0.0018960485,0.003675319,1,5812,29.06,29.06575870513916,0,0.8895599246025085,0.1104400902986526,False
5814,29.07,-0.052172713,-0.03873372,-0.029472485,-0.03442117,1,5812,29.06,29.06575870513916,0,0.8895599246025085,0.1104400902986526,False
5815,29.075,-0.06485805,-0.06202843,-0.053159125,-0.06045367,1,5812,29.06,29.06575870513916,0,0.8895599246025085,0.1104400902986526,False
5816,29.08,-0.059098836,-0.0645715,-0.060944352,-0.06606826,1,5816,29.08,29.087132453918457,0,0.8889139294624329,0.1110861077904701,False
5817,29.085,-0.03977258,-0.0481408,-0.051961616,-0.053172905,1,5816,29.08,29.087132453918457,0,0.8889139294624329,0.1110861077904701,False
5818,29.09,-0.017260322,-0.023349598,-0.03228892,-0.030943027,1,5816,29.08,29.087132453918457,0,0.8889139294624329,0.1110861077904701,False
5819,29.095,-0.00077307125,-0.002245087,-0.011005884,-0.009662558,1,5816,29.08,29.087132453918457,0,0.8889139294624329,0.1110861077904701,False
5820,29.1,0.0070061856,0.008918256,0.0048094885,0.0042695594,1,5820,29.1,29.09717702865601,0,0.8883029222488403,0.1116970181465148,False
5821,29.105,0.010064419,0.011786244,0.013079798,0.009671278,1,5820,29.1,29.09717702865601,0,0.8883029222488403,0.1116970181465148,False
5822,29.11,0.014031227,0.012202437,0.016183771,0.008856228,1,5820,29.1,29.09717702865601,0,0.8883029222488403,0.1116970181465148,False
5823,29.115,0.020303547,0.014365258,0.017827198,0.005179967,1,5820,29.1,29.09717702865601,0,0.8883029222488403,0.1116970181465148,False
5824,29.12,0.024505071,0.01762888,0.019908156,0.0015796521,1,5824,29.12,29.121819019317627,0,0.8895062804222107,0.1104937419295311,False
5825,29.125,0.02090369,0.018190583,0.02167698,0.00029294146,1,5824,29.12,29.121819019317627,0,0.8895062804222107,0.1104937419295311,False
5826,29.13,0.009132611,0.013872219,0.021555152,0.0030571222,1,5824,29.12,29.121819019317627,0,0.8895062804222107,0.1104937419295311,False
5827,29.135,-0.003066732,0.0075686104,0.01966843,0.011042704,1,5824,29.12,29.121819019317627,0,0.8895062804222107,0.1104937419295311,False
5828,29.14,-0.0046143415,0.0057856254,0.018351516,0.024072379,1,5828,29.14,29.15260148048401,0,0.8846443295478821,0.1153556853532791,False
5829,29.145,0.009632491,0.012857103,0.019695492,0.039349515,1,5828,29.14,29.15260148048401,0,0.8846443295478821,0.1153556853532791,False
5830,29.15,0.032909457,0.025750982,0.022355108,0.050968107,1,5828,29.14,29.15260148048401,0,0.8846443295478821,0.1153556853532791,False
5831,29.155,0.049788374,0.034666754,0.021197047,0.051792897,1,5828,29.14,29.15260148048401,0,0.8846443295478821,0.1153556853532791,False
5832,29.16,0.046823166,0.029872568,0.011089108,0.037663892,1,5832,29.16,29.166792392730716,0,0.8876201510429382,0.1123798042535781,False
5833,29.165,0.02217867,0.009481656,-0.007998417,0.011195739,1,5832,29.16,29.166792392730716,0,0.8876201510429382,0.1123798042535781,False
5834,29.17,-0.013326915,-0.01834687,-0.029307857,-0.01837278,1,5832,29.16,29.166792392730716,0,0.8876201510429382,0.1123798042535781,False
5835,29.175,-0.04389808,-0.04065622,-0.043157306,-0.040088538,1,5832,29.16,29.166792392730716,0,0.8876201510429382,0.1123798042535781,False
5836,29.18,-0.058431216,-0.04806889,-0.043508537,-0.047581285,1,5836,29.18,29.18542194366455,0,0.8883829712867737,0.1116169765591621,False
5837,29.185,-0.055120043,-0.03980447,-0.03178027,-0.04190257,1,5836,29.18,29.18542194366455,0,0.8883829712867737,0.1116169765591621,False
5838,29.19,-0.039311882,-0.022262108,-0.014896043,-0.029045604,1,5836,29.18,29.18542194366455,0,0.8883829712867737,0.1116169765591621,False
5839,29.195,-0.018346116,-0.0035882317,0.00017959498,-0.01498321,1,5836,29.18,29.18542194366455,0,0.8883829712867737,0.1116169765591621,False
5840,29.2,0.0018838559,0.01072292,0.010271588,-0.0028953515,1,5840,29.2,29.21051907539368,0,0.8881779313087463,0.1118220686912536,False
5841,29.205,0.01705752,0.01831791,0.015353261,0.0055543096,1,5840,29.2,29.21051907539368,0,0.8881779313087463,0.1118220686912536,False
5842,29.21,0.02335832,0.018041361,0.015474385,0.007607448,1,5840,29.2,29.21051907539368,0,0.8881779313087463,0.1118220686912536,False
5843,29.215,0.018176403,0.009152442,0.009510465,-0.00024120165,1,5840,29.2,29.21051907539368,0,0.8881779313087463,0.1118220686912536,False
5844,29.22,0.0030063465,-0.0067441,-0.0025677253,-0.01791821,1,5844,29.22,29.22746729850769,0,0.8900544047355652,0.1099455505609512,False
5845,29.225,-0.014425421,-0.023322305,-0.016482763,-0.03750907,1,5844,29.22,29.22746729850769,0,0.8900544047355652,0.1099455505609512,False
5846,29.23,-0.022480667,-0.03053972,-0.023638703,-0.04474369,1,5844,29.22,29.22746729850769,0,0.8900544047355652,0.1099455505609512,False
5847,29.235,-0.012727204,-0.020329526,-0.015934136,-0.027745476,1,5844,29.22,29.22746729850769,0,0.8900544047355652,0.1099455505609512,False
5848,29.24,0.012702294,0.0063291066,0.007335464,0.01243015,1,5848,29.24,29.249664783477783,0,0.8870289325714111,0.1129710599780082,False
5849,29.245,0.03996445,0.03695897,0.035998292,0.05847678,1,5848,29.24,29.249664783477783,0,0.8870289325714111,0.1129710599780082,False
5850,29.25,0.051287252,0.053566005,0.053205885,0.08561959,1,5848,29.24,29.249664783477783,0,0.8870289325714111,0.1129710599780082,False
5851,29.255,0.037252013,0.04449193,0.0461913,0.07780377,1,5848,29.24,29.249664783477783,0,0.8870289325714111,0.1129710599780082,False
5852,29.26,0.0044480087,0.013689173,0.016309887,0.039392114,1,5852,29.26,29.269339323043823,0,0.888769268989563,0.11123076826334,False
5853,29.265,-0.028158098,-0.020678569,-0.020187665,-0.00727316,1,5852,29.26,29.269339323043823,0,0.888769268989563,0.11123076826334,False
5854,29.27,-0.04214516,-0.038470067,-0.042677067,-0.03712931,1,5852,29.26,29.269339323043823,0,0.888769268989563,0.11123076826334,False
5855,29.275,-0.031987276,-0.031410336,-0.040311992,-0.038690858,1,5852,29.26,29.269339323043823,0,0.888769268989563,0.11123076826334,False
5856,29.28,-0.0072507495,-0.007552291,-0.018565023,-0.019207798,1,5856,29.28,29.284722805023197,0,0.8871289491653442,0.1128710061311721,False
5857,29.285,0.016131219,0.01636708,0.006445117,0.0035547535,1,5856,29.28,29.284722805023197,0,0.8871289491653442,0.1128710061311721,False
5858,29.29,0.027105467,0.027071327,0.020040575,0.014522011,1,5856,29.28,29.284722805023197,0,0.8871289491653442,0.1128710061311721,False
5859,29.295,0.024185406,0.021547237,0.017614517,0.009284223,1,5856,29.28,29.284722805023197,0,0.8871289491653442,0.1128710061311721,False
5860,29.3,0.012205586,0.0055128625,0.004821399,-0.00659681,1,5860,29.3,29.31122136116028,0,0.8897207975387573,0.1102791503071785,False
5861,29.305,-0.0030024857,-0.012037431,-0.008260968,-0.023188349,1,5860,29.3,29.31122136116028,0,0.8897207975387573,0.1102791503071785,False
5862,29.31,-0.0166827,-0.023118205,-0.013597655,-0.031576443,1,5860,29.3,29.31122136116028,0,0.8897207975387573,0.1102791503071785,False
5863,29.315,-0.024563864,-0.023003248,-0.008811305,-0.027077805,1,5860,29.3,29.31122136116028,0,0.8897207975387573,0.1102791503071785,False
5864,29.32,-0.023465954,-0.011987276,0.0025758054,-0.010834237,1,5864,29.32,29.319355487823486,0,0.8885170817375183,0.1114829257130622,False
5865,29.325,-0.014011866,0.0036813074,0.0134184435,0.010067763,1,5864,29.32,29.319355487823486,0,0.8885170817375183,0.1114829257130622,False
5866,29.33,-0.0018501882,0.01419809,0.016699953,0.025084034,1,5864,29.32,29.319355487823486,0,0.8885170817375183,0.1114829257130622,False
5867,29.335,0.005815987,0.01249692,0.009449811,0.025646046,1,5864,29.32,29.319355487823486,0,0.8885170817375183,0.1114829257130622,False
5868,29.34,0.006234203,0.0002661293,-0.005021554,0.010987202,1,5868,29.34,29.35435175895691,0,0.8896075487136841,0.1103923991322517,False
5869,29.345,0.003512194,-0.012333721,-0.018416708,-0.01018187,1,5868,29.34,29.35435175895691,0,0.8896075487136841,0.1103923991322517,False
5870,29.35,0.004026008,-0.01472841,-0.022589304,-0.02478973,1,5868,29.34,29.35435175895691,0,0.8896075487136841,0.1103923991322517,False
5871,29.355,0.008752834,-0.005615679,-0.015789146,-0.024570538,1,5868,29.34,29.35435175895691,0,0.8896075487136841,0.1103923991322517,False
5872,29.36,0.010680383,0.004923189,-0.004914199,-0.0121437395,1,5872,29.36,29.364280700683597,0,0.8868134617805481,0.1131865233182907,False
5873,29.365,0.0012959485,0.0042156507,-0.0004026262,0.0016321365,1,5872,29.36,29.364280700683597,0,0.8868134617805481,0.1131865233182907,False
5874,29.37,-0.019086545,-0.010345181,-0.0066502234,0.0073350463,1,5872,29.36,29.364280700683597,0,0.8868134617805481,0.1131865233182907,False
5875,29.375,-0.037526578,-0.026676666,-0.016374758,0.005183009,1,5872,29.36,29.364280700683597,0,0.8868134617805481,0.1131865233182907,False
5876,29.38,-0.03664375,-0.026940372,-0.015493915,0.0040404145,1,5876,29.38,29.384668350219727,0,0.8907049894332886,0.1092950031161308,False
5877,29.385,-0.009176763,-0.0031253928,0.004238126,0.011964406,1,5876,29.38,29.384668350219727,0,0.8907049894332886,0.1092950031161308,False
5878,29.39,0.0335798,0.034388863,0.035872784,0.027276177,1,5876,29.38,29.384668350219727,0,0.8907049894332886,0.1092950031161308,False
5879,29.395,0.06770046,0.06326872,0.060499597,0.038872745,1,5876,29.38,29.384668350219727,0,0.8907049894332886,0.1092950031161308,False
5880,29.4,0.07309879,0.06556354,0.061251663,0.035696905,1,5880,29.4,29.404577016830444,0,0.8892250657081604,0.1107749491930008,False
5881,29.405,0.047597747,0.040449414,0.036264934,0.016586447,1,5880,29.4,29.404577016830444,0,0.8892250657081604,0.1107749491930008,False
5882,29.41,0.0076249996,0.003558694,-0.00026390917,-0.008377828,1,5880,29.4,29.404577016830444,0,0.8892250657081604,0.1107749491930008,False
5883,29.415,-0.02432913,-0.025237618,-0.028993485,-0.025736336,1,5880,29.4,29.404577016830444,0,0.8892250657081604,0.1107749491930008,False
5884,29.42,-0.035067163,-0.03497155,-0.038505834,-0.028387856,1,5884,29.42,29.420857429504395,0,0.8804875016212463,0.1195124387741088,False
5885,29.425,-0.027458943,-0.028219381,-0.030585557,-0.019332305,1,5884,29.42,29.420857429504395,0,0.8804875016212463,0.1195124387741088,False
5886,29.43,-0.015239229,-0.01613031,-0.015911631,-0.007812045,1,5884,29.42,29.420857429504395,0,0.8804875016212463,0.1195124387741088,False
5887,29.435,-0.011651402,-0.009721855,-0.005849751,-0.0024037573,1,5884,29.42,29.420857429504395,0,0.8804875016212463,0.1195124387741088,False
5888,29.44,-0.020817427,-0.013801023,-0.006595682,-0.0064047426,1,5888,29.44,29.449032306671143,0,0.8884561061859131,0.1115439087152481,False
5889,29.445,-0.036711425,-0.025776083,-0.017529737,-0.017321296,1,5888,29.44,29.449032306671143,0,0.8884561061859131,0.1115439087152481,False
5890,29.45,-0.048412398,-0.038066197,-0.032347795,-0.029045885,1,5888,29.44,29.449032306671143,0,0.8884561061859131,0.1115439087152481,False
5891,29.455,-0.04698197,-0.042126898,-0.041795395,-0.034876473,1,5888,29.44,29.449032306671143,0,0.8884561061859131,0.1115439087152481,False
5892,29.46,-0.029927796,-0.032640904,-0.03784151,-0.030387323,1,5892,29.46,29.469330549240112,0,0.8889531493186951,0.1110468357801437,False
5893,29.465,-0.0016171291,-0.010251208,-0.018089756,-0.01524741,1,5892,29.46,29.469330549240112,0,0.8889531493186951,0.1110468357801437,False
5894,29.47,0.029756391,0.018869778,0.01240326,0.0070676403,1,5892,29.46,29.469330549240112,0,0.8889531493186951,0.1110468357801437,False
5895,29.475,0.056399204,0.046543416,0.04370539,0.031482466,1,5892,29.46,29.469330549240112,0,0.8889531493186951,0.1110468357801437,False
5896,29.48,0.073451586,0.06642159,0.066222884,0.05334767,1,5896,29.48,29.485795497894287,0,0.8896608948707581,0.1103390827775001,False
5897,29.485,0.078429595,0.075073734,0.074579105,0.06839571,1,5896,29.48,29.485795497894287,0,0.8896608948707581,0.1103390827775001,False
5898,29.49,0.06937369,0.07049871,0.06798779,0.07167288,1,5896,29.48,29.485795497894287,0,0.8896608948707581,0.1103390827775001,False
5899,29.495,0.04516777,0.05137719,0.04858844,0.0585645,1,5896,29.48,29.485795497894287,0,0.8896608948707581,0.1103390827775001,False
5900,29.5,0.008892301,0.019259674,0.02042481,0.028814437,1,5900,29.5,29.503424167633057,0,0.8894412517547607,0.1105587407946586,False
5901,29.505,-0.029592613,-0.018533425,-0.010413957,-0.010048263,1,5900,29.5,29.503424167633057,0,0.8894412517547607,0.1105587407946586,False
5902,29.51,-0.056701623,-0.049889084,-0.036357477,-0.04457637,1,5900,29.5,29.503424167633057,0,0.8894412517547607,0.1105587407946586,False
5903,29.515,-0.06366784,-0.064262636,-0.051080424,-0.06282873,1,5900,29.5,29.503424167633057,0,0.8894412517547607,0.1105587407946586,False
5904,29.52,-0.05376366,-0.060038384,-0.053082347,-0.061894953,1,5904,29.52,29.51876544952393,0,0.8785598278045654,0.1214401423931121,False
5905,29.525,-0.040445227,-0.04596905,-0.046796147,-0.04906308,1,5904,29.52,29.51876544952393,0,0.8785598278045654,0.1214401423931121,False
5906,29.53,-0.036064908,-0.03413268,-0.039274126,-0.035338532,1,5904,29.52,29.51876544952393,0,0.8785598278045654,0.1214401423931121,False
5907,29.535,-0.04047538,-0.029873861,-0.034618888,-0.026802141,1,5904,29.52,29.51876544952393,0,0.8785598278045654,0.1214401423931121,False
5908,29.54,-0.04068674,-0.027937448,-0.031089183,-0.021260934,1,5908,29.54,29.546689987182617,0,0.8892530798912048,0.1107468754053115,False
5909,29.545,-0.023107179,-0.018657256,-0.023675464,-0.012642333,1,5908,29.54,29.546689987182617,0,0.8892530798912048,0.1107468754053115,False
5910,29.55,0.0125798,0.0017263602,-0.0096042035,0.00166111,1,5908,29.54,29.546689987182617,0,0.8892530798912048,0.1107468754053115,False
5911,29.555,0.051071152,0.026574545,0.008567078,0.017603189,1,5908,29.54,29.546689987182617,0,0.8892530798912048,0.1107468754053115,False
5912,29.56,0.07283119,0.044059705,0.02483733,0.027931465,1,5912,29.56,29.55994129180908,0,0.8902944326400757,0.1097055673599243,False
5913,29.565,0.06856424,0.046546813,0.034259513,0.02839245,1,5912,29.56,29.55994129180908,0,0.8902944326400757,0.1097055673599243,False
5914,29.57,0.04447441,0.03574706,0.035977654,0.021097457,1,5912,29.56,29.55994129180908,0,0.8902944326400757,0.1097055673599243,False
5915,29.575,0.01592936,0.020593848,0.033205405,0.013054692,1,5912,29.56,29.55994129180908,0,0.8902944326400757,0.1097055673599243,False
5916,29.58,-0.0029006996,0.011259422,0.03128428,0.012024707,1,5916,29.58,29.58876919746399,0,0.8884999752044678,0.1115000247955322,False
5917,29.585,-0.0053231227,0.013951394,0.0350085,0.022569131,1,5916,29.58,29.58876919746399,0,0.8884999752044678,0.1115000247955322,False
5918,29.59,0.007202244,0.028208071,0.04543893,0.043429878,1,5916,29.58,29.58876919746399,0,0.8884999752044678,0.1115000247955322,False
5919,29.595,0.026773952,0.046420075,0.057283632,0.06653219,1,5916,29.58,29.58876919746399,0,0.8884999752044678,0.1115000247955322,False
5920,29.6,0.041204587,0.055981953,0.059618905,0.07865608,1,5920,29.6,29.604437112808228,0,0.8899564146995544,0.1100436225533485,False
5921,29.605,0.0379709,0.044929616,0.041730683,0.06683521,1,5920,29.6,29.604437112808228,0,0.8899564146995544,0.1100436225533485,False
5922,29.61,0.010925037,0.009603802,0.0015043168,0.026170608,1,5920,29.6,29.604437112808228,0,0.8899564146995544,0.1100436225533485,False
5923,29.615,-0.03358303,-0.040500328,-0.050001584,-0.03450855,1,5920,29.6,29.604437112808228,0,0.8899564146995544,0.1100436225533485,False
5924,29.62,-0.07732393,-0.085686296,-0.09283299,-0.0943056,1,5924,29.62,29.6190984249115,0,0.8835112452507019,0.1164887621998786,False
5925,29.625,-0.099997185,-0.10678822,-0.10968681,-0.13022876,1,5924,29.62,29.6190984249115,0,0.8835112452507019,0.1164887621998786,False
5926,29.63,-0.09241282,-0.09694291,-0.096637815,-0.12989077,1,5924,29.62,29.6190984249115,0,0.8835112452507019,0.1164887621998786,False
5927,29.635,-0.06259006,-0.06558887,-0.064905316,-0.09819217,1,5924,29.62,29.6190984249115,0,0.8835112452507019,0.1164887621998786,False
5928,29.64,-0.029198684,-0.031336952,-0.032512758,-0.053115077,1,5928,29.64,29.65446138381958,0,0.8889332413673401,0.1110667511820793,False
5929,29.645,-0.0075742276,-0.009164279,-0.012523507,-0.013885701,1,5928,29.64,29.65446138381958,0,0.8889332413673401,0.1110667511820793,False
5930,29.65,5.1613335e-07,-0.0017465046,-0.006398135,0.009738644,1,5928,29.64,29.65446138381958,0,0.8889332413673401,0.1110667511820793,False
5931,29.655,0.00244844,-0.00072711415,-0.0059717707,0.020084068,1,5928,29.64,29.65446138381958,0,0.8889332413673401,0.1110667511820793,False
5932,29.66,0.010060995,0.0047926297,-0.00074603676,0.026177764,1,5932,29.66,29.66985273361206,0,0.8891875743865967,0.1108123734593391,False
5933,29.665,0.026568014,0.020340359,0.01549618,0.036133513,1,5932,29.66,29.66985273361206,0,0.8891875743865967,0.1108123734593391,False
5934,29.67,0.048911598,0.04408099,0.042177085,0.052699476,1,5932,29.66,29.66985273361206,0,0.8891875743865967,0.1108123734593391,False
5935,29.675,0.071667284,0.0697089,0.072948866,0.07294806,1,5932,29.66,29.66985273361206,0,0.8891875743865967,0.1108123734593391,False
5936,29.68,0.08971087,0.08983094,0.09821389,0.090076044,1,5936,29.68,29.68648767471313,0,0.8902845978736877,0.1097154170274734,False
5937,29.685,0.097600184,0.09768854,0.10821961,0.09594235,1,5936,29.68,29.68648767471313,0,0.8902845978736877,0.1097154170274734,False
5938,29.69,0.08976536,0.08869717,0.09686142,0.084558055,1,5936,29.68,29.68648767471313,0,0.8902845978736877,0.1097154170274734,False
5939,29.695,0.06422123,0.063024096,0.06534275,0.05592875,1,5936,29.68,29.68648767471313,0,0.8902845978736877,0.1097154170274734,False
5940,29.7,0.026167206,0.02693209,0.022868508,0.01731781,1,5940,29.7,29.703437328338623,0,0.883795976638794,0.1162039786577224,False
5941,29.705,-0.014143367,-0.010237326,-0.017939376,-0.020563897,1,5940,29.7,29.703437328338623,0,0.883795976638794,0.1162039786577224,False
5942,29.71,-0.048545197,-0.042034943,-0.048685912,-0.05028498,1,5940,29.7,29.703437328338623,0,0.883795976638794,0.1162039786577224,False
5943,29.715,-0.07553086,-0.06785702,-0.06940119,-0.07126408,1,5940,29.7,29.703437328338623,0,0.883795976638794,0.1162039786577224,False
5944,29.72,-0.0969424,-0.08924745,-0.08485253,-0.08657095,1,5944,29.72,29.719589471817017,0,0.8781497478485107,0.1218502297997474,False
5945,29.725,-0.110907085,-0.10359486,-0.09631323,-0.09636029,1,5944,29.72,29.719589471817017,0,0.8781497478485107,0.1218502297997474,False
5946,29.73,-0.11003425,-0.103065126,-0.09744093,-0.09511353,1,5944,29.72,29.719589471817017,0,0.8781497478485107,0.1218502297997474,False
5947,29.735,-0.08793071,-0.08121982,-0.07933097,-0.07607521,1,5944,29.72,29.719589471817017,0,0.8781497478485107,0.1218502297997474,False
5948,29.74,-0.04724166,-0.04095512,-0.040456474,-0.038929787,1,5948,29.74,29.744460582733154,0,0.8880422711372375,0.111957773566246,False
5949,29.745,-0.00027932427,0.0046752505,0.00818934,0.0065653045,1,5948,29.74,29.744460582733154,0,0.8880422711372375,0.111957773566246,False
5950,29.75,0.0387358,0.040091358,0.048117064,0.044559665,1,5948,29.74,29.744460582733154,0,0.8880422711372375,0.111957773566246,False
5951,29.755,0.062112086,0.05642675,0.06459132,0.0617814,1,5948,29.74,29.744460582733154,0,0.8880422711372375,0.111957773566246,False
5952,29.76,0.07037464,0.0549331,0.0553567,0.05490668,1,5952,29.76,29.764610052108765,0,0.8865231871604919,0.1134768277406692,False
5953,29.765,0.067645736,0.043484006,0.0311578,0.032363236,1,5952,29.76,29.764610052108765,0,0.8865231871604919,0.1134768277406692,False
5954,29.77,0.05704654,0.03075697,0.008716553,0.00985151,1,5952,29.76,29.764610052108765,0,0.8865231871604919,0.1134768277406692,False
5955,29.775,0.040630437,0.022582226,0.0010858411,0.0018994333,1,5952,29.76,29.764610052108765,0,0.8865231871604919,0.1134768277406692,False
5956,29.78,0.02220842,0.021163553,0.010857194,0.01374045,1,5956,29.78,29.78438234329224,0,0.8845772743225098,0.1154227554798126,False
5957,29.785,0.007987044,0.025245579,0.029440187,0.037989214,1,5956,29.78,29.78438234329224,0,0.8845772743225098,0.1154227554798126,False
5958,29.79,0.0026067924,0.030034866,0.042291198,0.058356326,1,5956,29.78,29.78438234329224,0,0.8845772743225098,0.1154227554798126,False
5959,29.795,0.0040348843,0.028054219,0.03725186,0.058829978,1,5956,29.78,29.78438234329224,0,0.8845772743225098,0.1154227554798126,False
5960,29.8,0.0034579856,0.012759649,0.011794306,0.03333409,1,5960,29.8,29.805052757263184,0,0.8861696124076843,0.1138304322957992,False
5961,29.805,-0.007708245,-0.015834406,-0.02473276,-0.009949927,1,5960,29.8,29.805052757263184,0,0.8861696124076843,0.1138304322957992,False
5962,29.81,-0.028966947,-0.047823187,-0.055410698,-0.05250719,1,5960,29.8,29.805052757263184,0,0.8861696124076843,0.1138304322957992,False
5963,29.815,-0.04862391,-0.06691308,-0.06457576,-0.075507805,1,5960,29.8,29.805052757263184,0,0.8861696124076843,0.1138304322957992,False
5964,29.82,-0.051895548,-0.060411,-0.046447456,-0.07000165,1,5964,29.82,29.82014489173889,0,0.8832786083221436,0.1167214587330818,False
5965,29.825,-0.03308203,-0.028928284,-0.008665828,-0.04129964,1,5964,29.82,29.82014489173889,0,0.8832786083221436,0.1167214587330818,False
5966,29.83,-0.0009890428,0.012394058,0.031504326,-0.005194186,1,5964,29.82,29.82014489173889,0,0.8832786083221436,0.1167214587330818,False
5967,29.835,0.027339704,0.04308339,0.056177236,0.021192014,1,5964,29.82,29.82014489173889,0,0.8832786083221436,0.1167214587330818,False
5968,29.84,0.038763277,0.05020574,0.055806153,0.028179975,1,5968,29.84,29.843445301055908,0,0.8881023526191711,0.1118976175785064,False
5969,29.845,0.03165727,0.03522806,0.03328979,0.017367546,1,5968,29.84,29.843445301055908,0,0.8881023526191711,0.1118976175785064,False
5970,29.85,0.014002549,0.010544059,0.0014117018,-0.0006669962,1,5968,29.84,29.843445301055908,0,0.8881023526191711,0.1118976175785064,False
5971,29.855,-0.004243824,-0.010332786,-0.024822656,-0.0131158065,1,5968,29.84,29.843445301055908,0,0.8881023526191711,0.1118976175785064,False
5972,29.86,-0.017052319,-0.02082637,-0.03653249,-0.012498668,1,5972,29.86,29.86037826538086,0,0.8837308883666992,0.1162690743803978,False
5973,29.865,-0.02282227,-0.022393158,-0.034704305,-0.0005880555,1,5972,29.86,29.86037826538086,0,0.8837308883666992,0.1162690743803978,False
5974,29.87,-0.021909548,-0.019887796,-0.027009575,0.013828461,1,5972,29.86,29.86037826538086,0,0.8837308883666992,0.1162690743803978,False
5975,29.875,-0.015402458,-0.01653423,-0.02064345,0.021629985,1,5972,29.86,29.86037826538086,0,0.8837308883666992,0.1162690743803978,False
5976,29.88,-0.005910598,-0.012604953,-0.017190443,0.019403832,1,5976,29.88,29.884554862976078,0,0.8901878595352173,0.1098121255636215,False
5977,29.885,0.0022407125,-0.007560013,-0.0135503635,0.010310054,1,5976,29.88,29.884554862976078,0,0.8901878595352173,0.1098121255636215,False
5978,29.89,0.005118725,-0.002375147,-0.007277019,-0.00023411008,1,5976,29.88,29.884554862976078,0,0.8901878595352173,0.1098121255636215,False
5979,29.895,0.0019902035,0.0005843257,-0.00030513766,-0.009340355,1,5976,29.88,29.884554862976078,0,0.8901878595352173,0.1098121255636215,False
5980,29.9,-0.0040778443,-0.00017123453,0.003112955,-0.017278688,1,5980,29.9,29.90291547775269,0,0.8903447985649109,0.1096552386879921,False
5981,29.905,-0.008469782,-0.0032613117,0.0018855261,-0.024208054,1,5980,29.9,29.90291547775269,0,0.8903447985649109,0.1096552386879921,False
5982,29.91,-0.00773367,-0.004600084,0.0007800365,-0.027279919,1,5980,29.9,29.90291547775269,0,0.8903447985649109,0.1096552386879921,False
5983,29.915,-0.0004907842,0.0002827011,0.007056866,-0.021583067,1,5980,29.9,29.90291547775269,0,0.8903447985649109,0.1096552386879921,False
5984,29.92,0.012739847,0.013095768,0.023721488,-0.004497905,1,5984,29.92,29.9345498085022,0,0.8895266652107239,0.1104733273386955,False
5985,29.925,0.02901754,0.030683186,0.045452796,0.020325463,1,5984,29.92,29.9345498085022,0,0.8895266652107239,0.1104733273386955,False
5986,29.93,0.042510454,0.045713358,0.061260536,0.04334247,1,5984,29.92,29.9345498085022,0,0.8895266652107239,0.1104733273386955,False
5987,29.935,0.046449736,0.050394874,0.061915044,0.054255117,1,5984,29.92,29.9345498085022,0,0.8895266652107239,0.1104733273386955,False
5988,29.94,0.037372805,0.04100833,0.04585512,0.04813294,1,5988,29.94,29.943889141082764,0,0.8889099955558777,0.1110899597406387,False
5989,29.945,0.018134916,0.020048639,0.019231075,0.02809195,1,5988,29.94,29.943889141082764,0,0.8889099955558777,0.1110899597406387,False
5990,29.95,-0.0035691573,-0.005447014,-0.00874718,0.003011915,1,5988,29.94,29.943889141082764,0,0.8889099955558777,0.1110899597406387,False
5991,29.955,-0.020420324,-0.027825208,-0.030928724,-0.01787716,1,5988,29.94,29.943889141082764,0,0.8889099955558777,0.1110899597406387,False
5992,29.96,-0.02996157,-0.042028446,-0.04461188,-0.029893277,1,5992,29.96,29.964446544647217,0,0.8820165395736694,0.1179834380745887,False
5993,29.965,-0.034636658,-0.046506416,-0.05089192,-0.034255568,1,5992,29.96,29.964446544647217,0,0.8820165395736694,0.1179834380745887,False
5994,29.97,-0.03814892,-0.042578116,-0.0526573,-0.03557474,1,5992,29.96,29.964446544647217,0,0.8820165395736694,0.1179834380745887,False
5995,29.975,-0.041778136,-0.03346053,-0.05243152,-0.03749577,1,5992,29.96,29.964446544647217,0,0.8820165395736694,0.1179834380745887,False
5996,29.98,-0.04312844,-0.023005124,-0.050212633,-0.039201662,1,5996,29.98,29.98658013343811,0,0.8900007605552673,0.109999194741249,False
5997,29.985,-0.037742987,-0.014063241,-0.042810023,-0.035561945,1,5996,29.98,29.98658013343811,0,0.8900007605552673,0.109999194741249,False
5998,29.99,-0.022878151,-0.007465546,-0.026929542,-0.021982819,1,5996,29.98,29.98658013343811,0,0.8900007605552673,0.109999194741249,False
5999,29.995,-0.0009381159,-0.0023684546,-0.004050715,-0.00017987409,1,5996,29.98,29.98658013343811,0,0.8900007605552673,0.109999194741249,False
