sample,time_sec,eeg_ch1,eeg_ch2,eeg_ch3,eeg_ch4,prediction_end_sample,prediction_end_time_sec,prediction_wall_time_sec,pred_label,prob_Eyes Open,prob_Eyes Closed
0,0.0,0.0027586548,0.0029865904,0.0036251873,0.0033519058,,,,,,
1,0.005,-0.050820302,-0.024891648,-0.055168647,-0.029367507,,,,,,
2,0.01,-0.07142767,-0.035449393,-0.08274598,-0.03998367,,,,,,
3,0.015,-0.049648266,-0.022515297,-0.069207095,-0.023620607,,,,,,
4,0.02,-0.0039782343,0.005723796,-0.029220369,0.005996391,,,,,,
5,0.025,0.03540388,0.03287106,0.012297243,0.029846998,,,,,,
6,0.03,0.048035987,0.044505548,0.036831036,0.037326965,,,,,,
7,0.035,0.03409018,0.036082935,0.039756205,0.030064153,,,,,,
8,0.04,0.010024681,0.014823642,0.028228184,0.01678258,,,,,,
9,0.045,-0.0051222336,-0.005053583,0.0144159915,0.0059732096,,,,,,
10,0.05,-0.0024430018,-0.011354354,0.008257389,0.001606565,,,,,,
11,0.055,0.012705418,-0.0021007673,0.01203511,0.0026532705,,,,,,
12,0.06,0.025942922,0.01268601,0.018815245,0.0045605795,,,,,,
13,0.065,0.023945209,0.017873665,0.01703253,0.0018504492,,,,,,
14,0.07,0.0030834049,0.0046642916,6.8951515e-05,-0.008148264,,,,,,
15,0.075,-0.028566863,-0.022326343,-0.026704185,-0.022681748,,,,,,
16,0.08,-0.056819722,-0.048609126,-0.04908496,-0.035241287,,,,,,
17,0.085,-0.06991815,-0.060845032,-0.055396706,-0.040677603,,,,,,
18,0.09,-0.06376873,-0.055511065,-0.045366727,-0.03889972,,,,,,
19,0.095,-0.041701768,-0.03855592,-0.028570894,-0.033712015,,,,,,
20,0.1,-0.011194564,-0.018415146,-0.014913386,-0.028263852,,,,,,
21,0.105,0.019264532,9.288619e-05,-0.006639486,-0.021796698,,,,,,
22,0.11,0.042226903,0.016340451,0.0012429776,-0.010891749,,,,,,
23,0.115,0.05315321,0.030721227,0.014133549,0.006417312,,,,,,
24,0.12,0.052246943,0.04241423,0.03212688,0.028156206,,,,,,
25,0.125,0.044366866,0.049990714,0.049977697,0.049594734,,,,,,
26,0.13,0.03564724,0.05285081,0.061109275,0.06606626,,,,,,
27,0.135,0.028921323,0.05116671,0.061616793,0.07455969,,,,,,
28,0.14,0.021977037,0.044625007,0.05166309,0.07330033,,,,,,
29,0.145,0.010363189,0.031975463,0.034064528,0.060704485,,,,,,
30,0.15,-0.0075781904,0.012478104,0.011928735,0.035768688,,,,,,
31,0.155,-0.027828457,-0.011887082,-0.012341476,0.00040123553,,,,,,
32,0.16,-0.04270507,-0.03576719,-0.03612354,-0.038446344,,,,,,
33,0.165,-0.046200804,-0.05245027,-0.055221744,-0.069683306,,,,,,
34,0.17,-0.0379758,-0.05721611,-0.064092554,-0.08264539,,,,,,
35,0.175,-0.02285594,-0.049634207,-0.05854983,-0.07301674,,,,,,
36,0.18,-0.007101656,-0.03354233,-0.039451677,-0.04621189,,,,,,
37,0.185,0.0048427377,-0.015137777,-0.013945431,-0.015227051,,,,,,
38,0.19,0.010907047,-0.00042031336,0.007760175,0.0063639106,,,,,,
39,0.195,0.010299682,0.0069354125,0.01813835,0.011759269,,,,,,
40,0.2,0.00329867,0.006734748,0.016370894,0.0038287581,,,,,,
41,0.205,-0.007409695,0.0021766126,0.007912863,-0.007866708,,,,,,
42,0.21,-0.01613565,-0.0017328118,0.0002328736,-0.013501309,,,,,,
43,0.215,-0.016619677,-0.0009817447,-0.0020232194,-0.008617653,,,,,,
44,0.22,-0.006460376,0.004916567,0.00085169676,0.004252395,,,,,,
45,0.225,0.010215475,0.012619625,0.005101898,0.01825075,,,,,,
46,0.23,0.024681343,0.017464282,0.006939362,0.026871966,,,,,,
47,0.235,0.029302701,0.017084919,0.0055676815,0.027790766,,,,,,
48,0.24,0.022884006,0.013319589,0.0039687324,0.023805557,,,,,,
49,0.245,0.011514638,0.010795778,0.006754484,0.020433258,,,,,,
50,0.25,0.004103613,0.013175273,0.016218811,0.021652134,,,,,,
51,0.255,0.005732621,0.01982548,0.02931445,0.026561007,,,,,,
52,0.26,0.013593144,0.02545361,0.038183335,0.029374046,,,,,,
53,0.265,0.018795712,0.02341323,0.03482542,0.023366237,,,,,,
54,0.27,0.01338545,0.010886211,0.017302435,0.0066159675,,,,,,
55,0.275,-0.0024921556,-0.007832139,-0.007371636,-0.014907665,,,,,,
56,0.28,-0.019476963,-0.02322204,-0.026910927,-0.03038183,,,,,,
57,0.285,-0.02587497,-0.0271417,-0.03201653,-0.03191557,,,,,,
58,0.29,-0.017615497,-0.01935277,-0.023030581,-0.021121884,,,,,,
59,0.295,-0.002842333,-0.008438459,-0.009771591,-0.008834418,,,,,,
60,0.3,0.0037118813,-0.0056897183,-0.0045036916,-0.007555289,,,,,,
61,0.305,-0.007134766,-0.016257584,-0.013065568,-0.021985007,,,,,,
62,0.31,-0.030307695,-0.034365375,-0.030437244,-0.04460039,,,,,,
63,0.315,-0.048914794,-0.04647949,-0.043755345,-0.059587434,,,,,,
64,0.32,-0.046380274,-0.040418766,-0.04070363,-0.052690074,,,,,,
65,0.325,-0.01890994,-0.014078693,-0.017884407,-0.020821167,,,,,,
66,0.33,0.021127243,0.022272272,0.016173262,0.024677351,,,,,,
67,0.335,0.05314319,0.051793978,0.04555936,0.06372102,,,,,,
68,0.34,0.061615333,0.061208107,0.056458525,0.07911858,,,,,,
69,0.345,0.045480236,0.04860288,0.04544059,0.066757016,,,,,,
70,0.35,0.01766263,0.023851447,0.021116462,0.037407104,,,,,,
71,0.355,-0.0044694045,0.0015790901,-0.0018136681,0.008875962,,,,,,
72,0.36,-0.011019752,-0.008410336,-0.0120512955,-0.005902041,,,,,,
73,0.365,-0.005472928,-0.0067014573,-0.008360335,-0.00631188,,,,,,
74,0.37,-0.00029822678,-0.0021521042,0.000999836,-0.0019611395,,,,,,
75,0.375,-0.0057244715,-0.0039676335,0.0053402353,-0.0033575932,,,,,,
76,0.38,-0.02072956,-0.014085853,-0.0002730507,-0.013133079,,,,,,
77,0.385,-0.03358289,-0.025668304,-0.011757914,-0.024678897,,,,,,
78,0.39,-0.031470917,-0.028789649,-0.019934747,-0.028745828,,,,,,
79,0.395,-0.011415352,-0.018865567,-0.018373623,-0.022053964,,,,,,
80,0.4,0.01625196,-0.0010862484,-0.008737142,-0.010444111,,,,,,
81,0.405,0.034710225,0.013001996,0.00088373927,-0.0038635023,,,,,,
82,0.41,0.03266439,0.014409237,0.0032205312,-0.007589898,,,,,,
83,0.415,0.01247463,0.0039476454,-0.0017183962,-0.017386869,,,,,,
84,0.42,-0.011738322,-0.008396486,-0.006797959,-0.022846423,,,,,,
85,0.425,-0.024477001,-0.011634085,-0.0044159186,-0.016053896,,,,,,
86,0.43,-0.019623429,-0.002506171,0.0064836396,0.0018933362,,,,,,
87,0.435,-0.0033382108,0.012704427,0.019590223,0.022017129,,,,,,
88,0.44,0.012404516,0.024312433,0.027075974,0.03488125,,,,,,
89,0.445,0.01936183,0.02705906,0.025978837,0.03744573,,,,,,
90,0.45,0.017488109,0.022410499,0.01882211,0.033473592,,,,,,
91,0.455,0.0116347745,0.014268786,0.008734075,0.027977742,,,,,,
92,0.46,0.0051532993,0.0038262345,-0.004522048,0.021756578,,,,,,
93,0.465,-0.0026901816,-0.0103819575,-0.022425,0.011539692,,,,,,
94,0.47,-0.013408361,-0.027595904,-0.041874852,-0.004764525,,,,,,
95,0.475,-0.024745828,-0.04155269,-0.053423967,-0.023667015,,,,,,
96,0.48,-0.030823652,-0.043863863,-0.04757511,-0.0375694,,,,,,
97,0.485,-0.027257435,-0.031434454,-0.023836834,-0.04077058,,,,,,
98,0.49,-0.015512361,-0.010102231,0.0069605093,-0.033863075,,,,,,
99,0.495,-0.0014959949,0.00975874,0.030290581,-0.022306088,,,,,,
100,0.5,0.009990351,0.021438098,0.038625658,-0.011164227,,,,,,
101,0.505,0.018670876,0.025828315,0.035408225,-0.0015760859,,,,,,
102,0.51,0.026542041,0.027891042,0.029503599,0.007991156,,,,,,
103,0.515,0.033113692,0.030178709,0.026414437,0.017945018,,,,,,
104,0.52,0.03410081,0.030232161,0.024542771,0.02576829,,,,,,
105,0.525,0.025413185,0.02390711,0.018813893,0.028101899,,,,,,
106,0.53,0.0082723405,0.010618257,0.006992732,0.02432942,,,,,,
107,0.535,-0.010024108,-0.0048588235,-0.007467422,0.01779779,,,,,,
108,0.54,-0.020813508,-0.015617671,-0.018129254,0.013181163,,,,,,
109,0.545,-0.020223884,-0.017869541,-0.020933336,0.012198323,,,,,,
110,0.55,-0.011760172,-0.013827031,-0.017595403,0.011534214,,,,,,
111,0.555,-0.0037126888,-0.010141918,-0.014516005,0.0050346795,,,,,,
112,0.56,-0.0036845997,-0.013175865,-0.018146591,-0.01125106,,,,,,
113,0.565,-0.013722154,-0.024213426,-0.029916609,-0.034826517,,,,,,
114,0.57,-0.028516032,-0.037600104,-0.043982513,-0.056481875,,,,,,
115,0.575,-0.03788788,-0.04347051,-0.049792867,-0.06478979,,,,,,
116,0.58,-0.033137776,-0.034299925,-0.038875088,-0.05315729,,,,,,
117,0.585,-0.013838537,-0.011232399,-0.011756373,-0.024933761,,,,,,
118,0.59,0.0105356565,0.015330364,0.020759178,0.0076823416,,,,,,
119,0.595,0.027066166,0.032822456,0.044413503,0.031222261,,,,,,
120,0.6,0.029600304,0.036151845,0.051776033,0.039765164,,,,,,
121,0.605,0.023564473,0.031201461,0.047129035,0.03783169,,,,,,
122,0.61,0.02029744,0.02857652,0.041285668,0.034880746,,,,,,
123,0.615,0.025976403,0.03349648,0.041222535,0.036550883,,,,,,
124,0.62,0.035918318,0.041610334,0.04450398,0.040683635,,,,,,
125,0.625,0.039625406,0.044179425,0.04324998,0.04104834,,,,,,
126,0.63,0.030924072,0.03639719,0.03243099,0.033914473,,,,,,
127,0.635,0.0129140215,0.020316381,0.0136434175,0.020563656,,,,,,
128,0.64,-0.006142522,0.00088638003,-0.008235627,0.004314928,,,,,,
129,0.645,-0.02034104,-0.01892098,-0.030047784,-0.01315502,,,,,,
130,0.65,-0.029421825,-0.0385316,-0.051093183,-0.031685434,,,,,,
131,0.655,-0.036379006,-0.05693301,-0.07015967,-0.049829524,,,,,,
132,0.66,-0.043597106,-0.07125184,-0.08376508,-0.06385803,,,,,,
133,0.665,-0.050949324,-0.07822413,-0.087868445,-0.07008995,,,,,,
134,0.67,-0.055663384,-0.075868554,-0.080426134,-0.0674088,,,,,,
135,0.675,-0.0529947,-0.06325463,-0.06171767,-0.056779444,,,,,,
136,0.68,-0.038224626,-0.039649352,-0.032874025,-0.038710475,,,,,,
137,0.685,-0.010118532,-0.005251569,0.0047380016,-0.012293837,,,,,,
138,0.69,0.02632047,0.036565155,0.047987703,0.022320284,,,,,,
139,0.695,0.060478963,0.07764822,0.089722194,0.060021367,,,,,,
140,0.7,0.0803506,0.10610379,0.118543334,0.08948698,,,,,,
141,0.705,0.07799644,0.11053918,0.12256534,0.09728208,,,,,,
142,0.71,0.053578578,0.08622762,0.09632533,0.076046385,,,,,,
143,0.715,0.016274532,0.03986367,0.046588343,0.031488635,,,,,,
144,0.72,-0.018738069,-0.011148929,-0.008251539,-0.017794842,,,,,,
145,0.725,-0.036715597,-0.046250872,-0.046731465,-0.0493023,,,,,,
146,0.73,-0.03048686,-0.052405566,-0.056015994,-0.049274918,,,,,,
147,0.735,-0.004322002,-0.031167468,-0.038722474,-0.020513384,,,,,,
148,0.74,0.027792506,0.0023693165,-0.010326518,0.01974229,,,,,,
149,0.745,0.04842132,0.02777126,0.010407121,0.049765524,,,,,,
150,0.75,0.04445473,0.029689858,0.011311962,0.054338995,,,,,,
151,0.755,0.013568757,0.0053814217,-0.008254624,0.030982723,,,,,,
152,0.76,-0.033081163,-0.03387227,-0.03853,-0.010298941,,,,,,
153,0.765,-0.07452032,-0.06837752,-0.06467416,-0.052382417,,,,,,
154,0.77,-0.090564534,-0.08070455,-0.0738074,-0.07903206,,,,,,
155,0.775,-0.07449071,-0.06587542,-0.061158523,-0.08233936,,,,,,
156,0.78,-0.038394433,-0.034131642,-0.032410793,-0.06576501,,,,,,
157,0.785,-0.005058743,-0.0033697048,-0.0002705456,-0.04049098,,,,,,
158,0.79,0.009069354,0.0138065275,0.023388242,-0.017177083,,,,,,
159,0.795,0.0062377714,0.018413443,0.034676805,0.0007999693,,,,,,
160,0.8,0.0041025346,0.021988297,0.03867288,0.017311338,,,,,,
161,0.805,0.019046417,0.034757793,0.043329705,0.037027147,,,,,,
162,0.81,0.05044764,0.055334076,0.051453378,0.058582906,,,,,,
163,0.815,0.079748355,0.07090771,0.057778116,0.0736713,,,,,,
164,0.82,0.08524205,0.067762695,0.053734686,0.072992906,,,,,,
165,0.825,0.059801187,0.042994425,0.03557967,0.05389406,,,,,,
166,0.83,0.016491313,0.0073672724,0.008484921,0.023068802,,,,,,
167,0.835,-0.02215887,-0.022989158,-0.017167307,-0.007983718,,,,,,
168,0.84,-0.041439325,-0.038708273,-0.03394217,-0.030793516,,,,,,
169,0.845,-0.0435339,-0.042669922,-0.04246963,-0.04429619,,,,,,
170,0.85,-0.041527886,-0.044436697,-0.048683323,-0.052169107,,,,,,
171,0.855,-0.0447863,-0.04912709,-0.055657167,-0.05602556,,,,,,
172,0.86,-0.049228583,-0.051147163,-0.0579613,-0.05139372,,,,,,
173,0.865,-0.04120404,-0.03882104,-0.044776887,-0.031101381,,,,,,
174,0.87,-0.01147493,-0.00615629,-0.010185645,0.0062443255,,,,,,
175,0.875,0.03323072,0.03861167,0.03809124,0.05040055,,,,,,
176,0.88,0.071809836,0.07567767,0.07998347,0.082656376,,,,,,
177,0.885,0.083048,0.086210705,0.09489325,0.08702202,,,,,,
178,0.89,0.061116688,0.065170735,0.07549891,0.061188687,,,,,,
179,0.895,0.01960646,0.02444053,0.03276753,0.018386714,,,,,,
180,0.9,-0.019044342,-0.01593256,-0.011847205,-0.0217725,,,,,,
181,0.905,-0.039775584,-0.041266877,-0.04089597,-0.046454392,,,,,,
182,0.91,-0.043577127,-0.050105143,-0.05092883,-0.05640059,,,,,,
183,0.915,-0.042391807,-0.05107704,-0.05092033,-0.061321985,,,,,,
184,0.92,-0.045929223,-0.052561235,-0.051613078,-0.06846495,,,,,,
185,0.925,-0.05245101,-0.054486148,-0.05525251,-0.074604124,,,,,,
186,0.93,-0.051172797,-0.049106378,-0.054146234,-0.068458565,,,,,,
187,0.935,-0.033165123,-0.029429331,-0.038721472,-0.0412634,,,,,,
188,0.94,-0.00046203495,0.002646226,-0.007770685,0.0037895488,,,,,,
189,0.945,0.034405854,0.035813984,0.028212663,0.051321886,,,,,,
190,0.95,0.057229593,0.056849867,0.05381562,0.08294206,,,,,,
191,0.955,0.06130152,0.059616294,0.060016904,0.088552564,,,,,,
192,0.96,0.050045654,0.048297737,0.05036644,0.071515016,,,,,,
193,0.965,0.032788407,0.033079788,0.036955975,0.044905446,,,,,,
194,0.97,0.018588345,0.02280367,0.03029956,0.022872321,,,,,,
195,0.975,0.012676567,0.020577649,0.03225273,0.01357408,,,,,,
196,0.98,0.016006121,0.024342239,0.03716773,0.01715125,,,,,,
197,0.985,0.025626784,0.029619254,0.03809136,0.027481265,,,,,,
198,0.99,0.034623634,0.03097366,0.030949598,0.03478924,,,,,,
199,0.995,0.033148047,0.0221484,0.013897185,0.028329063,,,,,,
200,1.0,0.0126775345,-0.0022060608,-0.014371896,0.0005587826,,,,,,
201,1.005,-0.027417336,-0.041841004,-0.052690305,-0.047144122,,,,,,
202,1.01,-0.07582725,-0.08662477,-0.0930277,-0.10099494,,,,,,
203,1.015,-0.11272408,-0.118258685,-0.11999726,-0.13848501,,,,,,
204,1.02,-0.12031394,-0.11955821,-0.118190184,-0.13965029,,,,,,
205,1.025,-0.09364254,-0.085639045,-0.083089344,-0.09938844,,,,,,
206,1.03,-0.043539494,-0.028285464,-0.026259432,-0.03184895,,,,,,
207,1.035,0.010363579,0.03038705,0.030503916,0.03683398,,,,,,
208,1.04,0.0508138,0.07039516,0.068017036,0.0826106,,,,,,
209,1.045,0.070339434,0.083585165,0.07978778,0.095063,,,,,,
210,1.05,0.07134973,0.074798256,0.072482646,0.07991965,,,,,,
211,1.055,0.06126725,0.05562268,0.058105633,0.05277664,,,,,,
212,1.06,0.047257215,0.03648548,0.045173924,0.029336043,,,,,,
213,1.065,0.033515967,0.02232846,0.035359792,0.018015765,,,,,,
214,1.07,0.021379342,0.013073126,0.026245415,0.01790345,,,,,,
215,1.075,0.010765277,0.0063946303,0.015778124,0.021584155,,,,,,
216,1.08,0.0012966885,-0.00012672746,0.004026068,0.020429643,,,,,,
217,1.085,-0.0073293014,-0.008084122,-0.00803968,0.009714941,,,,,,
218,1.09,-0.014849737,-0.017318696,-0.019696862,-0.008524715,,,,,,
219,1.095,-0.019430956,-0.02481231,-0.02963053,-0.026324714,,,,,,
220,1.1,-0.01786979,-0.025575705,-0.035003267,-0.034601536,,,,,,
221,1.105,-0.009024328,-0.017181858,-0.033538748,-0.029951142,,,,,,
222,1.11,0.0015762802,-0.0048797783,-0.027621519,-0.018695425,,,,,,
223,1.115,0.0024469777,-0.00048450686,-0.024654837,-0.013305721,,,,,,
224,1.12,-0.014470507,-0.012523059,-0.030260468,-0.021829957,,,,,,
225,1.125,-0.043148596,-0.035728034,-0.040137213,-0.039065924,,,,,,
226,1.13,-0.06431701,-0.052193686,-0.041012987,-0.049323265,,,,,,
227,1.135,-0.060315005,-0.045805745,-0.022449398,-0.03995851,,,,,,
228,1.14,-0.030284723,-0.016394196,0.011984712,-0.012730046,,,,,,
229,1.145,0.00971375,0.020643342,0.046377264,0.01845402,,,,,,
230,1.15,0.0409221,0.04780583,0.06525222,0.040133215,,,,,,
231,1.155,0.05501574,0.05742335,0.06404496,0.04846777,,,,,,
232,1.16,0.05453736,0.051845986,0.048173953,0.04702559,,,,,,
233,1.165,0.04461351,0.036127567,0.025143228,0.0389626,,,,,,
234,1.17,0.02774997,0.0138151245,-7.704634e-05,0.024138805,,,,,,
235,1.175,0.0064391354,-0.010624277,-0.02308847,0.0035661089,,,,,,
236,1.18,-0.012508069,-0.02872506,-0.037198685,-0.015945107,,,,,,
237,1.185,-0.01971855,-0.03092869,-0.035624728,-0.024101056,,,,,,
238,1.19,-0.011077893,-0.01448167,-0.01763392,-0.015404616,,,,,,
239,1.195,0.0062880307,0.01144321,0.008003858,0.004559461,,,,,,
240,1.2,0.017311033,0.029922772,0.027017033,0.02167511,,,,,,
241,1.205,0.010505257,0.028058257,0.028952178,0.023596684,,,,,,
242,1.21,-0.011760457,0.0071058013,0.014518525,0.009407272,,,,,,
243,1.215,-0.033810284,-0.017942104,-0.0051376345,-0.009714191,,,,,,
244,1.22,-0.038674925,-0.029775508,-0.016933894,-0.019692076,,,,,,
245,1.225,-0.02200241,-0.022208594,-0.015586264,-0.015090471,,,,,,
246,1.23,0.004024961,-0.0045453534,-0.006911343,-0.0033264053,,,,,,
247,1.235,0.020540405,0.0068118703,-0.0021190774,0.002022314,,,,,,
248,1.24,0.017405877,0.0022421915,-0.008048634,-0.0069655953,,,,,,
249,1.245,0.0007978913,-0.013803034,-0.021796383,-0.02588208,,,,,,
250,1.25,-0.013539328,-0.028043214,-0.03401036,-0.041995972,,,,,,
251,1.255,-0.014804034,-0.030476,-0.03700033,-0.044742104,,,,,,
252,1.26,-0.0058660265,-0.021783847,-0.02982004,-0.033059336,,,,,,
253,1.265,0.0014809369,-0.009889534,-0.016403291,-0.013771269,,,,,,
254,1.27,-0.0005185132,-0.00037480803,-6.5657856e-05,0.0060285665,,,,,,
255,1.275,-0.0072975415,0.009046764,0.019289562,0.024565406,,,,,,
256,1.28,-0.0065494147,0.024468822,0.042456716,0.043779373,,,,,,
257,1.285,0.008602256,0.046414465,0.06587822,0.06284217,,,,,,
258,1.29,0.030806478,0.06514931,0.08022349,0.0742933,,,,,,
259,1.295,0.043464635,0.06672927,0.075541794,0.06817851,,,,,,
260,1.3,0.03555204,0.04510769,0.049289443,0.041301534,,,,,,
261,1.305,0.011930641,0.008546145,0.009596453,0.0022503678,,,,,,
262,1.31,-0.011315298,-0.026529156,-0.029973283,-0.03388779,,,,,,
263,1.315,-0.021814922,-0.04831743,-0.059295055,-0.05648678,,,,,,
264,1.32,-0.02082856,-0.05635198,-0.07557145,-0.065033376,,,,,,
265,1.325,-0.01851894,-0.05641458,-0.07954904,-0.06437117,,,,,,
266,1.33,-0.020773556,-0.05091316,-0.07022937,-0.056138154,,,,,,
267,1.335,-0.02243501,-0.036220238,-0.04545656,-0.036913253,,,,,,
268,1.34,-0.014103956,-0.009644442,-0.007970572,-0.0052262135,,,,,,
269,1.345,0.005411911,0.022619434,0.030852381,0.031142171,,,,,,
270,1.35,0.024888737,0.046404593,0.055599444,0.056947567,,,,,,
271,1.355,0.029624507,0.04960723,0.056972414,0.060044747,,,,,,
272,1.36,0.014764612,0.03203833,0.038514517,0.041050527,,,,,,
273,1.365,-0.009896132,0.005918163,0.013710546,0.0130255725,,,,,,
274,1.37,-0.027839793,-0.013301504,-0.0040363753,-0.008533867,,,,,,
275,1.375,-0.028732656,-0.017648747,-0.009915255,-0.016475225,,,,,,
276,1.38,-0.014975841,-0.010286655,-0.008061573,-0.014662033,,,,,,
277,1.385,0.0024635885,-0.00046925334,-0.0049390653,-0.011589119,,,,,,
278,1.39,0.013650781,0.004569859,-0.0029688037,-0.011906129,,,,,,
279,1.395,0.016078508,0.0038806277,-0.0002649939,-0.013551012,,,,,,
280,1.4,0.013823102,0.0010294842,0.0046009696,-0.011872146,,,,,,
281,1.405,0.0122086145,-0.0004360852,0.009026156,-0.00545778,,,,,,
282,1.41,0.013387718,0.00023500217,0.008279965,0.0022733898,,,,,,
283,1.415,0.01573332,0.0015335465,0.0006440751,0.0065545,,,,,,
284,1.42,0.016022144,0.0017347533,-0.010141499,0.0056304988,,,,,,
285,1.425,0.011851357,0.00012856458,-0.01789508,0.0017507543,,,,,,
286,1.43,0.0028533142,-0.002997936,-0.019118005,-0.0013973662,,,,,,
287,1.435,-0.009180249,-0.006583679,-0.014837334,-0.0016446513,,,,,,
288,1.44,-0.020813158,-0.008715766,-0.007851737,0.000982394,,,,,,
289,1.445,-0.02809946,-0.007050409,0.0007449908,0.0055113323,,,,,,
290,1.45,-0.02831544,-0.00047605752,0.011490301,0.010973542,,,,,,
291,1.455,-0.021603063,0.008899663,0.023210911,0.015910625,,,,,,
292,1.46,-0.011332699,0.015670218,0.03085561,0.017661827,,,,,,
293,1.465,-0.0023764228,0.014250965,0.028051931,0.013347118,,,,,,
294,1.47,0.002193325,0.0036182902,0.012908746,0.0025627862,,,,,,
295,1.475,0.0038035614,-0.010240908,-0.008370438,-0.010647272,,,,,,
296,1.48,0.007718094,-0.017253615,-0.024271177,-0.019175602,,,,,,
297,1.485,0.018318666,-0.010476723,-0.02580391,-0.017463336,,,,,,
298,1.49,0.03370125,0.007797611,-0.013205407,-0.005902909,,,,,,
299,1.495,0.045004074,0.02653166,0.004127146,0.008821646,,,,,,
300,1.5,0.042327758,0.033220205,0.014322814,0.017915051,,,,,,
301,1.505,0.022407776,0.022007778,0.010558377,0.015590106,,,,,,
302,1.51,-0.009133948,-0.0038577819,-0.006291614,0.0011784012,,,,,,
303,1.515,-0.042452466,-0.03571316,-0.030052079,-0.021954363,,,,,,
304,1.52,-0.06905585,-0.06389336,-0.052250765,-0.047564343,,,,,,
305,1.525,-0.0823874,-0.078720964,-0.06293116,-0.0661494,,,,,,
306,1.53,-0.07541837,-0.070544966,-0.051869154,-0.06590215,,,,,,
307,1.535,-0.04251588,-0.034066245,-0.014068441,-0.038623985,,,,,,
308,1.54,0.012564434,0.0238069,0.042523753,0.011598951,,,,,,
309,1.545,0.071033485,0.08122096,0.09549379,0.06546336,,,,,,
310,1.55,0.10585314,0.11108497,0.11855041,0.097641736,,,,,,
311,1.555,0.09946605,0.09885471,0.09892991,0.09354885,,,,,,
312,1.56,0.05795014,0.053912587,0.04760724,0.06008756,,,,,,
313,1.565,0.007794971,0.0036125316,-0.007475576,0.020341132,,,,,,
314,1.57,-0.023229202,-0.02593753,-0.040504657,-0.0037791673,,,,,,
315,1.575,-0.025124816,-0.026685724,-0.043858096,-0.0062601184,,,,,,
316,1.58,-0.009450547,-0.010475764,-0.02926048,0.0022313134,,,,,,
317,1.585,0.003024159,0.002958818,-0.015656669,0.005650572,,,,,,
318,1.59,-0.0014001318,0.00032869124,-0.015419498,-0.005227591,,,,,,
319,1.595,-0.021784037,-0.018787818,-0.0287607,-0.02859263,,,,,,
320,1.6,-0.04663556,-0.04491536,-0.047157936,-0.055361897,,,,,,
321,1.605,-0.06343339,-0.06589799,-0.06020959,-0.07539725,,,,,,
322,1.61,-0.0657392,-0.073008806,-0.06083637,-0.08182734,,,,,,
323,1.615,-0.05443007,-0.06376694,-0.04742331,-0.07268728,,,,,,
324,1.62,-0.034515075,-0.041549623,-0.023481688,-0.050600275,,,,,,
325,1.625,-0.011101438,-0.012864987,0.0046028867,-0.021004004,,,,,,
326,1.63,0.012661439,0.016099881,0.03080214,0.010294981,,,,,,
327,1.635,0.03500316,0.041457288,0.05167513,0.038751464,,,,,,
328,1.64,0.053805623,0.061034273,0.0660136,0.0610181,,,,,,
329,1.645,0.06593968,0.07263362,0.07277477,0.07415907,,,,,,
330,1.65,0.068530895,0.07368507,0.070022374,0.07589112,,,,,,
331,1.655,0.060843993,0.06299044,0.056340143,0.06608239,,,,,,
332,1.66,0.04483036,0.042570475,0.03317254,0.047775295,,,,,,
333,1.665,0.023975192,0.017382149,0.005417722,0.026163261,,,,,,
334,1.67,0.0019004004,-0.0069066565,-0.020430656,0.0061307657,,,,,,
335,1.675,-0.017949803,-0.025881428,-0.038792074,-0.00945728,,,,,,
336,1.68,-0.0319092,-0.036614314,-0.04622218,-0.01942006,,,,,,
337,1.685,-0.036408518,-0.037076656,-0.041420493,-0.022919508,,,,,,
338,1.69,-0.02973159,-0.026730845,-0.025563797,-0.01934035,,,,,,
339,1.695,-0.01434827,-0.008741701,-0.0036149684,-0.010251228,,,,,,
340,1.7,0.0020715347,0.008444183,0.015043264,-0.0015257484,,,,,,
341,1.705,0.008743103,0.013327115,0.019268632,-0.002290329,,,,,,
342,1.71,-0.002715657,-0.0019717142,0.0025001578,-0.01939668,,,,,,
343,1.715,-0.031696398,-0.034515083,-0.030991167,-0.050622687,,,,,,
344,1.72,-0.065759696,-0.06916486,-0.065687746,-0.08266529,,,,,,
345,1.725,-0.08561572,-0.08616556,-0.08260522,-0.097426824,,,,,,
346,1.73,-0.07664836,-0.07353831,-0.07076177,-0.083216235,,,,,,
347,1.735,-0.039234567,-0.035030954,-0.03382405,-0.04246885,,,,,,
348,1.74,0.010798796,0.012884998,0.013155056,0.01014462,,,,,,
349,1.745,0.052834377,0.052435827,0.05377873,0.057320863,,,,,,
350,1.75,0.07472017,0.07481238,0.078796245,0.08832916,,,,,,
351,1.755,0.077732734,0.08155488,0.087332025,0.101206735,,,,,,
352,1.76,0.07038541,0.07806845,0.08238262,0.09853722,,,,,,
353,1.765,0.058717653,0.06704345,0.06652808,0.08280089,,,,,,
354,1.77,0.042929467,0.04801855,0.04176886,0.055959906,,,,,,
355,1.775,0.02227218,0.022004578,0.012127233,0.02229409,,,,,,
356,1.78,0.0009423865,-0.005061974,-0.0151715,-0.010133676,,,,,,
357,1.785,-0.012783378,-0.024440479,-0.032277666,-0.032267515,,,,,,
358,1.79,-0.013803239,-0.030595869,-0.035411857,-0.039341517,,,,,,
359,1.795,-0.0060609304,-0.025542038,-0.027815418,-0.034197494,,,,,,
360,1.8,-0.000505764,-0.017661717,-0.018282967,-0.025662454,,,,,,
361,1.805,-0.006579283,-0.0159754,-0.015856868,-0.02286384,,,,,,
362,1.81,-0.024730586,-0.02415784,-0.024039581,-0.029299557,,,,,,
363,1.815,-0.046127852,-0.038316485,-0.03838554,-0.040650282,,,,,,
364,1.82,-0.0593496,-0.049792532,-0.04929198,-0.04792028,,,,,,
365,1.825,-0.058488786,-0.05103234,-0.048343103,-0.04391964,,,,,,
366,1.83,-0.046501316,-0.040464453,-0.03385051,-0.028454531,,,,,,
367,1.835,-0.03146456,-0.02273588,-0.01151563,-0.00811204,,,,,,
368,1.84,-0.018943835,-0.0041433987,0.010196813,0.0092916135,,,,,,
369,1.845,-0.007129958,0.01257343,0.026009148,0.020691955,,,,,,
370,1.85,0.010381133,0.028936865,0.036015224,0.028549597,,,,,,
371,1.855,0.03596759,0.04601532,0.042540636,0.035710137,,,,,,
372,1.86,0.061522037,0.059221502,0.04524677,0.03985242,,,,,,
373,1.865,0.07151551,0.058988225,0.03989345,0.034030534,,,,,,
374,1.87,0.054810453,0.038510308,0.022763383,0.013967778,,,,,,
375,1.875,0.015782999,0.0023898217,-0.0030274172,-0.014521968,,,,,,
376,1.88,-0.025443612,-0.032368675,-0.025920425,-0.03599059,,,,,,
377,1.885,-0.04522946,-0.045938756,-0.03226312,-0.03517459,,,,,,
378,1.89,-0.03215327,-0.029489303,-0.016617356,-0.008867285,,,,,,
379,1.895,0.0056509324,0.007666776,0.0126538295,0.030240625,,,,,,
380,1.9,0.04639415,0.04371303,0.038170803,0.061489373,,,,,,
381,1.905,0.06830127,0.05856308,0.04543784,0.06968551,,,,,,
382,1.91,0.06102823,0.04577225,0.032047328,0.053359434,,,,,,
383,1.915,0.028657213,0.013966198,0.006943187,0.022381725,,,,,,
384,1.92,-0.014786825,-0.021176232,-0.018073669,-0.010930996,,,,,,
385,1.925,-0.05258558,-0.0465123,-0.03580736,-0.03851268,,,,,,
386,1.93,-0.071718775,-0.05593264,-0.044233993,-0.05665257,,,,,,
387,1.935,-0.06717932,-0.04954911,-0.04283312,-0.06284307,,,,,,
388,1.94,-0.043569494,-0.03158743,-0.0313723,-0.055289652,,,,,,
389,1.945,-0.012951846,-0.009409942,-0.013030416,-0.03621172,,,,,,
390,1.95,0.010866916,0.007747733,0.003404035,-0.014082733,,,,,,
391,1.955,0.018860215,0.012339058,0.0077200974,-4.402371e-05,,,,,,
392,1.96,0.010412268,0.003128407,-0.0031682106,-3.9699745e-07,,,,,,
393,1.965,-0.0074930233,-0.013055228,-0.020700166,-0.0093908375,,,,,,
394,1.97,-0.024112498,-0.024841547,-0.029882658,-0.016098239,,,,,,
395,1.975,-0.029486459,-0.02310126,-0.020540928,-0.009665847,,,,,,
396,1.98,-0.018290259,-0.0061127124,0.005239279,0.01083422,,,,,,
397,1.985,0.0077307182,0.020247087,0.0356371,0.03662622,,,,,,
398,1.99,0.039693333,0.046401277,0.05822627,0.05613189,,,,,,
399,1.995,0.06468297,0.06348064,0.06698678,0.062526025,,,,,,
400,2.0,0.07145521,0.0658156,0.062265307,0.05608133,400,2.0,2.0022201538085938,0,0.8906758427619934,0.10932407528162003
401,2.005,0.05622582,0.05191265,0.046567637,0.040992204,400,2.0,2.0022201538085938,0,0.8906758427619934,0.10932407528162003
402,2.01,0.025116073,0.025059108,0.022146847,0.02103437,400,2.0,2.0022201538085938,0,0.8906758427619934,0.10932407528162003
403,2.015,-0.0088468995,-0.0069832867,-0.0076344023,-0.001837657,400,2.0,2.0022201538085938,0,0.8906758427619934,0.10932407528162003
404,2.02,-0.032877613,-0.034570627,-0.03643867,-0.025686136,404,2.02,2.020571231842041,0,0.8842728137969971,0.11572721600532532
405,2.025,-0.04125215,-0.050486296,-0.056249626,-0.046478096,404,2.02,2.020571231842041,0,0.8842728137969971,0.11572721600532532
406,2.03,-0.037237324,-0.053051844,-0.061498273,-0.058486477,404,2.02,2.020571231842041,0,0.8842728137969971,0.11572721600532532
407,2.035,-0.029068211,-0.045671754,-0.052458763,-0.05740842,404,2.02,2.020571231842041,0,0.8842728137969971,0.11572721600532532
408,2.04,-0.023253523,-0.033505406,-0.035020392,-0.043697104,408,2.04,2.042879819869995,0,0.888066828250885,0.11193322390317917
409,2.045,-0.020258317,-0.020193268,-0.017027525,-0.023023363,408,2.04,2.042879819869995,0,0.888066828250885,0.11193322390317917
410,2.05,-0.01566436,-0.0069954745,-0.003847079,-0.0030210656,408,2.04,2.042879819869995,0,0.888066828250885,0.11193322390317917
411,2.055,-0.005643392,0.0056633176,0.0038713636,0.011212415,408,2.04,2.042879819869995,0,0.888066828250885,0.11193322390317917
412,2.06,0.00813971,0.016311096,0.009020478,0.019222332,412,2.06,2.0692012310028076,0,0.8895618319511414,0.11043819040060043
413,2.065,0.019056495,0.022492256,0.014781487,0.02361495,412,2.06,2.0692012310028076,0,0.8895618319511414,0.11043819040060043
414,2.07,0.021557882,0.023054605,0.022043368,0.0268848,412,2.06,2.0692012310028076,0,0.8895618319511414,0.11043819040060043
415,2.075,0.01700978,0.02024897,0.029273923,0.02962946,412,2.06,2.0692012310028076,0,0.8895618319511414,0.11043819040060043
416,2.08,0.012987102,0.018757876,0.03423949,0.031032488,416,2.08,2.088080406188965,0,0.8888947367668152,0.11110521852970123
417,2.085,0.015934197,0.021648854,0.035539314,0.030153815,416,2.08,2.088080406188965,0,0.8888947367668152,0.11110521852970123
418,2.09,0.024109375,0.026748268,0.032624252,0.026319543,416,2.08,2.088080406188965,0,0.8888947367668152,0.11110521852970123
419,2.095,0.027880106,0.027135003,0.024786215,0.018440284,416,2.08,2.088080406188965,0,0.8888947367668152,0.11110521852970123
420,2.1,0.017448174,0.015944418,0.010751379,0.0046229465,420,2.1,2.103621244430542,0,0.8888073563575745,0.11119268834590912
421,2.105,-0.008667461,-0.00800376,-0.009953336,-0.01644095,420,2.1,2.103621244430542,0,0.8888073563575745,0.11119268834590912
422,2.11,-0.041187912,-0.037837535,-0.034513183,-0.04251514,420,2.1,2.103621244430542,0,0.8888073563575745,0.11119268834590912
423,2.115,-0.06501882,-0.06125792,-0.055671047,-0.06588034,420,2.1,2.103621244430542,0,0.8888073563575745,0.11119268834590912
424,2.12,-0.06767829,-0.06679754,-0.064151615,-0.07553369,424,2.12,2.1257777214050293,0,0.8883168697357178,0.11168309301137924
425,2.125,-0.046034276,-0.050262056,-0.054044824,-0.06361403,424,2.12,2.1257777214050293,0,0.8883168697357178,0.11168309301137924
426,2.13,-0.008113951,-0.017561527,-0.027305124,-0.031653628,424,2.12,2.1257777214050293,0,0.8883168697357178,0.11168309301137924
427,2.135,0.030648386,0.01812969,0.0065484634,0.008938962,424,2.12,2.1257777214050293,0,0.8883168697357178,0.11168309301137924
428,2.14,0.05513205,0.04355037,0.03565542,0.043440185,428,2.14,2.161356210708618,0,0.888467013835907,0.11153300106525421
429,2.145,0.058531057,0.052384388,0.051920168,0.06246283,428,2.14,2.161356210708618,0,0.888467013835907,0.11153300106525421
430,2.15,0.04574244,0.047373127,0.053560697,0.06578211,428,2.14,2.161356210708618,0,0.888467013835907,0.11153300106525421
431,2.155,0.029013382,0.0361541,0.043222196,0.05885301,428,2.14,2.161356210708618,0,0.888467013835907,0.11153300106525421
432,2.16,0.01800597,0.0242806,0.024519447,0.046065968,432,2.16,2.167708396911621,0,0.8858740329742432,0.11412596702575684
433,2.165,0.011833295,0.011225891,0.0004100037,0.027275776,432,2.16,2.167708396911621,0,0.8858740329742432,0.11412596702575684
434,2.17,0.000620835,-0.0070874263,-0.025627911,0.0006456804,432,2.16,2.167708396911621,0,0.8858740329742432,0.11412596702575684
435,2.175,-0.023289151,-0.031201331,-0.047480192,-0.031177158,432,2.16,2.167708396911621,0,0.8858740329742432,0.11412596702575684
436,2.18,-0.0539606,-0.053027634,-0.05639253,-0.057897475,436,2.18,2.187776565551758,0,0.8777698874473572,0.12223009020090103
437,2.185,-0.072098315,-0.058699075,-0.04486725,-0.06568251,436,2.18,2.187776565551758,0,0.8777698874473572,0.12223009020090103
438,2.19,-0.059404273,-0.038895138,-0.012911902,-0.046755083,436,2.18,2.187776565551758,0,0.8777698874473572,0.12223009020090103
439,2.195,-0.01582445,0.001318119,0.028257148,-0.00730917,436,2.18,2.187776565551758,0,0.8777698874473572,0.12223009020090103
440,2.2,0.03633943,0.042501397,0.059862427,0.033459682,440,2.2,2.208848476409912,0,0.889064371585846,0.11093564331531525
441,2.205,0.06707246,0.062686756,0.06622142,0.054259002,440,2.2,2.208848476409912,0,0.889064371585846,0.11093564331531525
442,2.21,0.060728926,0.05253438,0.045312274,0.045496117,440,2.2,2.208848476409912,0,0.889064371585846,0.11093564331531525
443,2.215,0.02686811,0.02144166,0.01046466,0.01558801,440,2.2,2.208848476409912,0,0.889064371585846,0.11093564331531525
444,2.22,-0.009120642,-0.010548967,-0.019131662,-0.0155362245,444,2.22,2.222944498062134,0,0.8900739550590515,0.1099260225892067
445,2.225,-0.026669536,-0.027996067,-0.03180752,-0.03094778,444,2.22,2.222944498062134,0,0.8900739550590515,0.1099260225892067
446,2.23,-0.023783853,-0.029515749,-0.029818244,-0.027777227,444,2.22,2.222944498062134,0,0.8900739550590515,0.1099260225892067
447,2.235,-0.013428385,-0.024473375,-0.024212133,-0.016402757,444,2.22,2.222944498062134,0,0.8900739550590515,0.1099260225892067
448,2.24,-0.00858841,-0.021825071,-0.023828533,-0.009697506,448,2.24,2.24436354637146,0,0.8887649774551392,0.1112351045012474
449,2.245,-0.011198437,-0.022282874,-0.028432105,-0.0124109145,448,2.24,2.24436354637146,0,0.8887649774551392,0.1112351045012474
450,2.25,-0.014040516,-0.020173967,-0.030918278,-0.019338919,448,2.24,2.24436354637146,0,0.8887649774551392,0.1112351045012474
451,2.255,-0.01097288,-0.011279598,-0.02486338,-0.022027781,448,2.24,2.24436354637146,0,0.8887649774551392,0.1112351045012474
452,2.26,-0.0036817368,0.0021224737,-0.009884789,-0.016391316,452,2.26,2.2765517234802246,0,0.8871545791625977,0.11284542083740234
453,2.265,0.0013636944,0.01363412,0.00909415,-0.0044417502,452,2.26,2.2765517234802246,0,0.8871545791625977,0.11284542083740234
454,2.27,0.0010539786,0.01906377,0.026274316,0.0096399775,452,2.26,2.2765517234802246,0,0.8871545791625977,0.11284542083740234
455,2.275,-0.00063526037,0.019674292,0.03809848,0.02341789,452,2.26,2.2765517234802246,0,0.8871545791625977,0.11284542083740234
456,2.28,0.002768396,0.019357093,0.0428883,0.03584376,456,2.28,2.288780689239502,0,0.8887474536895752,0.111252561211586
457,2.285,0.01271505,0.01952071,0.039255004,0.044278577,456,2.28,2.288780689239502,0,0.8887474536895752,0.111252561211586
458,2.29,0.023485877,0.017676374,0.026550638,0.04390168,456,2.28,2.288780689239502,0,0.8887474536895752,0.111252561211586
459,2.295,0.027657723,0.011236098,0.0074040885,0.03159354,456,2.28,2.288780689239502,0,0.8887474536895752,0.111252561211586
460,2.3,0.023349045,0.002053737,-0.011077935,0.010670151,460,2.3,2.303654193878174,0,0.8897872567176819,0.11021271347999573
461,2.305,0.015791817,-0.0037609201,-0.020357646,-0.009145245,460,2.3,2.303654193878174,0,0.8897872567176819,0.11021271347999573
462,2.31,0.011692085,-0.0013191112,-0.016415527,-0.018016431,460,2.3,2.303654193878174,0,0.8897872567176819,0.11021271347999573
463,2.315,0.011973754,0.00736779,-0.0036247643,-0.013798288,460,2.3,2.303654193878174,0,0.8897872567176819,0.11021271347999573
464,2.32,0.0101831285,0.013430026,0.0075180084,-0.004284573,464,2.32,2.3247005939483643,0,0.8898120522499084,0.11018795520067215
465,2.325,-0.0011690944,0.008050433,0.007922455,-0.00096927676,464,2.32,2.3247005939483643,0,0.8898120522499084,0.11018795520067215
466,2.33,-0.021520995,-0.008950275,-0.0028851049,-0.008803083,464,2.32,2.3247005939483643,0,0.8898120522499084,0.11018795520067215
467,2.335,-0.039322644,-0.026658492,-0.01583788,-0.020858262,464,2.32,2.3247005939483643,0,0.8898120522499084,0.11018795520067215
468,2.34,-0.039962407,-0.030532744,-0.019151619,-0.023718337,468,2.34,2.3371376991271973,0,0.890137255191803,0.10986277461051941
469,2.345,-0.019250158,-0.014998789,-0.0080975555,-0.010141178,468,2.34,2.3371376991271973,0,0.890137255191803,0.10986277461051941
470,2.35,0.009868926,0.009665446,0.010134843,0.012133716,468,2.34,2.3371376991271973,0,0.890137255191803,0.10986277461051941
471,2.355,0.025324663,0.023607953,0.020998484,0.024506511,468,2.34,2.3371376991271973,0,0.890137255191803,0.10986277461051941
472,2.36,0.013181036,0.012833021,0.013404996,0.012287738,472,2.36,2.3539388179779053,0,0.890686571598053,0.10931340605020523
473,2.365,-0.020754274,-0.019157821,-0.011724333,-0.02234286,472,2.36,2.3539388179779053,0,0.890686571598053,0.10931340605020523
474,2.37,-0.05509326,-0.05347066,-0.04170545,-0.060423132,472,2.36,2.3539388179779053,0,0.890686571598053,0.10931340605020523
475,2.375,-0.068565354,-0.06938777,-0.060337503,-0.07907622,472,2.36,2.3539388179779053,0,0.890686571598053,0.10931340605020523
476,2.38,-0.053603902,-0.057769563,-0.0575433,-0.066394575,476,2.38,2.3821117877960205,0,0.8826112151145935,0.11738879233598709
477,2.385,-0.018148629,-0.02456526,-0.03406063,-0.027380876,476,2.38,2.3821117877960205,0,0.8826112151145935,0.11738879233598709
478,2.39,0.022488112,0.015658326,0.00045495504,0.021372741,476,2.38,2.3821117877960205,0,0.8826112151145935,0.11738879233598709
479,2.395,0.054866295,0.04893609,0.03320788,0.062091198,476,2.38,2.3821117877960205,0,0.8826112151145935,0.11738879233598709
480,2.4,0.071611844,0.06724398,0.054068454,0.0835592,480,2.4,2.4019227027893066,0,0.890337347984314,0.10966265201568604
481,2.405,0.071202904,0.0688589,0.058935568,0.08303596,480,2.4,2.4019227027893066,0,0.890337347984314,0.10966265201568604
482,2.41,0.056889214,0.056559306,0.05002211,0.06428732,480,2.4,2.4019227027893066,0,0.890337347984314,0.10966265201568604
483,2.415,0.035770673,0.035976414,0.03362221,0.034963198,480,2.4,2.4019227027893066,0,0.890337347984314,0.10966265201568604
484,2.42,0.016372543,0.014073003,0.016678106,0.0044888663,484,2.42,2.4206254482269287,0,0.8874161243438721,0.11258386820554733
485,2.425,0.0044405945,-0.0028656777,0.003997625,-0.018217525,484,2.42,2.4206254482269287,0,0.8874161243438721,0.11258386820554733
486,2.43,-7.619155e-05,-0.011142875,-0.0024163953,-0.02746837,484,2.42,2.4206254482269287,0,0.8874161243438721,0.11258386820554733
487,2.435,-0.001875356,-0.01038327,-0.002234505,-0.022833467,484,2.42,2.4206254482269287,0,0.8874161243438721,0.11258386820554733
488,2.44,-0.0058697844,-0.0030845143,0.004091781,-0.009119156,488,2.44,2.4395840167999268,0,0.8852171301841736,0.11478284001350403
489,2.445,-0.013492847,0.006168119,0.014464413,0.0058535947,488,2.44,2.4395840167999268,0,0.8852171301841736,0.11478284001350403
490,2.45,-0.022606572,0.0116170505,0.023606006,0.014553593,488,2.44,2.4395840167999268,0,0.8852171301841736,0.11478284001350403
491,2.455,-0.030219685,0.00800363,0.023619128,0.012588281,488,2.44,2.4395840167999268,0,0.8852171301841736,0.11478284001350403
492,2.46,-0.03512261,-0.006989149,0.007848604,-3.93302e-05,492,2.46,2.465498447418213,0,0.8892009854316711,0.11079899221658707
493,2.465,-0.038399275,-0.030902082,-0.024089253,-0.01954157,492,2.46,2.465498447418213,0,0.8892009854316711,0.11079899221658707
494,2.47,-0.041841496,-0.05684615,-0.06393491,-0.040197972,492,2.46,2.465498447418213,0,0.8892009854316711,0.11079899221658707
495,2.475,-0.04568192,-0.07612501,-0.09730611,-0.05636503,492,2.46,2.465498447418213,0,0.8892009854316711,0.11079899221658707
496,2.48,-0.047317103,-0.08161096,-0.11000094,-0.063784994,496,2.48,2.483658790588379,0,0.8893668055534363,0.11063322424888611
497,2.485,-0.042047255,-0.070066854,-0.09455341,-0.059983462,496,2.48,2.483658790588379,0,0.8893668055534363,0.11063322424888611
498,2.49,-0.025669206,-0.042675387,-0.053573783,-0.044210415,496,2.48,2.483658790588379,0,0.8893668055534363,0.11063322424888611
499,2.495,0.0023183378,-0.0044221613,0.0013901585,-0.017727,496,2.48,2.483658790588379,0,0.8893668055534363,0.11063322424888611
500,2.5,0.036570873,0.03660728,0.05423041,0.015197666,500,2.5,2.510453701019287,0,0.8883451819419861,0.1116548627614975
501,2.505,0.06641564,0.07011732,0.08975804,0.04661714,500,2.5,2.510453701019287,0,0.8883451819419861,0.1116548627614975
502,2.51,0.08002575,0.08620877,0.09885237,0.06669623,500,2.5,2.510453701019287,0,0.8883451819419861,0.1116548627614975
503,2.515,0.07127611,0.080324724,0.08221691,0.06870863,500,2.5,2.510453701019287,0,0.8883451819419861,0.1116548627614975
504,2.52,0.04520751,0.057621587,0.050800364,0.054251686,504,2.52,2.5253491401672363,0,0.8909490704536438,0.10905087739229202
505,2.525,0.016857622,0.031739645,0.020921363,0.03350302,504,2.52,2.5253491401672363,0,0.8909490704536438,0.10905087739229202
506,2.53,0.0021028076,0.016438792,0.0052664783,0.018521987,504,2.52,2.5253491401672363,0,0.8909490704536438,0.10905087739229202
507,2.535,0.006250322,0.015631361,0.00532468,0.014259907,504,2.52,2.5253491401672363,0,0.8909490704536438,0.10905087739229202
508,2.54,0.019666597,0.020470116,0.011349581,0.015196339,508,2.54,2.542806625366211,0,0.8770279884338379,0.12297194451093674
509,2.545,0.024949728,0.016826563,0.010504311,0.011021844,508,2.54,2.542806625366211,0,0.8770279884338379,0.12297194451093674
510,2.55,0.010413587,-0.0027863327,-0.0030849157,-0.0036100126,508,2.54,2.542806625366211,0,0.8770279884338379,0.12297194451093674
511,2.555,-0.021003988,-0.032888617,-0.024321536,-0.024092568,508,2.54,2.542806625366211,0,0.8770279884338379,0.12297194451093674
512,2.56,-0.054297213,-0.059256,-0.04184371,-0.0398513,512,2.56,2.554579257965088,0,0.8791376352310181,0.12086237967014313
513,2.565,-0.07346468,-0.06950202,-0.04690835,-0.04318179,512,2.56,2.554579257965088,0,0.8791376352310181,0.12086237967014313
514,2.57,-0.07168871,-0.061159536,-0.039230783,-0.034915812,512,2.56,2.554579257965088,0,0.8791376352310181,0.12086237967014313
515,2.575,-0.053404395,-0.041632164,-0.02598684,-0.022594696,512,2.56,2.554579257965088,0,0.8791376352310181,0.12086237967014313
516,2.58,-0.028673302,-0.021530604,-0.015868928,-0.01380624,516,2.58,2.5942561626434326,0,0.8896695375442505,0.11033042520284653
517,2.585,-0.0059254942,-0.0074758683,-0.01314845,-0.010862378,516,2.58,2.5942561626434326,0,0.8896695375442505,0.11033042520284653
518,2.59,0.011349999,0.00049571093,-0.015603306,-0.010628666,516,2.58,2.5942561626434326,0,0.8896695375442505,0.11033042520284653
519,2.595,0.023076082,0.006243865,-0.016940251,-0.008380562,516,2.58,2.5942561626434326,0,0.8896695375442505,0.11033042520284653
520,2.6,0.029451711,0.01285207,-0.011592391,-0.001803981,520,2.6,2.602414608001709,0,0.8899919986724854,0.11000797152519226
521,2.605,0.029828876,0.02007293,0.0013275957,0.007725008,520,2.6,2.602414608001709,0,0.8899919986724854,0.11000797152519226
522,2.61,0.024271192,0.025486985,0.017454065,0.016621945,520,2.6,2.602414608001709,0,0.8899919986724854,0.11000797152519226
523,2.615,0.015325497,0.027454192,0.030274943,0.021503413,520,2.6,2.602414608001709,0,0.8899919986724854,0.11000797152519226
524,2.62,0.0073501715,0.026566563,0.035556763,0.020844674,524,2.62,2.6168582439422607,0,0.8909347057342529,0.10906534641981125
525,2.625,0.0036122988,0.024338638,0.03370485,0.015457492,524,2.62,2.6168582439422607,0,0.8909347057342529,0.10906534641981125
526,2.63,0.004109204,0.021109669,0.02846552,0.008167081,524,2.62,2.6168582439422607,0,0.8909347057342529,0.10906534641981125
527,2.635,0.0065405006,0.015973186,0.023518028,0.0028959813,524,2.62,2.6168582439422607,0,0.8909347057342529,0.10906534641981125
528,2.64,0.00944146,0.008962731,0.0200251,0.003017429,528,2.64,2.6435627937316895,0,0.8876158595085144,0.1123841181397438
529,2.645,0.013839248,0.0026292687,0.01676686,0.009240908,528,2.64,2.6435627937316895,0,0.8876158595085144,0.1123841181397438
530,2.65,0.02100933,0.0002819131,0.011798678,0.018196007,528,2.64,2.6435627937316895,0,0.8876158595085144,0.1123841181397438
531,2.655,0.028226793,0.0018621861,0.003560122,0.023177242,528,2.64,2.6435627937316895,0,0.8876158595085144,0.1123841181397438
532,2.66,0.027603371,0.0019348845,-0.009063163,0.017546663,532,2.66,2.6668171882629395,0,0.8873911499977112,0.11260884255170822
533,2.665,0.011267879,-0.006630718,-0.026242638,-0.00054841844,532,2.66,2.6668171882629395,0,0.8873911499977112,0.11260884255170822
534,2.67,-0.020136235,-0.025203334,-0.045269046,-0.025118686,532,2.66,2.6668171882629395,0,0.8873911499977112,0.11260884255170822
535,2.675,-0.053682975,-0.045115482,-0.05899254,-0.04397493,532,2.66,2.6668171882629395,0,0.8873911499977112,0.11260884255170822
536,2.68,-0.07083754,-0.052226536,-0.05798312,-0.045567956,536,2.68,2.6833975315093994,0,0.8872742056846619,0.11272577941417694
537,2.685,-0.060964666,-0.038027868,-0.036884427,-0.027184935,536,2.68,2.6833975315093994,0,0.8872742056846619,0.11272577941417694
538,2.69,-0.030221941,-0.0076734247,-0.00029131898,0.0019518351,536,2.68,2.6833975315093994,0,0.8872742056846619,0.11272577941417694
539,2.695,0.002963003,0.023066368,0.037850905,0.026294326,536,2.68,2.6833975315093994,0,0.8872742056846619,0.11272577941417694
540,2.7,0.022419037,0.039660025,0.06205098,0.034572065,540,2.7,2.700190782546997,0,0.8877491354942322,0.11225081235170364
541,2.705,0.025525646,0.03854888,0.06412565,0.026583113,540,2.7,2.700190782546997,0,0.8877491354942322,0.11225081235170364
542,2.71,0.021379823,0.026337622,0.04610866,0.010530669,540,2.7,2.700190782546997,0,0.8877491354942322,0.11225081235170364
543,2.715,0.019256134,0.01113161,0.016365109,-0.0056516305,540,2.7,2.700190782546997,0,0.8877491354942322,0.11225081235170364
544,2.72,0.019721588,-0.003968391,-0.015931929,-0.019966185,544,2.72,2.7282536029815674,0,0.8900662064552307,0.10993378609418869
545,2.725,0.016291881,-0.019396039,-0.043305013,-0.0340161,544,2.72,2.7282536029815674,0,0.8900662064552307,0.10993378609418869
546,2.73,0.0039762123,-0.03362326,-0.059835516,-0.04666093,544,2.72,2.7282536029815674,0,0.8900662064552307,0.10993378609418869
547,2.735,-0.014582935,-0.041258764,-0.061494708,-0.05155037,544,2.72,2.7282536029815674,0,0.8900662064552307,0.10993378609418869
548,2.74,-0.030294891,-0.036863856,-0.047872603,-0.041499063,548,2.74,2.742636203765869,0,0.8846583366394043,0.1153416782617569
549,2.745,-0.03375746,-0.019811127,-0.023142377,-0.015148817,548,2.74,2.742636203765869,0,0.8846583366394043,0.1153416782617569
550,2.75,-0.021157118,0.0048525506,0.0056367414,0.020645427,548,2.74,2.742636203765869,0,0.8846583366394043,0.1153416782617569
551,2.755,0.0034960515,0.02967817,0.03190178,0.054645803,548,2.74,2.742636203765869,0,0.8846583366394043,0.1153416782617569
552,2.76,0.030516833,0.048656236,0.051917322,0.07752521,552,2.76,2.7657546997070312,0,0.8896730542182922,0.11032690852880478
553,2.765,0.049633656,0.058723204,0.064424396,0.08546029,552,2.76,2.7657546997070312,0,0.8896730542182922,0.11032690852880478
554,2.77,0.054857645,0.05886955,0.068490975,0.07911372,552,2.76,2.7657546997070312,0,0.8896730542182922,0.11032690852880478
555,2.775,0.04598584,0.048697297,0.062065728,0.06043016,552,2.76,2.7657546997070312,0,0.8896730542182922,0.11032690852880478
556,2.78,0.026564155,0.028377885,0.04324755,0.031247374,556,2.78,2.783529281616211,0,0.8860486745834351,0.11395134776830673
557,2.785,0.001615833,0.0006149603,0.013835072,-0.004716147,556,2.78,2.783529281616211,0,0.8860486745834351,0.11395134776830673
558,2.79,-0.022134311,-0.027159708,-0.018148981,-0.03923314,556,2.78,2.783529281616211,0,0.8860486745834351,0.11395134776830673
559,2.795,-0.035652835,-0.043966822,-0.04082962,-0.06097087,556,2.78,2.783529281616211,0,0.8860486745834351,0.11395134776830673
560,2.8,-0.031463783,-0.041848954,-0.046039566,-0.062386427,560,2.8,2.8005003929138184,0,0.886644721031189,0.11335520446300507
561,2.805,-0.011893195,-0.024151111,-0.0366769,-0.047261238,560,2.8,2.8005003929138184,0,0.886644721031189,0.11335520446300507
562,2.81,0.006816932,-0.007057469,-0.026357671,-0.030887628,560,2.8,2.8005003929138184,0,0.886644721031189,0.11335520446300507
563,2.815,0.0033771712,-0.009189053,-0.029245779,-0.029756855,560,2.8,2.8005003929138184,0,0.886644721031189,0.11335520446300507
564,2.82,-0.03000448,-0.035306685,-0.047363635,-0.047579985,564,2.82,2.8283727169036865,0,0.8889659643173218,0.11103401333093643
565,2.825,-0.07586992,-0.068741046,-0.066899575,-0.07003653,564,2.82,2.8283727169036865,0,0.8889659643173218,0.11103401333093643
566,2.83,-0.100765996,-0.082014054,-0.06828794,-0.07467472,564,2.82,2.8283727169036865,0,0.8889659643173218,0.11103401333093643
567,2.835,-0.08087366,-0.058648884,-0.042296056,-0.048887197,564,2.82,2.8283727169036865,0,0.8889659643173218,0.11103401333093643
568,2.84,-0.022203144,-0.007332762,0.0018618574,-0.0006141202,568,2.84,2.8424479961395264,0,0.8905256390571594,0.10947433114051819
569,2.845,0.043268815,0.044588566,0.043531846,0.047759045,568,2.84,2.8424479961395264,0,0.8905256390571594,0.10947433114051819
570,2.85,0.08247911,0.07257057,0.06625812,0.07679086,568,2.84,2.8424479961395264,0,0.8905256390571594,0.10947433114051819
571,2.855,0.085123785,0.072181515,0.068277724,0.08320362,568,2.84,2.8424479961395264,0,0.8905256390571594,0.10947433114051819
572,2.86,0.06647094,0.058011636,0.059844,0.07812075,572,2.86,2.876847267150879,0,0.8884055614471436,0.11159437894821167
573,2.865,0.04941322,0.047534313,0.051821057,0.073810555,572,2.86,2.876847267150879,0,0.8884055614471436,0.11159437894821167
574,2.87,0.044218745,0.04610215,0.046876937,0.07228174,572,2.86,2.876847267150879,0,0.8884055614471436,0.11159437894821167
575,2.875,0.043723784,0.04575834,0.040173616,0.065565266,572,2.86,2.876847267150879,0,0.8884055614471436,0.11159437894821167
576,2.88,0.03489696,0.035981,0.026552962,0.045409076,576,2.88,2.8891305923461914,0,0.8754947185516357,0.12450527399778366
577,2.885,0.012807426,0.0141694695,0.006145641,0.01199959,576,2.88,2.8891305923461914,0,0.8754947185516357,0.12450527399778366
578,2.89,-0.016059084,-0.0132678915,-0.016062753,-0.025759142,576,2.88,2.8891305923461914,0,0.8754947185516357,0.12450527399778366
579,2.895,-0.041178368,-0.037431274,-0.034381118,-0.056783885,576,2.88,2.8891305923461914,0,0.8754947185516357,0.12450527399778366
580,2.9,-0.056220617,-0.0528939,-0.045499858,-0.074260056,580,2.9,2.9035277366638184,0,0.8830109238624573,0.1169891357421875
581,2.905,-0.060712606,-0.05846459,-0.048807394,-0.07757778,580,2.9,2.9035277366638184,0,0.8830109238624573,0.1169891357421875
582,2.91,-0.0567388,-0.055107586,-0.045666993,-0.07066159,580,2.9,2.9035277366638184,0,0.8830109238624573,0.1169891357421875
583,2.915,-0.046452284,-0.04507348,-0.039040007,-0.05939818,580,2.9,2.9035277366638184,0,0.8830109238624573,0.1169891357421875
584,2.92,-0.032332867,-0.032208722,-0.032485615,-0.048942342,584,2.92,2.9327590465545654,0,0.888293981552124,0.11170594394207001
585,2.925,-0.017408244,-0.020552434,-0.027567467,-0.040647272,584,2.92,2.9327590465545654,0,0.888293981552124,0.11170594394207001
586,2.93,-0.0034766127,-0.010978143,-0.021525817,-0.030270569,584,2.92,2.9327590465545654,0,0.888293981552124,0.11170594394207001
587,2.935,0.010542396,0.00022573638,-0.0085654855,-0.010460612,584,2.92,2.9327590465545654,0,0.888293981552124,0.11170594394207001
588,2.94,0.027074568,0.017692674,0.014731675,0.022395384,588,2.94,2.952716112136841,0,0.8892948627471924,0.11070511490106583
589,2.945,0.045782592,0.04066282,0.044010222,0.062006846,588,2.94,2.952716112136841,0,0.8892948627471924,0.11070511490106583
590,2.95,0.060955167,0.06031764,0.06711025,0.092963345,588,2.94,2.952716112136841,0,0.8892948627471924,0.11070511490106583
591,2.955,0.063530326,0.06438237,0.07070487,0.099456266,588,2.94,2.952716112136841,0,0.8892948627471924,0.11070511490106583
592,2.96,0.046774335,0.045914546,0.04920483,0.07579658,592,2.96,2.964784860610962,0,0.8886867761611938,0.11131319403648376
593,2.965,0.011614406,0.009238196,0.009322873,0.030621964,592,2.96,2.964784860610962,0,0.8886867761611938,0.11131319403648376
594,2.97,-0.03201609,-0.031631127,-0.03315036,-0.018197807,592,2.96,2.964784860610962,0,0.8886867761611938,0.11131319403648376
595,2.975,-0.06879124,-0.060645822,-0.061973043,-0.053640705,592,2.96,2.964784860610962,0,0.8886867761611938,0.11131319403648376
596,2.98,-0.08469641,-0.06776646,-0.068320565,-0.06719735,596,2.98,2.9842798709869385,0,0.8578305840492249,0.14216940104961395
597,2.985,-0.07330245,-0.05233807,-0.052988466,-0.059836615,596,2.98,2.9842798709869385,0,0.8578305840492249,0.14216940104961395
598,2.99,-0.03834771,-0.021059431,-0.023057457,-0.037830546,596,2.98,2.9842798709869385,0,0.8578305840492249,0.14216940104961395
599,2.995,0.008367569,0.016247243,0.012646455,-0.008379174,596,2.98,2.9842798709869385,0,0.8578305840492249,0.14216940104961395
600,3.0,0.051911272,0.049500123,0.04544535,0.02154807,600,3.0,3.0107507705688477,0,0.8869227766990662,0.11307723820209503
601,3.005,0.07911099,0.06934671,0.06652602,0.044166155,600,3.0,3.0107507705688477,0,0.8869227766990662,0.11307723820209503
602,3.01,0.08211503,0.06871085,0.06813925,0.051466137,600,3.0,3.0107507705688477,0,0.8869227766990662,0.11307723820209503
603,3.015,0.060984876,0.046548568,0.04809863,0.03948844,600,3.0,3.0107507705688477,0,0.8869227766990662,0.11307723820209503
604,3.02,0.024857843,0.011351553,0.014216323,0.013342819,604,3.02,3.042323350906372,0,0.8897602558135986,0.11023972183465958
605,3.025,-0.010629055,-0.020672547,-0.017231038,-0.012940446,604,3.02,3.042323350906372,0,0.8897602558135986,0.11023972183465958
606,3.03,-0.030766366,-0.034528136,-0.030812833,-0.024443606,604,3.02,3.042323350906372,0,0.8897602558135986,0.11023972183465958
607,3.035,-0.03033641,-0.026899982,-0.022987079,-0.016371189,604,3.02,3.042323350906372,0,0.8897602558135986,0.11023972183465958
608,3.04,-0.016474595,-0.008899379,-0.005198638,0.0015002274,608,3.04,3.0473225116729736,0,0.8847788572311401,0.11522113531827927
609,3.045,-0.002756002,0.0025815777,0.004918914,0.012068354,608,3.04,3.0473225116729736,0,0.8847788572311401,0.11522113531827927
610,3.05,0.00053463166,-0.0020923833,-0.0026379602,0.0044195084,608,3.04,3.0473225116729736,0,0.8847788572311401,0.11522113531827927
611,3.055,-0.008469332,-0.019428102,-0.023438666,-0.018122632,608,3.04,3.0473225116729736,0,0.8847788572311401,0.11522113531827927
612,3.06,-0.02563765,-0.038455684,-0.044323083,-0.042107787,612,3.06,3.0748543739318848,0,0.8841435313224792,0.11585646122694016
613,3.065,-0.045723993,-0.050830554,-0.055155903,-0.055400625,612,3.06,3.0748543739318848,0,0.8841435313224792,0.11585646122694016
614,3.07,-0.06362739,-0.055182558,-0.055227667,-0.055065524,612,3.06,3.0748543739318848,0,0.8841435313224792,0.11585646122694016
615,3.075,-0.07252652,-0.053298015,-0.049606226,-0.045808513,612,3.06,3.0748543739318848,0,0.8841435313224792,0.11585646122694016
616,3.08,-0.064297974,-0.044502594,-0.04101291,-0.032647125,616,3.08,3.0889933109283447,0,0.889379620552063,0.11062036454677582
617,3.085,-0.0343848,-0.024828177,-0.025885867,-0.01558757,616,3.08,3.0889933109283447,0,0.889379620552063,0.11062036454677582
618,3.09,0.013314633,0.008921717,0.0021901075,0.009514313,616,3.08,3.0889933109283447,0,0.889379620552063,0.11062036454677582
619,3.095,0.06683124,0.054554235,0.045258973,0.045458525,616,3.08,3.0889933109283447,0,0.889379620552063,0.11062036454677582
620,3.1,0.11136668,0.10258129,0.09567718,0.0879789,620,3.1,3.1047873497009277,0,0.8886299133300781,0.11137007176876068
621,3.105,0.1345551,0.13771038,0.13653229,0.12403373,620,3.1,3.1047873497009277,0,0.8886299133300781,0.11137007176876068
622,3.11,0.12896782,0.14381611,0.14854893,0.13644135,620,3.1,3.1047873497009277,0,0.8886299133300781,0.11137007176876068
623,3.115,0.09348883,0.111858875,0.120672226,0.11347021,620,3.1,3.1047873497009277,0,0.8886299133300781,0.11137007176876068
624,3.12,0.03524584,0.047175914,0.05810736,0.05753356,624,3.12,3.1307637691497803,0,0.8879786133766174,0.11202138662338257
625,3.125,-0.030079026,-0.029917393,-0.018505415,-0.013968161,624,3.12,3.1307637691497803,0,0.8879786133766174,0.11202138662338257
626,3.13,-0.08294807,-0.09313646,-0.08355089,-0.07745435,624,3.12,3.1307637691497803,0,0.8879786133766174,0.11202138662338257
627,3.135,-0.108629644,-0.12390261,-0.11963366,-0.115516745,624,3.12,3.1307637691497803,0,0.8879786133766174,0.11202138662338257
628,3.14,-0.10385665,-0.119908124,-0.12419625,-0.12380403,628,3.14,3.147036075592041,0,0.8538229465484619,0.1461770236492157
629,3.145,-0.076585256,-0.092766,-0.10603244,-0.10875217,628,3.14,3.147036075592041,0,0.8538229465484619,0.1461770236492157
630,3.15,-0.04008629,-0.058123957,-0.07658126,-0.080479465,628,3.14,3.147036075592041,0,0.8538229465484619,0.1461770236492157
631,3.155,-0.0067553385,-0.02689661,-0.043828174,-0.047690105,628,3.14,3.147036075592041,0,0.8538229465484619,0.1461770236492157
632,3.16,0.014822307,-0.003205981,-0.012197202,-0.016982414,632,3.16,3.1678364276885986,0,0.8842340111732483,0.11576592922210693
633,3.165,0.020432286,0.012418733,0.014484162,0.0063223774,632,3.16,3.1678364276885986,0,0.8842340111732483,0.11576592922210693
634,3.17,0.010759592,0.019810734,0.03179812,0.019027663,632,3.16,3.1678364276885986,0,0.8842340111732483,0.11576592922210693
635,3.175,-0.007941515,0.019202715,0.036991775,0.022116693,632,3.16,3.1678364276885986,0,0.8842340111732483,0.11576592922210693
636,3.18,-0.024909738,0.013478135,0.032158308,0.021146575,636,3.18,3.189894914627075,0,0.8862959742546082,0.11370401829481125
637,3.185,-0.02880089,0.009188694,0.024640549,0.02355874,636,3.18,3.189894914627075,0,0.8862959742546082,0.11370401829481125
638,3.19,-0.013099969,0.0140524525,0.023312075,0.03448862,636,3.18,3.189894914627075,0,0.8862959742546082,0.11370401829481125
639,3.195,0.020056786,0.03193809,0.032950614,0.053865843,636,3.18,3.189894914627075,0,0.8862959742546082,0.11370401829481125
640,3.2,0.060190693,0.058950666,0.05071078,0.07631626,640,3.2,3.210618019104004,0,0.8892237544059753,0.11077626049518585
641,3.205,0.09299738,0.083939925,0.06728906,0.09335035,640,3.2,3.210618019104004,0,0.8892237544059753,0.11077626049518585
642,3.21,0.10646339,0.09365733,0.071963705,0.096347734,640,3.2,3.210618019104004,0,0.8892237544059753,0.11077626049518585
643,3.215,0.09519716,0.07945708,0.058155626,0.07925856,640,3.2,3.210618019104004,0,0.8892237544059753,0.11077626049518585
644,3.22,0.061376493,0.04160763,0.026382593,0.04078106,644,3.22,3.2255446910858154,0,0.886920154094696,0.11307977885007858
645,3.225,0.013194433,-0.010751441,-0.016278053,-0.014075154,644,3.22,3.2255446910858154,0,0.886920154094696,0.11307977885007858
646,3.23,-0.037616152,-0.06330436,-0.05907222,-0.07380406,644,3.22,3.2255446910858154,0,0.886920154094696,0.11307977885007858
647,3.235,-0.078724355,-0.10182935,-0.09115017,-0.12280975,644,3.22,3.2255446910858154,0,0.886920154094696,0.11307977885007858
648,3.24,-0.100814685,-0.11702612,-0.10476401,-0.14667456,648,3.24,3.2320556640625,0,0.877104640007019,0.12289536744356155
649,3.245,-0.10099354,-0.107395835,-0.09749979,-0.13838266,648,3.24,3.2320556640625,0,0.877104640007019,0.12289536744356155
650,3.25,-0.083848394,-0.07916729,-0.072942995,-0.101929285,648,3.24,3.2320556640625,0,0.877104640007019,0.12289536744356155
651,3.255,-0.05875933,-0.043101024,-0.03915492,-0.05049761,648,3.24,3.2320556640625,0,0.877104640007019,0.12289536744356155
652,3.26,-0.034632854,-0.009427851,-0.005123557,0.00027334166,652,3.26,3.281862735748291,0,0.886561930179596,0.11343811452388763
653,3.265,-0.015344546,0.01644789,0.023086578,0.039712057,652,3.26,3.281862735748291,0,0.886561930179596,0.11343811452388763
654,3.27,0.0010858269,0.034861263,0.043907665,0.06521558,652,3.26,3.281862735748291,0,0.886561930179596,0.11343811452388763
655,3.275,0.019156838,0.0489488,0.058451336,0.07943825,652,3.26,3.281862735748291,0,0.886561930179596,0.11343811452388763
656,3.28,0.041011635,0.060421273,0.06722543,0.084976375,656,3.28,3.281862735748291,0,0.888511061668396,0.11148897558450699
657,3.285,0.063737944,0.06767446,0.06873373,0.081758276,656,3.28,3.281862735748291,0,0.888511061668396,0.11148897558450699
658,3.29,0.080614455,0.067501105,0.06115816,0.06897512,656,3.28,3.281862735748291,0,0.888511061668396,0.11148897558450699
659,3.295,0.08483231,0.058119122,0.04488075,0.048362855,656,3.28,3.281862735748291,0,0.888511061668396,0.11148897558450699
660,3.3,0.07279866,0.040413022,0.022967739,0.024516575,660,3.3,3.300859212875366,0,0.8849171996116638,0.1150827631354332
661,3.305,0.045576278,0.01698372,-0.00048105748,0.0018591965,660,3.3,3.300859212875366,0,0.8849171996116638,0.1150827631354332
662,3.31,0.00896333,-0.008799001,-0.021791697,-0.017931795,660,3.3,3.300859212875366,0,0.8849171996116638,0.1150827631354332
663,3.315,-0.02741717,-0.03244689,-0.037671525,-0.034946527,660,3.3,3.300859212875366,0,0.8849171996116638,0.1150827631354332
664,3.32,-0.052968524,-0.048363127,-0.04507006,-0.04811389,664,3.32,3.3279762268066406,0,0.877447247505188,0.1225527971982956
665,3.325,-0.061186314,-0.05234881,-0.042742413,-0.054623537,664,3.32,3.3279762268066406,0,0.877447247505188,0.1225527971982956
666,3.33,-0.054016102,-0.045347046,-0.03353939,-0.053045616,664,3.32,3.3279762268066406,0,0.877447247505188,0.1225527971982956
667,3.335,-0.040880278,-0.03406915,-0.024137223,-0.04631563,664,3.32,3.3279762268066406,0,0.877447247505188,0.1225527971982956
668,3.34,-0.03141203,-0.026171345,-0.020650068,-0.039998602,668,3.34,3.344770908355713,0,0.88870769739151,0.11129232496023178
669,3.345,-0.027573893,-0.023632078,-0.023193898,-0.03654488,668,3.34,3.344770908355713,0,0.88870769739151,0.11129232496023178
670,3.35,-0.022892725,-0.021065544,-0.024832014,-0.03163256,668,3.34,3.344770908355713,0,0.88870769739151,0.11129232496023178
671,3.355,-0.010075151,-0.011299755,-0.016951011,-0.017391022,668,3.34,3.344770908355713,0,0.88870769739151,0.11129232496023178
672,3.36,0.010735018,0.007249081,0.0032412112,0.009883964,672,3.36,3.371553659439087,0,0.8892840147018433,0.11071601510047913
673,3.365,0.031933226,0.02907468,0.029971661,0.045009293,672,3.36,3.371553659439087,0,0.8892840147018433,0.11071601510047913
674,3.37,0.046474297,0.04710005,0.05331462,0.07676085,672,3.36,3.371553659439087,0,0.8892840147018433,0.11071601510047913
675,3.375,0.054384988,0.058458272,0.06617058,0.095163025,672,3.36,3.371553659439087,0,0.8892840147018433,0.11071601510047913
676,3.38,0.0598421,0.06394048,0.06725159,0.09621877,676,3.38,3.386606454849243,0,0.8901323080062866,0.10986769199371338
677,3.385,0.06226418,0.06262937,0.058421478,0.080878004,676,3.38,3.386606454849243,0,0.8901323080062866,0.10986769199371338
678,3.39,0.052758686,0.049379546,0.040675182,0.05148191,676,3.38,3.386606454849243,0,0.8901323080062866,0.10986769199371338
679,3.395,0.0218969,0.019439517,0.013581014,0.010619934,676,3.38,3.386606454849243,0,0.8901323080062866,0.10986769199371338
680,3.4,-0.028209629,-0.024244439,-0.02159473,-0.03677745,680,3.4,3.4024033546447754,0,0.884684145450592,0.11531581729650497
681,3.405,-0.08039694,-0.06915825,-0.05893773,-0.08165318,680,3.4,3.4024033546447754,0,0.884684145450592,0.11531581729650497
682,3.41,-0.11226108,-0.099429235,-0.08852844,-0.11261044,680,3.4,3.4024033546447754,0,0.884684145450592,0.11531581729650497
683,3.415,-0.11088877,-0.10480561,-0.1005808,-0.12066704,680,3.4,3.4024033546447754,0,0.884684145450592,0.11531581729650497
684,3.42,-0.07988509,-0.08522357,-0.090238154,-0.103526756,684,3.42,3.415297031402588,0,0.8876867890357971,0.11231325566768646
685,3.425,-0.034280673,-0.048767477,-0.06005249,-0.06658513,684,3.42,3.415297031402588,0,0.8876867890357971,0.11231325566768646
686,3.43,0.010164113,-0.00640134,-0.01885392,-0.020535944,684,3.42,3.415297031402588,0,0.8876867890357971,0.11231325566768646
687,3.435,0.043946262,0.032169,0.022189543,0.022682136,684,3.42,3.415297031402588,0,0.8876867890357971,0.11231325566768646
688,3.44,0.063850276,0.06001887,0.054011673,0.053729508,688,3.44,3.4349663257598877,0,0.8851836919784546,0.1148163378238678
689,3.445,0.06969787,0.0731648,0.07216185,0.0683565,688,3.44,3.4349663257598877,0,0.8851836919784546,0.1148163378238678
690,3.45,0.06261145,0.07084086,0.07647493,0.06796961,688,3.44,3.4349663257598877,0,0.8851836919784546,0.1148163378238678
691,3.455,0.04573816,0.05590343,0.06904272,0.058094773,688,3.44,3.4349663257598877,0,0.8851836919784546,0.1148163378238678
692,3.46,0.024966637,0.034344953,0.052561156,0.045314025,692,3.46,3.4601023197174072,0,0.883269727230072,0.1167302280664444
693,3.465,0.007498789,0.013382096,0.030226348,0.03427287,692,3.46,3.4601023197174072,0,0.883269727230072,0.1167302280664444
694,3.47,-0.0012320027,-0.001151832,0.0065414496,0.026524914,692,3.46,3.4601023197174072,0,0.883269727230072,0.1167302280664444
695,3.475,-0.0001655638,-0.0067893374,-0.012714434,0.021506544,692,3.46,3.4601023197174072,0,0.883269727230072,0.1167302280664444
696,3.48,0.0068383645,-0.005010893,-0.022507124,0.017972697,696,3.48,3.495105266571045,0,0.8731092810630798,0.12689071893692017
697,3.485,0.0126892775,-0.00046521166,-0.021731555,0.014092072,696,3.48,3.495105266571045,0,0.8731092810630798,0.12689071893692017
698,3.49,0.010290784,0.0008871568,-0.014971031,0.006609393,696,3.48,3.495105266571045,0,0.8731092810630798,0.12689071893692017
699,3.495,-0.0038324804,-0.0055723432,-0.010534443,-0.008530265,696,3.48,3.495105266571045,0,0.8731092810630798,0.12689071893692017
700,3.5,-0.027111746,-0.020449279,-0.015189355,-0.032815617,700,3.5,3.510826349258423,0,0.8886797428131104,0.11132021993398666
701,3.505,-0.05138377,-0.039212544,-0.029138856,-0.061399702,700,3.5,3.510826349258423,0,0.8886797428131104,0.11132021993398666
702,3.51,-0.066670395,-0.05399263,-0.045314547,-0.08331077,700,3.5,3.510826349258423,0,0.8886797428131104,0.11132021993398666
703,3.515,-0.06646686,-0.057817712,-0.053899944,-0.087337695,700,3.5,3.510826349258423,0,0.8886797428131104,0.11132021993398666
704,3.52,-0.05108273,-0.048517454,-0.048645847,-0.06968932,704,3.52,3.525015115737915,0,0.8897202610969543,0.11027982085943222
705,3.525,-0.026522905,-0.029274417,-0.030104464,-0.036794458,704,3.52,3.525015115737915,0,0.8897202610969543,0.11027982085943222
706,3.53,7.541651e-05,-0.005589716,-0.0039534373,-0.000464438,704,3.52,3.525015115737915,0,0.8897202610969543,0.11027982085943222
707,3.535,0.024279775,0.018152598,0.022954902,0.03011871,704,3.52,3.525015115737915,0,0.8897202610969543,0.11027982085943222
708,3.54,0.044149373,0.039197456,0.04500379,0.052161366,708,3.54,3.532015323638916,0,0.8898618817329407,0.11013811081647873
709,3.545,0.057287823,0.05446027,0.057936653,0.06626876,708,3.54,3.532015323638916,0,0.8898618817329407,0.11013811081647873
710,3.55,0.059818584,0.059853844,0.05908142,0.07164104,708,3.54,3.532015323638916,0,0.8898618817329407,0.11013811081647873
711,3.555,0.04954032,0.052984864,0.049039677,0.06565455,708,3.54,3.532015323638916,0,0.8898618817329407,0.11013811081647873
712,3.56,0.029762018,0.036329925,0.032564986,0.0477898,712,3.56,3.578317165374756,0,0.8851645588874817,0.11483544856309891
713,3.565,0.008400581,0.016280089,0.015737852,0.02212384,712,3.56,3.578317165374756,0,0.8851645588874817,0.11483544856309891
714,3.57,-0.008042918,-0.0020061058,0.00093297975,-0.005301063,712,3.56,3.578317165374756,0,0.8851645588874817,0.11483544856309891
715,3.575,-0.019583559,-0.018400649,-0.014837646,-0.030835817,712,3.56,3.578317165374756,0,0.8851645588874817,0.11483544856309891
716,3.58,-0.030983526,-0.035446536,-0.035057887,-0.05332082,716,3.58,3.583096981048584,0,0.876113772392273,0.12388622760772705
717,3.585,-0.044347223,-0.05201333,-0.056570273,-0.06957794,716,3.58,3.583096981048584,0,0.876113772392273,0.12388622760772705
718,3.59,-0.053780146,-0.06032998,-0.06826619,-0.071763694,716,3.58,3.583096981048584,0,0.876113772392273,0.12388622760772705
719,3.595,-0.04835421,-0.050791003,-0.058654323,-0.0519824,716,3.58,3.583096981048584,0,0.876113772392273,0.12388622760772705
720,3.6,-0.021583984,-0.020787232,-0.026174085,-0.011099411,720,3.6,3.600142002105713,0,0.8892205357551575,0.11077945679426193
721,3.605,0.020915357,0.020737186,0.017399644,0.03741782,720,3.6,3.600142002105713,0,0.8892205357551575,0.11077945679426193
722,3.61,0.06265893,0.05755368,0.054028086,0.07403283,720,3.6,3.600142002105713,0,0.8892205357551575,0.11077945679426193
723,3.615,0.085785314,0.07575206,0.070915475,0.08530403,720,3.6,3.600142002105713,0,0.8892205357551575,0.11077945679426193
724,3.62,0.08124519,0.07078555,0.06676229,0.07117353,724,3.62,3.627768039703369,0,0.8858166337013245,0.11418341845273972
725,3.625,0.05216856,0.047176152,0.048608553,0.04167468,724,3.62,3.627768039703369,0,0.8858166337013245,0.11418341845273972
726,3.63,0.009509218,0.013170195,0.023980424,0.007630069,724,3.62,3.627768039703369,0,0.8858166337013245,0.11418341845273972
727,3.635,-0.034490112,-0.023499776,-0.0034811443,-0.025113083,724,3.62,3.627768039703369,0,0.8858166337013245,0.11418341845273972
728,3.64,-0.06952461,-0.05555129,-0.031647664,-0.053553157,728,3.64,3.6421139240264893,0,0.8783921599388123,0.12160787731409073
729,3.645,-0.08728171,-0.07466132,-0.05528072,-0.07240062,728,3.64,3.6421139240264893,0,0.8783921599388123,0.12160787731409073
730,3.65,-0.08245697,-0.07342563,-0.06599844,-0.07392792,728,3.64,3.6421139240264893,0,0.8783921599388123,0.12160787731409073
731,3.655,-0.056380533,-0.051021945,-0.058240645,-0.054543775,728,3.64,3.6421139240264893,0,0.8783921599388123,0.12160787731409073
732,3.66,-0.0194154,-0.016918503,-0.03542971,-0.021302048,732,3.66,3.6720011234283447,0,0.8858479261398315,0.11415201425552368
733,3.665,0.012720057,0.01290079,-0.00942566,0.009761875,732,3.66,3.6720011234283447,0,0.8858479261398315,0.11415201425552368
734,3.67,0.028001968,0.025857495,0.00731441,0.023923794,732,3.66,3.6720011234283447,0,0.8858479261398315,0.11415201425552368
735,3.675,0.025704652,0.02101406,0.010333897,0.018323129,732,3.66,3.6720011234283447,0,0.8858479261398315,0.11415201425552368
736,3.68,0.016011512,0.008701968,0.005299606,0.0035141096,736,3.68,3.683068037033081,0,0.8889776468276978,0.11102239042520523
737,3.685,0.011759748,0.002117692,0.0024770207,-0.0052409275,736,3.68,3.683068037033081,0,0.8889776468276978,0.11102239042520523
738,3.69,0.018975534,0.00802232,0.008825953,0.000736562,736,3.68,3.683068037033081,0,0.8889776468276978,0.11102239042520523
739,3.695,0.033361875,0.023381416,0.023908703,0.018735463,736,3.68,3.683068037033081,0,0.8889776468276978,0.11102239042520523
740,3.7,0.044605147,0.03900044,0.04145676,0.03873886,740,3.7,3.709533452987671,0,0.8901167511940002,0.10988324880599976
741,3.705,0.044327028,0.046006955,0.05379699,0.05120375,740,3.7,3.709533452987671,0,0.8901167511940002,0.10988324880599976
742,3.71,0.031500448,0.04044141,0.055412065,0.051813196,740,3.7,3.709533452987671,0,0.8901167511940002,0.10988324880599976
743,3.715,0.012032124,0.024167195,0.0443198,0.041149393,740,3.7,3.709533452987671,0,0.8901167511940002,0.10988324880599976
744,3.72,-0.00595056,0.0031719066,0.022353092,0.02230098,744,3.72,3.7277016639709473,0,0.8887008428573608,0.11129912734031677
745,3.725,-0.01682092,-0.015048504,-0.004702473,-0.00019089617,744,3.72,3.7277016639709473,0,0.8887008428573608,0.11129912734031677
746,3.73,-0.019144267,-0.024269512,-0.02804401,-0.020198278,744,3.72,3.7277016639709473,0,0.8887008428573608,0.11129912734031677
747,3.735,-0.014742981,-0.022246784,-0.03936766,-0.031331725,744,3.72,3.7277016639709473,0,0.8887008428573608,0.11129912734031677
748,3.74,-0.0073942873,-0.012345688,-0.036000095,-0.030554008,748,3.74,3.7425570487976074,0,0.887315571308136,0.11268444359302521
749,3.745,-0.0020477746,-0.0023409864,-0.023527468,-0.02109511,748,3.74,3.7425570487976074,0,0.887315571308136,0.11268444359302521
750,3.75,-0.0033444487,6.7084635e-05,-0.012433782,-0.011002806,748,3.74,3.7425570487976074,0,0.887315571308136,0.11268444359302521
751,3.755,-0.012773221,-0.00757534,-0.010484019,-0.007651922,748,3.74,3.7425570487976074,0,0.887315571308136,0.11268444359302521
752,3.76,-0.026524559,-0.020782324,-0.01723912,-0.01282201,752,3.76,3.7708637714385986,0,0.8902002573013306,0.10979974269866943
753,3.765,-0.036955263,-0.031605225,-0.025531255,-0.0224431,752,3.76,3.7708637714385986,0,0.8902002573013306,0.10979974269866943
754,3.77,-0.03751565,-0.034357857,-0.02808991,-0.030389303,752,3.76,3.7708637714385986,0,0.8902002573013306,0.10979974269866943
755,3.775,-0.027260074,-0.028783714,-0.022949466,-0.03233063,752,3.76,3.7708637714385986,0,0.8902002573013306,0.10979974269866943
756,3.78,-0.011272997,-0.018776152,-0.013474451,-0.027068868,756,3.78,3.7986035346984863,0,0.8898728489875793,0.11012715101242065
757,3.785,0.0027388753,-0.008995638,-0.0045646126,-0.01617494,756,3.78,3.7986035346984863,0,0.8898728489875793,0.11012715101242065
758,3.79,0.008583392,-0.0025630263,0.00075238076,-0.0034456626,756,3.78,3.7986035346984863,0,0.8898728489875793,0.11012715101242065
759,3.795,0.0042644045,-0.00043077293,0.0023199318,0.006262196,756,3.78,3.7986035346984863,0,0.8898728489875793,0.11012715101242065
760,3.8,-0.006925825,-0.0012052318,0.0023145946,0.009777052,760,3.8,3.8153622150421143,0,0.8907263875007629,0.10927359759807587
761,3.805,-0.017085586,-0.0012903495,0.00414385,0.008414716,760,3.8,3.8153622150421143,0,0.8907263875007629,0.10927359759807587
762,3.81,-0.017137248,0.0034228961,0.010553219,0.00754849,760,3.8,3.8153622150421143,0,0.8907263875007629,0.10927359759807587
763,3.815,-0.0023479122,0.014479728,0.021282237,0.0121709,760,3.8,3.8153622150421143,0,0.8907263875007629,0.10927359759807587
764,3.82,0.023809435,0.029048664,0.032339323,0.022225717,764,3.82,3.8275461196899414,0,0.8881939053535461,0.11180602759122849
765,3.825,0.05118308,0.0416523,0.038555857,0.032471128,764,3.82,3.8275461196899414,0,0.8881939053535461,0.11180602759122849
766,3.83,0.06924095,0.048233725,0.037890285,0.037354905,764,3.82,3.8275461196899414,0,0.8881939053535461,0.11180602759122849
767,3.835,0.07325054,0.048833944,0.033490792,0.036299758,764,3.82,3.8275461196899414,0,0.8881939053535461,0.11180602759122849
768,3.84,0.06571952,0.04650708,0.030997446,0.034205057,768,3.84,3.8421883583068848,0,0.886185884475708,0.1138141006231308
769,3.845,0.052662943,0.043646447,0.03292364,0.036393706,768,3.84,3.8421883583068848,0,0.886185884475708,0.1138141006231308
770,3.85,0.03823375,0.03908268,0.03509593,0.04246537,768,3.84,3.8421883583068848,0,0.886185884475708,0.1138141006231308
771,3.855,0.021979805,0.028545573,0.02894144,0.044824824,768,3.84,3.8421883583068848,0,0.886185884475708,0.1138141006231308
772,3.86,0.0004912951,0.008281526,0.008498693,0.033753317,772,3.86,3.8751001358032227,0,0.8860987424850464,0.11390125006437302
773,3.865,-0.028332928,-0.021050133,-0.023524579,0.0051022545,772,3.86,3.8751001358032227,0,0.8860987424850464,0.11390125006437302
774,3.87,-0.061981767,-0.053417612,-0.056074973,-0.035654843,772,3.86,3.8751001358032227,0,0.8860987424850464,0.11390125006437302
775,3.875,-0.093281485,-0.08006938,-0.076472364,-0.07590161,772,3.86,3.8751001358032227,0,0.8860987424850464,0.11390125006437302
776,3.88,-0.11297397,-0.09340355,-0.077971496,-0.10221937,776,3.88,3.894237756729126,0,0.888332188129425,0.11166784167289734
777,3.885,-0.11285171,-0.089328356,-0.062478527,-0.10585976,776,3.88,3.894237756729126,0,0.888332188129425,0.11166784167289734
778,3.89,-0.08857008,-0.06794592,-0.037815064,-0.08531005,776,3.88,3.894237756729126,0,0.888332188129425,0.11166784167289734
779,3.895,-0.042676553,-0.034189075,-0.01333113,-0.046931595,776,3.88,3.894237756729126,0,0.888332188129425,0.11166784167289734
780,3.9,0.0129043,0.0016663873,0.0030256908,-0.0040601385,780,3.9,3.909975528717041,0,0.8809263706207275,0.11907362192869186
781,3.905,0.058569614,0.026468627,0.0066415053,0.027249543,780,3.9,3.909975528717041,0,0.8809263706207275,0.11907362192869186
782,3.91,0.07596733,0.031288162,-0.0013914978,0.036422275,780,3.9,3.909975528717041,0,0.8809263706207275,0.11907362192869186
783,3.915,0.06064477,0.019075187,-0.012865467,0.025968084,780,3.9,3.909975528717041,0,0.8809263706207275,0.11907362192869186
784,3.92,0.027990052,0.004968413,-0.0154681,0.011122571,784,3.92,3.92793607711792,0,0.8890745043754578,0.11092550307512283
785,3.925,0.004205678,0.005883465,-0.0006761755,0.00915886,784,3.92,3.92793607711792,0,0.8890745043754578,0.11092550307512283
786,3.93,0.006711506,0.026429744,0.028784342,0.025704395,784,3.92,3.92793607711792,0,0.8890745043754578,0.11092550307512283
787,3.935,0.02999363,0.05375258,0.058955,0.049775198,784,3.92,3.92793607711792,0,0.8890745043754578,0.11092550307512283
788,3.94,0.050164573,0.06718005,0.073613055,0.06246317,788,3.94,3.94219970703125,0,0.8877763748168945,0.11222362518310547
789,3.945,0.045114025,0.05499857,0.06558763,0.052045275,788,3.94,3.94219970703125,0,0.8877763748168945,0.11222362518310547
790,3.95,0.012837686,0.023743106,0.041259356,0.022631083,788,3.94,3.94219970703125,0,0.8877763748168945,0.11222362518310547
791,3.955,-0.027456952,-0.0077729523,0.014793366,-0.010204213,788,3.94,3.94219970703125,0,0.8877763748168945,0.11222362518310547
792,3.96,-0.05099564,-0.02361705,-0.0026393586,-0.03160357,792,3.96,3.948730945587158,0,0.8518983125686646,0.14810167253017426
793,3.965,-0.04544955,-0.021556068,-0.009611398,-0.036439378,792,3.96,3.948730945587158,0,0.8518983125686646,0.14810167253017426
794,3.97,-0.017263956,-0.011309441,-0.01230956,-0.028914561,792,3.96,3.948730945587158,0,0.8518983125686646,0.14810167253017426
795,3.975,0.015847342,-0.0039252383,-0.016685996,-0.015887188,792,3.96,3.948730945587158,0,0.8518983125686646,0.14810167253017426
796,3.98,0.03754898,-0.00293332,-0.022630265,-0.0016118309,796,3.98,3.9938011169433594,0,0.8860083222389221,0.11399168521165848
797,3.985,0.040971316,-0.004364511,-0.025193362,0.012057675,796,3.98,3.9938011169433594,0,0.8860083222389221,0.11399168521165848
798,3.99,0.02908687,-0.003440869,-0.020769533,0.022679051,796,3.98,3.9938011169433594,0,0.8860083222389221,0.11399168521165848
799,3.995,0.010257759,-0.0001491428,-0.01153737,0.026493618,796,3.98,3.9938011169433594,0,0.8860083222389221,0.11399168521165848
800,4.0,-0.00703529,0.0014015649,-0.003735907,0.021244833,800,4.0,4.002429008483887,0,0.8896297216415405,0.11037028580904007
801,4.005,-0.018025145,-0.0020761036,-0.0019013007,0.009009308,800,4.0,4.002429008483887,0,0.8896297216415405,0.11037028580904007
802,4.01,-0.02300888,-0.009540056,-0.005116925,-0.0046983943,800,4.0,4.002429008483887,0,0.8896297216415405,0.11037028580904007
803,4.015,-0.025668329,-0.016776178,-0.008775641,-0.015005835,800,4.0,4.002429008483887,0,0.8896297216415405,0.11037028580904007
804,4.02,-0.029266696,-0.020302592,-0.0094959615,-0.020881576,804,4.02,4.016778469085693,0,0.8901551961898804,0.10984482616186142
805,4.025,-0.033596035,-0.01991077,-0.00801326,-0.02450803,804,4.02,4.016778469085693,0,0.8901551961898804,0.10984482616186142
806,4.03,-0.035366993,-0.017899856,-0.0075319577,-0.02794528,804,4.02,4.016778469085693,0,0.8901551961898804,0.10984482616186142
807,4.035,-0.031550884,-0.016369803,-0.009709337,-0.03056719,804,4.02,4.016778469085693,0,0.8901551961898804,0.10984482616186142
808,4.04,-0.022116827,-0.015117748,-0.012340375,-0.029406525,808,4.04,4.032268285751343,0,0.8901762366294861,0.10982372611761093
809,4.045,-0.009353698,-0.011617173,-0.0107866395,-0.021666689,808,4.04,4.032268285751343,0,0.8901762366294861,0.10982372611761093
810,4.05,0.0049954937,-0.0029930985,-0.0018539226,-0.007230467,808,4.04,4.032268285751343,0,0.8901762366294861,0.10982372611761093
811,4.055,0.020871634,0.011194101,0.012950924,0.0104243485,808,4.04,4.032268285751343,0,0.8901762366294861,0.10982372611761093
812,4.06,0.037466276,0.027191252,0.027275098,0.02528943,812,4.06,4.065359592437744,0,0.8902295231819153,0.10977043211460114
813,4.065,0.050106928,0.038014118,0.03327936,0.031410877,812,4.06,4.065359592437744,0,0.8902295231819153,0.10977043211460114
814,4.07,0.051190685,0.037289273,0.026547529,0.025941689,812,4.06,4.065359592437744,0,0.8902295231819153,0.10977043211460114
815,4.075,0.036098566,0.023794558,0.0093412325,0.011164268,812,4.06,4.065359592437744,0,0.8902295231819153,0.10977043211460114
816,4.08,0.009176764,0.0033561515,-0.010124195,-0.005842876,816,4.08,4.086475133895874,0,0.8863264322280884,0.11367356777191162
817,4.085,-0.016558344,-0.0137315495,-0.022016635,-0.01612343,816,4.08,4.086475133895874,0,0.8863264322280884,0.11367356777191162
818,4.09,-0.027152939,-0.018371437,-0.020007882,-0.013114405,816,4.08,4.086475133895874,0,0.8863264322280884,0.11367356777191162
819,4.095,-0.017191753,-0.007838073,-0.0042024325,0.0037768802,816,4.08,4.086475133895874,0,0.8863264322280884,0.11367356777191162
820,4.1,0.0063049328,0.012484357,0.019049574,0.028030703,820,4.1,4.1010582447052,0,0.8885512351989746,0.11144878715276718
821,4.105,0.028032608,0.031337783,0.039454587,0.04803725,820,4.1,4.1010582447052,0,0.8885512351989746,0.11144878715276718
822,4.11,0.033152264,0.036575474,0.046203367,0.051937405,820,4.1,4.1010582447052,0,0.8885512351989746,0.11144878715276718
823,4.115,0.015433336,0.021281492,0.03244498,0.03382612,820,4.1,4.1010582447052,0,0.8885512351989746,0.11144878715276718
824,4.12,-0.018677756,-0.011130709,2.9808145e-05,-0.0015284439,824,4.12,4.127528667449951,0,0.88995760679245,0.11004235595464706
825,4.125,-0.0519864,-0.046280216,-0.038646013,-0.03911244,824,4.12,4.127528667449951,0,0.88995760679245,0.11004235595464706
826,4.13,-0.0652151,-0.06550283,-0.06537208,-0.06105914,824,4.12,4.127528667449951,0,0.88995760679245,0.11004235595464706
827,4.135,-0.049369693,-0.05773624,-0.06673116,-0.057718635,824,4.12,4.127528667449951,0,0.88995760679245,0.11004235595464706
828,4.14,-0.0134915,-0.02816088,-0.04341971,-0.034415737,828,4.14,4.142103672027588,0,0.8863486051559448,0.11365143209695816
829,4.145,0.020302473,0.0048752953,-0.009886014,-0.0073951245,828,4.14,4.142103672027588,0,0.8863486051559448,0.11365143209695816
830,4.15,0.033004146,0.02380337,0.016607499,0.008863521,828,4.14,4.142103672027588,0,0.8863486051559448,0.11365143209695816
831,4.155,0.023238719,0.02499679,0.028356254,0.012250835,828,4.14,4.142103672027588,0,0.8863486051559448,0.11365143209695816
832,4.16,0.0068647997,0.019108238,0.02999399,0.011881295,832,4.16,4.1670849323272705,0,0.8892598748207092,0.11074008792638779
833,4.165,0.0016981979,0.018605305,0.03000624,0.016637187,832,4.16,4.1670849323272705,0,0.8892598748207092,0.11074008792638779
834,4.17,0.011687895,0.025166648,0.03058055,0.025217695,832,4.16,4.1670849323272705,0,0.8892598748207092,0.11074008792638779
835,4.175,0.025137562,0.029325234,0.02644845,0.02788249,832,4.16,4.1670849323272705,0,0.8892598748207092,0.11074008792638779
836,4.18,0.027372336,0.021705028,0.013009843,0.017647209,836,4.18,4.1818530559539795,0,0.8892930746078491,0.11070692539215088
837,4.185,0.014448149,0.0033949367,-0.006191696,-0.0013470508,836,4.18,4.1818530559539795,0,0.8892930746078491,0.11070692539215088
838,4.19,-0.004995074,-0.015153718,-0.021363754,-0.017317124,836,4.18,4.1818530559539795,0,0.8892930746078491,0.11070692539215088
839,4.195,-0.019544398,-0.024559265,-0.025602521,-0.022305593,836,4.18,4.1818530559539795,0,0.8892930746078491,0.11070692539215088
840,4.2,-0.025121264,-0.024699645,-0.021169344,-0.019362966,840,4.2,4.209007740020752,0,0.8887732625007629,0.11122675985097885
841,4.205,-0.025765456,-0.022640137,-0.016345127,-0.018125877,840,4.2,4.209007740020752,0,0.8887732625007629,0.11122675985097885
842,4.21,-0.026497805,-0.02375892,-0.016664524,-0.023860255,840,4.2,4.209007740020752,0,0.8887732625007629,0.11122675985097885
843,4.215,-0.02723147,-0.02600901,-0.019767217,-0.031406168,840,4.2,4.209007740020752,0,0.8887732625007629,0.11122675985097885
844,4.22,-0.023656836,-0.022648893,-0.018434623,-0.029754419,844,4.22,4.216448068618774,0,0.8901584148406982,0.10984160751104355
845,4.225,-0.012550315,-0.00946736,-0.0077884584,-0.012181735,844,4.22,4.216448068618774,0,0.8901584148406982,0.10984160751104355
846,4.23,0.004960923,0.011175074,0.010577328,0.017742772,844,4.22,4.216448068618774,0,0.8901584148406982,0.10984160751104355
847,4.235,0.024808954,0.032522205,0.030403059,0.048821665,844,4.22,4.216448068618774,0,0.8901584148406982,0.10984160751104355
848,4.24,0.042969484,0.048254233,0.045338318,0.069740966,848,4.24,4.233716249465942,0,0.8906552791595459,0.10934480279684067
849,4.245,0.056143444,0.05499539,0.05166511,0.07451582,848,4.24,4.233716249465942,0,0.8906552791595459,0.10934480279684067
850,4.25,0.060388327,0.051472165,0.047892757,0.0628289,848,4.24,4.233716249465942,0,0.8906552791595459,0.10934480279684067
851,4.255,0.05114877,0.037130654,0.033474557,0.037609357,848,4.24,4.233716249465942,0,0.8906552791595459,0.10934480279684067
852,4.26,0.026403144,0.012686395,0.009068703,0.003510161,852,4.26,4.260815382003784,0,0.8840651512145996,0.11593478918075562
853,4.265,-0.009631481,-0.018024325,-0.021712732,-0.032891206,852,4.26,4.260815382003784,0,0.8840651512145996,0.11593478918075562
854,4.27,-0.046318468,-0.047420587,-0.051263176,-0.06316113,852,4.26,4.260815382003784,0,0.8840651512145996,0.11593478918075562
855,4.275,-0.07106724,-0.06629593,-0.06970084,-0.07909442,852,4.26,4.260815382003784,0,0.8840651512145996,0.11593478918075562
856,4.28,-0.07547805,-0.06781259,-0.06924626,-0.07614328,856,4.28,4.282032251358032,0,0.8806934952735901,0.11930649727582932
857,4.285,-0.05905461,-0.050989646,-0.04874799,-0.055832073,856,4.28,4.282032251358032,0,0.8806934952735901,0.11930649727582932
858,4.29,-0.028678253,-0.021559624,-0.015159365,-0.025388299,856,4.28,4.282032251358032,0,0.8806934952735901,0.11930649727582932
859,4.295,0.0049468284,0.010358254,0.019417629,0.0052390066,856,4.28,4.282032251358032,0,0.8806934952735901,0.11930649727582932
860,4.3,0.03149181,0.034524567,0.043486945,0.027347945,860,4.3,4.303215980529785,0,0.8865737318992615,0.11342627555131912
861,4.305,0.04422443,0.044621486,0.051253084,0.03666932,860,4.3,4.303215980529785,0,0.8865737318992615,0.11342627555131912
862,4.31,0.041738555,0.04026271,0.044255078,0.034619953,860,4.3,4.303215980529785,0,0.8865737318992615,0.11342627555131912
863,4.315,0.027988888,0.02629847,0.029067693,0.02710018,860,4.3,4.303215980529785,0,0.8865737318992615,0.11342627555131912
864,4.32,0.010368061,0.009939181,0.01286181,0.021005627,864,4.32,4.317262172698975,0,0.8905116319656372,0.10948832333087921
865,4.325,-0.0038193401,-0.0028456084,-0.0003669059,0.019860163,864,4.32,4.317262172698975,0,0.8905116319656372,0.10948832333087921
866,4.33,-0.010829003,-0.009761869,-0.010671686,0.021294892,864,4.32,4.317262172698975,0,0.8905116319656372,0.10948832333087921
867,4.335,-0.011636489,-0.012105725,-0.019843439,0.018824112,864,4.32,4.317262172698975,0,0.8905116319656372,0.10948832333087921
868,4.34,-0.009882424,-0.012448926,-0.027978579,0.0074659493,868,4.34,4.331871271133423,0,0.8849084377288818,0.11509154736995697
869,4.345,-0.008347395,-0.012132215,-0.032075215,-0.011011167,868,4.34,4.331871271133423,0,0.8849084377288818,0.11509154736995697
870,4.35,-0.0071314974,-0.010757274,-0.028316427,-0.028191594,868,4.34,4.331871271133423,0,0.8849084377288818,0.11509154736995697
871,4.355,-0.0050548334,-0.007861479,-0.016313616,-0.03524969,868,4.34,4.331871271133423,0,0.8849084377288818,0.11509154736995697
872,4.36,-0.0023429496,-0.00457873,-0.0011857381,-0.030187285,872,4.36,4.375352382659912,0,0.8840641379356384,0.1159358099102974
873,4.365,-0.0011797501,-0.0030435522,0.0092965225,-0.01935687,872,4.36,4.375352382659912,0,0.8840641379356384,0.1159358099102974
874,4.37,-0.0032210907,-0.003976118,0.010722629,-0.011653965,872,4.36,4.375352382659912,0,0.8840641379356384,0.1159358099102974
875,4.375,-0.0069414745,-0.0052825366,0.005911987,-0.010761238,872,4.36,4.375352382659912,0,0.8840641379356384,0.1159358099102974
876,4.38,-0.008075974,-0.00352478,0.0028059504,-0.012499089,876,4.38,4.391652345657349,0,0.8893956542015076,0.11060431599617004
877,4.385,-0.0027963526,0.0032825943,0.008068845,-0.009029171,876,4.38,4.391652345657349,0,0.8893956542015076,0.11060431599617004
878,4.39,0.009763055,0.014623825,0.022125402,0.0047350544,876,4.38,4.391652345657349,0,0.8893956542015076,0.11060431599617004
879,4.395,0.027565995,0.028759886,0.039553713,0.027964864,876,4.38,4.391652345657349,0,0.8893956542015076,0.11060431599617004
880,4.4,0.04661498,0.04361055,0.053132895,0.054856893,880,4.4,4.409754991531372,0,0.8905140161514282,0.10948595404624939
881,4.405,0.06066586,0.055223417,0.05690692,0.076784775,880,4.4,4.409754991531372,0,0.8905140161514282,0.10948595404624939
882,4.41,0.061194837,0.05621544,0.046561163,0.0840176,880,4.4,4.409754991531372,0,0.8905140161514282,0.10948595404624939
883,4.415,0.04100586,0.03861153,0.019864755,0.06853143,880,4.4,4.409754991531372,0,0.8905140161514282,0.10948595404624939
884,4.42,0.0008693726,0.0010387418,-0.020489018,0.028908568,884,4.42,4.432119131088257,0,0.8907201290130615,0.10927984118461609
885,4.425,-0.047117893,-0.046325933,-0.06427464,-0.025861109,884,4.42,4.432119131088257,0,0.8907201290130615,0.10927984118461609
886,4.43,-0.084967874,-0.08565378,-0.09634124,-0.07857517,884,4.42,4.432119131088257,0,0.8907201290130615,0.10927984118461609
887,4.435,-0.10015857,-0.10251503,-0.10475121,-0.11232652,884,4.42,4.432119131088257,0,0.8907201290130615,0.10927984118461609
888,4.44,-0.09297128,-0.09452108,-0.08802155,-0.11912483,888,4.44,4.443422079086304,0,0.8818966746330261,0.11810336261987686
889,4.445,-0.07289121,-0.06986921,-0.05475701,-0.101709545,888,4.44,4.443422079086304,0,0.8818966746330261,0.11810336261987686
890,4.45,-0.04797844,-0.038213875,-0.016306298,-0.06816729,888,4.44,4.443422079086304,0,0.8818966746330261,0.11810336261987686
891,4.455,-0.018279495,-0.0036951446,0.02008419,-0.025772475,888,4.44,4.443422079086304,0,0.8818966746330261,0.11810336261987686
892,4.46,0.02002176,0.0332686,0.051517703,0.019902036,892,4.46,4.4776291847229,0,0.8886141180992126,0.11138592660427094
893,4.465,0.06445171,0.06883831,0.07478721,0.061479084,892,4.46,4.4776291847229,0,0.8886141180992126,0.11138592660427094
894,4.47,0.101389624,0.092531666,0.08377496,0.0882671,892,4.46,4.4776291847229,0,0.8886141180992126,0.11138592660427094
895,4.475,0.11279771,0.092822514,0.07297996,0.09094181,892,4.46,4.4776291847229,0,0.8886141180992126,0.11138592660427094
896,4.48,0.0895429,0.06688265,0.04385076,0.069119595,896,4.48,4.4821271896362305,0,0.8891538381576538,0.110846146941185
897,4.485,0.03998016,0.025173096,0.0070309034,0.034148414,896,4.48,4.4821271896362305,0,0.8891538381576538,0.110846146941185
898,4.49,-0.013391326,-0.013681358,-0.022533674,0.003226356,896,4.48,4.4821271896362305,0,0.8891538381576538,0.110846146941185
899,4.495,-0.04665307,-0.033679653,-0.033922672,-0.010975462,896,4.48,4.4821271896362305,0,0.8891538381576538,0.110846146941185
900,4.5,-0.0476617,-0.029854132,-0.025645882,-0.0070226667,900,4.5,4.503633737564087,0,0.8713657259941101,0.1286342591047287
901,4.505,-0.021814784,-0.009468701,-0.0051053367,0.00663926,900,4.5,4.503633737564087,0,0.8713657259941101,0.1286342591047287
902,4.51,0.011985811,0.0130919805,0.015991537,0.01852135,900,4.5,4.503633737564087,0,0.8713657259941101,0.1286342591047287
903,4.515,0.03217676,0.023873556,0.026799783,0.02057531,900,4.5,4.503633737564087,0,0.8713657259941101,0.1286342591047287
904,4.52,0.026184013,0.01583334,0.021323854,0.010793468,904,4.52,4.527957916259766,0,0.8871808648109436,0.1128191351890564
905,4.525,-0.003342608,-0.008104055,0.0008212956,-0.007689271,904,4.52,4.527957916259766,0,0.8871808648109436,0.1128191351890564
906,4.53,-0.04106588,-0.03682346,-0.026334688,-0.028984664,904,4.52,4.527957916259766,0,0.8871808648109436,0.1128191351890564
907,4.535,-0.06840872,-0.057116702,-0.048395142,-0.046930417,904,4.52,4.527957916259766,0,0.8871808648109436,0.1128191351890564
908,4.54,-0.073651634,-0.060703233,-0.056247514,-0.05693104,908,4.54,4.542543411254883,0,0.8876533508300781,0.11234668642282486
909,4.545,-0.056414776,-0.047577366,-0.04767536,-0.056575056,908,4.54,4.542543411254883,0,0.8876533508300781,0.11234668642282486
910,4.55,-0.02490838,-0.023778232,-0.02678875,-0.04512977,908,4.54,4.542543411254883,0,0.8876533508300781,0.11234668642282486
911,4.555,0.010271027,0.003573072,-6.302563e-05,-0.023263289,908,4.54,4.542543411254883,0,0.8876533508300781,0.11234668642282486
912,4.56,0.04048346,0.029076645,0.026476357,0.005684446,912,4.56,4.565919637680054,0,0.8894166946411133,0.11058337986469269
913,4.565,0.059496824,0.047914147,0.046647098,0.033859912,912,4.56,4.565919637680054,0,0.8894166946411133,0.11058337986469269
914,4.57,0.06254177,0.054072667,0.052961417,0.049805187,912,4.56,4.565919637680054,0,0.8894166946411133,0.11058337986469269
915,4.575,0.047523234,0.04243299,0.039377447,0.044249475,912,4.56,4.565919637680054,0,0.8894166946411133,0.11058337986469269
916,4.58,0.018417392,0.014527842,0.00766321,0.017923439,916,4.58,4.583770513534546,0,0.8884162902832031,0.11158371716737747
917,4.585,-0.013311121,-0.01798636,-0.028959572,-0.015509003,916,4.58,4.583770513534546,0,0.8884162902832031,0.11158371716737747
918,4.59,-0.03318187,-0.03797511,-0.051055446,-0.03610466,916,4.58,4.583770513534546,0,0.8884162902832031,0.11158371716737747
919,4.595,-0.03257824,-0.03416068,-0.045506895,-0.030652853,916,4.58,4.583770513534546,0,0.8884162902832031,0.11158371716737747
920,4.6,-0.015146846,-0.010120911,-0.01565671,-0.00223501,920,4.6,4.604106426239014,0,0.88776034116745,0.11223971098661423
921,4.605,0.005533131,0.01767507,0.020264227,0.03179702,920,4.6,4.604106426239014,0,0.88776034116745,0.11223971098661423
922,4.61,0.016090998,0.032168914,0.0421108,0.052231144,920,4.6,4.604106426239014,0,0.88776034116745,0.11223971098661423
923,4.615,0.013025467,0.028041739,0.041668154,0.05080665,920,4.6,4.604106426239014,0,0.88776034116745,0.11223971098661423
924,4.62,0.0034471222,0.013379854,0.025957163,0.033289593,924,4.62,4.631777763366699,0,0.889697790145874,0.11030225455760956
925,4.625,-0.0034569507,-5.5756467e-05,0.00825764,0.011490117,924,4.62,4.631777763366699,0,0.889697790145874,0.11030225455760956
926,4.63,-0.005594061,-0.007842232,-0.003752435,-0.007318733,924,4.62,4.631777763366699,0,0.889697790145874,0.11030225455760956
927,4.635,-0.008368271,-0.01425356,-0.011483463,-0.02348914,924,4.62,4.631777763366699,0,0.889697790145874,0.11030225455760956
928,4.64,-0.015993075,-0.023398852,-0.018534683,-0.038677525,928,4.64,4.633599281311035,0,0.8869644999504089,0.11303544044494629
929,4.645,-0.023532733,-0.0306767,-0.022416469,-0.04828339,928,4.64,4.633599281311035,0,0.8869644999504089,0.11303544044494629
930,4.65,-0.019632887,-0.025103528,-0.0152244875,-0.042458568,928,4.64,4.633599281311035,0,0.8869644999504089,0.11303544044494629
931,4.655,0.0012867869,-0.0013788663,0.0064795283,-0.016347004,928,4.64,4.633599281311035,0,0.8869644999504089,0.11303544044494629
932,4.66,0.029894937,0.030840032,0.033299934,0.020709954,932,4.66,4.6653783321380615,0,0.8885946273803711,0.1114053949713707
933,4.665,0.04699402,0.051525507,0.046661783,0.0480658,932,4.66,4.6653783321380615,0,0.8885946273803711,0.1114053949713707
934,4.67,0.039752014,0.04606324,0.033063184,0.048443735,932,4.66,4.6653783321380615,0,0.8885946273803711,0.1114053949713707
935,4.675,0.013565205,0.017546186,-0.0039126556,0.021671377,932,4.66,4.6653783321380615,0,0.8885946273803711,0.1114053949713707
936,4.68,-0.01285307,-0.016369857,-0.045325615,-0.015395304,936,4.68,4.682132005691528,0,0.8845455646514893,0.11545448005199432
937,4.685,-0.024766857,-0.03875678,-0.07084435,-0.042617463,936,4.68,4.682132005691528,0,0.8845455646514893,0.11545448005199432
938,4.69,-0.02374894,-0.045708362,-0.072204806,-0.050940126,936,4.68,4.682132005691528,0,0.8845455646514893,0.11545448005199432
939,4.695,-0.022882089,-0.044563524,-0.05518062,-0.044885505,936,4.68,4.682132005691528,0,0.8845455646514893,0.11545448005199432
940,4.7,-0.030694867,-0.04216408,-0.030990021,-0.033467747,940,4.7,4.704175233840942,0,0.889136016368866,0.11086396127939224
941,4.705,-0.041072894,-0.036798865,-0.0070997435,-0.020688046,940,4.7,4.704175233840942,0,0.889136016368866,0.11086396127939224
942,4.71,-0.039227586,-0.02172854,0.014828375,-0.0047630835,940,4.7,4.704175233840942,0,0.889136016368866,0.11086396127939224
943,4.715,-0.016791224,0.00512798,0.035052914,0.015678696,940,4.7,4.704175233840942,0,0.889136016368866,0.11086396127939224
944,4.72,0.019342678,0.036574576,0.052289594,0.037113134,944,4.72,4.727877378463745,0,0.890082836151123,0.10991715639829636
945,4.725,0.05218058,0.06106564,0.06416169,0.053301025,944,4.72,4.727877378463745,0,0.890082836151123,0.10991715639829636
946,4.73,0.06758249,0.07130715,0.069405295,0.060633745,944,4.72,4.727877378463745,0,0.890082836151123,0.10991715639829636
947,4.735,0.06291316,0.067919604,0.06817466,0.06005416,944,4.72,4.727877378463745,0,0.890082836151123,0.10991715639829636
948,4.74,0.04546449,0.055880785,0.060179077,0.053862184,948,4.74,4.741613388061523,0,0.8885203003883362,0.11147968471050262
949,4.745,0.024726028,0.038874824,0.043665744,0.04197713,948,4.74,4.741613388061523,0,0.8885203003883362,0.11147968471050262
950,4.75,0.0063533266,0.017496053,0.017334683,0.022460068,948,4.74,4.741613388061523,0,0.8885203003883362,0.11147968471050262
951,4.755,-0.008608893,-0.008124307,-0.016535738,-0.0044830884,948,4.74,4.741613388061523,0,0.8885203003883362,0.11147968471050262
952,4.76,-0.021522766,-0.035479542,-0.051386848,-0.03415531,952,4.76,4.765212297439575,0,0.8792526721954346,0.12074726819992065
953,4.765,-0.03425189,-0.05997408,-0.07934014,-0.059717547,952,4.76,4.765212297439575,0,0.8792526721954346,0.12074726819992065
954,4.77,-0.047823276,-0.077238165,-0.095125936,-0.07651359,952,4.76,4.765212297439575,0,0.8792526721954346,0.12074726819992065
955,4.775,-0.060461942,-0.08428751,-0.09737352,-0.08342277,952,4.76,4.765212297439575,0,0.8792526721954346,0.12074726819992065
956,4.78,-0.06612754,-0.07879199,-0.08669875,-0.080222026,956,4.78,4.783597469329834,0,0.8881115317344666,0.11188840121030807
957,4.785,-0.05674511,-0.058874212,-0.06345484,-0.06501847,956,4.78,4.783597469329834,0,0.8881115317344666,0.11188840121030807
958,4.79,-0.028672872,-0.025284331,-0.028092531,-0.03579203,956,4.78,4.783597469329834,0,0.8881115317344666,0.11188840121030807
959,4.795,0.011529386,0.015866335,0.016066482,0.004992312,956,4.78,4.783597469329834,0,0.8881115317344666,0.11188840121030807
960,4.8,0.048511337,0.053625554,0.06078962,0.04789665,960,4.8,4.806802034378052,0,0.8842186331748962,0.11578134447336197
961,4.805,0.067418985,0.07715322,0.09454433,0.07978319,960,4.8,4.806802034378052,0,0.8842186331748962,0.11578134447336197
962,4.81,0.06375278,0.08155017,0.10748936,0.09087866,960,4.8,4.806802034378052,0,0.8842186331748962,0.11578134447336197
963,4.815,0.04506281,0.0695232,0.096438095,0.07993658,960,4.8,4.806802034378052,0,0.8842186331748962,0.11578134447336197
964,4.82,0.023281062,0.04768815,0.06620535,0.053635865,964,4.82,4.832137584686279,0,0.8898927569389343,0.1101071909070015
965,4.825,0.0054068104,0.021538807,0.026622212,0.021545622,964,4.82,4.832137584686279,0,0.8898927569389343,0.1101071909070015
966,4.83,-0.0088906055,-0.0060160225,-0.012245623,-0.008729763,964,4.82,4.832137584686279,0,0.8898927569389343,0.1101071909070015
967,4.835,-0.02196376,-0.03200352,-0.04328097,-0.03290884,964,4.82,4.832137584686279,0,0.8898927569389343,0.1101071909070015
968,4.84,-0.03205651,-0.050685316,-0.06245258,-0.048361577,968,4.84,4.843029260635376,0,0.8605148792266846,0.13948513567447662
969,4.845,-0.033048533,-0.054770883,-0.06729244,-0.05231334,968,4.84,4.843029260635376,0,0.8605148792266846,0.13948513567447662
970,4.85,-0.020117417,-0.04029644,-0.056427076,-0.04232778,968,4.84,4.843029260635376,0,0.8605148792266846,0.13948513567447662
971,4.855,0.0042455182,-0.011239464,-0.031572737,-0.01917008,968,4.84,4.843029260635376,0,0.8605148792266846,0.13948513567447662
972,4.86,0.029206187,0.020062665,-0.0003286094,0.010198651,972,4.86,4.878334283828735,0,0.887239933013916,0.1127600222826004
973,4.865,0.04057022,0.037826885,0.02412464,0.03286718,972,4.86,4.878334283828735,0,0.887239933013916,0.1127600222826004
974,4.87,0.028790457,0.031067124,0.028950607,0.035546727,972,4.86,4.878334283828735,0,0.887239933013916,0.1127600222826004
975,4.875,-0.0044704457,0.0009947681,0.010767971,0.0135678975,972,4.86,4.878334283828735,0,0.887239933013916,0.1127600222826004
976,4.88,-0.045008168,-0.03716008,-0.019029656,-0.022867166,976,4.88,4.883452653884888,0,0.8880152702331543,0.1119847521185875
977,4.885,-0.071621954,-0.060603105,-0.03879209,-0.051547013,976,4.88,4.883452653884888,0,0.8880152702331543,0.1119847521185875
978,4.89,-0.066878654,-0.051629514,-0.029987225,-0.05084723,976,4.88,4.883452653884888,0,0.8880152702331543,0.1119847521185875
979,4.895,-0.027908279,-0.009421059,0.009255013,-0.014680252,976,4.88,4.883452653884888,0,0.8880152702331543,0.1119847521185875
980,4.9,0.029537812,0.047186535,0.060649954,0.04105763,980,4.9,4.900207757949829,0,0.8885712027549744,0.11142875254154205
981,4.905,0.07795686,0.08932184,0.09596322,0.086545855,980,4.9,4.900207757949829,0,0.8885712027549744,0.11142875254154205
982,4.91,0.09342318,0.09507335,0.09462656,0.09628931,980,4.9,4.900207757949829,0,0.8885712027549744,0.11142875254154205
983,4.915,0.07005239,0.06279421,0.056684043,0.06514314,980,4.9,4.900207757949829,0,0.8885712027549744,0.11142875254154205
984,4.92,0.023181872,0.011176394,0.0018861332,0.010571337,984,4.92,4.927692174911499,0,0.8895830512046814,0.1104169711470604
985,4.925,-0.021755252,-0.034222536,-0.044362552,-0.040361665,984,4.92,4.927692174911499,0,0.8895830512046814,0.1104169711470604
986,4.93,-0.04652594,-0.05790383,-0.06769141,-0.06904728,984,4.92,4.927692174911499,0,0.8895830512046814,0.1104169711470604
987,4.935,-0.050097037,-0.061833724,-0.07152275,-0.0745555,984,4.92,4.927692174911499,0,0.8895830512046814,0.1104169711470604
988,4.94,-0.044011667,-0.058292873,-0.06929239,-0.068027034,988,4.94,4.942861080169678,0,0.8820475339889526,0.11795250326395035
989,4.945,-0.03867618,-0.05568651,-0.069658324,-0.059075546,988,4.94,4.942861080169678,0,0.8820475339889526,0.11795250326395035
990,4.95,-0.033949558,-0.050873205,-0.06830968,-0.047418285,988,4.94,4.942861080169678,0,0.8820475339889526,0.11795250326395035
991,4.955,-0.022509294,-0.034946907,-0.053839315,-0.026925774,988,4.94,4.942861080169678,0,0.8820475339889526,0.11795250326395035
992,4.96,-0.0012432829,-0.005794088,-0.021482715,0.0034968224,992,4.96,4.967245817184448,0,0.888654351234436,0.11134570091962814
993,4.965,0.022238687,0.026334815,0.019510623,0.03462441,992,4.96,4.967245817184448,0,0.888654351234436,0.11134570091962814
994,4.97,0.035282075,0.046677485,0.05270151,0.053415902,992,4.96,4.967245817184448,0,0.888654351234436,0.11134570091962814
995,4.975,0.032065913,0.04931004,0.06858188,0.054742046,992,4.96,4.967245817184448,0,0.888654351234436,0.11134570091962814
996,4.98,0.01924969,0.042175032,0.07161839,0.04613928,996,4.98,4.994769811630249,0,0.8890038132667542,0.11099623143672943
997,4.985,0.0098676495,0.038755607,0.07345333,0.040615145,996,4.98,4.994769811630249,0,0.8890038132667542,0.11099623143672943
998,4.99,0.011790411,0.044845693,0.079600714,0.04443254,996,4.98,4.994769811630249,0,0.8890038132667542,0.11099623143672943
999,4.995,0.021354463,0.05294783,0.08282495,0.051160246,996,4.98,4.994769811630249,0,0.8890038132667542,0.11099623143672943
1000,5.0,0.026886519,0.048816588,0.06919765,0.04695698,1000,5.0,5.0093419551849365,0,0.8889749646186829,0.11102505773305893
1001,5.005,0.018351978,0.023869168,0.031016786,0.022327468,1000,5.0,5.0093419551849365,0,0.8889749646186829,0.11102505773305893
1002,5.01,-0.0044564223,-0.016800137,-0.024630455,-0.01906037,1000,5.0,5.0093419551849365,0,0.8889749646186829,0.11102505773305893
1003,5.015,-0.030870304,-0.056684215,-0.07850395,-0.061070725,1000,5.0,5.0093419551849365,0,0.8889749646186829,0.11102505773305893
1004,5.02,-0.046157382,-0.07839179,-0.110746756,-0.08481852,1004,5.02,5.021212100982666,0,0.8781770467758179,0.12182295322418213
1005,5.025,-0.041699402,-0.07477633,-0.11262931,-0.08068072,1004,5.02,5.021212100982666,0,0.8781770467758179,0.12182295322418213
1006,5.03,-0.021337364,-0.052887388,-0.090363964,-0.054325283,1004,5.02,5.021212100982666,0,0.8781770467758179,0.12182295322418213
1007,5.035,0.0011557745,-0.028143916,-0.05908073,-0.022571702,1004,5.02,5.021212100982666,0,0.8781770467758179,0.12182295322418213
1008,5.04,0.012102744,-0.013083179,-0.032003824,-0.0019319277,1008,5.04,5.033708572387695,0,0.8885408043861389,0.11145922541618347
1009,5.045,0.0080371415,-0.00891469,-0.012703248,0.002199866,1008,5.04,5.033708572387695,0,0.8885408043861389,0.11145922541618347
1010,5.05,-0.0019704388,-0.005978891,0.0045617926,-0.0017848321,1008,5.04,5.033708572387695,0,0.8885408043861389,0.11145922541618347
1011,5.055,-0.0036942305,0.0075035337,0.027557023,0.001111557,1008,5.04,5.033708572387695,0,0.8885408043861389,0.11145922541618347
1012,5.06,0.01086695,0.035211608,0.057912823,0.020708172,1012,5.06,5.065411329269409,0,0.8886048793792725,0.11139511317014694
1013,5.065,0.036768783,0.068646684,0.0882526,0.053563647,1012,5.06,5.065411329269409,0,0.8886048793792725,0.11139511317014694
1014,5.07,0.058742095,0.09173955,0.10619611,0.08398309,1012,5.06,5.065411329269409,0,0.8886048793792725,0.11139511317014694
1015,5.075,0.06076417,0.0902958,0.10159063,0.09310828,1012,5.06,5.065411329269409,0,0.8886048793792725,0.11139511317014694
1016,5.08,0.03593685,0.059941914,0.07184346,0.07011702,1016,5.08,5.083710432052612,0,0.8893682956695557,0.11063171178102493
1017,5.085,-0.009040796,0.008576446,0.023002088,0.019017216,1016,5.08,5.083710432052612,0,0.8893682956695557,0.11063171178102493
1018,5.09,-0.056717135,-0.04688452,-0.032425005,-0.04242291,1016,5.08,5.083710432052612,0,0.8893682956695557,0.11063171178102493
1019,5.095,-0.08738328,-0.08755183,-0.079250716,-0.09097719,1016,5.08,5.083710432052612,0,0.8893682956695557,0.11063171178102493
1020,5.1,-0.08904618,-0.10069711,-0.10441955,-0.10934895,1020,5.1,5.100699424743652,0,0.8752455711364746,0.1247544139623642
1021,5.105,-0.06343728,-0.08539948,-0.102049805,-0.09447208,1020,5.1,5.100699424743652,0,0.8752455711364746,0.1247544139623642
1022,5.11,-0.02412503,-0.052185375,-0.07619616,-0.057634212,1020,5.1,5.100699424743652,0,0.8752455711364746,0.1247544139623642
1023,5.115,0.01214186,-0.01630136,-0.038787473,-0.01637116,1020,5.1,5.100699424743652,0,0.8752455711364746,0.1247544139623642
1024,5.12,0.03449488,0.0108064925,-0.003442977,0.015847556,1024,5.12,5.127005577087402,0,0.8838372230529785,0.11616278439760208
1025,5.125,0.041033946,0.025602471,0.020693447,0.03464156,1024,5.12,5.127005577087402,0,0.8838372230529785,0.11616278439760208
1026,5.13,0.03554697,0.03028897,0.031382054,0.042229988,1024,5.12,5.127005577087402,0,0.8838372230529785,0.11616278439760208
1027,5.135,0.023246037,0.028518397,0.031995516,0.04219757,1024,5.12,5.127005577087402,0,0.8838372230529785,0.11616278439760208
1028,5.14,0.010031932,0.024045233,0.029037286,0.03755416,1028,5.14,5.142002820968628,0,0.887900173664093,0.11209986358880997
1029,5.145,0.0036242045,0.02217838,0.029806968,0.0325474,1028,5.14,5.142002820968628,0,0.887900173664093,0.11209986358880997
1030,5.15,0.011390506,0.029216988,0.039344005,0.033157844,1028,5.14,5.142002820968628,0,0.887900173664093,0.11209986358880997
1031,5.155,0.033757824,0.047145095,0.056446407,0.042633027,1028,5.14,5.142002820968628,0,0.887900173664093,0.11209986358880997
1032,5.16,0.059202865,0.067782424,0.071597725,0.055422682,1032,5.16,5.166977405548096,0,0.8839877843856812,0.11601228266954422
1033,5.165,0.06816296,0.07404647,0.070523806,0.057135962,1032,5.16,5.166977405548096,0,0.8839877843856812,0.11601228266954422
1034,5.17,0.04591149,0.05078907,0.04318824,0.033834316,1032,5.16,5.166977405548096,0,0.8839877843856812,0.11601228266954422
1035,5.175,-0.0048006824,-0.0019543418,-0.007558914,-0.015404194,1032,5.16,5.166977405548096,0,0.8839877843856812,0.11601228266954422
1036,5.18,-0.06230986,-0.064794414,-0.064834386,-0.07363055,1036,5.18,5.194395303726196,0,0.872082531452179,0.12791749835014343
1037,5.185,-0.09855129,-0.10916535,-0.1061373,-0.11459106,1036,5.18,5.194395303726196,0,0.872082531452179,0.12791749835014343
1038,5.19,-0.096937574,-0.11526548,-0.115925945,-0.119200416,1036,5.18,5.194395303726196,0,0.872082531452179,0.12791749835014343
1039,5.195,-0.06247517,-0.08434941,-0.09366592,-0.08749705,1036,5.18,5.194395303726196,0,0.872082531452179,0.12791749835014343
1040,5.2,-0.017073499,-0.03638534,-0.05230876,-0.037346087,1040,5.2,5.20936918258667,0,0.8875344395637512,0.11246554553508759
1041,5.205,0.015634779,0.0042679887,-0.009372854,0.008161153,1040,5.2,5.20936918258667,0,0.8875344395637512,0.11246554553508759
1042,5.21,0.0244917,0.023863202,0.022512862,0.03453572,1040,5.2,5.20936918258667,0,0.8875344395637512,0.11246554553508759
1043,5.215,0.01478528,0.024686439,0.039789308,0.041537937,1040,5.2,5.20936918258667,0,0.8875344395637512,0.11246554553508759
1044,5.22,0.0012909918,0.019112514,0.045898385,0.038682938,1044,5.22,5.225537061691284,0,0.885175883769989,0.11482419818639755
1045,5.225,-0.0029160099,0.018659778,0.046228334,0.035977043,1044,5.22,5.225537061691284,0,0.885175883769989,0.11482419818639755
1046,5.23,0.0060790437,0.02644238,0.044218343,0.037252743,1044,5.22,5.225537061691284,0,0.885175883769989,0.11482419818639755
1047,5.235,0.022961421,0.037274197,0.040639136,0.039900523,1044,5.22,5.225537061691284,0,0.885175883769989,0.11482419818639755
1048,5.24,0.038530007,0.043472756,0.035122745,0.03927743,1048,5.24,5.244559288024902,0,0.8863382935523987,0.11366165429353714
1049,5.245,0.045516603,0.04077583,0.027542528,0.03297645,1048,5.24,5.244559288024902,0,0.8863382935523987,0.11366165429353714
1050,5.25,0.041148987,0.029982086,0.017866403,0.021572849,1048,5.24,5.244559288024902,0,0.8863382935523987,0.11366165429353714
1051,5.255,0.026461668,0.014465383,0.0054609724,0.0066438476,1048,5.24,5.244559288024902,0,0.8863382935523987,0.11366165429353714
1052,5.26,0.0050191693,-0.0027049312,-0.010200945,-0.010529847,1052,5.26,5.261219263076782,0,0.8762738108634949,0.12372617423534393
1053,5.265,-0.017263385,-0.019063914,-0.027362987,-0.027830593,1052,5.26,5.261219263076782,0,0.8762738108634949,0.12372617423534393
1054,5.27,-0.0326758,-0.03142904,-0.040981308,-0.04084767,1052,5.26,5.261219263076782,0,0.8762738108634949,0.12372617423534393
1055,5.275,-0.035014376,-0.036207624,-0.045309667,-0.04438149,1052,5.26,5.261219263076782,0,0.8762738108634949,0.12372617423534393
1056,5.28,-0.02457118,-0.0322666,-0.038622152,-0.03673481,1056,5.28,5.2923829555511475,0,0.8837204575538635,0.1162794902920723
1057,5.285,-0.009828559,-0.023165869,-0.025319349,-0.022418095,1056,5.28,5.2923829555511475,0,0.8837204575538635,0.1162794902920723
1058,5.29,-0.0022544628,-0.015169834,-0.01253029,-0.009475604,1056,5.28,5.2923829555511475,0,0.8837204575538635,0.1162794902920723
1059,5.295,-0.007302678,-0.012029953,-0.004162987,-0.0031798573,1056,5.28,5.2923829555511475,0,0.8837204575538635,0.1162794902920723
1060,5.3,-0.01959913,-0.011749956,0.0014669789,-0.0021881065,1060,5.3,5.310653924942017,0,0.888701319694519,0.11129873991012573
1061,5.305,-0.027133346,-0.0089067165,0.008059561,-0.0010029194,1060,5.3,5.310653924942017,0,0.888701319694519,0.11129873991012573
1062,5.31,-0.02082639,-0.00015052273,0.016161606,0.004073385,1060,5.3,5.310653924942017,0,0.888701319694519,0.11129873991012573
1063,5.315,-0.0010770209,0.012770975,0.0224756,0.011801631,1060,5.3,5.310653924942017,0,0.888701319694519,0.11129873991012573
1064,5.32,0.023489796,0.02500329,0.024200467,0.018411102,1064,5.32,5.325959205627441,0,0.8906024098396301,0.10939757525920868
1065,5.325,0.042442184,0.032631643,0.02279395,0.021975918,1064,5.32,5.325959205627441,0,0.8906024098396301,0.10939757525920868
1066,5.33,0.04913413,0.034405194,0.022211049,0.02351746,1064,5.32,5.325959205627441,0,0.8906024098396301,0.10939757525920868
1067,5.335,0.042316727,0.030438213,0.023462284,0.024117697,1064,5.32,5.325959205627441,0,0.8906024098396301,0.10939757525920868
1068,5.34,0.025062121,0.020926505,0.022195958,0.022344945,1068,5.34,5.341465711593628,0,0.8880458474159241,0.11195414513349533
1069,5.345,0.0034198214,0.0072012716,0.013034354,0.015813945,1068,5.34,5.341465711593628,0,0.8880458474159241,0.11195414513349533
1070,5.35,-0.014939526,-0.006495499,-0.003391776,0.0053716777,1068,5.34,5.341465711593628,0,0.8880458474159241,0.11195414513349533
1071,5.355,-0.023475647,-0.014161554,-0.018743161,-0.0034852396,1068,5.34,5.341465711593628,0,0.8880458474159241,0.11195414513349533
1072,5.36,-0.02082017,-0.012917466,-0.02389683,-0.0050125215,1072,5.36,5.36220645904541,0,0.883601725101471,0.11639826744794846
1073,5.365,-0.013008024,-0.0073925015,-0.018549852,3.4862132e-05,1072,5.36,5.36220645904541,0,0.883601725101471,0.11639826744794846
1074,5.37,-0.010341062,-0.0079151355,-0.013329247,0.0025935038,1072,5.36,5.36220645904541,0,0.883601725101471,0.11639826744794846
1075,5.375,-0.019323245,-0.021741297,-0.020353463,-0.007894112,1072,5.36,5.36220645904541,0,0.883601725101471,0.11639826744794846
1076,5.38,-0.035588205,-0.04410724,-0.0398006,-0.03274941,1076,5.38,5.394413471221924,0,0.890044093132019,0.10995583236217499
1077,5.385,-0.044962354,-0.05836944,-0.055783607,-0.05932487,1076,5.38,5.394413471221924,0,0.890044093132019,0.10995583236217499
1078,5.39,-0.03395321,-0.047786344,-0.047762353,-0.0683185,1076,5.38,5.394413471221924,0,0.890044093132019,0.10995583236217499
1079,5.395,-0.0021105013,-0.010469254,-0.009186708,-0.048672996,1076,5.38,5.394413471221924,0,0.890044093132019,0.10995583236217499
1080,5.4,0.034741547,0.035776958,0.04321876,-0.0078033805,1080,5.4,5.408898115158081,0,0.8899328112602234,0.1100672110915184
1081,5.405,0.05481699,0.06462669,0.07926065,0.03231699,1080,5.4,5.408898115158081,0,0.8899328112602234,0.1100672110915184
1082,5.41,0.04683653,0.06042133,0.07731178,0.05089192,1080,5.4,5.408898115158081,0,0.8899328112602234,0.1100672110915184
1083,5.415,0.018995225,0.029699543,0.04053836,0.04309729,1080,5.4,5.408898115158081,0,0.8899328112602234,0.1100672110915184
1084,5.42,-0.0074990806,-0.0045309104,-0.006052072,0.021799803,1084,5.42,5.426274538040161,0,0.8901680111885071,0.10983201116323471
1085,5.425,-0.015108087,-0.020801255,-0.03484605,0.005456165,1084,5.42,5.426274538040161,0,0.8901680111885071,0.10983201116323471
1086,5.43,-0.002865241,-0.014426925,-0.035008576,0.0032623687,1084,5.42,5.426274538040161,0,0.8901680111885071,0.10983201116323471
1087,5.435,0.014937948,0.0019507387,-0.01693626,0.010167427,1084,5.42,5.426274538040161,0,0.8901680111885071,0.10983201116323471
1088,5.44,0.022066224,0.011449377,-0.00014267245,0.014665838,1088,5.44,5.444106578826904,0,0.885337769985199,0.11466224491596222
1089,5.445,0.013349592,0.0073763146,0.0036063208,0.010778854,1088,5.44,5.444106578826904,0,0.885337769985199,0.11466224491596222
1090,5.45,-0.0033273795,-0.00309692,-0.002142714,0.002949455,1088,5.44,5.444106578826904,0,0.885337769985199,0.11466224491596222
1091,5.455,-0.015740566,-0.007551178,-0.0047855615,0.000393253,1088,5.44,5.444106578826904,0,0.885337769985199,0.11466224491596222
1092,5.46,-0.017278984,-8.5825515e-05,0.0045670504,0.0074440786,1092,5.46,5.47321891784668,0,0.8845105767250061,0.11548937857151031
1093,5.465,-0.009902034,0.0141160665,0.023081655,0.019094782,1092,5.46,5.47321891784668,0,0.8845105767250061,0.11548937857151031
1094,5.47,-0.00033580893,0.023783488,0.03847775,0.02492612,1092,5.46,5.47321891784668,0,0.8845105767250061,0.11548937857151031
1095,5.475,0.00480348,0.020223832,0.038279362,0.017015785,1092,5.46,5.47321891784668,0,0.8845105767250061,0.11548937857151031
1096,5.48,0.0016013558,0.0027259986,0.018554647,-0.0046492405,1096,5.48,5.492639064788818,0,0.8895750045776367,0.1104249507188797
1097,5.485,-0.009640073,-0.021471955,-0.013219244,-0.03213305,1096,5.48,5.492639064788818,0,0.8895750045776367,0.1104249507188797
1098,5.49,-0.023027467,-0.0408897,-0.04202733,-0.053612318,1096,5.48,5.492639064788818,0,0.8895750045776367,0.1104249507188797
1099,5.495,-0.028502079,-0.045227144,-0.05354781,-0.05901386,1096,5.48,5.492639064788818,0,0.8895750045776367,0.1104249507188797
1100,5.5,-0.018296352,-0.031055847,-0.04260632,-0.045128647,1100,5.5,5.500195264816284,0,0.8906346559524536,0.1093653216958046
1101,5.505,0.005428467,-0.004996128,-0.016894089,-0.018002404,1100,5.5,5.500195264816284,0,0.8906346559524536,0.1093653216958046
1102,5.51,0.029652992,0.019035297,0.007409958,0.009512769,1100,5.5,5.500195264816284,0,0.8906346559524536,0.1093653216958046
1103,5.515,0.039244037,0.028332585,0.016278062,0.024788162,1100,5.5,5.500195264816284,0,0.8906346559524536,0.1093653216958046
1104,5.52,0.028475208,0.01980289,0.0072525,0.022883274,1104,5.52,5.5274553298950195,0,0.8903775811195374,0.10962235927581787
1105,5.525,0.004789893,0.0012127936,-0.009960733,0.008931107,1104,5.52,5.5274553298950195,0,0.8903775811195374,0.10962235927581787
1106,5.53,-0.018328493,-0.015744714,-0.022140736,-0.006398726,1104,5.52,5.5274553298950195,0,0.8903775811195374,0.10962235927581787
1107,5.535,-0.031875003,-0.02400247,-0.022592172,-0.014397938,1104,5.52,5.5274553298950195,0,0.8903775811195374,0.10962235927581787
1108,5.54,-0.035359442,-0.023749819,-0.013909871,-0.01268132,1108,5.54,5.542758941650391,0,0.885844886302948,0.1141551285982132
1109,5.545,-0.03237715,-0.018285071,-0.0024910339,-0.0039770566,1108,5.54,5.542758941650391,0,0.885844886302948,0.1141551285982132
1110,5.55,-0.024480533,-0.009017759,0.008268297,0.0078009926,1108,5.54,5.542758941650391,0,0.885844886302948,0.1141551285982132
1111,5.555,-0.010264784,0.004936261,0.01936056,0.020028554,1108,5.54,5.542758941650391,0,0.885844886302948,0.1141551285982132
1112,5.56,0.010687553,0.02338614,0.0324415,0.03130688,1112,5.56,5.576027154922485,0,0.886917233467102,0.11308278143405914
1113,5.565,0.034652956,0.042735755,0.04630165,0.040587135,1112,5.56,5.576027154922485,0,0.886917233467102,0.11308278143405914
1114,5.57,0.054812815,0.057084404,0.056780327,0.046652056,1112,5.56,5.576027154922485,0,0.886917233467102,0.11308278143405914
1115,5.575,0.064525835,0.06080982,0.058706023,0.047512412,1112,5.56,5.576027154922485,0,0.886917233467102,0.11308278143405914
1116,5.58,0.059565615,0.050351866,0.04772673,0.039916027,1116,5.58,5.592589855194092,0,0.887902021408081,0.11209798604249954
1117,5.585,0.039156556,0.025630806,0.022420684,0.02075459,1116,5.58,5.592589855194092,0,0.887902021408081,0.11209798604249954
1118,5.59,0.0073288046,-0.008074617,-0.012797076,-0.009098586,1116,5.58,5.592589855194092,0,0.887902021408081,0.11209798604249954
1119,5.595,-0.026314475,-0.039858874,-0.046721872,-0.041790377,1116,5.58,5.592589855194092,0,0.887902021408081,0.11209798604249954
1120,5.6,-0.049546707,-0.05761842,-0.06604651,-0.06486121,1120,5.6,5.605690956115723,0,0.8869324326515198,0.11306758970022202
1121,5.605,-0.054513812,-0.05593761,-0.064258404,-0.06907511,1120,5.6,5.605690956115723,0,0.8869324326515198,0.11306758970022202
1122,5.61,-0.043545008,-0.040762186,-0.047148753,-0.05550649,1120,5.6,5.605690956115723,0,0.8869324326515198,0.11306758970022202
1123,5.615,-0.027538465,-0.025117006,-0.028492745,-0.034838278,1120,5.6,5.605690956115723,0,0.8869324326515198,0.11306758970022202
1124,5.62,-0.017124183,-0.018345302,-0.0186234,-0.018603006,1124,5.62,5.627787351608276,0,0.8882558345794678,0.11174412816762924
1125,5.625,-0.014416279,-0.018634297,-0.016405892,-0.010144729,1124,5.62,5.627787351608276,0,0.8882558345794678,0.11174412816762924
1126,5.63,-0.013141149,-0.016239526,-0.012353648,-0.003749311,1124,5.62,5.627787351608276,0,0.8882558345794678,0.11174412816762924
1127,5.635,-0.006521342,-0.00420682,0.00054153247,0.0076321904,1124,5.62,5.627787351608276,0,0.8882558345794678,0.11174412816762924
1128,5.64,0.0055780117,0.014369115,0.019422015,0.024192652,1128,5.64,5.6419312953948975,0,0.8900198340415955,0.10998009890317917
1129,5.645,0.01738615,0.029702842,0.034679644,0.038750287,1128,5.64,5.6419312953948975,0,0.8900198340415955,0.10998009890317917
1130,5.65,0.023999462,0.03504921,0.03937447,0.043678034,1128,5.64,5.6419312953948975,0,0.8900198340415955,0.10998009890317917
1131,5.655,0.025878934,0.03211682,0.034708623,0.03754834,1128,5.64,5.6419312953948975,0,0.8900198340415955,0.10998009890317917
1132,5.66,0.02605524,0.02691018,0.026572663,0.024995696,1132,5.66,5.666749000549316,0,0.8868887424468994,0.11311120539903641
1133,5.665,0.02411503,0.021659,0.018230785,0.011218054,1132,5.66,5.666749000549316,0,0.8868887424468994,0.11311120539903641
1134,5.67,0.015220775,0.0125757735,0.007826716,-0.0020187232,1132,5.66,5.666749000549316,0,0.8868887424468994,0.11311120539903641
1135,5.675,-0.0034822803,-0.0039120354,-0.0068522063,-0.014785012,1132,5.66,5.666749000549316,0,0.8868887424468994,0.11311120539903641
1136,5.68,-0.026049472,-0.023822002,-0.022494685,-0.024866939,1136,5.68,5.683840036392212,0,0.882032573223114,0.1179673969745636
1137,5.685,-0.039205797,-0.036128797,-0.030703204,-0.02715555,1136,5.68,5.683840036392212,0,0.882032573223114,0.1179673969745636
1138,5.69,-0.03240719,-0.031611238,-0.025061775,-0.01810601,1136,5.68,5.683840036392212,0,0.882032573223114,0.1179673969745636
1139,5.695,-0.0074277543,-0.011486489,-0.007717817,-0.00047582257,1136,5.68,5.683840036392212,0,0.882032573223114,0.1179673969745636
1140,5.7,0.021765845,0.012668935,0.011367949,0.017210428,1140,5.7,5.700485706329346,0,0.889702320098877,0.11029765754938126
1141,5.705,0.039087422,0.027687544,0.022029307,0.026531145,1140,5.7,5.700485706329346,0,0.889702320098877,0.11029765754938126
1142,5.71,0.037714377,0.028340997,0.021371368,0.02501979,1140,5.7,5.700485706329346,0,0.889702320098877,0.11029765754938126
1143,5.715,0.023537474,0.01969954,0.0146622425,0.016905941,1140,5.7,5.700485706329346,0,0.889702320098877,0.11029765754938126
1144,5.72,0.008665715,0.0111594815,0.009461728,0.008617219,1144,5.72,5.727370500564575,0,0.8902387022972107,0.1097613275051117
1145,5.725,0.0010915048,0.007815325,0.008503112,0.003256399,1144,5.72,5.727370500564575,0,0.8902387022972107,0.1097613275051117
1146,5.73,-0.00090851315,0.006401787,0.0073427684,-0.0015259424,1144,5.72,5.727370500564575,0,0.8902387022972107,0.1097613275051117
1147,5.735,-0.005516577,-0.0010372238,-0.0013816821,-0.010861468,1144,5.72,5.727370500564575,0,0.8902387022972107,0.1097613275051117
1148,5.74,-0.018508168,-0.018767344,-0.02039301,-0.027201448,1148,5.74,5.742642879486084,0,0.8878554105758667,0.11214454472064972
1149,5.745,-0.036463957,-0.041189563,-0.042923775,-0.046037983,1148,5.74,5.742642879486084,0,0.8878554105758667,0.11214454472064972
1150,5.75,-0.047918472,-0.05459341,-0.055172827,-0.05656482,1148,5.74,5.742642879486084,0,0.8878554105758667,0.11214454472064972
1151,5.755,-0.041796163,-0.046607587,-0.04553687,-0.0481385,1148,5.74,5.742642879486084,0,0.8878554105758667,0.11214454472064972
1152,5.76,-0.016536146,-0.016494825,-0.014242137,-0.01875725,1152,5.76,5.7677271366119385,0,0.8876401782035828,0.11235979199409485
1153,5.765,0.017314326,0.022230804,0.024645487,0.02108652,1152,5.76,5.7677271366119385,0,0.8876401782035828,0.11235979199409485
1154,5.77,0.0431106,0.04976461,0.051556736,0.053282656,1152,5.76,5.7677271366119385,0,0.8876401782035828,0.11235979199409485
1155,5.775,0.04819799,0.052766852,0.054156926,0.06289411,1152,5.76,5.7677271366119385,0,0.8876401782035828,0.11235979199409485
1156,5.78,0.030903535,0.032162026,0.034477048,0.04690179,1156,5.78,5.787379503250122,0,0.8905451893806458,0.10945480316877365
1157,5.785,0.00033947767,0.00073538395,0.005390264,0.014761365,1156,5.78,5.787379503250122,0,0.8905451893806458,0.10945480316877365
1158,5.79,-0.029510304,-0.02613673,-0.019223584,-0.0183464,1156,5.78,5.787379503250122,0,0.8905451893806458,0.10945480316877365
1159,5.795,-0.046729017,-0.03873435,-0.031780608,-0.039484125,1156,5.78,5.787379503250122,0,0.8905451893806458,0.10945480316877365
1160,5.8,-0.045688163,-0.03525658,-0.031295516,-0.042175233,1160,5.8,5.800295352935791,0,0.8876993656158447,0.11230065673589706
1161,5.805,-0.027751768,-0.019319616,-0.019856066,-0.02672317,1160,5.8,5.800295352935791,0,0.8876993656158447,0.11230065673589706
1162,5.81,0.00043078954,0.0031504573,-0.00083468034,0.0008607936,1160,5.8,5.800295352935791,0,0.8876993656158447,0.11230065673589706
1163,5.815,0.029747304,0.025429187,0.020023247,0.030274428,1160,5.8,5.800295352935791,0,0.8876993656158447,0.11230065673589706
1164,5.82,0.051512927,0.040755957,0.03429146,0.049753018,1164,5.82,5.828526973724365,0,0.889330267906189,0.11066970229148865
1165,5.825,0.059503354,0.04372488,0.03423148,0.05068199,1164,5.82,5.828526973724365,0,0.889330267906189,0.11066970229148865
1166,5.83,0.050935812,0.032285914,0.018003246,0.031921692,1164,5.82,5.828526973724365,0,0.889330267906189,0.11066970229148865
1167,5.835,0.027330842,0.009445147,-0.007744434,0.0010305165,1164,5.82,5.828526973724365,0,0.889330267906189,0.11066970229148865
1168,5.84,-0.004205935,-0.016316546,-0.030322649,-0.028582726,1168,5.84,5.837949752807617,0,0.8841572403907776,0.11584273725748062
1169,5.845,-0.031179274,-0.03317431,-0.03723192,-0.043376397,1168,5.84,5.837949752807617,0,0.8841572403907776,0.11584273725748062
1170,5.85,-0.040448803,-0.03153435,-0.023017934,-0.03615057,1168,5.84,5.837949752807617,0,0.8841572403907776,0.11584273725748062
1171,5.855,-0.026978215,-0.011085186,0.006581661,-0.010671404,1168,5.84,5.837949752807617,0,0.8841572403907776,0.11584273725748062
1172,5.86,-1.4038279e-06,0.016264647,0.036103286,0.018695412,1172,5.86,5.860735893249512,0,0.8886821866035461,0.11131781339645386
1173,5.865,0.02090999,0.03231845,0.048302572,0.034112204,1172,5.86,5.860735893249512,0,0.8886821866035461,0.11131781339645386
1174,5.87,0.01952206,0.02505583,0.034954734,0.025340049,1172,5.86,5.860735893249512,0,0.8886821866035461,0.11131781339645386
1175,5.875,-0.004073903,-0.0019228283,0.0030577723,-0.0027121215,1172,5.86,5.860735893249512,0,0.8886821866035461,0.11131781339645386
1176,5.88,-0.03289263,-0.031522296,-0.029193489,-0.032606732,1176,5.88,5.894030332565308,0,0.8878922462463379,0.11210770905017853
1177,5.885,-0.04631077,-0.045726012,-0.044570763,-0.04633421,1176,5.88,5.894030332565308,0,0.8878922462463379,0.11210770905017853
1178,5.89,-0.03606736,-0.03822576,-0.037946243,-0.03767072,1176,5.88,5.894030332565308,0,0.8878922462463379,0.11210770905017853
1179,5.895,-0.011470408,-0.01697692,-0.017867144,-0.015156483,1176,5.88,5.894030332565308,0,0.8878922462463379,0.11210770905017853
1180,5.9,0.009834318,0.004116135,0.0017484182,0.0061750337,1180,5.9,5.898835182189941,0,0.8899093866348267,0.11009056121110916
1181,5.905,0.016483441,0.015944414,0.011906827,0.016550744,1180,5.9,5.898835182189941,0,0.8899093866348267,0.11009056121110916
1182,5.91,0.010535832,0.018171819,0.012270688,0.016544698,1180,5.9,5.898835182189941,0,0.8899093866348267,0.11009056121110916
1183,5.915,0.0021405115,0.014778056,0.0068255,0.0123261055,1180,5.9,5.898835182189941,0,0.8899093866348267,0.11009056121110916
1184,5.92,-0.0016290143,0.0075457934,-0.002361165,0.0073182727,1184,5.92,5.917211055755615,0,0.8901564478874207,0.10984353721141815
1185,5.925,-0.0025598712,-0.0051257485,-0.016216641,-0.0007387788,1184,5.92,5.917211055755615,0,0.8901564478874207,0.10984353721141815
1186,5.93,-0.0066708387,-0.023111757,-0.033804126,-0.014593112,1184,5.92,5.917211055755615,0,0.8901564478874207,0.10984353721141815
1187,5.935,-0.0146648865,-0.03927768,-0.04760057,-0.030159514,1184,5.92,5.917211055755615,0,0.8901564478874207,0.10984353721141815
1188,5.94,-0.017791364,-0.04088492,-0.045416255,-0.03564354,1188,5.94,5.931906223297119,0,0.8807625770568848,0.11923745274543762
1189,5.945,-0.004330217,-0.018361323,-0.0191001,-0.019696534,1188,5.94,5.931906223297119,0,0.8807625770568848,0.11923745274543762
1190,5.95,0.028276486,0.025158294,0.02681556,0.017687555,1188,5.94,5.931906223297119,0,0.8807625770568848,0.11923745274543762
1191,5.955,0.06678319,0.072005704,0.07450255,0.061441325,1188,5.94,5.931906223297119,0,0.8807625770568848,0.11923745274543762
1192,5.96,0.08858635,0.099094436,0.10233752,0.08957525,1192,5.96,5.966811656951904,0,0.8896530270576477,0.1103469729423523
1193,5.965,0.0778291,0.092561096,0.098370306,0.08789186,1192,5.96,5.966811656951904,0,0.8896530270576477,0.1103469729423523
1194,5.97,0.03828536,0.05714128,0.067736655,0.059607897,1192,5.96,5.966811656951904,0,0.8896530270576477,0.1103469729423523
1195,5.975,-0.008607741,0.012475842,0.028107492,0.021750804,1192,5.96,5.966811656951904,0,0.8896530270576477,0.1103469729423523
1196,5.98,-0.039855767,-0.02128107,-0.0033255059,-0.008678053,1196,5.98,5.982306241989136,0,0.8728882670402527,0.1271117925643921
1197,5.985,-0.04764417,-0.03702034,-0.020886047,-0.02678691,1196,5.98,5.982306241989136,0,0.8728882670402527,0.1271117925643921
1198,5.99,-0.04240656,-0.04242378,-0.030940564,-0.03986174,1196,5.98,5.982306241989136,0,0.8728882670402527,0.1271117925643921
1199,5.995,-0.040437922,-0.049372036,-0.042708714,-0.05634377,1196,5.98,5.982306241989136,0,0.8728882670402527,0.1271117925643921
1200,6.0,-0.048148137,-0.061304122,-0.058343656,-0.07481572,1200,6.0,6.008543252944946,0,0.8883152604103088,0.11168469488620758
1201,6.005,-0.057164464,-0.069950394,-0.07096088,-0.083652794,1200,6.0,6.008543252944946,0,0.8883152604103088,0.11168469488620758
1202,6.01,-0.053598057,-0.06369578,-0.071415454,-0.07158444,1200,6.0,6.008543252944946,0,0.8883152604103088,0.11168469488620758
1203,6.015,-0.031900883,-0.03929654,-0.056918383,-0.039106272,1200,6.0,6.008543252944946,0,0.8883152604103088,0.11168469488620758
1204,6.02,-0.0006024259,-0.0062138396,-0.03372783,-6.119024e-05,1204,6.02,6.027704954147339,0,0.8887944221496582,0.11120560020208359
1205,6.025,0.02446727,0.02008115,-0.012035613,0.02808812,1204,6.02,6.027704954147339,0,0.8887944221496582,0.11120560020208359
1206,6.03,0.032645736,0.029717898,0.0019501876,0.036640387,1204,6.02,6.027704954147339,0,0.8887944221496582,0.11120560020208359
1207,6.035,0.025678355,0.024976684,0.009718457,0.030208485,1204,6.02,6.027704954147339,0,0.8887944221496582,0.11120560020208359
1208,6.04,0.014509494,0.016759684,0.017159738,0.020567704,1208,6.04,6.042279005050659,0,0.8892402648925781,0.11075969785451889
1209,6.045,0.009764648,0.014901585,0.027901849,0.01639985,1208,6.04,6.042279005050659,0,0.8892402648925781,0.11075969785451889
1210,6.05,0.014469352,0.021021122,0.039699946,0.018085424,1208,6.04,6.042279005050659,0,0.8892402648925781,0.11075969785451889
1211,6.055,0.023938706,0.029254923,0.04689352,0.020673761,1208,6.04,6.042279005050659,0,0.8892402648925781,0.11075969785451889
1212,6.06,0.030882385,0.032588948,0.045854256,0.020264966,1212,6.06,6.077295303344727,0,0.883758008480072,0.11624199897050858
1213,6.065,0.030484023,0.028255936,0.03781479,0.017084442,1212,6.06,6.077295303344727,0,0.883758008480072,0.11624199897050858
1214,6.07,0.022311274,0.018192912,0.026821451,0.013400534,1212,6.06,6.077295303344727,0,0.883758008480072,0.11624199897050858
1215,6.075,0.009453331,0.005998596,0.015761632,0.009997872,1212,6.06,6.077295303344727,0,0.883758008480072,0.11624199897050858
1216,6.08,-0.0034915805,-0.005661439,0.0048789317,0.0054963846,1216,6.08,6.092909336090088,0,0.8797414302825928,0.12025855481624603
1217,6.085,-0.01254875,-0.015101566,-0.0060622278,-0.0010448361,1216,6.08,6.092909336090088,0,0.8797414302825928,0.12025855481624603
1218,6.09,-0.015828494,-0.020141978,-0.014807455,-0.007349838,1216,6.08,6.092909336090088,0,0.8797414302825928,0.12025855481624603
1219,6.095,-0.013509108,-0.017514301,-0.01647274,-0.008187878,1216,6.08,6.092909336090088,0,0.8797414302825928,0.12025855481624603
1220,6.1,-0.0066266675,-0.0046453164,-0.007161371,0.0007992491,1220,6.1,6.1092307567596436,0,0.8894274830818176,0.11057247221469879
1221,6.105,0.0036060684,0.016890742,0.011270947,0.018249886,1220,6.1,6.1092307567596436,0,0.8894274830818176,0.11057247221469879
1222,6.11,0.014786874,0.03908889,0.029465273,0.035203785,1220,6.1,6.1092307567596436,0,0.8894274830818176,0.11057247221469879
1223,6.115,0.022000948,0.04950084,0.03435951,0.038846046,1220,6.1,6.1092307567596436,0,0.8894274830818176,0.11057247221469879
1224,6.12,0.018930603,0.03786307,0.017105144,0.020607673,1224,6.12,6.1276233196258545,0,0.8891976475715637,0.1108023002743721
1225,6.125,0.0020107916,0.0035028611,-0.020011304,-0.016719395,1224,6.12,6.1276233196258545,0,0.8891976475715637,0.1108023002743721
1226,6.13,-0.025449147,-0.042248614,-0.063048266,-0.058717646,1224,6.12,6.1276233196258545,0,0.8891976475715637,0.1108023002743721
1227,6.135,-0.05331609,-0.08140175,-0.093589336,-0.087216556,1224,6.12,6.1276233196258545,0,0.8891976475715637,0.1108023002743721
1228,6.14,-0.06978979,-0.09915881,-0.09910809,-0.091061264,1228,6.14,6.142267465591431,0,0.8827164769172668,0.11728350073099136
1229,6.145,-0.068054944,-0.09126533,-0.07929286,-0.07183984,1228,6.14,6.142267465591431,0,0.8827164769172668,0.11728350073099136
1230,6.15,-0.049426313,-0.0640137,-0.044185717,-0.04065381,1228,6.14,6.142267465591431,0,0.8827164769172668,0.11728350073099136
1231,6.155,-0.021126945,-0.02819517,-0.006445563,-0.009388383,1228,6.14,6.142267465591431,0,0.8827164769172668,0.11728350073099136
1232,6.16,0.00864713,0.00733553,0.02579157,0.016069978,1232,6.16,6.166624546051025,0,0.8901986479759216,0.10980137437582016
1233,6.165,0.034194347,0.03796026,0.050598323,0.03603802,1232,6.16,6.166624546051025,0,0.8901986479759216,0.10980137437582016
1234,6.17,0.052567177,0.061614178,0.06893752,0.05240108,1232,6.16,6.166624546051025,0,0.8901986479759216,0.10980137437582016
1235,6.175,0.062175617,0.07643789,0.08059128,0.06450528,1232,6.16,6.166624546051025,0,0.8901986479759216,0.10980137437582016
1236,6.18,0.062046956,0.08028762,0.08301103,0.06905645,1236,6.18,6.184090852737427,0,0.8899132609367371,0.11008676141500473
1237,6.185,0.05233681,0.071966946,0.07345898,0.0630879,1236,6.18,6.184090852737427,0,0.8899132609367371,0.11008676141500473
1238,6.19,0.03512002,0.052708603,0.05218874,0.04677924,1236,6.18,6.184090852737427,0,0.8899132609367371,0.11008676141500473
1239,6.195,0.01456245,0.026893903,0.024052935,0.024081348,1236,6.18,6.184090852737427,0,0.8899132609367371,0.11008676141500473
1240,6.2,-0.0037538502,0.0015490064,-0.0028203335,0.001325542,1240,6.2,6.2002410888671875,0,0.8835877180099487,0.11641225218772888
1241,6.205,-0.014508928,-0.015870355,-0.020859439,-0.015140564,1240,6.2,6.2002410888671875,0,0.8835877180099487,0.11641225218772888
1242,6.21,-0.015293444,-0.021234624,-0.027303495,-0.021533584,1240,6.2,6.2002410888671875,0,0.8835877180099487,0.11641225218772888
1243,6.215,-0.008867115,-0.016942468,-0.02602081,-0.01861465,1240,6.2,6.2002410888671875,0,0.8835877180099487,0.11641225218772888
1244,6.22,-0.002551699,-0.011386567,-0.025121773,-0.01176917,1244,6.22,6.229313850402832,0,0.8861059546470642,0.11389411240816116
1245,6.225,-0.003834698,-0.013702755,-0.031437695,-0.008380078,1244,6.22,6.229313850402832,0,0.8861059546470642,0.11389411240816116
1246,6.23,-0.014955617,-0.027154516,-0.0455586,-0.013598324,1244,6.22,6.229313850402832,0,0.8861059546470642,0.11389411240816116
1247,6.235,-0.031040318,-0.046465717,-0.061081767,-0.027217725,1244,6.22,6.229313850402832,0,0.8861059546470642,0.11389411240816116
1248,6.24,-0.043549575,-0.06134134,-0.06863946,-0.043745562,1248,6.24,6.244325160980225,0,0.888308584690094,0.11169140040874481
1249,6.245,-0.046033524,-0.06314232,-0.061665732,-0.055362504,1248,6.24,6.244325160980225,0,0.888308584690094,0.11169140040874481
1250,6.25,-0.037560005,-0.04955625,-0.03992125,-0.055688538,1248,6.24,6.244325160980225,0,0.888308584690094,0.11169140040874481
1251,6.255,-0.022098705,-0.024817843,-0.009125772,-0.042543117,1248,6.24,6.244325160980225,0,0.888308584690094,0.11169140040874481
1252,6.26,-0.0057655117,0.003042029,0.021977663,-0.019065902,1252,6.26,6.262508392333984,0,0.8898081183433533,0.11019188910722733
1253,6.265,0.0057528596,0.02544874,0.045012373,0.0071062944,1252,6.26,6.262508392333984,0,0.8898081183433533,0.11019188910722733
1254,6.27,0.009296781,0.036291525,0.054907095,0.027094072,1252,6.26,6.262508392333984,0,0.8898081183433533,0.11019188910722733
1255,6.275,0.0062816143,0.034853622,0.052175395,0.035809062,1252,6.26,6.262508392333984,0,0.8898081183433533,0.11019188910722733
1256,6.28,0.0033655043,0.027301027,0.043369614,0.0356504,1256,6.28,6.300762891769409,0,0.8902938961982727,0.10970614850521088
1257,6.285,0.009345262,0.024077717,0.037952527,0.03502306,1256,6.28,6.300762891769409,0,0.8902938961982727,0.10970614850521088
1258,6.29,0.028591659,0.032895263,0.041982543,0.041413713,1256,6.28,6.300762891769409,0,0.8902938961982727,0.10970614850521088
1259,6.295,0.055815455,0.05183328,0.052725483,0.05429793,1256,6.28,6.300762891769409,0,0.8902938961982727,0.10970614850521088
1260,6.3,0.077633336,0.068903506,0.059241053,0.06459061,1260,6.3,6.310405492782593,0,0.8905012607574463,0.1094987615942955
1261,6.305,0.08098619,0.069794215,0.049729098,0.061812248,1260,6.3,6.310405492782593,0,0.8905012607574463,0.1094987615942955
1262,6.31,0.061829567,0.048062917,0.020319832,0.04256803,1260,6.3,6.310405492782593,0,0.8905012607574463,0.1094987615942955
1263,6.315,0.026914444,0.009459164,-0.02170842,0.012529783,1260,6.3,6.310405492782593,0,0.8905012607574463,0.1094987615942955
1264,6.32,-0.012005739,-0.032608923,-0.062503025,-0.019176941,1264,6.32,6.326028108596802,0,0.8855146765708923,0.11448530107736588
1265,6.325,-0.04540784,-0.06562565,-0.08967214,-0.046652056,1264,6.32,6.326028108596802,0,0.8855146765708923,0.11448530107736588
1266,6.33,-0.06853781,-0.0832997,-0.09754243,-0.06825287,1264,6.32,6.326028108596802,0,0.8855146765708923,0.11448530107736588
1267,6.335,-0.07920726,-0.085088044,-0.087206595,-0.08237615,1264,6.32,6.326028108596802,0,0.8855146765708923,0.11448530107736588
1268,6.34,-0.075721964,-0.07316251,-0.06367108,-0.08445539,1268,6.34,6.348841667175293,0,0.8874192237854004,0.11258073151111603
1269,6.345,-0.05836799,-0.051006332,-0.0334271,-0.06987103,1268,6.34,6.348841667175293,0,0.8874192237854004,0.11258073151111603
1270,6.35,-0.03244507,-0.024080548,-0.0033567585,-0.04018739,1268,6.34,6.348841667175293,0,0.8874192237854004,0.11258073151111603
1271,6.355,-0.008040246,0.00023498062,0.020220177,-0.0056748725,1268,6.34,6.348841667175293,0,0.8874192237854004,0.11258073151111603
1272,6.36,0.00517963,0.015292374,0.033150014,0.0196813,1272,6.36,6.348841667175293,0,0.888482928276062,0.1115170568227768
1273,6.365,0.0043465933,0.01881888,0.03489252,0.027119493,1272,6.36,6.348841667175293,0,0.888482928276062,0.1115170568227768
1274,6.37,-0.0047302125,0.014253688,0.028565655,0.01858225,1272,6.36,6.348841667175293,0,0.888482928276062,0.1115170568227768
1275,6.375,-0.011914897,0.008412471,0.01944408,0.004568774,1272,6.36,6.348841667175293,0,0.888482928276062,0.1115170568227768
1276,6.38,-0.009435989,0.007357781,0.012856912,-0.0032318572,1276,6.38,6.398939371109009,0,0.8867913484573364,0.11320864409208298
1277,6.385,0.004453681,0.013512381,0.012385761,0.0014021159,1276,6.38,6.398939371109009,0,0.8867913484573364,0.11320864409208298
1278,6.39,0.026501982,0.025447352,0.018701518,0.01728047,1276,6.38,6.398939371109009,0,0.8867913484573364,0.11320864409208298
1279,6.395,0.051406264,0.039528564,0.02931285,0.03824228,1276,6.38,6.398939371109009,0,0.8867913484573364,0.11320864409208298
1280,6.4,0.073438294,0.05176463,0.039650314,0.057082426,1280,6.4,6.407788991928101,0,0.8892258405685425,0.11077414453029633
1281,6.405,0.08659354,0.058870345,0.04530078,0.06843169,1280,6.4,6.407788991928101,0,0.8892258405685425,0.11077414453029633
1282,6.41,0.085480005,0.05858555,0.044052623,0.069784075,1280,6.4,6.407788991928101,0,0.8892258405685425,0.11077414453029633
1283,6.415,0.06791212,0.0497557,0.03621091,0.061159402,1280,6.4,6.407788991928101,0,0.8892258405685425,0.11077414453029633
1284,6.42,0.03714181,0.03250928,0.02312224,0.044205386,1284,6.42,6.434100866317749,0,0.8869398832321167,0.11306015402078629
1285,6.425,0.0009290401,0.008480504,0.005643176,0.02126605,1284,6.42,6.434100866317749,0,0.8869398832321167,0.11306015402078629
1286,6.43,-0.032517824,-0.01918099,-0.015675556,-0.005334058,1284,6.42,6.434100866317749,0,0.8869398832321167,0.11306015402078629
1287,6.435,-0.058434386,-0.046189003,-0.038879525,-0.033527497,1284,6.42,6.434100866317749,0,0.8869398832321167,0.11306015402078629
1288,6.44,-0.0759833,-0.06784492,-0.059450816,-0.060994845,1288,6.44,6.44871711730957,0,0.8844202160835266,0.11557978391647339
1289,6.445,-0.08550104,-0.07994546,-0.071478024,-0.08417784,1288,6.44,6.44871711730957,0,0.8844202160835266,0.11557978391647339
1290,6.45,-0.085865915,-0.0797846,-0.07074612,-0.097971596,1288,6.44,6.44871711730957,0,0.8844202160835266,0.11557978391647339
1291,6.455,-0.07503867,-0.0672117,-0.057516396,-0.0973169,1288,6.44,6.44871711730957,0,0.8844202160835266,0.11557978391647339
1292,6.46,-0.053318553,-0.045394197,-0.03693824,-0.080369174,1292,6.46,6.44871711730957,0,0.8895776867866516,0.11042231321334839
1293,6.465,-0.02565009,-0.020421574,-0.016697042,-0.050896857,1292,6.46,6.44871711730957,0,0.8895776867866516,0.11042231321334839
1294,6.47,0.00014472743,0.0009080011,-0.0031622595,-0.017383212,1292,6.46,6.44871711730957,0,0.8895776867866516,0.11042231321334839
1295,6.475,0.018212456,0.014338641,0.0019005995,0.011216149,1292,6.46,6.44871711730957,0,0.8895776867866516,0.11042231321334839
1296,6.48,0.028081415,0.020178312,0.002150439,0.03009815,1296,6.48,6.494063138961792,0,0.8894952535629272,0.11050475388765335
1297,6.485,0.03332256,0.022293143,0.004282521,0.040171176,1296,6.48,6.494063138961792,0,0.8894952535629272,0.11050475388765335
1298,6.49,0.03713773,0.024866529,0.013656902,0.04575723,1296,6.48,6.494063138961792,0,0.8894952535629272,0.11050475388765335
1299,6.495,0.039830517,0.029858457,0.030787589,0.050855238,1296,6.48,6.494063138961792,0,0.8894952535629272,0.11050475388765335
1300,6.5,0.040693447,0.037198205,0.051186495,0.057065263,1300,6.5,6.498773813247681,0,0.8908640146255493,0.1091359481215477
1301,6.505,0.041312832,0.046511117,0.06846909,0.06400369,1300,6.5,6.498773813247681,0,0.8908640146255493,0.1091359481215477
1302,6.51,0.04521179,0.057335038,0.077892296,0.07037282,1300,6.5,6.498773813247681,0,0.8908640146255493,0.1091359481215477
1303,6.515,0.053004622,0.066842355,0.077370584,0.07367092,1300,6.5,6.498773813247681,0,0.8908640146255493,0.1091359481215477
1304,6.52,0.058226023,0.06796938,0.0658605,0.06901356,1304,6.52,6.516991138458252,0,0.8840531706809998,0.11594682931900024
1305,6.525,0.049591143,0.051774558,0.0419066,0.04974952,1304,6.52,6.516991138458252,0,0.8840531706809998,0.11594682931900024
1306,6.53,0.019329105,0.013967146,0.0049153147,0.011525745,1304,6.52,6.516991138458252,0,0.8840531706809998,0.11594682931900024
1307,6.535,-0.029172873,-0.039293222,-0.04144551,-0.042261757,1304,6.52,6.516991138458252,0,0.8840531706809998,0.11594682931900024
1308,6.54,-0.08097196,-0.09165478,-0.087084405,-0.09825704,1308,6.54,6.544024467468262,0,0.8600641489028931,0.13993585109710693
1309,6.545,-0.11665636,-0.12358417,-0.11754246,-0.13723531,1308,6.54,6.544024467468262,0,0.8600641489028931,0.13993585109710693
1310,6.55,-0.1216173,-0.121806204,-0.12022093,-0.14305033,1308,6.54,6.544024467468262,0,0.8600641489028931,0.13993585109710693
1311,6.555,-0.0923508,-0.08582978,-0.09159958,-0.111428216,1308,6.54,6.544024467468262,0,0.8600641489028931,0.13993585109710693
1312,6.56,-0.038208976,-0.028758021,-0.041022882,-0.053467564,1312,6.56,6.575090169906616,0,0.8874197006225586,0.112580306828022
1313,6.565,0.02111988,0.027655521,0.012111767,0.008556671,1312,6.56,6.575090169906616,0,0.8874197006225586,0.112580306828022
1314,6.57,0.06271028,0.062205438,0.047501493,0.051683776,1312,6.56,6.575090169906616,0,0.8874197006225586,0.112580306828022
1315,6.575,0.07137696,0.06456291,0.054931875,0.06410908,1312,6.56,6.575090169906616,0,0.8874197006225586,0.112580306828022
1316,6.58,0.049387563,0.041444432,0.040251587,0.05156637,1316,6.58,6.583407163619995,0,0.885358989238739,0.11464099586009979
1317,6.585,0.016754024,0.013379239,0.021504564,0.03330449,1316,6.58,6.583407163619995,0,0.885358989238739,0.11464099586009979
1318,6.59,-0.0013139028,0.0019211333,0.016707733,0.028950648,1316,6.58,6.583407163619995,0,0.885358989238739,0.11464099586009979
1319,6.595,0.007696748,0.01498809,0.0312757,0.04467971,1316,6.58,6.583407163619995,0,0.885358989238739,0.11464099586009979
1320,6.6,0.034513712,0.04136442,0.05430806,0.068897106,1320,6.6,6.600245475769043,0,0.8883635997772217,0.11163642257452011
1321,6.605,0.05596911,0.059360933,0.06685291,0.08110238,1320,6.6,6.600245475769043,0,0.8883635997772217,0.11163642257452011
1322,6.61,0.053575974,0.05322647,0.056078155,0.06729037,1320,6.6,6.600245475769043,0,0.8883635997772217,0.11163642257452011
1323,6.615,0.027223404,0.024352008,0.024555331,0.030000357,1320,6.6,6.600245475769043,0,0.8883635997772217,0.11163642257452011
1324,6.62,-0.006752654,-0.011172495,-0.0122421095,-0.014335325,1324,6.62,6.62773323059082,0,0.8846093416213989,0.11539065092802048
1325,6.625,-0.030019302,-0.03569665,-0.037783667,-0.047807083,1324,6.62,6.62773323059082,0,0.8846093416213989,0.11539065092802048
1326,6.63,-0.036343034,-0.04280454,-0.04616494,-0.06305983,1324,6.62,6.62773323059082,0,0.8846093416213989,0.11539065092802048
1327,6.635,-0.034419846,-0.04016022,-0.044797424,-0.066075094,1324,6.62,6.62773323059082,0,0.8846093416213989,0.11539065092802048
1328,6.64,-0.038579494,-0.041281205,-0.046631295,-0.068616785,1328,6.64,6.641398906707764,0,0.8865023851394653,0.1134975478053093
1329,6.645,-0.05554333,-0.053319186,-0.05844923,-0.07698684,1328,6.64,6.641398906707764,0,0.8865023851394653,0.1134975478053093
1330,6.65,-0.077467814,-0.07025814,-0.07446191,-0.08597227,1328,6.64,6.641398906707764,0,0.8865023851394653,0.1134975478053093
1331,6.655,-0.08654253,-0.07666164,-0.08014056,-0.082600914,1328,6.64,6.641398906707764,0,0.8865023851394653,0.1134975478053093
1332,6.66,-0.06808657,-0.059358925,-0.063308895,-0.056798313,1332,6.66,6.669940710067749,0,0.8895838260650635,0.1104162260890007
1333,6.665,-0.022492718,-0.018260347,-0.023849208,-0.010542071,1332,6.66,6.669940710067749,0,0.8895838260650635,0.1104162260890007
1334,6.67,0.033529315,0.032396786,0.02560561,0.042007696,1332,6.66,6.669940710067749,0,0.8895838260650635,0.1104162260890007
1335,6.675,0.077880956,0.073612,0.06828921,0.0836343,1332,6.66,6.669940710067749,0,0.8895838260650635,0.1104162260890007
1336,6.68,0.097389884,0.093953945,0.09371889,0.10469587,1336,6.68,6.686301946640015,0,0.8894717693328857,0.11052826792001724
1337,6.685,0.09384753,0.09431261,0.10129942,0.106371,1336,6.68,6.686301946640015,0,0.8894717693328857,0.11052826792001724
1338,6.69,0.07808633,0.08235486,0.09553476,0.09504199,1336,6.68,6.686301946640015,0,0.8894717693328857,0.11052826792001724
1339,6.695,0.059454672,0.06394874,0.079481706,0.07502339,1336,6.68,6.686301946640015,0,0.8894717693328857,0.11052826792001724
1340,6.7,0.04078287,0.040504772,0.053755306,0.047462393,1340,6.7,6.700805902481079,0,0.8855034708976746,0.11449658125638962
1341,6.705,0.02133262,0.013190365,0.020970386,0.015136581,1340,6.7,6.700805902481079,0,0.8855034708976746,0.11449658125638962
1342,6.71,0.0017143885,-0.012993707,-0.011248995,-0.014424647,1340,6.7,6.700805902481079,0,0.8855034708976746,0.11449658125638962
1343,6.715,-0.015419119,-0.031170452,-0.03374374,-0.032863382,1340,6.7,6.700805902481079,0,0.8855034708976746,0.11449658125638962
1344,6.72,-0.028487885,-0.03851342,-0.042872563,-0.038361467,1344,6.72,6.7275941371917725,0,0.8736487030982971,0.12635132670402527
1345,6.725,-0.038998306,-0.039206754,-0.043673113,-0.03801485,1344,6.72,6.7275941371917725,0,0.8736487030982971,0.12635132670402527
1346,6.73,-0.04977752,-0.04092968,-0.045521926,-0.04181816,1344,6.72,6.7275941371917725,0,0.8736487030982971,0.12635132670402527
1347,6.735,-0.06156709,-0.048238993,-0.054158945,-0.053763893,1344,6.72,6.7275941371917725,0,0.8736487030982971,0.12635132670402527
1348,6.74,-0.07145114,-0.058762603,-0.06695181,-0.06829804,1348,6.74,6.742388486862183,0,0.8885757327079773,0.1114242747426033
1349,6.745,-0.074045114,-0.0647441,-0.07470048,-0.07471132,1348,6.74,6.742388486862183,0,0.8885757327079773,0.1114242747426033
1350,6.75,-0.06407834,-0.058013644,-0.067859046,-0.064946264,1348,6.74,6.742388486862183,0,0.8885757327079773,0.1114242747426033
1351,6.755,-0.03918085,-0.035064187,-0.04272301,-0.038743764,1348,6.74,6.742388486862183,0,0.8885757327079773,0.1114242747426033
1352,6.76,-0.00238013,4.97895e-05,-0.004259343,-0.0036829805,1352,6.76,6.759655952453613,0,0.8890239000320435,0.11097611486911774
1353,6.765,0.036962237,0.03629991,0.035584394,0.028626412,1352,6.76,6.759655952453613,0,0.8890239000320435,0.11097611486911774
1354,6.77,0.065823875,0.06032865,0.06339677,0.04795994,1352,6.76,6.759655952453613,0,0.8890239000320435,0.11097611486911774
1355,6.775,0.07396324,0.06367173,0.07112683,0.050456278,1352,6.76,6.759655952453613,0,0.8890239000320435,0.11097611486911774
1356,6.78,0.060398713,0.04821559,0.06029858,0.040714994,1356,6.78,6.790925979614258,0,0.8903489708900452,0.10965101420879364
1357,6.785,0.034610167,0.025277738,0.040523928,0.02892362,1356,6.78,6.790925979614258,0,0.8903489708900452,0.10965101420879364
1358,6.79,0.010743588,0.0081179105,0.023028692,0.024003528,1356,6.78,6.790925979614258,0,0.8903489708900452,0.10965101420879364
1359,6.795,-0.00095513277,0.0035182284,0.014003228,0.027717125,1356,6.78,6.790925979614258,0,0.8903489708900452,0.10965101420879364
1360,6.8,0.0010005533,0.009117203,0.012717501,0.03469787,1360,6.8,6.811959743499756,0,0.8828464150428772,0.11715357005596161
1361,6.805,0.010875639,0.017674556,0.014749841,0.038029227,1360,6.8,6.811959743499756,0,0.8828464150428772,0.11715357005596161
1362,6.81,0.02071846,0.023051465,0.016027754,0.03455304,1360,6.8,6.811959743499756,0,0.8828464150428772,0.11715357005596161
1363,6.815,0.024195608,0.022317814,0.01379938,0.024905464,1360,6.8,6.811959743499756,0,0.8828464150428772,0.11715357005596161
1364,6.82,0.01756279,0.013901563,0.005348737,0.009683848,1364,6.82,6.81656813621521,0,0.8864713311195374,0.11352871358394623
1365,6.825,-0.0005475973,-0.003791453,-0.011791774,-0.012420255,1364,6.82,6.81656813621521,0,0.8864713311195374,0.11352871358394623
1366,6.83,-0.02853299,-0.030369071,-0.036852296,-0.041525356,1364,6.82,6.81656813621521,0,0.8864713311195374,0.11352871358394623
1367,6.835,-0.060506083,-0.06015945,-0.063272245,-0.07204613,1364,6.82,6.81656813621521,0,0.8864713311195374,0.11352871358394623
1368,6.84,-0.08606339,-0.08206685,-0.08037896,-0.09263029,1368,6.84,6.844109296798706,0,0.8820780515670776,0.11792197823524475
1369,6.845,-0.09285056,-0.084260225,-0.07893475,-0.09193581,1368,6.84,6.844109296798706,0,0.8820780515670776,0.11792197823524475
1370,6.85,-0.07200717,-0.060887143,-0.056288164,-0.065734655,1368,6.84,6.844109296798706,0,0.8820780515670776,0.11792197823524475
1371,6.855,-0.024268815,-0.016254198,-0.017532155,-0.019869383,1368,6.84,6.844109296798706,0,0.8820780515670776,0.11792197823524475
1372,6.86,0.037229624,0.036146045,0.027105704,0.032337822,1372,6.86,6.865452766418457,0,0.8889442086219788,0.11105578392744064
1373,6.865,0.09085156,0.07918266,0.06606041,0.07564012,1372,6.86,6.865452766418457,0,0.8889442086219788,0.11105578392744064
1374,6.87,0.11668844,0.09950419,0.08973015,0.09834917,1372,6.86,6.865452766418457,0,0.8889442086219788,0.11105578392744064
1375,6.875,0.10752185,0.09334462,0.09315727,0.09617904,1372,6.86,6.865452766418457,0,0.8889442086219788,0.11105578392744064
1376,6.88,0.07260129,0.06749008,0.077631794,0.073369965,1376,6.88,6.886777877807617,0,0.889447808265686,0.11055222153663635
1377,6.885,0.030445734,0.03422681,0.04973964,0.039956678,1376,6.88,6.886777877807617,0,0.889447808265686,0.11055222153663635
1378,6.89,-0.004373346,0.0031994584,0.017499616,0.0058948994,1376,6.88,6.886777877807617,0,0.889447808265686,0.11055222153663635
1379,6.895,-0.029614074,-0.023573598,-0.013804216,-0.0240141,1376,6.88,6.886777877807617,0,0.889447808265686,0.11055222153663635
1380,6.9,-0.051731803,-0.0490732,-0.042436637,-0.05001142,1380,6.9,6.911478281021118,0,0.8818153738975525,0.1181846633553505
1381,6.905,-0.07428517,-0.07353918,-0.06709332,-0.07221569,1380,6.9,6.911478281021118,0,0.8818153738975525,0.1181846633553505
1382,6.91,-0.09051219,-0.0897696,-0.083579406,-0.08600976,1380,6.9,6.911478281021118,0,0.8818153738975525,0.1181846633553505
1383,6.915,-0.08821463,-0.08725688,-0.08556935,-0.083603114,1380,6.9,6.911478281021118,0,0.8818153738975525,0.1181846633553505
1384,6.92,-0.062349547,-0.062004246,-0.06953206,-0.06110394,1384,6.92,6.927443981170654,0,0.8876792788505554,0.11232072114944458
1385,6.925,-0.022410495,-0.022476308,-0.039309762,-0.024286656,1384,6.92,6.927443981170654,0,0.8876792788505554,0.11232072114944458
1386,6.93,0.013256052,0.014647277,-0.0056728097,0.013069496,1384,6.92,6.927443981170654,0,0.8876792788505554,0.11232072114944458
1387,6.935,0.031024834,0.03561848,0.019514836,0.037528276,1384,6.92,6.927443981170654,0,0.8876792788505554,0.11232072114944458
1388,6.94,0.031075725,0.038256016,0.030417152,0.044331145,1388,6.94,6.942392110824585,0,0.8881009221076965,0.11189909279346466
1389,6.945,0.024939198,0.03163954,0.030623866,0.039437965,1388,6.94,6.942392110824585,0,0.8881009221076965,0.11189909279346466
1390,6.95,0.025365185,0.028364927,0.03040581,0.03436829,1388,6.94,6.942392110824585,0,0.8881009221076965,0.11189909279346466
1391,6.955,0.03755403,0.03582563,0.0392545,0.03793844,1388,6.94,6.942392110824585,0,0.8881009221076965,0.11189909279346466
1392,6.96,0.057151712,0.05200183,0.058297556,0.050334696,1392,6.96,6.969758749008179,0,0.8862121105194092,0.11378791183233261
1393,6.965,0.074037805,0.06727544,0.07802816,0.06300822,1392,6.96,6.969758749008179,0,0.8862121105194092,0.11378791183233261
1394,6.97,0.07800758,0.07038628,0.083827816,0.064270005,1392,6.96,6.969758749008179,0,0.8862121105194092,0.11378791183233261
1395,6.975,0.063291356,0.054856144,0.065933995,0.046881247,1392,6.96,6.969758749008179,0,0.8862121105194092,0.11378791183233261
1396,6.98,0.03059952,0.022223037,0.026437392,0.012546588,1396,6.98,6.9901323318481445,0,0.881115734577179,0.11888428777456284
1397,6.985,-0.013408126,-0.019359687,-0.021996632,-0.029422382,1396,6.98,6.9901323318481445,0,0.881115734577179,0.11888428777456284
1398,6.99,-0.058421176,-0.059304483,-0.0640571,-0.06743173,1396,6.98,6.9901323318481445,0,0.881115734577179,0.11888428777456284
1399,6.995,-0.093248196,-0.0881818,-0.08956486,-0.092406124,1396,6.98,6.9901323318481445,0,0.881115734577179,0.11888428777456284
1400,7.0,-0.10824737,-0.09911929,-0.095696196,-0.099255234,1400,7.0,7.009694576263428,0,0.8847766518592834,0.11522332578897476
1401,7.005,-0.09770766,-0.08836621,-0.084223345,-0.08618736,1400,7.0,7.009694576263428,0,0.8847766518592834,0.11522332578897476
1402,7.01,-0.06271701,-0.057058137,-0.058589768,-0.05491672,1400,7.0,7.009694576263428,0,0.8847766518592834,0.11522332578897476
1403,7.015,-0.013523801,-0.013673754,-0.024201758,-0.012558164,1400,7.0,7.009694576263428,0,0.8847766518592834,0.11522332578897476
1404,7.02,0.03163134,0.02630093,0.009768744,0.027787602,1404,7.02,7.033567905426025,0,0.8826838731765747,0.11731619387865067
1405,7.025,0.053751424,0.046513736,0.031772185,0.051432468,1404,7.02,7.033567905426025,0,0.8826838731765747,0.11731619387865067
1406,7.03,0.044347886,0.039807517,0.03429073,0.050813597,1404,7.02,7.033567905426025,0,0.8826838731765747,0.11731619387865067
1407,7.035,0.013094596,0.014887279,0.020716239,0.032083727,1404,7.02,7.033567905426025,0,0.8826838731765747,0.11731619387865067
1408,7.04,-0.016086623,-0.0075979703,0.005202709,0.0124307,1408,7.04,7.04410719871521,0,0.8862703442573547,0.11372964829206467
1409,7.045,-0.020568633,-0.00905255,0.0030432239,0.007939527,1408,7.04,7.04410719871521,0,0.8862703442573547,0.11372964829206467
1410,7.05,0.0043524057,0.012977232,0.018409993,0.02100408,1408,7.04,7.04410719871521,0,0.8862703442573547,0.11372964829206467
1411,7.055,0.041356225,0.04253812,0.040394284,0.03840119,1408,7.04,7.04410719871521,0,0.8862703442573547,0.11372964829206467
1412,7.06,0.0640357,0.057707068,0.051835135,0.04262296,1412,7.06,7.077178716659546,0,0.8859940767288208,0.11400596052408218
1413,7.065,0.05704927,0.047853712,0.043717362,0.027030967,1412,7.06,7.077178716659546,0,0.8859940767288208,0.11400596052408218
1414,7.07,0.026998369,0.021162467,0.022288546,0.001371381,1412,7.06,7.077178716659546,0,0.8859940767288208,0.11400596052408218
1415,7.075,-0.0048393765,-0.0038629677,0.002443712,-0.017403068,1412,7.06,7.077178716659546,0,0.8859940767288208,0.11400596052408218
1416,7.08,-0.021174299,-0.0150431525,-0.006356572,-0.020685118,1416,7.08,7.089699983596802,0,0.876373827457428,0.1236262321472168
1417,7.085,-0.022185653,-0.01621652,-0.008332745,-0.015841056,1416,7.08,7.089699983596802,0,0.876373827457428,0.1236262321472168
1418,7.09,-0.022095216,-0.021265678,-0.015909918,-0.018637989,1416,7.08,7.089699983596802,0,0.876373827457428,0.1236262321472168
1419,7.095,-0.03256516,-0.038180627,-0.035583958,-0.036989868,1416,7.08,7.089699983596802,0,0.876373827457428,0.1236262321472168
1420,7.1,-0.048875205,-0.058329757,-0.058636516,-0.060790632,1420,7.1,7.109760999679565,0,0.8896861672401428,0.11031385511159897
1421,7.105,-0.052432623,-0.061748087,-0.066131964,-0.06779991,1420,7.1,7.109760999679565,0,0.8896861672401428,0.11031385511159897
1422,7.11,-0.027905876,-0.034582946,-0.044589687,-0.04160324,1420,7.1,7.109760999679565,0,0.8896861672401428,0.11031385511159897
1423,7.115,0.020754581,0.01679694,0.001285931,0.013269293,1420,7.1,7.109760999679565,0,0.8896861672401428,0.11031385511159897
1424,7.12,0.07039648,0.0679858,0.05007945,0.07204517,1424,7.12,7.133138656616211,0,0.8860387206077576,0.11396128684282303
1425,7.125,0.094840564,0.09331663,0.07809661,0.10586885,1424,7.12,7.133138656616211,0,0.8860387206077576,0.11396128684282303
1426,7.13,0.082615845,0.08269442,0.07458165,0.10024268,1424,7.12,7.133138656616211,0,0.8860387206077576,0.11396128684282303
1427,7.135,0.041776106,0.045170624,0.046073537,0.061749995,1424,7.12,7.133138656616211,0,0.8860387206077576,0.11396128684282303
1428,7.14,-0.009236848,-0.0008622118,0.008733601,0.010202411,1428,7.14,7.144268035888672,0,0.8808794617652893,0.11912054568529129
1429,7.145,-0.053674635,-0.039807633,-0.022859378,-0.03481357,1428,7.14,7.144268035888672,0,0.8808794617652893,0.11912054568529129
1430,7.15,-0.081602454,-0.06373138,-0.041698493,-0.062267195,1428,7.14,7.144268035888672,0,0.8808794617652893,0.11912054568529129
1431,7.155,-0.08855967,-0.070458725,-0.047628347,-0.06999168,1428,7.14,7.144268035888672,0,0.8808794617652893,0.11912054568529129
1432,7.16,-0.074536845,-0.061524358,-0.04427209,-0.06155687,1432,7.16,7.1741650104522705,0,0.8766913414001465,0.12330862879753113
1433,7.165,-0.04579953,-0.04280443,-0.037060145,-0.044085808,1432,7.16,7.1741650104522705,0,0.8766913414001465,0.12330862879753113
1434,7.17,-0.014830472,-0.023967281,-0.031582393,-0.026439192,1432,7.16,7.1741650104522705,0,0.8766913414001465,0.12330862879753113
1435,7.175,0.005895151,-0.0131867975,-0.030546213,-0.015495075,1432,7.16,7.1741650104522705,0,0.8766913414001465,0.12330862879753113
1436,7.18,0.012553359,-0.010619275,-0.031014217,-0.011985865,1436,7.18,7.191195487976074,0,0.8895819187164307,0.11041812598705292
1437,7.185,0.012295173,-0.008088635,-0.025784342,-0.010417827,1436,7.18,7.191195487976074,0,0.8895819187164307,0.11041812598705292
1438,7.19,0.01591016,0.0031012404,-0.009425063,-0.0044391355,1436,7.18,7.191195487976074,0,0.8895819187164307,0.11041812598705292
1439,7.195,0.027703382,0.023474569,0.016177665,0.00725062,1436,7.18,7.191195487976074,0,0.8895819187164307,0.11041812598705292
1440,7.2,0.042577397,0.044763595,0.042619668,0.020625882,1440,7.2,7.210095643997192,0,0.890383243560791,0.1096167042851448
1441,7.205,0.052537024,0.057956602,0.061825708,0.031764336,1440,7.2,7.210095643997192,0,0.890383243560791,0.1096167042851448
1442,7.21,0.05497104,0.061468523,0.07214549,0.041520018,1440,7.2,7.210095643997192,0,0.890383243560791,0.1096167042851448
1443,7.215,0.053926755,0.061070137,0.077519245,0.053812724,1440,7.2,7.210095643997192,0,0.890383243560791,0.1096167042851448
1444,7.22,0.05372435,0.06210619,0.0807745,0.069159746,1444,7.22,7.227954864501953,0,0.8872594833374023,0.11274051666259766
1445,7.225,0.052311994,0.062303554,0.0781914,0.08052493,1444,7.22,7.227954864501953,0,0.8872594833374023,0.11274051666259766
1446,7.23,0.041590363,0.052476354,0.061212156,0.07649724,1444,7.22,7.227954864501953,0,0.8872594833374023,0.11274051666259766
1447,7.235,0.014685842,0.024627073,0.024256743,0.049813498,1444,7.22,7.227954864501953,0,0.8872594833374023,0.11274051666259766
1448,7.24,-0.026475307,-0.019718543,-0.028111422,0.0042637624,1448,7.24,7.24371075630188,0,0.8709508180618286,0.12904919683933258
1449,7.245,-0.07006814,-0.068059236,-0.081038274,-0.045836333,1448,7.24,7.24371075630188,0,0.8709508180618286,0.12904919683933258
1450,7.25,-0.10081689,-0.10363268,-0.11694433,-0.08362432,1448,7.24,7.24371075630188,0,0.8709508180618286,0.12904919683933258
1451,7.255,-0.108864285,-0.11515305,-0.12539664,-0.09938368,1448,7.24,7.24371075630188,0,0.8709508180618286,0.12904919683933258
1452,7.26,-0.09433866,-0.102349795,-0.1081237,-0.094844066,1452,7.26,7.269684314727783,0,0.8851996660232544,0.11480032652616501
1453,7.265,-0.06495486,-0.073791504,-0.07593512,-0.079249576,1452,7.26,7.269684314727783,0,0.8851996660232544,0.11480032652616501
1454,7.27,-0.030027093,-0.039922133,-0.040797185,-0.061115947,1452,7.26,7.269684314727783,0,0.8851996660232544,0.11480032652616501
1455,7.275,0.003329567,-0.0077807833,-0.009818505,-0.04299439,1452,7.26,7.269684314727783,0,0.8851996660232544,0.11480032652616501
1456,7.28,0.029680042,0.018934408,0.014865461,-0.023125261,1456,7.28,7.2909770011901855,0,0.881811797618866,0.11818820983171463
1457,7.285,0.04398587,0.037128083,0.03263175,-0.0007489659,1456,7.28,7.2909770011901855,0,0.881811797618866,0.11818820983171463
1458,7.29,0.043908734,0.044282515,0.042770512,0.021503603,1456,7.28,7.2909770011901855,0,0.881811797618866,0.11818820983171463
1459,7.295,0.0343247,0.042132717,0.046607766,0.04055124,1456,7.28,7.2909770011901855,0,0.881811797618866,0.11818820983171463
1460,7.3,0.027364224,0.038717452,0.049354214,0.056693673,1460,7.3,7.302066802978516,0,0.8890765309333801,0.11092348396778107
1461,7.305,0.034302626,0.04369829,0.057130095,0.07265472,1460,7.3,7.302066802978516,0,0.8890765309333801,0.11092348396778107
1462,7.31,0.055067573,0.0594648,0.07059954,0.08823484,1460,7.3,7.302066802978516,0,0.8890765309333801,0.11092348396778107
1463,7.315,0.07591708,0.07672632,0.08188934,0.09695191,1460,7.3,7.302066802978516,0,0.8890765309333801,0.11092348396778107
1464,7.32,0.07899409,0.08003264,0.07909895,0.089419715,1464,7.32,7.325363874435425,0,0.889723539352417,0.11027649790048599
1465,7.325,0.05570846,0.05906193,0.055087198,0.060820695,1464,7.32,7.325363874435425,0,0.889723539352417,0.11027649790048599
1466,7.33,0.012258485,0.016127054,0.012993924,0.015451761,1464,7.32,7.325363874435425,0,0.889723539352417,0.11027649790048599
1467,7.335,-0.03617209,-0.035493854,-0.035563454,-0.035341907,1464,7.32,7.325363874435425,0,0.889723539352417,0.11027649790048599
1468,7.34,-0.075515956,-0.07952166,-0.077013485,-0.07905897,1468,7.34,7.343623876571655,0,0.8559775948524475,0.1440223902463913
1469,7.345,-0.098400764,-0.104254976,-0.101631485,-0.10665634,1468,7.34,7.343623876571655,0,0.8559775948524475,0.1440223902463913
1470,7.35,-0.103245474,-0.10579311,-0.105680525,-0.1138435,1468,7.34,7.343623876571655,0,0.8559775948524475,0.1440223902463913
1471,7.355,-0.09131634,-0.08733207,-0.090704024,-0.10059979,1468,7.34,7.343623876571655,0,0.8559775948524475,0.1440223902463913
1472,7.36,-0.06573914,-0.05656537,-0.061954398,-0.07068649,1472,7.36,7.370034217834473,0,0.887763500213623,0.11223646998405457
1473,7.365,-0.031943537,-0.022424888,-0.026789723,-0.031053964,1472,7.36,7.370034217834473,0,0.887763500213623,0.11223646998405457
1474,7.37,0.0030375286,0.008030433,0.007096334,0.00961144,1472,7.36,7.370034217834473,0,0.887763500213623,0.11223646998405457
1475,7.375,0.032842547,0.031264093,0.03345572,0.04288688,1472,7.36,7.370034217834473,0,0.887763500213623,0.11223646998405457
1476,7.38,0.053647324,0.046561904,0.048689548,0.06228209,1476,7.38,7.3901166915893555,0,0.8857764601707458,0.11422353982925415
1477,7.385,0.06421839,0.0540489,0.052258614,0.06458536,1476,7.38,7.3901166915893555,0,0.8857764601707458,0.11422353982925415
1478,7.39,0.06489255,0.053714525,0.046554238,0.051360317,1476,7.38,7.3901166915893555,0,0.8857764601707458,0.11422353982925415
1479,7.395,0.05690623,0.046322085,0.03617827,0.029753558,1476,7.38,7.3901166915893555,0,0.8857764601707458,0.11422353982925415
1480,7.4,0.042495247,0.03463521,0.026260257,0.010603855,1480,7.4,7.41012978553772,0,0.8883448243141174,0.11165523529052734
1481,7.405,0.025320861,0.023048943,0.020263346,0.0034329363,1480,7.4,7.41012978553772,0,0.8883448243141174,0.11165523529052734
1482,7.41,0.010547392,0.015658254,0.018811647,0.0111384215,1480,7.4,7.41012978553772,0,0.8883448243141174,0.11165523529052734
1483,7.415,0.0035541572,0.014211991,0.020355273,0.02816625,1480,7.4,7.41012978553772,0,0.8883448243141174,0.11165523529052734
1484,7.42,0.0065642633,0.016895944,0.022390135,0.043316633,1484,7.42,7.426884412765503,0,0.8836691975593567,0.1163308322429657
1485,7.425,0.014918764,0.018282011,0.021603795,0.045251295,1484,7.42,7.426884412765503,0,0.8836691975593567,0.1163308322429657
1486,7.43,0.017451765,0.011308184,0.013759649,0.028044367,1484,7.42,7.426884412765503,0,0.8836691975593567,0.1163308322429657
1487,7.435,0.0036397667,-0.008199567,-0.0042674057,-0.005285735,1484,7.42,7.426884412765503,0,0.8836691975593567,0.1163308322429657
1488,7.44,-0.026743907,-0.036812518,-0.030486435,-0.043233544,1488,7.44,7.441645860671997,0,0.8854709267616272,0.1145290732383728
1489,7.445,-0.06066593,-0.0633107,-0.056062732,-0.071349114,1488,7.44,7.441645860671997,0,0.8854709267616272,0.1145290732383728
1490,7.45,-0.080257945,-0.07514536,-0.06958831,-0.080484636,1488,7.44,7.441645860671997,0,0.8854709267616272,0.1145290732383728
1491,7.455,-0.07632178,-0.067262076,-0.06512053,-0.071856394,1488,7.44,7.441645860671997,0,0.8854709267616272,0.1145290732383728
1492,7.46,-0.054813836,-0.045691162,-0.04691187,-0.054505806,1492,7.46,7.4769885540008545,0,0.8894665837287903,0.11053341627120972
1493,7.465,-0.030565659,-0.022511639,-0.026035791,-0.037266403,1492,7.46,7.4769885540008545,0,0.8894665837287903,0.11053341627120972
1494,7.47,-0.01456177,-0.006566882,-0.011560952,-0.022413893,1492,7.46,7.4769885540008545,0,0.8894665837287903,0.11053341627120972
1495,7.475,-0.0064432616,0.0021251386,-0.003977472,-0.0062684948,1492,7.46,7.4769885540008545,0,0.8894665837287903,0.11053341627120972
1496,7.48,0.0020683296,0.0100362515,0.0035370342,0.01472641,1496,7.48,7.493765115737915,0,0.8903024792671204,0.10969752818346024
1497,7.485,0.017462077,0.022646677,0.017439224,0.038589627,1496,7.48,7.493765115737915,0,0.8903024792671204,0.10969752818346024
1498,7.49,0.037858598,0.038690668,0.03675415,0.057900816,1496,7.48,7.493765115737915,0,0.8903024792671204,0.10969752818346024
1499,7.495,0.0549389,0.05111892,0.053089045,0.06514062,1496,7.48,7.493765115737915,0,0.8903024792671204,0.10969752818346024
1500,7.5,0.06166036,0.053705268,0.057880584,0.058699477,1500,7.5,7.512035608291626,0,0.8912875056266785,0.10871247202157974
1501,7.505,0.058194045,0.047048207,0.050284162,0.04451887,1500,7.5,7.512035608291626,0,0.8912875056266785,0.10871247202157974
1502,7.51,0.050718494,0.038096555,0.03815692,0.031765655,1500,7.5,7.512035608291626,0,0.8912875056266785,0.10871247202157974
1503,7.515,0.044634234,0.033371672,0.030831404,0.02578761,1500,7.5,7.512035608291626,0,0.8912875056266785,0.10871247202157974
1504,7.52,0.039055932,0.032329507,0.030259151,0.024076844,1504,7.52,7.5269386768341064,0,0.883979082107544,0.11602088063955307
1505,7.525,0.028101891,0.027482742,0.028895177,0.018672124,1504,7.52,7.5269386768341064,0,0.883979082107544,0.11602088063955307
1506,7.53,0.0076478864,0.011392959,0.016380224,0.002955606,1504,7.52,7.5269386768341064,0,0.883979082107544,0.11602088063955307
1507,7.535,-0.0194421,-0.016127713,-0.011134126,-0.022931311,1504,7.52,7.5269386768341064,0,0.883979082107544,0.11602088063955307
1508,7.54,-0.045063388,-0.04727647,-0.047148354,-0.052162092,1508,7.54,7.540068864822388,0,0.8801711201667786,0.11982887238264084
1509,7.545,-0.06261597,-0.071970865,-0.07889463,-0.07559617,1508,7.54,7.540068864822388,0,0.8801711201667786,0.11982887238264084
1510,7.55,-0.07135843,-0.08389508,-0.0948261,-0.08595182,1508,7.54,7.540068864822388,0,0.8801711201667786,0.11982887238264084
1511,7.555,-0.07379885,-0.081634134,-0.08962314,-0.07919091,1508,7.54,7.540068864822388,0,0.8801711201667786,0.11982887238264084
1512,7.56,-0.06970654,-0.0658799,-0.06487829,-0.05463526,1512,7.56,7.574089527130127,0,0.8896942734718323,0.11030571162700653
1513,7.565,-0.05453222,-0.03779316,-0.027494919,-0.016199986,1512,7.56,7.574089527130127,0,0.8896942734718323,0.11030571162700653
1514,7.57,-0.025107116,-0.0010366095,0.01228198,0.02619527,1512,7.56,7.574089527130127,0,0.8896942734718323,0.11030571162700653
1515,7.575,0.013287011,0.035728425,0.043505862,0.05864978,1512,7.56,7.574089527130127,0,0.8896942734718323,0.11030571162700653
1516,7.58,0.0469723,0.06078131,0.05844396,0.06996356,1516,7.58,7.594058513641357,0,0.8869893550872803,0.11301063746213913
1517,7.585,0.06255221,0.065943494,0.05613307,0.05870343,1516,7.58,7.594058513641357,0,0.8869893550872803,0.11301063746213913
1518,7.59,0.056561306,0.0523082,0.042538673,0.03426328,1516,7.58,7.594058513641357,0,0.8869893550872803,0.11301063746213913
1519,7.595,0.037197545,0.029527588,0.026437258,0.010188354,1516,7.58,7.594058513641357,0,0.8869893550872803,0.11301063746213913
1520,7.6,0.017199751,0.009142013,0.014090603,-0.0047423583,1520,7.6,7.608268737792969,0,0.887836217880249,0.11216378211975098
1521,7.605,0.0052078757,-0.002038589,0.0070457957,-0.010054462,1520,7.6,7.608268737792969,0,0.887836217880249,0.11216378211975098
1522,7.61,0.0028434917,-0.003453246,0.0041634175,-0.009681328,1520,7.6,7.608268737792969,0,0.887836217880249,0.11216378211975098
1523,7.615,0.007497087,0.0019663512,0.0046002413,-0.006074107,1520,7.6,7.608268737792969,0,0.887836217880249,0.11216378211975098
1524,7.62,0.015388696,0.01024549,0.0079141,0.00089941896,1524,7.62,7.622056245803833,0,0.8851302862167358,0.11486977338790894
1525,7.625,0.021621374,0.016289925,0.011520631,0.009760196,1524,7.62,7.622056245803833,0,0.8851302862167358,0.11486977338790894
1526,7.63,0.01976198,0.013879066,0.009744196,0.014241396,1524,7.62,7.622056245803833,0,0.8851302862167358,0.11486977338790894
1527,7.635,0.0049211755,-0.0010004904,-0.0023835162,0.0068760784,1524,7.62,7.622056245803833,0,0.8851302862167358,0.11486977338790894
1528,7.64,-0.020650038,-0.024952013,-0.023042744,-0.012728177,1528,7.64,7.639835357666016,0,0.8865731358528137,0.11342688649892807
1529,7.645,-0.045450956,-0.0459204,-0.041751802,-0.03363889,1528,7.64,7.639835357666016,0,0.8865731358528137,0.11342688649892807
1530,7.65,-0.05443728,-0.049646776,-0.04545926,-0.039711025,1528,7.64,7.639835357666016,0,0.8865731358528137,0.11342688649892807
1531,7.655,-0.03952965,-0.030203862,-0.028737158,-0.022491686,1528,7.64,7.639835357666016,0,0.8865731358528137,0.11342688649892807
1532,7.66,-0.0065848837,0.0040937364,0.00069305015,0.010272011,1532,7.66,7.659855604171753,0,0.8890441656112671,0.11095588654279709
1533,7.665,0.027157038,0.035065994,0.026479915,0.038799766,1532,7.66,7.659855604171753,0,0.8890441656112671,0.11095588654279709
1534,7.67,0.043412555,0.04625973,0.034676652,0.045167986,1532,7.66,7.659855604171753,0,0.8890441656112671,0.11095588654279709
1535,7.675,0.033471152,0.03267303,0.022114577,0.025329024,1532,7.66,7.659855604171753,0,0.8890441656112671,0.11095588654279709
1536,7.68,0.002358571,0.0018851483,-0.0038456882,-0.009964476,1536,7.68,7.690104722976685,0,0.8899196982383728,0.110080286860466
1537,7.685,-0.03480066,-0.032273147,-0.031780552,-0.044059023,1536,7.68,7.690104722976685,0,0.8899196982383728,0.110080286860466
1538,7.69,-0.060782053,-0.057015967,-0.051868107,-0.064087585,1536,7.68,7.690104722976685,0,0.8899196982383728,0.110080286860466
1539,7.695,-0.06393214,-0.06402022,-0.05702923,-0.064379424,1536,7.68,7.690104722976685,0,0.8899196982383728,0.110080286860466
1540,7.7,-0.042271778,-0.049549855,-0.04219381,-0.044463478,1540,7.7,7.7099997997283936,0,0.8889129161834717,0.11108706891536713
1541,7.705,-0.003029056,-0.01469344,-0.006138619,-0.007244827,1540,7.7,7.7099997997283936,0,0.8889129161834717,0.11108706891536713
1542,7.71,0.04124035,0.032978747,0.0440842,0.03973816,1540,7.7,7.7099997997283936,0,0.8889129161834717,0.11108706891536713
1543,7.715,0.077358045,0.07875833,0.09125306,0.08279498,1540,7.7,7.7099997997283936,0,0.8889129161834717,0.11108706891536713
1544,7.72,0.09489241,0.104496226,0.11355391,0.105057575,1544,7.72,7.725080490112305,0,0.8883845210075378,0.11161544173955917
1545,7.725,0.08813325,0.09692421,0.09657451,0.09472884,1544,7.72,7.725080490112305,0,0.8883845210075378,0.11161544173955917
1546,7.73,0.05786713,0.05621878,0.04401187,0.05343928,1544,7.72,7.725080490112305,0,0.8883845210075378,0.11161544173955917
1547,7.735,0.012656067,-0.0017281215,-0.021743758,-0.002466721,1544,7.72,7.725080490112305,0,0.8883845210075378,0.11161544173955917
1548,7.74,-0.03285667,-0.05271767,-0.07151814,-0.050331894,1548,7.74,7.761830806732178,0,0.8627305030822754,0.1372695118188858
1549,7.745,-0.06401663,-0.077608526,-0.08644917,-0.07404529,1548,7.74,7.761830806732178,0,0.8627305030822754,0.1372695118188858
1550,7.75,-0.0736017,-0.072559364,-0.068185836,-0.071984574,1548,7.74,7.761830806732178,0,0.8627305030822754,0.1372695118188858
1551,7.755,-0.06489609,-0.04886838,-0.035021886,-0.054534957,1548,7.74,7.761830806732178,0,0.8627305030822754,0.1372695118188858
1552,7.76,-0.047645375,-0.023224795,-0.0077121193,-0.03436342,1552,7.76,7.767394542694092,0,0.8853300213813782,0.1146700382232666
1553,7.765,-0.03042751,-0.006496361,0.003724298,-0.018052641,1552,7.76,7.767394542694092,0,0.8853300213813782,0.1146700382232666
1554,7.77,-0.01600632,0.00070955267,0.0029638796,-0.0051112683,1552,7.76,7.767394542694092,0,0.8853300213813782,0.1146700382232666
1555,7.775,-0.0028727606,0.0040226392,-5.350948e-07,0.006957254,1552,7.76,7.767394542694092,0,0.8853300213813782,0.1146700382232666
1556,7.78,0.009894873,0.007992718,0.001253127,0.017646896,1556,7.78,7.793178081512451,0,0.8893142938613892,0.11068575084209442
1557,7.785,0.019938959,0.012137843,0.0054793297,0.023181688,1556,7.78,7.793178081512451,0,0.8893142938613892,0.11068575084209442
1558,7.79,0.023609938,0.012872575,0.0074661127,0.020516317,1556,7.78,7.793178081512451,0,0.8893142938613892,0.11068575084209442
1559,7.795,0.020119756,0.008392713,0.0046216496,0.011324716,1556,7.78,7.793178081512451,0,0.8893142938613892,0.11068575084209442
1560,7.8,0.013383852,0.0015215905,-0.00011780896,0.0020600606,1560,7.8,7.808224678039551,0,0.8903676867485046,0.10963227599859238
1561,7.805,0.009687202,-0.0019662632,-0.0012347074,-0.00022577112,1560,7.8,7.808224678039551,0,0.8903676867485046,0.10963227599859238
1562,7.81,0.01333265,0.002242405,0.0041483436,0.00701914,1560,7.8,7.808224678039551,0,0.8903676867485046,0.10963227599859238
1563,7.815,0.023787865,0.01369301,0.013953623,0.019882293,1560,7.8,7.808224678039551,0,0.8903676867485046,0.10963227599859238
1564,7.82,0.03592462,0.027291775,0.02335429,0.030572176,1564,7.82,7.819770336151123,0,0.8889491558074951,0.11105087399482727
1565,7.825,0.042549692,0.036257222,0.02860503,0.032371238,1564,7.82,7.819770336151123,0,0.8889491558074951,0.11105087399482727
1566,7.83,0.037788417,0.035696775,0.028783962,0.023319684,1564,7.82,7.819770336151123,0,0.8889491558074951,0.11105087399482727
1567,7.835,0.020236738,0.024926359,0.024702512,0.00657056,1564,7.82,7.819770336151123,0,0.8889491558074951,0.11105087399482727
1568,7.84,-0.0054383115,0.007626848,0.017144155,-0.011922423,1568,7.84,7.845082521438599,0,0.884352445602417,0.11564763635396957
1569,7.845,-0.030029872,-0.010166011,0.0065263975,-0.026279332,1568,7.84,7.845082521438599,0,0.884352445602417,0.11564763635396957
1570,7.85,-0.04454272,-0.02319419,-0.006075245,-0.032563105,1568,7.84,7.845082521438599,0,0.884352445602417,0.11564763635396957
1571,7.855,-0.045406424,-0.029315826,-0.01815124,-0.029489331,1568,7.84,7.845082521438599,0,0.884352445602417,0.11564763635396957
1572,7.86,-0.03619444,-0.02954161,-0.026457008,-0.0185862,1572,7.86,7.869828224182129,0,0.8884586691856384,0.11154140532016754
1573,7.865,-0.024334695,-0.026101965,-0.028853463,-0.0039580367,1572,7.86,7.869828224182129,0,0.8884586691856384,0.11154140532016754
1574,7.87,-0.015485317,-0.020507332,-0.025754558,0.008951077,1572,7.86,7.869828224182129,0,0.8884586691856384,0.11154140532016754
1575,7.875,-0.010200571,-0.013317526,-0.019882778,0.015765537,1572,7.86,7.869828224182129,0,0.8884586691856384,0.11154140532016754
1576,7.88,-0.0054159923,-0.0055540483,-0.014618053,0.015256684,1576,7.88,7.8921959400177,0,0.8909322023391724,0.10906777530908585
1577,7.885,0.0008610534,-0.00014156508,-0.012603571,0.00888147,1576,7.88,7.8921959400177,0,0.8909322023391724,0.10906777530908585
1578,7.89,0.0059830383,-0.0015603245,-0.015599566,-0.0021569924,1576,7.88,7.8921959400177,0,0.8909322023391724,0.10906777530908585
1579,7.895,0.0038662034,-0.012929102,-0.02432598,-0.018758522,1576,7.88,7.8921959400177,0,0.8909322023391724,0.10906777530908585
1580,7.9,-0.00905633,-0.031689413,-0.036464997,-0.041134752,1580,7.9,7.909864187240601,0,0.8908350467681885,0.10916497558355331
1581,7.905,-0.02759478,-0.04728252,-0.044061866,-0.06312769,1580,7.9,7.909864187240601,0,0.8908350467681885,0.10916497558355331
1582,7.91,-0.03753693,-0.044660464,-0.03492612,-0.07071198,1580,7.9,7.909864187240601,0,0.8908350467681885,0.10916497558355331
1583,7.915,-0.024096401,-0.01394532,-0.00066282484,-0.049769312,1580,7.9,7.909864187240601,0,0.8908350467681885,0.10916497558355331
1584,7.92,0.015680956,0.03959471,0.053359658,0.0010600828,1584,7.92,7.92798376083374,0,0.8895600438117981,0.11043991893529892
1585,7.925,0.06662874,0.0940958,0.105763316,0.0640026,1584,7.92,7.92798376083374,0,0.8895600438117981,0.11043991893529892
1586,7.93,0.10243171,0.12215568,0.12978944,0.11033846,1584,7.92,7.92798376083374,0,0.8895600438117981,0.11043991893529892
1587,7.935,0.10262079,0.10822475,0.11071626,0.118780844,1584,7.92,7.92798376083374,0,0.8895600438117981,0.11043991893529892
1588,7.94,0.06709949,0.059602402,0.056761775,0.08983243,1588,7.94,7.942080020904541,0,0.8878657221794128,0.11213422566652298
1589,7.945,0.016444813,0.002085125,-0.0055604787,0.044384155,1588,7.94,7.942080020904541,0,0.8878657221794128,0.11213422566652298
1590,7.95,-0.0227223,-0.0370267,-0.048471063,0.0077201547,1588,7.94,7.942080020904541,0,0.8878657221794128,0.11213422566652298
1591,7.955,-0.035902996,-0.04604973,-0.059731234,-0.008101245,1588,7.94,7.942080020904541,0,0.8878657221794128,0.11213422566652298
1592,7.96,-0.02846564,-0.033886988,-0.047470752,-0.009936394,1592,7.96,7.974919557571411,0,0.8669179677963257,0.13308200240135193
1593,7.965,-0.018079273,-0.020351492,-0.030936673,-0.014251767,1592,7.96,7.974919557571411,0,0.8669179677963257,0.13308200240135193
1594,7.97,-0.019432098,-0.020415815,-0.025402913,-0.03185035,1592,7.96,7.974919557571411,0,0.8669179677963257,0.13308200240135193
1595,7.975,-0.03400213,-0.03458782,-0.032737773,-0.059337772,1592,7.96,7.974919557571411,0,0.8669179677963257,0.13308200240135193
1596,7.98,-0.05186761,-0.0515879,-0.043510288,-0.08313211,1596,7.98,7.993941068649292,0,0.88779217004776,0.1122078076004982
1597,7.985,-0.061815158,-0.05929138,-0.04701955,-0.09101458,1596,7.98,7.993941068649292,0,0.88779217004776,0.1122078076004982
1598,7.99,-0.059886817,-0.053937122,-0.039975785,-0.08078436,1596,7.98,7.993941068649292,0,0.88779217004776,0.1122078076004982
1599,7.995,-0.04965009,-0.040491097,-0.02706953,-0.059480045,1596,7.98,7.993941068649292,0,0.88779217004776,0.1122078076004982
1600,8.0,-0.036021702,-0.025699086,-0.014595307,-0.03554309,1600,8.0,8.008890151977539,0,0.8878520131111145,0.1121479719877243
1601,8.005,-0.02003728,-0.011593646,-0.0042014294,-0.011940764,1600,8.0,8.008890151977539,0,0.8878520131111145,0.1121479719877243
1602,8.01,0.00039513578,0.0045650774,0.007463222,0.013923661,1600,8.0,8.008890151977539,0,0.8878520131111145,0.1121479719877243
1603,8.015,0.025734808,0.02516639,0.023872156,0.04464711,1600,8.0,8.008890151977539,0,0.8878520131111145,0.1121479719877243
1604,8.02,0.051911164,0.048014604,0.043933433,0.07748049,1604,8.02,8.02491569519043,0,0.8906760811805725,0.10932394862174988
1605,8.025,0.07227725,0.06703639,0.061795153,0.10388427,1604,8.02,8.02491569519043,0,0.8906760811805725,0.10932394862174988
1606,8.03,0.08192351,0.076484285,0.07071987,0.1139834,1604,8.02,8.02491569519043,0,0.8906760811805725,0.10932394862174988
1607,8.035,0.08010141,0.07441767,0.0673619,0.10241463,1604,8.02,8.02491569519043,0,0.8906760811805725,0.10932394862174988
1608,8.04,0.06937345,0.06301709,0.05331661,0.071769975,1608,8.04,8.039830684661865,0,0.8789017200469971,0.12109827250242233
1609,8.045,0.053241003,0.04640314,0.033453498,0.031665232,1608,8.04,8.039830684661865,0,0.8789017200469971,0.12109827250242233
1610,8.05,0.03419947,0.027936095,0.012693742,-0.0061745653,1608,8.04,8.039830684661865,0,0.8789017200469971,0.12109827250242233
1611,8.055,0.012772961,0.008522402,-0.0065431655,-0.03422373,1608,8.04,8.039830684661865,0,0.8789017200469971,0.12109827250242233
1612,8.06,-0.012361808,-0.0132959755,-0.024769446,-0.052980144,1612,8.06,8.066370725631714,0,0.8671804666519165,0.1328195184469223
1613,8.065,-0.04272679,-0.03939658,-0.04371464,-0.06929138,1612,8.06,8.066370725631714,0,0.8671804666519165,0.1328195184469223
1614,8.07,-0.077109694,-0.06919327,-0.06370465,-0.08954931,1612,8.06,8.066370725631714,0,0.8671804666519165,0.1328195184469223
1615,8.075,-0.10921187,-0.09758396,-0.08175737,-0.112169,1612,8.06,8.066370725631714,0,0.8671804666519165,0.1328195184469223
1616,8.08,-0.12827715,-0.11536181,-0.09155262,-0.12530626,1616,8.08,8.082141637802124,0,0.8870303630828857,0.11296965181827545
1617,8.085,-0.12335946,-0.11249972,-0.08563713,-0.11284568,1616,8.08,8.082141637802124,0,0.8870303630828857,0.11296965181827545
1618,8.09,-0.08917224,-0.08314454,-0.059315495,-0.06570133,1616,8.08,8.082141637802124,0,0.8870303630828857,0.11296965181827545
1619,8.095,-0.030162966,-0.030025916,-0.014603259,0.009205642,1616,8.08,8.082141637802124,0,0.8870303630828857,0.11296965181827545
1620,8.1,0.039504215,0.03424797,0.03818528,0.08922205,1620,8.1,8.110175609588623,0,0.8780500292778015,0.12195000052452087
1621,8.105,0.10022169,0.090607345,0.08317152,0.14632122,1620,8.1,8.110175609588623,0,0.8780500292778015,0.12195000052452087
1622,8.11,0.1340453,0.121161975,0.10571162,0.16142164,1620,8.1,8.110175609588623,0,0.8780500292778015,0.12195000052452087
1623,8.115,0.13237578,0.11795574,0.100067526,0.133979,1620,8.1,8.110175609588623,0,0.8780500292778015,0.12195000052452087
1624,8.12,0.10094055,0.08790412,0.07315381,0.0813814,1624,8.12,8.127832412719727,0,0.8876803517341614,0.11231961846351624
1625,8.125,0.058091253,0.049673244,0.040960878,0.028726509,1624,8.12,8.127832412719727,0,0.8876803517341614,0.11231961846351624
1626,8.13,0.024725258,0.022522982,0.018673599,-0.0053092153,1624,8.12,8.127832412719727,0,0.8876803517341614,0.11231961846351624
1627,8.135,0.010511658,0.0134473005,0.0105787255,-0.018510966,1624,8.12,8.127832412719727,0,0.8876803517341614,0.11231961846351624
1628,8.14,0.0067548244,0.012324929,0.0074271313,-0.024576297,1628,8.14,8.139891862869263,0,0.837944746017456,0.16205528378486633
1629,8.145,-0.006413474,0.00034446255,-0.005779509,-0.04138156,1628,8.14,8.139891862869263,0,0.837944746017456,0.16205528378486633
1630,8.15,-0.042474642,-0.033742096,-0.03699822,-0.075624295,1628,8.14,8.139891862869263,0,0.837944746017456,0.16205528378486633
1631,8.155,-0.09499928,-0.082700536,-0.07953022,-0.11551086,1628,8.14,8.139891862869263,0,0.837944746017456,0.16205528378486633
1632,8.16,-0.14025432,-0.12464966,-0.11571109,-0.13790455,1632,8.16,8.174612522125244,0,0.8722291588783264,0.12777090072631836
1633,8.165,-0.15387651,-0.13831188,-0.12845226,-0.12471899,1632,8.16,8.174612522125244,0,0.8722291588783264,0.12777090072631836
1634,8.17,-0.12732102,-0.11673804,-0.11114558,-0.07566137,1632,8.16,8.174612522125244,0,0.8722291588783264,0.12777090072631836
1635,8.175,-0.0713283,-0.06920923,-0.06924474,-0.007954074,1632,8.16,8.174612522125244,0,0.8722291588783264,0.12777090072631836
1636,8.18,-0.0061763516,-0.012298776,-0.014676667,0.055281293,1636,8.18,8.19258165359497,0,0.8827028870582581,0.11729711294174194
1637,8.185,0.051128443,0.04055433,0.040786874,0.09807638,1636,8.18,8.19258165359497,0,0.8827028870582581,0.11729711294174194
1638,8.19,0.09306115,0.08302784,0.08849861,0.11714355,1636,8.18,8.19258165359497,0,0.8827028870582581,0.11729711294174194
1639,8.195,0.119627215,0.11319245,0.12232796,0.11832742,1636,8.18,8.19258165359497,0,0.8827028870582581,0.11729711294174194
1640,8.2,0.13320524,0.1294449,0.13764459,0.10908685,1640,8.2,8.210150957107544,0,0.8814333081245422,0.11856667697429657
1641,8.205,0.13517243,0.12967189,0.13223933,0.09326654,1640,8.2,8.210150957107544,0,0.8814333081245422,0.11856667697429657
1642,8.21,0.12537201,0.11342806,0.10835186,0.070713185,1640,8.2,8.210150957107544,0,0.8814333081245422,0.11856667697429657
1643,8.215,0.10274142,0.08356606,0.07282745,0.039926328,1640,8.2,8.210150957107544,0,0.8814333081245422,0.11856667697429657
1644,8.22,0.065920845,0.044865906,0.033684224,0.00060076383,1644,8.22,8.228050947189331,0,0.8588488698005676,0.14115116000175476
1645,8.225,0.014323369,0.00095137744,-0.004887965,-0.045294575,1644,8.22,8.228050947189331,0,0.8588488698005676,0.14115116000175476
1646,8.23,-0.049785413,-0.047117133,-0.04465411,-0.093285516,1644,8.22,8.228050947189331,0,0.8588488698005676,0.14115116000175476
1647,8.235,-0.11914964,-0.09875639,-0.08990915,-0.13639499,1644,8.22,8.228050947189331,0,0.8588488698005676,0.14115116000175476
1648,8.24,-0.1810744,-0.1497135,-0.14040713,-0.16575064,1648,8.24,8.242924690246582,0,0.8375766277313232,0.16242338716983795
1649,8.245,-0.21949823,-0.18916622,-0.18586195,-0.17220594,1648,8.24,8.242924690246582,0,0.8375766277313232,0.16242338716983795
1650,8.25,-0.21927272,-0.20102538,-0.20680596,-0.14866665,1648,8.24,8.242924690246582,0,0.8375766277313232,0.16242338716983795
1651,8.255,-0.17199647,-0.17047022,-0.18306215,-0.092727974,1648,8.24,8.242924690246582,0,0.8375766277313232,0.16242338716983795
1652,8.26,-0.08192936,-0.09353412,-0.10636452,-0.00946896,1652,8.26,8.278878450393677,0,0.8865244388580322,0.11347560584545135
1653,8.265,0.03144615,0.015911952,0.010123176,0.08660911,1652,8.26,8.278878450393677,0,0.8865244388580322,0.11347560584545135
1654,8.27,0.13801199,0.12793973,0.13276502,0.17294805,1652,8.26,8.278878450393677,0,0.8865244388580322,0.11347560584545135
1655,8.275,0.20860317,0.20841643,0.22095549,0.22550322,1652,8.26,8.278878450393677,0,0.8865244388580322,0.11347560584545135
1656,8.28,0.22764485,0.23480994,0.24679084,0.22889437,1656,8.28,8.294711351394653,1,0.38682475686073303,0.6131752729415894
1657,8.285,0.1990876,0.20626898,0.2091052,0.1846009,1656,8.28,8.294711351394653,1,0.38682475686073303,0.6131752729415894
1658,8.29,0.1422489,0.14194325,0.13263157,0.11116352,1656,8.28,8.294711351394653,1,0.38682475686073303,0.6131752729415894
1659,8.295,0.0805636,0.069156855,0.052539386,0.034597762,1656,8.28,8.294711351394653,1,0.38682475686073303,0.6131752729415894
1660,8.3,0.029680556,0.0088929,-0.0056199655,-0.026070789,1660,8.3,8.308849334716797,0,0.7455876469612122,0.2544124126434326
1661,8.305,-0.009063984,-0.03307257,-0.03759883,-0.0686776,1660,8.3,8.308849334716797,0,0.7455876469612122,0.2544124126434326
1662,8.31,-0.046382718,-0.06480841,-0.05704829,-0.10556111,1660,8.3,8.308849334716797,0,0.7455876469612122,0.2544124126434326
1663,8.315,-0.09473197,-0.09831336,-0.08116207,-0.14981262,1660,8.3,8.308849334716797,0,0.7455876469612122,0.2544124126434326
1664,8.32,-0.15576749,-0.13807315,-0.1166087,-0.20027485,1664,8.32,8.319950342178345,0,0.6150802969932556,0.3849197328090668
1665,8.325,-0.2141515,-0.17583965,-0.15498178,-0.2374063,1664,8.32,8.319950342178345,0,0.6150802969932556,0.3849197328090668
1666,8.33,-0.24320565,-0.19461675,-0.1785932,-0.23410961,1664,8.32,8.319950342178345,0,0.6150802969932556,0.3849197328090668
1667,8.335,-0.21985172,-0.1784303,-0.17065175,-0.17402832,1664,8.32,8.319950342178345,0,0.6150802969932556,0.3849197328090668
1668,8.34,-0.13934427,-0.12154595,-0.12361133,-0.06435595,1668,8.34,8.339876174926758,0,0.8776078224182129,0.1223922148346901
1669,8.345,-0.02012011,-0.03251781,-0.0431098,0.065372474,1668,8.34,8.339876174926758,0,0.8776078224182129,0.1223922148346901
1670,8.35,0.10431053,0.06820834,0.052853968,0.17734738,1668,8.34,8.339876174926758,0,0.8776078224182129,0.1223922148346901
1671,8.355,0.20112868,0.15592024,0.13977823,0.24358417,1668,8.34,8.339876174926758,0,0.8776078224182129,0.1223922148346901
1672,8.36,0.25184324,0.21131387,0.19642916,0.2575623,1672,8.36,8.36992335319519,1,0.04181581363081932,0.9581841230392456
1673,8.365,0.25617152,0.22740607,0.21380016,0.23314464,1672,8.36,8.36992335319519,1,0.04181581363081932,0.9581841230392456
1674,8.37,0.22570118,0.20958199,0.19707468,0.19223009,1672,8.36,8.36992335319519,1,0.04181581363081932,0.9581841230392456
1675,8.375,0.17376527,0.16901107,0.15884069,0.14966893,1672,8.36,8.36992335319519,1,0.04181581363081932,0.9581841230392456
1676,8.38,0.109203145,0.1147077,0.1090933,0.10559632,1676,8.38,8.382240533828735,0,0.7310269474983215,0.26897305250167847
1677,8.385,0.036610026,0.05029672,0.050338265,0.04962606,1676,8.38,8.382240533828735,0,0.7310269474983215,0.26897305250167847
1678,8.39,-0.040450554,-0.023094136,-0.018881423,-0.027586889,1676,8.38,8.382240533828735,0,0.7310269474983215,0.26897305250167847
1679,8.395,-0.117893144,-0.10186657,-0.09655028,-0.12460165,1676,8.38,8.382240533828735,0,0.7310269474983215,0.26897305250167847
1680,8.4,-0.19154291,-0.17780642,-0.17320229,-0.22724324,1680,8.4,8.401559114456177,1,0.026617381721735,0.9733826518058777
1681,8.405,-0.25608572,-0.23963685,-0.23432167,-0.3133077,1680,8.4,8.401559114456177,1,0.026617381721735,0.9733826518058777
1682,8.41,-0.30108613,-0.27537465,-0.26570126,-0.35904425,1680,8.4,8.401559114456177,1,0.026617381721735,0.9733826518058777
1683,8.415,-0.3085221,-0.27342895,-0.25694257,-0.3448284,1680,8.4,8.401559114456177,1,0.026617381721735,0.9733826518058777
1684,8.42,-0.2584009,-0.22421433,-0.20252833,-0.26120698,1684,8.42,8.427905321121216,1,0.071259506046772,0.9287405014038086
1685,8.425,-0.14279105,-0.12523295,-0.1038211,-0.11591054,1684,8.42,8.427905321121216,1,0.071259506046772,0.9287405014038086
1686,8.43,0.0210871,0.011591535,0.026473887,0.06221912,1684,8.42,8.427905321121216,1,0.071259506046772,0.9287405014038086
1687,8.435,0.19100296,0.1569308,0.16158232,0.22872733,1684,8.42,8.427905321121216,1,0.071259506046772,0.9287405014038086
1688,8.44,0.31682974,0.27173245,0.2661377,0.33983463,1688,8.44,8.443411827087402,1,0.03665439411997795,0.9633455872535706
1689,8.445,0.3648917,0.32415336,0.31070676,0.37173295,1688,8.44,8.443411827087402,1,0.03665439411997795,0.9633455872535706
1690,8.45,0.33336148,0.30551913,0.28713414,0.33054596,1688,8.44,8.443411827087402,1,0.03665439411997795,0.9633455872535706
1691,8.455,0.24899168,0.23388562,0.21328071,0.24602054,1688,8.44,8.443411827087402,1,0.03665439411997795,0.9633455872535706
1692,8.46,0.1491293,0.14232811,0.12263783,0.15343809,1692,8.46,8.482001304626465,1,0.04099031910300255,0.9590096473693848
1693,8.465,0.062198475,0.060224395,0.045532357,0.07593194,1692,8.46,8.482001304626465,1,0.04099031910300255,0.9590096473693848
1694,8.47,-0.0020065221,-6.414123e-05,-0.0057062795,0.017340438,1692,8.46,8.482001304626465,1,0.04099031910300255,0.9590096473693848
1695,8.475,-0.05012055,-0.044280276,-0.039278198,-0.033039436,1692,8.46,8.482001304626465,1,0.04099031910300255,0.9590096473693848
1696,8.48,-0.09650949,-0.08747911,-0.074770086,-0.08974847,1696,8.48,8.48380994796753,1,0.024344919249415398,0.9756550788879395
1697,8.485,-0.15403424,-0.14257145,-0.12921928,-0.16135699,1696,8.48,8.48380994796753,1,0.024344919249415398,0.9756550788879395
1698,8.49,-0.22656117,-0.21186997,-0.20565775,-0.24477446,1696,8.48,8.48380994796753,1,0.024344919249415398,0.9756550788879395
1699,8.495,-0.3036487,-0.28353637,-0.2884195,-0.32384217,1696,8.48,8.48380994796753,1,0.024344919249415398,0.9756550788879395
1700,8.5,-0.35972694,-0.33326873,-0.34671846,-0.3722827,1700,8.5,8.510226488113403,1,0.06528767943382263,0.934712290763855
1701,8.505,-0.36154512,-0.33191487,-0.34606507,-0.3618742,1700,8.5,8.510226488113403,1,0.06528767943382263,0.934712290763855
1702,8.51,-0.28392425,-0.25836074,-0.2643319,-0.27507484,1700,8.5,8.510226488113403,1,0.06528767943382263,0.934712290763855
1703,8.515,-0.12634693,-0.11280851,-0.10560307,-0.11711937,1700,8.5,8.510226488113403,1,0.06528767943382263,0.934712290763855
1704,8.52,0.080866985,0.07766243,0.09642931,0.0801789,1704,8.52,8.52187705039978,1,0.03578362613916397,0.9642163515090942
1705,8.525,0.2865453,0.26662344,0.2894746,0.26778284,1704,8.52,8.52187705039978,1,0.03578362613916397,0.9642163515090942
1706,8.53,0.43928656,0.40605998,0.42338252,0.39869922,1704,8.52,8.52187705039978,1,0.03578362613916397,0.9642163515090942
1707,8.535,0.5061008,0.4644446,0.46929434,0.44662216,1704,8.52,8.52187705039978,1,0.03578362613916397,0.9642163515090942
1708,8.54,0.47966725,0.43557328,0.4270913,0.41340807,1708,8.54,8.551136255264282,1,0.04720388725399971,0.9527961611747742
1709,8.545,0.37442163,0.33582637,0.3194084,0.32264754,1708,8.54,8.551136255264282,1,0.04720388725399971,0.9527961611747742
1710,8.55,0.21829095,0.19475326,0.1789334,0.20572577,1708,8.54,8.551136255264282,1,0.04720388725399971,0.9527961611747742
1711,8.555,0.045466274,0.04523324,0.03727822,0.08959542,1708,8.54,8.551136255264282,1,0.04720388725399971,0.9527961611747742
1712,8.56,-0.11014426,-0.084428236,-0.081589065,-0.009292476,1712,8.56,8.573784112930298,1,0.02326955460011959,0.9767304062843323
1713,8.565,-0.22358225,-0.17744705,-0.1656658,-0.086644754,1712,8.56,8.573784112930298,1,0.02326955460011959,0.9767304062843323
1714,8.57,-0.28832507,-0.2340334,-0.2184276,-0.15010363,1712,8.56,8.573784112930298,1,0.02326955460011959,0.9767304062843323
1715,8.575,-0.3192996,-0.27080157,-0.2576784,-0.21553554,1712,8.56,8.573784112930298,1,0.02326955460011959,0.9767304062843323
1716,8.58,-0.3424119,-0.3096054,-0.30448723,-0.2965134,1716,8.58,8.584127426147461,1,0.02982468530535698,0.9701752662658691
1717,8.585,-0.3730959,-0.3588069,-0.3644654,-0.38935807,1716,8.58,8.584127426147461,1,0.02982468530535698,0.9701752662658691
1718,8.59,-0.3980886,-0.39933792,-0.41416517,-0.46426046,1716,8.58,8.584127426147461,1,0.02982468530535698,0.9701752662658691
1719,8.595,-0.376728,-0.3889041,-0.40691075,-0.47338432,1716,8.58,8.584127426147461,1,0.02982468530535698,0.9701752662658691
1720,8.6,-0.2657592,-0.28639147,-0.29989803,-0.37595925,1720,8.6,8.610021352767944,1,0.039994001388549805,0.9600059986114502
1721,8.605,-0.053362988,-0.08275029,-0.086848296,-0.16650589,1720,8.6,8.610021352767944,1,0.039994001388549805,0.9600059986114502
1722,8.61,0.22122516,0.18267147,0.18691808,0.11252565,1720,8.6,8.610021352767944,1,0.039994001388549805,0.9600059986114502
1723,8.615,0.4783665,0.43359846,0.44001684,0.3839074,1720,8.6,8.610021352767944,1,0.039994001388549805,0.9600059986114502
1724,8.62,0.6349777,0.5914868,0.59349126,0.56889236,1724,8.62,8.627098798751831,1,0.03378730267286301,0.9662126302719116
1725,8.625,0.6457698,0.6130931,0.60862666,0.6221594,1724,8.62,8.627098798751831,1,0.03378730267286301,0.9662126302719116
1726,8.63,0.5231837,0.5082393,0.50094855,0.5485682,1724,8.62,8.627098798751831,1,0.03378730267286301,0.9662126302719116
1727,8.635,0.32457742,0.3281657,0.32394055,0.39313388,1724,8.62,8.627098798751831,1,0.03378730267286301,0.9662126302719116
1728,8.64,0.11741233,0.13449945,0.13646796,0.21273665,1728,8.64,8.641948699951172,1,0.023942258208990097,0.9760577082633972
1729,8.645,-0.05333118,-0.029731447,-0.02340127,0.048830662,1728,8.64,8.641948699951172,1,0.023942258208990097,0.9760577082633972
1730,8.65,-0.1766923,-0.15082207,-0.14445844,-0.08332622,1728,8.64,8.641948699951172,1,0.023942258208990097,0.9760577082633972
1731,8.655,-0.26542434,-0.23646854,-0.23205,-0.18767439,1728,8.64,8.641948699951172,1,0.023942258208990097,0.9760577082633972
1732,8.66,-0.33704534,-0.30071208,-0.29526362,-0.27322605,1732,8.66,8.670565605163574,1,0.0225424412637949,0.9774575233459473
1733,8.665,-0.39948595,-0.35269764,-0.34095794,-0.34388876,1732,8.66,8.670565605163574,1,0.0225424412637949,0.9774575233459473
1734,8.67,-0.44592476,-0.39201176,-0.3727288,-0.39549136,1732,8.66,8.670565605163574,1,0.0225424412637949,0.9774575233459473
1735,8.675,-0.45721936,-0.408074,-0.3882715,-0.41710544,1732,8.66,8.670565605163574,1,0.0225424412637949,0.9774575233459473
1736,8.68,-0.41002756,-0.3825094,-0.37471926,-0.3941568,1736,8.68,8.692338228225708,1,0.042771175503730774,0.9572288393974304
1737,8.685,-0.28907618,-0.2963451,-0.30955082,-0.31387657,1736,8.68,8.692338228225708,1,0.042771175503730774,0.9572288393974304
1738,8.69,-0.09929632,-0.14215761,-0.17341228,-0.17351873,1736,8.68,8.692338228225708,1,0.042771175503730774,0.9572288393974304
1739,8.695,0.12914829,0.06431956,0.03001257,0.011904204,1736,8.68,8.692338228225708,1,0.042771175503730774,0.9572288393974304
1740,8.7,0.34766856,0.28187987,0.2622049,0.20823683,1740,8.7,8.707012176513672,1,0.03316081315279007,0.9668391942977905
1741,8.705,0.50586754,0.4558264,0.45914108,0.37086716,1740,8.7,8.707012176513672,1,0.03316081315279007,0.9668391942977905
1742,8.71,0.5699553,0.5401984,0.56020105,0.4611804,1740,8.7,8.707012176513672,1,0.03316081315279007,0.9668391942977905
1743,8.715,0.5340454,0.5183375,0.5394654,0.46276563,1740,8.7,8.707012176513672,1,0.03316081315279007,0.9668391942977905
1744,8.72,0.41951242,0.40940148,0.4185238,0.38805804,1744,8.72,8.724902153015137,1,0.08607528358697891,0.9139247536659241
1745,8.725,0.2635666,0.25640738,0.2516708,0.2706699,1744,8.72,8.724902153015137,1,0.08607528358697891,0.9139247536659241
1746,8.73,0.102855965,0.10280133,0.09308683,0.14694984,1744,8.72,8.724902153015137,1,0.08607528358697891,0.9139247536659241
1747,8.735,-0.040363375,-0.028257882,-0.032201912,0.03737242,1744,8.72,8.724902153015137,1,0.08607528358697891,0.9139247536659241
1748,8.74,-0.16316593,-0.13956212,-0.13466646,-0.06066445,1748,8.74,8.742329359054565,1,0.022163212299346924,0.9778368473052979
1749,8.745,-0.2753927,-0.24772868,-0.24088034,-0.16360816,1748,8.74,8.742329359054565,1,0.022163212299346924,0.9778368473052979
1750,8.75,-0.3846012,-0.36177552,-0.36317968,-0.281638,1748,8.74,8.742329359054565,1,0.022163212299346924,0.9778368473052979
1751,8.755,-0.48126483,-0.46688315,-0.48051822,-0.4011828,1748,8.74,8.742329359054565,1,0.022163212299346924,0.9778368473052979
1752,8.76,-0.53494555,-0.52497166,-0.54444885,-0.4832292,1752,8.76,8.77520227432251,1,0.025258226320147514,0.9747417569160461
1753,8.765,-0.50700974,-0.4934573,-0.5065604,-0.48113182,1752,8.76,8.77520227432251,1,0.025258226320147514,0.9747417569160461
1754,8.77,-0.37451828,-0.3517973,-0.34943274,-0.3685065,1752,8.76,8.77520227432251,1,0.025258226320147514,0.9747417569160461
1755,8.775,-0.15047924,-0.11953497,-0.10170701,-0.15977478,1752,8.76,8.77520227432251,1,0.025258226320147514,0.9747417569160461
1756,8.78,0.11413155,0.14618452,0.17127365,0.090687394,1756,8.78,8.790138483047485,1,0.03311720862984657,0.9668827652931213
1757,8.785,0.34985906,0.3733658,0.39509532,0.31149617,1756,8.78,8.790138483047485,1,0.03311720862984657,0.9668827652931213
1758,8.79,0.4985206,0.5054753,0.51664186,0.44574907,1756,8.78,8.790138483047485,1,0.03311720862984657,0.9668827652931213
1759,8.795,0.5355163,0.52245367,0.52186924,0.47264,1756,8.78,8.790138483047485,1,0.03311720862984657,0.9668827652931213
1760,8.8,0.47337538,0.4424121,0.43400356,0.40862456,1760,8.8,8.81019639968872,1,0.041910894215106964,0.9580891728401184
1761,8.805,0.34848276,0.30648488,0.29638097,0.29157588,1760,8.8,8.81019639968872,1,0.041910894215106964,0.9580891728401184
1762,8.81,0.20219028,0.15828657,0.1515885,0.1606556,1760,8.8,8.81019639968872,1,0.041910894215106964,0.9580891728401184
1763,8.815,0.066909485,0.029267253,0.027862007,0.04323441,1760,8.8,8.81019639968872,1,0.041910894215106964,0.9580891728401184
1764,8.82,-0.039371856,-0.065980844,-0.06378548,-0.048304264,1764,8.82,8.827117204666138,1,0.02283504419028759,0.9771649241447449
1765,8.825,-0.11276516,-0.12758055,-0.12574092,-0.1139466,1764,8.82,8.827117204666138,1,0.02283504419028759,0.9771649241447449
1766,8.83,-0.16063185,-0.16602056,-0.16867888,-0.16188498,1764,8.82,8.827117204666138,1,0.02283504419028759,0.9771649241447449
1767,8.835,-0.19671206,-0.19685024,-0.20643172,-0.20329285,1764,8.82,8.827117204666138,1,0.02283504419028759,0.9771649241447449
1768,8.84,-0.23336712,-0.23300897,-0.24900787,-0.24505751,1768,8.84,8.841794490814209,1,0.0252589862793684,0.9747410416603088
1769,8.845,-0.27260396,-0.2755982,-0.29442748,-0.2826321,1768,8.84,8.841794490814209,1,0.0252589862793684,0.9747410416603088
1770,8.85,-0.30143195,-0.3087463,-0.3250194,-0.2986356,1768,8.84,8.841794490814209,1,0.0252589862793684,0.9747410416603088
1771,8.855,-0.29703087,-0.30502617,-0.31395325,-0.27097523,1768,8.84,8.841794490814209,1,0.0252589862793684,0.9747410416603088
1772,8.86,-0.240905,-0.24128559,-0.24068743,-0.1871233,1772,8.86,8.87613320350647,1,0.04047663137316704,0.9595233798027039
1773,8.865,-0.13314998,-0.115584396,-0.105908304,-0.055174798,1772,8.86,8.87613320350647,1,0.04047663137316704,0.9595233798027039
1774,8.87,0.0039747087,0.046912394,0.06439989,0.09642576,1772,8.86,8.87613320350647,1,0.04047663137316704,0.9595233798027039
1775,8.875,0.13664323,0.20412125,0.22871557,0.23075399,1772,8.86,8.87613320350647,1,0.04047663137316704,0.9595233798027039
1776,8.88,0.23675366,0.31688693,0.34742045,0.3183222,1776,8.88,8.894569396972656,1,0.03450611233711243,0.96549391746521
1777,8.885,0.29336882,0.36561546,0.3979079,0.3475927,1776,8.88,8.894569396972656,1,0.03450611233711243,0.96549391746521
1778,8.89,0.31100553,0.3539692,0.38003442,0.32503998,1776,8.88,8.894569396972656,1,0.03450611233711243,0.96549391746521
1779,8.895,0.2983794,0.29950508,0.3106476,0.26649117,1776,8.88,8.894569396972656,1,0.03450611233711243,0.96549391746521
1780,8.9,0.2584413,0.21981221,0.2117846,0.18630078,1780,8.9,8.910104751586914,1,0.040481746196746826,0.959518313407898
1781,8.905,0.18816815,0.12440205,0.10019826,0.091389745,1780,8.9,8.910104751586914,1,0.040481746196746826,0.959518313407898
1782,8.91,0.087129995,0.016666815,-0.015689174,-0.016663903,1780,8.9,8.910104751586914,1,0.040481746196746826,0.959518313407898
1783,8.915,-0.034012098,-0.09821941,-0.13101149,-0.1340121,1780,8.9,8.910104751586914,1,0.040481746196746826,0.959518313407898
1784,8.92,-0.15338062,-0.20762262,-0.23732954,-0.24775137,1784,8.92,8.927075386047363,1,0.023411374539136887,0.9765886068344116
1785,8.925,-0.24665983,-0.2930374,-0.31982258,-0.33566055,1784,8.92,8.927075386047363,1,0.023411374539136887,0.9765886068344116
1786,8.93,-0.29781836,-0.3372785,-0.3612005,-0.37360424,1784,8.92,8.927075386047363,1,0.023411374539136887,0.9765886068344116
1787,8.935,-0.30392516,-0.33143607,-0.3491159,-0.34649432,1784,8.92,8.927075386047363,1,0.023411374539136887,0.9765886068344116
1788,8.94,-0.27165928,-0.27702865,-0.2817467,-0.2562167,1788,8.94,8.942047119140625,1,0.057865917682647705,0.9421340227127075
1789,8.945,-0.20963337,-0.18337779,-0.1686692,-0.1217985,1788,8.94,8.942047119140625,1,0.057865917682647705,0.9421340227127075
1790,8.95,-0.123256296,-0.06379119,-0.028084164,0.027912764,1788,8.94,8.942047119140625,1,0.057865917682647705,0.9421340227127075
1791,8.955,-0.016214153,0.06606372,0.11683708,0.16418058,1788,8.94,8.942047119140625,1,0.057865917682647705,0.9421340227127075
1792,8.96,0.10308138,0.1875876,0.24120699,0.2653181,1792,8.96,8.974523544311523,1,0.03565104678273201,0.9643489122390747
1793,8.965,0.21643116,0.27975988,0.32231778,0.31860253,1792,8.96,8.974523544311523,1,0.03565104678273201,0.9643489122390747
1794,8.97,0.29834083,0.32381955,0.34528336,0.31952935,1792,8.96,8.974523544311523,1,0.03565104678273201,0.9643489122390747
1795,8.975,0.3265136,0.31107926,0.3088622,0.27177656,1792,8.96,8.974523544311523,1,0.03565104678273201,0.9643489122390747
1796,8.98,0.2937155,0.24841721,0.22732969,0.18818744,1796,8.98,8.998740911483765,1,0.09813883155584335,0.9018611311912537
1797,8.985,0.21219228,0.15606323,0.12517844,0.08958481,1796,8.98,8.998740911483765,1,0.09813883155584335,0.9018611311912537
1798,8.99,0.10697592,0.05780283,0.026141014,-0.0014537217,1796,8.98,8.998740911483765,1,0.09813883155584335,0.9018611311912537
1799,8.995,0.0028003207,-0.02993287,-0.05698728,-0.07017317,1796,8.98,8.998740911483765,1,0.09813883155584335,0.9018611311912537
1800,9.0,-0.08615414,-0.10243768,-0.1246123,-0.11623821,1800,9.0,9.010919332504272,1,0.02377726137638092,0.9762227535247803
1801,9.005,-0.15740253,-0.1622868,-0.18294981,-0.15135108,1800,9.0,9.010919332504272,1,0.02377726137638092,0.9762227535247803
1802,9.01,-0.21343687,-0.211049,-0.23309162,-0.18820047,1800,9.0,9.010919332504272,1,0.02377726137638092,0.9762227535247803
1803,9.015,-0.25409323,-0.2447099,-0.26613075,-0.22841097,1800,9.0,9.010919332504272,1,0.02377726137638092,0.9762227535247803
1804,9.02,-0.27420515,-0.25598237,-0.2688055,-0.2586489,1804,9.02,9.021226167678833,1,0.04721638932824135,0.9527835845947266
1805,9.025,-0.26685604,-0.23975405,-0.23421834,-0.25775787,1804,9.02,9.021226167678833,1,0.04721638932824135,0.9527835845947266
1806,9.03,-0.2276933,-0.19564031,-0.1673642,-0.2095048,1804,9.02,9.021226167678833,1,0.04721638932824135,0.9527835845947266
1807,9.035,-0.15658727,-0.12614542,-0.08086588,-0.11253719,1804,9.02,9.021226167678833,1,0.04721638932824135,0.9527835845947266
1808,9.04,-0.057234608,-0.03447236,0.013691118,0.01746311,1808,9.04,9.044783353805542,1,0.03758230805397034,0.962417721748352
1809,9.045,0.062748104,0.07426981,0.11006356,0.1534407,1808,9.04,9.044783353805542,1,0.03758230805397034,0.962417721748352
1810,9.05,0.19087674,0.18991046,0.20451564,0.2673231,1808,9.04,9.044783353805542,1,0.03758230805397034,0.962417721748352
1811,9.055,0.30989984,0.29644647,0.29042873,0.34018534,1808,9.04,9.044783353805542,1,0.03758230805397034,0.962417721748352
1812,9.06,0.39986566,0.37500876,0.35580954,0.366621,1812,9.06,9.074771165847778,1,0.041488926857709885,0.9585110545158386
1813,9.065,0.44098917,0.40775058,0.38479123,0.35039395,1812,9.06,9.074771165847778,1,0.041488926857709885,0.9585110545158386
1814,9.07,0.41664502,0.38034377,0.36126882,0.2950448,1812,9.06,9.074771165847778,1,0.041488926857709885,0.9585110545158386
1815,9.075,0.3178927,0.28469178,0.27379522,0.1984275,1812,9.06,9.074771165847778,1,0.041488926857709885,0.9585110545158386
1816,9.08,0.15021457,0.12442832,0.12213809,0.057689115,1816,9.08,9.092161893844604,1,0.02791522815823555,0.9720847010612488
1817,9.085,-0.061254214,-0.078801125,-0.07609984,-0.11846077,1816,9.08,9.092161893844604,1,0.02791522815823555,0.9720847010612488
1818,9.09,-0.27457577,-0.28519803,-0.28391933,-0.3015304,1816,9.08,9.092161893844604,1,0.02791522815823555,0.9720847010612488
1819,9.095,-0.44437566,-0.44785312,-0.45343152,-0.44865716,1816,9.08,9.092161893844604,1,0.02791522815823555,0.9720847010612488
1820,9.1,-0.5389667,-0.5309671,-0.54324454,-0.5201991,1820,9.1,9.11190128326416,1,0.023788126185536385,0.9762118458747864
1821,9.105,-0.5493199,-0.52331483,-0.53538907,-0.4975522,1820,9.1,9.11190128326416,1,0.023788126185536385,0.9762118458747864
1822,9.11,-0.48378804,-0.437191,-0.4402859,-0.38895428,1820,9.1,9.11190128326416,1,0.023788126185536385,0.9762118458747864
1823,9.115,-0.35516912,-0.2949424,-0.2861467,-0.22113416,1820,9.1,9.11190128326416,1,0.023788126185536385,0.9762118458747864
1824,9.12,-0.17376728,-0.11593297,-0.10171451,-0.025632923,1824,9.12,9.126272916793823,1,0.03536289185285568,0.9646371603012085
1825,9.125,0.046490103,0.08451577,0.093154006,0.16939524,1824,9.12,9.126272916793823,1,0.03536289185285568,0.9646371603012085
1826,9.13,0.27631754,0.2854651,0.2824622,0.3389065,1824,9.12,9.126272916793823,1,0.03536289185285568,0.9646371603012085
1827,9.135,0.46896878,0.453071,0.4427884,0.45831043,1824,9.12,9.126272916793823,1,0.03536289185285568,0.9646371603012085
1828,9.14,0.5754628,0.54737145,0.5408572,0.50591254,1828,9.14,9.139817237854004,1,0.03647333383560181,0.963526725769043
1829,9.145,0.56850827,0.54109234,0.54649466,0.47106618,1828,9.14,9.139817237854004,1,0.03647333383560181,0.963526725769043
1830,9.15,0.45720202,0.43601516,0.4518103,0.3614213,1828,9.14,9.139817237854004,1,0.03647333383560181,0.963526725769043
1831,9.155,0.2814869,0.26381734,0.28054234,0.20260385,1828,9.14,9.139817237854004,1,0.03647333383560181,0.963526725769043
1832,9.16,0.091594845,0.07135505,0.07959159,0.029958801,1832,9.16,9.170058488845825,1,0.023728622123599052,0.976271390914917
1833,9.165,-0.072318226,-0.098438896,-0.1012155,-0.12256213,1832,9.16,9.170058488845825,1,0.023728622123599052,0.976271390914917
1834,9.17,-0.18936852,-0.21910426,-0.22814944,-0.2313543,1832,9.16,9.170058488845825,1,0.023728622123599052,0.976271390914917
1835,9.175,-0.25646818,-0.28375593,-0.29211664,-0.28808245,1832,9.16,9.170058488845825,1,0.023728622123599052,0.976271390914917
1836,9.18,-0.28291222,-0.3017636,-0.3054688,-0.30018085,1836,9.18,9.189786195755005,1,0.02309783175587654,0.9769021272659302
1837,9.185,-0.28488922,-0.29190275,-0.2912426,-0.28599,1836,9.18,9.189786195755005,1,0.02309783175587654,0.9769021272659302
1838,9.19,-0.27882162,-0.2730785,-0.27041352,-0.26457208,1836,9.18,9.189786195755005,1,0.02309783175587654,0.9769021272659302
1839,9.195,-0.27294123,-0.2548565,-0.2522485,-0.2442413,1836,9.18,9.189786195755005,1,0.02309783175587654,0.9769021272659302
1840,9.2,-0.26132098,-0.23258634,-0.23147015,-0.21718922,1840,9.2,9.209975957870483,1,0.0376817062497139,0.9623182415962219
1841,9.205,-0.22638169,-0.19111921,-0.19320649,-0.165375,1840,9.2,9.209975957870483,1,0.0376817062497139,0.9623182415962219
1842,9.21,-0.1506909,-0.115809076,-0.12296928,-0.075046495,1840,9.2,9.209975957870483,1,0.0376817062497139,0.9623182415962219
1843,9.215,-0.03093832,-0.0039789937,-0.0163552,0.050054308,1840,9.2,9.209975957870483,1,0.0376817062497139,0.9623182415962219
1844,9.22,0.11583575,0.13048002,0.11625794,0.18667342,1844,9.22,9.220006942749023,1,0.034769847989082336,0.9652301669120789
1845,9.225,0.25826642,0.2617025,0.2516138,0.30281428,1844,9.22,9.220006942749023,1,0.034769847989082336,0.9652301669120789
1846,9.23,0.36449128,0.36188483,0.3605696,0.37319666,1844,9.22,9.220006942749023,1,0.034769847989082336,0.9652301669120789
1847,9.235,0.41442552,0.4106429,0.41736588,0.38853687,1844,9.22,9.220006942749023,1,0.034769847989082336,0.9652301669120789
1848,9.24,0.40374216,0.39971155,0.40825942,0.35393956,1848,9.24,9.239962339401245,1,0.0813635066151619,0.9186365008354187
1849,9.245,0.33976305,0.33273277,0.33642334,0.28060228,1848,9.24,9.239962339401245,1,0.0813635066151619,0.9186365008354187
1850,9.25,0.2346244,0.22201918,0.22023949,0.17865527,1848,9.24,9.239962339401245,1,0.0813635066151619,0.9186365008354187
1851,9.255,0.100941986,0.08413902,0.08453094,0.055320263,1848,9.24,9.239962339401245,1,0.0813635066151619,0.9186365008354187
1852,9.26,-0.0486558,-0.06438152,-0.051038,-0.08303277,1852,9.26,9.269848346710205,1,0.022980105131864548,0.9770199060440063
1853,9.265,-0.20004608,-0.20964715,-0.17862725,-0.22793819,1852,9.26,9.269848346710205,1,0.022980105131864548,0.9770199060440063
1854,9.27,-0.33637866,-0.33948836,-0.29815292,-0.3657277,1852,9.26,9.269848346710205,1,0.022980105131864548,0.9770199060440063
1855,9.275,-0.43791348,-0.43922412,-0.40460983,-0.47413173,1852,9.26,9.269848346710205,1,0.022980105131864548,0.9770199060440063
1856,9.28,-0.4834137,-0.4881501,-0.4772775,-0.5217522,1856,9.28,9.29019045829773,1,0.02621586248278618,0.9737841486930847
1857,9.285,-0.45447597,-0.462844,-0.48242345,-0.476441,1856,9.28,9.29019045829773,1,0.02621586248278618,0.9737841486930847
1858,9.29,-0.34360716,-0.3495176,-0.39203438,-0.3240615,1856,9.28,9.29019045829773,1,0.02621586248278618,0.9737841486930847
1859,9.295,-0.16317765,-0.15906158,-0.2075267,-0.08768192,1856,9.28,9.29019045829773,1,0.02621586248278618,0.9737841486930847
1860,9.3,0.051524855,0.06747969,0.029636078,0.170088,1860,9.3,9.310240507125854,1,0.033812038600444794,0.9661879539489746
1861,9.305,0.2508316,0.27125585,0.2515981,0.3710578,1860,9.3,9.310240507125854,1,0.033812038600444794,0.9661879539489746
1862,9.31,0.3890607,0.40121317,0.39608136,0.4607553,1860,9.3,9.310240507125854,1,0.033812038600444794,0.9661879539489746
1863,9.315,0.4427125,0.43709585,0.4364755,0.43656087,1860,9.3,9.310240507125854,1,0.033812038600444794,0.9661879539489746
1864,9.32,0.41725248,0.39467108,0.3904031,0.343651,1864,9.32,9.319856405258179,1,0.043714847415685654,0.9562851786613464
1865,9.325,0.33893853,0.3107599,0.3024359,0.2416707,1864,9.32,9.319856405258179,1,0.043714847415685654,0.9562851786613464
1866,9.33,0.23836426,0.21978432,0.21450624,0.16709487,1864,9.32,9.319856405258179,1,0.043714847415685654,0.9562851786613464
1867,9.335,0.13671227,0.13774446,0.14432497,0.11760163,1864,9.32,9.319856405258179,1,0.043714847415685654,0.9562851786613464
1868,9.34,0.04169105,0.061893724,0.08399225,0.06581641,1868,9.34,9.344473123550415,1,0.023260343819856644,0.9767395853996277
1869,9.345,-0.04760447,-0.017574882,0.015672497,-0.0122468425,1868,9.34,9.344473123550415,1,0.023260343819856644,0.9767395853996277
1870,9.35,-0.13284619,-0.10460206,-0.06967914,-0.116692066,1868,9.34,9.344473123550415,1,0.023260343819856644,0.9767395853996277
1871,9.355,-0.21150352,-0.19226632,-0.16419916,-0.22431459,1868,9.34,9.344473123550415,1,0.023260343819856644,0.9767395853996277
1872,9.36,-0.27686837,-0.26733696,-0.24935196,-0.30612618,1872,9.36,9.36991810798645,1,0.02307082712650299,0.976929247379303
1873,9.365,-0.32115108,-0.31857893,-0.30885065,-0.34601885,1872,9.36,9.36991810798645,1,0.02307082712650299,0.976929247379303
1874,9.37,-0.3380654,-0.3409899,-0.3363732,-0.34602422,1872,9.36,9.36991810798645,1,0.02307082712650299,0.976929247379303
1875,9.375,-0.3227585,-0.33271456,-0.33218876,-0.3157686,1872,9.36,9.36991810798645,1,0.02307082712650299,0.976929247379303
1876,9.38,-0.2702027,-0.288833,-0.29381782,-0.25726435,1876,9.38,9.39002251625061,1,0.03943423554301262,0.9605657458305359
1877,9.385,-0.17566758,-0.20028608,-0.21220268,-0.16054258,1876,9.38,9.39002251625061,1,0.03943423554301262,0.9605657458305359
1878,9.39,-0.039995108,-0.062525384,-0.08031941,-0.016561322,1876,9.38,9.39002251625061,1,0.03943423554301262,0.9605657458305359
1879,9.395,0.12247875,0.111188956,0.09121071,0.16240245,1876,9.38,9.39002251625061,1,0.03943423554301262,0.9605657458305359
1880,9.4,0.28074136,0.28435305,0.2662272,0.33435374,1880,9.4,9.409905195236206,1,0.03409191966056824,0.9659080505371094
1881,9.405,0.3953742,0.40881544,0.3940045,0.44341704,1880,9.4,9.409905195236206,1,0.03409191966056824,0.9659080505371094
1882,9.41,0.43623593,0.44879943,0.4350149,0.45183623,1880,9.4,9.409905195236206,1,0.03409191966056824,0.9659080505371094
1883,9.415,0.3976632,0.40030524,0.38342682,0.36411178,1880,9.4,9.409905195236206,1,0.03409191966056824,0.9659080505371094
1884,9.42,0.29919064,0.2907123,0.26903218,0.22351032,1884,9.42,9.433218717575073,1,0.051570065319538116,0.9484300017356873
1885,9.425,0.17156032,0.15942132,0.13719043,0.08335983,1884,9.42,9.433218717575073,1,0.051570065319538116,0.9484300017356873
1886,9.43,0.040259976,0.03562791,0.02236863,-0.02424685,1884,9.42,9.433218717575073,1,0.051570065319538116,0.9484300017356873
1887,9.435,-0.08089313,-0.070646726,-0.06592356,-0.0996333,1884,9.42,9.433218717575073,1,0.051570065319538116,0.9484300017356873
1888,9.44,-0.18512121,-0.16186129,-0.13783062,-0.16237879,1888,9.44,9.441899061203003,1,0.02314312383532524,0.9768568873405457
1889,9.445,-0.26610884,-0.24083279,-0.20635167,-0.22831179,1888,9.44,9.441899061203003,1,0.02314312383532524,0.9768568873405457
1890,9.45,-0.31700033,-0.3037952,-0.2726696,-0.29463616,1888,9.44,9.441899061203003,1,0.02314312383532524,0.9768568873405457
1891,9.455,-0.33335856,-0.34072635,-0.32229117,-0.34063298,1888,9.44,9.441899061203003,1,0.02314312383532524,0.9768568873405457
1892,9.46,-0.31391174,-0.33889472,-0.3320814,-0.33950064,1892,9.46,9.470061302185059,1,0.038753509521484375,0.9612464904785156
1893,9.465,-0.25779545,-0.28697902,-0.2828114,-0.27283007,1892,9.46,9.470061302185059,1,0.038753509521484375,0.9612464904785156
1894,9.47,-0.16378537,-0.1808484,-0.17090373,-0.14160667,1892,9.46,9.470061302185059,1,0.038753509521484375,0.9612464904785156
1895,9.475,-0.035949986,-0.031082874,-0.014408582,0.029620904,1892,9.46,9.470061302185059,1,0.038753509521484375,0.9612464904785156
1896,9.48,0.1083895,0.13293646,0.14991933,0.19788954,1896,9.48,9.494822978973389,1,0.03457773104310036,0.9654222726821899
1897,9.485,0.23820893,0.26947612,0.27881524,0.31675717,1896,9.48,9.494822978973389,1,0.03457773104310036,0.9654222726821899
1898,9.49,0.32049525,0.34192768,0.3398243,0.35599905,1896,9.48,9.494822978973389,1,0.03457773104310036,0.9654222726821899
1899,9.495,0.33701244,0.33722058,0.32513574,0.31546658,1896,9.48,9.494822978973389,1,0.03457773104310036,0.9654222726821899
1900,9.5,0.29306036,0.2715168,0.25337207,0.22356734,1900,9.5,9.508280515670776,1,0.05269787460565567,0.9473020434379578
1901,9.505,0.21171646,0.17842662,0.15767628,0.12043023,1900,9.5,9.508280515670776,1,0.05269787460565567,0.9473020434379578
1902,9.51,0.11942047,0.0889381,0.06790022,0.036911394,1900,9.5,9.508280515670776,1,0.05269787460565567,0.9473020434379578
1903,9.515,0.034514047,0.017970208,-0.0014762956,-0.016883098,1900,9.5,9.508280515670776,1,0.05269787460565567,0.9473020434379578
1904,9.52,-0.035054557,-0.035093542,-0.05153046,-0.048401613,1904,9.52,9.522625923156738,1,0.023660417646169662,0.97633957862854
1905,9.525,-0.08796616,-0.07702263,-0.09058282,-0.07110115,1904,9.52,9.522625923156738,1,0.023660417646169662,0.97633957862854
1906,9.53,-0.12628345,-0.11294681,-0.12577274,-0.09504693,1904,9.52,9.522625923156738,1,0.023660417646169662,0.97633957862854
1907,9.535,-0.15509462,-0.14534959,-0.15991867,-0.12472816,1904,9.52,9.522625923156738,1,0.023660417646169662,0.97633957862854
1908,9.54,-0.18188047,-0.17644401,-0.19244492,-0.16093752,1908,9.54,9.540075540542603,1,0.03882761672139168,0.9611724019050598
1909,9.545,-0.21202186,-0.20757896,-0.21983074,-0.20075265,1908,9.54,9.540075540542603,1,0.03882761672139168,0.9611724019050598
1910,9.55,-0.24176382,-0.23417626,-0.23374397,-0.23417853,1908,9.54,9.540075540542603,1,0.03882761672139168,0.9611724019050598
1911,9.555,-0.25479582,-0.24167845,-0.22020939,-0.24246201,1908,9.54,9.540075540542603,1,0.03882761672139168,0.9611724019050598
1912,9.56,-0.22794496,-0.20949192,-0.16460054,-0.20416945,1912,9.56,9.56144642829895,1,0.04688078165054321,0.9531192183494568
1913,9.565,-0.14485,-0.123575166,-0.062274203,-0.10860528,1912,9.56,9.56144642829895,1,0.04688078165054321,0.9531192183494568
1914,9.57,-0.00924791,0.010381333,0.07240933,0.032295212,1912,9.56,9.56144642829895,1,0.04688078165054321,0.9531192183494568
1915,9.575,0.15164573,0.16376023,0.2074058,0.18406011,1912,9.56,9.56144642829895,1,0.04688078165054321,0.9531192183494568
1916,9.58,0.29666814,0.2956083,0.30626553,0.30402568,1916,9.58,9.590010166168213,1,0.036467019468545914,0.9635329842567444
1917,9.585,0.38746867,0.37060228,0.3451875,0.3610561,1916,9.58,9.590010166168213,1,0.036467019468545914,0.9635329842567444
1918,9.59,0.4030687,0.37328035,0.3223872,0.34786427,1916,9.58,9.590010166168213,1,0.036467019468545914,0.9635329842567444
1919,9.595,0.34573963,0.3113007,0.25453267,0.27955955,1916,9.58,9.590010166168213,1,0.036467019468545914,0.9635329842567444
1920,9.6,0.23724702,0.20815614,0.16460456,0.1820374,1920,9.6,9.606561660766602,1,0.048695143312215805,0.9513048529624939
1921,9.605,0.1083951,0.09095845,0.07021449,0.07880628,1920,9.6,9.606561660766602,1,0.048695143312215805,0.9513048529624939
1922,9.61,-0.013439289,-0.020271383,-0.02116885,-0.017119573,1920,9.6,9.606561660766602,1,0.048695143312215805,0.9513048529624939
1923,9.615,-0.113420695,-0.11717813,-0.109362975,-0.10410511,1920,9.6,9.606561660766602,1,0.048695143312215805,0.9513048529624939
1924,9.62,-0.19070472,-0.20000441,-0.1944347,-0.18643983,1924,9.62,9.626617193222046,1,0.023894410580396652,0.9761055111885071
1925,9.625,-0.2518198,-0.26950556,-0.27029976,-0.26531327,1924,9.62,9.626617193222046,1,0.023894410580396652,0.9761055111885071
1926,9.63,-0.3006587,-0.3198947,-0.32309178,-0.33112305,1924,9.62,9.626617193222046,1,0.023894410580396652,0.9761055111885071
1927,9.635,-0.33193934,-0.33842123,-0.3359102,-0.36292505,1924,9.62,9.626617193222046,1,0.023894410580396652,0.9761055111885071
1928,9.64,-0.33217725,-0.31208465,-0.29750064,-0.33757994,1928,9.64,9.640134334564209,1,0.061454351991415024,0.9385455846786499
1929,9.645,-0.28692278,-0.23622896,-0.20923509,-0.24427219,1928,9.64,9.640134334564209,1,0.061454351991415024,0.9385455846786499
1930,9.65,-0.1896892,-0.118735135,-0.08567715,-0.09493246,1928,9.64,9.640134334564209,1,0.061454351991415024,0.9385455846786499
1931,9.655,-0.048291743,0.022006791,0.050996326,0.077132344,1928,9.64,9.640134334564209,1,0.061454351991415024,0.9385455846786499
1932,9.66,0.1138511,0.1622376,0.17796412,0.23018315,1932,9.66,9.6752028465271,1,0.035706207156181335,0.9642938375473022
1933,9.665,0.26263773,0.27760464,0.27584684,0.3307264,1932,9.66,9.6752028465271,1,0.035706207156181335,0.9642938375473022
1934,9.67,0.36407074,0.3473519,0.33007345,0.36457455,1932,9.66,9.6752028465271,1,0.035706207156181335,0.9642938375473022
1935,9.675,0.39716026,0.35928735,0.33258533,0.33767512,1932,9.66,9.6752028465271,1,0.035706207156181335,0.9642938375473022
1936,9.68,0.36192456,0.31443578,0.28497598,0.26861867,1936,9.68,9.690063714981079,1,0.06897678226232529,0.9310232400894165
1937,9.685,0.27696574,0.22758077,0.20021282,0.17864016,1936,9.68,9.690063714981079,1,0.06897678226232529,0.9310232400894165
1938,9.69,0.16819982,0.121542454,0.099397756,0.08462293,1936,9.68,9.690063714981079,1,0.06897678226232529,0.9310232400894165
1939,9.695,0.057028376,0.017997997,0.0037880426,-0.002813549,1936,9.68,9.690063714981079,1,0.06897678226232529,0.9310232400894165
1940,9.7,-0.044265598,-0.069465004,-0.07337147,-0.07788473,1940,9.7,9.710126876831055,1,0.02375856228172779,0.976241409778595
1941,9.705,-0.12940258,-0.13652138,-0.13001496,-0.13799411,1940,9.7,9.710126876831055,1,0.02375856228172779,0.976241409778595
1942,9.71,-0.19342235,-0.18460773,-0.17173032,-0.18323699,1940,9.7,9.710126876831055,1,0.02375856228172779,0.976241409778595
1943,9.715,-0.2322958,-0.2165324,-0.20444012,-0.2158361,1940,9.7,9.710126876831055,1,0.02375856228172779,0.976241409778595
1944,9.72,-0.2465251,-0.23400392,-0.2283968,-0.23783873,1944,9.72,9.733136892318726,1,0.037994373589754105,0.962005615234375
1945,9.725,-0.24299747,-0.23709585,-0.2371404,-0.24755476,1944,9.72,9.733136892318726,1,0.037994373589754105,0.962005615234375
1946,9.73,-0.23038505,-0.22410081,-0.22142583,-0.23761244,1944,9.72,9.733136892318726,1,0.037994373589754105,0.962005615234375
1947,9.735,-0.21041897,-0.19128719,-0.17514874,-0.1975394,1944,9.72,9.733136892318726,1,0.037994373589754105,0.962005615234375
1948,9.74,-0.17358096,-0.13411573,-0.099806294,-0.12087099,1948,9.74,9.753000020980835,1,0.039362695068120956,0.9606373310089111
1949,9.745,-0.10575639,-0.051290717,-0.0055334894,-0.012803163,1948,9.74,9.753000020980835,1,0.039362695068120956,0.9606373310089111
1950,9.75,-0.0023637444,0.05023514,0.09145131,0.10746979,1948,9.74,9.753000020980835,1,0.039362695068120956,0.9606373310089111
1951,9.755,0.122072354,0.15399872,0.17394878,0.21297921,1948,9.74,9.753000020980835,1,0.039362695068120956,0.9606373310089111
1952,9.76,0.23832227,0.23933917,0.22945558,0.28089553,1952,9.76,9.77496862411499,1,0.039073243737220764,0.9609267711639404
1953,9.765,0.31792384,0.29034388,0.253765,0.30238834,1952,9.76,9.77496862411499,1,0.039073243737220764,0.9609267711639404
1954,9.77,0.34693423,0.30168113,0.25034854,0.28373042,1952,9.76,9.77496862411499,1,0.039073243737220764,0.9609267711639404
1955,9.775,0.32762265,0.2771373,0.22567266,0.23852742,1952,9.76,9.77496862411499,1,0.039073243737220764,0.9609267711639404
1956,9.78,0.269612,0.22326887,0.18354042,0.17750472,1956,9.78,9.789840936660767,1,0.044088028371334076,0.9559119343757629
1957,9.785,0.18098262,0.14459805,0.122723505,0.103355624,1956,9.78,9.789840936660767,1,0.044088028371334076,0.9559119343757629
1958,9.79,0.0675866,0.04446357,0.040072825,0.013475972,1956,9.78,9.789840936660767,1,0.044088028371334076,0.9559119343757629
1959,9.795,-0.061111372,-0.0702558,-0.06283572,-0.09250894,1956,9.78,9.789840936660767,1,0.044088028371334076,0.9559119343757629
1960,9.8,-0.18796916,-0.18577132,-0.1743953,-0.20606704,1960,9.8,9.809991598129272,1,0.024450942873954773,0.9755491018295288
1961,9.805,-0.29118478,-0.28274497,-0.27320868,-0.30796707,1960,9.8,9.809991598129272,1,0.024450942873954773,0.9755491018295288
1962,9.81,-0.35176608,-0.34146482,-0.33449873,-0.37229714,1960,9.8,9.809991598129272,1,0.024450942873954773,0.9755491018295288
1963,9.815,-0.35921827,-0.34772402,-0.33956945,-0.37502497,1960,9.8,9.809991598129272,1,0.024450942873954773,0.9755491018295288
1964,9.82,-0.3127659,-0.29715145,-0.28349876,-0.30442074,1964,9.82,9.832223653793335,1,0.059110354632139206,0.9408896565437317
1965,9.825,-0.22027045,-0.19712915,-0.1771962,-0.16909458,1964,9.82,9.832223653793335,1,0.059110354632139206,0.9408896565437317
1966,9.83,-0.09719332,-0.06576034,-0.04309876,0.001263485,1964,9.82,9.832223653793335,1,0.059110354632139206,0.9408896565437317
1967,9.835,0.035157777,0.07224016,0.09250019,0.16476034,1964,9.82,9.832223653793335,1,0.059110354632139206,0.9408896565437317
1968,9.84,0.15382706,0.19146919,0.2059497,0.28252244,1968,9.84,9.844968318939209,1,0.03550729528069496,0.9644927382469177
1969,9.845,0.23998703,0.27140328,0.27938196,0.33260065,1968,9.84,9.844968318939209,1,0.03550729528069496,0.9644927382469177
1970,9.85,0.28325835,0.30042633,0.30232468,0.31575942,1968,9.84,9.844968318939209,1,0.03550729528069496,0.9644927382469177
1971,9.855,0.2828068,0.27848038,0.27443865,0.2516128,1968,9.84,9.844968318939209,1,0.03550729528069496,0.9644927382469177
1972,9.86,0.2460469,0.21785142,0.20814021,0.16848834,1972,9.86,9.876898050308228,1,0.09692799299955368,0.9030719995498657
1973,9.865,0.18619236,0.13993493,0.12620288,0.09188572,1972,9.86,9.876898050308228,1,0.09692799299955368,0.9030719995498657
1974,9.87,0.1184393,0.066775605,0.051924396,0.03551478,1972,9.86,9.876898050308228,1,0.09692799299955368,0.9030719995498657
1975,9.875,0.054476984,0.010607365,-0.0031161553,-0.0022684073,1972,9.86,9.876898050308228,1,0.09692799299955368,0.9030719995498657
1976,9.88,-0.0026062774,-0.03172478,-0.044335574,-0.035238516,1976,9.88,9.889823913574219,1,0.02439141646027565,0.9756085276603699
1977,9.885,-0.058969356,-0.074495226,-0.08746523,-0.08044781,1976,9.88,9.889823913574219,1,0.02439141646027565,0.9756085276603699
1978,9.89,-0.12388543,-0.13094355,-0.14449784,-0.14768155,1976,9.88,9.889823913574219,1,0.02439141646027565,0.9756085276603699
1979,9.895,-0.19953568,-0.20130333,-0.21262296,-0.2320472,1976,9.88,9.889823913574219,1,0.02439141646027565,0.9756085276603699
1980,9.9,-0.2735736,-0.26902384,-0.27348137,-0.31282306,1980,9.9,9.9017972946167,1,0.0408891960978508,0.9591108560562134
1981,9.905,-0.3205781,-0.30729234,-0.3018917,-0.35906082,1980,9.9,9.9017972946167,1,0.0408891960978508,0.9591108560562134
1982,9.91,-0.3130968,-0.29153675,-0.27758726,-0.34061158,1980,9.9,9.9017972946167,1,0.0408891960978508,0.9591108560562134
1983,9.915,-0.23676845,-0.21132869,-0.19405074,-0.24180372,1980,9.9,9.9017972946167,1,0.0408891960978508,0.9591108560562134
1984,9.92,-0.10099919,-0.07682376,-0.06216851,-0.07270318,1984,9.92,9.927188873291016,1,0.038695771247148514,0.961304247379303
1985,9.925,0.06153935,0.08257254,0.091442496,0.12890932,1984,9.92,9.927188873291016,1,0.038695771247148514,0.961304247379303
1986,9.93,0.20746025,0.2274468,0.23138393,0.3091797,1984,9.92,9.927188873291016,1,0.038695771247148514,0.961304247379303
1987,9.935,0.3009418,0.3226114,0.32459274,0.41981643,1984,9.92,9.927188873291016,1,0.038695771247148514,0.961304247379303
1988,9.94,0.3273914,0.34993485,0.3517692,0.4381232,1988,9.94,9.94129753112793,1,0.03938670828938484,0.9606132507324219
1989,9.945,0.2950673,0.31309333,0.31374037,0.37370175,1988,9.94,9.94129753112793,1,0.03938670828938484,0.9606132507324219
1990,9.95,0.22581258,0.23251805,0.2296894,0.25925413,1988,9.94,9.94129753112793,1,0.03938670828938484,0.9606132507324219
1991,9.955,0.14312868,0.1350874,0.12861446,0.13339366,1988,9.94,9.94129753112793,1,0.03938670828938484,0.9606132507324219
1992,9.96,0.06494232,0.0446439,0.038018588,0.025933996,1992,9.96,9.970076560974121,1,0.0246901698410511,0.9753098487854004
1993,9.965,0.0015590166,-0.024228057,-0.026271408,-0.049536932,1992,9.96,9.970076560974121,1,0.0246901698410511,0.9753098487854004
1994,9.97,-0.045072243,-0.0697698,-0.06576492,-0.09685109,1992,9.96,9.970076560974121,1,0.0246901698410511,0.9753098487854004
1995,9.975,-0.08200578,-0.10321211,-0.097138286,-0.13358772,1992,9.96,9.970076560974121,1,0.0246901698410511,0.9753098487854004
1996,9.98,-0.122385696,-0.14259315,-0.14107083,-0.18167469,1996,9.98,9.994073867797852,1,0.027867641299962997,0.9721323847770691
1997,9.985,-0.17641369,-0.19999072,-0.20649728,-0.25298354,1996,9.98,9.994073867797852,1,0.027867641299962997,0.9721323847770691
1998,9.99,-0.24037331,-0.26883018,-0.2800198,-0.33647394,1996,9.98,9.994073867797852,1,0.027867641299962997,0.9721323847770691
1999,9.995,-0.29273954,-0.321564,-0.329295,-0.3969218,1996,9.98,9.994073867797852,1,0.027867641299962997,0.9721323847770691
2000,10.0,-0.30292037,-0.3225847,-0.32042244,-0.39034367,2000,10.0,10.00918960571289,1,0.06534681469202042,0.9346532225608826
2001,10.005,-0.24861094,-0.24975692,-0.23870216,-0.2897089,2000,10.0,10.00918960571289,1,0.06534681469202042,0.9346532225608826
2002,10.01,-0.13061532,-0.11020094,-0.09868887,-0.10525532,2000,10.0,10.00918960571289,1,0.06534681469202042,0.9346532225608826
2003,10.015,0.024583539,0.060761463,0.063030235,0.115001276,2000,10.0,10.00918960571289,1,0.06534681469202042,0.9346532225608826
2004,10.02,0.17586057,0.21653761,0.20623298,0.30661967,2004,10.02,10.022110939025879,1,0.03482144698500633,0.9651785492897034
2005,10.025,0.28497714,0.3202379,0.30328524,0.41904274,2004,10.02,10.022110939025879,1,0.03482144698500633,0.9651785492897034
2006,10.03,0.33071738,0.35680917,0.34392482,0.43595514,2004,10.02,10.022110939025879,1,0.03482144698500633,0.9651785492897034
2007,10.035,0.3134233,0.33195713,0.33033314,0.3748586,2004,10.02,10.022110939025879,1,0.03482144698500633,0.9651785492897034
2008,10.04,0.25006616,0.26321435,0.27130976,0.27044192,2008,10.04,10.03999924659729,1,0.06990547478199005,0.9300945401191711
2009,10.045,0.16445103,0.17131756,0.18118039,0.1559569,2008,10.04,10.03999924659729,1,0.06990547478199005,0.9300945401191711
2010,10.05,0.077908024,0.07561768,0.08051186,0.053692315,2008,10.04,10.03999924659729,1,0.06990547478199005,0.9300945401191711
2011,10.055,0.003996202,-0.008043392,-0.007712689,-0.024909006,2008,10.04,10.03999924659729,1,0.06990547478199005,0.9300945401191711
2012,10.06,-0.051974237,-0.06945661,-0.067281745,-0.076107234,2012,10.06,10.07209587097168,1,0.02305087260901928,0.976949155330658
2013,10.065,-0.09036308,-0.10614473,-0.096648775,-0.102910936,2012,10.06,10.07209587097168,1,0.02305087260901928,0.976949155330658
2014,10.07,-0.11457555,-0.12367827,-0.10837884,-0.11556244,2012,10.06,10.07209587097168,1,0.02305087260901928,0.976949155330658
2015,10.075,-0.13017103,-0.13319322,-0.1200459,-0.12940158,2012,10.06,10.07209587097168,1,0.02305087260901928,0.976949155330658
2016,10.08,-0.144481,-0.14664243,-0.14338996,-0.15820491,2016,10.08,10.09118366241455,1,0.05838143080472946,0.9416186213493347
2017,10.085,-0.16387214,-0.17102186,-0.17862576,-0.20561221,2016,10.08,10.09118366241455,1,0.05838143080472946,0.9416186213493347
2018,10.09,-0.18811578,-0.20321509,-0.21533182,-0.25968313,2016,10.08,10.09118366241455,1,0.05838143080472946,0.9416186213493347
2019,10.095,-0.20598638,-0.22812465,-0.23691903,-0.2946268,2016,10.08,10.09118366241455,1,0.05838143080472946,0.9416186213493347
2020,10.1,-0.19792013,-0.22316495,-0.22603248,-0.2806716,2020,10.1,10.101862907409668,1,0.042424920946359634,0.9575751423835754
2021,10.105,-0.14698854,-0.16952041,-0.17071556,-0.19915797,2020,10.1,10.101862907409668,1,0.042424920946359634,0.9575751423835754
2022,10.11,-0.051764384,-0.06505515,-0.071080744,-0.055953614,2020,10.1,10.101862907409668,1,0.042424920946359634,0.9575751423835754
2023,10.115,0.068800986,0.07003606,0.05682622,0.11563065,2020,10.1,10.101862907409668,1,0.042424920946359634,0.9575751423835754
2024,10.12,0.18335705,0.20068067,0.18459654,0.26742318,2024,10.12,10.127091646194458,1,0.03762603923678398,0.9623739719390869
2025,10.125,0.2637687,0.2937717,0.2826276,0.35925624,2024,10.12,10.127091646194458,1,0.03762603923678398,0.9623739719390869
2026,10.13,0.29677695,0.33244622,0.33188963,0.37731355,2024,10.12,10.127091646194458,1,0.03762603923678398,0.9623739719390869
2027,10.135,0.2840649,0.3178861,0.3279178,0.33485395,2024,10.12,10.127091646194458,1,0.03762603923678398,0.9623739719390869
2028,10.14,0.23433648,0.2606656,0.2764182,0.25678888,2028,10.14,10.148880958557129,1,0.05461040139198303,0.9453895688056946
2029,10.145,0.15779392,0.17311783,0.18823962,0.16350523,2028,10.14,10.148880958557129,1,0.05461040139198303,0.9453895688056946
2030,10.15,0.06745289,0.06967573,0.07937922,0.06696788,2028,10.14,10.148880958557129,1,0.05461040139198303,0.9453895688056946
2031,10.155,-0.019713918,-0.030883022,-0.028442664,-0.023879435,2028,10.14,10.148880958557129,1,0.05461040139198303,0.9453895688056946
2032,10.16,-0.089585565,-0.11085591,-0.114332885,-0.100965835,2032,10.16,10.161505222320557,1,0.023530714213848114,0.9764692187309265
2033,10.165,-0.14068931,-0.1642411,-0.16950631,-0.1621149,2032,10.16,10.161505222320557,1,0.023530714213848114,0.9764692187309265
2034,10.17,-0.18346466,-0.19936952,-0.20113076,-0.21357678,2032,10.16,10.161505222320557,1,0.023530714213848114,0.9764692187309265
2035,10.175,-0.22567675,-0.22754171,-0.22232014,-0.26173362,2032,10.16,10.161505222320557,1,0.023530714213848114,0.9764692187309265
2036,10.18,-0.2584118,-0.24854523,-0.23728941,-0.3004036,2036,10.18,10.194113969802856,1,0.0526750311255455,0.9473249316215515
2037,10.185,-0.25907323,-0.2484756,-0.23645587,-0.30846566,2036,10.18,10.194113969802856,1,0.0526750311255455,0.9473249316215515
2038,10.19,-0.21014133,-0.21191901,-0.20559053,-0.2632983,2036,10.18,10.194113969802856,1,0.0526750311255455,0.9473249316215515
2039,10.195,-0.11573094,-0.13596718,-0.13917603,-0.15950885,2036,10.18,10.194113969802856,1,0.0526750311255455,0.9473249316215515
2040,10.2,-0.0007913079,-0.03368363,-0.045970082,-0.017140176,2040,10.2,10.208439111709595,1,0.03693297877907753,0.9630669951438904
2041,10.205,0.10459876,0.07341834,0.05578019,0.1268432,2040,10.2,10.208439111709595,1,0.03693297877907753,0.9630669951438904
2042,10.21,0.18077251,0.16521476,0.14696246,0.23647732,2040,10.2,10.208439111709595,1,0.03693297877907753,0.9630669951438904
2043,10.215,0.22246209,0.22806856,0.21323319,0.29162624,2040,10.2,10.208439111709595,1,0.03693297877907753,0.9630669951438904
2044,10.22,0.23270077,0.25524348,0.24647409,0.29225236,2044,10.22,10.224921703338623,1,0.0437854640185833,0.9562145471572876
2045,10.225,0.21589722,0.24628457,0.24477948,0.25298506,2044,10.22,10.224921703338623,1,0.0437854640185833,0.9562145471572876
2046,10.23,0.17633243,0.20689306,0.2126084,0.19350138,2044,10.22,10.224921703338623,1,0.0437854640185833,0.9562145471572876
2047,10.235,0.120627776,0.1478127,0.1599134,0.13001627,2044,10.22,10.224921703338623,1,0.0437854640185833,0.9562145471572876
2048,10.24,0.059068155,0.08157731,0.09880808,0.070906,2048,10.24,10.244723081588745,1,0.025927335023880005,0.9740726947784424
2049,10.245,0.0031419988,0.01846822,0.038807955,0.017186617,2048,10.24,10.244723081588745,1,0.025927335023880005,0.9740726947784424
2050,10.25,-0.039161373,-0.035973433,-0.016421063,-0.033688545,2048,10.24,10.244723081588745,1,0.025927335023880005,0.9740726947784424
2051,10.255,-0.0670903,-0.08097429,-0.06860467,-0.083816886,2048,10.24,10.244723081588745,1,0.025927335023880005,0.9740726947784424
2052,10.26,-0.087555766,-0.1188183,-0.12079155,-0.13298783,2052,10.26,10.276072263717651,1,0.026075156405568123,0.9739248156547546
2053,10.265,-0.11137696,-0.15227257,-0.17193078,-0.17868213,2052,10.26,10.276072263717651,1,0.026075156405568123,0.9739248156547546
2054,10.27,-0.14612144,-0.1816628,-0.21369064,-0.2160751,2052,10.26,10.276072263717651,1,0.026075156405568123,0.9739248156547546
2055,10.275,-0.18864095,-0.20268835,-0.2327417,-0.23759195,2052,10.26,10.276072263717651,1,0.026075156405568123,0.9739248156547546
2056,10.28,-0.22245264,-0.2068825,-0.21844311,-0.23385993,2056,10.28,10.291380643844604,1,0.05960787832736969,0.9403921365737915
2057,10.285,-0.22405082,-0.18562028,-0.17090619,-0.19761863,2056,10.28,10.291380643844604,1,0.05960787832736969,0.9403921365737915
2058,10.29,-0.17656976,-0.13562004,-0.102379434,-0.12895203,2056,10.28,10.291380643844604,1,0.05960787832736969,0.9403921365737915
2059,10.295,-0.082354955,-0.061915293,-0.029519167,-0.037687745,2056,10.28,10.291380643844604,1,0.05960787832736969,0.9403921365737915
2060,10.3,0.03534214,0.023990225,0.037436023,0.0596853,2060,10.3,10.310083866119385,1,0.03741433843970299,0.9625856876373291
2061,10.305,0.14407854,0.10895551,0.09872551,0.14677173,2060,10.3,10.310083866119385,1,0.03741433843970299,0.9625856876373291
2062,10.31,0.21930106,0.18200742,0.15846485,0.2128804,2060,10.3,10.310083866119385,1,0.03741433843970299,0.9625856876373291
2063,10.315,0.2543759,0.23503263,0.21407378,0.25395766,2060,10.3,10.310083866119385,1,0.03741433843970299,0.9625856876373291
2064,10.32,0.25729546,0.2618157,0.25264177,0.26944965,2064,10.32,10.32734227180481,1,0.07292228937149048,0.9270777106285095
2065,10.325,0.23891808,0.25801933,0.25830692,0.25885427,2064,10.32,10.32734227180481,1,0.07292228937149048,0.9270777106285095
2066,10.33,0.20362218,0.22267222,0.22387318,0.22125846,2064,10.32,10.32734227180481,1,0.07292228937149048,0.9270777106285095
2067,10.335,0.14938368,0.15947615,0.15608655,0.15777674,2064,10.32,10.32734227180481,1,0.07292228937149048,0.9270777106285095
2068,10.34,0.075072296,0.07638749,0.07058725,0.073825404,2068,10.34,10.343079090118408,1,0.02614540606737137,0.9738546013832092
2069,10.345,-0.013141226,-0.016246106,-0.017796632,-0.021549206,2068,10.34,10.343079090118408,1,0.02614540606737137,0.9738546013832092
2070,10.35,-0.1023979,-0.1076616,-0.10065535,-0.11881069,2068,10.34,10.343079090118408,1,0.02614540606737137,0.9738546013832092
2071,10.355,-0.17972271,-0.1879359,-0.17412026,-0.21005882,2068,10.34,10.343079090118408,1,0.02614540606737137,0.9738546013832092
2072,10.36,-0.23784702,-0.24849956,-0.23344758,-0.2872286,2072,10.36,10.375147342681885,1,0.025382408872246742,0.974617600440979
2073,10.365,-0.27457562,-0.28214628,-0.27026227,-0.33781505,2072,10.36,10.375147342681885,1,0.025382408872246742,0.974617600440979
2074,10.37,-0.28679246,-0.28296983,-0.2749912,-0.34384987,2072,10.36,10.375147342681885,1,0.025382408872246742,0.974617600440979
2075,10.375,-0.26628396,-0.247061,-0.2419571,-0.2889304,2072,10.36,10.375147342681885,1,0.025382408872246742,0.974617600440979
2076,10.38,-0.20355442,-0.17457627,-0.17283931,-0.17109977,2076,10.38,10.39012598991394,1,0.04286343231797218,0.9571365714073181
2077,10.385,-0.09808458,-0.072486736,-0.0765896,-0.012089297,2076,10.38,10.39012598991394,1,0.04286343231797218,0.9571365714073181
2078,10.39,0.033598054,0.04396072,0.032640997,0.14646658,2076,10.38,10.39012598991394,1,0.04286343231797218,0.9571365714073181
2079,10.395,0.16008836,0.15293288,0.13724688,0.2602649,2076,10.38,10.39012598991394,1,0.04286343231797218,0.9571365714073181
2080,10.4,0.24784741,0.23138225,0.21784568,0.30291688,2080,10.4,10.409933805465698,1,0.036568980664014816,0.9634310007095337
2081,10.405,0.2770051,0.26297385,0.2575155,0.27698487,2080,10.4,10.409933805465698,1,0.036568980664014816,0.9634310007095337
2082,10.41,0.25067693,0.24558729,0.24931142,0.20954421,2080,10.4,10.409933805465698,1,0.036568980664014816,0.9634310007095337
2083,10.415,0.19224724,0.19375649,0.2023939,0.13639933,2080,10.4,10.409933805465698,1,0.036568980664014816,0.9634310007095337
2084,10.42,0.13175558,0.13222751,0.13951923,0.08445018,2084,10.42,10.427019119262695,1,0.03963453695178032,0.9603654742240906
2085,10.425,0.08877105,0.08210989,0.08402307,0.06056691,2084,10.42,10.427019119262695,1,0.03963453695178032,0.9603654742240906
2086,10.43,0.062183812,0.0481366,0.044501226,0.051022664,2084,10.42,10.427019119262695,1,0.03963453695178032,0.9603654742240906
2087,10.435,0.034193907,0.017270448,0.010040655,0.031104822,2084,10.42,10.427019119262695,1,0.03963453695178032,0.9603654742240906
2088,10.44,-0.013665513,-0.028749978,-0.038381364,-0.019500477,2088,10.44,10.442302703857422,1,0.024352239444851875,0.9756478071212769
2089,10.445,-0.08419154,-0.09606998,-0.10859431,-0.1031656,2088,10.44,10.442302703857422,1,0.024352239444851875,0.9756478071212769
2090,10.45,-0.16042817,-0.17059289,-0.18601367,-0.200382,2088,10.44,10.442302703857422,1,0.024352239444851875,0.9756478071212769
2091,10.455,-0.21647112,-0.22569473,-0.24034935,-0.27837485,2088,10.44,10.442302703857422,1,0.024352239444851875,0.9756478071212769
2092,10.46,-0.23377246,-0.23934852,-0.24537748,-0.30751893,2092,10.46,10.46025037765503,1,0.042178358882665634,0.9578216671943665
2093,10.465,-0.21051228,-0.20739517,-0.1966166,-0.2757553,2092,10.46,10.46025037765503,1,0.042178358882665634,0.9578216671943665
2094,10.47,-0.15911403,-0.14413124,-0.11403934,-0.19278374,2092,10.46,10.46025037765503,1,0.042178358882665634,0.9578216671943665
2095,10.475,-0.096402325,-0.071542166,-0.028668951,-0.082635246,2092,10.46,10.46025037765503,1,0.042178358882665634,0.9578216671943665
2096,10.48,-0.034179203,-0.0057557668,0.036688637,0.029648058,2096,10.48,10.494059085845947,1,0.036890897899866104,0.9631090760231018
2097,10.485,0.024638733,0.050160542,0.07893849,0.12840636,2096,10.48,10.494059085845947,1,0.036890897899866104,0.9631090760231018
2098,10.49,0.08312891,0.10277255,0.110864125,0.20861137,2096,10.48,10.494059085845947,1,0.036890897899866104,0.9631090760231018
2099,10.495,0.1428417,0.15720378,0.14572996,0.26873118,2096,10.48,10.494059085845947,1,0.036890897899866104,0.9631090760231018
2100,10.5,0.19681096,0.20726685,0.18287596,0.302803,2100,10.5,10.508966207504272,1,0.04779309779405594,0.9522069692611694
2101,10.505,0.22922479,0.2355463,0.20612045,0.30009273,2100,10.5,10.508966207504272,1,0.04779309779405594,0.9522069692611694
2102,10.51,0.22382581,0.22454722,0.19618271,0.25354344,2100,10.5,10.508966207504272,1,0.04779309779405594,0.9522069692611694
2103,10.515,0.17556822,0.170259,0.1463632,0.1689211,2100,10.5,10.508966207504272,1,0.04779309779405594,0.9522069692611694
2104,10.52,0.095941074,0.08656143,0.068124175,0.064560615,2104,10.52,10.520304441452026,1,0.03354677930474281,0.9664531946182251
2105,10.525,0.0068578837,-0.003579592,-0.01741582,-0.039836906,2104,10.52,10.520304441452026,1,0.03354677930474281,0.9664531946182251
2106,10.53,-0.072117336,-0.08256945,-0.09347243,-0.13538669,2104,10.52,10.520304441452026,1,0.03354677930474281,0.9664531946182251
2107,10.535,-0.1324733,-0.1457401,-0.15440375,-0.22455753,2104,10.52,10.520304441452026,1,0.03354677930474281,0.9664531946182251
2108,10.54,-0.17462154,-0.19591986,-0.20047072,-0.30778542,2108,10.54,10.544363021850586,1,0.02547500841319561,0.9745250344276428
2109,10.545,-0.19855577,-0.2312101,-0.22753476,-0.36855134,2108,10.54,10.544363021850586,1,0.02547500841319561,0.9745250344276428
2110,10.55,-0.19779502,-0.23895572,-0.223442,-0.37392178,2108,10.54,10.544363021850586,1,0.02547500841319561,0.9745250344276428
2111,10.555,-0.16361459,-0.2034191,-0.17625752,-0.29554823,2108,10.54,10.544363021850586,1,0.02547500841319561,0.9745250344276428
2112,10.56,-0.095874295,-0.121402174,-0.0877485,-0.13658266,2112,10.56,10.570045471191406,1,0.053762130439281464,0.9462378621101379
2113,10.565,-0.009469056,-0.011475729,0.020460574,0.05889801,2112,10.56,10.570045471191406,1,0.053762130439281464,0.9462378621101379
2114,10.57,0.070896775,0.09272915,0.11509402,0.22530577,2112,10.56,10.570045471191406,1,0.053762130439281464,0.9462378621101379
2115,10.575,0.12391757,0.16078973,0.16874585,0.31148857,2112,10.56,10.570045471191406,1,0.053762130439281464,0.9462378621101379
2116,10.58,0.14207436,0.18121187,0.17400482,0.3070291,2116,10.58,10.590253591537476,1,0.03836814686655998,0.9616318345069885
2117,10.585,0.13187593,0.16366842,0.14460862,0.2411726,2116,10.58,10.590253591537476,1,0.03836814686655998,0.9616318345069885
2118,10.59,0.10608459,0.12855478,0.10426962,0.15881217,2116,10.58,10.590253591537476,1,0.03836814686655998,0.9616318345069885
2119,10.595,0.07562212,0.09344102,0.07200496,0.09349285,2116,10.58,10.590253591537476,1,0.03836814686655998,0.9616318345069885
2120,10.6,0.046421558,0.06548203,0.053378705,0.054807708,2120,10.6,10.610187530517578,1,0.04549296945333481,0.954507052898407
2121,10.605,0.020679839,0.042317625,0.04156729,0.03317786,2120,10.6,10.610187530517578,1,0.04549296945333481,0.954507052898407
2122,10.61,-0.000929872,0.018192682,0.02564017,0.013134801,2120,10.6,10.610187530517578,1,0.04549296945333481,0.954507052898407
2123,10.615,-0.01833806,-0.00987155,-0.0003374023,-0.015553871,2120,10.6,10.610187530517578,1,0.04549296945333481,0.954507052898407
2124,10.62,-0.032421775,-0.03975612,-0.033490296,-0.054125234,2124,10.62,10.627415657043457,1,0.02818058803677559,0.9718194007873535
2125,10.625,-0.045462117,-0.06663782,-0.06562546,-0.097414896,2124,10.62,10.627415657043457,1,0.02818058803677559,0.9718194007873535
2126,10.63,-0.060526032,-0.08742119,-0.09036703,-0.13848478,2124,10.62,10.627415657043457,1,0.02818058803677559,0.9718194007873535
2127,10.635,-0.079195485,-0.10276825,-0.1072699,-0.17117563,2124,10.62,10.627415657043457,1,0.02818058803677559,0.9718194007873535
2128,10.64,-0.09854361,-0.11443394,-0.11910795,-0.18946582,2128,10.64,10.643564462661743,1,0.11700344830751419,0.8829966187477112
2129,10.645,-0.1100026,-0.12050169,-0.1253277,-0.18624009,2128,10.64,10.643564462661743,1,0.11700344830751419,0.8829966187477112
2130,10.65,-0.10267756,-0.11398892,-0.11892794,-0.15516205,2128,10.64,10.643564462661743,1,0.11700344830751419,0.8829966187477112
2131,10.655,-0.070381194,-0.08747679,-0.090982236,-0.09591985,2128,10.64,10.643564462661743,1,0.11700344830751419,0.8829966187477112
2132,10.66,-0.01741167,-0.040108904,-0.03921124,-0.018087804,2132,10.66,10.666576147079468,1,0.05222134664654732,0.9477787017822266
2133,10.665,0.04241347,0.019810928,0.02753345,0.061741058,2132,10.66,10.666576147079468,1,0.05222134664654732,0.9477787017822266
2134,10.67,0.09371669,0.07936141,0.093247324,0.12883101,2132,10.66,10.666576147079468,1,0.05222134664654732,0.9477787017822266
2135,10.675,0.12811448,0.12819311,0.14338596,0.17754968,2132,10.66,10.666576147079468,1,0.05222134664654732,0.9477787017822266
2136,10.68,0.1460177,0.16146165,0.17044088,0.20992081,2136,10.68,10.690057277679443,1,0.054227519780397415,0.9457724094390869
2137,10.685,0.1508871,0.17685781,0.17312172,0.22716142,2136,10.68,10.690057277679443,1,0.054227519780397415,0.9457724094390869
2138,10.69,0.14265987,0.17091933,0.15280347,0.22356951,2136,10.68,10.690057277679443,1,0.054227519780397415,0.9457724094390869
2139,10.695,0.1173601,0.14015257,0.11247476,0.18973981,2136,10.68,10.690057277679443,1,0.054227519780397415,0.9457724094390869
2140,10.7,0.072670005,0.08601093,0.058433443,0.12186551,2140,10.7,10.715635538101196,1,0.10736703872680664,0.8926330208778381
2141,10.705,0.012715641,0.017431118,0.000371435,0.027416404,2140,10.7,10.715635538101196,1,0.10736703872680664,0.8926330208778381
2142,10.71,-0.05318308,-0.052927062,-0.0526137,-0.07793351,2140,10.7,10.715635538101196,1,0.10736703872680664,0.8926330208778381
2143,10.715,-0.11575247,-0.11522966,-0.09666898,-0.17747577,2140,10.7,10.715635538101196,1,0.10736703872680664,0.8926330208778381
2144,10.72,-0.16871978,-0.16499823,-0.13310236,-0.256903,2144,10.72,10.728078842163086,1,0.030300116166472435,0.9696998596191406
2145,10.725,-0.20673461,-0.19958155,-0.16301495,-0.30277598,2144,10.72,10.728078842163086,1,0.030300116166472435,0.9696998596191406
2146,10.73,-0.22204354,-0.21356025,-0.1820517,-0.3021643,2144,10.72,10.728078842163086,1,0.030300116166472435,0.9696998596191406
2147,10.735,-0.20542967,-0.19914733,-0.1807933,-0.24828058,2144,10.72,10.728078842163086,1,0.030300116166472435,0.9696998596191406
2148,10.74,-0.15221266,-0.15196481,-0.15079948,-0.14858511,2148,10.74,10.742051601409912,1,0.08718209713697433,0.9128179550170898
2149,10.745,-0.06848838,-0.07687311,-0.09137284,-0.026702594,2148,10.74,10.742051601409912,1,0.08718209713697433,0.9128179550170898
2150,10.75,0.028042644,0.011441713,-0.012149559,0.086171076,2148,10.74,10.742051601409912,1,0.08718209713697433,0.9128179550170898
2151,10.755,0.114231884,0.09375667,0.069825694,0.1654328,2148,10.74,10.742051601409912,1,0.08718209713697433,0.9128179550170898
2152,10.76,0.17131667,0.15397283,0.13668872,0.20309871,2152,10.76,10.776480674743652,1,0.04128982499241829,0.9587101936340332
2153,10.765,0.19287229,0.18495233,0.17682958,0.20766827,2152,10.76,10.776480674743652,1,0.04128982499241829,0.9587101936340332
2154,10.77,0.18633303,0.18994576,0.18904981,0.19550283,2152,10.76,10.776480674743652,1,0.04128982499241829,0.9587101936340332
2155,10.775,0.16691245,0.17896348,0.18119954,0.18023275,2152,10.76,10.776480674743652,1,0.04128982499241829,0.9587101936340332
2156,10.78,0.14719398,0.16154133,0.16342093,0.16607337,2156,10.78,10.79401969909668,1,0.11404135078191757,0.8859586119651794
2157,10.785,0.12900388,0.13988836,0.14013888,0.14734843,2156,10.78,10.79401969909668,1,0.11404135078191757,0.8859586119651794
2158,10.79,0.10358833,0.107601106,0.106986195,0.113456115,2156,10.78,10.79401969909668,1,0.11404135078191757,0.8859586119651794
2159,10.795,0.060499456,0.056159556,0.055883553,0.05673531,2156,10.78,10.79401969909668,1,0.11404135078191757,0.8859586119651794
2160,10.8,-0.0017226217,-0.015146529,-0.015288574,-0.02078288,2160,10.8,10.808376550674438,1,0.029345382004976273,0.9706546068191528
2161,10.805,-0.07237082,-0.09456929,-0.09673731,-0.106234364,2160,10.8,10.808376550674438,1,0.029345382004976273,0.9706546068191528
2162,10.81,-0.1359134,-0.16361456,-0.17023996,-0.18203482,2160,10.8,10.808376550674438,1,0.029345382004976273,0.9706546068191528
2163,10.815,-0.18276955,-0.20856617,-0.2193617,-0.23513196,2160,10.8,10.808376550674438,1,0.029345382004976273,0.9706546068191528
2164,10.82,-0.21285595,-0.22727261,-0.23754828,-0.26185757,2164,10.82,10.819974422454834,1,0.04623351991176605,0.9537664651870728
2165,10.825,-0.22889072,-0.22531475,-0.22773668,-0.26448327,2164,10.82,10.819974422454834,1,0.04623351991176605,0.9537664651870728
2166,10.83,-0.22761571,-0.20653446,-0.19565776,-0.24372439,2164,10.82,10.819974422454834,1,0.04623351991176605,0.9537664651870728
2167,10.835,-0.19934362,-0.16821335,-0.14447486,-0.19560388,2164,10.82,10.819974422454834,1,0.04623351991176605,0.9537664651870728
2168,10.84,-0.1367975,-0.1053719,-0.07544801,-0.116359055,2168,10.84,10.839970350265503,1,0.04340113326907158,0.9565988779067993
2169,10.845,-0.04389397,-0.018786233,0.0078026247,-0.010387257,2168,10.84,10.839970350265503,1,0.04340113326907158,0.9565988779067993
2170,10.85,0.064243734,0.08151008,0.09681844,0.10690544,2168,10.84,10.839970350265503,1,0.04340113326907158,0.9565988779067993
2171,10.855,0.16857879,0.17932056,0.17958482,0.21406996,2168,10.84,10.839970350265503,1,0.04340113326907158,0.9565988779067993
2172,10.86,0.25230762,0.2574913,0.24337125,0.29180062,2172,10.86,10.868492841720581,1,0.04212895408272743,0.9578710198402405
2173,10.865,0.30155155,0.3012103,0.27703053,0.3283004,2172,10.86,10.868492841720581,1,0.04212895408272743,0.9578710198402405
2174,10.87,0.30501696,0.30026448,0.27321813,0.32020977,2172,10.86,10.868492841720581,1,0.04212895408272743,0.9578710198402405
2175,10.875,0.25836363,0.25264508,0.23128088,0.2715613,2172,10.86,10.868492841720581,1,0.04212895408272743,0.9578710198402405
2176,10.88,0.17105919,0.16806795,0.15916137,0.19276026,2176,10.88,10.882269620895386,1,0.0541674941778183,0.9458324909210205
2177,10.885,0.06679522,0.06665564,0.07154551,0.09865652,2176,10.88,10.882269620895386,1,0.0541674941778183,0.9458324909210205
2178,10.89,-0.027321097,-0.029290704,-0.015957657,0.004070471,2176,10.88,10.882269620895386,1,0.0541674941778183,0.9458324909210205
2179,10.895,-0.096031554,-0.10587064,-0.0930288,-0.08195788,2176,10.88,10.882269620895386,1,0.0541674941778183,0.9458324909210205
2180,10.9,-0.14269502,-0.16252321,-0.15681891,-0.15882064,2180,10.9,10.902559041976929,1,0.024753237143158913,0.9752467274665833
2181,10.905,-0.18125275,-0.20720787,-0.20874652,-0.23037939,2180,10.9,10.902559041976929,1,0.024753237143158913,0.9752467274665833
2182,10.91,-0.22030233,-0.24561216,-0.24868825,-0.29601604,2180,10.9,10.902559041976929,1,0.024753237143158913,0.9752467274665833
2183,10.915,-0.25299495,-0.27300444,-0.2711296,-0.34359482,2180,10.9,10.902559041976929,1,0.024753237143158913,0.9752467274665833
2184,10.92,-0.260753,-0.2750552,-0.26622197,-0.35145628,2184,10.92,10.928386211395264,1,0.0722375214099884,0.927762508392334
2185,10.925,-0.22674733,-0.23682815,-0.22511195,-0.30028272,2184,10.92,10.928386211395264,1,0.0722375214099884,0.927762508392334
2186,10.93,-0.1480027,-0.15333688,-0.14608121,-0.18742663,2184,10.92,10.928386211395264,1,0.0722375214099884,0.927762508392334
2187,10.935,-0.03814131,-0.034904774,-0.037933648,-0.03334702,2184,10.92,10.928386211395264,1,0.0722375214099884,0.927762508392334
2188,10.94,0.07875125,0.095018275,0.080854684,0.12487872,2188,10.94,10.944268226623535,1,0.036811619997024536,0.9631884098052979
2189,10.945,0.1773896,0.20755403,0.18672708,0.24898708,2188,10.94,10.944268226623535,1,0.036811619997024536,0.9631884098052979
2190,10.95,0.23902084,0.2781561,0.25809637,0.3147131,2188,10.94,10.944268226623535,1,0.036811619997024536,0.9631884098052979
2191,10.955,0.25636464,0.2952807,0.2828737,0.31918392,2188,10.94,10.944268226623535,1,0.036811619997024536,0.9631884098052979
2192,10.96,0.2353856,0.26463288,0.26315686,0.27837673,2192,10.96,10.970180034637451,1,0.07521931082010269,0.9247806668281555
2193,10.965,0.19232275,0.2058597,0.21359585,0.21714833,2192,10.96,10.970180034637451,1,0.07521931082010269,0.9247806668281555
2194,10.97,0.1453076,0.1418354,0.15315424,0.15679337,2192,10.96,10.970180034637451,1,0.07521931082010269,0.9247806668281555
2195,10.975,0.104241826,0.08633859,0.09508978,0.10597129,2192,10.96,10.970180034637451,1,0.07521931082010269,0.9247806668281555
2196,10.98,0.06603294,0.038656615,0.042084906,0.059743788,2196,10.98,10.990150451660156,1,0.024513985961675644,0.9754859805107117
2197,10.985,0.019671068,-0.010787178,-0.010364145,0.007266748,2196,10.98,10.990150451660156,1,0.024513985961675644,0.9754859805107117
2198,10.99,-0.04227562,-0.06867154,-0.065997675,-0.05722295,2196,10.98,10.990150451660156,1,0.024513985961675644,0.9754859805107117
2199,10.995,-0.11534997,-0.13121895,-0.122543044,-0.12848057,2196,10.98,10.990150451660156,1,0.024513985961675644,0.9754859805107117
2200,11.0,-0.18543352,-0.18725988,-0.17331544,-0.19394535,2200,11.0,11.010260581970215,1,0.029997285455465317,0.9700027704238892
2201,11.005,-0.23907022,-0.22792546,-0.21281472,-0.24297547,2200,11.0,11.010260581970215,1,0.029997285455465317,0.9700027704238892
2202,11.01,-0.27123126,-0.25213045,-0.23939514,-0.27203777,2200,11.0,11.010260581970215,1,0.029997285455465317,0.9700027704238892
2203,11.015,-0.28227183,-0.26140076,-0.2514502,-0.2804679,2200,11.0,11.010260581970215,1,0.029997285455465317,0.9700027704238892
2204,11.02,-0.26760575,-0.24964379,-0.24136224,-0.26217428,2204,11.02,11.02720594406128,1,0.0515047125518322,0.9484952688217163
2205,11.025,-0.21289828,-0.20063683,-0.19543976,-0.20453835,2204,11.02,11.02720594406128,1,0.0515047125518322,0.9484952688217163
2206,11.03,-0.10371614,-0.099728905,-0.103249826,-0.09922585,2204,11.02,11.02720594406128,1,0.0515047125518322,0.9484952688217163
2207,11.035,0.055921435,0.048241805,0.029708944,0.043532945,2204,11.02,11.02720594406128,1,0.0515047125518322,0.9484952688217163
2208,11.04,0.23267059,0.2110262,0.17682615,0.19147865,2208,11.04,11.041533708572388,1,0.03709240257740021,0.9629075527191162
2209,11.045,0.3732395,0.34035125,0.2986565,0.3034953,2208,11.04,11.041533708572388,1,0.03709240257740021,0.9629075527191162
2210,11.05,0.43045735,0.39606312,0.36043432,0.3505026,2208,11.04,11.041533708572388,1,0.03709240257740021,0.9629075527191162
2211,11.055,0.38866866,0.36630848,0.34797588,0.3287096,2208,11.04,11.041533708572388,1,0.03709240257740021,0.9629075527191162
2212,11.06,0.2713174,0.27092242,0.27279276,0.25726265,2212,11.06,11.076645135879517,1,0.09489794075489044,0.9051020741462708
2213,11.065,0.12665986,0.1481248,0.16464804,0.16508129,2212,11.06,11.076645135879517,1,0.09489794075489044,0.9051020741462708
2214,11.07,0.0021079036,0.034986917,0.056949206,0.07753087,2212,11.06,11.076645135879517,1,0.09489794075489044,0.9051020741462708
2215,11.075,-0.07694456,-0.047025133,-0.026976172,0.009204864,2212,11.06,11.076645135879517,1,0.09489794075489044,0.9051020741462708
2216,11.08,-0.11365515,-0.096466005,-0.08090693,-0.038160406,2216,11.08,11.09824013710022,1,0.02405555732548237,0.9759443998336792
2217,11.085,-0.13156043,-0.12765886,-0.11457716,-0.07520545,2216,11.08,11.09824013710022,1,0.02405555732548237,0.9759443998336792
2218,11.09,-0.15831919,-0.16110635,-0.14607474,-0.1204683,2216,11.08,11.09824013710022,1,0.02405555732548237,0.9759443998336792
2219,11.095,-0.20912598,-0.21127841,-0.19074999,-0.18888755,2216,11.08,11.09824013710022,1,0.02405555732548237,0.9759443998336792
2220,11.1,-0.2761852,-0.27535328,-0.25033686,-0.27640173,2220,11.1,11.110146760940552,1,0.05623340979218483,0.9437665939331055
2221,11.105,-0.32917708,-0.32896307,-0.30716613,-0.35215837,2220,11.1,11.110146760940552,1,0.05623340979218483,0.9437665939331055
2222,11.11,-0.32860973,-0.33456966,-0.32831532,-0.36932406,2220,11.1,11.110146760940552,1,0.05623340979218483,0.9437665939331055
2223,11.115,-0.2474644,-0.26145124,-0.28073442,-0.292434,2220,11.1,11.110146760940552,1,0.05623340979218483,0.9437665939331055
2224,11.12,-0.08959133,-0.10688928,-0.15127793,-0.12389928,2224,11.12,11.126673698425293,1,0.04041099175810814,0.9595890045166016
2225,11.125,0.10724135,0.09555163,0.039878808,0.09029073,2224,11.12,11.126673698425293,1,0.04041099175810814,0.9595890045166016
2226,11.13,0.28688106,0.2877824,0.24222401,0.2813899,2224,11.12,11.126673698425293,1,0.04041099175810814,0.9595890045166016
2227,11.135,0.39979538,0.41292247,0.39482018,0.39166585,2224,11.12,11.126673698425293,1,0.04041099175810814,0.9595890045166016
2228,11.14,0.4226846,0.4398641,0.45294616,0.39940155,2228,11.14,11.144865036010742,1,0.037624187767505646,0.9623757600784302
2229,11.145,0.3629991,0.37330556,0.4068064,0.32185808,2228,11.14,11.144865036010742,1,0.037624187767505646,0.9623757600784302
2230,11.15,0.24944644,0.24612291,0.28261393,0.19916205,2228,11.14,11.144865036010742,1,0.037624187767505646,0.9623757600784302
2231,11.155,0.11700549,0.10129482,0.1270735,0.07272058,2228,11.14,11.144865036010742,1,0.037624187767505646,0.9623757600784302
2232,11.16,-0.005179311,-0.025615228,-0.014647162,-0.029326009,2232,11.16,11.173850297927856,1,0.023907827213406563,0.9760921597480774
2233,11.165,-0.09949927,-0.11572189,-0.11542012,-0.09563484,2232,11.16,11.173850297927856,1,0.023907827213406563,0.9760921597480774
2234,11.17,-0.16001849,-0.16651215,-0.17035483,-0.1277358,2232,11.16,11.173850297927856,1,0.023907827213406563,0.9760921597480774
2235,11.175,-0.18948962,-0.18567526,-0.18998992,-0.1341632,2232,11.16,11.173850297927856,1,0.023907827213406563,0.9760921597480774
2236,11.18,-0.19548067,-0.18420938,-0.1893243,-0.12586462,2236,11.18,11.192862272262573,1,0.026759715750813484,0.9732402563095093
2237,11.185,-0.18708636,-0.1720944,-0.17969221,-0.11326313,2236,11.18,11.192862272262573,1,0.026759715750813484,0.9732402563095093
2238,11.19,-0.17262061,-0.15670854,-0.16639051,-0.10413034,2236,11.18,11.192862272262573,1,0.026759715750813484,0.9732402563095093
2239,11.195,-0.157684,-0.14228106,-0.15041971,-0.101809576,2236,11.18,11.192862272262573,1,0.026759715750813484,0.9732402563095093
2240,11.2,-0.14315306,-0.12916653,-0.1309518,-0.10426839,2240,11.2,11.210012674331665,1,0.04249667003750801,0.9575033187866211
2241,11.205,-0.12406953,-0.11339268,-0.10642536,-0.10485032,2240,11.2,11.210012674331665,1,0.04249667003750801,0.9575033187866211
2242,11.21,-0.09129444,-0.087624975,-0.07431109,-0.09485488,2240,11.2,11.210012674331665,1,0.04249667003750801,0.9575033187866211
2243,11.215,-0.03641747,-0.043875735,-0.03077675,-0.066825494,2240,11.2,11.210012674331665,1,0.04249667003750801,0.9575033187866211
2244,11.22,0.042244934,0.02263985,0.028277596,-0.017189568,2244,11.22,11.22721004486084,1,0.04031971096992493,0.9596803188323975
2245,11.225,0.135996,0.10935121,0.103779174,0.051959444,2244,11.22,11.22721004486084,1,0.04031971096992493,0.9596803188323975
2246,11.23,0.22673792,0.20337641,0.18852669,0.1315289,2244,11.22,11.22721004486084,1,0.04031971096992493,0.9596803188323975
2247,11.235,0.29259628,0.2825483,0.26468903,0.20551741,2244,11.22,11.22721004486084,1,0.04031971096992493,0.9596803188323975
2248,11.24,0.31599954,0.32256675,0.30836928,0.2547682,2248,11.24,11.242003679275513,1,0.0831427127122879,0.9168573021888733
2249,11.245,0.29032114,0.3079518,0.3009248,0.2644203,2248,11.24,11.242003679275513,1,0.0831427127122879,0.9168573021888733
2250,11.25,0.2212542,0.23970312,0.23961419,0.23060457,2248,11.24,11.242003679275513,1,0.0831427127122879,0.9168573021888733
2251,11.255,0.122320294,0.13373901,0.13891007,0.16092208,2248,11.24,11.242003679275513,1,0.0831427127122879,0.9168573021888733
2252,11.26,0.008504613,0.011744479,0.021448402,0.068479955,2252,11.26,11.27510666847229,1,0.027661580592393875,0.9723384380340576
2253,11.265,-0.10682264,-0.107636295,-0.09326549,-0.03449154,2252,11.26,11.27510666847229,1,0.027661580592393875,0.9723384380340576
2254,11.27,-0.21075886,-0.21124256,-0.19344877,-0.1376933,2252,11.26,11.27510666847229,1,0.027661580592393875,0.9723384380340576
2255,11.275,-0.28960565,-0.28899541,-0.27198353,-0.22954719,2252,11.26,11.27510666847229,1,0.027661580592393875,0.9723384380340576
2256,11.28,-0.3313713,-0.33240128,-0.3221563,-0.29596773,2256,11.28,11.285211324691772,1,0.030773982405662537,0.969226062297821
2257,11.285,-0.33067566,-0.33650848,-0.33763853,-0.32459053,2256,11.28,11.285211324691772,1,0.030773982405662537,0.969226062297821
2258,11.29,-0.2909759,-0.3023196,-0.31548318,-0.31067175,2256,11.28,11.285211324691772,1,0.030773982405662537,0.969226062297821
2259,11.295,-0.22141822,-0.23584855,-0.2573814,-0.25815487,2256,11.28,11.285211324691772,1,0.030773982405662537,0.969226062297821
2260,11.3,-0.13123329,-0.1444249,-0.16777928,-0.17479312,2260,11.3,11.300323247909546,1,0.038898345082998276,0.9611017107963562
2261,11.305,-0.027046368,-0.034641292,-0.05251651,-0.06741125,2260,11.3,11.300323247909546,1,0.038898345082998276,0.9611017107963562
2262,11.31,0.08465674,0.08526873,0.078613274,0.056462996,2260,11.3,11.300323247909546,1,0.038898345082998276,0.9611017107963562
2263,11.315,0.19291176,0.20124777,0.20771556,0.18219961,2260,11.3,11.300323247909546,1,0.038898345082998276,0.9611017107963562
2264,11.32,0.28089008,0.29327032,0.30964094,0.285683,2264,11.32,11.327433824539185,1,0.03900351747870445,0.9609965682029724
2265,11.325,0.33074707,0.34217447,0.36118883,0.34144312,2264,11.32,11.327433824539185,1,0.03900351747870445,0.9609965682029724
2266,11.33,0.33252504,0.33966094,0.35359222,0.33725914,2264,11.32,11.327433824539185,1,0.03900351747870445,0.9609965682029724
2267,11.335,0.2908213,0.29352587,0.29818168,0.28309047,2264,11.32,11.327433824539185,1,0.03900351747870445,0.9609965682029724
2268,11.34,0.22327928,0.22310624,0.21948148,0.20551047,2268,11.34,11.342662572860718,1,0.0315852016210556,0.9684147238731384
2269,11.345,0.15040576,0.14774041,0.1403336,0.13106099,2268,11.34,11.342662572860718,1,0.0315852016210556,0.9684147238731384
2270,11.35,0.0832647,0.07679244,0.07029933,0.07142327,2268,11.34,11.342662572860718,1,0.0315852016210556,0.9684147238731384
2271,11.355,0.01825742,0.008177775,0.005293538,0.021039514,2268,11.34,11.342662572860718,1,0.0315852016210556,0.9684147238731384
2272,11.36,-0.056772232,-0.06501272,-0.06344467,-0.03341632,2272,11.36,11.377025604248047,1,0.023582369089126587,0.9764176607131958
2273,11.365,-0.14977075,-0.14624456,-0.13987374,-0.1012891,2272,11.36,11.377025604248047,1,0.023582369089126587,0.9764176607131958
2274,11.37,-0.25462747,-0.23153614,-0.22007751,-0.18233855,2272,11.36,11.377025604248047,1,0.023582369089126587,0.9764176607131958
2275,11.375,-0.35067624,-0.31026456,-0.29497036,-0.2676504,2272,11.36,11.377025604248047,1,0.023582369089126587,0.9764176607131958
2276,11.38,-0.41061223,-0.36757046,-0.35329065,-0.34210473,2276,11.38,11.387026309967041,1,0.06336912512779236,0.93663090467453
2277,11.385,-0.4112802,-0.3865408,-0.3816625,-0.3857768,2276,11.38,11.387026309967041,1,0.06336912512779236,0.93663090467453
2278,11.39,-0.34241676,-0.35175616,-0.36433846,-0.37703648,2276,11.38,11.387026309967041,1,0.06336912512779236,0.93663090467453
2279,11.395,-0.21115077,-0.25587648,-0.28753582,-0.3007411,2276,11.38,11.387026309967041,1,0.06336912512779236,0.93663090467453
2280,11.4,-0.041476414,-0.10698977,-0.1490649,-0.15920031,2280,11.4,11.41013503074646,1,0.03555801510810852,0.9644419550895691
2281,11.405,0.13170454,0.06886591,0.032751262,0.022079725,2280,11.4,11.41013503074646,1,0.03555801510810852,0.9644419550895691
2282,11.41,0.27290592,0.233914,0.21921305,0.20050617,2280,11.4,11.41013503074646,1,0.03555801510810852,0.9644419550895691
2283,11.415,0.35709006,0.35173044,0.36375463,0.33283508,2280,11.4,11.41013503074646,1,0.03555801510810852,0.9644419550895691
2284,11.42,0.37656078,0.40053457,0.4313632,0.39265823,2284,11.42,11.42723560333252,1,0.03879620134830475,0.9612037539482117
2285,11.425,0.34089237,0.3799906,0.4138869,0.37907636,2284,11.42,11.42723560333252,1,0.03879620134830475,0.9612037539482117
2286,11.43,0.27093232,0.3090017,0.3322644,0.3131311,2284,11.42,11.42723560333252,1,0.03879620134830475,0.9612037539482117
2287,11.435,0.19038898,0.21657959,0.22467488,0.2259794,2284,11.42,11.42723560333252,1,0.03879620134830475,0.9612037539482117
2288,11.44,0.11809763,0.13002008,0.12758096,0.14562134,2288,11.44,11.442276000976562,1,0.023972420021891594,0.9760276079177856
2289,11.445,0.062449038,0.064536326,0.059667762,0.08708472,2288,11.44,11.442276000976562,1,0.023972420021891594,0.9760276079177856
2290,11.45,0.019071184,0.017974617,0.016164038,0.048205633,2288,11.44,11.442276000976562,1,0.023972420021891594,0.9760276079177856
2291,11.455,-0.026533067,-0.02650628,-0.024495164,0.012081193,2288,11.44,11.442276000976562,1,0.023972420021891594,0.9760276079177856
2292,11.46,-0.09059809,-0.089508675,-0.085530266,-0.04352303,2292,11.46,11.469896793365479,1,0.023397522047162056,0.9766024947166443
2293,11.465,-0.17968723,-0.18076296,-0.17620958,-0.13243872,2292,11.46,11.469896793365479,1,0.023397522047162056,0.9766024947166443
2294,11.47,-0.28256783,-0.28917676,-0.28419912,-0.24861659,2292,11.46,11.469896793365479,1,0.023397522047162056,0.9766024947166443
2295,11.475,-0.37133735,-0.38446283,-0.37981573,-0.3642057,2292,11.46,11.469896793365479,1,0.023397522047162056,0.9766024947166443
2296,11.48,-0.4124717,-0.43007252,-0.42892414,-0.4395531,2296,11.48,11.490853309631348,1,0.061446916311979294,0.9385530352592468
2297,11.485,-0.3818389,-0.39971226,-0.4066386,-0.44006038,2296,11.48,11.490853309631348,1,0.061446916311979294,0.9385530352592468
2298,11.49,-0.27526882,-0.2883282,-0.30567074,-0.35103798,2296,11.48,11.490853309631348,1,0.061446916311979294,0.9385530352592468
2299,11.495,-0.11011283,-0.1137363,-0.13857798,-0.184199,2296,11.48,11.490853309631348,1,0.061446916311979294,0.9385530352592468
2300,11.5,0.080516286,0.0887871,0.0639231,0.025195824,2300,11.5,11.51002812385559,1,0.03356309235095978,0.9664369821548462
2301,11.505,0.25651044,0.27533898,0.25838333,0.2283375,2300,11.5,11.51002812385559,1,0.03356309235095978,0.9664369821548462
2302,11.51,0.38044938,0.40453365,0.39980218,0.37750727,2300,11.5,11.51002812385559,1,0.03356309235095978,0.9664369821548462
2303,11.515,0.42812335,0.4503102,0.45750704,0.44202313,2300,11.5,11.51002812385559,1,0.03356309235095978,0.9664369821548462
2304,11.52,0.3974124,0.41196725,0.4280654,0.41935533,2304,11.52,11.520041227340698,1,0.047944486141204834,0.9520555138587952
2305,11.525,0.30947748,0.31422076,0.33560538,0.33436784,2304,11.52,11.520041227340698,1,0.047944486141204834,0.9520555138587952
2306,11.53,0.19840863,0.19446057,0.21742524,0.22505617,2304,11.52,11.520041227340698,1,0.047944486141204834,0.9520555138587952
2307,11.535,0.09394778,0.08394275,0.10418706,0.1225998,2304,11.52,11.520041227340698,1,0.047944486141204834,0.9520555138587952
2308,11.54,0.008506254,-0.004829514,0.008321558,0.03851011,2308,11.54,11.544104099273682,1,0.02304832637310028,0.9769516587257385
2309,11.545,-0.063084655,-0.07699334,-0.07311725,-0.033585686,2308,11.54,11.544104099273682,1,0.02304832637310028,0.9769516587257385
2310,11.55,-0.13261215,-0.14374329,-0.14698422,-0.105298854,2308,11.54,11.544104099273682,1,0.02304832637310028,0.9769516587257385
2311,11.555,-0.2056161,-0.21043153,-0.21509355,-0.18092841,2308,11.54,11.544104099273682,1,0.02304832637310028,0.9769516587257385
2312,11.56,-0.27534238,-0.27215248,-0.27341348,-0.25332302,2312,11.56,11.570130109786987,1,0.023944132030010223,0.976055920124054
2313,11.565,-0.32564524,-0.31695434,-0.31577253,-0.30812103,2312,11.56,11.570130109786987,1,0.023944132030010223,0.976055920124054
2314,11.57,-0.33895588,-0.33163062,-0.3353804,-0.33071482,2312,11.56,11.570130109786987,1,0.023944132030010223,0.976055920124054
2315,11.575,-0.30387858,-0.30584,-0.32280016,-0.3111702,2312,11.56,11.570130109786987,1,0.023944132030010223,0.976055920124054
2316,11.58,-0.21915627,-0.23426616,-0.2656229,-0.24643397,2316,11.58,11.590166091918945,1,0.039901599287986755,0.960098385810852
2317,11.585,-0.09395748,-0.118859924,-0.15497564,-0.1414342,2316,11.58,11.590166091918945,1,0.039901599287986755,0.960098385810852
2318,11.59,0.05366172,0.028088933,0.0031824892,-0.00973299,2316,11.58,11.590166091918945,1,0.039901599287986755,0.960098385810852
2319,11.595,0.19885036,0.18240632,0.18096465,0.1274459,2316,11.58,11.590166091918945,1,0.039901599287986755,0.960098385810852
2320,11.6,0.3135043,0.31174773,0.3340694,0.24521063,2320,11.6,11.601012229919434,1,0.03464733064174652,0.9653527140617371
2321,11.605,0.37297142,0.3857277,0.41978455,0.32167682,2320,11.6,11.601012229919434,1,0.03464733064174652,0.9653527140617371
2322,11.61,0.3650898,0.3884552,0.41757312,0.34485918,2320,11.6,11.601012229919434,1,0.03464733064174652,0.9653527140617371
2323,11.615,0.2968499,0.32612595,0.33922577,0.31656018,2320,11.6,11.601012229919434,1,0.03464733064174652,0.9653527140617371
2324,11.62,0.1932225,0.22429752,0.22177331,0.2511699,2324,11.62,11.619880199432373,1,0.03699793666601181,0.96300208568573
2325,11.625,0.08681308,0.11565207,0.107291676,0.16943283,2324,11.62,11.619880199432373,1,0.03699793666601181,0.96300208568573
2326,11.63,0.0029353544,0.024757374,0.021650037,0.0893324,2324,11.62,11.619880199432373,1,0.03699793666601181,0.96300208568573
2327,11.635,-0.051947236,-0.042076197,-0.035662353,0.017972289,2324,11.62,11.619880199432373,1,0.03699793666601181,0.96300208568573
2328,11.64,-0.09156884,-0.09645422,-0.085452065,-0.050783675,2328,11.64,11.644132852554321,1,0.023085003718733788,0.9769150018692017
2329,11.645,-0.13908292,-0.15695721,-0.15075834,-0.1297573,2328,11.64,11.644132852554321,1,0.023085003718733788,0.9769150018692017
2330,11.65,-0.20920955,-0.23338453,-0.23794985,-0.22504604,2328,11.64,11.644132852554321,1,0.023085003718733788,0.9769150018692017
2331,11.655,-0.29399848,-0.31572556,-0.3286951,-0.32409573,2328,11.64,11.644132852554321,1,0.023085003718733788,0.9769150018692017
2332,11.66,-0.36252123,-0.37566453,-0.38799518,-0.39518756,2332,11.66,11.670055150985718,1,0.040204450488090515,0.9597955346107483
2333,11.665,-0.37645563,-0.3807109,-0.38328338,-0.4017087,2332,11.66,11.670055150985718,1,0.040204450488090515,0.9597955346107483
2334,11.67,-0.31216493,-0.31232178,-0.30248162,-0.32358748,2332,11.66,11.670055150985718,1,0.040204450488090515,0.9597955346107483
2335,11.675,-0.17478035,-0.17668265,-0.16017699,-0.17173626,2332,11.66,11.670055150985718,1,0.040204450488090515,0.9597955346107483
2336,11.68,0.004200191,-0.0023804698,0.0102683585,0.014684508,2336,11.68,11.68985366821289,1,0.03482848405838013,0.9651715159416199
2337,11.685,0.18221688,0.17188251,0.17174786,0.18652098,2336,11.68,11.68985366821289,1,0.03482848405838013,0.9651715159416199
2338,11.69,0.3224328,0.31123403,0.29585657,0.3062991,2336,11.68,11.68985366821289,1,0.03482848405838013,0.9651715159416199
2339,11.695,0.40265647,0.3933611,0.3674379,0.36012143,2336,11.68,11.68985366821289,1,0.03482848405838013,0.9651715159416199
2340,11.7,0.4154767,0.41036975,0.38266954,0.35498956,2340,11.7,11.710070848464966,1,0.041341912001371384,0.9586580395698547
2341,11.705,0.36503127,0.3664804,0.34560508,0.3073203,2340,11.7,11.710070848464966,1,0.041341912001371384,0.9586580395698547
2342,11.71,0.2651738,0.27508348,0.26655924,0.23283781,2340,11.7,11.710070848464966,1,0.041341912001371384,0.9586580395698547
2343,11.715,0.13861467,0.15647255,0.16183247,0.14382406,2340,11.7,11.710070848464966,1,0.041341912001371384,0.9586580395698547
2344,11.72,0.013328907,0.03495691,0.051974118,0.05182051,2344,11.72,11.728097438812256,1,0.023737970739603043,0.976262092590332
2345,11.725,-0.08536831,-0.06637194,-0.043079715,-0.030425545,2344,11.72,11.728097438812256,1,0.023737970739603043,0.976262092590332
2346,11.73,-0.14389364,-0.1327514,-0.11055033,-0.09172256,2344,11.72,11.728097438812256,1,0.023737970739603043,0.976262092590332
2347,11.735,-0.16526806,-0.16350687,-0.14948435,-0.12827893,2344,11.72,11.728097438812256,1,0.023737970739603043,0.976262092590332
2348,11.74,-0.16670227,-0.1724145,-0.17043138,-0.14736721,2348,11.74,11.743723154067993,1,0.02425011247396469,0.9757499098777771
2349,11.745,-0.17066023,-0.18060426,-0.18928616,-0.16433713,2348,11.74,11.743723154067993,1,0.02425011247396469,0.9757499098777771
2350,11.75,-0.1927613,-0.20393498,-0.21724455,-0.19278038,2348,11.74,11.743723154067993,1,0.02425011247396469,0.9757499098777771
2351,11.755,-0.23148927,-0.24114855,-0.25155005,-0.23296629,2348,11.74,11.743723154067993,1,0.02425011247396469,0.9757499098777771
2352,11.76,-0.2657863,-0.27105385,-0.27323198,-0.26686192,2352,11.76,11.77535104751587,1,0.046692345291376114,0.9533076882362366
2353,11.765,-0.26461104,-0.26319292,-0.25580525,-0.26567593,2352,11.76,11.77535104751587,1,0.046692345291376114,0.9533076882362366
2354,11.77,-0.20523417,-0.19710737,-0.18190546,-0.20738798,2352,11.76,11.77535104751587,1,0.046692345291376114,0.9533076882362366
2355,11.775,-0.088863246,-0.07724074,-0.057392713,-0.09282738,2352,11.76,11.77535104751587,1,0.046692345291376114,0.9533076882362366
2356,11.78,0.057939064,0.06772589,0.08794256,0.051797125,2356,11.78,11.790306806564331,1,0.03564340993762016,0.964356541633606
2357,11.785,0.1970396,0.20032004,0.2147821,0.18806207,2356,11.78,11.790306806564331,1,0.03564340993762016,0.964356541633606
2358,11.79,0.2967858,0.29219696,0.29386964,0.28415915,2356,11.78,11.790306806564331,1,0.03564340993762016,0.964356541633606
2359,11.795,0.34197652,0.33233207,0.31738222,0.32638252,2356,11.78,11.790306806564331,1,0.03564340993762016,0.964356541633606
2360,11.8,0.3330709,0.32397446,0.29634103,0.31851822,2360,11.8,11.809873819351196,1,0.07021022588014603,0.9297897815704346
2361,11.805,0.28110084,0.27795193,0.2492493,0.274367,2360,11.8,11.809873819351196,1,0.07021022588014603,0.9297897815704346
2362,11.81,0.2038946,0.20859364,0.19134401,0.21054646,2360,11.8,11.809873819351196,1,0.07021022588014603,0.9297897815704346
2363,11.815,0.122221,0.13119194,0.12972772,0.14145479,2360,11.8,11.809873819351196,1,0.07021022588014603,0.9297897815704346
2364,11.82,0.052400906,0.05738109,0.06394721,0.07471809,2364,11.82,11.834713220596313,1,0.024129675701260567,0.9758703708648682
2365,11.825,-0.0020584774,-0.010088394,-0.01008953,0.008119588,2364,11.82,11.834713220596313,1,0.024129675701260567,0.9758703708648682
2366,11.83,-0.051920697,-0.07715855,-0.09420297,-0.06754524,2364,11.82,11.834713220596313,1,0.024129675701260567,0.9758703708648682
2367,11.835,-0.1127529,-0.15040721,-0.18226618,-0.15823601,2364,11.82,11.834713220596313,1,0.024129675701260567,0.9758703708648682
2368,11.84,-0.1903908,-0.22690868,-0.2587903,-0.25539795,2368,11.84,11.854137182235718,1,0.025176184251904488,0.9748237729072571
2369,11.845,-0.27237755,-0.2908968,-0.3042402,-0.33361226,2368,11.84,11.854137182235718,1,0.025176184251904488,0.9748237729072571
2370,11.85,-0.3318595,-0.32051155,-0.3043173,-0.36142954,2368,11.84,11.854137182235718,1,0.025176184251904488,0.9748237729072571
2371,11.855,-0.34127313,-0.2997918,-0.256921,-0.3193836,2368,11.84,11.854137182235718,1,0.025176184251904488,0.9748237729072571
2372,11.86,-0.28724182,-0.2279248,-0.1726948,-0.21329382,2372,11.86,11.870110988616943,1,0.04537901282310486,0.9546210169792175
2373,11.865,-0.17826699,-0.12057076,-0.07019949,-0.07375844,2372,11.86,11.870110988616943,1,0.04537901282310486,0.9546210169792175
2374,11.87,-0.041321065,-0.003090152,0.03065735,0.058387578,2372,11.86,11.870110988616943,1,0.04537901282310486,0.9546210169792175
2375,11.875,0.09034439,0.10031664,0.11432029,0.15189518,2372,11.86,11.870110988616943,1,0.04537901282310486,0.9546210169792175
2376,11.88,0.1908944,0.17542563,0.17310567,0.19794354,2376,11.88,11.890694856643677,1,0.03599200397729874,0.9640080332756042
2377,11.885,0.24935271,0.21983552,0.20720749,0.20839885,2376,11.88,11.890694856643677,1,0.03599200397729874,0.9640080332756042
2378,11.89,0.2679532,0.23775959,0.22068633,0.20218213,2376,11.88,11.890694856643677,1,0.03599200397729874,0.9640080332756042
2379,11.895,0.25513342,0.23304348,0.21599413,0.19085285,2376,11.88,11.890694856643677,1,0.03599200397729874,0.9640080332756042
2380,11.9,0.2195543,0.20663778,0.19183454,0.17397965,2380,11.9,11.913740396499634,1,0.08235752582550049,0.9176424145698547
2381,11.905,0.16850564,0.15990247,0.14672336,0.14567518,2380,11.9,11.913740396499634,1,0.08235752582550049,0.9176424145698547
2382,11.91,0.10909279,0.09907949,0.084790416,0.10413641,2380,11.9,11.913740396499634,1,0.08235752582550049,0.9176424145698547
2383,11.915,0.04867536,0.035237104,0.017362494,0.054856777,2380,11.9,11.913740396499634,1,0.08235752582550049,0.9176424145698547
2384,11.92,-0.0067550396,-0.021003364,-0.042308424,0.005773462,2384,11.92,11.932367086410522,1,0.02404959686100483,0.9759504199028015
2385,11.925,-0.0545002,-0.065033056,-0.08671463,-0.039245065,2384,11.92,11.932367086410522,1,0.02404959686100483,0.9759504199028015
2386,11.93,-0.09517928,-0.09892773,-0.11700704,-0.08157962,2384,11.92,11.932367086410522,1,0.02404959686100483,0.9759504199028015
2387,11.935,-0.13070014,-0.12705894,-0.13875282,-0.12323935,2384,11.92,11.932367086410522,1,0.02404959686100483,0.9759504199028015
2388,11.94,-0.16172875,-0.15107217,-0.15514116,-0.16188663,2388,11.94,11.940333127975464,1,0.03884285315871239,0.9611572027206421
2389,11.945,-0.18597548,-0.16827226,-0.16402444,-0.19037071,2388,11.94,11.940333127975464,1,0.03884285315871239,0.9611572027206421
2390,11.95,-0.1977301,-0.17348547,-0.16041376,-0.20044386,2388,11.94,11.940333127975464,1,0.03884285315871239,0.9611572027206421
2391,11.955,-0.18904759,-0.16173542,-0.14058322,-0.18677521,2388,11.94,11.940333127975464,1,0.03884285315871239,0.9611572027206421
2392,11.96,-0.15309836,-0.1299066,-0.103683814,-0.14852208,2392,11.96,11.97685956954956,1,0.04370142146945,0.9562985897064209
2393,11.965,-0.088946246,-0.07783865,-0.051030006,-0.08898375,2392,11.96,11.97685956954956,1,0.04370142146945,0.9562985897064209
2394,11.97,-0.005016808,-0.009792724,0.013864401,-0.015163499,2392,11.96,11.97685956954956,1,0.04370142146945,0.9562985897064209
2395,11.975,0.08183271,0.06445854,0.08346142,0.062471546,2392,11.96,11.97685956954956,1,0.04370142146945,0.9562985897064209
2396,11.98,0.15230988,0.13104555,0.1455121,0.13153242,2396,11.98,11.990371465682983,1,0.040769025683403015,0.9592309594154358
2397,11.985,0.19281237,0.17673914,0.18662545,0.18138312,2396,11.98,11.990371465682983,1,0.040769025683403015,0.9592309594154358
2398,11.99,0.20070167,0.19450271,0.19864942,0.20700249,2396,11.98,11.990371465682983,1,0.040769025683403015,0.9592309594154358
2399,11.995,0.18312544,0.18558818,0.18247022,0.20956457,2396,11.98,11.990371465682983,1,0.040769025683403015,0.9592309594154358
2400,12.0,0.15026979,0.15640037,0.14566067,0.19266927,2400,12.0,12.005800247192383,1,0.11954709887504578,0.8804528713226318
2401,12.005,0.108417444,0.113171965,0.096364304,0.15766089,2400,12.0,12.005800247192383,1,0.11954709887504578,0.8804528713226318
2402,12.01,0.058471348,0.059473757,0.03927259,0.103014104,2400,12.0,12.005800247192383,1,0.11954709887504578,0.8804528713226318
2403,12.015,0.0005912934,-0.0016732283,-0.02309536,0.028947707,2400,12.0,12.005800247192383,1,0.11954709887504578,0.8804528713226318
2404,12.02,-0.06024226,-0.06422546,-0.08607961,-0.057036012,2404,12.02,12.032139301300049,1,0.026322931051254272,0.9736770987510681
2405,12.025,-0.11357936,-0.118393466,-0.14035888,-0.13924514,2404,12.02,12.032139301300049,1,0.026322931051254272,0.9736770987510681
2406,12.03,-0.14844769,-0.15377542,-0.17395452,-0.19897594,2404,12.02,12.032139301300049,1,0.026322931051254272,0.9736770987510681
2407,12.035,-0.15925097,-0.16379791,-0.17768773,-0.22227277,2404,12.02,12.032139301300049,1,0.026322931051254272,0.9736770987510681
2408,12.04,-0.14779076,-0.14851703,-0.15071373,-0.2055153,2408,12.04,12.039945840835571,1,0.055264487862586975,0.9447355270385742
2409,12.045,-0.12075961,-0.11465036,-0.10262294,-0.15642944,2408,12.04,12.039945840835571,1,0.055264487862586975,0.9447355270385742
2410,12.05,-0.08563945,-0.07307128,-0.05007085,-0.09087167,2408,12.04,12.039945840835571,1,0.055264487862586975,0.9447355270385742
2411,12.055,-0.04791142,-0.034417205,-0.00876159,-0.026942862,2408,12.04,12.039945840835571,1,0.055264487862586975,0.9447355270385742
2412,12.06,-0.010276813,-0.0042831283,0.014969528,0.02167514,2412,12.06,12.078291177749634,1,0.042501676827669144,0.95749831199646
2413,12.065,0.026804395,0.019280484,0.027296979,0.05073736,2412,12.06,12.078291177749634,1,0.042501676827669144,0.95749831199646
2414,12.07,0.06370893,0.04354426,0.041904844,0.06620258,2412,12.06,12.078291177749634,1,0.042501676827669144,0.95749831199646
2415,12.075,0.099563636,0.074772276,0.06980352,0.07969324,2412,12.06,12.078291177749634,1,0.042501676827669144,0.95749831199646
2416,12.08,0.13056809,0.112151355,0.11106652,0.10077894,2416,12.08,12.09020185470581,1,0.0597035214304924,0.9402965307235718
2417,12.085,0.15053442,0.14680806,0.1540861,0.13059844,2416,12.08,12.09020185470581,1,0.0597035214304924,0.9402965307235718
2418,12.09,0.1538384,0.16651557,0.18184541,0.16040987,2416,12.08,12.09020185470581,1,0.0597035214304924,0.9402965307235718
2419,12.095,0.13801652,0.16163829,0.17971171,0.17512706,2416,12.08,12.09020185470581,1,0.0597035214304924,0.9402965307235718
2420,12.1,0.10306639,0.12767744,0.14006798,0.1593824,2420,12.1,12.110373497009277,1,0.13936789333820343,0.8606321215629578
2421,12.105,0.04874597,0.064843014,0.063982934,0.10411877,2420,12.1,12.110373497009277,1,0.13936789333820343,0.8606321215629578
2422,12.11,-0.024981085,-0.021142602,-0.0374027,0.01271376,2420,12.1,12.110373497009277,1,0.13936789333820343,0.8606321215629578
2423,12.115,-0.111924104,-0.115796335,-0.14214253,-0.09577823,2420,12.1,12.110373497009277,1,0.13936789333820343,0.8606321215629578
2424,12.12,-0.19349718,-0.19520906,-0.22155397,-0.19051091,2424,12.12,12.133203029632568,1,0.02808890864253044,0.9719110727310181
2425,12.125,-0.24159391,-0.23357637,-0.2510887,-0.24135096,2424,12.12,12.133203029632568,1,0.02808890864253044,0.9719110727310181
2426,12.13,-0.23303607,-0.21687217,-0.22280593,-0.23414785,2424,12.12,12.133203029632568,1,0.02808890864253044,0.9719110727310181
2427,12.135,-0.166308,-0.15267041,-0.15028366,-0.17823695,2424,12.12,12.133203029632568,1,0.02808890864253044,0.9719110727310181
2428,12.14,-0.06641965,-0.0672383,-0.061505307,-0.10003425,2428,12.14,12.142318487167358,1,0.06075834855437279,0.9392417073249817
2429,12.145,0.028131552,0.009083008,0.015593228,-0.027161255,2428,12.14,12.142318487167358,1,0.06075834855437279,0.9392417073249817
2430,12.15,0.08780851,0.057880122,0.065353476,0.02539197,2428,12.14,12.142318487167358,1,0.06075834855437279,0.9392417073249817
2431,12.155,0.10743194,0.07923349,0.08778294,0.05824251,2428,12.14,12.142318487167358,1,0.06075834855437279,0.9392417073249817
2432,12.16,0.10378114,0.08592531,0.09326568,0.080195986,2432,12.16,12.170076131820679,1,0.046943627297878265,0.9530563950538635
2433,12.165,0.098998696,0.091370255,0.09362684,0.09829714,2432,12.16,12.170076131820679,1,0.046943627297878265,0.9530563950538635
2434,12.17,0.10392087,0.10055765,0.09527542,0.11314628,2432,12.16,12.170076131820679,1,0.046943627297878265,0.9530563950538635
2435,12.175,0.11356965,0.109350905,0.097720265,0.121240854,2432,12.16,12.170076131820679,1,0.046943627297878265,0.9530563950538635
2436,12.18,0.1155406,0.110479616,0.09704466,0.12009532,2436,12.18,12.193920850753784,1,0.15253613889217377,0.847463846206665
2437,12.185,0.1017887,0.100092664,0.09072765,0.11071518,2436,12.18,12.193920850753784,1,0.15253613889217377,0.847463846206665
2438,12.19,0.07372407,0.07965841,0.07947739,0.09558504,2436,12.18,12.193920850753784,1,0.15253613889217377,0.847463846206665
2439,12.195,0.038261894,0.052700456,0.064491004,0.07476156,2436,12.18,12.193920850753784,1,0.15253613889217377,0.847463846206665
2440,12.2,0.0003994719,0.020223213,0.043072823,0.044210408,2440,12.2,12.208991289138794,1,0.04572753980755806,0.9542723894119263
2441,12.205,-0.040425632,-0.020492349,0.007916935,-0.00148,2440,12.2,12.208991289138794,1,0.04572753980755806,0.9542723894119263
2442,12.21,-0.087388754,-0.07205916,-0.047228683,-0.06346568,2440,12.2,12.208991289138794,1,0.04572753980755806,0.9542723894119263
2443,12.215,-0.1397671,-0.13094713,-0.11885543,-0.13410236,2440,12.2,12.208991289138794,1,0.04572753980755806,0.9542723894119263
2444,12.22,-0.18853067,-0.18452887,-0.1894636,-0.19717713,2444,12.22,12.225029706954956,1,0.059236153960227966,0.9407638907432556
2445,12.225,-0.21778296,-0.21462728,-0.2330915,-0.23339427,2444,12.22,12.225029706954956,1,0.059236153960227966,0.9407638907432556
2446,12.23,-0.21139447,-0.20594122,-0.22834931,-0.22788219,2444,12.22,12.225029706954956,1,0.059236153960227966,0.9407638907432556
2447,12.235,-0.16090196,-0.1538638,-0.17033759,-0.17557772,2444,12.22,12.225029706954956,1,0.059236153960227966,0.9407638907432556
2448,12.24,-0.07071647,-0.067035176,-0.0734683,-0.08292964,2448,12.24,12.240169525146484,1,0.052507154643535614,0.9474928379058838
2449,12.245,0.04121731,0.03571194,0.03578921,0.03278528,2448,12.24,12.240169525146484,1,0.052507154643535614,0.9474928379058838
2450,12.25,0.1474712,0.13110274,0.1302798,0.14556095,2448,12.24,12.240169525146484,1,0.052507154643535614,0.9474928379058838
2451,12.255,0.21936642,0.19732293,0.19058645,0.22568232,2448,12.24,12.240169525146484,1,0.052507154643535614,0.9474928379058838
2452,12.26,0.23756957,0.21950582,0.20788775,0.249289,2452,12.26,12.276790618896484,1,0.04495477303862572,0.955045223236084
2453,12.265,0.20080407,0.1945419,0.18345585,0.2098902,2452,12.26,12.276790618896484,1,0.04495477303862572,0.955045223236084
2454,12.27,0.12739097,0.13341755,0.12778449,0.1246728,2452,12.26,12.276790618896484,1,0.04495477303862572,0.955045223236084
2455,12.275,0.04740196,0.058624625,0.059412047,0.029268438,2452,12.26,12.276790618896484,1,0.04495477303862572,0.955045223236084
2456,12.28,-0.010956658,-0.0038857604,0.00089524325,-0.0383903,2456,12.28,12.293895959854126,1,0.035283565521240234,0.9647164344787598
2457,12.285,-0.03338167,-0.03546757,-0.029465634,-0.056782663,2456,12.28,12.293895959854126,1,0.035283565521240234,0.9647164344787598
2458,12.29,-0.024083009,-0.033349555,-0.027126867,-0.03141477,2456,12.28,12.293895959854126,1,0.035283565521240234,0.9647164344787598
2459,12.295,-0.0018962428,-0.01231467,-0.0054650414,0.008800001,2456,12.28,12.293895959854126,1,0.035283565521240234,0.9647164344787598
2460,12.3,0.00931198,0.0025109171,0.010348556,0.0275425,2460,12.3,12.308404922485352,1,0.05383548513054848,0.9461645483970642
2461,12.305,-0.008097551,-0.010781322,-0.0021255738,0.0009665309,2460,12.3,12.308404922485352,1,0.05383548513054848,0.9461645483970642
2462,12.31,-0.05666254,-0.057886768,-0.048460495,-0.06905317,2460,12.3,12.308404922485352,1,0.05383548513054848,0.9461645483970642
2463,12.315,-0.12116978,-0.12367075,-0.11311725,-0.1552753,2460,12.3,12.308404922485352,1,0.05383548513054848,0.9461645483970642
2464,12.32,-0.17453402,-0.17930529,-0.1678602,-0.21866637,2464,12.32,12.32013726234436,1,0.13448721170425415,0.8655127882957458
2465,12.325,-0.19058588,-0.19718003,-0.1868977,-0.22763374,2464,12.32,12.32013726234436,1,0.13448721170425415,0.8655127882957458
2466,12.33,-0.15757364,-0.16476227,-0.15916578,-0.1726538,2464,12.32,12.32013726234436,1,0.13448721170425415,0.8655127882957458
2467,12.335,-0.08465823,-0.089837015,-0.09167093,-0.06937281,2464,12.32,12.32013726234436,1,0.13448721170425415,0.8655127882957458
2468,12.34,0.0027625195,0.004543988,-0.004373428,0.049903855,2468,12.34,12.340227842330933,1,0.04678436741232872,0.9532155990600586
2469,12.345,0.07636183,0.091267586,0.078773156,0.15068349,2468,12.34,12.340227842330933,1,0.04678436741232872,0.9532155990600586
2470,12.35,0.11895056,0.15022185,0.13816728,0.20943215,2468,12.34,12.340227842330933,1,0.04678436741232872,0.9532155990600586
2471,12.355,0.13101241,0.17440549,0.1640276,0.22021191,2468,12.34,12.340227842330933,1,0.04678436741232872,0.9532155990600586
2472,12.36,0.12614386,0.16929054,0.15812598,0.19318001,2472,12.36,12.36305022239685,1,0.06944279372692108,0.930557131767273
2473,12.365,0.11890068,0.14666471,0.13129218,0.14664419,2472,12.36,12.36305022239685,1,0.06944279372692108,0.930557131767273
2474,12.37,0.113767885,0.11676643,0.0972935,0.09696803,2472,12.36,12.36305022239685,1,0.06944279372692108,0.930557131767273
2475,12.375,0.1035114,0.083672084,0.06599775,0.0517458,2472,12.36,12.36305022239685,1,0.06944279372692108,0.930557131767273
2476,12.38,0.07812611,0.046807796,0.03992179,0.009867483,2476,12.38,12.394455909729004,1,0.04333508759737015,0.9566649198532104
2477,12.385,0.036480334,0.006410897,0.016021034,-0.032618474,2476,12.38,12.394455909729004,1,0.04333508759737015,0.9566649198532104
2478,12.39,-0.010348729,-0.033074006,-0.009710995,-0.076293476,2476,12.38,12.394455909729004,1,0.04333508759737015,0.9566649198532104
2479,12.395,-0.047946654,-0.065763235,-0.03922196,-0.117040955,2476,12.38,12.394455909729004,1,0.04333508759737015,0.9566649198532104
2480,12.4,-0.07175357,-0.09061298,-0.07270768,-0.14972337,2480,12.4,12.408652782440186,1,0.04453307390213013,0.9554669260978699
2481,12.405,-0.0915416,-0.11376957,-0.10973092,-0.17188984,2480,12.4,12.408652782440186,1,0.04453307390213013,0.9554669260978699
2482,12.41,-0.1214574,-0.14248021,-0.14781325,-0.18284725,2480,12.4,12.408652782440186,1,0.04453307390213013,0.9554669260978699
2483,12.415,-0.16344896,-0.17463031,-0.17893934,-0.17902833,2480,12.4,12.408652782440186,1,0.04453307390213013,0.9554669260978699
2484,12.42,-0.19904473,-0.19380844,-0.18848698,-0.15162458,2484,12.42,12.420284032821655,1,0.1392650157213211,0.8607349991798401
2485,12.425,-0.19831586,-0.17659713,-0.16053046,-0.0913249,2484,12.42,12.420284032821655,1,0.1392650157213211,0.8607349991798401
2486,12.43,-0.1406127,-0.1087436,-0.0881605,0.001737984,2484,12.42,12.420284032821655,1,0.1392650157213211,0.8607349991798401
2487,12.435,-0.03157599,0.0013558916,0.017870545,0.11084167,2484,12.42,12.420284032821655,1,0.1392650157213211,0.8607349991798401
2488,12.44,0.09666154,0.12265478,0.12941533,0.20586549,2488,12.44,12.440186262130737,1,0.041705429553985596,0.9582945704460144
2489,12.445,0.20252761,0.21635857,0.21218948,0.25706783,2488,12.44,12.440186262130737,1,0.041705429553985596,0.9582945704460144
2490,12.45,0.2571874,0.25632384,0.2424948,0.2511892,2488,12.44,12.440186262130737,1,0.041705429553985596,0.9582945704460144
2491,12.455,0.2567321,0.24133384,0.21903421,0.19869968,2488,12.44,12.440186262130737,1,0.041705429553985596,0.9582945704460144
2492,12.46,0.21751142,0.19125572,0.16150045,0.12645824,2492,12.46,12.473818302154541,1,0.10984782874584198,0.8901521563529968
2493,12.465,0.16045485,0.13078506,0.09647195,0.060448464,2492,12.46,12.473818302154541,1,0.10984782874584198,0.8901521563529968
2494,12.47,0.09763385,0.073652335,0.040868364,0.010971925,2492,12.46,12.473818302154541,1,0.10984782874584198,0.8901521563529968
2495,12.475,0.030779222,0.0191595,-0.00458625,-0.028867142,2492,12.46,12.473818302154541,1,0.10984782874584198,0.8901521563529968
2496,12.48,-0.039941967,-0.03816554,-0.04791108,-0.07117519,2496,12.48,12.492968320846558,1,0.029648443683981895,0.9703515768051147
2497,12.485,-0.107754506,-0.096694075,-0.09271648,-0.11889148,2496,12.48,12.492968320846558,1,0.029648443683981895,0.9703515768051147
2498,12.49,-0.16081415,-0.14564702,-0.13217103,-0.16184121,2496,12.48,12.492968320846558,1,0.029648443683981895,0.9703515768051147
2499,12.495,-0.19152163,-0.1741676,-0.15510574,-0.18590225,2496,12.48,12.492968320846558,1,0.029648443683981895,0.9703515768051147
2500,12.5,-0.2028079,-0.18113446,-0.15694954,-0.18537828,2500,12.5,12.510181903839111,1,0.06925980746746063,0.930740237236023
2501,12.505,-0.20359409,-0.17494385,-0.1438114,-0.16614011,2500,12.5,12.510181903839111,1,0.06925980746746063,0.930740237236023
2502,12.51,-0.19754261,-0.16355696,-0.12569688,-0.13720937,2500,12.5,12.510181903839111,1,0.06925980746746063,0.930740237236023
2503,12.515,-0.17706622,-0.14549981,-0.10618889,-0.10059044,2500,12.5,12.510181903839111,1,0.06925980746746063,0.930740237236023
2504,12.52,-0.1295558,-0.111197025,-0.079185605,-0.050524585,2504,12.52,12.532356262207031,1,0.047227390110492706,0.9527725577354431
2505,12.525,-0.050176036,-0.0530116,-0.035670556,0.01719504,2504,12.52,12.532356262207031,1,0.047227390110492706,0.9527725577354431
2506,12.53,0.051090058,0.026165407,0.026489668,0.09600154,2504,12.52,12.532356262207031,1,0.047227390110492706,0.9527725577354431
2507,12.535,0.1542675,0.11333072,0.098821014,0.16913824,2504,12.52,12.532356262207031,1,0.047227390110492706,0.9527725577354431
2508,12.54,0.24024928,0.19255488,0.1667189,0.21924907,2508,12.54,12.541590690612793,1,0.043977875262498856,0.9560220837593079
2509,12.545,0.29707554,0.2509043,0.21649075,0.23745663,2508,12.54,12.541590690612793,1,0.043977875262498856,0.9560220837593079
2510,12.55,0.31784925,0.2788257,0.23877513,0.22438663,2508,12.54,12.541590690612793,1,0.043977875262498856,0.9560220837593079
2511,12.555,0.29649302,0.26843467,0.22801314,0.18483694,2508,12.54,12.541590690612793,1,0.043977875262498856,0.9560220837593079
2512,12.56,0.22934964,0.21541731,0.18228146,0.12357738,2512,12.56,12.577444076538086,1,0.06714416295289993,0.9328558444976807
2513,12.565,0.122607395,0.12478118,0.10599174,0.046532877,2512,12.56,12.577444076538086,1,0.06714416295289993,0.9328558444976807
2514,12.57,-0.0029137987,0.014308451,0.01256595,-0.03579087,2512,12.56,12.577444076538086,1,0.06714416295289993,0.9328558444976807
2515,12.575,-0.1172502,-0.09004215,-0.077812985,-0.10866523,2512,12.56,12.577444076538086,1,0.06714416295289993,0.9328558444976807
2516,12.58,-0.19516806,-0.16542083,-0.14612578,-0.158947,2516,12.58,12.589983224868774,1,0.026917099952697754,0.9730829000473022
2517,12.585,-0.2282744,-0.20228285,-0.18300816,-0.18175383,2516,12.58,12.589983224868774,1,0.026917099952697754,0.9730829000473022
2518,12.59,-0.22650723,-0.20643276,-0.1914914,-0.18205838,2516,12.58,12.589983224868774,1,0.026917099952697754,0.9730829000473022
2519,12.595,-0.2089777,-0.19245213,-0.18230893,-0.1697588,2516,12.58,12.589983224868774,1,0.026917099952697754,0.9730829000473022
2520,12.6,-0.19147371,-0.17388141,-0.1658091,-0.15223467,2520,12.6,12.610196828842163,1,0.053297609090805054,0.9467024207115173
2521,12.605,-0.1782008,-0.15619026,-0.14621574,-0.12990506,2520,12.6,12.610196828842163,1,0.053297609090805054,0.9467024207115173
2522,12.61,-0.16105552,-0.13550949,-0.121188216,-0.09755244,2520,12.6,12.610196828842163,1,0.053297609090805054,0.9467024207115173
2523,12.615,-0.12589884,-0.10289776,-0.0856908,-0.050148666,2520,12.6,12.610196828842163,1,0.053297609090805054,0.9467024207115173
2524,12.62,-0.06286588,-0.051706146,-0.0370197,0.010863085,2524,12.62,12.633081912994385,1,0.042121075093746185,0.9578788876533508
2525,12.625,0.024721049,0.016152492,0.022101492,0.07540391,2524,12.62,12.633081912994385,1,0.042121075093746185,0.9578788876533508
2526,12.63,0.1191375,0.08937714,0.08393098,0.12897131,2524,12.62,12.633081912994385,1,0.042121075093746185,0.9578788876533508
2527,12.635,0.19676517,0.15284961,0.13893667,0.16077259,2524,12.62,12.633081912994385,1,0.042121075093746185,0.9578788876533508
2528,12.64,0.2404598,0.19524337,0.17928867,0.16944887,2528,12.64,12.63998031616211,1,0.06384624540805817,0.936153769493103
2529,12.645,0.24625568,0.2125014,0.2002132,0.16137758,2528,12.64,12.63998031616211,1,0.06384624540805817,0.936153769493103
2530,12.65,0.22056931,0.2055461,0.19925512,0.14322357,2528,12.64,12.63998031616211,1,0.06384624540805817,0.936153769493103
2531,12.655,0.17343763,0.17678237,0.17580462,0.11625686,2528,12.64,12.63998031616211,1,0.06384624540805817,0.936153769493103
2532,12.66,0.11547728,0.13029969,0.13248841,0.07823416,2532,12.66,12.676039934158325,1,0.029779953882098198,0.9702200293540955
2533,12.665,0.058831226,0.074516,0.07677233,0.030377103,2532,12.66,12.676039934158325,1,0.029779953882098198,0.9702200293540955
2534,12.67,0.015464759,0.021338543,0.019508312,-0.018954465,2532,12.66,12.676039934158325,1,0.029779953882098198,0.9702200293540955
2535,12.675,-0.010314764,-0.020459851,-0.030081242,-0.058891404,2532,12.66,12.676039934158325,1,0.029779953882098198,0.9702200293540955
2536,12.68,-0.02813084,-0.051817577,-0.06906707,-0.08461026,2536,12.68,12.692304134368896,1,0.02846219390630722,0.9715377688407898
2537,12.685,-0.056677636,-0.081939176,-0.10059558,-0.100601405,2536,12.68,12.692304134368896,1,0.02846219390630722,0.9715377688407898
2538,12.69,-0.108115174,-0.11861741,-0.12885848,-0.11481004,2536,12.68,12.692304134368896,1,0.02846219390630722,0.9715377688407898
2539,12.695,-0.1749376,-0.15932173,-0.1541441,-0.12950504,2536,12.68,12.692304134368896,1,0.02846219390630722,0.9715377688407898
2540,12.7,-0.23238073,-0.19174303,-0.1723292,-0.13803966,2540,12.7,12.70723581314087,1,0.07772813737392426,0.9222719073295593
2541,12.705,-0.25504646,-0.20273001,-0.17803507,-0.13032207,2540,12.7,12.70723581314087,1,0.07772813737392426,0.9222719073295593
2542,12.71,-0.23298772,-0.1864886,-0.16720396,-0.10122224,2540,12.7,12.70723581314087,1,0.07772813737392426,0.9222719073295593
2543,12.715,-0.17415415,-0.14520586,-0.13696921,-0.054308135,2540,12.7,12.70723581314087,1,0.07772813737392426,0.9222719073295593
2544,12.72,-0.09410376,-0.08417047,-0.08513865,0.0010847404,2544,12.72,12.72737431526184,1,0.042904749512672424,0.9570952653884888
2545,12.725,-0.004936184,-0.008431467,-0.012392413,0.0553209,2544,12.72,12.72737431526184,1,0.042904749512672424,0.9570952653884888
2546,12.73,0.08671308,0.07549914,0.07359791,0.10151104,2544,12.72,12.72737431526184,1,0.042904749512672424,0.9570952653884888
2547,12.735,0.17355606,0.1560209,0.1565146,0.13485481,2544,12.72,12.72737431526184,1,0.042904749512672424,0.9570952653884888
2548,12.74,0.24198551,0.21624784,0.21543698,0.1506077,2548,12.74,12.744165182113647,1,0.04837939143180847,0.9516206383705139
2549,12.745,0.27384964,0.23920992,0.23320661,0.14369394,2548,12.74,12.744165182113647,1,0.04837939143180847,0.9516206383705139
2550,12.75,0.25544077,0.21584307,0.20440973,0.11121711,2548,12.74,12.744165182113647,1,0.04837939143180847,0.9516206383705139
2551,12.755,0.18747935,0.15111324,0.13861777,0.05654926,2548,12.74,12.744165182113647,1,0.04837939143180847,0.9516206383705139
2552,12.76,0.08871756,0.064281985,0.05709209,-0.008293921,2552,12.76,12.773874044418335,1,0.037805236876010895,0.9621947407722473
2553,12.765,-0.010632661,-0.018185252,-0.015980085,-0.06519341,2552,12.76,12.773874044418335,1,0.037805236876010895,0.9621947407722473
2554,12.77,-0.08297204,-0.07443553,-0.0638653,-0.09748794,2552,12.76,12.773874044418335,1,0.037805236876010895,0.9621947407722473
2555,12.775,-0.11639217,-0.09701648,-0.08356796,-0.09820361,2552,12.76,12.773874044418335,1,0.037805236876010895,0.9621947407722473
2556,12.78,-0.11787744,-0.09384325,-0.083867386,-0.07298094,2556,12.78,12.789886236190796,1,0.03133309632539749,0.9686669111251831
2557,12.785,-0.10463281,-0.07968772,-0.07665409,-0.035528354,2556,12.78,12.789886236190796,1,0.03133309632539749,0.9686669111251831
2558,12.79,-0.09078087,-0.06534713,-0.06863774,0.00035449272,2556,12.78,12.789886236190796,1,0.03133309632539749,0.9686669111251831
2559,12.795,-0.079886,-0.053270016,-0.059913542,0.025820183,2556,12.78,12.789886236190796,1,0.03133309632539749,0.9686669111251831
2560,12.8,-0.06773828,-0.041617006,-0.04896315,0.03677831,2560,12.8,12.80460238456726,1,0.059877339750528336,0.9401226043701172
2561,12.805,-0.050499506,-0.030478321,-0.03744239,0.03186912,2560,12.8,12.80460238456726,1,0.059877339750528336,0.9401226043701172
2562,12.81,-0.029707301,-0.023000252,-0.029279573,0.012765079,2560,12.8,12.80460238456726,1,0.059877339750528336,0.9401226043701172
2563,12.815,-0.010420438,-0.021012755,-0.02568702,-0.013770464,2560,12.8,12.80460238456726,1,0.059877339750528336,0.9401226043701172
2564,12.82,0.003930333,-0.02124943,-0.022536613,-0.036534708,2564,12.82,12.819949388504028,1,0.06179095432162285,0.938209056854248
2565,12.825,0.014136671,-0.017188385,-0.013735078,-0.04540997,2564,12.82,12.819949388504028,1,0.06179095432162285,0.938209056854248
2566,12.83,0.02335225,-0.0047433213,0.0027988497,-0.03782766,2564,12.82,12.819949388504028,1,0.06179095432162285,0.938209056854248
2567,12.835,0.033780158,0.0143447695,0.02304655,-0.019835902,2564,12.82,12.819949388504028,1,0.06179095432162285,0.938209056854248
2568,12.84,0.045487203,0.03472144,0.040858787,-0.00024692793,2568,12.84,12.841703176498413,1,0.1488340198993683,0.8511659502983093
2569,12.845,0.05739803,0.05212794,0.05335197,0.01648893,2568,12.84,12.841703176498413,1,0.1488340198993683,0.8511659502983093
2570,12.85,0.06766526,0.06495102,0.061498377,0.031441927,2568,12.84,12.841703176498413,1,0.1488340198993683,0.8511659502983093
2571,12.855,0.07210397,0.07115902,0.06528521,0.045410514,2568,12.84,12.841703176498413,1,0.1488340198993683,0.8511659502983093
2572,12.86,0.06348499,0.06540405,0.059713464,0.05314872,2572,12.86,12.87721872329712,1,0.1701440066099167,0.8298559784889221
2573,12.865,0.03560055,0.041993815,0.03814253,0.045568872,2572,12.86,12.87721872329712,1,0.1701440066099167,0.8298559784889221
2574,12.87,-0.008887093,0.002927401,0.0015564703,0.019659508,2572,12.86,12.87721872329712,1,0.1701440066099167,0.8298559784889221
2575,12.875,-0.05431535,-0.037397105,-0.036012113,-0.013852636,2572,12.86,12.87721872329712,1,0.1701440066099167,0.8298559784889221
2576,12.88,-0.07878616,-0.05861969,-0.054375246,-0.03523307,2576,12.88,12.890204668045044,1,0.16920800507068634,0.8307920098304749
2577,12.885,-0.06944909,-0.049432967,-0.04304718,-0.03129988,2576,12.88,12.890204668045044,1,0.16920800507068634,0.8307920098304749
2578,12.89,-0.03387269,-0.01827522,-0.011820882,-0.00782411,2576,12.88,12.890204668045044,1,0.16920800507068634,0.8307920098304749
2579,12.895,0.0038782908,0.011538519,0.015436694,0.014285923,2576,12.88,12.890204668045044,1,0.16920800507068634,0.8307920098304749
2580,12.9,0.020776406,0.019644722,0.019774461,0.016876416,2580,12.9,12.909912347793579,1,0.11005570739507675,0.889944314956665
2581,12.905,0.011488828,0.004130158,0.0019994983,-2.4427134e-06,2580,12.9,12.909912347793579,1,0.11005570739507675,0.889944314956665
2582,12.91,-0.009934212,-0.018959368,-0.020132994,-0.019780919,2580,12.9,12.909912347793579,1,0.11005570739507675,0.889944314956665
2583,12.915,-0.023924317,-0.03101509,-0.029082166,-0.026170138,2580,12.9,12.909912347793579,1,0.11005570739507675,0.889944314956665
2584,12.92,-0.02171908,-0.02659708,-0.0224535,-0.018385146,2584,12.92,12.927230834960938,1,0.23361188173294067,0.7663880586624146
2585,12.925,-0.009907219,-0.01550999,-0.012319382,-0.010125642,2584,12.92,12.927230834960938,1,0.23361188173294067,0.7663880586624146
2586,12.93,-0.0007453008,-0.010694506,-0.011204051,-0.013956495,2584,12.92,12.927230834960938,1,0.23361188173294067,0.7663880586624146
2587,12.935,0.0010745185,-0.014519069,-0.019213406,-0.026962327,2584,12.92,12.927230834960938,1,0.23361188173294067,0.7663880586624146
2588,12.94,0.002218209,-0.016693935,-0.024347853,-0.032070126,2588,12.94,12.941519021987915,1,0.27549034357070923,0.7245096564292908
2589,12.945,0.012015512,-0.0053848117,-0.01476586,-0.014234192,2588,12.94,12.941519021987915,1,0.27549034357070923,0.7245096564292908
2590,12.95,0.030463757,0.019407168,0.008996831,0.023490742,2588,12.94,12.941519021987915,1,0.27549034357070923,0.7245096564292908
2591,12.955,0.045238324,0.04315631,0.032949537,0.05914526,2588,12.94,12.941519021987915,1,0.27549034357070923,0.7245096564292908
2592,12.96,0.041518625,0.048030924,0.040597025,0.06805134,2592,12.96,12.970319271087646,1,0.3363575339317322,0.6636424660682678
2593,12.965,0.016277961,0.028666133,0.02676901,0.042862438,2592,12.96,12.970319271087646,1,0.3363575339317322,0.6636424660682678
2594,12.97,-0.016158838,-0.0013787127,0.0029824313,0.00075254776,2592,12.96,12.970319271087646,1,0.3363575339317322,0.6636424660682678
2595,12.975,-0.033476472,-0.018912576,-0.010440844,-0.028634785,2592,12.96,12.970319271087646,1,0.3363575339317322,0.6636424660682678
2596,12.98,-0.022801807,-0.009297167,-8.725764e-06,-0.025304645,2596,12.98,12.990233898162842,1,0.38047417998313904,0.6195258498191833
2597,12.985,0.008248361,0.021251995,0.029510813,0.006139039,2596,12.98,12.990233898162842,1,0.38047417998313904,0.6195258498191833
2598,12.99,0.03650662,0.04956199,0.057221103,0.04013154,2596,12.98,12.990233898162842,1,0.38047417998313904,0.6195258498191833
2599,12.995,0.04046789,0.052651834,0.06078867,0.04911374,2596,12.98,12.990233898162842,1,0.38047417998313904,0.6195258498191833
2600,13.0,0.01593219,0.02448139,0.032619078,0.023091622,2600,13.0,13.000744104385376,0,0.5230817794799805,0.47691819071769714
2601,13.005,-0.022021124,-0.020480867,-0.01478945,-0.024350673,2600,13.0,13.000744104385376,0,0.5230817794799805,0.47691819071769714
2602,13.01,-0.05120398,-0.05850301,-0.057851452,-0.066563845,2600,13.0,13.000744104385376,0,0.5230817794799805,0.47691819071769714
2603,13.015,-0.058029424,-0.07284673,-0.07765627,-0.081833124,2600,13.0,13.000744104385376,0,0.5230817794799805,0.47691819071769714
2604,13.02,-0.04473259,-0.0627867,-0.07064001,-0.06595826,2604,13.02,13.026501178741455,0,0.6673654913902283,0.33263447880744934
2605,13.025,-0.024290942,-0.040349554,-0.047546353,-0.03211334,2604,13.02,13.026501178741455,0,0.6673654913902283,0.33263447880744934
2606,13.03,-0.009028168,-0.019400945,-0.023363555,-4.6190424e-05,2604,13.02,13.026501178741455,0,0.6673654913902283,0.33263447880744934
2607,13.035,-0.0023151336,-0.0061712475,-0.0067840745,0.01699628,2604,13.02,13.026501178741455,0,0.6673654913902283,0.33263447880744934
2608,13.04,0.0013699296,0.002482577,0.0033766439,0.019046234,2608,13.04,13.047505378723145,0,0.7500228881835938,0.24997711181640625
2609,13.045,0.009676603,0.013312566,0.013492565,0.016292708,2608,13.04,13.047505378723145,0,0.7500228881835938,0.24997711181640625
2610,13.05,0.024889011,0.028909763,0.027126146,0.019259,2608,13.04,13.047505378723145,0,0.7500228881835938,0.24997711181640625
2611,13.055,0.04132002,0.04427417,0.040681247,0.029977797,2608,13.04,13.047505378723145,0,0.7500228881835938,0.24997711181640625
2612,13.06,0.049230102,0.050305888,0.04613619,0.040828176,2612,13.06,13.060188293457031,0,0.8167247176170349,0.1832752823829651
2613,13.065,0.04207283,0.041167006,0.038083512,0.041479826,2612,13.06,13.060188293457031,0,0.8167247176170349,0.1832752823829651
2614,13.07,0.021470975,0.019353183,0.018729087,0.027800348,2612,13.06,13.060188293457031,0,0.8167247176170349,0.1832752823829651
2615,13.075,-0.0037033532,-0.0055667246,-0.0033067055,0.0053096567,2612,13.06,13.060188293457031,0,0.8167247176170349,0.1832752823829651
2616,13.08,-0.022955507,-0.023113783,-0.018849755,-0.015122149,2616,13.08,13.094238758087158,0,0.8638388514518738,0.13616116344928741
2617,13.085,-0.029893117,-0.027797813,-0.023497073,-0.0250194,2616,13.08,13.094238758087158,0,0.8638388514518738,0.13616116344928741
2618,13.09,-0.024332538,-0.020768711,-0.018662324,-0.02305481,2616,13.08,13.094238758087158,0,0.8638388514518738,0.13616116344928741
2619,13.095,-0.010794298,-0.0074568936,-0.008918081,-0.014010196,2616,13.08,13.094238758087158,0,0.8638388514518738,0.13616116344928741
2620,13.1,0.004143912,0.005797349,0.0011539615,-0.0043170825,2620,13.1,13.110984563827515,0,0.8692941665649414,0.13070577383041382
2621,13.105,0.013986385,0.013910259,0.008353407,0.0016180045,2620,13.1,13.110984563827515,0,0.8692941665649414,0.13070577383041382
2622,13.11,0.014317747,0.014126268,0.010807454,0.0023651726,2620,13.1,13.110984563827515,0,0.8692941665649414,0.13070577383041382
2623,13.115,0.00508352,0.0068956623,0.007993746,-0.0012041137,2620,13.1,13.110984563827515,0,0.8692941665649414,0.13070577383041382
2624,13.12,-0.008344192,-0.0037539026,0.0013829743,-0.006527271,2624,13.12,13.12610149383545,0,0.8852380514144897,0.11476194858551025
2625,13.125,-0.01750004,-0.011626022,-0.005317105,-0.009801385,2624,13.12,13.12610149383545,0,0.8852380514144897,0.11476194858551025
2626,13.13,-0.016144658,-0.0116985105,-0.0075504496,-0.007305538,2624,13.12,13.12610149383545,0,0.8852380514144897,0.11476194858551025
2627,13.135,-0.004708833,-0.0034137166,-0.0027517243,0.0022328212,2624,13.12,13.12610149383545,0,0.8852380514144897,0.11476194858551025
2628,13.14,0.009957927,0.008597765,0.0071967724,0.015706368,2628,13.14,13.141919374465942,0,0.8877196311950684,0.11228033900260925
2629,13.145,0.019273942,0.016982097,0.016023843,0.02603342,2628,13.14,13.141919374465942,0,0.8877196311950684,0.11228033900260925
2630,13.15,0.018024163,0.015619092,0.016308447,0.02545594,2628,13.14,13.141919374465942,0,0.8877196311950684,0.11228033900260925
2631,13.155,0.0063398564,0.0027821977,0.0042682183,0.01023642,2628,13.14,13.141919374465942,0,0.8877196311950684,0.11228033900260925
2632,13.16,-0.011472364,-0.017788298,-0.017018784,-0.01606849,2632,13.16,13.160229206085205,0,0.8888192176818848,0.11118078231811523
2633,13.165,-0.029127123,-0.038149178,-0.03846881,-0.043238904,2632,13.16,13.160229206085205,0,0.8888192176818848,0.11118078231811523
2634,13.17,-0.040343177,-0.04945164,-0.049809586,-0.05923513,2632,13.16,13.160229206085205,0,0.8888192176818848,0.11118078231811523
2635,13.175,-0.040797066,-0.04611611,-0.0453124,-0.056593046,2632,13.16,13.160229206085205,0,0.8888192176818848,0.11118078231811523
2636,13.18,-0.029791195,-0.028588805,-0.026515475,-0.036160618,2636,13.18,13.19384241104126,0,0.8900354504585266,0.109964519739151
2637,13.185,-0.010316703,-0.00263026,-0.00028838267,-0.0056543453,2636,13.18,13.19384241104126,0,0.8900354504585266,0.109964519739151
2638,13.19,0.012920873,0.024346445,0.02563905,0.025423652,2636,13.18,13.19384241104126,0,0.8900354504585266,0.109964519739151
2639,13.195,0.035634145,0.04665128,0.045760382,0.050155412,2636,13.18,13.19384241104126,0,0.8900354504585266,0.109964519739151
2640,13.2,0.053995747,0.060671274,0.05666749,0.06488257,2640,13.2,13.202343225479126,0,0.8901808857917786,0.10981914401054382
2641,13.205,0.063186705,0.06319044,0.05571513,0.06741317,2640,13.2,13.202343225479126,0,0.8901808857917786,0.10981914401054382
2642,13.21,0.057737507,0.051312335,0.041620377,0.056377012,2640,13.2,13.202343225479126,0,0.8901808857917786,0.10981914401054382
2643,13.215,0.035455354,0.0255948,0.017134713,0.03320291,2640,13.2,13.202343225479126,0,0.8901808857917786,0.10981914401054382
2644,13.22,0.0019737484,-0.00671625,-0.009660092,0.0041167373,2644,13.22,13.225144624710083,0,0.8810508847236633,0.11894908547401428
2645,13.225,-0.02956861,-0.033195347,-0.028496569,-0.021454912,2644,13.22,13.225144624710083,0,0.8810508847236633,0.11894908547401428
2646,13.23,-0.045728162,-0.04334385,-0.033192575,-0.036141988,2644,13.22,13.225144624710083,0,0.8810508847236633,0.11894908547401428
2647,13.235,-0.04202328,-0.036099408,-0.025961408,-0.039267574,2644,13.22,13.225144624710083,0,0.8810508847236633,0.11894908547401428
2648,13.24,-0.026171371,-0.020794136,-0.015608579,-0.036296733,2648,13.24,13.244410991668701,0,0.8826532959938049,0.11734674870967865
2649,13.245,-0.01161514,-0.00971143,-0.010553332,-0.033106267,2648,13.24,13.244410991668701,0,0.8826532959938049,0.11734674870967865
2650,13.25,-0.006488905,-0.008198435,-0.012339112,-0.030291203,2648,13.24,13.244410991668701,0,0.8826532959938049,0.11734674870967865
2651,13.255,-0.007982021,-0.011231843,-0.015238373,-0.023205996,2648,13.24,13.244410991668701,0,0.8826532959938049,0.11734674870967865
2652,13.26,-0.007314124,-0.009706146,-0.012326022,-0.008074535,2652,13.26,13.27525019645691,0,0.8900312781333923,0.10996869206428528
2653,13.265,-0.0001286077,-0.000310811,-0.0024414577,0.011816428,2652,13.26,13.27525019645691,0,0.8900312781333923,0.10996869206428528
2654,13.27,0.00847543,0.010853646,0.008521971,0.026550848,2652,13.26,13.27525019645691,0,0.8900312781333923,0.10996869206428528
2655,13.275,0.009541154,0.014519226,0.013228482,0.027165564,2652,13.26,13.27525019645691,0,0.8900312781333923,0.10996869206428528
2656,13.28,0.00054405635,0.007908527,0.009973751,0.013702857,2656,13.28,13.290373802185059,0,0.8900684714317322,0.10993155092000961
2657,13.285,-0.010606742,-0.0020412356,0.0043717553,-0.003864783,2656,13.28,13.290373802185059,0,0.8900684714317322,0.10993155092000961
2658,13.29,-0.012319964,-0.0050877836,0.004027245,-0.013034893,2656,13.28,13.290373802185059,0,0.8900684714317322,0.10993155092000961
2659,13.295,-0.00022311368,0.0026634862,0.01121941,-0.008205025,2656,13.28,13.290373802185059,0,0.8900684714317322,0.10993155092000961
2660,13.3,0.018449558,0.0151085155,0.020379348,0.0057356013,2660,13.3,13.3100106716156,0,0.8902124166488647,0.10978755354881287
2661,13.305,0.030972265,0.021600908,0.022641005,0.018118637,2660,13.3,13.3100106716156,0,0.8902124166488647,0.10978755354881287
2662,13.31,0.029640084,0.016088517,0.01336155,0.02090763,2660,13.3,13.3100106716156,0,0.8902124166488647,0.10978755354881287
2663,13.315,0.017088087,0.0017402807,-0.0039500585,0.013772301,2660,13.3,13.3100106716156,0,0.8902124166488647,0.10978755354881287
2664,13.32,0.0026046785,-0.012240989,-0.020342864,0.0026115577,2664,13.32,13.32863712310791,0,0.8843817710876465,0.1156182512640953
2665,13.325,-0.0059417696,-0.017881857,-0.027897695,-0.0058494247,2664,13.32,13.32863712310791,0,0.8843817710876465,0.1156182512640953
2666,13.33,-0.007208817,-0.013563952,-0.024458677,-0.00845546,2664,13.32,13.32863712310791,0,0.8843817710876465,0.1156182512640953
2667,13.335,-0.0055005574,-0.00399233,-0.013673687,-0.006432011,2664,13.32,13.32863712310791,0,0.8843817710876465,0.1156182512640953
2668,13.34,-0.0063537164,0.003676215,-0.0016308955,-0.003390167,2668,13.34,13.340193510055542,0,0.8882776498794556,0.11172232031822205
2669,13.345,-0.012342215,0.004597513,0.006854033,-0.0024799306,2668,13.34,13.340193510055542,0,0.8882776498794556,0.11172232031822205
2670,13.35,-0.021036504,-0.00062908797,0.010192883,-0.004259076,2668,13.34,13.340193510055542,0,0.8882776498794556,0.11172232031822205
2671,13.355,-0.025921103,-0.0064175827,0.009601443,-0.006565346,2668,13.34,13.340193510055542,0,0.8882776498794556,0.11172232031822205
2672,13.36,-0.020728493,-0.006727472,0.0069111316,-0.0068670977,2672,13.36,13.360077142715454,0,0.8897751569747925,0.11022485047578812
2673,13.365,-0.0053615253,-0.0007441497,0.0025718785,-0.0052478584,2672,13.36,13.360077142715454,0,0.8897751569747925,0.11022485047578812
2674,13.37,0.011758372,0.005707038,-0.0038942427,-0.004571754,2672,13.36,13.360077142715454,0,0.8897751569747925,0.11022485047578812
2675,13.375,0.019149266,0.0056123785,-0.011070427,-0.0067051826,2672,13.36,13.360077142715454,0,0.8897751569747925,0.11022485047578812
2676,13.38,0.012592605,-0.0013490573,-0.013863218,-0.008547418,2676,13.38,13.393857479095459,0,0.8908540606498718,0.10914593935012817
2677,13.385,0.0006079178,-0.0068202736,-0.0062291385,-0.0032239615,2676,13.38,13.393857479095459,0,0.8908540606498718,0.10914593935012817
2678,13.39,-0.0021052696,-0.0012140283,0.012638787,0.012975555,2676,13.38,13.393857479095459,0,0.8908540606498718,0.10914593935012817
2679,13.395,0.011110939,0.01564661,0.03444005,0.034110647,2676,13.38,13.393857479095459,0,0.8908540606498718,0.10914593935012817
2680,13.4,0.030490924,0.03155122,0.045306075,0.045961313,2680,13.4,13.409974336624146,0,0.8906727433204651,0.10932724177837372
2681,13.405,0.03670608,0.03100166,0.03539132,0.035991143,2680,13.4,13.409974336624146,0,0.8906727433204651,0.10932724177837372
2682,13.41,0.017793812,0.008886455,0.00689549,0.004105847,2680,13.4,13.409974336624146,0,0.8906727433204651,0.10932724177837372
2683,13.415,-0.019317966,-0.023967572,-0.02663828,-0.035367772,2680,13.4,13.409974336624146,0,0.8906727433204651,0.10932724177837372
2684,13.42,-0.053241957,-0.048676793,-0.049499586,-0.06275888,2684,13.42,13.420283794403076,0,0.8757434487342834,0.12425653636455536
2685,13.425,-0.06405872,-0.052307602,-0.05379085,-0.06582642,2684,13.42,13.420283794403076,0,0.8757434487342834,0.12425653636455536
2686,13.43,-0.046596266,-0.035708785,-0.042348906,-0.046094704,2684,13.42,13.420283794403076,0,0.8757434487342834,0.12425653636455536
2687,13.435,-0.011275709,-0.009883587,-0.023703411,-0.015001571,2684,13.42,13.420283794403076,0,0.8757434487342834,0.12425653636455536
2688,13.44,0.025175665,0.013596836,-0.0049994276,0.015048014,2688,13.44,13.444742441177368,0,0.8895424604415894,0.11045746505260468
2689,13.445,0.049653802,0.02897009,0.010939401,0.036744338,2688,13.44,13.444742441177368,0,0.8895424604415894,0.11045746505260468
2690,13.45,0.056629937,0.035738673,0.023618901,0.04779547,2688,13.44,13.444742441177368,0,0.8895424604415894,0.11045746505260468
2691,13.455,0.046842046,0.034826744,0.031914756,0.04793701,2688,13.44,13.444742441177368,0,0.8895424604415894,0.11045746505260468
2692,13.46,0.02508528,0.026841646,0.03384474,0.037884593,2692,13.46,13.470012426376343,0,0.8902191519737244,0.10978089272975922
2693,13.465,-0.00077696296,0.013690002,0.02888654,0.02106891,2692,13.46,13.470012426376343,0,0.8902191519737244,0.10978089272975922
2694,13.47,-0.021240681,0.0001862532,0.019696316,0.004502425,2692,13.46,13.470012426376343,0,0.8902191519737244,0.10978089272975922
2695,13.475,-0.028949577,-0.0077494252,0.010861971,-0.0044776024,2692,13.46,13.470012426376343,0,0.8902191519737244,0.10978089272975922
2696,13.48,-0.023185223,-0.007416589,0.0056450586,-0.0037897201,2696,13.48,13.492480993270874,0,0.8897410035133362,0.11025896668434143
2697,13.485,-0.010606021,-0.0016727712,0.0039096004,0.0011902441,2696,13.48,13.492480993270874,0,0.8897410035133362,0.11025896668434143
2698,13.49,-0.00014623207,0.003704625,0.0031997678,0.0021153546,2696,13.48,13.492480993270874,0,0.8897410035133362,0.11025896668434143
2699,13.495,0.0040091984,0.005204359,0.0015272759,-0.004760391,2696,13.48,13.492480993270874,0,0.8897410035133362,0.11025896668434143
2700,13.5,0.004542641,0.0037500733,-0.0013293468,-0.015412705,2700,13.5,13.500800848007202,0,0.8903904557228088,0.10960954427719116
2701,13.505,0.0058771498,0.0015291369,-0.0052398527,-0.02269297,2700,13.5,13.500800848007202,0,0.8903904557228088,0.10960954427719116
2702,13.51,0.007267559,-0.002573371,-0.01163483,-0.024052536,2700,13.5,13.500800848007202,0,0.8903904557228088,0.10960954427719116
2703,13.515,0.0019945768,-0.0130352145,-0.022906978,-0.024216896,2700,13.5,13.500800848007202,0,0.8903904557228088,0.10960954427719116
2704,13.52,-0.015640873,-0.03228975,-0.039190818,-0.029851967,2704,13.52,13.520292520523071,0,0.8896079659461975,0.11039207875728607
2705,13.525,-0.042256683,-0.055288132,-0.05569653,-0.041507494,2704,13.52,13.520292520523071,0,0.8896079659461975,0.11039207875728607
2706,13.53,-0.06463549,-0.07017386,-0.06377152,-0.05090714,2704,13.52,13.520292520523071,0,0.8896079659461975,0.11039207875728607
2707,13.535,-0.067763515,-0.06544477,-0.055617753,-0.046498448,2704,13.52,13.520292520523071,0,0.8896079659461975,0.11039207875728607
2708,13.54,-0.044945575,-0.037826084,-0.029378733,-0.022535454,2708,13.54,13.544587850570679,0,0.8885502815246582,0.11144965142011642
2709,13.545,-0.0018900485,0.005405441,0.009034882,0.015934233,2708,13.54,13.544587850570679,0,0.8885502815246582,0.11144965142011642
2710,13.55,0.04727224,0.05075758,0.04850615,0.055852134,2708,13.54,13.544587850570679,0,0.8885502815246582,0.11144965142011642
2711,13.555,0.087310135,0.08523099,0.07770074,0.08375887,2708,13.54,13.544587850570679,0,0.8885502815246582,0.11144965142011642
2712,13.56,0.106924556,0.10046729,0.08929104,0.092072934,2712,13.56,13.571037769317627,0,0.8903779983520508,0.10962198674678802
2713,13.565,0.10041822,0.09336448,0.081579864,0.08042604,2712,13.56,13.571037769317627,0,0.8903779983520508,0.10962198674678802
2714,13.57,0.06872149,0.06586093,0.058045916,0.0534635,2712,13.56,13.571037769317627,0,0.8903779983520508,0.10962198674678802
2715,13.575,0.020969396,0.025698317,0.026161702,0.018637536,2712,13.56,13.571037769317627,0,0.8903779983520508,0.10962198674678802
2716,13.58,-0.026352605,-0.013976941,-0.004419387,-0.014855856,2716,13.58,13.591114282608032,0,0.882460355758667,0.11753960698843002
2717,13.585,-0.05589981,-0.039412647,-0.025150394,-0.037864093,2716,13.58,13.591114282608032,0,0.882460355758667,0.11753960698843002
2718,13.59,-0.05923005,-0.044184115,-0.03268824,-0.04500758,2716,13.58,13.591114282608032,0,0.882460355758667,0.11753960698843002
2719,13.595,-0.04228574,-0.03383165,-0.03081483,-0.038116097,2716,13.58,13.591114282608032,0,0.882460355758667,0.11753960698843002
2720,13.6,-0.02119117,-0.022006525,-0.027713414,-0.025718711,2720,13.6,13.610282897949219,0,0.8848598003387451,0.11514022201299667
2721,13.605,-0.011140832,-0.020409344,-0.029957863,-0.017899795,2720,13.6,13.610282897949219,0,0.8848598003387451,0.11514022201299667
2722,13.61,-0.01698214,-0.030668918,-0.037785027,-0.020038962,2720,13.6,13.610282897949219,0,0.8848598003387451,0.11514022201299667
2723,13.615,-0.03195718,-0.0443732,-0.045273136,-0.029907646,2720,13.6,13.610282897949219,0,0.8848598003387451,0.11514022201299667
2724,13.62,-0.04395091,-0.05017819,-0.044955958,-0.039710652,2724,13.62,13.628250122070312,0,0.8882871270179749,0.11171290278434753
2725,13.625,-0.043516558,-0.041667916,-0.033122428,-0.04108561,2724,13.62,13.628250122070312,0,0.8882871270179749,0.11171290278434753
2726,13.63,-0.02835244,-0.020455167,-0.012080792,-0.029688064,2724,13.62,13.628250122070312,0,0.8882871270179749,0.11171290278434753
2727,13.635,-0.0028291373,0.0062394966,0.0116486875,-0.0070808604,2724,13.62,13.628250122070312,0,0.8882871270179749,0.11171290278434753
2728,13.64,0.025278803,0.030283796,0.031245435,0.020283036,2728,13.64,13.64272928237915,0,0.8899292349815369,0.11007078737020493
2729,13.645,0.04793012,0.045897126,0.04249597,0.043757934,2728,13.64,13.64272928237915,0,0.8899292349815369,0.11007078737020493
2730,13.65,0.058694374,0.05030455,0.04409968,0.05557155,2728,13.64,13.64272928237915,0,0.8899292349815369,0.11007078737020493
2731,13.655,0.054257207,0.043281045,0.036525674,0.051648475,2728,13.64,13.64272928237915,0,0.8899292349815369,0.11007078737020493
2732,13.66,0.03624347,0.027298868,0.021703891,0.033759106,2732,13.66,13.669279098510742,0,0.8894616365432739,0.11053834110498428
2733,13.665,0.011955995,0.007923107,0.0039794073,0.009820123,2732,13.66,13.669279098510742,0,0.8894616365432739,0.11053834110498428
2734,13.67,-0.008137232,-0.0073455265,-0.009841012,-0.009029883,2732,13.66,13.669279098510742,0,0.8894616365432739,0.11053834110498428
2735,13.675,-0.015754728,-0.012276177,-0.013281913,-0.0140711535,2732,13.66,13.669279098510742,0,0.8894616365432739,0.11053834110498428
2736,13.68,-0.00926746,-0.0051627187,-0.0044643185,-0.004036676,2736,13.68,13.690282106399536,0,0.8868533372879028,0.11314667761325836
2737,13.685,0.0061220075,0.010266043,0.011922796,0.01419825,2736,13.68,13.690282106399536,0,0.8868533372879028,0.11314667761325836
2738,13.69,0.021888096,0.026510736,0.026996452,0.029754786,2736,13.68,13.690282106399536,0,0.8868533372879028,0.11314667761325836
2739,13.695,0.029894296,0.034983877,0.032458447,0.033385143,2736,13.68,13.690282106399536,0,0.8868533372879028,0.11314667761325836
2740,13.7,0.024304697,0.02871747,0.024146924,0.020915058,2740,13.7,13.717449188232422,0,0.8899884223937988,0.11001161485910416
2741,13.705,0.0028754352,0.0052757,0.0028356814,-0.0061765136,2740,13.7,13.717449188232422,0,0.8899884223937988,0.11001161485910416
2742,13.71,-0.030985769,-0.03063869,-0.026487794,-0.04132498,2740,13.7,13.717449188232422,0,0.8899884223937988,0.11001161485910416
2743,13.715,-0.0669168,-0.06710352,-0.055544823,-0.073758386,2740,13.7,13.717449188232422,0,0.8899884223937988,0.11001161485910416
2744,13.72,-0.09017618,-0.089268476,-0.07440808,-0.090970695,2744,13.72,13.726692914962769,0,0.8830562829971313,0.11694373190402985
2745,13.725,-0.088589005,-0.08662862,-0.07486489,-0.08374396,2744,13.72,13.726692914962769,0,0.8830562829971313,0.11694373190402985
2746,13.73,-0.059890665,-0.05879729,-0.0545088,-0.051607158,2744,13.72,13.726692914962769,0,0.8830562829971313,0.11694373190402985
2747,13.735,-0.013948938,-0.015713481,-0.018671049,-0.004493957,2744,13.72,13.726692914962769,0,0.8830562829971313,0.11694373190402985
2748,13.74,0.032371134,0.027880112,0.02169992,0.041669272,2748,13.74,13.740160703659058,0,0.8897143602371216,0.11028563976287842
2749,13.745,0.06443824,0.05978303,0.05490591,0.07294996,2748,13.74,13.740160703659058,0,0.8897143602371216,0.11028563976287842
2750,13.75,0.07678593,0.07472747,0.07281099,0.08347608,2748,13.74,13.740160703659058,0,0.8897143602371216,0.11028563976287842
2751,13.755,0.07323057,0.07383836,0.072467536,0.07581664,2748,13.74,13.740160703659058,0,0.8897143602371216,0.11028563976287842
2752,13.76,0.061079267,0.061055053,0.055583213,0.056632902,2752,13.76,13.775132417678833,0,0.8886763453483582,0.11132364720106125
2753,13.765,0.04479801,0.04010722,0.027491972,0.03186683,2752,13.76,13.775132417678833,0,0.8886763453483582,0.11132364720106125
2754,13.77,0.02434563,0.014166803,-0.0037892028,0.005066767,2752,13.76,13.775132417678833,0,0.8886763453483582,0.11132364720106125
2755,13.775,-0.0011059246,-0.012610594,-0.029182844,-0.020946348,2752,13.76,13.775132417678833,0,0.8886763453483582,0.11132364720106125
2756,13.78,-0.028227272,-0.034222964,-0.0414042,-0.041847136,2756,13.78,13.792901277542114,0,0.881897509098053,0.11810251325368881
2757,13.785,-0.04867772,-0.044548444,-0.0381199,-0.05207881,2756,13.78,13.792901277542114,0,0.881897509098053,0.11810251325368881
2758,13.79,-0.054041926,-0.041041333,-0.023403168,-0.048195954,2756,13.78,13.792901277542114,0,0.881897509098053,0.11810251325368881
2759,13.795,-0.042759582,-0.027362302,-0.0059685833,-0.032513823,2756,13.78,13.792901277542114,0,0.881897509098053,0.11810251325368881
2760,13.8,-0.022659158,-0.011913134,0.005403198,-0.013160287,2760,13.8,13.810169219970703,0,0.8876998424530029,0.11230015009641647
2761,13.805,-0.005888682,-0.0023999803,0.006720561,0.00069117954,2760,13.8,13.810169219970703,0,0.8876998424530029,0.11230015009641647
2762,13.81,0.00015410065,-0.00049739005,0.0007240425,0.0050656423,2760,13.8,13.810169219970703,0,0.8876998424530029,0.11230015009641647
2763,13.815,-0.001941608,-0.0013777522,-0.0055512744,0.003573334,2760,13.8,13.810169219970703,0,0.8876998424530029,0.11230015009641647
2764,13.82,-0.0030368392,0.0012090573,-0.0059015965,0.003673729,2764,13.82,13.828032493591309,0,0.8888406753540039,0.1111593171954155
2765,13.825,0.0035667818,0.008900302,0.0009727831,0.010037056,2764,13.82,13.828032493591309,0,0.8888406753540039,0.1111593171954155
2766,13.83,0.01589575,0.017289458,0.011185222,0.020722182,2764,13.82,13.828032493591309,0,0.8888406753540039,0.1111593171954155
2767,13.835,0.025290882,0.020074224,0.018717572,0.029026112,2764,13.82,13.828032493591309,0,0.8888406753540039,0.1111593171954155
2768,13.84,0.024236921,0.014495376,0.019071756,0.028819399,2768,13.84,13.843458414077759,0,0.8897662162780762,0.110233835875988
2769,13.845,0.01281145,0.0033082669,0.011345435,0.018917758,2768,13.84,13.843458414077759,0,0.8897662162780762,0.110233835875988
2770,13.85,-0.0013089404,-0.007452636,-0.0014714834,0.003802528,2768,13.84,13.843458414077759,0,0.8897662162780762,0.110233835875988
2771,13.855,-0.00854527,-0.01223987,-0.013526432,-0.00909026,2768,13.84,13.843458414077759,0,0.8897662162780762,0.110233835875988
2772,13.86,-0.004250887,-0.008862665,-0.01871087,-0.0138196675,2772,13.86,13.870558261871338,0,0.8873512744903564,0.11264872550964355
2773,13.865,0.0078074974,0.00018671027,-0.01462345,-0.010004984,2772,13.86,13.870558261871338,0,0.8873512744903564,0.11264872550964355
2774,13.87,0.017417464,0.008289666,-0.005341734,-0.003972147,2772,13.86,13.870558261871338,0,0.8873512744903564,0.11264872550964355
2775,13.875,0.014351702,0.007881287,0.00046316488,-0.005109083,2772,13.86,13.870558261871338,0,0.8873512744903564,0.11264872550964355
2776,13.88,-0.0045205513,-0.0044368147,-0.0038537055,-0.018671358,2776,13.88,13.890221357345581,0,0.8906140923500061,0.1093859001994133
2777,13.885,-0.032137208,-0.02418374,-0.01662021,-0.040055566,2776,13.88,13.890221357345581,0,0.8906140923500061,0.1093859001994133
2778,13.89,-0.054504625,-0.040252693,-0.027857635,-0.055807177,2776,13.88,13.890221357345581,0,0.8906140923500061,0.1093859001994133
2779,13.895,-0.058309264,-0.041102167,-0.026275218,-0.05180869,2776,13.88,13.890221357345581,0,0.8906140923500061,0.1093859001994133
2780,13.9,-0.03807184,-0.021747345,-0.0075804247,-0.023063438,2780,13.9,13.910192966461182,0,0.8901594281196594,0.10984058678150177
2781,13.905,0.0010241442,0.013045539,0.022434542,0.022077303,2780,13.9,13.910192966461182,0,0.8901594281196594,0.10984058678150177
2782,13.91,0.045253318,0.050711125,0.051490255,0.066008404,2780,13.9,13.910192966461182,0,0.8901594281196594,0.10984058678150177
2783,13.915,0.07765676,0.07609233,0.06729069,0.09093666,2780,13.9,13.910192966461182,0,0.8901594281196594,0.10984058678150177
2784,13.92,0.0845674,0.07748223,0.0625854,0.087095164,2784,13.92,13.928233861923218,0,0.8904651403427124,0.1095348671078682
2785,13.925,0.061800458,0.052009292,0.037644338,0.05645422,2784,13.92,13.928233861923218,0,0.8904651403427124,0.1095348671078682
2786,13.93,0.018200759,0.008608267,0.0007571217,0.011569387,2784,13.92,13.928233861923218,0,0.8904651403427124,0.1095348671078682
2787,13.935,-0.026695658,-0.034259524,-0.033847302,-0.029482547,2784,13.92,13.928233861923218,0,0.8904651403427124,0.1095348671078682
2788,13.94,-0.052158333,-0.057475902,-0.05198409,-0.050948743,2788,13.94,13.940241575241089,0,0.8694137334823608,0.13058626651763916
2789,13.945,-0.048668593,-0.052821,-0.04772573,-0.047405284,2788,13.94,13.940241575241089,0,0.8694137334823608,0.13058626651763916
2790,13.95,-0.02448661,-0.028846517,-0.028014561,-0.02714609,2788,13.94,13.940241575241089,0,0.8694137334823608,0.13058626651763916
2791,13.955,-7.2310584e-05,-0.0051227636,-0.008490273,-0.0071622683,2788,13.94,13.940241575241089,0,0.8694137334823608,0.13058626651763916
2792,13.96,0.0066559035,0.0019402112,-0.002284887,-0.0016605349,2792,13.96,13.97440505027771,0,0.8885721564292908,0.11142789572477341
2793,13.965,-0.0070080794,-0.009308153,-0.010508469,-0.012231907,2792,13.96,13.97440505027771,0,0.8885721564292908,0.11142789572477341
2794,13.97,-0.028097069,-0.026146498,-0.022514798,-0.027696734,2792,13.96,13.97440505027771,0,0.8885721564292908,0.11142789572477341
2795,13.975,-0.039648276,-0.033067506,-0.025604576,-0.033965748,2792,13.96,13.97440505027771,0,0.8885721564292908,0.11142789572477341
2796,13.98,-0.034198098,-0.024274006,-0.015526081,-0.025508178,2796,13.98,13.998131275177002,0,0.890335738658905,0.10966426134109497
2797,13.985,-0.017718075,-0.006602917,0.0011936681,-0.008576393,2796,13.98,13.998131275177002,0,0.890335738658905,0.10966426134109497
2798,13.99,-0.0015690458,0.008635725,0.014384636,0.0060670064,2796,13.98,13.998131275177002,0,0.890335738658905,0.10966426134109497
2799,13.995,0.009109585,0.016563397,0.019713564,0.013493355,2796,13.98,13.998131275177002,0,0.890335738658905,0.10966426134109497
2800,14.0,0.019203752,0.02204062,0.021670762,0.017992875,2800,14.0,14.00999927520752,0,0.8906438946723938,0.10935604572296143
2801,14.005,0.03599796,0.03253886,0.027501743,0.02651639,2800,14.0,14.00999927520752,0,0.8906438946723938,0.10935604572296143
2802,14.01,0.0579331,0.04787531,0.038106352,0.039153643,2800,14.0,14.00999927520752,0,0.8906438946723938,0.10935604572296143
2803,14.015,0.0717154,0.05739895,0.045029372,0.04672509,2800,14.0,14.00999927520752,0,0.8906438946723938,0.10935604572296143
2804,14.02,0.06206531,0.048289802,0.03718695,0.03857816,2804,14.02,14.020161151885986,0,0.887398362159729,0.1126016303896904
2805,14.025,0.025953468,0.017885128,0.0117246425,0.013444168,2804,14.02,14.020161151885986,0,0.887398362159729,0.1126016303896904
2806,14.03,-0.021807207,-0.02129903,-0.020940509,-0.017087191,2804,14.02,14.020161151885986,0,0.887398362159729,0.1126016303896904
2807,14.035,-0.057270464,-0.04887065,-0.043037914,-0.036107834,2804,14.02,14.020161151885986,0,0.887398362159729,0.1126016303896904
2808,14.04,-0.06344027,-0.05048866,-0.041936863,-0.03355139,2808,14.04,14.039953231811523,0,0.870543360710144,0.12945662438869476
2809,14.045,-0.04094308,-0.027448583,-0.019265454,-0.012909227,2808,14.04,14.039953231811523,0,0.870543360710144,0.12945662438869476
2810,14.05,-0.00587865,0.004874777,0.010273348,0.01217431,2808,14.04,14.039953231811523,0,0.870543360710144,0.12945662438869476
2811,14.055,0.021968355,0.027580142,0.028945986,0.027545488,2808,14.04,14.039953231811523,0,0.870543360710144,0.12945662438869476
2812,14.06,0.030906547,0.029584898,0.02704811,0.026542924,2812,14.06,14.060724020004272,0,0.8885354399681091,0.11146453022956848
2813,14.065,0.021319138,0.012331065,0.007407606,0.011441413,2812,14.06,14.060724020004272,0,0.8885354399681091,0.11146453022956848
2814,14.07,0.0013246874,-0.013744567,-0.018494977,-0.010501734,2812,14.06,14.060724020004272,0,0.8885354399681091,0.11146453022956848
2815,14.075,-0.02014637,-0.03665814,-0.03853405,-0.03165201,2812,14.06,14.060724020004272,0,0.8885354399681091,0.11146453022956848
2816,14.08,-0.036763765,-0.048353326,-0.04596915,-0.04587835,2816,14.08,14.090178489685059,0,0.890371561050415,0.10962841659784317
2817,14.085,-0.043848686,-0.045764618,-0.04042674,-0.04841686,2816,14.08,14.090178489685059,0,0.890371561050415,0.10962841659784317
2818,14.09,-0.037403584,-0.02967106,-0.025374955,-0.036668424,2816,14.08,14.090178489685059,0,0.890371561050415,0.10962841659784317
2819,14.095,-0.01674424,-0.0044655115,-0.005639306,-0.012886288,2816,14.08,14.090178489685059,0,0.890371561050415,0.10962841659784317
2820,14.1,0.011516618,0.021366684,0.013333634,0.014103805,2820,14.1,14.100571632385254,0,0.890396237373352,0.10960377007722855
2821,14.105,0.03410074,0.03710833,0.025753004,0.031801455,2820,14.1,14.100571632385254,0,0.890396237373352,0.10960377007722855
2822,14.11,0.038537253,0.03521914,0.027221408,0.031284366,2820,14.1,14.100571632385254,0,0.890396237373352,0.10960377007722855
2823,14.115,0.022246415,0.016910339,0.017674182,0.013765454,2820,14.1,14.100571632385254,0,0.890396237373352,0.10960377007722855
2824,14.12,-0.0046214913,-0.0071363677,0.0030143326,-0.0090520885,2824,14.12,14.126260042190552,0,0.8853574991226196,0.11464256793260574
2825,14.125,-0.025258275,-0.022383356,-0.0068585407,-0.021729056,2824,14.12,14.126260042190552,0,0.8853574991226196,0.11464256793260574
2826,14.13,-0.0264852,-0.01879886,-0.003407003,-0.01448401,2824,14.12,14.126260042190552,0,0.8853574991226196,0.11464256793260574
2827,14.135,-0.0060220296,0.0034931772,0.01482753,0.010945655,2824,14.12,14.126260042190552,0,0.8853574991226196,0.11464256793260574
2828,14.14,0.027164347,0.03451459,0.040175296,0.042474158,2828,14.14,14.14595913887024,0,0.8867804408073425,0.11321953684091568
2829,14.145,0.058276206,0.060014516,0.05953965,0.06477111,2828,14.14,14.14595913887024,0,0.8867804408073425,0.11321953684091568
2830,14.15,0.07388018,0.06868744,0.061855197,0.06764153,2828,14.14,14.14595913887024,0,0.8867804408073425,0.11321953684091568
2831,14.155,0.0671574,0.056833845,0.044169527,0.050492223,2828,14.14,14.14595913887024,0,0.8867804408073425,0.11321953684091568
2832,14.16,0.039510466,0.028370779,0.012168797,0.020596784,2832,14.16,14.17729640007019,0,0.888540506362915,0.11145950108766556
2833,14.165,-0.0010944299,-0.008586458,-0.024391335,-0.012624483,2832,14.16,14.17729640007019,0,0.888540506362915,0.11145950108766556
2834,14.17,-0.043577265,-0.045443647,-0.056924436,-0.04246859,2832,14.16,14.17729640007019,0,0.888540506362915,0.11145950108766556
2835,14.175,-0.07740133,-0.07496126,-0.08003429,-0.06566338,2832,14.16,14.17729640007019,0,0.888540506362915,0.11145950108766556
2836,14.18,-0.09518126,-0.09143739,-0.09041174,-0.079875536,2836,14.18,14.19031023979187,0,0.8864800333976746,0.11352002620697021
2837,14.185,-0.093594655,-0.090815894,-0.085579135,-0.081773534,2836,14.18,14.19031023979187,0,0.8864800333976746,0.11352002620697021
2838,14.19,-0.07299875,-0.071670845,-0.064568885,-0.06820946,2836,14.18,14.19031023979187,0,0.8864800333976746,0.11352002620697021
2839,14.195,-0.037033696,-0.036647182,-0.02979668,-0.039458208,2836,14.18,14.19031023979187,0,0.8864800333976746,0.11352002620697021
2840,14.2,0.0070501654,0.006828701,0.011991765,-0.0012669249,2840,14.2,14.210365533828735,0,0.8871702551841736,0.11282971501350403
2841,14.205,0.048486017,0.04768135,0.05088209,0.036358982,2840,14.2,14.210365533828735,0,0.8871702551841736,0.11282971501350403
2842,14.21,0.07556309,0.07454952,0.076731995,0.06291118,2840,14.2,14.210365533828735,0,0.8871702551841736,0.11282971501350403
2843,14.215,0.08075337,0.08040739,0.082867354,0.07143393,2840,14.2,14.210365533828735,0,0.8871702551841736,0.11282971501350403
2844,14.22,0.06514146,0.0660176,0.069192946,0.06112758,2844,14.22,14.227193832397461,0,0.8886792659759521,0.11132068932056427
2845,14.225,0.03813721,0.03966648,0.042912286,0.03772499,2844,14.22,14.227193832397461,0,0.8886792659759521,0.11132068932056427
2846,14.23,0.011865817,0.012738671,0.015450845,0.011304596,2844,14.22,14.227193832397461,0,0.8886792659759521,0.11132068932056427
2847,14.235,-0.005778956,-0.006219185,-0.0034920066,-0.0081083635,2844,14.22,14.227193832397461,0,0.8886792659759521,0.11132068932056427
2848,14.24,-0.014227295,-0.01496135,-0.011009604,-0.015222893,2848,14.24,14.242401123046875,0,0.8723777532577515,0.12762229144573212
2849,14.245,-0.017673384,-0.016487291,-0.011313715,-0.011484221,2848,14.24,14.242401123046875,0,0.8723777532577515,0.12762229144573212
2850,14.25,-0.01981127,-0.015078244,-0.01111698,-0.002910614,2848,14.24,14.242401123046875,0,0.8723777532577515,0.12762229144573212
2851,14.255,-0.020664832,-0.013091937,-0.014110115,0.0044053462,2848,14.24,14.242401123046875,0,0.8723777532577515,0.12762229144573212
2852,14.26,-0.017945975,-0.010849584,-0.019123271,0.0074171643,2852,14.26,14.27015233039856,0,0.8873645067214966,0.1126355305314064
2853,14.265,-0.011150101,-0.008735015,-0.022848725,0.0058270684,2852,14.26,14.27015233039856,0,0.8873645067214966,0.1126355305314064
2854,14.27,-0.004122808,-0.00864908,-0.02378529,-0.0001422998,2852,14.26,14.27015233039856,0,0.8873645067214966,0.1126355305314064
2855,14.275,-0.0030598547,-0.012859967,-0.023362689,-0.010728239,2852,14.26,14.27015233039856,0,0.8873645067214966,0.1126355305314064
2856,14.28,-0.010937663,-0.021033209,-0.02338745,-0.02498167,2856,14.28,14.291273593902588,0,0.8896818161010742,0.11031816154718399
2857,14.285,-0.023144169,-0.028412877,-0.022803245,-0.038479116,2856,14.28,14.291273593902588,0,0.8896818161010742,0.11031816154718399
2858,14.29,-0.02916375,-0.027810253,-0.017629456,-0.043837532,2856,14.28,14.291273593902588,0,0.8896818161010742,0.11031816154718399
2859,14.295,-0.020477917,-0.0150178615,-0.0049183397,-0.03526858,2856,14.28,14.291273593902588,0,0.8896818161010742,0.11031816154718399
2860,14.3,0.0013242704,0.006364694,0.012688436,-0.014177694,2860,14.3,14.3023042678833,0,0.8902115821838379,0.1097884476184845
2861,14.305,0.023907362,0.025468694,0.026629146,0.00947014,2860,14.3,14.3023042678833,0,0.8902115821838379,0.1097884476184845
2862,14.31,0.032987926,0.031048087,0.027872937,0.022736784,2860,14.3,14.3023042678833,0,0.8902115821838379,0.1097884476184845
2863,14.315,0.023826621,0.020031556,0.014349031,0.019006504,2860,14.3,14.3023042678833,0,0.8902115821838379,0.1097884476184845
2864,14.32,0.005409961,0.0007414557,-0.0058884337,0.0036869696,2864,14.32,14.327199220657349,0,0.8869937062263489,0.11300632357597351
2865,14.325,-0.006648352,-0.012406126,-0.018949954,-0.008868015,2864,14.32,14.327199220657349,0,0.8869937062263489,0.11300632357597351
2866,14.33,-0.0025015033,-0.009004668,-0.01411393,-0.0054730657,2864,14.32,14.327199220657349,0,0.8869937062263489,0.11300632357597351
2867,14.335,0.014665318,0.010052331,0.008797971,0.01618266,2864,14.32,14.327199220657349,0,0.8869937062263489,0.11300632357597351
2868,14.34,0.031947564,0.033309482,0.03859788,0.045340672,2868,14.34,14.344125032424927,0,0.8874527215957642,0.11254721879959106
2869,14.345,0.036894523,0.046455696,0.058786385,0.064887196,2868,14.34,14.344125032424927,0,0.8874527215957642,0.11254721879959106
2870,14.35,0.025945598,0.041189443,0.056754123,0.062154297,2868,14.34,14.344125032424927,0,0.8874527215957642,0.11254721879959106
2871,14.355,0.0053382996,0.019517781,0.0310229,0.03665782,2868,14.34,14.344125032424927,0,0.8874527215957642,0.11254721879959106
2872,14.36,-0.014612786,-0.00838961,-0.0074121933,0.00010458728,2872,14.36,14.375361204147339,0,0.8882904052734375,0.11170955747365952
2873,14.365,-0.026478266,-0.030529344,-0.040732868,-0.030917617,2872,14.36,14.375361204147339,0,0.8882904052734375,0.11170955747365952
2874,14.37,-0.029009055,-0.039444976,-0.054296535,-0.044716056,2872,14.36,14.375361204147339,0,0.8882904052734375,0.11170955747365952
2875,14.375,-0.025628004,-0.03524541,-0.045196224,-0.040566348,2872,14.36,14.375361204147339,0,0.8882904052734375,0.11170955747365952
2876,14.38,-0.020551573,-0.02409066,-0.023512047,-0.027447028,2876,14.38,14.392310619354248,0,0.8895858526229858,0.11041413992643356
2877,14.385,-0.015927115,-0.0135195535,-0.0048040436,-0.016740853,2876,14.38,14.392310619354248,0,0.8895858526229858,0.11041413992643356
2878,14.39,-0.01166356,-0.007747165,0.0009765949,-0.0143629685,2876,14.38,14.392310619354248,0,0.8895858526229858,0.11041413992643356
2879,14.395,-0.007148869,-0.006005819,-0.0043520834,-0.01801594,2876,14.38,14.392310619354248,0,0.8895858526229858,0.11041413992643356
2880,14.4,-0.0028610507,-0.0048102546,-0.010721182,-0.021085335,2880,14.4,14.410140752792358,0,0.8902390599250793,0.10976095497608185
2881,14.405,-0.0005159264,-0.0019661896,-0.009526598,-0.019260349,2880,14.4,14.410140752792358,0,0.8902390599250793,0.10976095497608185
2882,14.41,-0.001768351,0.0012821327,-0.0008576913,-0.013953498,2880,14.4,14.410140752792358,0,0.8902390599250793,0.10976095497608185
2883,14.415,-0.0064357165,0.0018318947,0.0076680407,-0.0098628355,2880,14.4,14.410140752792358,0,0.8902390599250793,0.10976095497608185
2884,14.42,-0.011540519,-0.0016267631,0.008515115,-0.009520852,2884,14.42,14.427541017532349,0,0.8892831802368164,0.11071683466434479
2885,14.425,-0.012264585,-0.006527942,0.0010310555,-0.010229117,2884,14.42,14.427541017532349,0,0.8892831802368164,0.11071683466434479
2886,14.43,-0.0048177172,-0.007994594,-0.008131637,-0.006152568,2884,14.42,14.427541017532349,0,0.8892831802368164,0.11071683466434479
2887,14.435,0.010611016,-0.0025258993,-0.010443457,0.0066433684,2884,14.42,14.427541017532349,0,0.8892831802368164,0.11071683466434479
2888,14.44,0.029489156,0.009676881,-0.0017204727,0.02687836,2888,14.44,14.444324016571045,0,0.8879361152648926,0.11206389963626862
2889,14.445,0.04588581,0.025484828,0.0154857375,0.04895263,2888,14.44,14.444324016571045,0,0.8879361152648926,0.11206389963626862
2890,14.45,0.055994753,0.0410146,0.034092497,0.066382594,2888,14.44,14.444324016571045,0,0.8879361152648926,0.11206389963626862
2891,14.455,0.058621034,0.05243667,0.04667659,0.07434975,2888,14.44,14.444324016571045,0,0.8879361152648926,0.11206389963626862
2892,14.46,0.052534107,0.055233624,0.04860828,0.06994772,2892,14.46,14.470291376113892,0,0.8896000981330872,0.11039990186691284
2893,14.465,0.03471199,0.04452145,0.038910434,0.051648702,2892,14.46,14.470291376113892,0,0.8896000981330872,0.11039990186691284
2894,14.47,0.00290744,0.01813769,0.019490706,0.01995552,2892,14.46,14.470291376113892,0,0.8896000981330872,0.11039990186691284
2895,14.475,-0.03916531,-0.019572765,-0.0059758527,-0.020885069,2892,14.46,14.470291376113892,0,0.8896000981330872,0.11039990186691284
2896,14.48,-0.07952059,-0.057262324,-0.03261417,-0.062061295,2896,14.48,14.490432262420654,0,0.8865705132484436,0.1134294867515564
2897,14.485,-0.10206245,-0.0809637,-0.054344554,-0.09190407,2896,14.48,14.490432262420654,0,0.8865705132484436,0.1134294867515564
2898,14.49,-0.095281124,-0.08092468,-0.06435738,-0.10005565,2896,14.48,14.490432262420654,0,0.8865705132484436,0.1134294867515564
2899,14.495,-0.05971462,-0.056781575,-0.05743835,-0.082459554,2896,14.48,14.490432262420654,0,0.8865705132484436,0.1134294867515564
2900,14.5,-0.00902392,-0.018240625,-0.033874486,-0.04460984,2900,14.5,14.510337591171265,0,0.8888590335845947,0.11114094406366348
2901,14.505,0.036476366,0.019165792,-0.0019235689,-0.0005403968,2900,14.5,14.510337591171265,0,0.8888590335845947,0.11114094406366348
2902,14.51,0.06021592,0.04132539,0.024686506,0.033089582,2900,14.5,14.510337591171265,0,0.8888590335845947,0.11114094406366348
2903,14.515,0.057294976,0.04201465,0.034115463,0.045037422,2900,14.5,14.510337591171265,0,0.8888590335845947,0.11114094406366348
2904,14.52,0.035064284,0.024876885,0.023710167,0.034686677,2904,14.52,14.52004337310791,0,0.8892984986305237,0.11070150136947632
2905,14.525,0.006920366,0.00018347564,0.0016194294,0.011222876,2904,14.52,14.52004337310791,0,0.8892984986305237,0.11070150136947632
2906,14.53,-0.015199482,-0.020626869,-0.018377252,-0.011929955,2904,14.52,14.52004337310791,0,0.8892984986305237,0.11070150136947632
2907,14.535,-0.024492655,-0.028979914,-0.02471963,-0.023267023,2904,14.52,14.52004337310791,0,0.8892984986305237,0.11070150136947632
2908,14.54,-0.01901299,-0.02094814,-0.013452597,-0.01702137,2908,14.54,14.539942979812622,0,0.8816562294960022,0.11834374070167542
2909,14.545,-0.0009840361,0.0016940273,0.01096847,0.005412657,2908,14.54,14.539942979812622,0,0.8816562294960022,0.11834374070167542
2910,14.55,0.022646246,0.030840866,0.038398854,0.03572689,2908,14.54,14.539942979812622,0,0.8816562294960022,0.11834374070167542
2911,14.555,0.04111196,0.05406816,0.057435524,0.061261266,2908,14.54,14.539942979812622,0,0.8816562294960022,0.11834374070167542
2912,14.56,0.045008145,0.060637675,0.060232144,0.0705822,2912,14.56,14.570090770721436,0,0.8896092772483826,0.11039078235626221
2913,14.565,0.033124823,0.0482656,0.046038695,0.059837982,2912,14.56,14.570090770721436,0,0.8896092772483826,0.11039078235626221
2914,14.57,0.014051652,0.024590593,0.02117789,0.034955792,2912,14.56,14.570090770721436,0,0.8896092772483826,0.11039078235626221
2915,14.575,-0.0007865425,0.00092293025,-0.005342319,0.0068333987,2912,14.56,14.570090770721436,0,0.8896092772483826,0.11039078235626221
2916,14.58,-0.007119473,-0.016617153,-0.027633835,-0.016974052,2916,14.58,14.591517448425293,0,0.8876212239265442,0.11237875372171402
2917,14.585,-0.010966475,-0.030141827,-0.04502622,-0.036403995,2916,14.58,14.591517448425293,0,0.8876212239265442,0.11237875372171402
2918,14.59,-0.021176264,-0.044208214,-0.058381118,-0.054723177,2916,14.58,14.591517448425293,0,0.8876212239265442,0.11237875372171402
2919,14.595,-0.038590148,-0.05742489,-0.06480645,-0.07055117,2916,14.58,14.591517448425293,0,0.8876212239265442,0.11237875372171402
2920,14.6,-0.053139832,-0.06091691,-0.05755772,-0.07529536,2920,14.6,14.602400779724121,0,0.8890873789787292,0.11091261357069016
2921,14.605,-0.05250416,-0.046307087,-0.032850347,-0.060147114,2920,14.6,14.602400779724121,0,0.8890873789787292,0.11091261357069016
2922,14.61,-0.03410891,-0.015687633,0.002837876,-0.026464233,2920,14.6,14.602400779724121,0,0.8890873789787292,0.11091261357069016
2923,14.615,-0.008558058,0.016800042,0.03354484,0.011321621,2920,14.6,14.602400779724121,0,0.8890873789787292,0.11091261357069016
2924,14.62,0.009070212,0.03440269,0.044089254,0.03465201,2924,14.62,14.620213031768799,0,0.8898969888687134,0.11010299623012543
2925,14.625,0.011847294,0.030260567,0.031626478,0.034569215,2924,14.62,14.620213031768799,0,0.8898969888687134,0.11010299623012543
2926,14.63,0.005952024,0.012204913,0.008227829,0.018270992,2924,14.62,14.620213031768799,0,0.8898969888687134,0.11010299623012543
2927,14.635,0.004150635,-0.0037424853,-0.008043994,0.0029625308,2924,14.62,14.620213031768799,0,0.8898969888687134,0.11010299623012543
2928,14.64,0.014446418,-0.0051826504,-0.0061641904,0.0025795107,2928,14.64,14.644182443618774,0,0.8856232762336731,0.1143767237663269
2929,14.645,0.033743057,0.008788507,0.011019641,0.018264048,2928,14.64,14.644182443618774,0,0.8856232762336731,0.1143767237663269
2930,14.65,0.05076578,0.028464008,0.030516533,0.039135028,2928,14.64,14.644182443618774,0,0.8856232762336731,0.1143767237663269
2931,14.655,0.054664798,0.04109614,0.039257593,0.051128082,2928,14.64,14.644182443618774,0,0.8856232762336731,0.1143767237663269
2932,14.66,0.042317234,0.03918128,0.032349933,0.04633029,2932,14.66,14.672195196151733,0,0.8896897435188293,0.11031027883291245
2933,14.665,0.01951896,0.024119144,0.014284704,0.026563156,2932,14.66,14.672195196151733,0,0.8896897435188293,0.11031027883291245
2934,14.67,-0.0038783199,0.0036480338,-0.0059996047,0.00034351504,2932,14.66,14.672195196151733,0,0.8896897435188293,0.11031027883291245
2935,14.675,-0.020657638,-0.014153261,-0.021218082,-0.023038547,2932,14.66,14.672195196151733,0,0.8896897435188293,0.11031027883291245
2936,14.68,-0.029554147,-0.025327487,-0.028592039,-0.0377607,2936,14.68,14.690088033676147,0,0.887097179889679,0.11290287226438522
2937,14.685,-0.033171058,-0.029972425,-0.028812911,-0.042153727,2936,14.68,14.690088033676147,0,0.887097179889679,0.11290287226438522
2938,14.69,-0.033504386,-0.029285645,-0.023778733,-0.0373588,2936,14.68,14.690088033676147,0,0.887097179889679,0.11290287226438522
2939,14.695,-0.030118756,-0.023929954,-0.015825864,-0.02646915,2936,14.68,14.690088033676147,0,0.887097179889679,0.11290287226438522
2940,14.7,-0.02257779,-0.015468362,-0.008401361,-0.014561459,2940,14.7,14.71170449256897,0,0.8897429704666138,0.11025703698396683
2941,14.705,-0.013526149,-0.008052989,-0.005748969,-0.007611048,2940,14.7,14.71170449256897,0,0.8897429704666138,0.11025703698396683
2942,14.71,-0.007967814,-0.0066734822,-0.010137338,-0.009000473,2940,14.7,14.71170449256897,0,0.8897429704666138,0.11025703698396683
2943,14.715,-0.008812007,-0.012470595,-0.018630402,-0.015869666,2940,14.7,14.71170449256897,0,0.8897429704666138,0.11025703698396683
2944,14.72,-0.0132463975,-0.01988033,-0.02325884,-0.019532587,2944,14.72,14.722068548202515,0,0.8893105983734131,0.11068936437368393
2945,14.725,-0.013872322,-0.019429853,-0.015939528,-0.011298902,2944,14.72,14.722068548202515,0,0.8893105983734131,0.11068936437368393
2946,14.73,-0.0039366595,-0.004700028,0.0051836786,0.010369331,2944,14.72,14.722068548202515,0,0.8893105983734131,0.11068936437368393
2947,14.735,0.017473517,0.022090593,0.033226464,0.037565183,2944,14.72,14.722068548202515,0,0.8893105983734131,0.11068936437368393
2948,14.74,0.043923154,0.050396632,0.05620737,0.057874914,2948,14.74,14.756677389144897,0,0.8906366229057312,0.10936333984136581
2949,14.745,0.064549394,0.06738073,0.064241484,0.062650785,2948,14.74,14.756677389144897,0,0.8906366229057312,0.10936333984136581
2950,14.75,0.06957614,0.06540554,0.05513391,0.052005563,2948,14.74,14.756677389144897,0,0.8906366229057312,0.10936333984136581
2951,14.755,0.055437706,0.046041984,0.034766156,0.033060454,2948,14.74,14.756677389144897,0,0.8906366229057312,0.10936333984136581
2952,14.76,0.02666906,0.018247848,0.012498318,0.0137191275,2952,14.76,14.77043080329895,0,0.8882584571838379,0.11174150556325912
2953,14.765,-0.0067235953,-0.007750596,-0.004997963,-0.0026049824,2952,14.76,14.77043080329895,0,0.8882584571838379,0.11174150556325912
2954,14.77,-0.034884878,-0.02654094,-0.017309394,-0.017515114,2952,14.76,14.77043080329895,0,0.8882584571838379,0.11174150556325912
2955,14.775,-0.052874345,-0.03931697,-0.028937874,-0.03389583,2952,14.76,14.77043080329895,0,0.8882584571838379,0.11174150556325912
2956,14.78,-0.061216258,-0.050285142,-0.04405838,-0.051505376,2956,14.78,14.790171384811401,0,0.8887359499931335,0.11126407235860825
2957,14.785,-0.062339757,-0.060780708,-0.06125724,-0.065413624,2956,14.78,14.790171384811401,0,0.8887359499931335,0.11126407235860825
2958,14.79,-0.056575082,-0.06619206,-0.072539,-0.06838913,2956,14.78,14.790171384811401,0,0.8887359499931335,0.11126407235860825
2959,14.795,-0.04170405,-0.058731608,-0.068085894,-0.055643156,2956,14.78,14.790171384811401,0,0.8887359499931335,0.11126407235860825
2960,14.8,-0.016663713,-0.034287073,-0.04379906,-0.028836077,2960,14.8,14.810822248458862,0,0.8900529146194458,0.10994711518287659
2961,14.805,0.014176205,0.0021657192,-0.005914912,0.0035018118,2960,14.8,14.810822248458862,0,0.8900529146194458,0.10994711518287659
2962,14.81,0.040849566,0.03752162,0.031385828,0.029971253,2960,14.8,14.810822248458862,0,0.8900529146194458,0.10994711518287659
2963,14.815,0.053144366,0.057998378,0.05424714,0.04259201,2960,14.8,14.810822248458862,0,0.8900529146194458,0.10994711518287659
2964,14.82,0.047765452,0.057885338,0.057439994,0.041244507,2964,14.82,14.825313329696655,0,0.889778733253479,0.1102212518453598
2965,14.825,0.031233802,0.042957604,0.04664487,0.033005986,2964,14.82,14.825313329696655,0,0.889778733253479,0.1102212518453598
2966,14.83,0.015395996,0.025783567,0.03326443,0.026711315,2964,14.82,14.825313329696655,0,0.889778733253479,0.1102212518453598
2967,14.835,0.008654622,0.0164452,0.025971493,0.02670552,2964,14.82,14.825313329696655,0,0.889778733253479,0.1102212518453598
2968,14.84,0.010134556,0.015897177,0.025361842,0.030401895,2968,14.84,14.840230703353882,0,0.8792725205421448,0.1207275241613388
2969,14.845,0.01181426,0.017044762,0.025229441,0.031235512,2968,14.84,14.840230703353882,0,0.8792725205421448,0.1207275241613388
2970,14.85,0.0065621063,0.012082268,0.018653477,0.024298819,2968,14.84,14.840230703353882,0,0.8792725205421448,0.1207275241613388
2971,14.855,-0.0054681282,-0.0006701149,0.0036529491,0.009954593,2968,14.84,14.840230703353882,0,0.8792725205421448,0.1207275241613388
2972,14.86,-0.01787019,-0.016254544,-0.015763784,-0.0072032292,2972,14.86,14.877285242080688,0,0.8839219212532043,0.11607813835144043
2973,14.865,-0.024716329,-0.028380327,-0.03305129,-0.02240474,2972,14.86,14.877285242080688,0,0.8839219212532043,0.11607813835144043
2974,14.87,-0.025721043,-0.034674235,-0.043478053,-0.033708587,2972,14.86,14.877285242080688,0,0.8839219212532043,0.11607813835144043
2975,14.875,-0.02478904,-0.036900245,-0.04594292,-0.04152937,2972,14.86,14.877285242080688,0,0.8839219212532043,0.11607813835144043
2976,14.88,-0.024214653,-0.036901377,-0.04182637,-0.04604222,2976,14.88,14.890349388122559,0,0.8897452354431152,0.11025476455688477
2977,14.885,-0.021259619,-0.03332026,-0.03297119,-0.045733396,2976,14.88,14.890349388122559,0,0.8897452354431152,0.11025476455688477
2978,14.89,-0.011032977,-0.022850681,-0.020777483,-0.038655702,2976,14.88,14.890349388122559,0,0.8897452354431152,0.11025476455688477
2979,14.895,0.0071237115,-0.0047169076,-0.006539384,-0.024793614,2976,14.88,14.890349388122559,0,0.8897452354431152,0.11025476455688477
2980,14.9,0.02634853,0.016428368,0.008120508,-0.006818258,2980,14.9,14.910077810287476,0,0.8898921012878418,0.11010784655809402
2981,14.905,0.03605495,0.03260995,0.021481736,0.011577037,2980,14.9,14.910077810287476,0,0.8898921012878418,0.11010784655809402
2982,14.91,0.030190933,0.03819093,0.032254323,0.027880095,2980,14.9,14.910077810287476,0,0.8898921012878418,0.11010784655809402
2983,14.915,0.012701608,0.03394328,0.03959185,0.04109814,2980,14.9,14.910077810287476,0,0.8898921012878418,0.11010784655809402
2984,14.92,-0.005141162,0.025616506,0.04245341,0.050063558,2984,14.92,14.92249345779419,0,0.8888223171234131,0.1111777275800705
2985,14.925,-0.013534919,0.018389935,0.039169103,0.05211362,2984,14.92,14.92249345779419,0,0.8888223171234131,0.1111777275800705
2986,14.93,-0.011119063,0.012751281,0.028218865,0.044452667,2984,14.92,14.92249345779419,0,0.8888223171234131,0.1111777275800705
2987,14.935,-0.0039007135,0.005853498,0.010180983,0.027498387,2984,14.92,14.92249345779419,0,0.8888223171234131,0.1111777275800705
2988,14.94,0.0020218922,-0.0034554077,-0.010672939,0.0067373095,2988,14.94,14.960063457489014,0,0.885645866394043,0.11435416340827942
2989,14.945,0.0059783314,-0.011789714,-0.027182395,-0.009696051,2988,14.94,14.960063457489014,0,0.885645866394043,0.11435416340827942
2990,14.95,0.010849322,-0.014198596,-0.03315614,-0.016632657,2988,14.94,14.960063457489014,0,0.885645866394043,0.11435416340827942
2991,14.955,0.016417794,-0.010243446,-0.028133493,-0.016180774,2988,14.94,14.960063457489014,0,0.885645866394043,0.11435416340827942
2992,14.96,0.016003398,-0.0065994733,-0.018935215,-0.016629558,2992,14.96,14.970311164855957,0,0.88985276222229,0.11014721542596817
2993,14.965,0.001366182,-0.012324215,-0.015315792,-0.025939291,2992,14.96,14.970311164855957,0,0.88985276222229,0.11014721542596817
2994,14.97,-0.02768568,-0.02992875,-0.021881385,-0.04439394,2992,14.96,14.970311164855957,0,0.88985276222229,0.11014721542596817
2995,14.975,-0.058249254,-0.05022761,-0.03287764,-0.06238182,2992,14.96,14.970311164855957,0,0.88985276222229,0.11014721542596817
2996,14.98,-0.07029207,-0.05684437,-0.035483155,-0.065976135,2996,14.98,14.990352630615234,0,0.8906418085098267,0.10935816913843155
2997,14.985,-0.050731435,-0.038275987,-0.020184407,-0.04693535,2996,14.98,14.990352630615234,0,0.8906418085098267,0.10935816913843155
2998,14.99,-0.004781198,0.001884452,0.010371996,-0.009550099,2996,14.98,14.990352630615234,0,0.8906418085098267,0.10935816913843155
2999,14.995,0.04547681,0.045660365,0.042340625,0.031481493,2996,14.98,14.990352630615234,0,0.8906418085098267,0.10935816913843155
3000,15.0,0.07543144,0.07266705,0.06105232,0.06079227,3000,15.0,15.010709524154663,0,0.8888323903083801,0.11116759479045868
3001,15.005,0.0742454,0.073737636,0.061436687,0.07169294,3000,15.0,15.010709524154663,0,0.8888323903083801,0.11116759479045868
3002,15.01,0.050081857,0.05497985,0.04917891,0.06750601,3000,15.0,15.010709524154663,0,0.8888323903083801,0.11116759479045868
3003,15.015,0.020841956,0.029883957,0.03267828,0.05491241,3000,15.0,15.010709524154663,0,0.8888323903083801,0.11116759479045868
3004,15.02,-0.0003278904,0.007926524,0.014906575,0.036894526,3004,15.02,15.025169372558594,0,0.8774591684341431,0.12254077196121216
3005,15.025,-0.012064352,-0.009877018,-0.006527945,0.012488173,3004,15.02,15.025169372558594,0,0.8774591684341431,0.12254077196121216
3006,15.03,-0.020330288,-0.026289294,-0.032251608,-0.017354246,3004,15.02,15.025169372558594,0,0.8774591684341431,0.12254077196121216
3007,15.035,-0.029452559,-0.040984888,-0.05567656,-0.045263194,3004,15.02,15.025169372558594,0,0.8774591684341431,0.12254077196121216
3008,15.04,-0.03778386,-0.04902997,-0.065730326,-0.060100775,3008,15.04,15.040292978286743,0,0.8748172521591187,0.12518274784088135
3009,15.045,-0.04022118,-0.045229953,-0.055323284,-0.0547044,3008,15.04,15.040292978286743,0,0.8748172521591187,0.12518274784088135
3010,15.05,-0.03310424,-0.029058304,-0.027467467,-0.031529427,3008,15.04,15.040292978286743,0,0.8748172521591187,0.12518274784088135
3011,15.055,-0.016946644,-0.0057299654,0.0061491714,-0.0014646278,3008,15.04,15.040292978286743,0,0.8748172521591187,0.12518274784088135
3012,15.06,0.0036995988,0.016506288,0.032210328,0.022621363,3012,15.06,15.077276468276978,0,0.8891324400901794,0.11086761206388474
3013,15.065,0.021962821,0.03022878,0.042629868,0.032563735,3012,15.06,15.077276468276978,0,0.8891324400901794,0.11086761206388474
3014,15.07,0.03137195,0.03181306,0.03711993,0.027963944,3012,15.06,15.077276468276978,0,0.8891324400901794,0.11086761206388474
3015,15.075,0.029127896,0.022639044,0.021351459,0.014775849,3012,15.06,15.077276468276978,0,0.8891324400901794,0.11086761206388474
3016,15.08,0.018043403,0.008114814,0.0030864186,0.0008632708,3016,15.08,15.090327739715576,0,0.8904830813407898,0.10951694846153259
3017,15.085,0.005029783,-0.005167383,-0.011189693,-0.008641375,3016,15.08,15.090327739715576,0,0.8904830813407898,0.10951694846153259
3018,15.09,-0.0033495603,-0.012528598,-0.017807417,-0.013136146,3016,15.08,15.090327739715576,0,0.8904830813407898,0.10951694846153259
3019,15.095,-0.00480064,-0.012647964,-0.015842594,-0.014477763,3016,15.08,15.090327739715576,0,0.8904830813407898,0.10951694846153259
3020,15.1,-0.001650228,-0.0069995336,-0.006659534,-0.013512877,3020,15.1,15.101790189743042,0,0.8887302279472351,0.11126980930566788
3021,15.105,0.0019102735,0.0013578464,0.0060821106,-0.009188856,3020,15.1,15.101790189743042,0,0.8887302279472351,0.11126980930566788
3022,15.11,0.0026397684,0.008494254,0.016610084,-0.0013227449,3020,15.1,15.101790189743042,0,0.8887302279472351,0.11126980930566788
3023,15.115,-0.0008690956,0.0103593245,0.01888549,0.0065296018,3020,15.1,15.101790189743042,0,0.8887302279472351,0.11126980930566788
3024,15.12,-0.008430172,0.004643619,0.010179182,0.008486242,3024,15.12,15.127834796905518,0,0.886843740940094,0.11315622925758362
3025,15.125,-0.018086117,-0.0069453265,-0.006140119,0.0017215594,3024,15.12,15.127834796905518,0,0.886843740940094,0.11315622925758362
3026,15.13,-0.025867922,-0.018533353,-0.021759534,-0.00966361,3024,15.12,15.127834796905518,0,0.886843740940094,0.11315622925758362
3027,15.135,-0.027119547,-0.023464596,-0.028683104,-0.017057179,3024,15.12,15.127834796905518,0,0.886843740940094,0.11315622925758362
3028,15.14,-0.019383151,-0.01895653,-0.024593895,-0.01435635,3028,15.14,15.142275333404541,0,0.8855995535850525,0.1144004836678505
3029,15.145,-0.004429527,-0.007768852,-0.013567109,-0.0028187952,3028,15.14,15.142275333404541,0,0.8855995535850525,0.1144004836678505
3030,15.15,0.012603603,0.00467291,-0.0016480823,0.010797806,3028,15.14,15.142275333404541,0,0.8855995535850525,0.1144004836678505
3031,15.155,0.026049618,0.014467114,0.008011682,0.020210363,3028,15.14,15.142275333404541,0,0.8855995535850525,0.1144004836678505
3032,15.16,0.03191358,0.020338655,0.015507826,0.023250755,3032,15.16,15.175147533416748,0,0.8904569745063782,0.10954298824071884
3033,15.165,0.02843074,0.02140403,0.020454118,0.020419633,3032,15.16,15.175147533416748,0,0.8904569745063782,0.10954298824071884
3034,15.17,0.016330859,0.0157831,0.019645795,0.012039358,3032,15.16,15.175147533416748,0,0.8904569745063782,0.10954298824071884
3035,15.175,-0.00019561741,0.0031660527,0.010154148,-0.0011299565,3032,15.16,15.175147533416748,0,0.8904569745063782,0.10954298824071884
3036,15.18,-0.013319288,-0.011197486,-0.004875872,-0.014402807,3036,15.18,15.194214582443237,0,0.8904433846473694,0.10955661535263062
3037,15.185,-0.014475153,-0.016892947,-0.014873116,-0.018511564,3036,15.18,15.194214582443237,0,0.8904433846473694,0.10955661535263062
3038,15.19,0.00010137732,-0.0052504237,-0.0085725,-0.005424373,3036,15.18,15.194214582443237,0,0.8904433846473694,0.10955661535263062
3039,15.195,0.025210897,0.022267872,0.015877508,0.023238044,3036,15.18,15.194214582443237,0,0.8904433846473694,0.10955661535263062
3040,15.2,0.048036363,0.052124765,0.04665029,0.053539574,3040,15.2,15.208250284194946,0,0.8904294967651367,0.10957050323486328
3041,15.205,0.055000786,0.066174164,0.064668514,0.066508986,3040,15.2,15.208250284194946,0,0.8904294967651367,0.10957050323486328
3042,15.21,0.03943347,0.05321891,0.056231752,0.05047197,3040,15.2,15.208250284194946,0,0.8904294967651367,0.10957050323486328
3043,15.215,0.004657152,0.015732288,0.021912746,0.0086836135,3040,15.2,15.208250284194946,0,0.8904294967651367,0.10957050323486328
3044,15.22,-0.038806196,-0.03272795,-0.024737097,-0.043279186,3044,15.22,15.226305961608887,0,0.8838802576065063,0.11611970514059067
3045,15.225,-0.07846112,-0.07593557,-0.0663746,-0.08705179,3044,15.22,15.226305961608887,0,0.8838802576065063,0.11611970514059067
3046,15.23,-0.1034009,-0.10206605,-0.090955146,-0.10990474,3044,15.22,15.226305961608887,0,0.8838802576065063,0.11611970514059067
3047,15.235,-0.105685815,-0.105629966,-0.09475424,-0.10722402,3044,15.22,15.226305961608887,0,0.8838802576065063,0.11611970514059067
3048,15.24,-0.08203424,-0.08627059,-0.07986324,-0.08072335,3048,15.24,15.244431257247925,0,0.8870021104812622,0.11299784481525421
3049,15.245,-0.036856595,-0.0481841,-0.05083437,-0.036709093,3048,15.24,15.244431257247925,0,0.8870021104812622,0.11299784481525421
3050,15.25,0.016357709,-0.0006987326,-0.013698515,0.014190892,3048,15.24,15.244431257247925,0,0.8870021104812622,0.11299784481525421
3051,15.255,0.059210334,0.042771813,0.02351444,0.05816737,3048,15.24,15.244431257247925,0,0.8870021104812622,0.11299784481525421
3052,15.26,0.077526115,0.06928137,0.051525608,0.08236613,3052,15.26,15.276644706726074,0,0.8862718939781189,0.11372808367013931
3053,15.265,0.06930108,0.072379716,0.06289675,0.08059324,3052,15.26,15.276644706726074,0,0.8862718939781189,0.11372808367013931
3054,15.27,0.04508318,0.055362716,0.055765796,0.056702267,3052,15.26,15.276644706726074,0,0.8862718939781189,0.11372808367013931
3055,15.275,0.02041769,0.02936425,0.035576526,0.023083681,3052,15.26,15.276644706726074,0,0.8862718939781189,0.11372808367013931
3056,15.28,0.0064659673,0.0076950197,0.013353268,-0.004906449,3056,15.28,15.290171384811401,0,0.8853716850280762,0.11462833732366562
3057,15.285,0.005599114,-0.00011748444,0.00097111566,-0.015516623,3056,15.28,15.290171384811401,0,0.8853716850280762,0.11462833732366562
3058,15.29,0.013583074,0.00811492,0.0053727766,-0.0052849427,3056,15.28,15.290171384811401,0,0.8853716850280762,0.11462833732366562
3059,15.295,0.024529262,0.026983935,0.02455668,0.019735284,3056,15.28,15.290171384811401,0,0.8853716850280762,0.11462833732366562
3060,15.3,0.034000747,0.046216104,0.047944576,0.046635304,3060,15.3,15.31043529510498,0,0.8841778039932251,0.11582212895154953
3061,15.305,0.0390352,0.055372085,0.061701763,0.061465647,3060,15.3,15.31043529510498,0,0.8841778039932251,0.11582212895154953
3062,15.31,0.037114814,0.048627287,0.05631588,0.055854555,3060,15.3,15.31043529510498,0,0.8841778039932251,0.11582212895154953
3063,15.315,0.026262574,0.027175201,0.03168608,0.030887704,3060,15.3,15.31043529510498,0,0.8841778039932251,0.11582212895154953
3064,15.32,0.006287616,-0.0023044532,-0.0036637571,-0.004333032,3064,15.32,15.327753067016602,0,0.8836209774017334,0.11637905240058899
3065,15.325,-0.020377342,-0.032155123,-0.038452733,-0.038652923,3064,15.32,15.327753067016602,0,0.8836209774017334,0.11637905240058899
3066,15.33,-0.049231093,-0.0578733,-0.065063715,-0.06507197,3064,15.32,15.327753067016602,0,0.8836209774017334,0.11637905240058899
3067,15.335,-0.07499262,-0.07855961,-0.08181361,-0.08254364,3064,15.32,15.327753067016602,0,0.8836209774017334,0.11637905240058899
3068,15.34,-0.092398316,-0.09352973,-0.090021245,-0.09239674,3068,15.34,15.341812372207642,0,0.8880753517150879,0.1119246631860733
3069,15.345,-0.09648852,-0.098804265,-0.0893967,-0.093366705,3068,15.34,15.341812372207642,0,0.8880753517150879,0.1119246631860733
3070,15.35,-0.083717644,-0.08797781,-0.07677978,-0.08079741,3068,15.34,15.341812372207642,0,0.8880753517150879,0.1119246631860733
3071,15.355,-0.054571677,-0.05799622,-0.049927544,-0.051596023,3068,15.34,15.341812372207642,0,0.8880753517150879,0.1119246631860733
3072,15.36,-0.015855758,-0.01481586,-0.012628144,-0.010268442,3072,15.36,15.370190382003784,0,0.888571560382843,0.11142843216657639
3073,15.365,0.020618653,0.027384697,0.02465685,0.03074216,3072,15.36,15.370190382003784,0,0.888571560382843,0.11142843216657639
3074,15.37,0.043909773,0.054431744,0.050468422,0.058194377,3072,15.36,15.370190382003784,0,0.888571560382843,0.11142843216657639
3075,15.375,0.050689522,0.061481915,0.059833404,0.06689019,3072,15.36,15.370190382003784,0,0.888571560382843,0.11142843216657639
3076,15.38,0.047050204,0.05534322,0.056873698,0.062232144,3076,15.38,15.394613027572632,0,0.8901844024658203,0.10981566458940506
3077,15.385,0.04313751,0.047763903,0.050276596,0.05428037,3076,15.38,15.394613027572632,0,0.8901844024658203,0.10981566458940506
3078,15.39,0.0448413,0.045752283,0.045892186,0.049049377,3076,15.38,15.394613027572632,0,0.8901844024658203,0.10981566458940506
3079,15.395,0.049780972,0.04729109,0.04297116,0.044938657,3076,15.38,15.394613027572632,0,0.8901844024658203,0.10981566458940506
3080,15.4,0.051016457,0.045458958,0.036791172,0.036783215,3080,15.4,15.409117698669434,0,0.8804081678390503,0.11959186941385269
3081,15.405,0.044652548,0.03632255,0.024620378,0.022771506,3080,15.4,15.409117698669434,0,0.8804081678390503,0.11959186941385269
3082,15.41,0.033767305,0.022969667,0.009335165,0.0072909407,3080,15.4,15.409117698669434,0,0.8804081678390503,0.11959186941385269
3083,15.415,0.024752092,0.012113031,-0.0025513135,-0.002836788,3080,15.4,15.409117698669434,0,0.8804081678390503,0.11959186941385269
3084,15.42,0.019892925,0.00693737,-0.0065651727,-0.0048232973,3084,15.42,15.42025113105774,0,0.8667738437652588,0.1332261860370636
3085,15.425,0.01409972,0.0035090006,-0.0044448944,-0.002758543,3084,15.42,15.42025113105774,0,0.8667738437652588,0.1332261860370636
3086,15.43,-0.00039668125,-0.005516655,-0.003031487,-0.004202373,3084,15.42,15.42025113105774,0,0.8667738437652588,0.1332261860370636
3087,15.435,-0.025837168,-0.023523191,-0.008913592,-0.013902962,3084,15.42,15.42025113105774,0,0.8667738437652588,0.1332261860370636
3088,15.44,-0.055393755,-0.046111424,-0.023428755,-0.030351214,3088,15.44,15.440157413482666,0,0.887738823890686,0.11226114630699158
3089,15.445,-0.077671885,-0.06418368,-0.04170178,-0.047503054,3088,15.44,15.440157413482666,0,0.887738823890686,0.11226114630699158
3090,15.45,-0.08466237,-0.070438646,-0.055590313,-0.05897716,3088,15.44,15.440157413482666,0,0.887738823890686,0.11226114630699158
3091,15.455,-0.07590034,-0.06328595,-0.05789343,-0.060750555,3088,15.44,15.440157413482666,0,0.887738823890686,0.11226114630699158
3092,15.46,-0.05636179,-0.04592286,-0.045659553,-0.051402096,3092,15.46,15.46037483215332,0,0.8891034126281738,0.11089656502008438
3093,15.465,-0.031870306,-0.023256967,-0.021828905,-0.03192213,3092,15.46,15.46037483215332,0,0.8891034126281738,0.11089656502008438
3094,15.47,-0.006875387,-0.00015692085,0.005333265,-0.006436022,3092,15.46,15.46037483215332,0,0.8891034126281738,0.11089656502008438
3095,15.475,0.0147139365,0.018610526,0.02563182,0.017645882,3092,15.46,15.46037483215332,0,0.8891034126281738,0.11089656502008438
3096,15.48,0.028869139,0.028937582,0.032286853,0.032286227,3096,15.48,15.490415096282959,0,0.8876413702964783,0.11235861480236053
3097,15.485,0.033394303,0.029535312,0.026014108,0.033672404,3096,15.48,15.490415096282959,0,0.8876413702964783,0.11235861480236053
3098,15.49,0.030779546,0.023792021,0.01443946,0.025368411,3096,15.48,15.490415096282959,0,0.8876413702964783,0.11235861480236053
3099,15.495,0.027920483,0.018476991,0.0067047356,0.01628682,3096,15.48,15.490415096282959,0,0.8876413702964783,0.11235861480236053
3100,15.5,0.03124965,0.019131724,0.007203824,0.014335139,3100,15.5,15.510305881500244,0,0.8877481818199158,0.11225179582834244
3101,15.505,0.040846303,0.02563703,0.013274595,0.020699956,3100,15.5,15.510305881500244,0,0.8877481818199158,0.11225179582834244
3102,15.51,0.04915265,0.03202822,0.018320436,0.029457519,3100,15.5,15.510305881500244,0,0.8877481818199158,0.11225179582834244
3103,15.515,0.046422433,0.031184144,0.017359877,0.032692865,3100,15.5,15.510305881500244,0,0.8877481818199158,0.11225179582834244
3104,15.52,0.028930902,0.020669166,0.010441606,0.026735177,3104,15.52,15.528522729873657,0,0.8826127052307129,0.11738725751638412
3105,15.525,0.00300635,0.004851793,0.0017381209,0.014465106,3104,15.52,15.528522729873657,0,0.8826127052307129,0.11738725751638412
3106,15.53,-0.018906986,-0.008432801,-0.0041459063,0.002205952,3104,15.52,15.528522729873657,0,0.8826127052307129,0.11738725751638412
3107,15.535,-0.027297514,-0.013821271,-0.0053785495,-0.005774318,3104,15.52,15.528522729873657,0,0.8826127052307129,0.11738725751638412
3108,15.54,-0.022552706,-0.012130725,-0.003548887,-0.01038675,3108,15.54,15.544632911682129,0,0.8814090490341187,0.11859094351530075
3109,15.545,-0.014282194,-0.009121648,-0.0020300604,-0.015959738,3108,15.54,15.544632911682129,0,0.8814090490341187,0.11859094351530075
3110,15.55,-0.013467916,-0.010588883,-0.0035778403,-0.025267191,3108,15.54,15.544632911682129,0,0.8814090490341187,0.11859094351530075
3111,15.555,-0.02340344,-0.01754593,-0.0084274225,-0.03567371,3108,15.54,15.544632911682129,0,0.8814090490341187,0.11859094351530075
3112,15.56,-0.036381103,-0.024902364,-0.013610883,-0.039833043,3112,15.56,15.57022476196289,0,0.8897554278373718,0.11024454236030579
3113,15.565,-0.039127383,-0.024760779,-0.014165953,-0.030846303,3112,15.56,15.57022476196289,0,0.8897554278373718,0.11024454236030579
3114,15.57,-0.023646683,-0.012634645,-0.006492542,-0.008353975,3112,15.56,15.57022476196289,0,0.8897554278373718,0.11024454236030579
3115,15.575,0.0045632143,0.0074827364,0.007649988,0.018985096,3112,15.56,15.57022476196289,0,0.8897554278373718,0.11024454236030579
3116,15.58,0.028307589,0.023694826,0.019987369,0.037196677,3116,15.58,15.590328454971313,0,0.890059769153595,0.10994015634059906
3117,15.585,0.030977981,0.02380047,0.02020159,0.035480704,3116,15.58,15.590328454971313,0,0.890059769153595,0.10994015634059906
3118,15.59,0.010718431,0.00547312,0.0043312483,0.014267115,3116,15.58,15.590328454971313,0,0.890059769153595,0.10994015634059906
3119,15.595,-0.015691234,-0.019340796,-0.019491889,-0.013339709,3116,15.58,15.590328454971313,0,0.890059769153595,0.10994015634059906
3120,15.6,-0.02450301,-0.03129409,-0.034371603,-0.029228477,3120,15.6,15.610273122787476,0,0.8876917362213135,0.11230826377868652
3121,15.605,-0.0042653517,-0.018238919,-0.026577124,-0.02278676,3120,15.6,15.610273122787476,0,0.8876917362213135,0.11230826377868652
3122,15.61,0.033214983,0.0137337865,0.0025624533,0.0007883712,3120,15.6,15.610273122787476,0,0.8876917362213135,0.11230826377868652
3123,15.615,0.060318977,0.042704385,0.035009366,0.023339566,3120,15.6,15.610273122787476,0,0.8876917362213135,0.11230826377868652
3124,15.62,0.05416976,0.046142895,0.047342364,0.026447505,3124,15.62,15.627201318740845,0,0.8900097608566284,0.10999025404453278
3125,15.625,0.013835381,0.017536536,0.027276786,0.0047811717,3124,15.62,15.627201318740845,0,0.8900097608566284,0.10999025404453278
3126,15.63,-0.039080225,-0.028338244,-0.016860653,-0.029759943,3124,15.62,15.627201318740845,0,0.8900097608566284,0.10999025404453278
3127,15.635,-0.07566755,-0.0651244,-0.0606472,-0.055836365,3124,15.62,15.627201318740845,0,0.8900097608566284,0.10999025404453278
3128,15.64,-0.07806521,-0.07175992,-0.07863661,-0.056323722,3128,15.64,15.64159607887268,0,0.8755005598068237,0.12449938803911209
3129,15.645,-0.047992602,-0.044431716,-0.059468143,-0.028306492,3128,15.64,15.64159607887268,0,0.8755005598068237,0.12449938803911209
3130,15.65,-0.0020386016,0.0032690463,-0.0115354555,0.016380161,3128,15.64,15.64159607887268,0,0.8755005598068237,0.12449938803911209
3131,15.655,0.039951175,0.049840413,0.04302616,0.05885768,3128,15.64,15.64159607887268,0,0.8755005598068237,0.12449938803911209
3132,15.66,0.06449992,0.07744053,0.080886886,0.083214514,3132,15.66,15.66004753112793,0,0.8869619965553284,0.11303804814815521
3133,15.665,0.06768264,0.07892733,0.088758014,0.0829871,3132,15.66,15.66004753112793,0,0.8869619965553284,0.11303804814815521
3134,15.67,0.05317068,0.058355782,0.06793172,0.06182832,3132,15.66,15.66004753112793,0,0.8869619965553284,0.11303804814815521
3135,15.675,0.028694635,0.02681147,0.0313534,0.02976653,3132,15.66,15.66004753112793,0,0.8869619965553284,0.11303804814815521
3136,15.68,0.0030208093,-0.0033577143,-0.004017677,-0.0019898172,3136,15.68,15.694483518600464,0,0.8887372016906738,0.11126279830932617
3137,15.685,-0.016538916,-0.023513714,-0.025516571,-0.025311075,3136,15.68,15.694483518600464,0,0.8887372016906738,0.11126279830932617
3138,15.69,-0.026311615,-0.031414475,-0.030067552,-0.03733591,3136,15.68,15.694483518600464,0,0.8887372016906738,0.11126279830932617
3139,15.695,-0.0272838,-0.030802598,-0.024153471,-0.04030323,3136,15.68,15.694483518600464,0,0.8887372016906738,0.11126279830932617
3140,15.7,-0.023826102,-0.028082766,-0.018510364,-0.03924201,3140,15.7,15.710042715072632,0,0.8864524960517883,0.11354750394821167
3141,15.705,-0.02047814,-0.027806053,-0.02056659,-0.03851109,3140,15.7,15.710042715072632,0,0.8864524960517883,0.11354750394821167
3142,15.71,-0.019052377,-0.029835857,-0.02954412,-0.039149463,3140,15.7,15.710042715072632,0,0.8864524960517883,0.11354750394821167
3143,15.715,-0.018481521,-0.030436607,-0.037897244,-0.03901605,3140,15.7,15.710042715072632,0,0.8864524960517883,0.11354750394821167
3144,15.72,-0.017528236,-0.026673922,-0.038208593,-0.035782088,3144,15.72,15.72591233253479,0,0.888898491859436,0.11110156029462814
3145,15.725,-0.017434586,-0.020220937,-0.02986356,-0.029991357,3144,15.72,15.72591233253479,0,0.888898491859436,0.11110156029462814
3146,15.73,-0.020987676,-0.01628756,-0.01932544,-0.024632273,3144,15.72,15.72591233253479,0,0.888898491859436,0.11110156029462814
3147,15.735,-0.027935168,-0.017649457,-0.013283856,-0.020913823,3144,15.72,15.72591233253479,0,0.888898491859436,0.11110156029462814
3148,15.74,-0.031533614,-0.019501673,-0.011109472,-0.014711698,3148,15.74,15.740188598632812,0,0.8902860283851624,0.10971399396657944
3149,15.745,-0.021642305,-0.011666316,-0.004593315,0.0011642808,3148,15.74,15.740188598632812,0,0.8902860283851624,0.10971399396657944
3150,15.75,0.0062921876,0.012113675,0.013888319,0.029449565,3148,15.74,15.740188598632812,0,0.8902860283851624,0.10971399396657944
3151,15.755,0.04443625,0.04633857,0.04257462,0.06295437,3148,15.74,15.740188598632812,0,0.8902860283851624,0.10971399396657944
3152,15.76,0.07587903,0.07596995,0.069943964,0.08790548,3152,15.76,15.775268793106079,0,0.8908535838127136,0.10914643108844757
3153,15.765,0.086540535,0.08755785,0.08336501,0.09412715,3152,15.76,15.775268793106079,0,0.8908535838127136,0.10914643108844757
3154,15.77,0.07500514,0.07878628,0.07823913,0.08240752,3152,15.76,15.775268793106079,0,0.8908535838127136,0.10914643108844757
3155,15.775,0.051351693,0.05771928,0.059329063,0.061944008,3152,15.76,15.775268793106079,0,0.8908535838127136,0.10914643108844757
3156,15.78,0.027219996,0.033980355,0.0347495,0.0411173,3156,15.78,15.794028520584106,0,0.8855013251304626,0.11449868232011795
3157,15.785,0.00747727,0.011655266,0.009981265,0.021314424,3156,15.78,15.794028520584106,0,0.8855013251304626,0.11449868232011795
3158,15.79,-0.009594087,-0.0100511,-0.0129067395,-0.0008749077,3156,15.78,15.794028520584106,0,0.8855013251304626,0.11449868232011795
3159,15.795,-0.026450964,-0.031691287,-0.0327049,-0.027185922,3156,15.78,15.794028520584106,0,0.8855013251304626,0.11449868232011795
3160,15.8,-0.042272292,-0.050938528,-0.04792365,-0.054545365,3160,15.8,15.810436248779297,0,0.8830265998840332,0.11697334796190262
3161,15.805,-0.0540248,-0.064575665,-0.058122437,-0.07763914,3160,15.8,15.810436248779297,0,0.8830265998840332,0.11697334796190262
3162,15.81,-0.059648603,-0.07137417,-0.06466774,-0.092936926,3160,15.8,15.810436248779297,0,0.8830265998840332,0.11697334796190262
3163,15.815,-0.059449475,-0.072209574,-0.06895739,-0.09957536,3160,15.8,15.810436248779297,0,0.8830265998840332,0.11697334796190262
3164,15.82,-0.055276547,-0.06816531,-0.07023626,-0.097390264,3164,15.82,15.82010531425476,0,0.8893575668334961,0.11064241081476212
3165,15.825,-0.049292523,-0.059598453,-0.06609318,-0.08563269,3164,15.82,15.82010531425476,0,0.8893575668334961,0.11064241081476212
3166,15.83,-0.042986523,-0.04686371,-0.055134095,-0.06397548,3164,15.82,15.82010531425476,0,0.8893575668334961,0.11064241081476212
3167,15.835,-0.035809904,-0.0306753,-0.038222056,-0.0338359,3164,15.82,15.82010531425476,0,0.8893575668334961,0.11064241081476212
3168,15.84,-0.024086917,-0.010971052,-0.01655224,0.0021356384,3168,15.84,15.843035221099854,0,0.8904556035995483,0.10954440385103226
3169,15.845,-0.002466702,0.013865381,0.010575904,0.041439634,3168,15.84,15.843035221099854,0,0.8904556035995483,0.10954440385103226
3170,15.85,0.031387273,0.045047328,0.044331707,0.08132449,3168,15.84,15.843035221099854,0,0.8904556035995483,0.10954440385103226
3171,15.855,0.07211538,0.079548694,0.08176095,0.11638808,3168,15.84,15.843035221099854,0,0.8904556035995483,0.10954440385103226
3172,15.86,0.10683161,0.10844411,0.113359146,0.13756569,3172,15.86,15.878077030181885,0,0.8913142681121826,0.10868575423955917
3173,15.865,0.12152529,0.1204465,0.12706,0.1355881,3172,15.86,15.878077030181885,0,0.8913142681121826,0.10868575423955917
3174,15.87,0.10942367,0.10882797,0.116264984,0.10730994,3172,15.86,15.878077030181885,0,0.8913142681121826,0.10868575423955917
3175,15.875,0.07481794,0.07613097,0.08461927,0.05940054,3172,15.86,15.878077030181885,0,0.8913142681121826,0.10868575423955917
3176,15.88,0.029586261,0.03259473,0.042981528,0.0056205187,3176,15.88,15.890041589736938,0,0.8764184713363647,0.12358153611421585
3177,15.885,-0.01401669,-0.010070601,0.0018582889,-0.040197942,3176,15.88,15.890041589736938,0,0.8764184713363647,0.12358153611421585
3178,15.89,-0.048061468,-0.04388434,-0.03321147,-0.069710486,3176,15.88,15.890041589736938,0,0.8764184713363647,0.12358153611421585
3179,15.895,-0.068650074,-0.06515503,-0.06003144,-0.08087721,3176,15.88,15.890041589736938,0,0.8764184713363647,0.12358153611421585
3180,15.9,-0.07401457,-0.072501026,-0.07613251,-0.07599555,3180,15.9,15.910062074661255,0,0.8741772770881653,0.12582269310951233
3181,15.905,-0.06528895,-0.066751085,-0.07914258,-0.06051062,3180,15.9,15.910062074661255,0,0.8741772770881653,0.12582269310951233
3182,15.91,-0.04896306,-0.053112224,-0.0710052,-0.042751286,3180,15.9,15.910062074661255,0,0.8741772770881653,0.12582269310951233
3183,15.915,-0.03567486,-0.04108968,-0.059792884,-0.031663917,3180,15.9,15.910062074661255,0,0.8741772770881653,0.12582269310951233
3184,15.92,-0.03323113,-0.039017636,-0.054721627,-0.031706113,3184,15.92,15.92709994316101,0,0.8867615461349487,0.11323841661214828
3185,15.925,-0.03944751,-0.046823777,-0.057936344,-0.038882308,3184,15.92,15.92709994316101,0,0.8867615461349487,0.11323841661214828
3186,15.93,-0.042750042,-0.054434806,-0.06129471,-0.042717706,3184,15.92,15.92709994316101,0,0.8867615461349487,0.11323841661214828
3187,15.935,-0.031475574,-0.048729654,-0.052176733,-0.033716228,3184,15.92,15.92709994316101,0,0.8867615461349487,0.11323841661214828
3188,15.94,-0.0038594631,-0.023695916,-0.023766773,-0.010222317,3188,15.94,15.942064762115479,0,0.8885971903800964,0.11140281707048416
3189,15.945,0.030211648,0.014717316,0.018872144,0.020921178,3188,15.94,15.942064762115479,0,0.8885971903800964,0.11140281707048416
3190,15.95,0.056716003,0.052681994,0.061710782,0.04960508,3188,15.94,15.942064762115479,0,0.8885971903800964,0.11140281707048416
3191,15.955,0.06723114,0.07759416,0.090851605,0.06848156,3188,15.94,15.942064762115479,0,0.8885971903800964,0.11140281707048416
3192,15.96,0.06314629,0.08501635,0.10055099,0.075456925,3192,15.96,15.971306562423706,0,0.8906117677688599,0.10938823968172073
3193,15.965,0.05240247,0.07906081,0.09455118,0.07240491,3192,15.96,15.971306562423706,0,0.8906117677688599,0.10938823968172073
3194,15.97,0.0426177,0.0671663,0.08069389,0.062422704,3192,15.96,15.971306562423706,0,0.8906117677688599,0.10938823968172073
3195,15.975,0.035895456,0.053858284,0.06380205,0.047589958,3192,15.96,15.971306562423706,0,0.8906117677688599,0.10938823968172073
3196,15.98,0.028361628,0.03813454,0.042746805,0.028132642,3196,15.98,15.994210481643677,0,0.881391167640686,0.11860881745815277
3197,15.985,0.014224537,0.016141007,0.013906515,0.003531786,3196,15.98,15.994210481643677,0,0.881391167640686,0.11860881745815277
3198,15.99,-0.008532414,-0.013254574,-0.022337776,-0.024751548,3196,15.98,15.994210481643677,0,0.881391167640686,0.11860881745815277
3199,15.995,-0.03499874,-0.04482226,-0.058293216,-0.05118868,3196,15.98,15.994210481643677,0,0.881391167640686,0.11860881745815277
3200,16.0,-0.05556037,-0.068763025,-0.08244106,-0.06761322,3200,16.0,16.00888156890869,0,0.8780417442321777,0.12195827066898346
3201,16.005,-0.06229263,-0.076901056,-0.08716684,-0.06825169,3200,16.0,16.00888156890869,0,0.8780417442321777,0.12195827066898346
3202,16.01,-0.05449094,-0.06824215,-0.07406214,-0.054363612,3200,16.0,16.00888156890869,0,0.8780417442321777,0.12195827066898346
3203,16.015,-0.038595166,-0.04919658,-0.052105393,-0.0338745,3200,16.0,16.00888156890869,0,0.8780417442321777,0.12195827066898346
3204,16.02,-0.022554645,-0.028347962,-0.030409018,-0.015667457,3204,16.02,16.02001976966858,0,0.8886789679527283,0.11132099479436874
3205,16.025,-0.009711777,-0.010370561,-0.012021526,-0.0033330813,3204,16.02,16.02001976966858,0,0.8886789679527283,0.11132099479436874
3206,16.03,0.002271691,0.005684642,0.0059291585,0.006081525,3204,16.02,16.02001976966858,0,0.8886789679527283,0.11132099479436874
3207,16.035,0.016638562,0.022528747,0.026404962,0.017316887,3204,16.02,16.02001976966858,0,0.8886789679527283,0.11132099479436874
3208,16.04,0.03171722,0.039122347,0.04675369,0.030697735,3208,16.04,16.04021167755127,0,0.8888624310493469,0.11113760620355606
3209,16.045,0.04012404,0.04911391,0.05872939,0.040443275,3208,16.04,16.04021167755127,0,0.8888624310493469,0.11113760620355606
3210,16.05,0.034506492,0.04533077,0.054565936,0.039308883,3208,16.04,16.04021167755127,0,0.8888624310493469,0.11113760620355606
3211,16.055,0.0149974115,0.02667647,0.033901382,0.025442576,3208,16.04,16.04021167755127,0,0.8888624310493469,0.11113760620355606
3212,16.06,-0.008597005,0.0011024659,0.005473348,0.0051645776,3212,16.06,16.062207460403442,0,0.8884294629096985,0.11157050728797913
3213,16.065,-0.02256528,-0.01859839,-0.018064242,-0.010970467,3212,16.06,16.062207460403442,0,0.8884294629096985,0.11157050728797913
3214,16.07,-0.018844437,-0.023303399,-0.028185109,-0.015535649,3212,16.06,16.062207460403442,0,0.8884294629096985,0.11157050728797913
3215,16.075,-0.00094822067,-0.013846609,-0.025342923,-0.009085191,3212,16.06,16.062207460403442,0,0.8884294629096985,0.11157050728797913
3216,16.08,0.01820169,-0.00031955505,-0.017420249,0.00083876797,3216,16.08,16.09024477005005,0,0.8886525630950928,0.11134751886129379
3217,16.085,0.024888784,0.005116617,-0.013358332,0.005188162,3216,16.08,16.09024477005005,0,0.8886525630950928,0.11134751886129379
3218,16.09,0.013747527,-0.0030401065,-0.016545305,-0.0005923658,3216,16.08,16.09024477005005,0,0.8886525630950928,0.11134751886129379
3219,16.095,-0.008345236,-0.019181686,-0.022270268,-0.013514964,3216,16.08,16.09024477005005,0,0.8886525630950928,0.11134751886129379
3220,16.1,-0.026042286,-0.029613547,-0.020937622,-0.024516925,3220,16.1,16.110055685043335,0,0.8887355923652649,0.11126437038183212
3221,16.105,-0.025153477,-0.021792978,-0.0053186864,-0.024024362,3220,16.1,16.110055685043335,0,0.8887355923652649,0.11126437038183212
3222,16.11,-0.002832209,0.0057520927,0.022736749,-0.008902116,3220,16.1,16.110055685043335,0,0.8887355923652649,0.11126437038183212
3223,16.115,0.028476957,0.040027555,0.05130307,0.013920943,3220,16.1,16.110055685043335,0,0.8887355923652649,0.11126437038183212
3224,16.12,0.047670618,0.060696542,0.06511392,0.031044787,3224,16.12,16.12028169631958,0,0.8898987174034119,0.11010128259658813
3225,16.125,0.039507214,0.0541526,0.056150187,0.032207243,3224,16.12,16.12028169631958,0,0.8898987174034119,0.11010128259658813
3226,16.13,0.0068988064,0.024283974,0.030051937,0.018702438,3224,16.12,16.12028169631958,0,0.8898987174034119,0.11010128259658813
3227,16.135,-0.029584412,-0.009430526,0.0025054743,0.0028443784,3224,16.12,16.12028169631958,0,0.8898987174034119,0.11010128259658813
3228,16.14,-0.046260867,-0.026274284,-0.012357493,-0.0021909368,3228,16.14,16.140461206436157,0,0.8818963766098022,0.11810365319252014
3229,16.145,-0.03419842,-0.020146018,-0.012520866,0.00604882,3228,16.14,16.140461206436157,0,0.8818963766098022,0.11810365319252014
3230,16.15,-0.0060676867,-0.003974286,-0.0090354085,0.016426047,3228,16.14,16.140461206436157,0,0.8818963766098022,0.11810365319252014
3231,16.155,0.013676582,0.0011060928,-0.016522674,0.013002786,3228,16.14,16.140461206436157,0,0.8818963766098022,0.11810365319252014
3232,16.16,0.007549711,-0.016879074,-0.04071118,-0.011446542,3232,16.16,16.170462131500244,0,0.8902062773704529,0.10979368537664413
3233,16.165,-0.021817675,-0.05072164,-0.07264813,-0.048082326,3232,16.16,16.170462131500244,0,0.8902062773704529,0.10979368537664413
3234,16.17,-0.053846024,-0.079048395,-0.093977526,-0.07679757,3232,16.16,16.170462131500244,0,0.8902062773704529,0.10979368537664413
3235,16.175,-0.06516201,-0.08193096,-0.08933355,-0.07970129,3232,16.16,16.170462131500244,0,0.8902062773704529,0.10979368537664413
3236,16.18,-0.045770794,-0.054571837,-0.05667476,-0.05317583,3236,16.18,16.190096378326416,0,0.8902360796928406,0.10976395010948181
3237,16.185,-0.0043466757,-0.0089612445,-0.008151683,-0.009610002,3236,16.18,16.190096378326416,0,0.8902360796928406,0.10976395010948181
3238,16.19,0.0398632,0.036158167,0.038430315,0.031906936,3236,16.18,16.190096378326416,0,0.8902360796928406,0.10976395010948181
3239,16.195,0.07046503,0.06754408,0.070368476,0.058084555,3236,16.18,16.190096378326416,0,0.8902360796928406,0.10976395010948181
3240,16.2,0.08191965,0.0824316,0.08509633,0.06752109,3240,16.2,16.21026635169983,0,0.8893091678619385,0.11069086939096451
3241,16.205,0.07796302,0.08474307,0.087357655,0.06704484,3240,16.2,16.21026635169983,0,0.8893091678619385,0.11069086939096451
3242,16.21,0.064887166,0.078576475,0.082844384,0.06320924,3240,16.2,16.21026635169983,0,0.8893091678619385,0.11069086939096451
3243,16.215,0.04671694,0.06533399,0.073988475,0.0567754,3240,16.2,16.21026635169983,0,0.8893091678619385,0.11069086939096451
3244,16.22,0.025177367,0.04540227,0.060017306,0.044017773,3244,16.22,16.226439952850342,0,0.8800681233406067,0.11993183195590973
3245,16.225,0.0020967869,0.020721367,0.039484113,0.02232478,3244,16.22,16.226439952850342,0,0.8800681233406067,0.11993183195590973
3246,16.23,-0.019557422,-0.0051075807,0.012549031,-0.0056312094,3244,16.22,16.226439952850342,0,0.8800681233406067,0.11993183195590973
3247,16.235,-0.037394524,-0.029098652,-0.018392658,-0.03297164,3244,16.22,16.226439952850342,0,0.8800681233406067,0.11993183195590973
3248,16.24,-0.052103717,-0.050902784,-0.049647104,-0.053821016,3248,16.24,16.242130041122437,0,0.8727834224700928,0.12721651792526245
3249,16.245,-0.067309454,-0.07212604,-0.077669926,-0.06757918,3248,16.24,16.242130041122437,0,0.8727834224700928,0.12721651792526245
3250,16.25,-0.08522388,-0.09280241,-0.099528655,-0.07765647,3248,16.24,16.242130041122437,0,0.8727834224700928,0.12721651792526245
3251,16.255,-0.10101989,-0.10770617,-0.11169981,-0.08524573,3248,16.24,16.242130041122437,0,0.8727834224700928,0.12721651792526245
3252,16.26,-0.102051556,-0.10653429,-0.10879957,-0.08438536,3252,16.26,16.276031494140625,0,0.8895887136459351,0.11041127890348434
3253,16.265,-0.075493254,-0.07995049,-0.08530197,-0.064780846,3252,16.26,16.276031494140625,0,0.8895887136459351,0.11041127890348434
3254,16.27,-0.02017474,-0.028402863,-0.041005947,-0.021933679,3252,16.26,16.276031494140625,0,0.8895887136459351,0.11041127890348434
3255,16.275,0.047492187,0.03348413,0.013998291,0.034081798,3252,16.26,16.276031494140625,0,0.8895887136459351,0.11041127890348434
3256,16.28,0.100539856,0.08249696,0.061219588,0.080759704,3256,16.28,16.298200368881226,0,0.8757941126823425,0.12420592457056046
3257,16.285,0.11791,0.1004,0.08397106,0.09704279,3256,16.28,16.298200368881226,0,0.8757941126823425,0.12420592457056046
3258,16.29,0.09826907,0.08606763,0.07898105,0.07876673,3256,16.28,16.298200368881226,0,0.8757941126823425,0.12420592457056046
3259,16.295,0.06055944,0.05655626,0.05935905,0.0427829,3256,16.28,16.298200368881226,0,0.8757941126823425,0.12420592457056046
3260,16.3,0.030897511,0.03551489,0.045284368,0.015627,3260,16.3,16.310232639312744,0,0.8796346187591553,0.12036538124084473
3261,16.305,0.025507728,0.0371072,0.04924876,0.015180955,3260,16.3,16.310232639312744,0,0.8796346187591553,0.12036538124084473
3262,16.31,0.041400358,0.056939717,0.067280754,0.039041147,3260,16.3,16.310232639312744,0,0.8796346187591553,0.12036538124084473
3263,16.315,0.059964977,0.07585094,0.08229971,0.06723202,3260,16.3,16.310232639312744,0,0.8796346187591553,0.12036538124084473
3264,16.32,0.059626617,0.072912715,0.0760609,0.075748496,3264,16.32,16.325180053710938,0,0.8796749711036682,0.1203249841928482
3265,16.325,0.02888144,0.03831406,0.040663227,0.050796088,3264,16.32,16.325180053710938,0,0.8796749711036682,0.1203249841928482
3266,16.33,-0.027488433,-0.021525595,-0.017299272,-0.004547462,3264,16.32,16.325180053710938,0,0.8796749711036682,0.1203249841928482
3267,16.335,-0.09119159,-0.0880201,-0.08070631,-0.07300405,3264,16.32,16.325180053710938,0,0.8796749711036682,0.1203249841928482
3268,16.34,-0.13970204,-0.13970572,-0.13012114,-0.1316885,3268,16.34,16.340335369110107,0,0.8646354079246521,0.1353646069765091
3269,16.345,-0.15704569,-0.16137545,-0.15160717,-0.16182609,3268,16.34,16.340335369110107,0,0.8646354079246521,0.1353646069765091
3270,16.35,-0.14071679,-0.14927147,-0.14123307,-0.15569924,3268,16.34,16.340335369110107,0,0.8646354079246521,0.1353646069765091
3271,16.355,-0.10104411,-0.1108374,-0.105234526,-0.118319005,3268,16.34,16.340335369110107,0,0.8646354079246521,0.1353646069765091
3272,16.36,-0.053384777,-0.05962436,-0.056178126,-0.063289836,3272,16.36,16.37590789794922,0,0.8828628659248352,0.11713717877864838
3273,16.365,-0.008481985,-0.008166395,-0.00695859,-0.00532453,3272,16.36,16.37590789794922,0,0.8828628659248352,0.11713717877864838
3274,16.37,0.0317056,0.036797497,0.034141175,0.04577611,3272,16.36,16.37590789794922,0,0.8828628659248352,0.11713717877864838
3275,16.375,0.069526546,0.07367914,0.064465046,0.08595465,3272,16.36,16.37590789794922,0,0.8828628659248352,0.11713717877864838
3276,16.38,0.10331574,0.101465814,0.084226795,0.113459416,3276,16.38,16.390270471572876,0,0.8775823712348938,0.1224176436662674
3277,16.385,0.124376826,0.11664821,0.093482226,0.12597433,3276,16.38,16.390270471572876,0,0.8775823712348938,0.1224176436662674
3278,16.39,0.123513244,0.1155205,0.09217357,0.12180691,3276,16.38,16.390270471572876,0,0.8775823712348938,0.1224176436662674
3279,16.395,0.1009647,0.09932277,0.08249103,0.103152364,3276,16.38,16.390270471572876,0,0.8775823712348938,0.1224176436662674
3280,16.4,0.068765506,0.07559359,0.0694148,0.07634942,3280,16.4,16.41036057472229,0,0.8749770522117615,0.1250229924917221
3281,16.405,0.04164869,0.05282523,0.0572052,0.047508564,3280,16.4,16.41036057472229,0,0.8749770522117615,0.1250229924917221
3282,16.41,0.024840925,0.033370983,0.045015235,0.017998097,3280,16.4,16.41036057472229,0,0.8749770522117615,0.1250229924917221
3283,16.415,0.010937508,0.012238159,0.027007341,-0.014717585,3280,16.4,16.41036057472229,0,0.8749770522117615,0.1250229924917221
3284,16.42,-0.011113545,-0.016605888,-0.001945794,-0.051248755,3284,16.42,16.42805504798889,0,0.8498342633247375,0.15016572177410126
3285,16.425,-0.0441013,-0.052690443,-0.04006913,-0.08576236,3284,16.42,16.42805504798889,0,0.8498342633247375,0.15016572177410126
3286,16.43,-0.0791413,-0.087565035,-0.07802775,-0.10805722,3284,16.42,16.42805504798889,0,0.8498342633247375,0.15016572177410126
3287,16.435,-0.10303441,-0.11037477,-0.1045245,-0.11072459,3284,16.42,16.42805504798889,0,0.8498342633247375,0.15016572177410126
3288,16.44,-0.108585775,-0.115108185,-0.11321593,-0.094873875,3288,16.44,16.442607402801514,0,0.8845241665840149,0.11547577381134033
3289,16.445,-0.098724976,-0.10364157,-0.10548537,-0.06951453,3288,16.44,16.442607402801514,0,0.8845241665840149,0.11547577381134033
3290,16.45,-0.082058266,-0.08302594,-0.08770001,-0.045410626,3288,16.44,16.442607402801514,0,0.8845241665840149,0.11547577381134033
3291,16.455,-0.06477282,-0.059819326,-0.065797426,-0.028307104,3288,16.44,16.442607402801514,0,0.8845241665840149,0.11547577381134033
3292,16.46,-0.045819946,-0.03575578,-0.041323792,-0.01612217,3292,16.46,16.470969676971436,0,0.8790191411972046,0.12098083645105362
3293,16.465,-0.01898578,-0.0077888467,-0.011575637,-0.0015343918,3292,16.46,16.470969676971436,0,0.8790191411972046,0.12098083645105362
3294,16.47,0.019923083,0.027413953,0.026251025,0.021937182,3292,16.46,16.470969676971436,0,0.8790191411972046,0.12098083645105362
3295,16.475,0.06653312,0.06788028,0.069818206,0.0542561,3292,16.46,16.470969676971436,0,0.8790191411972046,0.12098083645105362
3296,16.48,0.10776459,0.10460306,0.109651305,0.087500066,3296,16.48,16.490354776382446,0,0.8867861032485962,0.1132139265537262
3297,16.485,0.12924138,0.12613155,0.13307133,0.110254616,3296,16.48,16.490354776382446,0,0.8867861032485962,0.1132139265537262
3298,16.49,0.124948315,0.12634814,0.13208775,0.115015864,3296,16.48,16.490354776382446,0,0.8867861032485962,0.1132139265537262
3299,16.495,0.10108164,0.10859951,0.10908788,0.10282879,3296,16.48,16.490354776382446,0,0.8867861032485962,0.1132139265537262
3300,16.5,0.07039087,0.081978746,0.074895956,0.08094185,3300,16.5,16.510103225708008,0,0.8736082315444946,0.12639181315898895
3301,16.505,0.041670494,0.052888475,0.040104978,0.055268474,3300,16.5,16.510103225708008,0,0.8736082315444946,0.12639181315898895
3302,16.51,0.013728858,0.019988675,0.0072122263,0.024814377,3300,16.5,16.510103225708008,0,0.8736082315444946,0.12639181315898895
3303,16.515,-0.020655608,-0.022166442,-0.028871732,-0.015866274,3300,16.5,16.510103225708008,0,0.8736082315444946,0.12639181315898895
3304,16.52,-0.06433387,-0.07382742,-0.07200825,-0.06771258,3304,16.52,16.527713298797607,0,0.8423337340354919,0.15766626596450806
3305,16.525,-0.10849987,-0.123993665,-0.11612455,-0.1202803,3304,16.52,16.527713298797607,0,0.8423337340354919,0.15766626596450806
3306,16.53,-0.13563699,-0.1541473,-0.14556335,-0.15460788,3304,16.52,16.527713298797607,0,0.8423337340354919,0.15766626596450806
3307,16.535,-0.13110055,-0.1497435,-0.14512527,-0.15478477,3304,16.52,16.527713298797607,0,0.8423337340354919,0.15766626596450806
3308,16.54,-0.09424938,-0.110467784,-0.11133387,-0.11897147,3308,16.54,16.543012857437134,0,0.8863855004310608,0.11361446231603622
3309,16.545,-0.040115062,-0.051151562,-0.05545881,-0.060915645,3308,16.54,16.543012857437134,0,0.8863855004310608,0.11361446231603622
3310,16.55,0.009823883,0.007079722,0.0035119762,-0.0013028187,3308,16.54,16.543012857437134,0,0.8863855004310608,0.11361446231603622
3311,16.555,0.040572885,0.048373815,0.049428884,0.04365473,3308,16.54,16.543012857437134,0,0.8863855004310608,0.11361446231603622
3312,16.56,0.050682895,0.06834585,0.07519912,0.06829796,3312,16.56,16.570319652557373,0,0.8611843585968018,0.13881570100784302
3313,16.565,0.049311202,0.07214522,0.08220701,0.07604898,3312,16.56,16.570319652557373,0,0.8611843585968018,0.13881570100784302
3314,16.57,0.047160033,0.06790941,0.07614224,0.07400001,3312,16.56,16.570319652557373,0,0.8611843585968018,0.13881570100784302
3315,16.575,0.04894495,0.061241858,0.06337065,0.06821394,3312,16.56,16.570319652557373,0,0.8611843585968018,0.13881570100784302
3316,16.58,0.05231403,0.053815633,0.049183957,0.06168735,3316,16.58,16.590270280838013,0,0.8877650499343872,0.11223500221967697
3317,16.585,0.05221799,0.045224957,0.0369452,0.054391887,3316,16.58,16.590270280838013,0,0.8877650499343872,0.11223500221967697
3318,16.59,0.045776963,0.035126276,0.027368378,0.04435319,3316,16.58,16.590270280838013,0,0.8877650499343872,0.11223500221967697
3319,16.595,0.03348099,0.02359207,0.018459482,0.02929863,3316,16.58,16.590270280838013,0,0.8877650499343872,0.11223500221967697
3320,16.6,0.016830992,0.010124185,0.006879699,0.00852113,3320,16.6,16.610330820083618,0,0.8651053309440613,0.1348946988582611
3321,16.605,-0.003828098,-0.0065301866,-0.009543821,-0.01578856,3320,16.6,16.610330820083618,0,0.8651053309440613,0.1348946988582611
3322,16.61,-0.028120918,-0.026516201,-0.029546512,-0.038627442,3320,16.6,16.610330820083618,0,0.8651053309440613,0.1348946988582611
3323,16.615,-0.052350152,-0.04652552,-0.048070453,-0.054086972,3320,16.6,16.610330820083618,0,0.8651053309440613,0.1348946988582611
3324,16.62,-0.06882606,-0.060181726,-0.058713973,-0.058514014,3324,16.62,16.620028495788574,0,0.8780132532119751,0.12198670953512192
3325,16.625,-0.07057272,-0.062326238,-0.058028605,-0.05321334,3324,16.62,16.620028495788574,0,0.8780132532119751,0.12198670953512192
3326,16.63,-0.057929497,-0.05390987,-0.048597783,-0.04438345,3324,16.62,16.620028495788574,0,0.8780132532119751,0.12198670953512192
3327,16.635,-0.039821498,-0.042099066,-0.037581407,-0.039106824,3324,16.62,16.620028495788574,0,0.8780132532119751,0.12198670953512192
3328,16.64,-0.026560783,-0.033934284,-0.030649636,-0.039342288,3328,16.64,16.644408702850342,0,0.8886994123458862,0.11130061000585556
3329,16.645,-0.019980662,-0.028780093,-0.026046045,-0.03876987,3328,16.64,16.644408702850342,0,0.8886994123458862,0.11130061000585556
3330,16.65,-0.010971244,-0.017549368,-0.01486838,-0.026449464,3328,16.64,16.644408702850342,0,0.8886994123458862,0.11130061000585556
3331,16.655,0.0117909685,0.008965357,0.01123835,0.004190386,3328,16.64,16.644408702850342,0,0.8886994123458862,0.11130061000585556
3332,16.66,0.049448613,0.049568113,0.050983746,0.048034217,3332,16.66,16.675106287002563,0,0.8899210691452026,0.1100788563489914
3333,16.665,0.08883436,0.08997789,0.091069944,0.08925707,3332,16.66,16.675106287002563,0,0.8899210691452026,0.1100788563489914
3334,16.67,0.110859856,0.111168556,0.11317299,0.110416286,3332,16.66,16.675106287002563,0,0.8899210691452026,0.1100788563489914
3335,16.675,0.103821896,0.10190024,0.1050322,0.10263709,3332,16.66,16.675106287002563,0,0.8899210691452026,0.1100788563489914
3336,16.68,0.07025316,0.06545094,0.067623116,0.06961857,3336,16.68,16.692370653152466,0,0.8909251093864441,0.1090749204158783
3337,16.685,0.023235234,0.01650027,0.014273028,0.024078686,3336,16.68,16.692370653152466,0,0.8909251093864441,0.1090749204158783
3338,16.69,-0.022370791,-0.02781811,-0.03653146,-0.019213593,3336,16.68,16.692370653152466,0,0.8909251093864441,0.1090749204158783
3339,16.695,-0.05618659,-0.055962157,-0.06987919,-0.049249,3336,16.68,16.692370653152466,0,0.8909251093864441,0.1090749204158783
3340,16.7,-0.073714174,-0.06538115,-0.080421135,-0.061822742,3340,16.7,16.702589750289917,0,0.8675184845924377,0.13248154520988464
3341,16.705,-0.075458646,-0.061349254,-0.07320618,-0.060046732,3340,16.7,16.702589750289917,0,0.8675184845924377,0.13248154520988464
3342,16.71,-0.06605811,-0.052811764,-0.059165932,-0.052202944,3340,16.7,16.702589750289917,0,0.8675184845924377,0.13248154520988464
3343,16.715,-0.0527486,-0.047048878,-0.047721747,-0.046920914,3340,16.7,16.702589750289917,0,0.8675184845924377,0.13248154520988464
3344,16.72,-0.041958123,-0.04556228,-0.041133642,-0.04771097,3344,16.72,16.728583812713623,0,0.8883015513420105,0.11169841885566711
3345,16.725,-0.035391822,-0.0436939,-0.03449488,-0.050570704,3344,16.72,16.728583812713623,0,0.8883015513420105,0.11169841885566711
3346,16.73,-0.028899368,-0.03449372,-0.021139711,-0.046849657,3344,16.72,16.728583812713623,0,0.8883015513420105,0.11169841885566711
3347,16.735,-0.015809925,-0.014177608,0.0011619943,-0.029530635,3344,16.72,16.728583812713623,0,0.8883015513420105,0.11169841885566711
3348,16.74,0.007407485,0.014851628,0.028317718,0.0016734715,3348,16.74,16.74836015701294,0,0.889223575592041,0.11077647656202316
3349,16.745,0.037554286,0.045426313,0.053326994,0.039878972,3348,16.74,16.74836015701294,0,0.889223575592041,0.11077647656202316
3350,16.75,0.06594773,0.069792986,0.071172126,0.07483029,3348,16.74,16.74836015701294,0,0.889223575592041,0.11077647656202316
3351,16.755,0.083208956,0.0828595,0.08040255,0.09743803,3348,16.74,16.74836015701294,0,0.889223575592041,0.11077647656202316
3352,16.76,0.083720475,0.082356565,0.08043398,0.10194016,3352,16.76,16.76011371612549,0,0.8910725712776184,0.10892745852470398
3353,16.765,0.06712218,0.06730826,0.06843821,0.08578068,3352,16.76,16.76011371612549,0,0.8910725712776184,0.10892745852470398
3354,16.77,0.03743836,0.037995115,0.040575903,0.04981237,3352,16.76,16.76011371612549,0,0.8910725712776184,0.10892745852470398
3355,16.775,0.0018100116,-0.001606573,-0.0022411335,0.00025572296,3352,16.76,16.76011371612549,0,0.8910725712776184,0.10892745852470398
3356,16.78,-0.030699385,-0.04185923,-0.049640696,-0.049888827,3356,16.78,16.795106649398804,0,0.8718022704124451,0.12819774448871613
3357,16.785,-0.05134241,-0.069816194,-0.08436006,-0.08392435,3356,16.78,16.795106649398804,0,0.8718022704124451,0.12819774448871613
3358,16.79,-0.05515961,-0.075850114,-0.0921267,-0.08955732,3356,16.78,16.795106649398804,0,0.8718022704124451,0.12819774448871613
3359,16.795,-0.04359487,-0.059679657,-0.071414664,-0.06682458,3356,16.78,16.795106649398804,0,0.8718022704124451,0.12819774448871613
3360,16.8,-0.023760248,-0.03049708,-0.034586582,-0.028903574,3360,16.8,16.800244331359863,0,0.8857051134109497,0.1142948642373085
3361,16.805,-0.004337761,-0.000787684,0.00095893495,0.006046132,3360,16.8,16.800244331359863,0,0.8857051134109497,0.1142948642373085
3362,16.81,0.008942317,0.02101454,0.024177115,0.026079806,3360,16.8,16.800244331359863,0,0.8857051134109497,0.1142948642373085
3363,16.815,0.0148920445,0.033071287,0.034757193,0.030794807,3360,16.8,16.800244331359863,0,0.8857051134109497,0.1142948642373085
3364,16.82,0.014777914,0.036675304,0.03776548,0.027035985,3364,16.82,16.820189952850342,0,0.8877853155136108,0.11221472173929214
3365,16.825,0.009115711,0.03140949,0.03511727,0.01999782,3364,16.82,16.820189952850342,0,0.8877853155136108,0.11221472173929214
3366,16.83,-0.0030395524,0.01482651,0.023210034,0.008788978,3364,16.82,16.820189952850342,0,0.8877853155136108,0.11221472173929214
3367,16.835,-0.02107652,-0.012315051,-0.0006019056,-0.00927749,3364,16.82,16.820189952850342,0,0.8877853155136108,0.11221472173929214
3368,16.84,-0.038959246,-0.040805973,-0.029737566,-0.030651689,3368,16.84,16.844412088394165,0,0.8869200944900513,0.11307992786169052
3369,16.845,-0.04552007,-0.05488032,-0.048322875,-0.043311104,3368,16.84,16.844412088394165,0,0.8869200944900513,0.11307992786169052
3370,16.85,-0.031211501,-0.042421967,-0.041845314,-0.03464834,3368,16.84,16.844412088394165,0,0.8869200944900513,0.11307992786169052
3371,16.855,0.0027679591,-0.0059625157,-0.009959654,-0.0033505077,3368,16.84,16.844412088394165,0,0.8869200944900513,0.11307992786169052
3372,16.86,0.041401252,0.0358844,0.030629672,0.036141597,3372,16.86,16.87019181251526,0,0.8899721503257751,0.11002781987190247
3373,16.865,0.06394578,0.059836663,0.056978066,0.06209931,3372,16.86,16.87019181251526,0,0.8899721503257751,0.11002781987190247
3374,16.87,0.058521163,0.05405937,0.05574169,0.06051768,3372,16.86,16.87019181251526,0,0.8899721503257751,0.11002781987190247
3375,16.875,0.031203182,0.02585585,0.03099141,0.03414817,3372,16.86,16.87019181251526,0,0.8899721503257751,0.11002781987190247
3376,16.88,0.0010920863,-0.0053145653,-0.0013486545,-0.0013147986,3376,16.88,16.890340328216553,0,0.8893321752548218,0.11066785454750061
3377,16.885,-0.014925541,-0.023064543,-0.026004152,-0.02926736,3376,16.88,16.890340328216553,0,0.8893321752548218,0.11066785454750061
3378,16.89,-0.014478263,-0.0245056,-0.03682377,-0.041803706,3376,16.88,16.890340328216553,0,0.8893321752548218,0.11066785454750061
3379,16.895,-0.008545119,-0.018130647,-0.03601574,-0.040449105,3376,16.88,16.890340328216553,0,0.8893321752548218,0.11066785454750061
3380,16.9,-0.00882213,-0.013048101,-0.0279485,-0.030374086,3380,16.9,16.91028094291687,0,0.887622594833374,0.11237739771604538
3381,16.905,-0.015986737,-0.010434491,-0.014807121,-0.0150944805,3380,16.9,16.91028094291687,0,0.887622594833374,0.11237739771604538
3382,16.91,-0.01978802,-0.0046108807,0.00252396,0.0039012078,3380,16.9,16.91028094291687,0,0.887622594833374,0.11237739771604538
3383,16.915,-0.010400902,0.00854458,0.021003978,0.02389299,3380,16.9,16.91028094291687,0,0.887622594833374,0.11237739771604538
3384,16.92,0.010058086,0.024727646,0.0341668,0.038573254,3384,16.92,16.920156002044678,0,0.888961136341095,0.11103883385658264
3385,16.925,0.02691507,0.03268592,0.03495862,0.03979426,3384,16.92,16.920156002044678,0,0.888961136341095,0.11103883385658264
3386,16.93,0.024186632,0.022861615,0.02047532,0.022758638,3384,16.92,16.920156002044678,0,0.888961136341095,0.11103883385658264
3387,16.935,-0.001877174,-0.0042261477,-0.0051530413,-0.009073357,3384,16.92,16.920156002044678,0,0.888961136341095,0.11103883385658264
3388,16.94,-0.03820686,-0.03665902,-0.03183495,-0.04333178,3388,16.94,16.940446853637695,0,0.8843330144882202,0.11566698551177979
3389,16.945,-0.06279366,-0.05766911,-0.047900055,-0.063757986,3388,16.94,16.940446853637695,0,0.8843330144882202,0.11566698551177979
3390,16.95,-0.058894396,-0.055211067,-0.045413535,-0.05860736,3388,16.94,16.940446853637695,0,0.8843330144882202,0.11566698551177979
3391,16.955,-0.025597947,-0.028528532,-0.023921624,-0.027621958,3388,16.94,16.940446853637695,0,0.8843330144882202,0.11566698551177979
3392,16.96,0.021681713,0.011486207,0.008953355,0.016844753,3392,16.96,16.97045922279358,0,0.8893138766288757,0.11068616062402725
3393,16.965,0.060358766,0.047697026,0.040393177,0.055704657,3392,16.96,16.97045922279358,0,0.8893138766288757,0.11068616062402725
3394,16.97,0.07352907,0.06507262,0.057781413,0.07293284,3392,16.96,16.97045922279358,0,0.8893138766288757,0.11068616062402725
3395,16.975,0.058819626,0.05800458,0.05444278,0.0636295,3392,16.96,16.97045922279358,0,0.8893138766288757,0.11068616062402725
3396,16.98,0.028057905,0.03264386,0.0328342,0.035548914,3396,16.98,16.9937162399292,0,0.8903147578239441,0.10968524217605591
3397,16.985,-0.0016132777,0.0025269988,0.0030459645,0.003343501,3396,16.98,16.9937162399292,0,0.8903147578239441,0.10968524217605591
3398,16.99,-0.018744381,-0.019890154,-0.02287025,-0.020448202,3396,16.98,16.9937162399292,0,0.8903147578239441,0.10968524217605591
3399,16.995,-0.022897786,-0.029809712,-0.037142422,-0.03149888,3396,16.98,16.9937162399292,0,0.8903147578239441,0.10968524217605591
3400,17.0,-0.021190152,-0.030151337,-0.03885519,-0.033100516,3400,17.0,17.0011944770813,0,0.8835740685462952,0.11642587929964066
3401,17.005,-0.020155467,-0.026143178,-0.031711303,-0.030499674,3400,17.0,17.0011944770813,0,0.8835740685462952,0.11642587929964066
3402,17.01,-0.020393316,-0.020219529,-0.020010734,-0.025771547,3400,17.0,17.0011944770813,0,0.8835740685462952,0.11642587929964066
3403,17.015,-0.018077958,-0.011883838,-0.0068295114,-0.017741889,3400,17.0,17.0011944770813,0,0.8835740685462952,0.11642587929964066
3404,17.02,-0.010640213,-0.0013838373,0.0049950643,-0.0060605407,3404,17.02,17.02236580848694,0,0.8887195587158203,0.11128043383359909
3405,17.025,-0.00032945455,0.008070123,0.012127511,0.005858259,3404,17.02,17.02236580848694,0,0.8887195587158203,0.11128043383359909
3406,17.03,0.0077683027,0.012621197,0.012616477,0.012878656,3404,17.02,17.02236580848694,0,0.8887195587158203,0.11128043383359909
3407,17.035,0.010588521,0.011834829,0.00851863,0.013054726,3404,17.02,17.02236580848694,0,0.8887195587158203,0.11128043383359909
3408,17.04,0.009362119,0.009283354,0.0052523846,0.0095589645,3408,17.04,17.04464602470398,0,0.8900080323219299,0.10999190807342529
3409,17.045,0.0071909223,0.008495883,0.0070258346,0.0069827787,3408,17.04,17.04464602470398,0,0.8900080323219299,0.10999190807342529
3410,17.05,0.005266642,0.008917623,0.012766158,0.006108664,3408,17.04,17.04464602470398,0,0.8900080323219299,0.10999190807342529
3411,17.055,0.002327517,0.0068663787,0.01721884,0.0034521893,3408,17.04,17.04464602470398,0,0.8900080323219299,0.10999190807342529
3412,17.06,-0.0022763647,0.000647264,0.016342368,-0.0035266895,3412,17.06,17.075080633163452,0,0.8908571004867554,0.10914284735918045
3413,17.065,-0.0060796477,-0.006207575,0.011137071,-0.011550591,3412,17.06,17.075080633163452,0,0.8908571004867554,0.10914284735918045
3414,17.07,-0.005200466,-0.007884069,0.005684946,-0.013186474,3412,17.06,17.075080633163452,0,0.8908571004867554,0.10914284735918045
3415,17.075,0.0010855297,-0.0027792235,0.0017738832,-0.0041555786,3412,17.06,17.075080633163452,0,0.8908571004867554,0.10914284735918045
3416,17.08,0.007922773,0.0034940895,-0.0035490047,0.011086212,3416,17.08,17.0901517868042,0,0.8903841376304626,0.10961584001779556
3417,17.085,0.007890629,0.0024384693,-0.014427308,0.021569,3416,17.08,17.0901517868042,0,0.8903841376304626,0.10961584001779556
3418,17.09,-0.0026229504,-0.009311305,-0.03038272,0.018280074,3416,17.08,17.0901517868042,0,0.8903841376304626,0.10961584001779556
3419,17.095,-0.019223798,-0.025830619,-0.04458236,0.0014829537,3416,17.08,17.0901517868042,0,0.8903841376304626,0.10961584001779556
3420,17.1,-0.031292424,-0.035516858,-0.048166387,-0.019045653,3420,17.1,17.110262870788574,0,0.8876827359199524,0.11231724172830582
3421,17.105,-0.028639443,-0.029289277,-0.0364749,-0.030417178,3420,17.1,17.110262870788574,0,0.8876827359199524,0.11231724172830582
3422,17.11,-0.008453702,-0.0068200477,-0.011866745,-0.024575947,3420,17.1,17.110262870788574,0,0.8876827359199524,0.11231724172830582
3423,17.115,0.021774394,0.023044415,0.017944789,-0.00301412,3420,17.1,17.110262870788574,0,0.8876827359199524,0.11231724172830582
3424,17.12,0.047090087,0.046807602,0.043273605,0.023597691,3424,17.12,17.132487297058105,0,0.8895148634910583,0.11048516631126404
3425,17.125,0.052736357,0.05286107,0.055426586,0.040537465,3424,17.12,17.132487297058105,0,0.8895148634910583,0.11048516631126404
3426,17.13,0.033343963,0.03751919,0.049692746,0.037159607,3424,17.12,17.132487297058105,0,0.8895148634910583,0.11048516631126404
3427,17.135,-0.001727232,0.008101524,0.028547782,0.014149718,3424,17.12,17.132487297058105,0,0.8895148634910583,0.11048516631126404
3428,17.14,-0.031993628,-0.019671297,0.0024366875,-0.015390791,3428,17.14,17.144165992736816,0,0.8850712776184082,0.11492869257926941
3429,17.145,-0.038414024,-0.030408638,-0.014887032,-0.033598207,3428,17.14,17.144165992736816,0,0.8850712776184082,0.11492869257926941
3430,17.15,-0.01714177,-0.019189373,-0.014968252,-0.029984497,3428,17.14,17.144165992736816,0,0.8850712776184082,0.11492869257926941
3431,17.155,0.016575221,0.0046735043,-0.00069363875,-0.00882518,3428,17.14,17.144165992736816,0,0.8850712776184082,0.11492869257926941
3432,17.16,0.038855463,0.024126863,0.015842872,0.014480124,3432,17.16,17.178503274917603,0,0.8895877599716187,0.11041226238012314
3433,17.165,0.034406945,0.026390878,0.022230048,0.025004135,3432,17.16,17.178503274917603,0,0.8895877599716187,0.11041226238012314
3434,17.17,0.0066086417,0.010789018,0.0138354,0.017989265,3432,17.16,17.178503274917603,0,0.8895877599716187,0.11041226238012314
3435,17.175,-0.027128767,-0.013193636,-0.0051268684,-0.0005405147,3432,17.16,17.178503274917603,0,0.8895877599716187,0.11041226238012314
3436,17.18,-0.049229518,-0.034158118,-0.026618063,-0.020425873,3436,17.18,17.190184831619263,0,0.890072762966156,0.1099272072315216
3437,17.185,-0.052569203,-0.04524927,-0.043827295,-0.03376861,3436,17.18,17.190184831619263,0,0.890072762966156,0.1099272072315216
3438,17.19,-0.04055008,-0.04459758,-0.052202705,-0.03642676,3436,17.18,17.190184831619263,0,0.890072762966156,0.1099272072315216
3439,17.195,-0.020081704,-0.032522578,-0.048233908,-0.026655462,3436,17.18,17.190184831619263,0,0.890072762966156,0.1099272072315216
3440,17.2,0.003931026,-0.010512116,-0.030150972,-0.0052897236,3440,17.2,17.210232734680176,0,0.8899912238121033,0.11000876873731613
3441,17.205,0.028116785,0.016927266,-0.0011915906,0.02202636,3440,17.2,17.210232734680176,0,0.8899912238121033,0.11000876873731613
3442,17.21,0.047128275,0.04098853,0.02858591,0.044443976,3440,17.2,17.210232734680176,0,0.8899912238121033,0.11000876873731613
3443,17.215,0.052977998,0.05125973,0.045909874,0.05040922,3440,17.2,17.210232734680176,0,0.8899912238121033,0.11000876873731613
3444,17.22,0.039597128,0.04172519,0.04224855,0.03502158,3444,17.22,17.233420610427856,0,0.8898686170578003,0.1101313978433609
3445,17.225,0.00916014,0.015704986,0.020254692,0.0045522787,3444,17.22,17.233420610427856,0,0.8898686170578003,0.1101313978433609
3446,17.23,-0.025942728,-0.014528855,-0.0068042926,-0.02598517,3444,17.22,17.233420610427856,0,0.8898686170578003,0.1101313978433609
3447,17.235,-0.04865164,-0.034007765,-0.022890052,-0.041084003,3444,17.22,17.233420610427856,0,0.8898686170578003,0.1101313978433609
3448,17.24,-0.04724865,-0.033416893,-0.019014446,-0.033463147,3448,17.24,17.244227409362793,0,0.8760511875152588,0.12394877523183823
3449,17.245,-0.022669401,-0.014163971,0.0016401121,-0.007847016,3448,17.24,17.244227409362793,0,0.8760511875152588,0.12394877523183823
3450,17.25,0.012226277,0.012888217,0.026412075,0.022039624,3448,17.24,17.244227409362793,0,0.8760511875152588,0.12394877523183823
3451,17.255,0.04052206,0.03375138,0.041277118,0.040918693,3448,17.24,17.244227409362793,0,0.8760511875152588,0.12394877523183823
3452,17.26,0.050291233,0.038478944,0.038689453,0.03944803,3452,17.26,17.27022886276245,0,0.8895353078842163,0.1104646846652031
3453,17.265,0.03916316,0.025269154,0.020444721,0.018131841,3452,17.26,17.27022886276245,0,0.8895353078842163,0.1104646846652031
3454,17.27,0.013226507,0.00021326369,-0.0050725685,-0.013588768,3452,17.26,17.27022886276245,0,0.8895353078842163,0.1104646846652031
3455,17.275,-0.01700921,-0.026140908,-0.02818165,-0.042046532,3452,17.26,17.27022886276245,0,0.8895353078842163,0.1104646846652031
3456,17.28,-0.0406452,-0.04339103,-0.042015094,-0.055571154,3456,17.28,17.29023766517639,0,0.8877565860748291,0.11224345862865448
3457,17.285,-0.049616225,-0.04537184,-0.043911982,-0.04957318,3456,17.28,17.29023766517639,0,0.8877565860748291,0.11224345862865448
3458,17.29,-0.041397836,-0.032457035,-0.0349583,-0.028213825,3456,17.28,17.29023766517639,0,0.8877565860748291,0.11224345862865448
3459,17.295,-0.02036864,-0.011033072,-0.0189725,-0.0017161058,3456,17.28,17.29023766517639,0,0.8877565860748291,0.11224345862865448
3460,17.3,0.003961063,0.009965964,-0.0011805751,0.019379275,3460,17.3,17.310188055038452,0,0.8897736668586731,0.11022637784481049
3461,17.305,0.021945499,0.023735156,0.01364465,0.029665478,3460,17.3,17.310188055038452,0,0.8897736668586731,0.11022637784481049
3462,17.31,0.02898689,0.028540203,0.022951651,0.030609189,3460,17.3,17.310188055038452,0,0.8897736668586731,0.11022637784481049
3463,17.315,0.027114376,0.027104773,0.026782239,0.02769811,3460,17.3,17.310188055038452,0,0.8897736668586731,0.11022637784481049
3464,17.32,0.022147793,0.023472121,0.02640874,0.025549795,3464,17.32,17.332461833953857,0,0.8876781463623047,0.11232184618711472
3465,17.325,0.019203307,0.02015471,0.022669833,0.024929654,3464,17.32,17.332461833953857,0,0.8876781463623047,0.11232184618711472
3466,17.33,0.019814357,0.017425332,0.0158106,0.023637868,3464,17.32,17.332461833953857,0,0.8876781463623047,0.11232184618711472
3467,17.335,0.021746436,0.014318971,0.006888843,0.019665455,3464,17.32,17.332461833953857,0,0.8876781463623047,0.11232184618711472
3468,17.34,0.020719687,0.009833217,-0.0012080778,0.013239765,3468,17.34,17.345039129257202,0,0.888049304485321,0.11195073276758194
3469,17.345,0.012999816,0.003479697,-0.005015665,0.005971333,3468,17.34,17.345039129257202,0,0.888049304485321,0.11195073276758194
3470,17.35,-0.0021391837,-0.0046892078,-0.0035094984,-0.001477271,3468,17.34,17.345039129257202,0,0.888049304485321,0.11195073276758194
3471,17.355,-0.02148738,-0.014231401,-4.352057e-05,-0.01029697,3468,17.34,17.345039129257202,0,0.888049304485321,0.11195073276758194
3472,17.36,-0.039547507,-0.02450208,-0.00072556536,-0.02187605,3472,17.36,17.37731623649597,0,0.8900537490844727,0.10994627326726913
3473,17.365,-0.051879928,-0.03478094,-0.009901633,-0.035487384,3472,17.36,17.37731623649597,0,0.8900537490844727,0.10994627326726913
3474,17.37,-0.057438657,-0.04416807,-0.026395526,-0.048050348,3472,17.36,17.37731623649597,0,0.8900537490844727,0.10994627326726913
3475,17.375,-0.057774525,-0.05118759,-0.043773703,-0.056258738,3472,17.36,17.37731623649597,0,0.8900537490844727,0.10994627326726913
3476,17.38,-0.053862948,-0.05337371,-0.054325175,-0.05851682,3476,17.38,17.391255855560303,0,0.8906532526016235,0.10934670269489288
3477,17.385,-0.043745007,-0.047427643,-0.053232156,-0.05441117,3476,17.38,17.391255855560303,0,0.8906532526016235,0.10934670269489288
3478,17.39,-0.023620697,-0.030443914,-0.03977714,-0.042662017,3476,17.38,17.391255855560303,0,0.8906532526016235,0.10934670269489288
3479,17.395,0.008142112,-0.0019810216,-0.01577113,-0.02070632,3476,17.38,17.391255855560303,0,0.8906532526016235,0.10934670269489288
3480,17.4,0.047462247,0.034208663,0.015989212,0.012583141,3480,17.4,17.410194396972656,0,0.8906309604644775,0.10936900973320007
3481,17.405,0.08468744,0.070227854,0.051220417,0.053245913,3480,17.4,17.410194396972656,0,0.8906309604644775,0.10936900973320007
3482,17.41,0.10866803,0.0963382,0.082673885,0.09138299,3480,17.4,17.410194396972656,0,0.8906309604644775,0.10936900973320007
3483,17.415,0.111895,0.10447366,0.10054775,0.11454639,3480,17.4,17.410194396972656,0,0.8906309604644775,0.10936900973320007
3484,17.42,0.09324936,0.09114442,0.09616079,0.113292724,3484,17.42,17.432896614074707,0,0.8886025547981262,0.1113974079489708
3485,17.425,0.05720997,0.058563724,0.06709405,0.08558294,3484,17.42,17.432896614074707,0,0.8886025547981262,0.1113974079489708
3486,17.43,0.011338801,0.014143113,0.020296793,0.03815935,3484,17.42,17.432896614074707,0,0.8886025547981262,0.1113974079489708
3487,17.435,-0.035439692,-0.031065952,-0.029399231,-0.015266141,3484,17.42,17.432896614074707,0,0.8886025547981262,0.1113974079489708
3488,17.44,-0.07350117,-0.06516719,-0.06540981,-0.058701143,3488,17.44,17.440328359603882,0,0.8505785465240479,0.14942151308059692
3489,17.445,-0.09413894,-0.07972656,-0.07743373,-0.080456644,3488,17.44,17.440328359603882,0,0.8505785465240479,0.14942151308059692
3490,17.45,-0.09303901,-0.07384588,-0.06658712,-0.07853069,3488,17.44,17.440328359603882,0,0.8505785465240479,0.14942151308059692
3491,17.455,-0.07305881,-0.054415684,-0.043537345,-0.0605942,3488,17.44,17.440328359603882,0,0.8505785465240479,0.14942151308059692
3492,17.46,-0.042951204,-0.031190785,-0.02044682,-0.037768215,3492,17.46,17.478073835372925,0,0.8856807947158813,0.11431920528411865
3493,17.465,-0.012527129,-0.010644338,-0.0033403006,-0.017328015,3492,17.46,17.478073835372925,0,0.8856807947158813,0.11431920528411865
3494,17.47,0.0114373835,0.0056032506,0.008465227,-0.0009126657,3492,17.46,17.478073835372925,0,0.8856807947158813,0.11431920528411865
3495,17.475,0.025674282,0.017093819,0.016519291,0.011222964,3492,17.46,17.478073835372925,0,0.8856807947158813,0.11431920528411865
3496,17.48,0.029104993,0.02120791,0.018566411,0.016274234,3496,17.48,17.490142822265625,0,0.8840543627738953,0.11594560742378235
3497,17.485,0.022947907,0.015123341,0.010802189,0.010799659,3496,17.48,17.490142822265625,0,0.8840543627738953,0.11594560742378235
3498,17.49,0.011843575,0.00078945945,-0.0058291634,-0.0037036797,3496,17.48,17.490142822265625,0,0.8840543627738953,0.11594560742378235
3499,17.495,0.0026636606,-0.013804946,-0.02321163,-0.018753989,3496,17.48,17.490142822265625,0,0.8840543627738953,0.11594560742378235
3500,17.5,0.00026105653,-0.019672424,-0.030939832,-0.023763597,3500,17.5,17.506526708602905,0,0.8876258134841919,0.1123741939663887
3501,17.505,0.004226901,-0.013246209,-0.023713773,-0.013508175,3500,17.5,17.506526708602905,0,0.8876258134841919,0.1123741939663887
3502,17.51,0.010617261,0.0022596351,-0.004227065,0.008627901,3500,17.5,17.506526708602905,0,0.8876258134841919,0.1123741939663887
3503,17.515,0.016740967,0.020818586,0.019907665,0.033523995,3500,17.5,17.506526708602905,0,0.8876258134841919,0.1123741939663887
3504,17.52,0.022915287,0.037342723,0.040708587,0.05146476,3504,17.52,17.527074098587036,0,0.8874211311340332,0.1125788688659668
3505,17.525,0.028810171,0.04746301,0.051807977,0.055508647,3504,17.52,17.527074098587036,0,0.8874211311340332,0.1125788688659668
3506,17.53,0.02959037,0.04610661,0.048763346,0.04300691,3504,17.52,17.527074098587036,0,0.8874211311340332,0.1125788688659668
3507,17.535,0.018490456,0.029739538,0.030765226,0.01707639,3504,17.52,17.527074098587036,0,0.8874211311340332,0.1125788688659668
3508,17.54,-0.0052334866,0.0015983948,0.0033760476,-0.01270308,3508,17.54,17.541211366653442,0,0.885154664516449,0.11484535783529282
3509,17.545,-0.031856094,-0.026698576,-0.021964727,-0.033485997,3508,17.54,17.541211366653442,0,0.885154664516449,0.11484535783529282
3510,17.55,-0.04684064,-0.04159993,-0.03410168,-0.036709152,3508,17.54,17.541211366653442,0,0.885154664516449,0.11484535783529282
3511,17.555,-0.042430613,-0.037733607,-0.029991698,-0.024706818,3508,17.54,17.541211366653442,0,0.885154664516449,0.11484535783529282
3512,17.56,-0.023903437,-0.021988712,-0.016776636,-0.009505469,3512,17.56,17.575542211532593,0,0.8888279795646667,0.11117202043533325
3513,17.565,-0.0041958583,-0.0069615757,-0.005236794,-0.0030744772,3512,17.56,17.575542211532593,0,0.8888279795646667,0.11117202043533325
3514,17.57,0.007569133,0.00019057201,-0.00030338485,-0.0069882795,3512,17.56,17.575542211532593,0,0.8888279795646667,0.11117202043533325
3515,17.575,0.01226403,0.0026208856,0.002207824,-0.011364147,3512,17.56,17.575542211532593,0,0.8888279795646667,0.11117202043533325
3516,17.58,0.01634889,0.007906475,0.009323285,-0.004868281,3516,17.58,17.594489336013794,0,0.8899158835411072,0.11008407175540924
3517,17.585,0.022647327,0.017963609,0.021472353,0.013253119,3516,17.58,17.594489336013794,0,0.8899158835411072,0.11008407175540924
3518,17.59,0.02642253,0.025525399,0.029860137,0.030835595,3516,17.58,17.594489336013794,0,0.8899158835411072,0.11008407175540924
3519,17.595,0.020611826,0.021030491,0.024041288,0.03305136,3516,17.58,17.594489336013794,0,0.8899158835411072,0.11008407175540924
3520,17.6,0.004409579,0.0030169608,0.0026658901,0.016083177,3520,17.6,17.608864545822144,0,0.8902818560600281,0.10971808433532715
3521,17.605,-0.013796044,-0.01847526,-0.023238987,-0.008476168,3520,17.6,17.608864545822144,0,0.8902818560600281,0.10971808433532715
3522,17.61,-0.022289287,-0.029097345,-0.03806583,-0.02271624,3520,17.6,17.608864545822144,0,0.8902818560600281,0.10971808433532715
3523,17.615,-0.015462037,-0.021582553,-0.03365385,-0.01707662,3520,17.6,17.608864545822144,0,0.8902818560600281,0.10971808433532715
3524,17.62,0.0012503135,-0.0016485106,-0.015271587,0.0017501442,3524,17.62,17.623537063598633,0,0.8863133788108826,0.11368662863969803
3525,17.625,0.014577505,0.015752692,0.002563979,0.0156232,3524,17.62,17.623537063598633,0,0.8863133788108826,0.11368662863969803
3526,17.63,0.01196767,0.016240567,0.006050937,0.008175905,3524,17.62,17.623537063598633,0,0.8863133788108826,0.11368662863969803
3527,17.635,-0.010182027,-0.0048145168,-0.009400399,-0.023152897,3524,17.62,17.623537063598633,0,0.8863133788108826,0.11368662863969803
3528,17.64,-0.043028243,-0.038484063,-0.036289677,-0.063858435,3528,17.64,17.642507553100586,0,0.886193573474884,0.11380646377801895
3529,17.645,-0.0683864,-0.06553642,-0.058121275,-0.08960799,3528,17.64,17.642507553100586,0,0.886193573474884,0.11380646377801895
3530,17.65,-0.06778647,-0.065998934,-0.057210937,-0.08000404,3528,17.64,17.642507553100586,0,0.886193573474884,0.11380646377801895
3531,17.655,-0.03360924,-0.031161036,-0.024635267,-0.03124117,3528,17.64,17.642507553100586,0,0.886193573474884,0.11380646377801895
3532,17.66,0.024380028,0.029004881,0.032603644,0.040105276,3532,17.66,17.670292139053345,0,0.8902668356895447,0.10973311215639114
3533,17.665,0.0825165,0.089177854,0.09267108,0.10518934,3532,17.66,17.670292139053345,0,0.8902668356895447,0.10973311215639114
3534,17.67,0.11562736,0.12214525,0.12936838,0.138156,3532,17.66,17.670292139053345,0,0.8902668356895447,0.10973311215639114
3535,17.675,0.11034714,0.113825105,0.12617917,0.12876274,3532,17.66,17.670292139053345,0,0.8902668356895447,0.10973311215639114
3536,17.68,0.07080065,0.069846876,0.08493026,0.08496497,3536,17.68,17.690379858016968,0,0.8898804783821106,0.11011945456266403
3537,17.685,0.014435545,0.010408071,0.023872394,0.025895044,3536,17.68,17.690379858016968,0,0.8898804783821106,0.11011945456266403
3538,17.69,-0.03738364,-0.041432768,-0.032774296,-0.028299095,3536,17.68,17.690379858016968,0,0.8898804783821106,0.11011945456266403
3539,17.695,-0.06808069,-0.07010571,-0.06700777,-0.06374735,3536,17.68,17.690379858016968,0,0.8898804783821106,0.11011945456266403
3540,17.7,-0.07117633,-0.072122835,-0.07439461,-0.07572668,3540,17.7,17.710428953170776,0,0.8565102219581604,0.143489807844162
3541,17.705,-0.051958255,-0.055007886,-0.063481405,-0.0683085,3540,17.7,17.710428953170776,0,0.8565102219581604,0.143489807844162
3542,17.71,-0.024838105,-0.03226113,-0.04835012,-0.051404383,3540,17.7,17.710428953170776,0,0.8565102219581604,0.143489807844162
3543,17.715,-0.0058368226,-0.016169513,-0.03899033,-0.035343487,3540,17.7,17.710428953170776,0,0.8565102219581604,0.143489807844162
3544,17.72,-0.003159391,-0.011460239,-0.035730697,-0.025197076,3544,17.72,17.72734832763672,0,0.8872055411338806,0.11279449611902237
3545,17.725,-0.012462013,-0.013807783,-0.031572275,-0.019009138,3544,17.72,17.72734832763672,0,0.8872055411338806,0.11279449611902237
3546,17.73,-0.021365177,-0.014780762,-0.02028433,-0.011824937,3544,17.72,17.72734832763672,0,0.8872055411338806,0.11279449611902237
3547,17.735,-0.020085033,-0.009550054,-0.0031442184,-0.0020004893,3544,17.72,17.72734832763672,0,0.8872055411338806,0.11279449611902237
3548,17.74,-0.009158419,-0.00079608563,0.011698219,0.006372192,3548,17.74,17.740494966506958,0,0.8892397880554199,0.1107601672410965
3549,17.745,0.0023534151,0.004567138,0.016509885,0.0074772527,3548,17.74,17.740494966506958,0,0.8892397880554199,0.1107601672410965
3550,17.75,0.006143249,0.0027225753,0.011178703,0.00042204023,3548,17.74,17.740494966506958,0,0.8892397880554199,0.1107601672410965
3551,17.755,0.0028391797,-0.0023742209,0.003992011,-0.007878494,3548,17.74,17.740494966506958,0,0.8892397880554199,0.1107601672410965
3552,17.76,0.0018420254,-0.0012545568,0.0055426373,-0.0065887882,3552,17.76,17.775397539138794,0,0.8903259038925171,0.10967408865690231
3553,17.765,0.012954471,0.013441546,0.020809589,0.011082424,3552,17.76,17.775397539138794,0,0.8903259038925171,0.10967408865690231
3554,17.77,0.036854498,0.039901484,0.045166366,0.04167733,3552,17.76,17.775397539138794,0,0.8903259038925171,0.10967408865690231
3555,17.775,0.062496953,0.06631172,0.06662234,0.071691245,3552,17.76,17.775397539138794,0,0.8903259038925171,0.10967408865690231
3556,17.78,0.07395276,0.077426404,0.07247913,0.084645465,3556,17.78,17.794767141342163,0,0.8903370499610901,0.1096629798412323
3557,17.785,0.061423834,0.06413223,0.056380425,0.07091548,3556,17.78,17.794767141342163,0,0.8903370499610901,0.1096629798412323
3558,17.79,0.027816761,0.029287832,0.021964088,0.03398722,3556,17.78,17.794767141342163,0,0.8903370499610901,0.1096629798412323
3559,17.795,-0.013579703,-0.013914757,-0.018652568,-0.011163544,3556,17.78,17.794767141342163,0,0.8903370499610901,0.1096629798412323
3560,17.8,-0.047179814,-0.049145103,-0.05056858,-0.046493985,3560,17.8,17.808475971221924,0,0.8754221796989441,0.12457780539989471
3561,17.805,-0.062283874,-0.064487755,-0.062878646,-0.0603073,3560,17.8,17.808475971221924,0,0.8754221796989441,0.12457780539989471
3562,17.81,-0.05585567,-0.05660802,-0.053180344,-0.05175733,3560,17.8,17.808475971221924,0,0.8754221796989441,0.12457780539989471
3563,17.815,-0.03233396,-0.031255994,-0.028097134,-0.029015582,3560,17.8,17.808475971221924,0,0.8754221796989441,0.12457780539989471
3564,17.82,-0.0026644128,-0.0012675207,-0.00024580138,-0.0042545376,3564,17.82,17.823965072631836,0,0.888482391834259,0.11151760071516037
3565,17.825,0.018335868,0.01782659,0.016841495,0.010880572,3564,17.82,17.823965072631836,0,0.888482391834259,0.11151760071516037
3566,17.83,0.018351361,0.014780538,0.014349266,0.008546386,3564,17.82,17.823965072631836,0,0.888482391834259,0.11151760071516037
3567,17.835,-0.0041213515,-0.010154388,-0.007274057,-0.012165898,3564,17.82,17.823965072631836,0,0.888482391834259,0.11151760071516037
3568,17.84,-0.0361243,-0.043062866,-0.037205223,-0.042863987,3568,17.84,17.84044313430786,0,0.8891183733940125,0.11088156700134277
3569,17.845,-0.056660518,-0.063090116,-0.058575567,-0.06745032,3568,17.84,17.84044313430786,0,0.8891183733940125,0.11088156700134277
3570,17.85,-0.050451927,-0.05530347,-0.05730375,-0.06960942,3568,17.84,17.84044313430786,0,0.8891183733940125,0.11088156700134277
3571,17.855,-0.018710805,-0.020757463,-0.030523475,-0.042835556,3568,17.84,17.84044313430786,0,0.8891183733940125,0.11088156700134277
3572,17.86,0.021969745,0.024135465,0.011267647,0.004218833,3572,17.86,17.86011576652527,0,0.8899960517883301,0.11000391095876694
3573,17.865,0.051459357,0.05844379,0.050167453,0.051834483,3572,17.86,17.86011576652527,0,0.8899960517883301,0.11000391095876694
3574,17.87,0.058577035,0.0691752,0.07077871,0.08033101,3572,17.86,17.86011576652527,0,0.8899960517883301,0.11000391095876694
3575,17.875,0.045015737,0.056532823,0.06739364,0.08049669,3572,17.86,17.86011576652527,0,0.8899960517883301,0.11000391095876694
3576,17.88,0.020472748,0.03033639,0.04479369,0.056923747,3576,17.88,17.890135288238525,0,0.8903937339782715,0.10960626602172852
3577,17.885,-0.0040737116,0.0029598554,0.0141763305,0.023722153,3576,17.88,17.890135288238525,0,0.8903937339782715,0.10960626602172852
3578,17.89,-0.019419791,-0.015428016,-0.011914243,-0.0031815206,3576,17.88,17.890135288238525,0,0.8903937339782715,0.10960626602172852
3579,17.895,-0.018638857,-0.018396333,-0.023473468,-0.012770258,3576,17.88,17.890135288238525,0,0.8903937339782715,0.10960626602172852
3580,17.9,0.00070599356,-0.0043645925,-0.016092751,-0.002877514,3580,17.9,17.90061378479004,0,0.8765244483947754,0.1234755590558052
3581,17.905,0.032282382,0.021263454,0.006506521,0.01888685,3580,17.9,17.90061378479004,0,0.8765244483947754,0.1234755590558052
3582,17.91,0.059838492,0.04545005,0.032247506,0.0377982,3580,17.9,17.90061378479004,0,0.8765244483947754,0.1234755590558052
3583,17.915,0.06403135,0.051953416,0.045145407,0.038682505,3580,17.9,17.90061378479004,0,0.8765244483947754,0.1234755590558052
3584,17.92,0.03503038,0.030599385,0.03385182,0.014554685,3584,17.92,17.924724817276,0,0.8882618546485901,0.11173815280199051
3585,17.925,-0.018227214,-0.014232893,-0.0005075817,-0.02772235,3584,17.92,17.924724817276,0,0.8882618546485901,0.11173815280199051
3586,17.93,-0.07074592,-0.06312453,-0.043210343,-0.06949981,3584,17.92,17.924724817276,0,0.8882618546485901,0.11173815280199051
3587,17.935,-0.096234724,-0.091703065,-0.073707506,-0.090348825,3584,17.92,17.924724817276,0,0.8882618546485901,0.11173815280199051
3588,17.94,-0.08416956,-0.08584329,-0.07801128,-0.08036166,3588,17.94,17.945769548416138,0,0.8795121908187866,0.1204877644777298
3589,17.945,-0.04654262,-0.051372364,-0.057330836,-0.046546344,3588,17.94,17.945769548416138,0,0.8795121908187866,0.1204877644777298
3590,17.95,-0.008773962,-0.010327362,-0.026482284,-0.008374402,3588,17.94,17.945769548416138,0,0.8795121908187866,0.1204877644777298
3591,17.955,0.008749614,0.014549444,-0.0028153888,0.015091852,3588,17.94,17.945769548416138,0,0.8795121908187866,0.1204877644777298
3592,17.96,0.0045407885,0.015766824,0.0061046164,0.017625965,3592,17.96,17.977312803268433,0,0.8851485848426819,0.11485137790441513
3593,17.965,-0.0053151883,0.0048945723,0.0063133077,0.008623078,3592,17.96,17.977312803268433,0,0.8851485848426819,0.11485137790441513
3594,17.97,-0.002133576,0.0010958202,0.009801418,0.0041044634,3592,17.96,17.977312803268433,0,0.8851485848426819,0.11485137790441513
3595,17.975,0.019497544,0.014284693,0.022486374,0.013321015,3592,17.96,17.977312803268433,0,0.8851485848426819,0.11485137790441513
3596,17.98,0.048138544,0.037565812,0.038908463,0.032076966,3596,17.98,17.99236297607422,0,0.8904836773872375,0.10951631516218185
3597,17.985,0.06623046,0.05486386,0.048212286,0.04779946,3596,17.98,17.99236297607422,0,0.8904836773872375,0.10951631516218185
3598,17.99,0.06447011,0.05545834,0.044890407,0.05074812,3596,17.98,17.99236297607422,0,0.8904836773872375,0.10951631516218185
3599,17.995,0.04704628,0.041625246,0.03347825,0.040913045,3596,17.98,17.99236297607422,0,0.8904836773872375,0.10951631516218185
3600,18.0,0.024994288,0.023830466,0.023223303,0.025577215,3600,18.0,18.01046848297119,0,0.8840293288230896,0.11597073823213577
3601,18.005,0.0061878576,0.010331043,0.018982245,0.0118378475,3600,18.0,18.01046848297119,0,0.8840293288230896,0.11597073823213577
3602,18.01,-0.008431088,0.0016184609,0.017368564,0.0017833591,3600,18.0,18.01046848297119,0,0.8840293288230896,0.11597073823213577
3603,18.015,-0.021252569,-0.0069786124,0.010737868,-0.006644737,3600,18.0,18.01046848297119,0,0.8840293288230896,0.11597073823213577
3604,18.02,-0.033242542,-0.019416356,-0.0058906875,-0.016092835,3604,18.02,18.028400897979736,0,0.8796833157539368,0.12031666934490204
3605,18.025,-0.043108415,-0.035593353,-0.030925434,-0.027465064,3604,18.02,18.028400897979736,0,0.8796833157539368,0.12031666934490204
3606,18.03,-0.04940629,-0.05169312,-0.056951094,-0.039568383,3604,18.02,18.028400897979736,0,0.8796833157539368,0.12031666934490204
3607,18.035,-0.051693104,-0.062083703,-0.074223936,-0.049377088,3604,18.02,18.028400897979736,0,0.8796833157539368,0.12031666934490204
3608,18.04,-0.04934628,-0.06137042,-0.07488093,-0.052503403,3608,18.04,18.043824672698975,0,0.8891536593437195,0.11084640771150589
3609,18.045,-0.040145,-0.046641972,-0.056652464,-0.044701308,3608,18.04,18.043824672698975,0,0.8891536593437195,0.11084640771150589
3610,18.05,-0.021001464,-0.019383281,-0.024470676,-0.024377998,3608,18.04,18.043824672698975,0,0.8891536593437195,0.11084640771150589
3611,18.055,0.009036795,0.014421344,0.011629592,0.0054945876,3608,18.04,18.043824672698975,0,0.8891536593437195,0.11084640771150589
3612,18.06,0.045504037,0.046423044,0.041555658,0.037548013,3612,18.06,18.060184001922607,0,0.8867006301879883,0.1132994070649147
3613,18.065,0.077684484,0.068771295,0.059573308,0.062184095,3612,18.06,18.060184001922607,0,0.8867006301879883,0.1132994070649147
3614,18.07,0.09219853,0.07610208,0.06496745,0.070774086,3612,18.06,18.060184001922607,0,0.8867006301879883,0.1132994070649147
3615,18.075,0.08028503,0.06664698,0.0595461,0.059128024,3612,18.06,18.060184001922607,0,0.8867006301879883,0.1132994070649147
3616,18.08,0.04433532,0.04301397,0.04533074,0.03022512,3616,18.08,18.09438395500183,0,0.8908308744430542,0.1091691330075264
3617,18.085,-0.0019614622,0.011937324,0.02448395,-0.0057763346,3616,18.08,18.09438395500183,0,0.8908308744430542,0.1091691330075264
3618,18.09,-0.041348666,-0.01821016,0.00026641545,-0.03579812,3616,18.08,18.09438395500183,0,0.8908308744430542,0.1091691330075264
3619,18.095,-0.06325163,-0.041334037,-0.023167217,-0.05079538,3616,18.08,18.09438395500183,0,0.8908308744430542,0.1091691330075264
3620,18.1,-0.06839038,-0.055846196,-0.042179674,-0.050530106,3620,18.1,18.110076904296875,0,0.8698952794075012,0.1301046907901764
3621,18.105,-0.06432831,-0.062958755,-0.054342013,-0.04194393,3620,18.1,18.110076904296875,0,0.8698952794075012,0.1301046907901764
3622,18.11,-0.056625687,-0.06270597,-0.057514146,-0.032135133,3620,18.1,18.110076904296875,0,0.8698952794075012,0.1301046907901764
3623,18.115,-0.0440034,-0.052171916,-0.049115796,-0.022181943,3620,18.1,18.110076904296875,0,0.8698952794075012,0.1301046907901764
3624,18.12,-0.021788621,-0.028595561,-0.027888767,-0.0077563543,3624,18.12,18.120215892791748,0,0.8881615996360779,0.11183840036392212
3625,18.125,0.010175291,0.005186456,0.0025971509,0.0139394,3624,18.12,18.120215892791748,0,0.8881615996360779,0.11183840036392212
3626,18.13,0.043443013,0.0388814,0.032719694,0.038030885,3624,18.12,18.120215892791748,0,0.8881615996360779,0.11183840036392212
3627,18.135,0.06547018,0.05982318,0.050941236,0.053586897,3624,18.12,18.120215892791748,0,0.8881615996360779,0.11183840036392212
3628,18.14,0.06901884,0.061596047,0.051183745,0.052347545,3628,18.14,18.144652366638184,0,0.8893488645553589,0.1106511726975441
3629,18.145,0.05759954,0.04855751,0.037148014,0.03629471,3628,18.14,18.144652366638184,0,0.8893488645553589,0.1106511726975441
3630,18.15,0.041659605,0.03180964,0.019220173,0.01637826,3628,18.14,18.144652366638184,0,0.8893488645553589,0.1106511726975441
3631,18.155,0.029270131,0.020141415,0.0064060404,0.003379442,3628,18.14,18.144652366638184,0,0.8893488645553589,0.1106511726975441
3632,18.16,0.020358862,0.0141937295,0.00052093866,-0.00029604044,3632,18.16,18.175417184829712,0,0.8879779577255249,0.11202205717563629
3633,18.165,0.009564566,0.008643054,-0.0025337082,-0.00039193907,3632,18.16,18.175417184829712,0,0.8879779577255249,0.11202205717563629
3634,18.17,-0.006205597,-0.0008350541,-0.006749003,-0.0034995237,3632,18.16,18.175417184829712,0,0.8879779577255249,0.11202205717563629
3635,18.175,-0.023912843,-0.01331667,-0.011963719,-0.010872239,3632,18.16,18.175417184829712,0,0.8879779577255249,0.11202205717563629
3636,18.18,-0.03799733,-0.024866993,-0.015588697,-0.019283662,3636,18.18,18.19040298461914,0,0.8885375261306763,0.11146252602338791
3637,18.185,-0.0467583,-0.033670988,-0.017122211,-0.026509658,3636,18.18,18.19040298461914,0,0.8885375261306763,0.11146252602338791
3638,18.19,-0.053737924,-0.04152384,-0.019446194,-0.034042984,3636,18.18,18.19040298461914,0,0.8885375261306763,0.11146252602338791
3639,18.195,-0.062025346,-0.049716823,-0.024906961,-0.043415185,3636,18.18,18.19040298461914,0,0.8885375261306763,0.11146252602338791
3640,18.2,-0.067674875,-0.054255433,-0.030641312,-0.050560758,3640,18.2,18.210124969482422,0,0.8901908993721008,0.10980907082557678
3641,18.205,-0.060286548,-0.046832357,-0.029144617,-0.04583994,3640,18.2,18.210124969482422,0,0.8901908993721008,0.10980907082557678
3642,18.21,-0.031892,-0.022163415,-0.014762469,-0.021812,3640,18.2,18.210124969482422,0,0.8901908993721008,0.10980907082557678
3643,18.215,0.0135319475,0.014820009,0.009758144,0.017761732,3640,18.2,18.210124969482422,0,0.8901908993721008,0.10980907082557678
3644,18.22,0.059271596,0.049335714,0.033286523,0.05680787,3644,18.22,18.22671103477478,0,0.8903670907020569,0.10963290929794312
3645,18.225,0.085638374,0.06555557,0.04356987,0.076297455,3644,18.22,18.22671103477478,0,0.8903670907020569,0.10963290929794312
3646,18.23,0.08261395,0.057044864,0.035729352,0.06705133,3644,18.22,18.22671103477478,0,0.8903670907020569,0.10963290929794312
3647,18.235,0.055419225,0.030576454,0.015094417,0.035624262,3644,18.22,18.22671103477478,0,0.8903670907020569,0.10963290929794312
3648,18.24,0.019689726,0.0009085654,-0.007199342,-0.0010749499,3648,18.24,18.242203950881958,0,0.8823660612106323,0.11763402074575424
3649,18.245,-0.008630373,-0.018666394,-0.021482274,-0.027304018,3648,18.24,18.242203950881958,0,0.8823660612106323,0.11763402074575424
3650,18.25,-0.021096412,-0.022990828,-0.024094636,-0.036835626,3648,18.24,18.242203950881958,0,0.8823660612106323,0.11763402074575424
3651,18.255,-0.018605191,-0.015434579,-0.01708007,-0.032898825,3648,18.24,18.242203950881958,0,0.8823660612106323,0.11763402074575424
3652,18.26,-0.008389191,-0.003489469,-0.004965328,-0.022082131,3652,18.26,18.260573863983154,0,0.8854357004165649,0.11456426978111267
3653,18.265,0.0010095191,0.006497002,0.008167147,-0.008688544,3652,18.26,18.260573863983154,0,0.8854357004165649,0.11456426978111267
3654,18.27,0.0043865493,0.012170988,0.019598262,0.006086263,3652,18.26,18.260573863983154,0,0.8854357004165649,0.11456426978111267
3655,18.275,0.0021153912,0.014579289,0.027325552,0.02109193,3652,18.26,18.260573863983154,0,0.8854357004165649,0.11456426978111267
3656,18.28,-0.0014097564,0.01540898,0.029382683,0.03256731,3656,18.28,18.290491580963135,0,0.8899252414703369,0.11007469892501831
3657,18.285,-0.0022747498,0.014572799,0.024249911,0.035063602,3656,18.28,18.290491580963135,0,0.8899252414703369,0.11007469892501831
3658,18.29,-0.00090013945,0.010132007,0.012185285,0.02530712,3656,18.28,18.290491580963135,0,0.8899252414703369,0.11007469892501831
3659,18.295,-0.0015688286,0.00058186386,-0.0037652652,0.005598329,3656,18.28,18.290491580963135,0,0.8899252414703369,0.11007469892501831
3660,18.3,-0.0076459283,-0.012479898,-0.018310357,-0.016251946,3660,18.3,18.31712794303894,0,0.8880789279937744,0.111921027302742
3661,18.305,-0.016951336,-0.023857486,-0.02620665,-0.030787043,3660,18.3,18.31712794303894,0,0.8880789279937744,0.111921027302742
3662,18.31,-0.022342352,-0.027602758,-0.025237108,-0.032300815,3660,18.3,18.31712794303894,0,0.8880789279937744,0.111921027302742
3663,18.315,-0.017999586,-0.021687739,-0.018053291,-0.022459026,3660,18.3,18.31712794303894,0,0.8880789279937744,0.111921027302742
3664,18.32,-0.0060223844,-0.0108007435,-0.011236406,-0.009640779,3664,18.32,18.32248544692993,0,0.8885073661804199,0.11149265617132187
3665,18.325,0.003469725,-0.004046488,-0.011312913,-0.0038200568,3664,18.32,18.32248544692993,0,0.8885073661804199,0.11149265617132187
3666,18.33,0.00029079453,-0.008101531,-0.019754225,-0.00976311,3664,18.32,18.32248544692993,0,0.8885073661804199,0.11149265617132187
3667,18.335,-0.015936881,-0.02082823,-0.030620094,-0.023067659,3664,18.32,18.32248544692993,0,0.8885073661804199,0.11149265617132187
3668,18.34,-0.032994505,-0.031141384,-0.033438876,-0.03228134,3668,18.34,18.340378284454346,0,0.8882793188095093,0.11172064393758774
3669,18.345,-0.034034103,-0.026380075,-0.020131463,-0.026264884,3668,18.34,18.340378284454346,0,0.8882793188095093,0.11172064393758774
3670,18.35,-0.010732998,-0.002085775,0.008740911,-0.0020288767,3668,18.34,18.340378284454346,0,0.8882793188095093,0.11172064393758774
3671,18.355,0.028846717,0.03338512,0.04306594,0.03233736,3668,18.34,18.340378284454346,0,0.8882793188095093,0.11172064393758774
3672,18.36,0.064362034,0.063272096,0.06847155,0.06177279,3672,18.36,18.375529050827026,0,0.8897976279258728,0.11020240932703018
3673,18.365,0.07659321,0.07287899,0.0742939,0.072811246,3672,18.36,18.375529050827026,0,0.8897976279258728,0.11020240932703018
3674,18.37,0.060210656,0.058609616,0.059026238,0.061093573,3672,18.36,18.375529050827026,0,0.8897976279258728,0.11020240932703018
3675,18.375,0.026391065,0.029190162,0.029989773,0.03302282,3672,18.36,18.375529050827026,0,0.8897976279258728,0.11020240932703018
3676,18.38,-0.006385393,-0.0014159362,-0.002019475,0.00077976607,3676,18.38,18.39039659500122,0,0.8882197737693787,0.11178023368120193
3677,18.385,-0.025715934,-0.023569936,-0.028927758,-0.025328962,3676,18.38,18.39039659500122,0,0.8882197737693787,0.11178023368120193
3678,18.39,-0.032010432,-0.0364165,-0.047887612,-0.041392226,3676,18.38,18.39039659500122,0,0.8882197737693787,0.11178023368120193
3679,18.395,-0.033781514,-0.0442566,-0.05888434,-0.04849399,3676,18.38,18.39039659500122,0,0.8882197737693787,0.11178023368120193
3680,18.4,-0.03689637,-0.04910302,-0.060742155,-0.048062854,3680,18.4,18.410411834716797,0,0.8844802379608154,0.1155197024345398
3681,18.405,-0.038263723,-0.047041263,-0.05031519,-0.039371066,3680,18.4,18.410411834716797,0,0.8844802379608154,0.1155197024345398
3682,18.41,-0.029671147,-0.03219502,-0.02631268,-0.021758394,3680,18.4,18.410411834716797,0,0.8844802379608154,0.1155197024345398
3683,18.415,-0.0076391003,-0.0045674043,0.005999142,0.0013212274,3680,18.4,18.410411834716797,0,0.8844802379608154,0.1155197024345398
3684,18.42,0.02044007,0.026133575,0.03481666,0.021679858,3684,18.42,18.427451133728027,0,0.8896774053573608,0.11032260954380035
3685,18.425,0.0400658,0.04536065,0.04828392,0.031106554,3684,18.42,18.427451133728027,0,0.8896774053573608,0.11032260954380035
3686,18.43,0.04042127,0.044090033,0.0428818,0.027632626,3684,18.42,18.427451133728027,0,0.8896774053573608,0.11032260954380035
3687,18.435,0.022973869,0.026028479,0.026456743,0.017377244,3684,18.42,18.427451133728027,0,0.8896774053573608,0.11032260954380035
3688,18.44,0.00051301945,0.005148284,0.012580644,0.009706316,3688,18.44,18.442286729812622,0,0.8884089589118958,0.11159107089042664
3689,18.445,-0.012526405,-0.0047892514,0.010347777,0.009638661,3688,18.44,18.442286729812622,0,0.8884089589118958,0.11159107089042664
3690,18.45,-0.010413174,-0.0001693969,0.017829405,0.014119941,3688,18.44,18.442286729812622,0,0.8884089589118958,0.11159107089042664
3691,18.455,0.00082756125,0.010881422,0.024301862,0.015226449,3688,18.44,18.442286729812622,0,0.8884089589118958,0.11159107089042664
3692,18.46,0.0089760525,0.015593299,0.018873032,0.0069951443,3692,18.46,18.470399379730225,0,0.8899669051170349,0.11003316193819046
3693,18.465,0.0044358196,0.00580142,-0.0018210979,-0.010305035,3692,18.46,18.470399379730225,0,0.8899669051170349,0.11003316193819046
3694,18.47,-0.014159061,-0.017524503,-0.032349113,-0.031399388,3692,18.46,18.470399379730225,0,0.8899669051170349,0.11003316193819046
3695,18.475,-0.039990883,-0.04606906,-0.062936336,-0.050074305,3692,18.46,18.470399379730225,0,0.8899669051170349,0.11003316193819046
3696,18.48,-0.061816346,-0.068901934,-0.0845658,-0.061478276,3696,18.48,18.494513034820557,0,0.8870446085929871,0.11295533925294876
3697,18.485,-0.06838267,-0.07634276,-0.090850204,-0.06138549,3696,18.48,18.494513034820557,0,0.8870446085929871,0.11295533925294876
3698,18.49,-0.052146517,-0.062173937,-0.07742524,-0.045465168,3696,18.48,18.494513034820557,0,0.8870446085929871,0.11295533925294876
3699,18.495,-0.012475756,-0.025651488,-0.0423822,-0.011703328,3696,18.48,18.494513034820557,0,0.8870446085929871,0.11295533925294876
3700,18.5,0.042076834,0.026311034,0.0107533755,0.035171494,3700,18.5,18.50921869277954,0,0.8899590373039246,0.11004093289375305
3701,18.505,0.09454868,0.07907613,0.07036414,0.082130454,3700,18.5,18.50921869277954,0,0.8899590373039246,0.11004093289375305
3702,18.51,0.12540632,0.11491834,0.11879682,0.1125892,3700,18.5,18.50921869277954,0,0.8899590373039246,0.11004093289375305
3703,18.515,0.121983856,0.121273115,0.13981147,0.115164034,3700,18.5,18.50921869277954,0,0.8899590373039246,0.11004093289375305
3704,18.52,0.08571463,0.09717008,0.1266296,0.089793526,3704,18.52,18.520365476608276,0,0.8886975646018982,0.11130251735448837
3705,18.525,0.031194016,0.052663386,0.08455881,0.046339303,3704,18.52,18.520365476608276,0,0.8886975646018982,0.11130251735448837
3706,18.53,-0.022927761,0.0018631925,0.02694028,-0.0025971052,3704,18.52,18.520365476608276,0,0.8886975646018982,0.11130251735448837
3707,18.535,-0.06405412,-0.04409896,-0.031141909,-0.047887765,3704,18.52,18.520365476608276,0,0.8886975646018982,0.11130251735448837
3708,18.54,-0.08881952,-0.07863997,-0.07661239,-0.08421883,3708,18.54,18.54035449028015,0,0.841330885887146,0.1586691439151764
3709,18.545,-0.09850475,-0.096956275,-0.099613,-0.10649869,3708,18.54,18.54035449028015,0,0.841330885887146,0.1586691439151764
3710,18.55,-0.09340062,-0.09476475,-0.095447525,-0.108567186,3708,18.54,18.54035449028015,0,0.841330885887146,0.1586691439151764
3711,18.555,-0.07264508,-0.07156922,-0.06796838,-0.08727472,3708,18.54,18.54035449028015,0,0.841330885887146,0.1586691439151764
3712,18.56,-0.038847793,-0.034736447,-0.030475195,-0.0479961,3712,18.56,18.561150312423706,0,0.8859865069389343,0.11401346325874329
3713,18.565,-0.0010937807,0.0015792019,-0.00041277314,-0.004890188,3712,18.56,18.561150312423706,0,0.8859865069389343,0.11401346325874329
3714,18.57,0.028219659,0.023654463,0.010074979,0.026126109,3712,18.56,18.561150312423706,0,0.8859865069389343,0.11401346325874329
3715,18.575,0.040615473,0.02618231,0.0009112975,0.036723662,3712,18.56,18.561150312423706,0,0.8859865069389343,0.11401346325874329
3716,18.58,0.03671351,0.014754585,-0.016902305,0.030640695,3716,18.58,18.590065956115723,0,0.8845295906066895,0.11547037959098816
3717,18.585,0.02531214,0.0014569095,-0.028773328,0.02026142,3716,18.58,18.590065956115723,0,0.8845295906066895,0.11547037959098816
3718,18.59,0.01752268,-0.002554864,-0.024734754,0.018282961,3716,18.58,18.590065956115723,0,0.8845295906066895,0.11547037959098816
3719,18.595,0.020359552,0.007474099,-0.0034631712,0.030235771,3716,18.58,18.590065956115723,0,0.8845295906066895,0.11547037959098816
3720,18.6,0.03349984,0.02863518,0.028702011,0.051942375,3720,18.6,18.610498428344727,0,0.8877066969871521,0.11229328066110611
3721,18.605,0.050056968,0.052457817,0.061386388,0.07231499,3720,18.6,18.610498428344727,0,0.8877066969871521,0.11229328066110611
3722,18.61,0.060020696,0.068518646,0.083970696,0.07917275,3720,18.6,18.610498428344727,0,0.8877066969871521,0.11229328066110611
3723,18.615,0.05466931,0.068376996,0.088669404,0.06509089,3720,18.6,18.610498428344727,0,0.8877066969871521,0.11229328066110611
3724,18.62,0.030704435,0.04910751,0.07295086,0.030933589,3724,18.62,18.620100259780884,0,0.8803250789642334,0.11967488378286362
3725,18.625,-0.0073108366,0.015137867,0.04075367,-0.014280272,3724,18.62,18.620100259780884,0,0.8803250789642334,0.11967488378286362
3726,18.63,-0.048015047,-0.023211751,0.0012667867,-0.057236876,3724,18.62,18.620100259780884,0,0.8803250789642334,0.11967488378286362
3727,18.635,-0.07840433,-0.054576993,-0.034964774,-0.08619422,3724,18.62,18.620100259780884,0,0.8803250789642334,0.11967488378286362
3728,18.64,-0.090525866,-0.072084345,-0.060539737,-0.09567904,3728,18.64,18.644328117370605,0,0.8720523118972778,0.12794765830039978
3729,18.645,-0.08486051,-0.07556193,-0.07315087,-0.08726276,3728,18.64,18.644328117370605,0,0.8720523118972778,0.12794765830039978
3730,18.65,-0.067457214,-0.06872033,-0.07380026,-0.066401586,3728,18.64,18.644328117370605,0,0.8720523118972778,0.12794765830039978
3731,18.655,-0.043422412,-0.05412351,-0.063626856,-0.03838273,3728,18.64,18.644328117370605,0,0.8720523118972778,0.12794765830039978
3732,18.66,-0.013295319,-0.03117189,-0.04305887,-0.006864289,3732,18.66,18.67178177833557,0,0.8864254355430603,0.11357462406158447
3733,18.665,0.023670603,0.00046056704,-0.014334979,0.024399552,3732,18.66,18.67178177833557,0,0.8864254355430603,0.11357462406158447
3734,18.67,0.06270699,0.03543011,0.01575245,0.04957295,3732,18.66,18.67178177833557,0,0.8864254355430603,0.11357462406158447
3735,18.675,0.09136118,0.06196074,0.03714746,0.061875895,3732,18.66,18.67178177833557,0,0.8864254355430603,0.11357462406158447
3736,18.68,0.09633107,0.06853685,0.042393688,0.057890058,3736,18.68,18.69041609764099,0,0.8873981237411499,0.1126018837094307
3737,18.685,0.07429184,0.053144146,0.03247531,0.041206747,3736,18.68,18.69041609764099,0,0.8873981237411499,0.1126018837094307
3738,18.69,0.036400095,0.026296018,0.016872343,0.021280577,3736,18.68,18.69041609764099,0,0.8873981237411499,0.1126018837094307
3739,18.695,0.0011681545,0.0038647992,0.0067009605,0.007351842,3736,18.68,18.69041609764099,0,0.8873981237411499,0.1126018837094307
3740,18.7,-0.018714035,-0.0047726445,0.0062969793,0.0020982858,3740,18.7,18.710400581359863,0,0.8774377107620239,0.12256234139204025
3741,18.705,-0.024076527,-0.0028352048,0.010681339,0.00066459837,3740,18.7,18.710400581359863,0,0.8774377107620239,0.12256234139204025
3742,18.71,-0.024957854,-0.00096581544,0.011450479,-0.0035744475,3740,18.7,18.710400581359863,0,0.8774377107620239,0.12256234139204025
3743,18.715,-0.028969884,-0.0057668234,0.005768894,-0.011412797,3740,18.7,18.710400581359863,0,0.8774377107620239,0.12256234139204025
3744,18.72,-0.03375842,-0.013142002,-0.00029929305,-0.01578529,3744,18.72,18.728411436080933,0,0.8830706477165222,0.11692932993173599
3745,18.725,-0.030835286,-0.013155782,0.00201675,-0.008370347,3744,18.72,18.728411436080933,0,0.8830706477165222,0.11692932993173599
3746,18.73,-0.016832603,-0.0019324471,0.013914437,0.010358024,3744,18.72,18.728411436080933,0,0.8830706477165222,0.11692932993173599
3747,18.735,-0.00051233143,0.011349863,0.024902146,0.027414817,3744,18.72,18.728411436080933,0,0.8830706477165222,0.11692932993173599
3748,18.74,0.0026618477,0.010443921,0.020083493,0.025314553,3748,18.74,18.74233102798462,0,0.8904517889022827,0.10954825580120087
3749,18.745,-0.0152950445,-0.013127518,-0.006602488,-0.0033309958,3748,18.74,18.74233102798462,0,0.8904517889022827,0.10954825580120087
3750,18.75,-0.044729367,-0.0495796,-0.044781365,-0.04684922,3748,18.74,18.74233102798462,0,0.8904517889022827,0.10954825580120087
3751,18.755,-0.062379953,-0.07497741,-0.072855696,-0.07982062,3748,18.74,18.74233102798462,0,0.8904517889022827,0.10954825580120087
3752,18.76,-0.04772603,-0.06779386,-0.07241315,-0.07976007,3752,18.76,18.772141218185425,0,0.8893368244171143,0.11066322773694992
3753,18.765,0.0007509221,-0.025204375,-0.04094741,-0.042907726,3752,18.76,18.772141218185425,0,0.8893368244171143,0.11066322773694992
3754,18.77,0.061954703,0.033344675,0.0060725277,0.012453356,3752,18.76,18.772141218185425,0,0.8893368244171143,0.11066322773694992
3755,18.775,0.104260504,0.07785407,0.04458188,0.05732723,3752,18.76,18.772141218185425,0,0.8893368244171143,0.11066322773694992
3756,18.78,0.10510773,0.086353965,0.056152094,0.06993086,3756,18.78,18.79441523551941,0,0.8874933123588562,0.11250672489404678
3757,18.785,0.0648474,0.057754207,0.038288232,0.04827592,3756,18.78,18.79441523551941,0,0.8874933123588562,0.11250672489404678
3758,18.79,0.0056597856,0.010948329,0.0049627186,0.009650706,3756,18.78,18.79441523551941,0,0.8874933123588562,0.11250672489404678
3759,18.795,-0.043281,-0.028305477,-0.02261521,-0.021856323,3756,18.78,18.79441523551941,0,0.8874933123588562,0.11250672489404678
3760,18.8,-0.063582264,-0.043184835,-0.029132372,-0.03082099,3760,18.8,18.808780908584595,0,0.8643193244934082,0.135680690407753
3761,18.805,-0.055858478,-0.033626765,-0.01371791,-0.01836302,3760,18.8,18.808780908584595,0,0.8643193244934082,0.135680690407753
3762,18.81,-0.033954833,-0.012082756,0.0115937395,0.0021713201,3760,18.8,18.808780908584595,0,0.8643193244934082,0.135680690407753
3763,18.815,-0.01199188,0.0076725497,0.031697925,0.017054915,3760,18.8,18.808780908584595,0,0.8643193244934082,0.135680690407753
3764,18.82,0.0043013385,0.019161455,0.03865566,0.0216558,3764,18.82,18.82601523399353,0,0.8872124552726746,0.11278752982616425
3765,18.825,0.016375592,0.023594787,0.034745887,0.02075904,3764,18.82,18.82601523399353,0,0.8872124552726746,0.11278752982616425
3766,18.83,0.026199132,0.024393067,0.027268391,0.02131848,3764,18.82,18.82601523399353,0,0.8872124552726746,0.11278752982616425
3767,18.835,0.03247264,0.022564951,0.020845354,0.02511847,3764,18.82,18.82601523399353,0,0.8872124552726746,0.11278752982616425
3768,18.84,0.03266008,0.016824156,0.014076945,0.027426599,3768,18.84,18.84129047393799,0,0.8892830610275269,0.11071695387363434
3769,18.845,0.026355626,0.0064403866,0.002472647,0.021507725,3768,18.84,18.84129047393799,0,0.8892830610275269,0.11071695387363434
3770,18.85,0.015033094,-0.0073024514,-0.016113749,0.0042974274,3768,18.84,18.84129047393799,0,0.8892830610275269,0.11071695387363434
3771,18.855,-0.0005513546,-0.022018075,-0.03853833,-0.020941181,3768,18.84,18.84129047393799,0,0.8892830610275269,0.11071695387363434
3772,18.86,-0.020122204,-0.035062082,-0.057592668,-0.045768574,3772,18.86,18.86313796043396,0,0.8903107643127441,0.10968916118144989
3773,18.865,-0.039894853,-0.04285208,-0.06553293,-0.060147215,3772,18.86,18.86313796043396,0,0.8903107643127441,0.10968916118144989
3774,18.87,-0.050805416,-0.04078651,-0.057541966,-0.05705845,3772,18.86,18.86313796043396,0,0.8903107643127441,0.10968916118144989
3775,18.875,-0.044322155,-0.026359076,-0.03422542,-0.03677789,3772,18.86,18.86313796043396,0,0.8903107643127441,0.10968916118144989
3776,18.88,-0.022059353,-0.0037348946,-0.0026570498,-0.008341216,3776,18.88,18.894620895385742,0,0.890049397945404,0.10995061695575714
3777,18.885,0.0015631943,0.015857516,0.025487067,0.014353754,3776,18.88,18.894620895385742,0,0.890049397945404,0.10995061695575714
3778,18.89,0.009411814,0.021087972,0.039635606,0.021100678,3776,18.88,18.894620895385742,0,0.890049397945404,0.10995061695575714
3779,18.895,-0.0029277995,0.010310869,0.03724506,0.012977005,3776,18.88,18.894620895385742,0,0.890049397945404,0.10995061695575714
3780,18.9,-0.021191275,-0.00516771,0.026109565,0.0020803437,3780,18.9,18.905284881591797,0,0.889835000038147,0.11016500741243362
3781,18.905,-0.023379939,-0.009234058,0.018437393,0.001984461,3780,18.9,18.905284881591797,0,0.889835000038147,0.11016500741243362
3782,18.91,0.0008416774,0.005231441,0.020465525,0.01594996,3780,18.9,18.905284881591797,0,0.889835000038147,0.11016500741243362
3783,18.915,0.039601468,0.029103585,0.02679376,0.033218794,3780,18.9,18.905284881591797,0,0.889835000038147,0.11016500741243362
3784,18.92,0.067211136,0.04360593,0.02533098,0.03752059,3784,18.92,18.920288562774658,0,0.888353168964386,0.11164683848619461
3785,18.925,0.06469797,0.035679795,0.008875147,0.021085273,3784,18.92,18.920288562774658,0,0.888353168964386,0.11164683848619461
3786,18.93,0.034762464,0.00885918,-0.01734713,-0.007940668,3784,18.92,18.920288562774658,0,0.888353168964386,0.11164683848619461
3787,18.935,-0.0015261872,-0.019773485,-0.039284326,-0.031330816,3784,18.92,18.920288562774658,0,0.888353168964386,0.11164683848619461
3788,18.94,-0.02272962,-0.03359869,-0.045426622,-0.03501074,3788,18.94,18.944137811660767,0,0.8742556571960449,0.12574435770511627
3789,18.945,-0.023469856,-0.028948056,-0.03545355,-0.019626528,3788,18.94,18.944137811660767,0,0.8742556571960449,0.12574435770511627
3790,18.95,-0.01519542,-0.015417322,-0.018625781,0.0012611412,3788,18.94,18.944137811660767,0,0.8742556571960449,0.12574435770511627
3791,18.955,-0.011960418,-0.0046946197,-0.0041784793,0.0133748455,3788,18.94,18.944137811660767,0,0.8742556571960449,0.12574435770511627
3792,18.96,-0.015597253,0.0009239246,0.0067544198,0.013560953,3792,18.96,18.97769832611084,0,0.8892496228218079,0.11075040698051453
3793,18.965,-0.014692515,0.009153495,0.0200022,0.011023072,3792,18.96,18.97769832611084,0,0.8892496228218079,0.11075040698051453
3794,18.97,0.0018341255,0.026959565,0.039371517,0.017040787,3792,18.96,18.97769832611084,0,0.8892496228218079,0.11075040698051453
3795,18.975,0.030140854,0.04936303,0.05895155,0.032572042,3792,18.96,18.97769832611084,0,0.8892496228218079,0.11075040698051453
3796,18.98,0.050805166,0.059814934,0.06496675,0.045297477,3796,18.98,18.995267152786255,0,0.8893292546272278,0.11067070811986923
3797,18.985,0.043849878,0.043218847,0.046514347,0.039334185,3796,18.98,18.995267152786255,0,0.8893292546272278,0.11067070811986923
3798,18.99,0.006198169,0.00018953466,0.0059469435,0.009341896,3796,18.98,18.995267152786255,0,0.8893292546272278,0.11067070811986923
3799,18.995,-0.043997463,-0.050523743,-0.04035396,-0.03326229,3796,18.98,18.995267152786255,0,0.8893292546272278,0.11067070811986923
3800,19.0,-0.07956704,-0.08381786,-0.07167527,-0.06718536,3800,19.0,19.01043939590454,0,0.8772420883178711,0.12275797128677368
3801,19.005,-0.08229032,-0.08432473,-0.07540534,-0.07531369,3800,19.0,19.01043939590454,0,0.8772420883178711,0.12275797128677368
3802,19.01,-0.052699406,-0.0545187,-0.053267058,-0.0550209,3800,19.0,19.01043939590454,0,0.8772420883178711,0.12275797128677368
3803,19.015,-0.006661445,-0.010672029,-0.018385556,-0.018218894,3800,19.0,19.01043939590454,0,0.8772420883178711,0.12275797128677368
3804,19.02,0.03557277,0.027880628,0.013008895,0.016957287,3804,19.02,19.02813482284546,0,0.8895843625068665,0.11041561514139175
3805,19.025,0.058942527,0.047806017,0.029236414,0.035975214,3804,19.02,19.02813482284546,0,0.8895843625068665,0.11041561514139175
3806,19.03,0.05747071,0.04499293,0.026672125,0.033558164,3804,19.02,19.02813482284546,0,0.8895843625068665,0.11041561514139175
3807,19.035,0.034040883,0.02340932,0.009324343,0.013963401,3804,19.02,19.02813482284546,0,0.8895843625068665,0.11041561514139175
3808,19.04,-0.0010017517,-0.007100067,-0.013552889,-0.012073589,3808,19.04,19.043484449386597,0,0.8874025344848633,0.1125974953174591
3809,19.045,-0.0323101,-0.033194657,-0.03065924,-0.031686135,3808,19.04,19.043484449386597,0,0.8874025344848633,0.1125974953174591
3810,19.05,-0.044928007,-0.042214353,-0.032741375,-0.034841,3808,19.04,19.043484449386597,0,0.8874025344848633,0.1125974953174591
3811,19.055,-0.03200533,-0.028366461,-0.017005654,-0.01903388,3808,19.04,19.043484449386597,0,0.8874025344848633,0.1125974953174591
3812,19.06,0.00016582914,0.0028561312,0.01071549,0.008850659,3812,19.06,19.072895288467407,0,0.8883385062217712,0.11166150122880936
3813,19.065,0.03489922,0.0367354,0.038628235,0.035888802,3812,19.06,19.072895288467407,0,0.8883385062217712,0.11166150122880936
3814,19.07,0.05476437,0.057687584,0.055494234,0.050352495,3812,19.06,19.072895288467407,0,0.8883385062217712,0.11166150122880936
3815,19.075,0.051138937,0.0578005,0.056242827,0.047780745,3812,19.06,19.072895288467407,0,0.8883385062217712,0.11166150122880936
3816,19.08,0.027262226,0.039413456,0.042728346,0.031770863,3816,19.08,19.099311351776123,0,0.8894105553627014,0.11058945953845978
3817,19.085,-0.005343359,0.0115821725,0.02062664,0.010307446,3816,19.08,19.099311351776123,0,0.8894105553627014,0.11058945953845978
3818,19.09,-0.032723345,-0.014924359,-0.0033627707,-0.008293657,3816,19.08,19.099311351776123,0,0.8894105553627014,0.11058945953845978
3819,19.095,-0.043525122,-0.030826876,-0.022193896,-0.017508227,3816,19.08,19.099311351776123,0,0.8894105553627014,0.11058945953845978
3820,19.1,-0.03321237,-0.030664036,-0.029442837,-0.014015851,3820,19.1,19.111278772354126,0,0.8778651356697083,0.12213484942913055
3821,19.105,-0.0071466262,-0.015732188,-0.022833744,0.00016744692,3820,19.1,19.111278772354126,0,0.8778651356697083,0.12213484942913055
3822,19.11,0.020292768,0.004411569,-0.007878227,0.016519725,3820,19.1,19.111278772354126,0,0.8778651356697083,0.12213484942913055
3823,19.115,0.03268694,0.015675023,0.0035692747,0.02301623,3820,19.1,19.111278772354126,0,0.8778651356697083,0.12213484942913055
3824,19.12,0.021644253,0.00824156,0.0011135058,0.011370667,3824,19.12,19.126063108444214,0,0.8889773488044739,0.11102262139320374
3825,19.125,-0.007259132,-0.015629461,-0.015760321,-0.016315665,3824,19.12,19.126063108444214,0,0.8889773488044739,0.11102262139320374
3826,19.13,-0.037736766,-0.0418695,-0.036443334,-0.04739155,3824,19.12,19.126063108444214,0,0.8889773488044739,0.11102262139320374
3827,19.135,-0.053167477,-0.053890247,-0.04698138,-0.066193,3824,19.12,19.126063108444214,0,0.8889773488044739,0.11102262139320374
3828,19.14,-0.046520375,-0.04407196,-0.04042002,-0.06400876,3828,19.14,19.143779039382935,0,0.8856498599052429,0.11435015499591827
3829,19.145,-0.023199625,-0.018482119,-0.020951835,-0.043886043,3828,19.14,19.143779039382935,0,0.8856498599052429,0.11435015499591827
3830,19.15,0.0040357923,0.008611004,0.0010291965,-0.01684624,3828,19.14,19.143779039382935,0,0.8856498599052429,0.11435015499591827
3831,19.155,0.02363635,0.025591433,0.017747013,0.006844402,3828,19.14,19.143779039382935,0,0.8856498599052429,0.11435015499591827
3832,19.16,0.03162747,0.030963229,0.02880642,0.023956684,3832,19.16,19.174890279769897,0,0.8889064788818359,0.11109349876642227
3833,19.165,0.032400414,0.03206489,0.038538247,0.037537176,3832,19.16,19.174890279769897,0,0.8889064788818359,0.11109349876642227
3834,19.17,0.03408071,0.037024662,0.049477383,0.05103823,3832,19.16,19.174890279769897,0,0.8889064788818359,0.11109349876642227
3835,19.175,0.04166732,0.047063123,0.058442257,0.06340629,3832,19.16,19.174890279769897,0,0.8889064788818359,0.11109349876642227
3836,19.18,0.052523177,0.055247646,0.058603816,0.06937351,3836,19.18,19.19195532798767,0,0.8912383317947388,0.10876166820526123
3837,19.185,0.057415273,0.052026402,0.045223866,0.06375793,3836,19.18,19.19195532798767,0,0.8912383317947388,0.10876166820526123
3838,19.19,0.046457745,0.032443456,0.019658221,0.045158114,3836,19.18,19.19195532798767,0,0.8912383317947388,0.10876166820526123
3839,19.195,0.015787976,-0.00062374055,-0.011682594,0.016108906,3836,19.18,19.19195532798767,0,0.8912383317947388,0.10876166820526123
3840,19.2,-0.029382046,-0.038629115,-0.041725356,-0.018971654,3840,19.2,19.201051473617554,0,0.8805111646652222,0.11948879063129425
3841,19.205,-0.07668432,-0.07182894,-0.06590766,-0.05489407,3840,19.2,19.201051473617554,0,0.8805111646652222,0.11948879063129425
3842,19.21,-0.111679785,-0.09240453,-0.08161177,-0.085069716,3840,19.2,19.201051473617554,0,0.8805111646652222,0.11948879063129425
3843,19.215,-0.12332836,-0.095514156,-0.08586851,-0.10149312,3840,19.2,19.201051473617554,0,0.8805111646652222,0.11948879063129425
3844,19.22,-0.10777724,-0.07986242,-0.07521831,-0.09748225,3844,19.22,19.22715997695923,0,0.8822571039199829,0.11774294078350067
3845,19.225,-0.06938177,-0.048625104,-0.04883763,-0.07198368,3844,19.22,19.22715997695923,0,0.8822571039199829,0.11774294078350067
3846,19.23,-0.018811444,-0.009577445,-0.011897825,-0.03182019,3844,19.22,19.22715997695923,0,0.8822571039199829,0.11774294078350067
3847,19.235,0.03083199,0.02696972,0.02481551,0.010502761,3844,19.22,19.22715997695923,0,0.8822571039199829,0.11774294078350067
3848,19.24,0.06827553,0.052057777,0.0498723,0.04239071,3848,19.24,19.244539737701416,0,0.8875012993812561,0.1124986782670021
3849,19.245,0.08734795,0.061771374,0.057574198,0.056844786,3848,19.24,19.244539737701416,0,0.8875012993812561,0.1124986782670021
3850,19.25,0.08852482,0.058678508,0.051173605,0.055243626,3848,19.24,19.244539737701416,0,0.8875012993812561,0.1124986782670021
3851,19.255,0.078243725,0.05022172,0.04058131,0.04605865,3848,19.24,19.244539737701416,0,0.8875012993812561,0.1124986782670021
3852,19.26,0.06568974,0.044761386,0.036088537,0.04017451,3852,19.26,19.274096250534058,0,0.889415442943573,0.11058457940816879
3853,19.265,0.05781073,0.047012687,0.04216968,0.04478931,3852,19.26,19.274096250534058,0,0.889415442943573,0.11058457940816879
3854,19.27,0.054958012,0.054955296,0.05492522,0.058674153,3852,19.26,19.274096250534058,0,0.889415442943573,0.11058457940816879
3855,19.275,0.05015201,0.05994824,0.06411175,0.07159857,3852,19.26,19.274096250534058,0,0.889415442943573,0.11058457940816879
3856,19.28,0.033329323,0.050758358,0.058365434,0.06928145,3856,19.28,19.29050040245056,0,0.8866397142410278,0.11336034536361694
3857,19.285,-0.0013243629,0.020360595,0.031315923,0.042117253,3856,19.28,19.29050040245056,0,0.8866397142410278,0.11336034536361694
3858,19.29,-0.049503326,-0.027939372,-0.013936741,-0.0073392536,3856,19.28,19.29050040245056,0,0.8866397142410278,0.11336034536361694
3859,19.295,-0.096744895,-0.07952295,-0.06451882,-0.06362179,3856,19.28,19.29050040245056,0,0.8866397142410278,0.11336034536361694
3860,19.3,-0.12510967,-0.11474037,-0.10287757,-0.105847366,3860,19.3,19.30261468887329,0,0.874015748500824,0.12598426640033722
3861,19.305,-0.12281365,-0.11946084,-0.1153005,-0.118947044,3860,19.3,19.30261468887329,0,0.874015748500824,0.12598426640033722
3862,19.31,-0.09080843,-0.09308664,-0.09897189,-0.101231426,3860,19.3,19.30261468887329,0,0.874015748500824,0.12598426640033722
3863,19.315,-0.04236205,-0.048604053,-0.06308858,-0.06384336,3860,19.3,19.30261468887329,0,0.874015748500824,0.12598426640033722
3864,19.32,0.0037178441,-0.0049579754,-0.023427855,-0.023600223,3864,19.32,19.320356607437134,0,0.8854683041572571,0.1145317330956459
3865,19.325,0.032082416,0.022889845,0.006043033,0.005571019,3864,19.32,19.320356607437134,0,0.8854683041572571,0.1145317330956459
3866,19.33,0.03747485,0.030306494,0.019493185,0.018075146,3864,19.32,19.320356607437134,0,0.8854683041572571,0.1145317330956459
3867,19.335,0.026168106,0.0231254,0.02027917,0.017331367,3864,19.32,19.320356607437134,0,0.8854683041572571,0.1145317330956459
3868,19.34,0.011745666,0.012745766,0.016930057,0.012390138,3868,19.34,19.344592094421387,0,0.8879255056381226,0.11207451671361923
3869,19.345,0.0071822423,0.009388648,0.017192509,0.012389612,3868,19.34,19.344592094421387,0,0.8879255056381226,0.11207451671361923
3870,19.35,0.017350636,0.016939599,0.024013026,0.02149112,3868,19.34,19.344592094421387,0,0.8879255056381226,0.11207451671361923
3871,19.355,0.036586184,0.031808253,0.035440072,0.036919735,3868,19.34,19.344592094421387,0,0.8879255056381226,0.11207451671361923
3872,19.36,0.053231593,0.046139307,0.04731052,0.051173955,3872,19.36,19.374248266220093,0,0.8888726830482483,0.11112728714942932
3873,19.365,0.05806741,0.053076398,0.05582346,0.056837097,3872,19.36,19.374248266220093,0,0.8888726830482483,0.11112728714942932
3874,19.37,0.05013777,0.050331328,0.058120094,0.050692067,3872,19.36,19.374248266220093,0,0.8888726830482483,0.11112728714942932
3875,19.375,0.035406332,0.039719395,0.05157848,0.03461197,3872,19.36,19.374248266220093,0,0.8888726830482483,0.11112728714942932
3876,19.38,0.020049363,0.023951804,0.03403549,0.013432976,3876,19.38,19.390281200408936,0,0.8824535012245178,0.11754647642374039
3877,19.385,0.005184893,0.004494434,0.005994809,-0.00774196,3876,19.38,19.390281200408936,0,0.8824535012245178,0.11754647642374039
3878,19.39,-0.01186764,-0.017213741,-0.026893822,-0.024697488,3876,19.38,19.390281200408936,0,0.8824535012245178,0.11754647642374039
3879,19.395,-0.031680074,-0.037132267,-0.054289367,-0.033948,3876,19.38,19.390281200408936,0,0.8824535012245178,0.11754647642374039
3880,19.4,-0.048933223,-0.04865967,-0.06587406,-0.033058565,3880,19.4,19.408443927764893,0,0.8791735172271729,0.12082650512456894
3881,19.405,-0.055143476,-0.046638265,-0.05763251,-0.02221825,3880,19.4,19.408443927764893,0,0.8791735172271729,0.12082650512456894
3882,19.41,-0.045497987,-0.03192036,-0.034774434,-0.0056153443,3880,19.4,19.408443927764893,0,0.8791735172271729,0.12082650512456894
3883,19.415,-0.023506053,-0.011895335,-0.008635948,0.009431337,3880,19.4,19.408443927764893,0,0.8791735172271729,0.12082650512456894
3884,19.42,0.00046037385,0.0039366097,0.010159006,0.015767882,3884,19.42,19.432189464569092,0,0.8888329267501831,0.11116709560155869
3885,19.425,0.015288121,0.0096869115,0.017027292,0.010002644,3884,19.42,19.432189464569092,0,0.8888329267501831,0.11116709560155869
3886,19.43,0.015218413,0.005546653,0.013728589,-0.0060772686,3884,19.42,19.432189464569092,0,0.8888329267501831,0.11116709560155869
3887,19.435,0.0021122633,-0.004256588,0.0047126873,-0.02688475,3884,19.42,19.432189464569092,0,0.8888329267501831,0.11116709560155869
3888,19.44,-0.016590562,-0.0152164,-0.006344393,-0.04562948,3888,19.44,19.441713571548462,0,0.8887491226196289,0.11125092208385468
3889,19.445,-0.03188555,-0.024257736,-0.016830754,-0.056166988,3888,19.44,19.441713571548462,0,0.8887491226196289,0.11125092208385468
3890,19.45,-0.036537345,-0.028563505,-0.023334453,-0.053777512,3888,19.44,19.441713571548462,0,0.8887491226196289,0.11125092208385468
3891,19.455,-0.026891327,-0.024360588,-0.02126888,-0.036169264,3888,19.44,19.441713571548462,0,0.8887491226196289,0.11125092208385468
3892,19.46,-0.003907235,-0.008716981,-0.007909237,-0.0054080235,3892,19.46,19.476322889328003,0,0.8911389112472534,0.10886111110448837
3893,19.465,0.026303418,0.016480915,0.013672928,0.030824453,3892,19.46,19.476322889328003,0,0.8911389112472534,0.10886111110448837
3894,19.47,0.05364341,0.042848185,0.03445693,0.061183438,3892,19.46,19.476322889328003,0,0.8911389112472534,0.10886111110448837
3895,19.475,0.06792265,0.0593229,0.04471014,0.075990364,3892,19.46,19.476322889328003,0,0.8911389112472534,0.10886111110448837
3896,19.48,0.06397574,0.059227485,0.040703434,0.072459765,3896,19.48,19.494306802749634,0,0.8910940885543823,0.10890599340200424
3897,19.485,0.04437922,0.04449655,0.026935186,0.055573322,3896,19.48,19.494306802749634,0,0.8910940885543823,0.10890599340200424
3898,19.49,0.017391168,0.023258733,0.011797586,0.033793792,3896,19.48,19.494306802749634,0,0.8910940885543823,0.10890599340200424
3899,19.495,-0.008332412,0.0031585812,0.00067152473,0.013224591,3896,19.48,19.494306802749634,0,0.8910940885543823,0.10890599340200424
3900,19.5,-0.027969452,-0.013401511,-0.0073662517,-0.005080677,3900,19.5,19.50955843925476,0,0.8803883790969849,0.11961163580417633
3901,19.505,-0.040727317,-0.028207699,-0.01664639,-0.023012677,3900,19.5,19.50955843925476,0,0.8803883790969849,0.11961163580417633
3902,19.51,-0.046965986,-0.042265516,-0.028974509,-0.041048735,3900,19.5,19.50955843925476,0,0.8803883790969849,0.11961163580417633
3903,19.515,-0.045840643,-0.052326318,-0.04036254,-0.0558371,3900,19.5,19.50955843925476,0,0.8803883790969849,0.11961163580417633
3904,19.52,-0.03593401,-0.052451856,-0.043451604,-0.061843976,3904,19.52,19.52658724784851,0,0.8846343755722046,0.11536566913127899
3905,19.525,-0.017941425,-0.039119016,-0.033445384,-0.05541278,3904,19.52,19.52658724784851,0,0.8846343755722046,0.11536566913127899
3906,19.53,0.0036447726,-0.015099161,-0.012345243,-0.03756072,3904,19.52,19.52658724784851,0,0.8846343755722046,0.11536566913127899
3907,19.535,0.021803353,0.011308636,0.011990421,-0.013368682,3904,19.52,19.52658724784851,0,0.8846343755722046,0.11536566913127899
3908,19.54,0.03032557,0.030869635,0.030769518,0.010825006,3908,19.54,19.54020404815674,0,0.8901839256286621,0.10981611162424088
3909,19.545,0.026794804,0.038110446,0.038895424,0.029699488,3908,19.54,19.54020404815674,0,0.8901839256286621,0.10981611162424088
3910,19.55,0.013633118,0.033202473,0.036244553,0.039706852,3908,19.54,19.54020404815674,0,0.8901839256286621,0.10981611162424088
3911,19.555,-0.0027483776,0.020938385,0.026127936,0.039614875,3908,19.54,19.54020404815674,0,0.8901839256286621,0.10981611162424088
3912,19.56,-0.014220901,0.008285194,0.013276943,0.031656872,3912,19.56,19.575859546661377,0,0.8911155462265015,0.10888442397117615
3913,19.565,-0.014435106,0.0014692537,0.0023689505,0.021598121,3912,19.56,19.575859546661377,0,0.8911155462265015,0.10888442397117615
3914,19.57,-0.002593393,0.0029839606,-0.003564725,0.015629284,3912,19.56,19.575859546661377,0,0.8911155462265015,0.10888442397117615
3915,19.575,0.015006711,0.009781347,-0.004836738,0.015390645,3912,19.56,19.575859546661377,0,0.8911155462265015,0.10888442397117615
3916,19.58,0.027884867,0.014594137,-0.0051852623,0.015774388,3916,19.58,19.5922110080719,0,0.8888035416603088,0.11119639873504639
3917,19.585,0.02763515,0.010534315,-0.009062872,0.008617006,3916,19.58,19.5922110080719,0,0.8888035416603088,0.11119639873504639
3918,19.59,0.013020359,-0.004077847,-0.01787884,-0.010208742,3916,19.58,19.5922110080719,0,0.8888035416603088,0.11119639873504639
3919,19.595,-0.009854808,-0.024407571,-0.028504578,-0.036337454,3916,19.58,19.5922110080719,0,0.8888035416603088,0.11119639873504639
3920,19.6,-0.031473696,-0.04191068,-0.035194047,-0.05863315,3920,19.6,19.611775636672974,0,0.8831350803375244,0.11686486005783081
3921,19.605,-0.042963583,-0.048397325,-0.032823104,-0.06519644,3920,19.6,19.611775636672974,0,0.8831350803375244,0.11686486005783081
3922,19.61,-0.038177226,-0.038806744,-0.019063989,-0.04933981,3920,19.6,19.611775636672974,0,0.8831350803375244,0.11686486005783081
3923,19.615,-0.015497115,-0.013031149,0.0045293234,-0.0130759645,3920,19.6,19.611775636672974,0,0.8831350803375244,0.11686486005783081
3924,19.62,0.019131245,0.022163216,0.031604037,0.032199863,3924,19.62,19.621585845947266,0,0.8901721239089966,0.10982787609100342
3925,19.625,0.050844267,0.052833937,0.05131428,0.068447135,3924,19.62,19.621585845947266,0,0.8901721239089966,0.10982787609100342
3926,19.63,0.061088737,0.06258512,0.052219056,0.0780822,3924,19.62,19.621585845947266,0,0.8901721239089966,0.10982787609100342
3927,19.635,0.039171062,0.04219023,0.029425487,0.053664297,3924,19.62,19.621585845947266,0,0.8901721239089966,0.10982787609100342
3928,19.64,-0.007957394,-0.002043524,-0.0098252,0.0044270223,3928,19.64,19.65025043487549,0,0.8890695571899414,0.1109304279088974
3929,19.645,-0.056949116,-0.048816655,-0.047610022,-0.046178807,3928,19.64,19.65025043487549,0,0.8890695571899414,0.1109304279088974
3930,19.65,-0.08137404,-0.072999746,-0.064451896,-0.07227216,3928,19.64,19.65025043487549,0,0.8890695571899414,0.1109304279088974
3931,19.655,-0.06797367,-0.06066343,-0.05060032,-0.06009073,3928,19.64,19.65025043487549,0,0.8890695571899414,0.1109304279088974
3932,19.66,-0.024254663,-0.017701617,-0.011920145,-0.016153172,3932,19.66,19.67300248146057,0,0.887332558631897,0.11266738921403885
3933,19.665,0.027205715,0.033874836,0.03350907,0.036327943,3932,19.66,19.67300248146057,0,0.887332558631897,0.11266738921403885
3934,19.67,0.06270783,0.06927122,0.06566338,0.0707181,3932,19.66,19.67300248146057,0,0.887332558631897,0.11266738921403885
3935,19.675,0.070015594,0.07481808,0.07294997,0.07174233,3932,19.66,19.67300248146057,0,0.887332558631897,0.11266738921403885
3936,19.68,0.05256941,0.053714428,0.056478087,0.04275921,3936,19.68,19.691584825515747,0,0.8887004256248474,0.111299529671669
3937,19.685,0.02456137,0.021082563,0.02672522,0.0015337274,3936,19.68,19.691584825515747,0,0.8887004256248474,0.111299529671669
3938,19.69,0.0012800412,-0.006940435,-0.0038174393,-0.03188881,3936,19.68,19.691584825515747,0,0.8887004256248474,0.111299529671669
3939,19.695,-0.009172426,-0.022175297,-0.02668382,-0.046649225,3936,19.68,19.691584825515747,0,0.8887004256248474,0.111299529671669
3940,19.7,-0.008452039,-0.026154771,-0.039110433,-0.044563785,3940,19.7,19.70260000228882,0,0.8796297311782837,0.12037026137113571
3941,19.705,-0.0044271764,-0.025320487,-0.042201705,-0.034817558,3940,19.7,19.70260000228882,0,0.8796297311782837,0.12037026137113571
3942,19.71,-0.004929363,-0.024893295,-0.038626596,-0.025598751,3940,19.7,19.70260000228882,0,0.8796297311782837,0.12037026137113571
3943,19.715,-0.013280913,-0.026336161,-0.03182981,-0.019567383,3940,19.7,19.70260000228882,0,0.8796297311782837,0.12037026137113571
3944,19.72,-0.027663086,-0.028858047,-0.02591275,-0.015189099,3944,19.72,19.732412338256836,0,0.8879790902137756,0.11202091723680496
3945,19.725,-0.043027468,-0.031476002,-0.024095261,-0.010302698,3944,19.72,19.732412338256836,0,0.8879790902137756,0.11202091723680496
3946,19.73,-0.053258892,-0.032808166,-0.025766741,-0.003592326,3944,19.72,19.732412338256836,0,0.8879790902137756,0.11202091723680496
3947,19.735,-0.05291848,-0.029781975,-0.02523658,0.0061774575,3944,19.72,19.732412338256836,0,0.8879790902137756,0.11202091723680496
3948,19.74,-0.03927937,-0.018580396,-0.015130578,0.019941114,3948,19.74,19.744898319244385,0,0.8893239498138428,0.11067607253789902
3949,19.745,-0.014470675,0.0015103131,0.0069968323,0.03569932,3948,19.74,19.744898319244385,0,0.8893239498138428,0.11067607253789902
3950,19.75,0.01420894,0.025043558,0.034522437,0.046597958,3948,19.74,19.744898319244385,0,0.8893239498138428,0.11067607253789902
3951,19.755,0.037426986,0.042372547,0.05479027,0.043914225,3948,19.74,19.744898319244385,0,0.8893239498138428,0.11067607253789902
3952,19.76,0.04911781,0.04627494,0.05791513,0.02440532,3952,19.76,19.776605129241943,0,0.8896383047103882,0.11036166548728943
3953,19.765,0.050070155,0.03786255,0.04441896,-0.0042412137,3952,19.76,19.776605129241943,0,0.8896383047103882,0.11036166548728943
3954,19.77,0.046748772,0.026366036,0.025270658,-0.02604296,3952,19.76,19.776605129241943,0,0.8896383047103882,0.11036166548728943
3955,19.775,0.04611249,0.022526106,0.014040016,-0.026918024,3952,19.76,19.776605129241943,0,0.8896383047103882,0.11036166548728943
3956,19.78,0.050290983,0.030572377,0.017090326,-0.004940108,3956,19.78,19.794557571411133,0,0.8866083025932312,0.11339173465967178
3957,19.785,0.05464901,0.0445672,0.028964624,0.027330112,3956,19.78,19.794557571411133,0,0.8866083025932312,0.11339173465967178
3958,19.79,0.050149724,0.051493533,0.036082488,0.050263144,3956,19.78,19.794557571411133,0,0.8866083025932312,0.11339173465967178
3959,19.795,0.02876729,0.03923926,0.026117947,0.049115997,3956,19.78,19.794557571411133,0,0.8866083025932312,0.11339173465967178
3960,19.8,-0.010434413,0.0049083377,-0.003247584,0.02268339,3960,19.8,19.808159828186035,0,0.8874512314796448,0.11254873126745224
3961,19.805,-0.05799784,-0.041745566,-0.04216362,-0.01660026,3960,19.8,19.808159828186035,0,0.8874512314796448,0.11254873126745224
3962,19.81,-0.0969896,-0.08282485,-0.074699774,-0.050874513,3960,19.8,19.808159828186035,0,0.8874512314796448,0.11254873126745224
3963,19.815,-0.11220531,-0.10271498,-0.08893775,-0.06787111,3960,19.8,19.808159828186035,0,0.8874512314796448,0.11254873126745224
3964,19.82,-0.100058384,-0.09740596,-0.08365485,-0.06726611,3964,19.82,19.833433628082275,0,0.8825116753578186,0.1174883022904396
3965,19.825,-0.07118055,-0.07568735,-0.06688116,-0.058171675,3964,19.82,19.833433628082275,0,0.8825116753578186,0.1174883022904396
3966,19.83,-0.04259807,-0.05136707,-0.04823741,-0.050260786,3964,19.82,19.833433628082275,0,0.8825116753578186,0.1174883022904396
3967,19.835,-0.024968475,-0.03281406,-0.03163193,-0.045763504,3964,19.82,19.833433628082275,0,0.8825116753578186,0.1174883022904396
3968,19.84,-0.014901727,-0.017850216,-0.013736204,-0.0383283,3968,19.84,19.854122400283813,0,0.8888319730758667,0.1111680269241333
3969,19.845,0.0013816265,0.0026924424,0.011478119,-0.018947085,3968,19.84,19.854122400283813,0,0.8888319730758667,0.1111680269241333
3970,19.85,0.0356557,0.036003213,0.046168383,0.016016703,3968,19.84,19.854122400283813,0,0.8888319730758667,0.1111680269241333
3971,19.855,0.08596045,0.07959563,0.08475833,0.0604875,3968,19.84,19.854122400283813,0,0.8888319730758667,0.1111680269241333
3972,19.86,0.1346345,0.12025189,0.11526286,0.10069273,3972,19.86,19.877824783325195,0,0.8896515369415283,0.11034847050905228
3973,19.865,0.15812874,0.1405081,0.12504782,0.12197848,3972,19.86,19.877824783325195,0,0.8896515369415283,0.11034847050905228
3974,19.87,0.1419628,0.12882245,0.10777807,0.1162545,3972,19.86,19.877824783325195,0,0.8896515369415283,0.11034847050905228
3975,19.875,0.090294935,0.087108925,0.067570426,0.0859875,3972,19.86,19.877824783325195,0,0.8896515369415283,0.11034847050905228
3976,19.88,0.02329784,0.03047549,0.01761918,0.042758424,3976,19.88,19.895198822021484,0,0.879508912563324,0.1204911544919014
3977,19.885,-0.0358399,-0.021511009,-0.026632264,0.0010599064,3976,19.88,19.895198822021484,0,0.879508912563324,0.1204911544919014
3978,19.89,-0.075017445,-0.05685066,-0.056217395,-0.029587105,3976,19.88,19.895198822021484,0,0.879508912563324,0.1204911544919014
3979,19.895,-0.098153666,-0.07770851,-0.073349245,-0.0494886,3976,19.88,19.895198822021484,0,0.879508912563324,0.1204911544919014
3980,19.9,-0.117278546,-0.09559241,-0.08764443,-0.06660396,3980,19.9,19.910537004470825,0,0.8548678755760193,0.1451321691274643
3981,19.905,-0.13818395,-0.11804547,-0.10559219,-0.087819934,3980,19.9,19.910537004470825,0,0.8548678755760193,0.1451321691274643
3982,19.91,-0.15183379,-0.13811539,-0.1216914,-0.110130444,3980,19.9,19.910537004470825,0,0.8548678755760193,0.1451321691274643
3983,19.915,-0.13957341,-0.13689598,-0.11988869,-0.119788975,3980,19.9,19.910537004470825,0,0.8548678755760193,0.1451321691274643
3984,19.92,-0.08855173,-0.098344065,-0.08567578,-0.10155564,3984,19.92,19.932586431503296,0,0.8876394033432007,0.11236053705215454
3985,19.925,-0.004744363,-0.024293121,-0.019482298,-0.051313665,3984,19.92,19.932586431503296,0,0.8876394033432007,0.11236053705215454
3986,19.93,0.08711024,0.062915064,0.05972347,0.018003777,3984,19.92,19.932586431503296,0,0.8876394033432007,0.11236053705215454
3987,19.935,0.15654755,0.13230847,0.12383578,0.08201558,3984,19.92,19.932586431503296,0,0.8876394033432007,0.11236053705215454
3988,19.94,0.18370542,0.16165243,0.15128566,0.11820981,3988,19.94,19.94432759284973,0,0.8674058318138123,0.13259419798851013
3989,19.945,0.16832288,0.14856026,0.13840991,0.118137114,3988,19.94,19.94432759284973,0,0.8674058318138123,0.13259419798851013
3990,19.95,0.12696819,0.1092142,0.09967967,0.09084217,3988,19.94,19.94432759284973,0,0.8674058318138123,0.13259419798851013
3991,19.955,0.08127971,0.0665865,0.05730398,0.05551117,3988,19.94,19.94432759284973,0,0.8674058318138123,0.13259419798851013
3992,19.96,0.044482432,0.03579186,0.027099172,0.028151898,3992,19.96,19.978527069091797,0,0.8716809749603271,0.12831906974315643
3993,19.965,0.014381099,0.015787926,0.009779043,0.011513826,3992,19.96,19.978527069091797,0,0.8716809749603271,0.12831906974315643
3994,19.97,-0.022217797,-0.0069452156,-0.006613602,-0.00420739,3992,19.96,19.978527069091797,0,0.8716809749603271,0.12831906974315643
3995,19.975,-0.07599797,-0.04509962,-0.035145625,-0.030308604,3992,19.96,19.978527069091797,0,0.8716809749603271,0.12831906974315643
3996,19.98,-0.14220244,-0.09747612,-0.07806694,-0.067206316,3996,19.98,19.990168809890747,0,0.8556270003318787,0.14437304437160492
3997,19.985,-0.19881228,-0.14655346,-0.12338973,-0.10126262,3996,19.98,19.990168809890747,0,0.8556270003318787,0.14437304437160492
3998,19.99,-0.2184688,-0.16901194,-0.15191767,-0.11360101,3996,19.98,19.990168809890747,0,0.8556270003318787,0.14437304437160492
3999,19.995,-0.18582918,-0.15110157,-0.14868918,-0.09350618,3996,19.98,19.990168809890747,0,0.8556270003318787,0.14437304437160492
4000,20.0,-0.10743622,-0.096956536,-0.110545725,-0.045589205,4000,20.0,20.01017689704895,0,0.8864918351173401,0.11350817233324051
4001,20.005,-0.007252741,-0.024273088,-0.046130087,0.0139854485,4000,20.0,20.01017689704895,0,0.8864918351173401,0.11350817233324051
4002,20.01,0.0873721,0.04745713,0.02908158,0.067506604,4000,20.0,20.01017689704895,0,0.8864918351173401,0.11350817233324051
4003,20.015,0.15774116,0.10562145,0.09796615,0.10333994,4000,20.0,20.01017689704895,0,0.8864918351173401,0.11350817233324051
4004,20.02,0.19624053,0.14436632,0.14521132,0.11688677,4004,20.02,20.028286695480347,0,0.8566513657569885,0.14334866404533386
4005,20.025,0.20166633,0.1596203,0.16041535,0.10772354,4004,20.02,20.028286695480347,0,0.8566513657569885,0.14334866404533386
4006,20.03,0.17561215,0.14743322,0.14181624,0.07819655,4004,20.02,20.028286695480347,0,0.8566513657569885,0.14334866404533386
4007,20.035,0.1239825,0.10845962,0.098446764,0.03482468,4004,20.02,20.028286695480347,0,0.8566513657569885,0.14334866404533386
4008,20.04,0.059519574,0.052893747,0.04723068,-0.011078983,4008,20.04,20.0426025390625,0,0.8547449707984924,0.14525505900382996
4009,20.045,-0.0010859447,-0.0017068877,0.0048226565,-0.047165357,4008,20.04,20.0426025390625,0,0.8547449707984924,0.14525505900382996
4010,20.05,-0.045662884,-0.04016113,-0.020984244,-0.066777594,4008,20.04,20.0426025390625,0,0.8547449707984924,0.14525505900382996
4011,20.055,-0.07329192,-0.05894594,-0.034018263,-0.07280491,4008,20.04,20.0426025390625,0,0.8547449707984924,0.14525505900382996
4012,20.06,-0.09222718,-0.06642554,-0.044580877,-0.07421814,4012,20.06,20.070281744003296,0,0.8411042094230652,0.1588958352804184
4013,20.065,-0.11036053,-0.07382052,-0.060696393,-0.077485345,4012,20.06,20.070281744003296,0,0.8411042094230652,0.1588958352804184
4014,20.07,-0.12741704,-0.08560743,-0.082827404,-0.080570996,4012,20.06,20.070281744003296,0,0.8411042094230652,0.1588958352804184
4015,20.075,-0.13645808,-0.09803269,-0.10547685,-0.07538724,4012,20.06,20.070281744003296,0,0.8411042094230652,0.1588958352804184
4016,20.08,-0.13224155,-0.10531049,-0.12233512,-0.05625861,4016,20.08,20.090110301971436,0,0.8860626816749573,0.11393727362155914
4017,20.085,-0.11633248,-0.10484876,-0.1286387,-0.0255445,4016,20.08,20.090110301971436,0,0.8860626816749573,0.11393727362155914
4018,20.09,-0.09263927,-0.095045306,-0.11872562,0.0094851265,4016,20.08,20.090110301971436,0,0.8860626816749573,0.11393727362155914
4019,20.095,-0.0587404,-0.06956333,-0.08390709,0.044581503,4016,20.08,20.090110301971436,0,0.8860626816749573,0.11393727362155914
4020,20.1,-0.004773826,-0.018150978,-0.017108398,0.081470825,4020,20.1,20.110350131988525,0,0.8816789388656616,0.11832106858491898
4021,20.105,0.07542492,0.062356256,0.076684855,0.12141491,4020,20.1,20.110350131988525,0,0.8816789388656616,0.11832106858491898
4022,20.11,0.17019045,0.1560979,0.173966,0.15618037,4020,20.1,20.110350131988525,0,0.8816789388656616,0.11832106858491898
4023,20.115,0.2480667,0.22932412,0.23978777,0.16774209,4020,20.1,20.110350131988525,0,0.8816789388656616,0.11832106858491898
4024,20.12,0.27380723,0.24839377,0.24686614,0.14013587,4024,20.12,20.12771487236023,0,0.8849940299987793,0.1150059774518013
4025,20.125,0.23167303,0.20226128,0.19321768,0.0741471,4024,20.12,20.12771487236023,0,0.8849940299987793,0.1150059774518013
4026,20.13,0.137466,0.11105067,0.103999086,-0.008924031,4024,20.12,20.12771487236023,0,0.8849940299987793,0.1150059774518013
4027,20.135,0.029198956,0.0131073985,0.015345222,-0.07927484,4024,20.12,20.12771487236023,0,0.8849940299987793,0.1150059774518013
4028,20.14,-0.05636351,-0.059182793,-0.047500387,-0.11719664,4028,20.14,20.14251160621643,1,0.48482441902160645,0.5151755809783936
4029,20.145,-0.1033785,-0.09605284,-0.08155684,-0.12327142,4028,20.14,20.14251160621643,1,0.48482441902160645,0.5151755809783936
4030,20.15,-0.11974964,-0.1088074,-0.1004546,-0.11301359,4028,20.14,20.14251160621643,1,0.48482441902160645,0.5151755809783936
4031,20.155,-0.12473044,-0.1152546,-0.119143814,-0.102378555,4028,20.14,20.14251160621643,1,0.48482441902160645,0.5151755809783936
4032,20.16,-0.13357936,-0.12596153,-0.14216861,-0.09695212,4032,20.16,20.171674013137817,0,0.871722936630249,0.12827707827091217
4033,20.165,-0.14993648,-0.14040744,-0.16281344,-0.09192517,4032,20.16,20.171674013137817,0,0.871722936630249,0.12827707827091217
4034,20.17,-0.1671805,-0.15125118,-0.17010327,-0.07940336,4032,20.16,20.171674013137817,0,0.871722936630249,0.12827707827091217
4035,20.175,-0.1734288,-0.1495212,-0.15577547,-0.054887287,4032,20.16,20.171674013137817,0,0.871722936630249,0.12827707827091217
4036,20.18,-0.15608683,-0.12706612,-0.11678777,-0.01875476,4036,20.18,20.190266132354736,0,0.8670363426208496,0.13296368718147278
4037,20.185,-0.10636026,-0.07847089,-0.055061877,0.025136458,4036,20.18,20.190266132354736,0,0.8670363426208496,0.13296368718147278
4038,20.19,-0.02482401,-0.0050789765,0.022118937,0.07022871,4036,20.18,20.190266132354736,0,0.8670363426208496,0.13296368718147278
4039,20.195,0.07470938,0.081201605,0.101324916,0.10754351,4036,20.18,20.190266132354736,0,0.8670363426208496,0.13296368718147278
4040,20.2,0.16810611,0.15984581,0.16548839,0.12825729,4040,20.2,20.210273265838623,0,0.8483255505561829,0.15167437493801117
4041,20.205,0.23162957,0.21103771,0.20114169,0.12893131,4040,20.2,20.210273265838623,0,0.8483255505561829,0.15167437493801117
4042,20.21,0.25390258,0.22619343,0.20569868,0.1149574,4040,20.2,20.210273265838623,0,0.8483255505561829,0.15167437493801117
4043,20.215,0.23964998,0.21064965,0.18768239,0.09721743,4040,20.2,20.210273265838623,0,0.8483255505561829,0.15167437493801117
4044,20.22,0.2020268,0.17603329,0.15846251,0.08296352,4044,20.22,20.22759747505188,0,0.8294751048088074,0.17052489519119263
4045,20.225,0.15067674,0.12975456,0.122639626,0.06875929,4044,20.22,20.22759747505188,0,0.8294751048088074,0.17052489519119263
4046,20.23,0.08661601,0.07168011,0.0760739,0.042878095,4044,20.22,20.22759747505188,0,0.8294751048088074,0.17052489519119263
4047,20.235,0.007939602,0.00016953355,0.013045106,-0.003982012,4044,20.22,20.22759747505188,0,0.8294751048088074,0.17052489519119263
4048,20.24,-0.08067837,-0.08004914,-0.064813316,-0.068921044,4048,20.24,20.242616891860962,1,0.15122230350971222,0.8487776517868042
4049,20.245,-0.16497092,-0.15654258,-0.14588368,-0.13626984,4048,20.24,20.242616891860962,1,0.15122230350971222,0.8487776517868042
4050,20.25,-0.22727627,-0.21468632,-0.21314897,-0.18569003,4048,20.24,20.242616891860962,1,0.15122230350971222,0.8487776517868042
4051,20.255,-0.25539115,-0.24357885,-0.25079706,-0.20150782,4048,20.24,20.242616891860962,1,0.15122230350971222,0.8487776517868042
4052,20.26,-0.24657361,-0.23786217,-0.24868378,-0.17750639,4052,20.26,20.260488748550415,0,0.867209792137146,0.1327902376651764
4053,20.265,-0.20579599,-0.19736351,-0.20498087,-0.117668584,4052,20.26,20.260488748550415,0,0.867209792137146,0.1327902376651764
4054,20.27,-0.14236112,-0.12807967,-0.12815206,-0.03573005,4052,20.26,20.260488748550415,0,0.867209792137146,0.1327902376651764
4055,20.275,-0.067487605,-0.043366842,-0.03625075,0.04689673,4052,20.26,20.260488748550415,0,0.867209792137146,0.1327902376651764
4056,20.28,0.008021394,0.038978975,0.049203206,0.10761941,4056,20.28,20.294522762298584,1,0.04339957609772682,0.9566004276275635
4057,20.285,0.076520965,0.10419426,0.11270502,0.13267098,4056,20.28,20.294522762298584,1,0.04339957609772682,0.9566004276275635
4058,20.29,0.1344064,0.14678945,0.15066396,0.12400519,4056,20.28,20.294522762298584,1,0.04339957609772682,0.9566004276275635
4059,20.295,0.17943838,0.16980484,0.16885155,0.09685739,4056,20.28,20.294522762298584,1,0.04339957609772682,0.9566004276275635
4060,20.3,0.20721674,0.1783073,0.17429018,0.06930955,4060,20.3,20.310292959213257,1,0.07736463099718094,0.9226353764533997
4061,20.305,0.21158835,0.17398773,0.16931824,0.05199114,4060,20.3,20.310292959213257,1,0.07736463099718094,0.9226353764533997
4062,20.31,0.18960768,0.15550502,0.15222406,0.04485665,4060,20.3,20.310292959213257,1,0.07736463099718094,0.9226353764533997
4063,20.315,0.14580002,0.1224369,0.12167649,0.04090484,4060,20.3,20.310292959213257,1,0.07736463099718094,0.9226353764533997
4064,20.32,0.09042256,0.077560514,0.07935375,0.031817354,4064,20.32,20.32031774520874,1,0.029696203768253326,0.9703037738800049
4065,20.325,0.03278111,0.025464484,0.02876372,0.011770788,4064,20.32,20.32031774520874,1,0.029696203768253326,0.9703037738800049
4066,20.33,-0.02390615,-0.029902978,-0.027110064,-0.020630844,4064,20.32,20.32031774520874,1,0.029696203768253326,0.9703037738800049
4067,20.335,-0.081314564,-0.08573234,-0.08621732,-0.061380055,4064,20.32,20.32031774520874,1,0.029696203768253326,0.9703037738800049
4068,20.34,-0.14024991,-0.13894685,-0.14564055,-0.10167567,4068,20.34,20.34524440765381,1,0.032193560153245926,0.9678063988685608
4069,20.345,-0.19594975,-0.18482012,-0.19935013,-0.13093817,4068,20.34,20.34524440765381,1,0.032193560153245926,0.9678063988685608
4070,20.35,-0.2377858,-0.21643113,-0.23699564,-0.14076641,4068,20.34,20.34524440765381,1,0.032193560153245926,0.9678063988685608
4071,20.355,-0.25222915,-0.22453144,-0.24464504,-0.12698926,4068,20.34,20.34524440765381,1,0.032193560153245926,0.9678063988685608
4072,20.36,-0.2268073,-0.19854578,-0.20868942,-0.089121655,4072,20.36,20.370287656784058,1,0.06002342700958252,0.9399766325950623
4073,20.365,-0.15491407,-0.13089228,-0.12337398,-0.029783197,4072,20.36,20.370287656784058,1,0.06002342700958252,0.9399766325950623
4074,20.37,-0.041879546,-0.024724536,0.0010023222,0.043602183,4072,20.36,20.370287656784058,1,0.06002342700958252,0.9399766325950623
4075,20.375,0.090634435,0.09993755,0.13565722,0.11657201,4072,20.36,20.370287656784058,1,0.06002342700958252,0.9399766325950623
4076,20.38,0.20782593,0.20907363,0.24177346,0.16950202,4076,20.38,20.39056706428528,1,0.03788698464632034,0.962113082408905
4077,20.385,0.275184,0.2687478,0.28767508,0.18556698,4076,20.38,20.39056706428528,1,0.03788698464632034,0.962113082408905
4078,20.39,0.27592346,0.26288086,0.26472872,0.16035075,4076,20.38,20.39056706428528,1,0.03788698464632034,0.962113082408905
4079,20.395,0.22001731,0.2019144,0.19091561,0.10520805,4076,20.38,20.39056706428528,1,0.03788698464632034,0.962113082408905
4080,20.4,0.13679942,0.11515508,0.09902415,0.04046294,4080,20.4,20.410557508468628,1,0.06560229510068893,0.9343977570533752
4081,20.405,0.056008708,0.032345317,0.017679458,-0.016900167,4080,20.4,20.410557508468628,1,0.06560229510068893,0.9343977570533752
4082,20.41,-0.007995965,-0.03137565,-0.041406438,-0.061261132,4080,20.4,20.410557508468628,1,0.06560229510068893,0.9343977570533752
4083,20.415,-0.057265714,-0.07671541,-0.08219204,-0.09601551,4080,20.4,20.410557508468628,1,0.06560229510068893,0.9343977570533752
4084,20.42,-0.09858454,-0.10992509,-0.11295393,-0.12424917,4084,20.42,20.427345275878906,1,0.026218071579933167,0.9737818837165833
4085,20.425,-0.1320141,-0.13258268,-0.13609818,-0.14202398,4084,20.42,20.427345275878906,1,0.026218071579933167,0.9737818837165833
4086,20.43,-0.15030006,-0.14065342,-0.14725915,-0.14068195,4084,20.42,20.427345275878906,1,0.026218071579933167,0.9737818837165833
4087,20.435,-0.14756194,-0.13133171,-0.14194612,-0.11533007,4084,20.42,20.427345275878906,1,0.026218071579933167,0.9737818837165833
4088,20.44,-0.12657583,-0.10859646,-0.12136499,-0.07074099,4088,20.44,20.44133186340332,1,0.08741080015897751,0.9125892519950867
4089,20.445,-0.096751444,-0.08100576,-0.09152523,-0.018988023,4088,20.44,20.44133186340332,1,0.08741080015897751,0.9125892519950867
4090,20.45,-0.06550848,-0.05419623,-0.05761326,0.028467545,4088,20.44,20.44133186340332,1,0.08741080015897751,0.9125892519950867
4091,20.455,-0.032569647,-0.026197512,-0.020249555,0.066558756,4088,20.44,20.44133186340332,1,0.08741080015897751,0.9125892519950867
4092,20.46,0.006912713,0.009335365,0.02255057,0.095624134,4092,20.46,20.46114158630371,1,0.042024850845336914,0.9579751491546631
4093,20.465,0.05397196,0.05491995,0.070216455,0.11617581,4092,20.46,20.46114158630371,1,0.042024850845336914,0.9579751491546631
4094,20.47,0.1010726,0.10392046,0.11672399,0.1256639,4092,20.46,20.46114158630371,1,0.042024850845336914,0.9579751491546631
4095,20.475,0.13587628,0.14309515,0.15256707,0.12040599,4092,20.46,20.46114158630371,1,0.042024850845336914,0.9579751491546631
4096,20.48,0.14966245,0.16055228,0.16929643,0.09986975,4096,20.48,20.494032382965088,1,0.0685218870639801,0.9314781427383423
4097,20.485,0.14214021,0.15199655,0.16254827,0.068109296,4096,20.48,20.494032382965088,1,0.0685218870639801,0.9314781427383423
4098,20.49,0.11860444,0.12060964,0.13203582,0.03064941,4096,20.48,20.494032382965088,1,0.0685218870639801,0.9314781427383423
4099,20.495,0.08347664,0.07254733,0.08046029,-0.00953094,4096,20.48,20.494032382965088,1,0.0685218870639801,0.9314781427383423
4100,20.5,0.03768,0.013834546,0.013796227,-0.051996928,4100,20.5,20.510345220565796,1,0.03623997047543526,0.9637600779533386
4101,20.505,-0.017401816,-0.048394013,-0.057392817,-0.094362125,4100,20.5,20.510345220565796,1,0.03623997047543526,0.9637600779533386
4102,20.51,-0.074338704,-0.10341273,-0.118603274,-0.12839362,4100,20.5,20.510345220565796,1,0.03623997047543526,0.9637600779533386
4103,20.515,-0.11984963,-0.13857126,-0.15607038,-0.14225872,4100,20.5,20.510345220565796,1,0.03623997047543526,0.9637600779533386
4104,20.52,-0.1424748,-0.14604738,-0.16342558,-0.12853216,4104,20.52,20.520262479782104,1,0.04945964738726616,0.9505403637886047
4105,20.525,-0.14114271,-0.12905651,-0.14516975,-0.09102878,4104,20.52,20.520262479782104,1,0.04945964738726616,0.9505403637886047
4106,20.53,-0.1258996,-0.100689046,-0.11346869,-0.04354064,4104,20.52,20.520262479782104,1,0.04945964738726616,0.9505403637886047
4107,20.535,-0.10891104,-0.07481086,-0.08024153,-0.00089092425,4104,20.52,20.520262479782104,1,0.04945964738726616,0.9505403637886047
4108,20.54,-0.09332773,-0.056157183,-0.0505507,0.02988531,4108,20.54,20.54419255256653,1,0.05171281844377518,0.9482871890068054
4109,20.545,-0.07027377,-0.037981782,-0.02191314,0.050763696,4108,20.54,20.54419255256653,1,0.05171281844377518,0.9482871890068054
4110,20.55,-0.027185561,-0.009079816,0.01106488,0.06662044,4108,20.54,20.54419255256653,1,0.05171281844377518,0.9482871890068054
4111,20.555,0.039351795,0.035871036,0.05110465,0.078886054,4108,20.54,20.54419255256653,1,0.05171281844377518,0.9482871890068054
4112,20.56,0.11699001,0.09077273,0.09543099,0.08502175,4112,20.56,20.575534343719482,1,0.051523949950933456,0.9484760761260986
4113,20.565,0.1826329,0.14083453,0.13628156,0.08290062,4112,20.56,20.575534343719482,1,0.051523949950933456,0.9484760761260986
4114,20.57,0.2151728,0.17058983,0.1634002,0.07424217,4112,20.56,20.575534343719482,1,0.051523949950933456,0.9484760761260986
4115,20.575,0.20644921,0.17121187,0.16737463,0.06311332,4112,20.56,20.575534343719482,1,0.051523949950933456,0.9484760761260986
4116,20.58,0.16299693,0.1428856,0.14315523,0.051200256,4116,20.58,20.594178438186646,1,0.15539821982383728,0.8446017503738403
4117,20.585,0.09876197,0.092249304,0.09263106,0.034888636,4116,20.58,20.594178438186646,1,0.15539821982383728,0.8446017503738403
4118,20.59,0.025975423,0.028323524,0.024857864,0.007539949,4116,20.58,20.594178438186646,1,0.15539821982383728,0.8446017503738403
4119,20.595,-0.04796077,-0.039434973,-0.04631396,-0.034048416,4116,20.58,20.594178438186646,1,0.15539821982383728,0.8446017503738403
4120,20.6,-0.11619061,-0.10034549,-0.105893925,-0.083616935,4120,20.6,20.61019730567932,1,0.03017815575003624,0.9698218703269958
4121,20.605,-0.16724941,-0.14202078,-0.1413207,-0.12507975,4120,20.6,20.61019730567932,1,0.03017815575003624,0.9698218703269958
4122,20.61,-0.18700084,-0.15368184,-0.14574942,-0.13992289,4120,20.6,20.61019730567932,1,0.03017815575003624,0.9698218703269958
4123,20.615,-0.1682821,-0.1327344,-0.12096579,-0.11872955,4120,20.6,20.61019730567932,1,0.03017815575003624,0.9698218703269958
4124,20.62,-0.119644456,-0.089217745,-0.078295425,-0.06877145,4124,20.62,20.627158164978027,1,0.10909949988126755,0.8909005522727966
4125,20.625,-0.063437335,-0.04267896,-0.035230823,-0.011100022,4124,20.62,20.627158164978027,1,0.10909949988126755,0.8909005522727966
4126,20.63,-0.022670422,-0.011930485,-0.007879549,0.031785812,4124,20.62,20.627158164978027,1,0.10909949988126755,0.8909005522727966
4127,20.635,-0.0067390185,-0.004558,-0.003015197,0.048933167,4124,20.62,20.627158164978027,1,0.10909949988126755,0.8909005522727966
4128,20.64,-0.007337468,-0.013549255,-0.014682909,0.045255426,4128,20.64,20.640140056610107,1,0.04984372481703758,0.9501563310623169
4129,20.645,-0.006658838,-0.022713775,-0.02761858,0.03510806,4128,20.64,20.640140056610107,1,0.04984372481703758,0.9501563310623169
4130,20.65,0.010040551,-0.016369248,-0.025500096,0.031424046,4128,20.64,20.640140056610107,1,0.04984372481703758,0.9501563310623169
4131,20.655,0.04682868,0.012798846,0.0005755451,0.03882021,4128,20.64,20.640140056610107,1,0.04984372481703758,0.9501563310623169
4132,20.66,0.09713843,0.060957305,0.047678433,0.05401572,4132,20.66,20.67061758041382,1,0.08979456126689911,0.9102054238319397
4133,20.665,0.14784639,0.11514571,0.10242259,0.07035335,4132,20.66,20.67061758041382,1,0.08979456126689911,0.9102054238319397
4134,20.67,0.18346979,0.15817282,0.14675424,0.081241384,4132,20.66,20.67061758041382,1,0.08979456126689911,0.9102054238319397
4135,20.675,0.18996459,0.17442784,0.16491424,0.08062887,4132,20.66,20.67061758041382,1,0.08979456126689911,0.9102054238319397
4136,20.68,0.15915403,0.15497154,0.14864378,0.06280281,4136,20.68,20.690245866775513,1,0.1918395608663559,0.8081604838371277
4137,20.685,0.0929808,0.100623116,0.09945379,0.024471054,4136,20.68,20.690245866775513,1,0.1918395608663559,0.8081604838371277
4138,20.69,0.004802259,0.022339862,0.028221654,-0.03099158,4136,20.68,20.690245866775513,1,0.1918395608663559,0.8081604838371277
4139,20.695,-0.08423012,-0.061265033,-0.047491014,-0.09075592,4136,20.68,20.690245866775513,1,0.1918395608663559,0.8081604838371277
4140,20.7,-0.15274397,-0.12917,-0.10843055,-0.13526109,4140,20.7,20.715291500091553,1,0.0347214937210083,0.9652785062789917
4141,20.705,-0.18722762,-0.16520165,-0.14040187,-0.14700033,4140,20.7,20.715291500091553,1,0.0347214937210083,0.9652785062789917
4142,20.71,-0.1865866,-0.16472588,-0.14027835,-0.12076553,4140,20.7,20.715291500091553,1,0.0347214937210083,0.9652785062789917
4143,20.715,-0.16058657,-0.13655992,-0.11731562,-0.06804394,4140,20.7,20.715291500091553,1,0.0347214937210083,0.9652785062789917
4144,20.72,-0.12283321,-0.09741873,-0.08745208,-0.011172955,4144,20.72,20.725097179412842,1,0.09300990402698517,0.906990110874176
4145,20.725,-0.08274176,-0.061573636,-0.06322255,0.029660396,4144,20.72,20.725097179412842,1,0.09300990402698517,0.906990110874176
4146,20.73,-0.04232835,-0.03324951,-0.046364214,0.047294024,4144,20.72,20.725097179412842,1,0.09300990402698517,0.906990110874176
4147,20.735,-8.599141e-05,-0.007813649,-0.02914031,0.048322305,4144,20.72,20.725097179412842,1,0.09300990402698517,0.906990110874176
4148,20.74,0.042325262,0.020021101,-0.0033169142,0.044245444,4148,20.74,20.740462064743042,1,0.05492895096540451,0.9450711011886597
4149,20.745,0.077912115,0.04936851,0.031228378,0.04170957,4148,20.74,20.740462064743042,1,0.05492895096540451,0.9450711011886597
4150,20.75,0.09942462,0.07411676,0.06586115,0.040120568,4148,20.74,20.740462064743042,1,0.05492895096540451,0.9450711011886597
4151,20.755,0.10627762,0.089406304,0.090311944,0.036689226,4148,20.74,20.740462064743042,1,0.05492895096540451,0.9450711011886597
4152,20.76,0.105461635,0.0958643,0.10024658,0.03190622,4152,20.76,20.77750825881958,1,0.08992056548595428,0.9100794196128845
4153,20.765,0.10505818,0.09742517,0.098674566,0.029648509,4152,20.76,20.77750825881958,1,0.08992056548595428,0.9100794196128845
4154,20.77,0.10699691,0.09624137,0.09137382,0.032889124,4152,20.76,20.77750825881958,1,0.08992056548595428,0.9100794196128845
4155,20.775,0.105937146,0.090545945,0.08153963,0.040072773,4152,20.76,20.77750825881958,1,0.08992056548595428,0.9100794196128845
4156,20.78,0.094004,0.07663579,0.06784802,0.045184594,4156,20.78,20.793891429901123,1,0.11293448507785797,0.8870655298233032
4157,20.785,0.06576227,0.05156831,0.046174172,0.0406039,4156,20.78,20.793891429901123,1,0.11293448507785797,0.8870655298233032
4158,20.79,0.020012353,0.014275829,0.013104957,0.020748498,4156,20.78,20.793891429901123,1,0.11293448507785797,0.8870655298233032
4159,20.795,-0.039876297,-0.03355367,-0.030453758,-0.014473238,4156,20.78,20.793891429901123,1,0.11293448507785797,0.8870655298233032
4160,20.8,-0.10489774,-0.08553921,-0.07725133,-0.057549246,4160,20.8,20.81039786338806,1,0.06422542035579681,0.935774564743042
4161,20.805,-0.16047935,-0.12996598,-0.115269035,-0.09485862,4160,20.8,20.81039786338806,1,0.06422542035579681,0.935774564743042
4162,20.81,-0.1911738,-0.15389994,-0.13344736,-0.112861425,4160,20.8,20.81039786338806,1,0.06422542035579681,0.935774564743042
4163,20.815,-0.18896832,-0.15097359,-0.12848684,-0.10597033,4160,20.8,20.81039786338806,1,0.06422542035579681,0.935774564743042
4164,20.82,-0.1586077,-0.126324,-0.10722246,-0.08014724,4164,20.82,20.827800512313843,1,0.17606103420257568,0.8239389657974243
4165,20.825,-0.11403182,-0.092897065,-0.08142355,-0.048574258,4164,20.82,20.827800512313843,1,0.17606103420257568,0.8239389657974243
4166,20.83,-0.06766987,-0.06093805,-0.058222733,-0.02219836,4164,20.82,20.827800512313843,1,0.17606103420257568,0.8239389657974243
4167,20.835,-0.021639349,-0.029794347,-0.03426232,-0.0027572326,4164,20.82,20.827800512313843,1,0.17606103420257568,0.8239389657974243
4168,20.84,0.0308433,0.009774646,0.00037792738,0.01586052,4168,20.84,20.842385053634644,1,0.05274095758795738,0.9472590684890747
4169,20.845,0.09457606,0.06404164,0.050921492,0.03945199,4168,20.84,20.842385053634644,1,0.05274095758795738,0.9472590684890747
4170,20.85,0.16203171,0.12608829,0.1093212,0.06644771,4168,20.84,20.842385053634644,1,0.05274095758795738,0.9472590684890747
4171,20.855,0.21389815,0.17702489,0.15692535,0.08878043,4168,20.84,20.842385053634644,1,0.05274095758795738,0.9472590684890747
4172,20.86,0.23103617,0.19817781,0.17670445,0.099448636,4172,20.86,20.876209497451782,1,0.06302087754011154,0.9369791150093079
4173,20.865,0.20761546,0.18345115,0.16425675,0.09866877,4172,20.86,20.876209497451782,1,0.06302087754011154,0.9369791150093079
4174,20.87,0.15411074,0.14145826,0.12834662,0.09220594,4172,20.86,20.876209497451782,1,0.06302087754011154,0.9369791150093079
4175,20.875,0.088369444,0.08713722,0.082112916,0.08392404,4172,20.86,20.876209497451782,1,0.06302087754011154,0.9369791150093079
4176,20.88,0.023272634,0.03143967,0.03404974,0.07048524,4176,20.88,20.89423370361328,1,0.050706375390291214,0.9492936730384827
4177,20.885,-0.039027102,-0.022864122,-0.014237579,0.043411665,4176,20.88,20.89423370361328,1,0.050706375390291214,0.9492936730384827
4178,20.89,-0.10327284,-0.07825597,-0.06441041,-0.0036881084,4176,20.88,20.89423370361328,1,0.050706375390291214,0.9492936730384827
4179,20.895,-0.17205024,-0.13645081,-0.11692026,-0.06872964,4176,20.88,20.89423370361328,1,0.050706375390291214,0.9492936730384827
4180,20.9,-0.23811644,-0.19312201,-0.16819574,-0.13927664,4180,20.9,20.90901517868042,1,0.03405749797821045,0.9659425020217896
4181,20.905,-0.2828693,-0.23551661,-0.20891303,-0.19519216,4180,20.9,20.90901517868042,1,0.03405749797821045,0.9659425020217896
4182,20.91,-0.28281072,-0.2450098,-0.2240453,-0.2149955,4180,20.9,20.90901517868042,1,0.03405749797821045,0.9659425020217896
4183,20.915,-0.22220162,-0.2057952,-0.19778383,-0.18515663,4180,20.9,20.90901517868042,1,0.03405749797821045,0.9659425020217896
4184,20.92,-0.10553508,-0.11646835,-0.12378394,-0.10901748,4184,20.92,20.924423933029175,1,0.06422608345746994,0.9357739686965942
4185,20.925,0.038858946,0.0035949838,-0.014426743,-0.008932618,4184,20.92,20.924423933029175,1,0.06422608345746994,0.9357739686965942
4186,20.93,0.16878316,0.11988338,0.0999244,0.08264263,4184,20.92,20.924423933029175,1,0.06422608345746994,0.9357739686965942
4187,20.935,0.24739866,0.19875488,0.18423904,0.13927858,4184,20.92,20.924423933029175,1,0.06422608345746994,0.9357739686965942
4188,20.94,0.26034856,0.22367273,0.21673398,0.1532745,4188,20.94,20.94262194633484,1,0.04064224287867546,0.959357738494873
4189,20.945,0.22039892,0.20105825,0.19892043,0.13622978,4188,20.94,20.94262194633484,1,0.04064224287867546,0.959357738494873
4190,20.95,0.15740475,0.1529513,0.15124424,0.10816368,4188,20.94,20.94262194633484,1,0.04064224287867546,0.959357738494873
4191,20.955,0.100526154,0.10275838,0.09867254,0.08408412,4188,20.94,20.94262194633484,1,0.04064224287867546,0.959357738494873
4192,20.96,0.06364854,0.0637499,0.05706981,0.06718801,4192,20.96,20.97490096092224,1,0.04680749773979187,0.9531925320625305
4193,20.965,0.041973166,0.036272313,0.028647078,0.051355734,4192,20.96,20.97490096092224,1,0.04680749773979187,0.9531925320625305
4194,20.97,0.020122292,0.01281514,0.006591031,0.028710227,4192,20.96,20.97490096092224,1,0.04680749773979187,0.9531925320625305
4195,20.975,-0.015141079,-0.014551729,-0.017265776,-0.004093895,4192,20.96,20.97490096092224,1,0.04680749773979187,0.9531925320625305
4196,20.98,-0.066448554,-0.049514603,-0.047591366,-0.04428309,4196,20.98,20.994280576705933,1,0.03129152953624725,0.9687085151672363
4197,20.985,-0.1259177,-0.09090433,-0.0846148,-0.08514302,4196,20.98,20.994280576705933,1,0.03129152953624725,0.9687085151672363
4198,20.99,-0.1809909,-0.13399217,-0.12462528,-0.11888961,4196,20.98,20.994280576705933,1,0.03129152953624725,0.9687085151672363
4199,20.995,-0.21977377,-0.17132741,-0.16008678,-0.13826977,4196,20.98,20.994280576705933,1,0.03129152953624725,0.9687085151672363
4200,21.0,-0.23245232,-0.1929982,-0.1802414,-0.13734281,4200,21.0,21.00921630859375,1,0.09968103468418121,0.90031898021698
4201,21.005,-0.21080668,-0.18801717,-0.17389794,-0.112888806,4200,21.0,21.00921630859375,1,0.09968103468418121,0.90031898021698
4202,21.01,-0.1498968,-0.14803287,-0.13416235,-0.06660062,4200,21.0,21.00921630859375,1,0.09968103468418121,0.90031898021698
4203,21.015,-0.052786987,-0.07240749,-0.06270126,-0.006348603,4200,21.0,21.00921630859375,1,0.09968103468418121,0.90031898021698
4204,21.02,0.065415524,0.028108407,0.028920984,0.05530722,4204,21.02,21.024486541748047,1,0.04175084829330444,0.9582491517066956
4205,21.025,0.17895046,0.13197364,0.12163127,0.105184935,4204,21.02,21.024486541748047,1,0.04175084829330444,0.9582491517066956
4206,21.03,0.25947577,0.21289231,0.19421023,0.13386834,4204,21.02,21.024486541748047,1,0.04175084829330444,0.9582491517066956
4207,21.035,0.28722864,0.24958387,0.23003724,0.13804276,4204,21.02,21.024486541748047,1,0.04175084829330444,0.9582491517066956
4208,21.04,0.2591585,0.23477346,0.22284168,0.12010978,4208,21.04,21.04435968399048,1,0.062353670597076416,0.9376463294029236
4209,21.045,0.18929364,0.17812389,0.1785685,0.086082585,4208,21.04,21.04435968399048,1,0.062353670597076416,0.9376463294029236
4210,21.05,0.10109021,0.10073485,0.11177528,0.043206353,4208,21.04,21.04435968399048,1,0.062353670597076416,0.9376463294029236
4211,21.055,0.016413445,0.024310473,0.038407054,-0.0017094222,4208,21.04,21.04435968399048,1,0.062353670597076416,0.9376463294029236
4212,21.06,-0.052350834,-0.038086995,-0.030378457,-0.042931315,4212,21.06,21.06699013710022,1,0.03200019150972366,0.9679998159408569
4213,21.065,-0.10336962,-0.08430849,-0.08960749,-0.07578685,4212,21.06,21.06699013710022,1,0.03200019150972366,0.9679998159408569
4214,21.07,-0.14097385,-0.11866892,-0.13752365,-0.096768565,4212,21.06,21.06699013710022,1,0.03200019150972366,0.9679998159408569
4215,21.075,-0.16990112,-0.14546537,-0.17188564,-0.10408689,4212,21.06,21.06699013710022,1,0.03200019150972366,0.9679998159408569
4216,21.08,-0.19106337,-0.16480832,-0.18857381,-0.09800299,4216,21.08,21.09538745880127,1,0.0531250461935997,0.9468749761581421
4217,21.085,-0.19951944,-0.17188141,-0.18272589,-0.08012404,4216,21.08,21.09538745880127,1,0.0531250461935997,0.9468749761581421
4218,21.09,-0.18525097,-0.15882093,-0.15099013,-0.052164793,4216,21.08,21.09538745880127,1,0.0531250461935997,0.9468749761581421
4219,21.095,-0.1381665,-0.11876966,-0.093957916,-0.015891232,4216,21.08,21.09538745880127,1,0.0531250461935997,0.9468749761581421
4220,21.1,-0.05682121,-0.051605765,-0.018447911,0.024966089,4220,21.1,21.11227321624756,1,0.048025671392679214,0.9519742727279663
4221,21.105,0.044384867,0.031345066,0.061457403,0.06267392,4220,21.1,21.11227321624756,1,0.048025671392679214,0.9519742727279663
4222,21.11,0.13700277,0.10824768,0.12676322,0.08658108,4220,21.1,21.11227321624756,1,0.048025671392679214,0.9519742727279663
4223,21.115,0.19178861,0.15579098,0.16044042,0.088499576,4220,21.1,21.11227321624756,1,0.048025671392679214,0.9519742727279663
4224,21.12,0.19601184,0.16229759,0.1563503,0.06919218,4224,21.12,21.129597663879395,1,0.0500592403113842,0.9499408006668091
4225,21.125,0.16158675,0.13546123,0.12413506,0.040153585,4224,21.12,21.129597663879395,1,0.0500592403113842,0.9499408006668091
4226,21.13,0.11612989,0.09724551,0.08463726,0.017369626,4224,21.12,21.129597663879395,1,0.0500592403113842,0.9499408006668091
4227,21.135,0.08275268,0.06826878,0.05685835,0.010407556,4224,21.12,21.129597663879395,1,0.0500592403113842,0.9499408006668091
4228,21.14,0.06457955,0.053621262,0.045295767,0.0153381005,4228,21.14,21.14430069923401,1,0.03862936422228813,0.9613706469535828
4229,21.145,0.046427935,0.04180828,0.0379807,0.017940119,4228,21.14,21.14430069923401,1,0.03862936422228813,0.9613706469535828
4230,21.15,0.011225951,0.017357754,0.017561667,0.0051359246,4228,21.14,21.14430069923401,1,0.03862936422228813,0.9613706469535828
4231,21.155,-0.04363637,-0.024307782,-0.023358667,-0.024626687,4228,21.14,21.14430069923401,1,0.03862936422228813,0.9613706469535828
4232,21.16,-0.10335206,-0.07243246,-0.07527038,-0.060203798,4232,21.16,21.17321276664734,1,0.05652974173426628,0.9434702396392822
4233,21.165,-0.14672512,-0.10952023,-0.11848594,-0.08578375,4232,21.16,21.17321276664734,1,0.05652974173426628,0.9434702396392822
4234,21.17,-0.16055095,-0.12431395,-0.13720635,-0.0910063,4232,21.16,21.17321276664734,1,0.05652974173426628,0.9434702396392822
4235,21.175,-0.14620472,-0.118197635,-0.12920196,-0.0759532,4232,21.16,21.17321276664734,1,0.05652974173426628,0.9434702396392822
4236,21.18,-0.11539743,-0.10111575,-0.10430787,-0.049021628,4236,21.18,21.194196224212646,1,0.09690403193235397,0.9030959606170654
4237,21.185,-0.08035855,-0.08195261,-0.07473131,-0.02066766,4236,21.18,21.194196224212646,1,0.09690403193235397,0.9030959606170654
4238,21.19,-0.046282288,-0.061699696,-0.046058025,0.0025132645,4236,21.18,21.194196224212646,1,0.09690403193235397,0.9030959606170654
4239,21.195,-0.010655681,-0.034299593,-0.015691275,0.020265581,4236,21.18,21.194196224212646,1,0.09690403193235397,0.9030959606170654
4240,21.2,0.03141686,0.006385876,0.02159374,0.0369638,4240,21.2,21.210519313812256,1,0.05256599560379982,0.9474340081214905
4241,21.205,0.08065736,0.05941232,0.066733174,0.057196654,4240,21.2,21.210519313812256,1,0.05256599560379982,0.9474340081214905
4242,21.21,0.1306168,0.114822425,0.11366921,0.081504926,4240,21.2,21.210519313812256,1,0.05256599560379982,0.9474340081214905
4243,21.215,0.16978097,0.1579496,0.15190792,0.10488407,4240,21.2,21.210519313812256,1,0.05256599560379982,0.9474340081214905
4244,21.22,0.18667859,0.17635895,0.17113373,0.118753314,4244,21.22,21.226989030838013,1,0.10163842141628265,0.8983616232872009
4245,21.225,0.17452016,0.16460682,0.16423829,0.114807166,4244,21.22,21.226989030838013,1,0.10163842141628265,0.8983616232872009
4246,21.23,0.1330776,0.12458273,0.1280462,0.08823584,4244,21.22,21.226989030838013,1,0.10163842141628265,0.8983616232872009
4247,21.235,0.067591734,0.062785454,0.06369528,0.038868185,4244,21.22,21.226989030838013,1,0.10163842141628265,0.8983616232872009
4248,21.24,-0.0139011955,-0.012576886,-0.02184518,-0.029190736,4248,21.24,21.252434015274048,1,0.04849160835146904,0.9515083432197571
4249,21.245,-0.102561675,-0.092707634,-0.11437843,-0.10769195,4248,21.24,21.252434015274048,1,0.04849160835146904,0.9515083432197571
4250,21.25,-0.18807104,-0.16734816,-0.19391839,-0.18324119,4248,21.24,21.252434015274048,1,0.04849160835146904,0.9515083432197571
4251,21.255,-0.2556883,-0.22317219,-0.23987673,-0.2366634,4248,21.24,21.252434015274048,1,0.04849160835146904,0.9515083432197571
4252,21.26,-0.2851379,-0.24397033,-0.23784465,-0.24611247,4252,21.26,21.276558876037598,1,0.04514557868242264,0.954854428768158
4253,21.265,-0.25642174,-0.21529904,-0.18476588,-0.19597313,4252,21.26,21.276558876037598,1,0.04514557868242264,0.954854428768158
4254,21.27,-0.16253005,-0.13344045,-0.090769954,-0.08846615,4252,21.26,21.276558876037598,1,0.04514557868242264,0.954854428768158
4255,21.275,-0.02079497,-0.013427376,0.022433113,0.050293494,4252,21.26,21.276558876037598,1,0.04514557868242264,0.954854428768158
4256,21.28,0.12816226,0.11155459,0.12645738,0.17723987,4256,21.28,21.295156955718994,1,0.03880710154771805,0.9611928462982178
4257,21.285,0.23727128,0.20257054,0.1942675,0.25129622,4256,21.28,21.295156955718994,1,0.03880710154771805,0.9611928462982178
4258,21.29,0.27633354,0.23329931,0.20967701,0.25343123,4256,21.28,21.295156955718994,1,0.03880710154771805,0.9611928462982178
4259,21.295,0.24632384,0.20291194,0.17448573,0.19481814,4256,21.28,21.295156955718994,1,0.03880710154771805,0.9611928462982178
4260,21.3,0.17543621,0.13521078,0.10893815,0.10833114,4260,21.3,21.310375928878784,1,0.09437689930200577,0.9056230783462524
4261,21.305,0.10080393,0.064954,0.043626066,0.03013995,4260,21.3,21.310375928878784,1,0.09437689930200577,0.9056230783462524
4262,21.31,0.048642203,0.0198306,0.005264864,-0.01677695,4260,21.3,21.310375928878784,1,0.09437689930200577,0.9056230783462524
4263,21.315,0.023977518,0.0076772403,0.0027695438,-0.029563652,4260,21.3,21.310375928878784,1,0.09437689930200577,0.9056230783462524
4264,21.32,0.012825199,0.014517903,0.02153934,-0.022790354,4264,21.32,21.32739806175232,1,0.02789374627172947,0.9721062183380127
4265,21.325,-0.0073426515,0.013665129,0.030961215,-0.019944936,4264,21.32,21.32739806175232,1,0.02789374627172947,0.9721062183380127
4266,21.33,-0.05475273,-0.0184731,0.0028001366,-0.04227561,4264,21.32,21.32739806175232,1,0.02789374627172947,0.9721062183380127
4267,21.335,-0.13267748,-0.08750849,-0.06983197,-0.097379565,4264,21.32,21.32739806175232,1,0.02789374627172947,0.9721062183380127
4268,21.34,-0.22456592,-0.17523989,-0.16539916,-0.17176777,4268,21.34,21.342329740524292,1,0.05614367872476578,0.9438562989234924
4269,21.345,-0.29798532,-0.24697067,-0.24420978,-0.2331652,4268,21.34,21.342329740524292,1,0.05614367872476578,0.9438562989234924
4270,21.35,-0.31775084,-0.2686011,-0.26965997,-0.2448646,4268,21.34,21.342329740524292,1,0.05614367872476578,0.9438562989234924
4271,21.355,-0.263344,-0.22394153,-0.22677739,-0.18626632,4268,21.34,21.342329740524292,1,0.05614367872476578,0.9438562989234924
4272,21.36,-0.14130612,-0.122471035,-0.12736055,-0.06721683,4272,21.36,21.372430324554443,1,0.05215758830308914,0.9478424191474915
4273,21.365,0.015618296,0.0061870823,-0.0011024489,0.07431847,4272,21.36,21.372430324554443,1,0.05215758830308914,0.9478424191474915
4274,21.37,0.16328901,0.12680542,0.11930209,0.1911765,4272,21.36,21.372430324554443,1,0.05215758830308914,0.9478424191474915
4275,21.375,0.26639435,0.21324217,0.20985639,0.25086746,4272,21.36,21.372430324554443,1,0.05215758830308914,0.9478424191474915
4276,21.38,0.31177586,0.2557353,0.2595637,0.24934724,4276,21.38,21.398211002349854,1,0.03911800682544708,0.9608819484710693
4277,21.385,0.30764642,0.25885186,0.26872766,0.20720217,4276,21.38,21.398211002349854,1,0.03911800682544708,0.9608819484710693
4278,21.39,0.27168033,0.2337788,0.24468611,0.15307578,4276,21.38,21.398211002349854,1,0.03911800682544708,0.9608819484710693
4279,21.395,0.2180774,0.19072458,0.19727328,0.10657508,4276,21.38,21.398211002349854,1,0.03911800682544708,0.9608819484710693
4280,21.4,0.15238865,0.1352672,0.13495758,0.07068586,4280,21.4,21.410172700881958,1,0.031088054180145264,0.9689119458198547
4281,21.405,0.075092115,0.0689534,0.06259534,0.03543811,4280,21.4,21.410172700881958,1,0.031088054180145264,0.9689119458198547
4282,21.41,-0.012166518,-0.007892032,-0.018127194,-0.012437347,4280,21.4,21.410172700881958,1,0.031088054180145264,0.9689119458198547
4283,21.415,-0.10416291,-0.09332048,-0.10567069,-0.080439165,4280,21.4,21.410172700881958,1,0.031088054180145264,0.9689119458198547
4284,21.42,-0.194191,-0.18176599,-0.1948449,-0.16522509,4284,21.42,21.42057776451111,1,0.025207141414284706,0.9747928380966187
4285,21.425,-0.27569175,-0.26269373,-0.2744344,-0.25153267,4284,21.42,21.42057776451111,1,0.025207141414284706,0.9747928380966187
4286,21.43,-0.33931577,-0.32006595,-0.32751822,-0.31446284,4284,21.42,21.42057776451111,1,0.025207141414284706,0.9747928380966187
4287,21.435,-0.36831105,-0.33435127,-0.33503324,-0.32596514,4284,21.42,21.42057776451111,1,0.025207141414284706,0.9747928380966187
4288,21.44,-0.34036967,-0.2890983,-0.2827232,-0.26624513,4288,21.44,21.4441921710968,1,0.07389020174741745,0.926109790802002
4289,21.445,-0.24011411,-0.18096529,-0.16984947,-0.13673452,4288,21.44,21.4441921710968,1,0.07389020174741745,0.926109790802002
4290,21.45,-0.075320795,-0.027269036,-0.014973943,0.033740543,4288,21.44,21.4441921710968,1,0.07389020174741745,0.926109790802002
4291,21.455,0.117106624,0.13606197,0.14668363,0.19718571,4288,21.44,21.4441921710968,1,0.07389020174741745,0.926109790802002
4292,21.46,0.28372,0.26762393,0.27540377,0.30751228,4292,21.46,21.475396156311035,1,0.034764502197504044,0.9652355313301086
4293,21.465,0.37935302,0.33774364,0.3426795,0.34207144,4292,21.46,21.475396156311035,1,0.034764502197504044,0.9652355313301086
4294,21.47,0.3876507,0.33917487,0.34131095,0.30928758,4292,21.46,21.475396156311035,1,0.034764502197504044,0.9652355313301086
4295,21.475,0.3242508,0.28561983,0.2846566,0.23807272,4292,21.46,21.475396156311035,1,0.034764502197504044,0.9652355313301086
4296,21.48,0.22300442,0.20117171,0.19725828,0.15822564,4296,21.48,21.491650581359863,1,0.06591565161943436,0.9340843558311462
4297,21.485,0.116738394,0.1086331,0.10345636,0.08605159,4296,21.48,21.491650581359863,1,0.06591565161943436,0.9340843558311462
4298,21.49,0.024537925,0.02261617,0.019390425,0.022565471,4296,21.48,21.491650581359863,1,0.06591565161943436,0.9340843558311462
4299,21.495,-0.050144188,-0.05175188,-0.049933266,-0.039234407,4296,21.48,21.491650581359863,1,0.06591565161943436,0.9340843558311462
4300,21.5,-0.11354191,-0.116381176,-0.10887524,-0.1061219,4300,21.5,21.510276794433594,1,0.023623675107955933,0.9763762950897217
4301,21.505,-0.17278014,-0.17533444,-0.16519947,-0.17971729,4300,21.5,21.510276794433594,1,0.023623675107955933,0.9763762950897217
4302,21.51,-0.22801235,-0.22852765,-0.22153158,-0.2538214,4300,21.5,21.510276794433594,1,0.023623675107955933,0.9763762950897217
4303,21.515,-0.26871547,-0.26710355,-0.26884046,-0.31283528,4300,21.5,21.510276794433594,1,0.023623675107955933,0.9763762950897217
4304,21.52,-0.27710402,-0.27503148,-0.28779328,-0.3338852,4304,21.52,21.520199298858643,1,0.0399290956556797,0.9600709080696106
4305,21.525,-0.23851292,-0.23822658,-0.25949576,-0.29592428,4304,21.52,21.520199298858643,1,0.0399290956556797,0.9600709080696106
4306,21.53,-0.15289894,-0.15572093,-0.17919947,-0.19330275,4304,21.52,21.520199298858643,1,0.0399290956556797,0.9600709080696106
4307,21.535,-0.038751572,-0.043925453,-0.06247545,-0.04452764,4304,21.52,21.520199298858643,1,0.0399290956556797,0.9600709080696106
4308,21.54,0.0747697,0.070376985,0.061693367,0.112423316,4308,21.54,21.544697761535645,1,0.036032430827617645,0.9639676213264465
4309,21.545,0.16248529,0.16339009,0.16595796,0.23733109,4308,21.54,21.544697761535645,1,0.036032430827617645,0.9639676213264465
4310,21.55,0.21410745,0.22392072,0.2363202,0.30628654,4308,21.54,21.544697761535645,1,0.036032430827617645,0.9639676213264465
4311,21.555,0.23431623,0.2530862,0.27266955,0.31907764,4308,21.54,21.544697761535645,1,0.036032430827617645,0.9639676213264465
4312,21.56,0.23403181,0.25694785,0.28054234,0.29216573,4312,21.56,21.570608377456665,1,0.049348823726177216,0.950651228427887
4313,21.565,0.22118443,0.24008593,0.2634631,0.2450793,4312,21.56,21.570608377456665,1,0.049348823726177216,0.950651228427887
4314,21.57,0.19740134,0.20486459,0.2223802,0.1908676,4312,21.56,21.570608377456665,1,0.049348823726177216,0.950651228427887
4315,21.575,0.16002983,0.15375279,0.15974933,0.1344645,4312,21.56,21.570608377456665,1,0.049348823726177216,0.950651228427887
4316,21.58,0.10463207,0.08915448,0.08089278,0.07479077,4316,21.58,21.59260606765747,1,0.02612968534231186,0.9738702774047852
4317,21.585,0.025707249,0.01008998,-0.0100264335,0.005845857,4316,21.58,21.59260606765747,1,0.02612968534231186,0.9738702774047852
4318,21.59,-0.08116763,-0.08827577,-0.11333902,-0.081796825,4316,21.58,21.59260606765747,1,0.02612968534231186,0.9738702774047852
4319,21.595,-0.21213092,-0.20682241,-0.22872886,-0.19392161,4316,21.58,21.59260606765747,1,0.02612968534231186,0.9738702774047852
4320,21.6,-0.3458781,-0.33012024,-0.34303847,-0.32024118,4320,21.6,21.601985692977905,1,0.02496277168393135,0.9750372171401978
4321,21.605,-0.44259524,-0.42198884,-0.42357773,-0.42677268,4320,21.6,21.601985692977905,1,0.02496277168393135,0.9750372171401978
4322,21.61,-0.45853955,-0.4387908,-0.42913872,-0.4653482,4320,21.6,21.601985692977905,1,0.02496277168393135,0.9750372171401978
4323,21.615,-0.37092423,-0.35562253,-0.3359775,-0.4003923,4320,21.6,21.601985692977905,1,0.02496277168393135,0.9750372171401978
4324,21.62,-0.1956353,-0.18647355,-0.15949114,-0.23557149,4324,21.62,21.621999502182007,1,0.044544193893671036,0.9554558396339417
4325,21.625,0.017556796,0.0191201,0.048113395,-0.018168248,4324,21.62,21.621999502182007,1,0.044544193893671036,0.9554558396339417
4326,21.63,0.21046732,0.20211956,0.22495557,0.18494518,4324,21.62,21.621999502182007,1,0.044544193893671036,0.9554558396339417
4327,21.635,0.34389818,0.3231,0.3310952,0.32237706,4324,21.62,21.621999502182007,1,0.044544193893671036,0.9554558396339417
4328,21.64,0.40795055,0.37371778,0.36164504,0.3786158,4328,21.64,21.64412498474121,1,0.03628721460700035,0.963712751865387
4329,21.645,0.4124979,0.3669514,0.3361593,0.3686161,4328,21.64,21.64412498474121,1,0.03628721460700035,0.963712751865387
4330,21.65,0.37124142,0.3200354,0.27855703,0.31751892,4328,21.64,21.64412498474121,1,0.03628721460700035,0.963712751865387
4331,21.655,0.29393014,0.24544461,0.20480064,0.24472892,4328,21.64,21.64412498474121,1,0.03628721460700035,0.963712751865387
4332,21.66,0.1893423,0.15275057,0.12306873,0.16133104,4332,21.66,21.67024827003479,1,0.027258681133389473,0.9727413058280945
4333,21.665,0.07064572,0.053113736,0.03909669,0.07513675,4332,21.66,21.67024827003479,1,0.027258681133389473,0.9727413058280945
4334,21.67,-0.045172267,-0.04112323,-0.041201264,-0.0065190373,4332,21.66,21.67024827003479,1,0.027258681133389473,0.9727413058280945
4335,21.675,-0.14382651,-0.120969936,-0.11255429,-0.0789979,4332,21.66,21.67024827003479,1,0.027258681133389473,0.9727413058280945
4336,21.68,-0.21958739,-0.18351227,-0.17088236,-0.14260292,4336,21.68,21.69040560722351,1,0.023129049688577652,0.9768709540367126
4337,21.685,-0.27476075,-0.22955722,-0.2120727,-0.19990656,4336,21.68,21.69040560722351,1,0.023129049688577652,0.9768709540367126
4338,21.69,-0.31322232,-0.25882408,-0.23137408,-0.24942501,4336,21.68,21.69040560722351,1,0.023129049688577652,0.9768709540367126
4339,21.695,-0.3334971,-0.26756722,-0.22554679,-0.28161633,4336,21.68,21.69040560722351,1,0.023129049688577652,0.9768709540367126
4340,21.7,-0.32696608,-0.25055695,-0.19607471,-0.28167504,4340,21.7,21.71061420440674,1,0.06381591409444809,0.9361840486526489
4341,21.705,-0.28265825,-0.20512216,-0.14955778,-0.23792784,4340,21.7,21.71061420440674,1,0.06381591409444809,0.9361840486526489
4342,21.71,-0.19529474,-0.1337128,-0.0939266,-0.15024352,4340,21.7,21.71061420440674,1,0.06381591409444809,0.9361840486526489
4343,21.715,-0.07118822,-0.04360301,-0.03373783,-0.033034567,4340,21.7,21.71061420440674,1,0.06381591409444809,0.9361840486526489
4344,21.72,0.07160099,0.05492367,0.030665359,0.08889664,4344,21.72,21.73262596130371,1,0.03570755943655968,0.9642925262451172
4345,21.725,0.20850652,0.14999919,0.09890785,0.18940797,4344,21.72,21.73262596130371,1,0.03570755943655968,0.9642925262451172
4346,21.73,0.31580797,0.22892264,0.16523978,0.25051624,4344,21.72,21.73262596130371,1,0.03570755943655968,0.9642925262451172
4347,21.735,0.37671238,0.27952304,0.21755798,0.26786345,4344,21.72,21.73262596130371,1,0.03570755943655968,0.9642925262451172
4348,21.74,0.38459402,0.2929935,0.2423481,0.24954559,4348,21.74,21.74453067779541,1,0.0589480958878994,0.9410519003868103
4349,21.745,0.34333804,0.2671409,0.23175375,0.20916265,4348,21.74,21.74453067779541,1,0.0589480958878994,0.9410519003868103
4350,21.75,0.26510993,0.20782281,0.18746878,0.15756337,4348,21.74,21.74453067779541,1,0.0589480958878994,0.9410519003868103
4351,21.755,0.16601478,0.1272147,0.119397976,0.09874896,4348,21.74,21.74453067779541,1,0.0589480958878994,0.9410519003868103
4352,21.76,0.06087816,0.03955276,0.04109033,0.032140292,4352,21.76,21.77765727043152,1,0.026593249291181564,0.9734067320823669
4353,21.765,-0.04069315,-0.043570932,-0.03493347,-0.041823786,4352,21.76,21.77765727043152,1,0.026593249291181564,0.9734067320823669
4354,21.77,-0.13491327,-0.11609697,-0.1002686,-0.118149325,4352,21.76,21.77765727043152,1,0.026593249291181564,0.9734067320823669
4355,21.775,-0.22071719,-0.17713514,-0.15169233,-0.1883439,4352,21.76,21.77765727043152,1,0.026593249291181564,0.9734067320823669
4356,21.78,-0.29502743,-0.22752045,-0.18991557,-0.24368194,4356,21.78,21.79063630104065,1,0.028198203071951866,0.9718018174171448
4357,21.785,-0.34973517,-0.2653321,-0.21614742,-0.2766556,4356,21.78,21.79063630104065,1,0.028198203071951866,0.9718018174171448
4358,21.79,-0.37257516,-0.2833405,-0.22810782,-0.27975067,4356,21.78,21.79063630104065,1,0.028198203071951866,0.9718018174171448
4359,21.795,-0.35136992,-0.2704013,-0.21837829,-0.24478653,4356,21.78,21.79063630104065,1,0.028198203071951866,0.9718018174171448
4360,21.8,-0.27930456,-0.21658695,-0.17722352,-0.16631815,4360,21.8,21.810465812683105,1,0.04604349285364151,0.9539564847946167
4361,21.805,-0.15915723,-0.119813874,-0.09926302,-0.048431206,4360,21.8,21.810465812683105,1,0.04604349285364151,0.9539564847946167
4362,21.81,-0.005444863,0.009255034,0.009597842,0.09030753,4360,21.8,21.810465812683105,1,0.04604349285364151,0.9539564847946167
4363,21.815,0.15636794,0.14703697,0.12968944,0.21934237,4360,21.8,21.810465812683105,1,0.04604349285364151,0.9539564847946167
4364,21.82,0.29464674,0.26297063,0.23243754,0.30687395,4364,21.82,21.82224941253662,1,0.037372540682554245,0.9626274704933167
4365,21.825,0.3803361,0.32998994,0.29125124,0.33337018,4364,21.82,21.82224941253662,1,0.037372540682554245,0.9626274704933167
4366,21.83,0.3971244,0.33496976,0.29294455,0.29969874,4364,21.82,21.82224941253662,1,0.037372540682554245,0.9626274704933167
4367,21.835,0.34822458,0.28370354,0.2430336,0.22494313,4364,21.82,21.82224941253662,1,0.037372540682554245,0.9626274704933167
4368,21.84,0.25515667,0.19725762,0.16149956,0.13547659,4368,21.84,21.860315799713135,1,0.04387339949607849,0.9561265707015991
4369,21.845,0.14751852,0.101132415,0.07154362,0.051894136,4368,21.84,21.860315799713135,1,0.04387339949607849,0.9561265707015991
4370,21.85,0.04860419,0.013213609,-0.01146484,-0.01896036,4368,21.84,21.860315799713135,1,0.04387339949607849,0.9561265707015991
4371,21.855,-0.034029607,-0.06197813,-0.08372286,-0.08288145,4368,21.84,21.860315799713135,1,0.04387339949607849,0.9561265707015991
4372,21.86,-0.10608154,-0.12888078,-0.14753681,-0.1490794,4372,21.86,21.875972270965576,1,0.024399355053901672,0.9756006002426147
4373,21.865,-0.17408389,-0.1899982,-0.20182228,-0.21846204,4372,21.86,21.875972270965576,1,0.024399355053901672,0.9756006002426147
4374,21.87,-0.23387764,-0.23794591,-0.23710737,-0.27728105,4372,21.86,21.875972270965576,1,0.024399355053901672,0.9756006002426147
4375,21.875,-0.27057275,-0.25791484,-0.23998918,-0.3016758,4372,21.86,21.875972270965576,1,0.024399355053901672,0.9756006002426147
4376,21.88,-0.27001888,-0.23880538,-0.20366046,-0.2716189,4376,21.88,21.89293885231018,1,0.06730140745639801,0.9326986074447632
4377,21.885,-0.23069862,-0.18296307,-0.13519843,-0.18524358,4376,21.88,21.89293885231018,1,0.06730140745639801,0.9326986074447632
4378,21.89,-0.16475894,-0.10555279,-0.052743707,-0.06303656,4376,21.88,21.89293885231018,1,0.06730140745639801,0.9326986074447632
4379,21.895,-0.088098496,-0.024530772,0.025206089,0.06160211,4376,21.88,21.89293885231018,1,0.06730140745639801,0.9326986074447632
4380,21.9,-0.010159051,0.049187493,0.08913853,0.15880881,4380,21.9,21.910236358642578,1,0.03665744140744209,0.9633426070213318
4381,21.905,0.06700523,0.11324335,0.13930668,0.21464153,4380,21.9,21.910236358642578,1,0.03665744140744209,0.9633426070213318
4382,21.91,0.14166826,0.16810602,0.17932868,0.23278095,4380,21.9,21.910236358642578,1,0.03665744140744209,0.9633426070213318
4383,21.915,0.20660457,0.2114987,0.20978276,0.22705817,4380,21.9,21.910236358642578,1,0.03665744140744209,0.9633426070213318
4384,21.92,0.25049227,0.237767,0.2266375,0.21091522,4384,21.92,21.925405740737915,1,0.060269955545663834,0.9397299885749817
4385,21.925,0.26354444,0.24034783,0.22321452,0.18931174,4384,21.92,21.925405740737915,1,0.060269955545663834,0.9397299885749817
4386,21.93,0.24084073,0.21344538,0.19221933,0.15624456,4384,21.92,21.925405740737915,1,0.060269955545663834,0.9397299885749817
4387,21.935,0.18177381,0.15278435,0.1275243,0.0992174,4384,21.92,21.925405740737915,1,0.060269955545663834,0.9397299885749817
4388,21.94,0.089623205,0.058270723,0.027917033,0.009364938,4388,21.94,21.94259548187256,1,0.02800297550857067,0.9719969630241394
4389,21.945,-0.025958816,-0.061219398,-0.09748957,-0.10811875,4388,21.94,21.94259548187256,1,0.02800297550857067,0.9719969630241394
4390,21.95,-0.1465187,-0.18540226,-0.22678798,-0.23062825,4388,21.94,21.94259548187256,1,0.02800297550857067,0.9719969630241394
4391,21.955,-0.24752356,-0.28697547,-0.3300421,-0.32549587,4388,21.94,21.94259548187256,1,0.02800297550857067,0.9719969630241394
4392,21.96,-0.3066527,-0.34156656,-0.37988615,-0.36398995,4392,21.96,21.977530479431152,1,0.026578720659017563,0.9734212756156921
4393,21.965,-0.31209174,-0.33668578,-0.36153033,-0.33314392,4392,21.96,21.977530479431152,1,0.026578720659017563,0.9734212756156921
4394,21.97,-0.26493403,-0.2741281,-0.27671975,-0.23911212,4392,21.96,21.977530479431152,1,0.026578720659017563,0.9734212756156921
4395,21.975,-0.17536347,-0.16625135,-0.14150375,-0.1025511,4392,21.96,21.977530479431152,1,0.026578720659017563,0.9734212756156921
4396,21.98,-0.057606015,-0.03106503,0.01862148,0.04899754,4396,21.98,21.992514610290527,1,0.03750893846154213,0.9624910354614258
4397,21.985,0.07168612,0.110074915,0.17353295,0.18758404,4396,21.98,21.992514610290527,1,0.03750893846154213,0.9624910354614258
4398,21.99,0.19212392,0.2331317,0.2935895,0.28949445,4396,21.98,21.992514610290527,1,0.03750893846154213,0.9624910354614258
4399,21.995,0.2802381,0.31436872,0.35628164,0.33921725,4396,21.98,21.992514610290527,1,0.03750893846154213,0.9624910354614258
4400,22.0,0.31583077,0.33752927,0.35337704,0.33284485,4400,22.0,22.010288953781128,1,0.04226958006620407,0.9577303528785706
4401,22.005,0.29173216,0.3017607,0.2945746,0.27908495,4400,22.0,22.010288953781128,1,0.04226958006620407,0.9577303528785706
4402,22.01,0.21953304,0.22360471,0.20370406,0.1958889,4400,22.0,22.010288953781128,1,0.04226958006620407,0.9577303528785706
4403,22.015,0.125109,0.12934355,0.107741825,0.10307953,4400,22.0,22.010288953781128,1,0.04226958006620407,0.9577303528785706
4404,22.02,0.035194714,0.04151657,0.024531228,0.014522545,4404,22.02,22.03264880180359,1,0.024787232279777527,0.975212812423706
4405,22.025,-0.036266435,-0.03118389,-0.042977333,-0.0655254,4404,22.02,22.03264880180359,1,0.024787232279777527,0.975212812423706
4406,22.03,-0.092381045,-0.09360114,-0.10250011,-0.13966091,4404,22.02,22.03264880180359,1,0.024787232279777527,0.975212812423706
4407,22.035,-0.14528127,-0.15449506,-0.1621146,-0.21023533,4404,22.02,22.03264880180359,1,0.024787232279777527,0.975212812423706
4408,22.04,-0.20200951,-0.21559341,-0.221722,-0.27284867,4408,22.04,22.040443897247314,1,0.025493202731013298,0.9745067954063416
4409,22.045,-0.2549754,-0.26726097,-0.2714901,-0.3147799,4408,22.04,22.040443897247314,1,0.025493202731013298,0.9745067954063416
4410,22.05,-0.2841862,-0.2928466,-0.29653907,-0.31944856,4408,22.04,22.040443897247314,1,0.025493202731013298,0.9745067954063416
4411,22.055,-0.26964137,-0.2776779,-0.28357872,-0.2745067,4408,22.04,22.040443897247314,1,0.025493202731013298,0.9745067954063416
4412,22.06,-0.20475256,-0.21677783,-0.22612326,-0.17932445,4412,22.06,22.07725429534912,1,0.04360488802194595,0.9563950300216675
4413,22.065,-0.10122812,-0.11762528,-0.1275154,-0.048003476,4412,22.06,22.07725429534912,1,0.04360488802194595,0.9563950300216675
4414,22.07,0.017230205,0.0022500837,-0.0018643256,0.0937866,4412,22.06,22.07725429534912,1,0.04360488802194595,0.9563950300216675
4415,22.075,0.12671453,0.1208226,0.12791282,0.21688691,4412,22.06,22.07725429534912,1,0.04360488802194595,0.9563950300216675
4416,22.08,0.21175492,0.21773833,0.2358476,0.29798958,4416,22.08,22.090590238571167,1,0.03610476478934288,0.9638952612876892
4417,22.085,0.26632273,0.2790048,0.3011902,0.32608294,4416,22.08,22.090590238571167,1,0.03610476478934288,0.9638952612876892
4418,22.09,0.2893246,0.29895175,0.31525758,0.30358863,4416,22.08,22.090590238571167,1,0.03610476478934288,0.9638952612876892
4419,22.095,0.28012812,0.2793756,0.28290755,0.24271369,4416,22.08,22.090590238571167,1,0.03610476478934288,0.9638952612876892
4420,22.1,0.23807475,0.22706798,0.21804395,0.15979785,4420,22.1,22.10578417778015,1,0.044210195541381836,0.9557898640632629
4421,22.105,0.16578537,0.15154436,0.13656251,0.07063394,4420,22.1,22.10578417778015,1,0.044210195541381836,0.9557898640632629
4422,22.11,0.072726674,0.06397159,0.05125124,-0.011983601,4420,22.1,22.10578417778015,1,0.044210195541381836,0.9557898640632629
4423,22.115,-0.025027664,-0.023499995,-0.029389305,-0.07927331,4420,22.1,22.10578417778015,1,0.044210195541381836,0.9557898640632629
4424,22.12,-0.11028487,-0.099661656,-0.0998942,-0.1274028,4424,22.12,22.127652645111084,1,0.02350470796227455,0.9764952659606934
4425,22.125,-0.17248708,-0.15757546,-0.15671709,-0.15833992,4424,22.12,22.127652645111084,1,0.02350470796227455,0.9764952659606934
4426,22.13,-0.21180858,-0.19679195,-0.19808544,-0.17883301,4424,22.12,22.127652645111084,1,0.02350470796227455,0.9764952659606934
4427,22.135,-0.23553203,-0.22144216,-0.22363782,-0.19589801,4424,22.12,22.127652645111084,1,0.02350470796227455,0.9764952659606934
4428,22.14,-0.24885158,-0.23442855,-0.23275827,-0.2101552,4428,22.14,22.14274263381958,1,0.06219353526830673,0.9378064870834351
4429,22.145,-0.24758485,-0.23212756,-0.22249798,-0.2118514,4428,22.14,22.14274263381958,1,0.06219353526830673,0.9378064870834351
4430,22.15,-0.21931078,-0.20457312,-0.187381,-0.18439792,4428,22.14,22.14274263381958,1,0.06219353526830673,0.9378064870834351
4431,22.155,-0.15257752,-0.14194527,-0.1224651,-0.11515693,4428,22.14,22.14274263381958,1,0.06219353526830673,0.9378064870834351
4432,22.16,-0.04731705,-0.04318223,-0.028506769,-0.0067112152,4432,22.16,22.170644998550415,1,0.037030238658189774,0.9629697799682617
4433,22.165,0.08088843,0.078951925,0.08383688,0.119823836,4432,22.16,22.170644998550415,1,0.037030238658189774,0.9629697799682617
4434,22.17,0.2050412,0.19950324,0.19377175,0.23242982,4432,22.16,22.170644998550415,1,0.037030238658189774,0.9629697799682617
4435,22.175,0.29637846,0.28904852,0.2753001,0.3017345,4432,22.16,22.170644998550415,1,0.037030238658189774,0.9629697799682617
4436,22.18,0.3342676,0.32413995,0.30598682,0.31193927,4436,22.18,22.194958925247192,1,0.041261423379182816,0.9587386250495911
4437,22.185,0.31227663,0.29595408,0.27595693,0.26394394,4436,22.18,22.194958925247192,1,0.041261423379182816,0.9587386250495911
4438,22.19,0.23871042,0.21325922,0.1927283,0.17167372,4436,22.18,22.194958925247192,1,0.041261423379182816,0.9587386250495911
4439,22.195,0.13237506,0.09851998,0.07913783,0.056025643,4436,22.18,22.194958925247192,1,0.041261423379182816,0.9587386250495911
4440,22.2,0.016216379,-0.020449074,-0.034886237,-0.06024297,4440,22.2,22.208714246749878,1,0.02506505511701107,0.9749348759651184
4441,22.205,-0.088335045,-0.119067915,-0.12292798,-0.15638179,4440,22.2,22.208714246749878,1,0.02506505511701107,0.9749348759651184
4442,22.21,-0.16517945,-0.18182471,-0.1705787,-0.21739726,4440,22.2,22.208714246749878,1,0.02506505511701107,0.9749348759651184
4443,22.215,-0.2060278,-0.2046616,-0.17864668,-0.23751748,4440,22.2,22.208714246749878,1,0.02506505511701107,0.9749348759651184
4444,22.22,-0.21167329,-0.19411467,-0.16003275,-0.22120343,4444,22.22,22.220465421676636,1,0.026727482676506042,0.9732725620269775
4445,22.225,-0.19085215,-0.1633122,-0.13179304,-0.17986663,4444,22.22,22.220465421676636,1,0.026727482676506042,0.9732725620269775
4446,22.23,-0.15595649,-0.12581924,-0.10642782,-0.12560217,4444,22.22,22.220465421676636,1,0.026727482676506042,0.9732725620269775
4447,22.235,-0.11731304,-0.089983106,-0.08700127,-0.06604348,4444,22.22,22.220465421676636,1,0.026727482676506042,0.9732725620269775
4448,22.24,-0.079301074,-0.0566197,-0.0680837,-0.0036378377,4448,22.24,22.24046492576599,1,0.042742349207401276,0.9572576880455017
4449,22.245,-0.040395256,-0.020957801,-0.04079932,0.060983926,4448,22.24,22.24046492576599,1,0.042742349207401276,0.9572576880455017
4450,22.25,0.0032904278,0.022403818,0.0011626823,0.12459432,4448,22.24,22.24046492576599,1,0.042742349207401276,0.9572576880455017
4451,22.255,0.053102296,0.07389118,0.05673997,0.1789113,4448,22.24,22.24046492576599,1,0.042742349207401276,0.9572576880455017
4452,22.26,0.104401805,0.12571369,0.115525626,0.21171403,4452,22.26,22.262882947921753,1,0.04170983284711838,0.9582902193069458
4453,22.265,0.1471697,0.1639326,0.16074206,0.21179983,4452,22.26,22.262882947921753,1,0.04170983284711838,0.9582902193069458
4454,22.27,0.17114012,0.17607933,0.17757271,0.17597067,4452,22.26,22.262882947921753,1,0.04170983284711838,0.9582902193069458
4455,22.275,0.1720345,0.15949984,0.16228771,0.11344568,4452,22.26,22.262882947921753,1,0.04170983284711838,0.9582902193069458
4456,22.28,0.15331343,0.12309032,0.12446842,0.042774174,4456,22.28,22.29536461830139,1,0.09425254911184311,0.9057474136352539
4457,22.285,0.12122543,0.079729445,0.07911117,-0.018703831,4456,22.28,22.29536461830139,1,0.09425254911184311,0.9057474136352539
4458,22.29,0.077907905,0.035700828,0.03496207,-0.06547756,4456,22.28,22.29536461830139,1,0.09425254911184311,0.9057474136352539
4459,22.295,0.020539338,-0.012459409,-0.009922358,-0.10507128,4456,22.28,22.29536461830139,1,0.09425254911184311,0.9057474136352539
4460,22.3,-0.050886504,-0.069719166,-0.06092604,-0.1474581,4460,22.3,22.300366163253784,1,0.02862785942852497,0.9713721871376038
4461,22.305,-0.124426894,-0.13069144,-0.115361094,-0.19129236,4460,22.3,22.300366163253784,1,0.02862785942852497,0.9713721871376038
4462,22.31,-0.17682247,-0.17694768,-0.15897252,-0.21982516,4460,22.3,22.300366163253784,1,0.02862785942852497,0.9713721871376038
4463,22.315,-0.18727423,-0.18840411,-0.17504759,-0.2117006,4460,22.3,22.300366163253784,1,0.02862785942852497,0.9713721871376038
4464,22.32,-0.15445955,-0.15977864,-0.15799797,-0.15841027,4464,22.32,22.322546243667603,1,0.12031389772891998,0.8796860575675964
4465,22.325,-0.100989096,-0.10679678,-0.11834169,-0.07332148,4464,22.32,22.322546243667603,1,0.12031389772891998,0.8796860575675964
4466,22.33,-0.058364406,-0.0550362,-0.07393818,0.016152073,4464,22.32,22.322546243667603,1,0.12031389772891998,0.8796860575675964
4467,22.335,-0.0427544,-0.02014358,-0.035495818,0.086886354,4464,22.32,22.322546243667603,1,0.12031389772891998,0.8796860575675964
4468,22.34,-0.04197225,0.0031276478,2.771774e-05,0.13306364,4468,22.34,22.34768295288086,1,0.042478788644075394,0.9575212597846985
4469,22.345,-0.02617963,0.032895047,0.04205467,0.16307743,4468,22.34,22.34768295288086,1,0.042478788644075394,0.9575212597846985
4470,22.35,0.025548143,0.080274835,0.09253031,0.18477912,4468,22.34,22.34768295288086,1,0.042478788644075394,0.9575212597846985
4471,22.355,0.10538893,0.13602678,0.13949084,0.19443159,4468,22.34,22.34768295288086,1,0.042478788644075394,0.9575212597846985
4472,22.36,0.18089919,0.17616636,0.16478583,0.18044932,4472,22.36,22.36080551147461,1,0.06092589348554611,0.9390740990638733
4473,22.365,0.21894978,0.18115601,0.15874283,0.13760135,4472,22.36,22.36080551147461,1,0.06092589348554611,0.9390740990638733
4474,22.37,0.20787549,0.1506827,0.1276433,0.07633211,4472,22.36,22.36080551147461,1,0.06092589348554611,0.9390740990638733
4475,22.375,0.1594113,0.10091946,0.08697384,0.01655095,4472,22.36,22.36080551147461,1,0.06092589348554611,0.9390740990638733
4476,22.38,0.09231268,0.048478343,0.047443375,-0.028889738,4476,22.38,22.393932580947876,1,0.03645051643252373,0.9635494947433472
4477,22.385,0.016513815,-0.0023573618,0.007637638,-0.06472732,4476,22.38,22.393932580947876,1,0.03645051643252373,0.9635494947433472
4478,22.39,-0.06648109,-0.057089273,-0.039826054,-0.106565036,4476,22.38,22.393932580947876,1,0.03645051643252373,0.9635494947433472
4479,22.395,-0.15026602,-0.11726765,-0.09536543,-0.16215257,4476,22.38,22.393932580947876,1,0.03645051643252373,0.9635494947433472
4480,22.4,-0.21480846,-0.17074767,-0.14600392,-0.2179991,4480,22.4,22.41120171546936,1,0.033446282148361206,0.9665537476539612
4481,22.405,-0.23459692,-0.19647658,-0.17217115,-0.24458209,4480,22.4,22.41120171546936,1,0.033446282148361206,0.9665537476539612
4482,22.41,-0.19753075,-0.17970385,-0.16176188,-0.21698411,4480,22.4,22.41120171546936,1,0.033446282148361206,0.9665537476539612
4483,22.415,-0.11674948,-0.1238467,-0.11903048,-0.13423897,4480,22.4,22.41120171546936,1,0.033446282148361206,0.9665537476539612
4484,22.42,-0.024169987,-0.049108125,-0.061179373,-0.022017185,4484,22.42,22.42536735534668,1,0.050141341984272,0.9498586058616638
4485,22.425,0.04866759,0.019976033,-0.0065740882,0.08257035,4484,22.42,22.42536735534668,1,0.050141341984272,0.9498586058616638
4486,22.43,0.086869314,0.06753684,0.0351853,0.15151046,4484,22.42,22.42536735534668,1,0.050141341984272,0.9498586058616638
4487,22.435,0.09486787,0.091130674,0.0644325,0.17719556,4484,22.42,22.42536735534668,1,0.050141341984272,0.9498586058616638
4488,22.44,0.0873381,0.09755579,0.08540693,0.16939585,4488,22.44,22.442252159118652,1,0.047557733952999115,0.9524422883987427
4489,22.445,0.07794892,0.09538654,0.09999019,0.14401919,4488,22.44,22.442252159118652,1,0.047557733952999115,0.9524422883987427
4490,22.45,0.07354307,0.09009144,0.10650301,0.11355622,4488,22.44,22.442252159118652,1,0.047557733952999115,0.9524422883987427
4491,22.455,0.07435309,0.08342154,0.10297706,0.08432362,4488,22.44,22.442252159118652,1,0.047557733952999115,0.9524422883987427
4492,22.46,0.07646157,0.0749028,0.09018975,0.058489606,4492,22.46,22.47746992111206,1,0.1284918487071991,0.8715081810951233
4493,22.465,0.073713,0.06284955,0.07091344,0.036112376,4492,22.46,22.47746992111206,1,0.1284918487071991,0.8715081810951233
4494,22.47,0.059543498,0.044648938,0.04658025,0.015217891,4492,22.46,22.47746992111206,1,0.1284918487071991,0.8715081810951233
4495,22.475,0.030071544,0.01785542,0.015764732,-0.008189603,4492,22.46,22.47746992111206,1,0.1284918487071991,0.8715081810951233
4496,22.48,-0.012672746,-0.017453857,-0.023025535,-0.038044114,4496,22.48,22.49049687385559,1,0.048287853598594666,0.9517121911048889
4497,22.485,-0.060642775,-0.057138976,-0.06688706,-0.075016804,4496,22.48,22.49049687385559,1,0.048287853598594666,0.9517121911048889
4498,22.49,-0.10406177,-0.09455068,-0.107572764,-0.11514167,4496,22.48,22.49049687385559,1,0.048287853598594666,0.9517121911048889
4499,22.495,-0.13654578,-0.12415715,-0.13585807,-0.15132186,4496,22.48,22.49049687385559,1,0.048287853598594666,0.9517121911048889
4500,22.5,-0.15571335,-0.14320388,-0.14706181,-0.17553559,4500,22.5,22.500755071640015,1,0.11384829878807068,0.8861517310142517
4501,22.505,-0.15858139,-0.14911668,-0.14186487,-0.1794645,4500,22.5,22.500755071640015,1,0.11384829878807068,0.8861517310142517
4502,22.51,-0.1377778,-0.13582332,-0.121605866,-0.15462889,4500,22.5,22.500755071640015,1,0.11384829878807068,0.8861517310142517
4503,22.515,-0.085204065,-0.09492908,-0.08379372,-0.09531417,4500,22.5,22.500755071640015,1,0.11384829878807068,0.8861517310142517
4504,22.52,-0.0020869449,-0.023435934,-0.024195261,-0.004874056,4504,22.52,22.528005599975586,1,0.05479838326573372,0.9452016353607178
4505,22.525,0.09393707,0.0679064,0.054878023,0.09933123,4504,22.52,22.528005599975586,1,0.05479838326573372,0.9452016353607178
4506,22.53,0.17342806,0.15431103,0.13795596,0.18881182,4504,22.52,22.528005599975586,1,0.05479838326573372,0.9452016353607178
4507,22.535,0.21023262,0.20765333,0.19963937,0.23598817,4504,22.52,22.528005599975586,1,0.05479838326573372,0.9452016353607178
4508,22.54,0.19624397,0.21171588,0.2178105,0.22871046,4508,22.54,22.542644262313843,1,0.052207235246896744,0.9477928280830383
4509,22.545,0.14500536,0.17116433,0.18767682,0.17711432,4508,22.54,22.542644262313843,1,0.052207235246896744,0.9477928280830383
4510,22.55,0.082343385,0.10792632,0.12559423,0.107514344,4508,22.54,22.542644262313843,1,0.052207235246896744,0.9477928280830383
4511,22.555,0.031522945,0.047899324,0.05914664,0.047374427,4508,22.54,22.542644262313843,1,0.052207235246896744,0.9477928280830383
4512,22.56,0.0025912642,0.0072297696,0.010508701,0.011378058,4512,22.56,22.570465803146362,1,0.03856971114873886,0.9614302515983582
4513,22.565,-0.009269831,-0.013673293,-0.015246391,-0.0033988971,4512,22.56,22.570465803146362,1,0.03856971114873886,0.9614302515983582
4514,22.57,-0.018032623,-0.026692918,-0.029863525,-0.012614304,4512,22.56,22.570465803146362,1,0.03856971114873886,0.9614302515983582
4515,22.575,-0.03865269,-0.047388706,-0.051692594,-0.035283376,4512,22.56,22.570465803146362,1,0.03856971114873886,0.9614302515983582
4516,22.58,-0.08036557,-0.08665177,-0.09332723,-0.084958486,4516,22.58,22.59445595741272,1,0.05931853502988815,0.9406814575195312
4517,22.585,-0.14248557,-0.14527455,-0.15390603,-0.16284439,4516,22.58,22.59445595741272,1,0.05931853502988815,0.9406814575195312
4518,22.59,-0.21223053,-0.21154922,-0.21830893,-0.25287348,4516,22.58,22.59445595741272,1,0.05931853502988815,0.9406814575195312
4519,22.595,-0.26540524,-0.26240382,-0.2621654,-0.32169035,4516,22.58,22.59445595741272,1,0.05931853502988815,0.9406814575195312
4520,22.6,-0.27263096,-0.26994354,-0.26081708,-0.32865733,4520,22.6,22.608811616897583,1,0.1578260213136673,0.8421739935874939
4521,22.605,-0.21212304,-0.21362206,-0.19991802,-0.24617228,4520,22.6,22.608811616897583,1,0.1578260213136673,0.8421739935874939
4522,22.61,-0.08412459,-0.093236975,-0.083829135,-0.08030063,4520,22.6,22.608811616897583,1,0.1578260213136673,0.8421739935874939
4523,22.615,0.08269055,0.06563648,0.06280984,0.12387868,4520,22.6,22.608811616897583,1,0.1578260213136673,0.8421739935874939
4524,22.62,0.23983328,0.21927893,0.20254733,0.30020297,4524,22.62,22.624637603759766,1,0.03777914494276047,0.9622209072113037
4525,22.625,0.33977816,0.32373223,0.29894477,0.3937086,4524,22.62,22.624637603759766,1,0.03777914494276047,0.9622209072113037
4526,22.63,0.35712048,0.3532038,0.330273,0.3866062,4524,22.62,22.624637603759766,1,0.03777914494276047,0.9622209072113037
4527,22.635,0.29803345,0.30917236,0.2966825,0.3016936,4524,22.62,22.624637603759766,1,0.03777914494276047,0.9622209072113037
4528,22.64,0.19394523,0.21655457,0.2179759,0.18372458,4528,22.64,22.64526629447937,1,0.079135961830616,0.9208640456199646
4529,22.645,0.08462711,0.11038603,0.12358561,0.073814325,4528,22.64,22.64526629447937,1,0.079135961830616,0.9208640456199646
4530,22.65,0.00034076555,0.020325817,0.039715834,-0.006738625,4528,22.64,22.64526629447937,1,0.079135961830616,0.9208640456199646
4531,22.655,-0.048558492,-0.039816074,-0.020254651,-0.05710848,4528,22.64,22.64526629447937,1,0.079135961830616,0.9208640456199646
4532,22.66,-0.070891894,-0.07344601,-0.057803433,-0.087448776,4532,22.66,22.661407709121704,1,0.024480998516082764,0.9755190014839172
4533,22.665,-0.08497549,-0.094255425,-0.08381142,-0.10884946,4532,22.66,22.661407709121704,1,0.024480998516082764,0.9755190014839172
4534,22.67,-0.106581986,-0.11618061,-0.110095695,-0.12870908,4532,22.66,22.661407709121704,1,0.024480998516082764,0.9755190014839172
4535,22.675,-0.14133573,-0.14627516,-0.14327493,-0.15105607,4532,22.66,22.661407709121704,1,0.024480998516082764,0.9755190014839172
4536,22.68,-0.18397453,-0.18300563,-0.18295734,-0.17753798,4536,22.68,22.69031524658203,1,0.06998447328805923,0.930015504360199
4537,22.685,-0.2219234,-0.21799545,-0.22225158,-0.2058299,4536,22.68,22.69031524658203,1,0.06998447328805923,0.930015504360199
4538,22.69,-0.23959287,-0.23824447,-0.24832548,-0.2265041,4536,22.68,22.69031524658203,1,0.06998447328805923,0.930015504360199
4539,22.695,-0.22257361,-0.2286641,-0.24405551,-0.22288206,4536,22.68,22.69031524658203,1,0.06998447328805923,0.930015504360199
4540,22.7,-0.16275296,-0.17694914,-0.19378883,-0.17738931,4540,22.7,22.710325002670288,1,0.045200835913419724,0.9547991752624512
4541,22.705,-0.06343793,-0.08071358,-0.09300498,-0.08250541,4540,22.7,22.710325002670288,1,0.045200835913419724,0.9547991752624512
4542,22.71,0.0591822,0.04737451,0.04410998,0.05082236,4540,22.7,22.710325002670288,1,0.045200835913419724,0.9547991752624512
4543,22.715,0.18063053,0.1813415,0.18643586,0.1940518,4540,22.7,22.710325002670288,1,0.045200835913419724,0.9547991752624512
4544,22.72,0.27624914,0.29059166,0.29795265,0.31147903,4544,22.72,22.722806930541992,1,0.03833455964922905,0.9616655111312866
4545,22.725,0.32743505,0.35013968,0.3524802,0.37364206,4544,22.72,22.722806930541992,1,0.03833455964922905,0.9616655111312866
4546,22.73,0.32363498,0.34684184,0.34162095,0.36614314,4544,22.72,22.722806930541992,1,0.03833455964922905,0.9616655111312866
4547,22.735,0.2629045,0.2808248,0.2729717,0.2914319,4544,22.72,22.722806930541992,1,0.03833455964922905,0.9616655111312866
4548,22.74,0.1543805,0.16497977,0.1636461,0.16630813,4548,22.74,22.749304056167603,1,0.03496161103248596,0.9650384187698364
4549,22.745,0.020914907,0.02397466,0.035504937,0.018191632,4548,22.74,22.749304056167603,1,0.03496161103248596,0.9650384187698364
4550,22.75,-0.10403356,-0.10947666,-0.08685094,-0.120080106,4548,22.74,22.749304056167603,1,0.03496161103248596,0.9650384187698364
4551,22.755,-0.18809734,-0.20362587,-0.17917296,-0.21861996,4548,22.74,22.749304056167603,1,0.03496161103248596,0.9650384187698364
4552,22.76,-0.21487193,-0.2398399,-0.22434361,-0.26068553,4552,22.76,22.77538251876831,1,0.023790761828422546,0.9762092232704163
4553,22.765,-0.19154076,-0.22077769,-0.21979536,-0.24911557,4552,22.76,22.77538251876831,1,0.023790761828422546,0.9762092232704163
4554,22.77,-0.14287275,-0.16803041,-0.17917468,-0.20345348,4552,22.76,22.77538251876831,1,0.023790761828422546,0.9762092232704163
4555,22.775,-0.09533662,-0.10948519,-0.12506756,-0.14806311,4552,22.76,22.77538251876831,1,0.023790761828422546,0.9762092232704163
4556,22.78,-0.06255625,-0.064398326,-0.07684204,-0.09870757,4556,22.78,22.79399013519287,1,0.04412920027971268,0.9558707475662231
4557,22.785,-0.04184474,-0.0360441,-0.042070873,-0.056884695,4556,22.78,22.79399013519287,1,0.04412920027971268,0.9558707475662231
4558,22.79,-0.022518432,-0.015850471,-0.017091505,-0.015276668,4556,22.78,22.79399013519287,1,0.04412920027971268,0.9558707475662231
4559,22.795,0.0023234023,0.0060047535,0.0054869233,0.031350996,4556,22.78,22.79399013519287,1,0.04412920027971268,0.9558707475662231
4560,22.8,0.03055545,0.032834906,0.029803418,0.079595104,4560,22.8,22.808889865875244,1,0.04249996319413185,0.9575000405311584
4561,22.805,0.05555037,0.061831735,0.05565182,0.12032764,4560,22.8,22.808889865875244,1,0.04249996319413185,0.9575000405311584
4562,22.81,0.07450124,0.08964232,0.08172901,0.14701459,4560,22.8,22.808889865875244,1,0.04249996319413185,0.9575000405311584
4563,22.815,0.09124968,0.11565348,0.1074836,0.16047096,4560,22.8,22.808889865875244,1,0.04249996319413185,0.9575000405311584
4564,22.82,0.11013348,0.13903001,0.13065322,0.16519411,4564,22.82,22.824293613433838,1,0.10557586699724197,0.8944241404533386
4565,22.825,0.12701121,0.15328777,0.14382827,0.16132793,4564,22.82,22.824293613433838,1,0.10557586699724197,0.8944241404533386
4566,22.83,0.12757267,0.14583652,0.13563508,0.14096905,4564,22.82,22.824293613433838,1,0.10557586699724197,0.8944241404533386
4567,22.835,0.09668606,0.10533975,0.09759622,0.09330516,4564,22.82,22.824293613433838,1,0.10557586699724197,0.8944241404533386
4568,22.84,0.031534463,0.03147558,0.031376723,0.01446943,4568,22.84,22.840561151504517,1,0.04680011793971062,0.9531998634338379
4569,22.845,-0.05322838,-0.06151723,-0.049949754,-0.08625092,4568,22.84,22.840561151504517,1,0.04680011793971062,0.9531998634338379
4570,22.85,-0.13302812,-0.150716,-0.12754962,-0.18833548,4568,22.84,22.840561151504517,1,0.04680011793971062,0.9531998634338379
4571,22.855,-0.18671598,-0.21466191,-0.18429627,-0.2673807,4568,22.84,22.840561151504517,1,0.04680011793971062,0.9531998634338379
4572,22.86,-0.20451015,-0.23998372,-0.20863076,-0.30226055,4572,22.86,22.865434646606445,1,0.04720241203904152,0.9527975916862488
4573,22.865,-0.18623401,-0.22183588,-0.19449301,-0.2796773,4572,22.86,22.865434646606445,1,0.04720241203904152,0.9527975916862488
4574,22.87,-0.13545483,-0.16194561,-0.14128289,-0.19772239,4572,22.86,22.865434646606445,1,0.04720241203904152,0.9527975916862488
4575,22.875,-0.057526596,-0.068771474,-0.056388795,-0.06951891,4572,22.86,22.865434646606445,1,0.04720241203904152,0.9527975916862488
4576,22.88,0.036876444,0.040575713,0.04231238,0.07600006,4576,22.88,22.892348289489746,1,0.04180337116122246,0.9581966400146484
4577,22.885,0.1284551,0.14115903,0.12911026,0.20061682,4576,22.88,22.892348289489746,1,0.04180337116122246,0.9581966400146484
4578,22.89,0.1926168,0.207054,0.17991312,0.27075434,4576,22.88,22.892348289489746,1,0.04180337116122246,0.9581966400146484
4579,22.895,0.20991495,0.22212307,0.18372175,0.27217862,4576,22.88,22.892348289489746,1,0.04180337116122246,0.9581966400146484
4580,22.9,0.17728801,0.18823725,0.14818282,0.21632035,4580,22.9,22.91132092475891,1,0.06437129527330399,0.9356286525726318
4581,22.905,0.1117967,0.124892384,0.09467917,0.13367969,4580,22.9,22.91132092475891,1,0.06437129527330399,0.9356286525726318
4582,22.91,0.042893887,0.05944132,0.045925256,0.05817589,4580,22.9,22.91132092475891,1,0.06437129527330399,0.9356286525726318
4583,22.915,-0.0030904093,0.013458989,0.014470139,0.01181036,4580,22.9,22.91132092475891,1,0.06437129527330399,0.9356286525726318
4584,22.92,-0.017032268,-0.0067687556,-0.00078082224,-0.0024696037,4584,22.92,22.925230503082275,1,0.02750871703028679,0.9724913239479065
4585,22.925,-0.011027707,-0.0108132735,-0.009684532,0.0017089045,4584,22.92,22.925230503082275,1,0.02750871703028679,0.9724913239479065
4586,22.93,-0.009932242,-0.016777642,-0.023221489,0.0022382098,4584,22.92,22.925230503082275,1,0.02750871703028679,0.9724913239479065
4587,22.935,-0.035522528,-0.04093852,-0.048586294,-0.022122636,4584,22.92,22.925230503082275,1,0.02750871703028679,0.9724913239479065
4588,22.94,-0.092441976,-0.08911987,-0.08760826,-0.082767285,4588,22.94,22.942701816558838,1,0.05785886198282242,0.9421411156654358
4589,22.945,-0.16377112,-0.15254697,-0.13562746,-0.17343958,4588,22.94,22.942701816558838,1,0.05785886198282242,0.9421411156654358
4590,22.95,-0.21856403,-0.20941426,-0.17974877,-0.26704994,4588,22.94,22.942701816558838,1,0.05785886198282242,0.9421411156654358
4591,22.955,-0.22719173,-0.23242533,-0.19965765,-0.32236993,4588,22.94,22.942701816558838,1,0.05785886198282242,0.9421411156654358
4592,22.96,-0.1763512,-0.20072046,-0.17487755,-0.30194005,4592,22.96,22.9613299369812,1,0.09158483892679214,0.9084151387214661
4593,22.965,-0.07612607,-0.11167623,-0.0972452,-0.1937901,4592,22.96,22.9613299369812,1,0.09158483892679214,0.9084151387214661
4594,22.97,0.044140156,0.013930472,0.019167446,-0.023344966,4592,22.96,22.9613299369812,1,0.09158483892679214,0.9084151387214661
4595,22.975,0.14874932,0.13818617,0.13960674,0.15469459,4592,22.96,22.9613299369812,1,0.09158483892679214,0.9084151387214661
4596,22.98,0.21075462,0.22246073,0.22376306,0.28213933,4596,22.98,22.99499225616455,1,0.03739515691995621,0.962604820728302
4597,22.985,0.2218558,0.24563,0.24640119,0.3257361,4596,22.98,22.99499225616455,1,0.03739515691995621,0.962604820728302
4598,22.99,0.19268167,0.2132533,0.2102248,0.29076952,4596,22.98,22.99499225616455,1,0.03739515691995621,0.962604820728302
4599,22.995,0.14445724,0.1519706,0.1422994,0.21259093,4596,22.98,22.99499225616455,1,0.03739515691995621,0.962604820728302
4600,23.0,0.09752499,0.092951484,0.07661978,0.13360967,4600,23.0,23.009917974472046,1,0.04307015240192413,0.9569298624992371
4601,23.005,0.062797315,0.055046286,0.034647252,0.0811898,4600,23.0,23.009917974472046,1,0.04307015240192413,0.9569298624992371
4602,23.01,0.03916075,0.037372895,0.01597683,0.058138654,4600,23.0,23.009917974472046,1,0.04307015240192413,0.9569298624992371
4603,23.015,0.016254444,0.023889348,0.0032604812,0.04721561,4600,23.0,23.009917974472046,1,0.04307015240192413,0.9569298624992371
4604,23.02,-0.019421844,-0.004854328,-0.024012122,0.023413917,4604,23.02,23.02041983604431,1,0.0280566718429327,0.9719433784484863
4605,23.025,-0.07685711,-0.0600951,-0.07634146,-0.03296193,4604,23.02,23.02041983604431,1,0.0280566718429327,0.9719433784484863
4606,23.03,-0.15336378,-0.13827698,-0.1482416,-0.12614058,4604,23.02,23.02041983604431,1,0.0280566718429327,0.9719433784484863
4607,23.035,-0.23122282,-0.22076762,-0.22026286,-0.23943153,4604,23.02,23.02041983604431,1,0.0280566718429327,0.9719433784484863
4608,23.04,-0.28162876,-0.2792237,-0.26615056,-0.33705848,4608,23.04,23.046116590499878,1,0.05175613984465599,0.9482438564300537
4609,23.045,-0.27637893,-0.28555393,-0.26223433,-0.37594086,4608,23.04,23.046116590499878,1,0.05175613984465599,0.9482438564300537
4610,23.05,-0.20264852,-0.22434239,-0.19721602,-0.32578388,4608,23.04,23.046116590499878,1,0.05175613984465599,0.9482438564300537
4611,23.055,-0.072817765,-0.10301629,-0.07977548,-0.18842344,4608,23.04,23.046116590499878,1,0.05175613984465599,0.9482438564300537
4612,23.06,0.077316195,0.046723712,0.060563687,-0.0033678734,4612,23.06,23.078250885009766,1,0.03736815229058266,0.96263188123703
4613,23.065,0.20268661,0.18005744,0.18305868,0.16790506,4612,23.06,23.078250885009766,1,0.03736815229058266,0.96263188123703
4614,23.07,0.26887402,0.25902906,0.25357303,0.2723287,4612,23.06,23.078250885009766,1,0.03736815229058266,0.96263188123703
4615,23.075,0.26692185,0.2700714,0.26077956,0.29155207,4612,23.06,23.078250885009766,1,0.03736815229058266,0.96263188123703
4616,23.08,0.21443334,0.22765237,0.21963875,0.24651104,4616,23.08,23.09024977684021,1,0.05202963203191757,0.9479703903198242
4617,23.085,0.14276606,0.16194929,0.15943049,0.17821701,4616,23.08,23.09024977684021,1,0.05202963203191757,0.9479703903198242
4618,23.09,0.07922915,0.10012286,0.105330326,0.12044344,4616,23.08,23.09024977684021,1,0.05202963203191757,0.9479703903198242
4619,23.095,0.035700202,0.054386318,0.066762306,0.08433116,4616,23.08,23.09024977684021,1,0.05202963203191757,0.9479703903198242
4620,23.1,0.008819639,0.02256952,0.03856547,0.06241949,4620,23.1,23.102065563201904,1,0.024956760928034782,0.9750432372093201
4621,23.105,-0.012305597,-0.0039693364,0.009889091,0.042670548,4620,23.1,23.102065563201904,1,0.024956760928034782,0.9750432372093201
4622,23.11,-0.038695313,-0.03390826,-0.028350562,0.0175935,4620,23.1,23.102065563201904,1,0.024956760928034782,0.9750432372093201
4623,23.115,-0.07800934,-0.07411969,-0.08105791,-0.016941035,4620,23.1,23.102065563201904,1,0.024956760928034782,0.9750432372093201
4624,23.12,-0.132507,-0.12837546,-0.14794159,-0.06583391,4624,23.12,23.128435373306274,1,0.02904311940073967,0.9709568619728088
4625,23.125,-0.19541933,-0.19262975,-0.22010417,-0.13218644,4624,23.12,23.128435373306274,1,0.02904311940073967,0.9709568619728088
4626,23.13,-0.2479225,-0.24980582,-0.2769196,-0.20807879,4624,23.12,23.128435373306274,1,0.02904311940073967,0.9709568619728088
4627,23.135,-0.262737,-0.27189428,-0.29012913,-0.2690429,4624,23.12,23.128435373306274,1,0.02904311940073967,0.9709568619728088
4628,23.14,-0.2168411,-0.23309383,-0.23759554,-0.2819068,4628,23.14,23.142302989959717,1,0.08080528676509857,0.919194757938385
4629,23.145,-0.10726081,-0.12756507,-0.11946861,-0.22418533,4628,23.14,23.142302989959717,1,0.08080528676509857,0.919194757938385
4630,23.15,0.041266106,0.021101162,0.035519727,-0.10174254,4628,23.14,23.142302989959717,1,0.08080528676509857,0.919194757938385
4631,23.155,0.18414114,0.16756663,0.1805226,0.049321312,4628,23.14,23.142302989959717,1,0.08080528676509857,0.919194757938385
4632,23.16,0.27731586,0.26648134,0.27279338,0.17971553,4632,23.16,23.161665201187134,1,0.03531591221690178,0.9646840691566467
4633,23.165,0.2983301,0.29472247,0.2938118,0.25226426,4632,23.16,23.161665201187134,1,0.03531591221690178,0.9646840691566467
4634,23.17,0.25511137,0.2599227,0.2547022,0.25884166,4632,23.16,23.161665201187134,1,0.03531591221690178,0.9646840691566467
4635,23.175,0.1775731,0.19079377,0.18465984,0.21869874,4632,23.16,23.161665201187134,1,0.03531591221690178,0.9646840691566467
4636,23.18,0.09841283,0.117464334,0.111778796,0.16155446,4636,23.18,23.19503927230835,1,0.05662643536925316,0.9433735609054565
4637,23.185,0.036258798,0.056057412,0.049908977,0.10893783,4636,23.18,23.19503927230835,1,0.05662643536925316,0.9433735609054565
4638,23.19,-0.0086376555,0.006655501,-0.0011203815,0.06620188,4636,23.18,23.19503927230835,1,0.05662643536925316,0.9433735609054565
4639,23.195,-0.046224833,-0.037678037,-0.045914102,0.027268246,4636,23.18,23.19503927230835,1,0.05662643536925316,0.9433735609054565
4640,23.2,-0.08501223,-0.08108717,-0.08521392,-0.015771555,4640,23.2,23.210508584976196,1,0.025141533464193344,0.9748584032058716
4641,23.205,-0.12629731,-0.122536354,-0.11605407,-0.0670635,4640,23.2,23.210508584976196,1,0.025141533464193344,0.9748584032058716
4642,23.21,-0.16607745,-0.15995522,-0.13782333,-0.12699437,4640,23.2,23.210508584976196,1,0.025141533464193344,0.9748584032058716
4643,23.215,-0.19919282,-0.19327523,-0.15540315,-0.1925761,4640,23.2,23.210508584976196,1,0.025141533464193344,0.9748584032058716
4644,23.22,-0.22008125,-0.22104141,-0.17391224,-0.25418025,4644,23.22,23.229297399520874,1,0.056803759187459946,0.9431962370872498
4645,23.225,-0.22044502,-0.23397109,-0.18930562,-0.29201376,4644,23.22,23.229297399520874,1,0.056803759187459946,0.9431962370872498
4646,23.23,-0.18902655,-0.21438095,-0.1852344,-0.28014922,4644,23.22,23.229297399520874,1,0.056803759187459946,0.9431962370872498
4647,23.235,-0.11717487,-0.14617537,-0.14218862,-0.20071523,4644,23.22,23.229297399520874,1,0.056803759187459946,0.9431962370872498
4648,23.24,-0.007613804,-0.029510016,-0.053390827,-0.059949018,4648,23.24,23.244505405426025,1,0.04199992120265961,0.9580000638961792
4649,23.245,0.12067749,0.112142354,0.06564568,0.10745916,4648,23.24,23.244505405426025,1,0.04199992120265961,0.9580000638961792
4650,23.25,0.23674527,0.2400152,0.18260254,0.25208908,4648,23.24,23.244505405426025,1,0.04199992120265961,0.9580000638961792
4651,23.255,0.30990788,0.31868237,0.2650809,0.33380845,4648,23.24,23.244505405426025,1,0.04199992120265961,0.9580000638961792
4652,23.26,0.32319942,0.3326042,0.29597628,0.34009904,4652,23.26,23.2727472782135,1,0.041173022240400314,0.9588268995285034
4653,23.265,0.28045774,0.29025573,0.27752104,0.28752843,4652,23.26,23.2727472782135,1,0.041173022240400314,0.9588268995285034
4654,23.27,0.20315425,0.21519135,0.22414006,0.20786484,4652,23.26,23.2727472782135,1,0.041173022240400314,0.9588268995285034
4655,23.275,0.11848118,0.13165912,0.15185134,0.12967148,4652,23.26,23.2727472782135,1,0.041173022240400314,0.9588268995285034
4656,23.28,0.04495792,0.053756084,0.07155115,0.06620525,4656,23.28,23.29058861732483,1,0.026672443374991417,0.9733275771141052
4657,23.285,-0.016187383,-0.017168963,-0.01177653,0.013956302,4656,23.28,23.29058861732483,1,0.026672443374991417,0.9733275771141052
4658,23.29,-0.07824703,-0.08763775,-0.09612236,-0.04035002,4656,23.28,23.29058861732483,1,0.026672443374991417,0.9733275771141052
4659,23.295,-0.15612572,-0.16379388,-0.17873402,-0.10933918,4656,23.28,23.29058861732483,1,0.026672443374991417,0.9733275771141052
4660,23.3,-0.251363,-0.24424542,-0.25338626,-0.19582146,4660,23.3,23.31036353111267,1,0.025681789964437485,0.9743182063102722
4661,23.305,-0.34474483,-0.31685024,-0.30936807,-0.287929,4660,23.3,23.31036353111267,1,0.025681789964437485,0.9743182063102722
4662,23.31,-0.40147847,-0.36046514,-0.33258533,-0.36025006,4660,23.3,23.31036353111267,1,0.025681789964437485,0.9743182063102722
4663,23.315,-0.3867363,-0.35160047,-0.30907562,-0.38156077,4660,23.3,23.31036353111267,1,0.025681789964437485,0.9743182063102722
4664,23.32,-0.28405106,-0.27475548,-0.2307,-0.32784328,4664,23.32,23.327523469924927,1,0.055020108819007874,0.9449798464775085
4665,23.325,-0.10729877,-0.13282958,-0.10144893,-0.1960027,4664,23.32,23.327523469924927,1,0.055020108819007874,0.9449798464775085
4666,23.33,0.10081859,0.048265833,0.058796164,-0.010920853,4664,23.32,23.327523469924927,1,0.055020108819007874,0.9449798464775085
4667,23.335,0.2846202,0.22547738,0.21650627,0.1802291,4664,23.32,23.327523469924927,1,0.055020108819007874,0.9449798464775085
4668,23.34,0.3981801,0.35393408,0.33390725,0.3257899,4668,23.34,23.342586755752563,1,0.03511996194720268,0.9648799896240234
4669,23.345,0.42268932,0.4042824,0.38248014,0.39074153,4668,23.34,23.342586755752563,1,0.03511996194720268,0.9648799896240234
4670,23.35,0.36941722,0.37287867,0.35417065,0.3693744,4668,23.34,23.342586755752563,1,0.03511996194720268,0.9648799896240234
4671,23.355,0.26870537,0.28017116,0.26426288,0.28318363,4668,23.34,23.342586755752563,1,0.03511996194720268,0.9648799896240234
4672,23.36,0.1536773,0.15957269,0.14418335,0.16733989,4672,23.36,23.367641925811768,1,0.03683887794613838,0.9631611704826355
4673,23.365,0.048329115,0.0435396,0.02806051,0.055196673,4672,23.36,23.367641925811768,1,0.03683887794613838,0.9631611704826355
4674,23.37,-0.035888057,-0.046620507,-0.0599892,-0.03130071,4672,23.36,23.367641925811768,1,0.03683887794613838,0.9631611704826355
4675,23.375,-0.09726008,-0.1040432,-0.11199172,-0.08372158,4672,23.36,23.367641925811768,1,0.03683887794613838,0.9631611704826355
4676,23.38,-0.13954292,-0.13348,-0.13415079,-0.10497973,4676,23.38,23.39548969268799,1,0.02317642606794834,0.9768235683441162
4677,23.385,-0.1692656,-0.14572783,-0.13988072,-0.106246464,4676,23.38,23.39548969268799,1,0.02317642606794834,0.9768235683441162
4678,23.39,-0.19429477,-0.15276173,-0.14275798,-0.10353065,4676,23.38,23.39548969268799,1,0.02317642606794834,0.9768235683441162
4679,23.395,-0.22131503,-0.16455214,-0.152301,-0.1124586,4676,23.38,23.39548969268799,1,0.02317642606794834,0.9768235683441162
4680,23.4,-0.25084004,-0.18584663,-0.17178561,-0.14070746,4680,23.4,23.412025213241577,1,0.0694989338517189,0.9305011034011841
4681,23.405,-0.2720037,-0.2116913,-0.19595128,-0.18095137,4680,23.4,23.412025213241577,1,0.0694989338517189,0.9305011034011841
4682,23.41,-0.26264518,-0.22454268,-0.20924228,-0.21002,4680,23.4,23.412025213241577,1,0.0694989338517189,0.9305011034011841
4683,23.415,-0.19886346,-0.19870374,-0.1888124,-0.198404,4680,23.4,23.412025213241577,1,0.0694989338517189,0.9305011034011841
4684,23.42,-0.071273886,-0.11420297,-0.115349025,-0.12738112,4684,23.42,23.425407648086548,1,0.04126153513789177,0.9587385058403015
4685,23.425,0.10227347,0.026607113,0.012161325,-0.0035885,4684,23.42,23.425407648086548,1,0.04126153513789177,0.9587385058403015
4686,23.43,0.2782429,0.19218858,0.16810994,0.13988914,4684,23.42,23.425407648086548,1,0.04126153513789177,0.9587385058403015
4687,23.435,0.40513754,0.33259076,0.30717337,0.25840607,4684,23.42,23.425407648086548,1,0.04126153513789177,0.9587385058403015
4688,23.44,0.44746384,0.40309674,0.38487178,0.31754333,4688,23.44,23.44041657447815,1,0.03855196386575699,0.9614480137825012
4689,23.445,0.4009907,0.38577953,0.37932643,0.30777824,4688,23.44,23.44041657447815,1,0.03855196386575699,0.9614480137825012
4690,23.45,0.2905683,0.2953227,0.30014783,0.24390335,4688,23.44,23.44041657447815,1,0.03855196386575699,0.9614480137825012
4691,23.455,0.15397304,0.16715018,0.179757,0.15241314,4688,23.44,23.44041657447815,1,0.03855196386575699,0.9614480137825012
4692,23.46,0.023529256,0.037857123,0.05472566,0.057235103,4692,23.46,23.482407569885254,1,0.027315568178892136,0.9726845026016235
4693,23.465,-0.08398578,-0.069263004,-0.050192866,-0.027749302,4692,23.46,23.482407569885254,1,0.027315568178892136,0.9726845026016235
4694,23.47,-0.16655861,-0.14759158,-0.1276037,-0.09837942,4692,23.46,23.482407569885254,1,0.027315568178892136,0.9726845026016235
4695,23.475,-0.22988598,-0.2022948,-0.18364298,-0.156496,4692,23.46,23.482407569885254,1,0.027315568178892136,0.9726845026016235
4696,23.48,-0.28022596,-0.24331361,-0.23031278,-0.2066454,4696,23.48,23.482407569885254,1,0.02606278657913208,0.9739372134208679
4697,23.485,-0.320026,-0.27930576,-0.27753288,-0.25293058,4696,23.48,23.482407569885254,1,0.02606278657913208,0.9739372134208679
4698,23.49,-0.3455286,-0.31176355,-0.32523084,-0.29386222,4696,23.48,23.482407569885254,1,0.02606278657913208,0.9739372134208679
4699,23.495,-0.34536314,-0.3294496,-0.35702202,-0.31634945,4696,23.48,23.482407569885254,1,0.02606278657913208,0.9739372134208679
4700,23.5,-0.30202466,-0.3079466,-0.3414478,-0.2951203,4700,23.5,23.5104820728302,1,0.05515483394265175,0.9448451399803162
4701,23.505,-0.19955923,-0.22030963,-0.24658927,-0.2038801,4700,23.5,23.5104820728302,1,0.05515483394265175,0.9448451399803162
4702,23.51,-0.03678513,-0.057381473,-0.06440288,-0.036006708,4700,23.5,23.5104820728302,1,0.05515483394265175,0.9448451399803162
4703,23.515,0.1618449,0.15500213,0.17119533,0.17871532,4700,23.5,23.5104820728302,1,0.05515483394265175,0.9448451399803162
4704,23.52,0.34835884,0.35796383,0.39010257,0.377407,4704,23.52,23.52835488319397,1,0.03528793156147003,0.9647120237350464
4705,23.525,0.46983764,0.4851818,0.5181532,0.49147502,4704,23.52,23.52835488319397,1,0.03528793156147003,0.9647120237350464
4706,23.53,0.4940379,0.49782044,0.5167799,0.48307645,4704,23.52,23.52835488319397,1,0.03528793156147003,0.9647120237350464
4707,23.535,0.4251563,0.404895,0.4028727,0.3659803,4704,23.52,23.52835488319397,1,0.03528793156147003,0.9647120237350464
4708,23.54,0.29844868,0.2545227,0.23484194,0.1956547,4708,23.54,23.543240785598755,1,0.04315624386072159,0.9568437337875366
4709,23.545,0.1576975,0.10299666,0.07581477,0.035654373,4708,23.54,23.543240785598755,1,0.04315624386072159,0.9568437337875366
4710,23.55,0.032141425,-0.0154284965,-0.039232545,-0.075665966,4708,23.54,23.543240785598755,1,0.04315624386072159,0.9568437337875366
4711,23.555,-0.071267694,-0.097755715,-0.11134769,-0.13632187,4708,23.54,23.543240785598755,1,0.04315624386072159,0.9568437337875366
4712,23.56,-0.15803027,-0.15851331,-0.16068663,-0.16688028,4712,23.56,23.570589303970337,1,0.023542413488030434,0.9764575362205505
4713,23.565,-0.2309701,-0.20905615,-0.20321293,-0.18771164,4712,23.56,23.570589303970337,1,0.023542413488030434,0.9764575362205505
4714,23.57,-0.28446883,-0.24822973,-0.24003103,-0.20643088,4712,23.56,23.570589303970337,1,0.023542413488030434,0.9764575362205505
4715,23.575,-0.31118754,-0.2688236,-0.26327428,-0.22105186,4712,23.56,23.570589303970337,1,0.023542413488030434,0.9764575362205505
4716,23.58,-0.31096435,-0.2684989,-0.2671797,-0.22873303,4716,23.58,23.590580224990845,1,0.06312436610460281,0.936875581741333
4717,23.585,-0.29023343,-0.25163087,-0.2514881,-0.22763135,4716,23.58,23.590580224990845,1,0.06312436610460281,0.936875581741333
4718,23.59,-0.2522015,-0.22076257,-0.21589707,-0.2110702,4716,23.58,23.590580224990845,1,0.06312436610460281,0.936875581741333
4719,23.595,-0.18983991,-0.16920745,-0.15534969,-0.16488044,4716,23.58,23.590580224990845,1,0.06312436610460281,0.936875581741333
4720,23.6,-0.0921038,-0.085834384,-0.06466477,-0.07673996,4720,23.6,23.60235595703125,1,0.037257369607686996,0.9627426862716675
4721,23.605,0.040117677,0.030172348,0.05049363,0.04772917,4720,23.6,23.60235595703125,1,0.037257369607686996,0.9627426862716675
4722,23.61,0.18342745,0.15869309,0.16805923,0.17803214,4720,23.6,23.60235595703125,1,0.037257369607686996,0.9627426862716675
4723,23.615,0.29881206,0.26431713,0.25749102,0.2715983,4720,23.6,23.60235595703125,1,0.037257369607686996,0.9627426862716675
4724,23.62,0.35297862,0.3161127,0.29672876,0.29934242,4724,23.62,23.620246648788452,1,0.04065722972154617,0.9593427181243896
4725,23.625,0.33811945,0.30641523,0.28483206,0.2642113,4724,23.62,23.620246648788452,1,0.04065722972154617,0.9593427181243896
4726,23.63,0.27485213,0.25374985,0.24017924,0.19752312,4724,23.62,23.620246648788452,1,0.04065722972154617,0.9593427181243896
4727,23.635,0.19647151,0.18793029,0.18609431,0.1359731,4724,23.62,23.620246648788452,1,0.04065722972154617,0.9593427181243896
4728,23.64,0.12702894,0.12953752,0.1355976,0.09749996,4728,23.64,23.645307540893555,1,0.024936167523264885,0.9750638604164124
4729,23.645,0.069600545,0.07958116,0.086598404,0.07385693,4728,23.64,23.645307540893555,1,0.024936167523264885,0.9750638604164124
4730,23.65,0.012075878,0.025856806,0.029538289,0.04319401,4728,23.64,23.645307540893555,1,0.024936167523264885,0.9750638604164124
4731,23.655,-0.05626629,-0.04127709,-0.04041999,-0.009623711,4728,23.64,23.645307540893555,1,0.024936167523264885,0.9750638604164124
4732,23.66,-0.13194731,-0.1177461,-0.11713784,-0.08137356,4732,23.66,23.67030382156372,1,0.026154734194278717,0.9738453030586243
4733,23.665,-0.19853261,-0.18797292,-0.1874654,-0.15479067,4732,23.66,23.67030382156372,1,0.026154734194278717,0.9738453030586243
4734,23.67,-0.23975813,-0.23698832,-0.24044442,-0.21255341,4732,23.66,23.67030382156372,1,0.026154734194278717,0.9738453030586243
4735,23.675,-0.25207177,-0.26049882,-0.27248654,-0.24779497,4732,23.66,23.67030382156372,1,0.026154734194278717,0.9738453030586243
4736,23.68,-0.24476208,-0.2634995,-0.28373024,-0.26259413,4736,23.68,23.690651416778564,1,0.06281641125679016,0.9371836185455322
4737,23.685,-0.22733247,-0.24929903,-0.26997414,-0.25739455,4736,23.68,23.690651416778564,1,0.06281641125679016,0.9371836185455322
4738,23.69,-0.19630766,-0.21061637,-0.2198276,-0.22288594,4736,23.68,23.690651416778564,1,0.06281641125679016,0.9371836185455322
4739,23.695,-0.13542548,-0.13328116,-0.12256038,-0.14415698,4736,23.68,23.690651416778564,1,0.06281641125679016,0.9371836185455322
4740,23.7,-0.031474553,-0.011454663,0.018098613,-0.015974838,4740,23.7,23.71052050590515,1,0.0378551185131073,0.9621448516845703
4741,23.705,0.106929764,0.13825467,0.17589502,0.1429749,4740,23.7,23.71052050590515,1,0.0378551185131073,0.9621448516845703
4742,23.71,0.24461803,0.27707237,0.3083989,0.29034618,4740,23.7,23.71052050590515,1,0.0378551185131073,0.9621448516845703
4743,23.715,0.33550426,0.36107644,0.37579334,0.37808532,4740,23.7,23.71052050590515,1,0.0378551185131073,0.9621448516845703
4744,23.72,0.3485525,0.36421135,0.36057436,0.37749964,4744,23.72,23.727490425109863,1,0.04496050626039505,0.9550395607948303
4745,23.725,0.28571728,0.2919252,0.275648,0.29474518,4744,23.72,23.727490425109863,1,0.04496050626039505,0.9550395607948303
4746,23.73,0.17948273,0.17686814,0.1562308,0.16652457,4744,23.72,23.727490425109863,1,0.04496050626039505,0.9550395607948303
4747,23.735,0.0725282,0.060417444,0.041457765,0.039536327,4744,23.72,23.727490425109863,1,0.04496050626039505,0.9550395607948303
4748,23.74,-0.005903452,-0.027718594,-0.04299568,-0.052695155,4748,23.74,23.74241590499878,1,0.024477701634168625,0.9755222797393799
4749,23.745,-0.051814046,-0.080303654,-0.09260906,-0.10249603,4748,23.74,23.74241590499878,1,0.024477701634168625,0.9755222797393799
4750,23.75,-0.08124146,-0.109928876,-0.12038758,-0.12562902,4748,23.74,23.74241590499878,1,0.024477701634168625,0.9755222797393799
4751,23.755,-0.11440921,-0.1368591,-0.14576885,-0.14766344,4748,23.74,23.74241590499878,1,0.024477701634168625,0.9755222797393799
4752,23.76,-0.16058375,-0.17473805,-0.18167828,-0.18671606,4752,23.76,23.775463104248047,1,0.033883996307849884,0.9661159515380859
4753,23.765,-0.2120337,-0.2210876,-0.22527103,-0.2404561,4752,23.76,23.775463104248047,1,0.033883996307849884,0.9661159515380859
4754,23.77,-0.24873953,-0.25716817,-0.25719368,-0.28414628,4752,23.76,23.775463104248047,1,0.033883996307849884,0.9661159515380859
4755,23.775,-0.24954166,-0.2576353,-0.2511282,-0.28252637,4752,23.76,23.775463104248047,1,0.033883996307849884,0.9661159515380859
4756,23.78,-0.20289813,-0.20504904,-0.18938053,-0.21063069,4756,23.78,23.799092292785645,1,0.05300852656364441,0.946991503238678
4757,23.785,-0.11212443,-0.10100088,-0.07540679,-0.07166791,4756,23.78,23.799092292785645,1,0.05300852656364441,0.946991503238678
4758,23.79,0.005699471,0.032343626,0.06460191,0.09951039,4756,23.78,23.799092292785645,1,0.05300852656364441,0.946991503238678
4759,23.795,0.12473054,0.16052024,0.19203828,0.25022447,4756,23.78,23.799092292785645,1,0.05300852656364441,0.946991503238678
4760,23.8,0.21706969,0.25007722,0.27211782,0.33356938,4760,23.8,23.81022548675537,1,0.03718525543808937,0.9628147482872009
4761,23.805,0.26074705,0.28095368,0.28776962,0.32926372,4760,23.8,23.81022548675537,1,0.03718525543808937,0.9628147482872009
4762,23.81,0.24809706,0.25340837,0.24521205,0.25143966,4760,23.8,23.81022548675537,1,0.03718525543808937,0.9628147482872009
4763,23.815,0.19068806,0.18701841,0.1694838,0.1401149,4760,23.8,23.81022548675537,1,0.03718525543808937,0.9628147482872009
4764,23.82,0.11580527,0.11170487,0.09236403,0.04119016,4764,23.82,23.825716495513916,1,0.0319814495742321,0.9680185914039612
4765,23.825,0.053594094,0.05400459,0.03808541,-0.014693374,4764,23.82,23.825716495513916,1,0.0319814495742321,0.9680185914039612
4766,23.83,0.021168446,0.024778785,0.0130886,-0.024025762,4764,23.82,23.825716495513916,1,0.0319814495742321,0.9680185914039612
4767,23.835,0.013852443,0.014933032,0.0044570914,-0.008029091,4764,23.82,23.825716495513916,1,0.0319814495742321,0.9680185914039612
4768,23.84,0.00990419,0.0022147663,-0.011791357,0.0014440143,4768,23.84,23.845267057418823,1,0.02762434631586075,0.9723756313323975
4769,23.845,-0.0140920365,-0.03400408,-0.055773,-0.020201504,4768,23.84,23.845267057418823,1,0.02762434631586075,0.9723756313323975
4770,23.85,-0.067293435,-0.098344624,-0.1294734,-0.07743353,4768,23.84,23.845267057418823,1,0.02762434631586075,0.9723756313323975
4771,23.855,-0.13820645,-0.17448169,-0.21187477,-0.15256341,4768,23.84,23.845267057418823,1,0.02762434631586075,0.9723756313323975
4772,23.86,-0.20118473,-0.23337759,-0.2682415,-0.21520883,4772,23.86,23.87717914581299,1,0.09654012322425842,0.903459906578064
4773,23.865,-0.23104464,-0.24988052,-0.26945072,-0.23825985,4772,23.86,23.87717914581299,1,0.09654012322425842,0.903459906578064
4774,23.87,-0.21656406,-0.21687329,-0.2092437,-0.21157043,4772,23.86,23.87717914581299,1,0.09654012322425842,0.903459906578064
4775,23.875,-0.16483398,-0.14757837,-0.10750374,-0.14545584,4772,23.86,23.87717914581299,1,0.09654012322425842,0.903459906578064
4776,23.88,-0.09443567,-0.06520734,0.0024217474,-0.06238412,4776,23.88,23.885557174682617,1,0.03919678553938866,0.9608032703399658
4777,23.885,-0.022949172,0.011462999,0.09241895,0.016661001,4776,23.88,23.885557174682617,1,0.03919678553938866,0.9608032703399658
4778,23.89,0.041753784,0.07564529,0.15089844,0.081248485,4776,23.88,23.885557174682617,1,0.03919678553938866,0.9608032703399658
4779,23.895,0.100384735,0.12909405,0.18099946,0.130701,4776,23.88,23.885557174682617,1,0.03919678553938866,0.9608032703399658
4780,23.9,0.15389273,0.17320412,0.19109848,0.16681616,4780,23.9,23.91024923324585,1,0.052138593047857285,0.9478614330291748
4781,23.905,0.19675207,0.20378934,0.1871244,0.18821312,4780,23.9,23.91024923324585,1,0.052138593047857285,0.9478614330291748
4782,23.91,0.21847548,0.21351099,0.17121372,0.19107437,4780,23.9,23.91024923324585,1,0.052138593047857285,0.9478614330291748
4783,23.915,0.21143013,0.198068,0.14414783,0.17378634,4780,23.9,23.91024923324585,1,0.052138593047857285,0.9478614330291748
4784,23.92,0.1769451,0.15961294,0.10706465,0.13953549,4784,23.92,23.92340612411499,1,0.03624039515852928,0.9637596011161804
4785,23.925,0.12397034,0.10492695,0.0611916,0.09422563,4784,23.92,23.92340612411499,1,0.03624039515852928,0.9637596011161804
4786,23.93,0.062210243,0.04123464,0.00746848,0.042563003,4784,23.92,23.92340612411499,1,0.03624039515852928,0.9637596011161804
4787,23.935,-0.0034098197,-0.026274595,-0.052502573,-0.013423566,4784,23.92,23.92340612411499,1,0.03624039515852928,0.9637596011161804
4788,23.94,-0.072206885,-0.09393449,-0.1149121,-0.07250466,4788,23.94,23.943536043167114,1,0.026997337117791176,0.9730026125907898
4789,23.945,-0.142389,-0.1574919,-0.17292376,-0.1314938,4788,23.94,23.943536043167114,1,0.026997337117791176,0.9730026125907898
4790,23.95,-0.20599207,-0.2100917,-0.21678334,-0.1839006,4788,23.94,23.943536043167114,1,0.026997337117791176,0.9730026125907898
4791,23.955,-0.24843992,-0.24144183,-0.23470362,-0.2200861,4788,23.94,23.943536043167114,1,0.026997337117791176,0.9730026125907898
4792,23.96,-0.25365454,-0.23945586,-0.21551442,-0.22850202,4792,23.96,23.97266387939453,1,0.07516968995332718,0.9248303174972534
4793,23.965,-0.2123737,-0.19554052,-0.15420315,-0.19898677,4792,23.96,23.97266387939453,1,0.07516968995332718,0.9248303174972534
4794,23.97,-0.12931344,-0.112084255,-0.0585164,-0.12886445,4792,23.96,23.97266387939453,1,0.07516968995332718,0.9248303174972534
4795,23.975,-0.024390124,-0.0067474493,0.04899268,-0.028952835,4792,23.96,23.97266387939453,1,0.07516968995332718,0.9248303174972534
4796,23.98,0.074633,0.09239344,0.13852645,0.076692976,4796,23.98,23.9845929145813,1,0.03711399435997009,0.9628860354423523
4797,23.985,0.14547889,0.16073525,0.18825698,0.16068399,4796,23.98,23.9845929145813,1,0.03711399435997009,0.9628860354423523
4798,23.99,0.18229496,0.19092892,0.19681089,0.20653878,4796,23.98,23.9845929145813,1,0.03711399435997009,0.9628860354423523
4799,23.995,0.19514355,0.19451623,0.18174969,0.21574315,4796,23.98,23.9845929145813,1,0.03711399435997009,0.9628860354423523
4800,24.0,0.19702423,0.18830301,0.16319296,0.20087613,4800,24.0,24.01806950569153,1,0.08037170022726059,0.9196282625198364
4801,24.005,0.18928553,0.17696561,0.1457915,0.17131832,4800,24.0,24.01806950569153,1,0.08037170022726059,0.9196282625198364
4802,24.01,0.16003576,0.14893751,0.115832776,0.12622733,4800,24.0,24.01806950569153,1,0.08037170022726059,0.9196282625198364
4803,24.015,0.09885209,0.09080855,0.05720627,0.06207763,4800,24.0,24.01806950569153,1,0.08037170022726059,0.9196282625198364
4804,24.02,0.01368774,0.0062419088,-0.028674634,-0.014453536,4804,24.02,24.02518630027771,1,0.03050968423485756,0.9694902896881104
4805,24.025,-0.06891401,-0.08083643,-0.11886112,-0.084659345,4804,24.02,24.02518630027771,1,0.03050968423485756,0.9694902896881104
4806,24.03,-0.123508245,-0.14372881,-0.18522134,-0.13164842,4804,24.02,24.02518630027771,1,0.03050968423485756,0.9694902896881104
4807,24.035,-0.14703496,-0.17418769,-0.21498637,-0.15575658,4804,24.02,24.02518630027771,1,0.03050968423485756,0.9694902896881104
4808,24.04,-0.15947588,-0.18559094,-0.21540363,-0.17334318,4808,24.04,24.041512727737427,1,0.039788905531167984,0.9602111577987671
4809,24.045,-0.1814865,-0.19470236,-0.19957857,-0.19757824,4808,24.04,24.041512727737427,1,0.039788905531167984,0.9602111577987671
4810,24.05,-0.21050403,-0.20109716,-0.17018647,-0.21997923,4808,24.04,24.041512727737427,1,0.039788905531167984,0.9602111577987671
4811,24.055,-0.2194423,-0.18577857,-0.11869206,-0.21267492,4808,24.04,24.041512727737427,1,0.039788905531167984,0.9602111577987671
4812,24.06,-0.17998792,-0.13041152,-0.039838113,-0.15148084,4812,24.06,24.061952590942383,1,0.048865072429180145,0.951134979724884
4813,24.065,-0.088413775,-0.037530035,0.055370122,-0.039265413,4812,24.06,24.061952590942383,1,0.048865072429180145,0.951134979724884
4814,24.07,0.029763931,0.06810078,0.14269783,0.091502726,4812,24.06,24.061952590942383,1,0.048865072429180145,0.951134979724884
4815,24.075,0.13865612,0.15720826,0.20100228,0.19903606,4812,24.06,24.061952590942383,1,0.048865072429180145,0.951134979724884
4816,24.08,0.2153137,0.21499838,0.22585957,0.2577485,4816,24.08,24.09115219116211,1,0.041391391307115555,0.9586086869239807
4817,24.085,0.25735983,0.24452664,0.22798268,0.26880082,4816,24.08,24.09115219116211,1,0.041391391307115555,0.9586086869239807
4818,24.09,0.27230942,0.25420058,0.21890819,0.2499525,4816,24.08,24.09115219116211,1,0.041391391307115555,0.9586086869239807
4819,24.095,0.26284003,0.24382418,0.19787261,0.2163313,4816,24.08,24.09115219116211,1,0.041391391307115555,0.9586086869239807
4820,24.1,0.22328782,0.20329022,0.15211794,0.16946411,4820,24.1,24.111395835876465,1,0.03771430626511574,0.9622856974601746
4821,24.105,0.1494719,0.124940544,0.07072264,0.102689326,4820,24.1,24.111395835876465,1,0.03771430626511574,0.9622856974601746
4822,24.11,0.050460253,0.017442,-0.039974317,0.015726162,4820,24.1,24.111395835876465,1,0.03771430626511574,0.9622856974601746
4823,24.115,-0.05082291,-0.092797615,-0.15335727,-0.076893196,4820,24.1,24.111395835876465,1,0.03771430626511574,0.9622856974601746
4824,24.12,-0.1304861,-0.17575191,-0.23601545,-0.1525551,4824,24.12,24.12778878211975,1,0.024247178807854652,0.9757528901100159
4825,24.125,-0.17927521,-0.21640822,-0.26778015,-0.19660956,4824,24.12,24.12778878211975,1,0.024247178807854652,0.9757528901100159
4826,24.13,-0.20666164,-0.22221762,-0.25238076,-0.2124215,4824,24.12,24.12778878211975,1,0.024247178807854652,0.9757528901100159
4827,24.135,-0.22889589,-0.21304472,-0.21058466,-0.21537918,4824,24.12,24.12778878211975,1,0.024247178807854652,0.9757528901100159
4828,24.14,-0.25094494,-0.20248236,-0.1625281,-0.21601385,4828,24.14,24.144904375076294,1,0.054493729025125504,0.9455062747001648
4829,24.145,-0.2583019,-0.18664293,-0.11441238,-0.20801193,4828,24.14,24.144904375076294,1,0.054493729025125504,0.9455062747001648
4830,24.15,-0.22662795,-0.14951624,-0.05959903,-0.17276399,4828,24.14,24.144904375076294,1,0.054493729025125504,0.9455062747001648
4831,24.155,-0.1420608,-0.07950729,0.009032355,-0.097086854,4828,24.14,24.144904375076294,1,0.054493729025125504,0.9455062747001648
4832,24.16,-0.016009316,0.017161086,0.08752784,0.011173043,4832,24.16,24.17535376548767,1,0.037451039999723434,0.9625489115715027
4833,24.165,0.11727938,0.11686464,0.15982294,0.12315509,4832,24.16,24.17535376548767,1,0.037451039999723434,0.9625489115715027
4834,24.17,0.218635,0.19176278,0.20708366,0.20487224,4832,24.16,24.17535376548767,1,0.037451039999723434,0.9625489115715027
4835,24.175,0.26454186,0.22533661,0.21926937,0.23666637,4832,24.16,24.17535376548767,1,0.037451039999723434,0.9625489115715027
4836,24.18,0.25688496,0.21956636,0.20036946,0.2223079,4836,24.18,24.191540002822876,1,0.05609473958611488,0.9439052939414978
4837,24.185,0.21705624,0.19021256,0.16441913,0.18287642,4836,24.18,24.191540002822876,1,0.05609473958611488,0.9439052939414978
4838,24.19,0.17021093,0.15484813,0.12580137,0.14158535,4836,24.18,24.191540002822876,1,0.05609473958611488,0.9439052939414978
4839,24.195,0.13073362,0.12213546,0.09057052,0.11042321,4836,24.18,24.191540002822876,1,0.05609473958611488,0.9439052939414978
4840,24.2,0.097463995,0.088957354,0.05448144,0.08621428,4840,24.2,24.222581148147583,1,0.026098478585481644,0.9739015102386475
4841,24.205,0.05967178,0.046227627,0.008800902,0.056501467,4840,24.2,24.222581148147583,1,0.026098478585481644,0.9739015102386475
4842,24.21,0.0077057383,-0.011747446,-0.050679058,0.0098048225,4840,24.2,24.222581148147583,1,0.026098478585481644,0.9739015102386475
4843,24.215,-0.059549183,-0.08149088,-0.11849053,-0.056468256,4840,24.2,24.222581148147583,1,0.026098478585481644,0.9739015102386475
4844,24.22,-0.13411634,-0.15165736,-0.18180794,-0.13400398,4844,24.22,24.226961374282837,1,0.026796748861670494,0.9732032418251038
4845,24.225,-0.20301078,-0.20874532,-0.2271625,-0.20652167,4844,24.22,24.226961374282837,1,0.026796748861670494,0.9732032418251038
4846,24.23,-0.25231633,-0.24168824,-0.2452729,-0.25474468,4844,24.22,24.226961374282837,1,0.026796748861670494,0.9732032418251038
4847,24.235,-0.26932406,-0.24283497,-0.2312797,-0.26178512,4844,24.22,24.226961374282837,1,0.026796748861670494,0.9732032418251038
4848,24.24,-0.24476066,-0.20790394,-0.18357931,-0.21903445,4848,24.24,24.244641065597534,1,0.06069475784897804,0.9393051862716675
4849,24.245,-0.17733006,-0.1384247,-0.10550808,-0.13174936,4848,24.24,24.244641065597534,1,0.06069475784897804,0.9393051862716675
4850,24.25,-0.078595296,-0.045666646,-0.009038483,-0.020848008,4848,24.24,24.244641065597534,1,0.06069475784897804,0.9393051862716675
4851,24.255,0.027529709,0.04946709,0.08525993,0.08297674,4848,24.24,24.244641065597534,1,0.06069475784897804,0.9393051862716675
4852,24.26,0.114243366,0.12440441,0.15586446,0.15238345,4852,24.26,24.270493030548096,1,0.037192076444625854,0.9628078937530518
4853,24.265,0.16596039,0.1669496,0.19170335,0.17685466,4852,24.26,24.270493030548096,1,0.037192076444625854,0.9628078937530518
4854,24.27,0.18634576,0.18166895,0.19794923,0.16710076,4852,24.26,24.270493030548096,1,0.037192076444625854,0.9628078937530518
4855,24.275,0.19242615,0.18389772,0.19017798,0.14615254,4852,24.26,24.270493030548096,1,0.037192076444625854,0.9628078937530518
4856,24.28,0.19849265,0.18536012,0.18089141,0.13279775,4856,24.28,24.2932448387146,1,0.10501441359519958,0.8949856162071228
4857,24.285,0.2034022,0.18374579,0.16959262,0.12945706,4856,24.28,24.2932448387146,1,0.10501441359519958,0.8949856162071228
4858,24.29,0.19250917,0.16556685,0.14466007,0.12331926,4856,24.28,24.2932448387146,1,0.10501441359519958,0.8949856162071228
4859,24.295,0.15189111,0.119315565,0.094764926,0.098681256,4856,24.28,24.2932448387146,1,0.10501441359519958,0.8949856162071228
4860,24.3,0.08097245,0.04638223,0.01952969,0.049435545,4860,24.3,24.310405015945435,1,0.027856402099132538,0.9721436500549316
4861,24.305,-0.007878874,-0.039884426,-0.069077566,-0.018220093,4860,24.3,24.310405015945435,1,0.027856402099132538,0.9721436500549316
4862,24.31,-0.10018504,-0.12425879,-0.15392628,-0.092694975,4860,24.3,24.310405015945435,1,0.027856402099132538,0.9721436500549316
4863,24.315,-0.18747395,-0.1973939,-0.22062624,-0.1643921,4860,24.3,24.310405015945435,1,0.027856402099132538,0.9721436500549316
4864,24.32,-0.2638857,-0.2537628,-0.25979736,-0.22560857,4864,24.32,24.332746982574463,1,0.030122341588139534,0.9698777198791504
4865,24.325,-0.31680652,-0.28432596,-0.26486748,-0.26488763,4864,24.32,24.332746982574463,1,0.030122341588139534,0.9698777198791504
4866,24.33,-0.32519475,-0.27500114,-0.23136052,-0.26537296,4864,24.32,24.332746982574463,1,0.030122341588139534,0.9698777198791504
4867,24.335,-0.27166355,-0.21562451,-0.16061604,-0.2131683,4864,24.32,24.332746982574463,1,0.030122341588139534,0.9698777198791504
4868,24.34,-0.15897547,-0.1118296,-0.06409762,-0.11033994,4868,24.34,24.340684413909912,1,0.041008926928043365,0.9589911103248596
4869,24.345,-0.015123035,0.012255493,0.037789553,0.019652348,4868,24.34,24.340684413909912,1,0.041008926928043365,0.9589911103248596
4870,24.35,0.11929309,0.1245103,0.12343868,0.1408778,4868,24.34,24.340684413909912,1,0.041008926928043365,0.9589911103248596
4871,24.355,0.21201532,0.20062143,0.17895268,0.22258557,4868,24.34,24.340684413909912,1,0.041008926928043365,0.9589911103248596
4872,24.36,0.25272536,0.2334816,0.20197153,0.25285965,4872,24.36,24.37851595878601,1,0.03866894170641899,0.9613310098648071
4873,24.365,0.25138023,0.23118405,0.19902313,0.23981157,4872,24.36,24.37851595878601,1,0.03866894170641899,0.9613310098648071
4874,24.37,0.22609653,0.20782374,0.17979135,0.20205954,4872,24.36,24.37851595878601,1,0.03866894170641899,0.9613310098648071
4875,24.375,0.19123465,0.17472535,0.15217583,0.15674236,4872,24.36,24.37851595878601,1,0.03866894170641899,0.9613310098648071
4876,24.38,0.15243836,0.13653581,0.11962089,0.11212001,4876,24.38,24.390629529953003,1,0.038649145513772964,0.9613508582115173
4877,24.385,0.10816855,0.09196938,0.08065539,0.06668857,4876,24.38,24.390629529953003,1,0.038649145513772964,0.9613508582115173
4878,24.39,0.053904764,0.037108094,0.030882776,0.013209384,4876,24.38,24.390629529953003,1,0.038649145513772964,0.9613508582115173
4879,24.395,-0.01339462,-0.030233558,-0.032404486,-0.054534942,4876,24.38,24.390629529953003,1,0.038649145513772964,0.9613508582115173
4880,24.4,-0.091047496,-0.10620289,-0.10482668,-0.13458948,4880,24.4,24.410444736480713,1,0.02479533664882183,0.9752046465873718
4881,24.405,-0.16788822,-0.17879246,-0.17282598,-0.21289176,4880,24.4,24.410444736480713,1,0.02479533664882183,0.9752046465873718
4882,24.41,-0.22599933,-0.23052523,-0.21807452,-0.2664707,4880,24.4,24.410444736480713,1,0.02479533664882183,0.9752046465873718
4883,24.415,-0.24840337,-0.24611704,-0.22673365,-0.2741183,4880,24.4,24.410444736480713,1,0.02479533664882183,0.9752046465873718
4884,24.42,-0.22890072,-0.22084936,-0.19707006,-0.22871514,4884,24.42,24.428991556167603,1,0.0715746209025383,0.9284253716468811
4885,24.425,-0.17646609,-0.16339359,-0.13942409,-0.14247464,4884,24.42,24.428991556167603,1,0.0715746209025383,0.9284253716468811
4886,24.43,-0.10970829,-0.09050478,-0.06891672,-0.040836617,4884,24.42,24.428991556167603,1,0.0715746209025383,0.9284253716468811
4887,24.435,-0.045232527,-0.017705403,0.00243655,0.050577864,4884,24.42,24.428991556167603,1,0.0715746209025383,0.9284253716468811
4888,24.44,0.0107007045,0.046726525,0.06789309,0.11662893,4888,24.44,24.444393396377563,1,0.03748568892478943,0.962514340877533
4889,24.445,0.06095567,0.10075357,0.12261535,0.15480702,4888,24.44,24.444393396377563,1,0.03748568892478943,0.962514340877533
4890,24.45,0.10930226,0.14346267,0.1604299,0.17025349,4888,24.44,24.444393396377563,1,0.03748568892478943,0.962514340877533
4891,24.455,0.15353973,0.17175327,0.1752272,0.16958795,4888,24.44,24.444393396377563,1,0.03748568892478943,0.962514340877533
4892,24.46,0.18584938,0.18180083,0.16571353,0.15795328,4892,24.46,24.470454692840576,1,0.07060160487890244,0.9293984174728394
4893,24.465,0.1988174,0.1730032,0.13826649,0.13917866,4892,24.46,24.470454692840576,1,0.07060160487890244,0.9293984174728394
4894,24.47,0.19067149,0.14974165,0.10422594,0.1163273,4892,24.46,24.470454692840576,1,0.07060160487890244,0.9293984174728394
4895,24.475,0.16507468,0.11866415,0.07302358,0.09094635,4892,24.46,24.470454692840576,1,0.07060160487890244,0.9293984174728394
4896,24.48,0.12669021,0.08377585,0.046370424,0.062025268,4896,24.48,24.49448847770691,1,0.03166062384843826,0.9683393836021423
4897,24.485,0.07754797,0.044001997,0.01815058,0.026707713,4896,24.48,24.49448847770691,1,0.03166062384843826,0.9683393836021423
4898,24.49,0.017584795,-0.0042988462,-0.01976382,-0.017015588,4896,24.48,24.49448847770691,1,0.03166062384843826,0.9683393836021423
4899,24.495,-0.05194317,-0.062086377,-0.07021266,-0.067872025,4896,24.48,24.49448847770691,1,0.03166062384843826,0.9683393836021423
4900,24.5,-0.12587833,-0.124328576,-0.12729627,-0.121245496,4900,24.5,24.50876259803772,1,0.03385075926780701,0.9661492109298706
4901,24.505,-0.19523104,-0.18111731,-0.17861514,-0.17079711,4900,24.5,24.50876259803772,1,0.03385075926780701,0.9661492109298706
4902,24.51,-0.24878028,-0.22152434,-0.21068762,-0.20927146,4900,24.5,24.50876259803772,1,0.03385075926780701,0.9661492109298706
4903,24.515,-0.27481502,-0.23682094,-0.2137137,-0.22785911,4900,24.5,24.50876259803772,1,0.03385075926780701,0.9661492109298706
4904,24.52,-0.26335377,-0.22153758,-0.18378268,-0.21661769,4904,24.52,24.520463705062866,1,0.08452414721250534,0.9154759049415588
4905,24.525,-0.2095401,-0.17346734,-0.12302502,-0.16831544,4904,24.52,24.520463705062866,1,0.08452414721250534,0.9154759049415588
4906,24.53,-0.1172057,-0.094506755,-0.039088216,-0.084307164,4904,24.52,24.520463705062866,1,0.08452414721250534,0.9154759049415588
4907,24.535,-0.00043845663,0.0070087407,0.055203572,0.021917168,4904,24.52,24.520463705062866,1,0.08452414721250534,0.9154759049415588
4908,24.54,0.11818313,0.11408712,0.14242363,0.12683618,4908,24.54,24.54242968559265,1,0.03830280527472496,0.9616972208023071
4909,24.545,0.21280992,0.20252793,0.2031628,0.20450088,4908,24.54,24.54242968559265,1,0.03830280527472496,0.9616972208023071
4910,24.55,0.26246992,0.24881703,0.22232784,0.23665348,4908,24.54,24.54242968559265,1,0.03830280527472496,0.9616972208023071
4911,24.555,0.25991938,0.24220812,0.19743961,0.22090502,4908,24.54,24.54242968559265,1,0.03830280527472496,0.9616972208023071
4912,24.56,0.21603136,0.19266896,0.14289004,0.17216626,4912,24.56,24.570468425750732,1,0.09102609753608704,0.9089738726615906
4913,24.565,0.1545929,0.12648322,0.08423761,0.11486098,4912,24.56,24.570468425750732,1,0.09102609753608704,0.9089738726615906
4914,24.57,0.098745905,0.070430085,0.043778326,0.069387026,4912,24.56,24.570468425750732,1,0.09102609753608704,0.9089738726615906
4915,24.575,0.0583413,0.03605556,0.027180357,0.04172149,4912,24.56,24.570468425750732,1,0.09102609753608704,0.9089738726615906
4916,24.58,0.027819743,0.016191946,0.02166263,0.023478808,4916,24.58,24.592577695846558,1,0.026322899386286736,0.9736770987510681
4917,24.585,-0.0051345583,-0.005154835,0.0069259666,0.00095789204,4916,24.58,24.592577695846558,1,0.026322899386286736,0.9736770987510681
4918,24.59,-0.049279362,-0.039848246,-0.030480558,-0.035521373,4916,24.58,24.592577695846558,1,0.026322899386286736,0.9736770987510681
4919,24.595,-0.10597973,-0.08996515,-0.09006184,-0.08844058,4916,24.58,24.592577695846558,1,0.026322899386286736,0.9736770987510681
4920,24.6,-0.17081529,-0.1499611,-0.15997016,-0.1540004,4920,24.6,24.607377529144287,1,0.03336850181221962,0.9666315317153931
4921,24.605,-0.23417276,-0.20965686,-0.2232988,-0.22131512,4920,24.6,24.607377529144287,1,0.03336850181221962,0.9666315317153931
4922,24.61,-0.27913886,-0.2538821,-0.26196584,-0.26985165,4920,24.6,24.607377529144287,1,0.03336850181221962,0.9666315317153931
4923,24.615,-0.28274855,-0.26262832,-0.25852963,-0.27233014,4920,24.6,24.607377529144287,1,0.03336850181221962,0.9666315317153931
4924,24.62,-0.22604695,-0.2177284,-0.20052758,-0.20801114,4924,24.62,24.622768878936768,1,0.07096708565950394,0.9290329217910767
4925,24.625,-0.108714946,-0.11508735,-0.08866568,-0.07984491,4924,24.62,24.622768878936768,1,0.07096708565950394,0.9290329217910767
4926,24.63,0.04380566,0.02671448,0.056740675,0.079114236,4924,24.62,24.622768878936768,1,0.07096708565950394,0.9290329217910767
4927,24.635,0.18892322,0.17034888,0.19885458,0.21876036,4924,24.62,24.622768878936768,1,0.07096708565950394,0.9290329217910767
4928,24.64,0.2868007,0.27569726,0.29845178,0.29734164,4928,24.64,24.64029550552368,1,0.03665589913725853,0.963344156742096
4929,24.645,0.31784368,0.31764707,0.33121178,0.30132455,4928,24.64,24.64029550552368,1,0.03665589913725853,0.963344156742096
4930,24.65,0.28686315,0.29451004,0.29687783,0.24660924,4928,24.64,24.64029550552368,1,0.03665589913725853,0.963344156742096
4931,24.655,0.21439573,0.22376585,0.21520454,0.16348177,4928,24.64,24.64029550552368,1,0.03665589913725853,0.963344156742096
4932,24.66,0.124467045,0.1308349,0.113603756,0.07909298,4932,24.66,24.677855253219604,1,0.049084898084402084,0.9509150981903076
4933,24.665,0.037106004,0.039037086,0.015932167,0.009142304,4932,24.66,24.677855253219604,1,0.049084898084402084,0.9509150981903076
4934,24.67,-0.033605903,-0.035493463,-0.06225391,-0.040637784,4932,24.66,24.677855253219604,1,0.049084898084402084,0.9509150981903076
4935,24.675,-0.0803236,-0.085445695,-0.11384506,-0.07055682,4932,24.66,24.677855253219604,1,0.049084898084402084,0.9509150981903076
4936,24.68,-0.10453977,-0.1129766,-0.14012228,-0.08616962,4936,24.68,24.692575931549072,1,0.025359176099300385,0.9746408462524414
4937,24.685,-0.11725603,-0.12891541,-0.15108769,-0.09890854,4936,24.68,24.692575931549072,1,0.025359176099300385,0.9746408462524414
4938,24.69,-0.13399449,-0.14796945,-0.16227685,-0.12264121,4936,24.68,24.692575931549072,1,0.025359176099300385,0.9746408462524414
4939,24.695,-0.16449432,-0.17946856,-0.18535654,-0.16439356,4936,24.68,24.692575931549072,1,0.025359176099300385,0.9746408462524414
4940,24.7,-0.20342357,-0.21805689,-0.21663368,-0.21474622,4940,24.7,24.710275650024414,1,0.08275123685598373,0.9172487854957581
4941,24.705,-0.22951224,-0.24153712,-0.23306492,-0.24674089,4940,24.7,24.710275650024414,1,0.08275123685598373,0.9172487854957581
4942,24.71,-0.21531385,-0.22019842,-0.20261025,-0.22766967,4940,24.7,24.710275650024414,1,0.08275123685598373,0.9172487854957581
4943,24.715,-0.14278166,-0.1345592,-0.10540338,-0.1388451,4940,24.7,24.710275650024414,1,0.08275123685598373,0.9172487854957581
4944,24.72,-0.016220668,0.008394715,0.047653046,0.008572091,4944,24.72,24.72765350341797,1,0.040714919567108154,0.9592850208282471
4945,24.725,0.13464367,0.171598,0.21304789,0.17292951,4944,24.72,24.72765350341797,1,0.040714919567108154,0.9592850208282471
4946,24.73,0.26441112,0.3018811,0.33372617,0.29941344,4944,24.72,24.72765350341797,1,0.040714919567108154,0.9592850208282471
4947,24.735,0.33151287,0.3556766,0.36879385,0.34682897,4944,24.72,24.72765350341797,1,0.040714919567108154,0.9592850208282471
4948,24.74,0.31815323,0.3215302,0.31502157,0.30815896,4948,24.74,24.741498470306396,1,0.04572383686900139,0.9542762041091919
4949,24.745,0.23863813,0.22448409,0.20572604,0.21179163,4948,24.74,24.741498470306396,1,0.04572383686900139,0.9542762041091919
4950,24.75,0.1295679,0.10887575,0.08820652,0.10251709,4948,24.74,24.741498470306396,1,0.04572383686900139,0.9542762041091919
4951,24.755,0.027911205,0.01179457,-0.0036857615,0.01543067,4948,24.74,24.741498470306396,1,0.04572383686900139,0.9542762041091919
4952,24.76,-0.047306843,-0.053745534,-0.06279971,-0.039429754,4952,24.76,24.77816104888916,1,0.024674786254763603,0.9753251671791077
4953,24.765,-0.09704755,-0.09567422,-0.101365775,-0.0730804,4952,24.76,24.77816104888916,1,0.024674786254763603,0.9753251671791077
4954,24.77,-0.12970583,-0.12636846,-0.13309051,-0.100997426,4952,24.76,24.77816104888916,1,0.024674786254763603,0.9753251671791077
4955,24.775,-0.14799486,-0.14903659,-0.16063,-0.12904379,4952,24.76,24.77816104888916,1,0.024674786254763603,0.9753251671791077
4956,24.78,-0.14790021,-0.15786046,-0.17665803,-0.15203623,4956,24.78,24.792536735534668,1,0.03898454084992409,0.9610154628753662
4957,24.785,-0.12884429,-0.14873734,-0.17412342,-0.16265602,4956,24.78,24.792536735534668,1,0.03898454084992409,0.9610154628753662
4958,24.79,-0.1020506,-0.12790522,-0.15466602,-0.1599194,4956,24.78,24.792536735534668,1,0.03898454084992409,0.9610154628753662
4959,24.795,-0.08542895,-0.108560614,-0.127382,-0.14850059,4956,24.78,24.792536735534668,1,0.03898454084992409,0.9610154628753662
4960,24.8,-0.08733976,-0.09777523,-0.099415086,-0.13023028,4960,24.8,24.810709476470947,1,0.04594488814473152,0.95405513048172
4961,24.805,-0.09483247,-0.08665582,-0.067780025,-0.0978859,4960,24.8,24.810709476470947,1,0.04594488814473152,0.95405513048172
4962,24.81,-0.08041212,-0.055456527,-0.021645276,-0.04029594,4960,24.8,24.810709476470947,1,0.04594488814473152,0.95405513048172
4963,24.815,-0.024673376,0.008210127,0.04512398,0.043511905,4960,24.8,24.810709476470947,1,0.04594488814473152,0.95405513048172
4964,24.82,0.06435074,0.093892336,0.122408524,0.13461033,4964,24.82,24.828516721725464,1,0.04446246102452278,0.9555375576019287
4965,24.825,0.15345974,0.17121212,0.18576461,0.20114003,4964,24.82,24.828516721725464,1,0.04446246102452278,0.9555375576019287
4966,24.83,0.20749721,0.21063347,0.2125097,0.21927401,4964,24.82,24.828516721725464,1,0.04446246102452278,0.9555375576019287
4967,24.835,0.21345018,0.20429593,0.19836839,0.19077763,4964,24.82,24.828516721725464,1,0.04446246102452278,0.9555375576019287
4968,24.84,0.18480188,0.16844022,0.15928872,0.14084817,4968,24.84,24.843775510787964,1,0.12636280059814453,0.8736372590065002
4969,24.845,0.14438002,0.12623797,0.11662127,0.0972825,4968,24.84,24.843775510787964,1,0.12636280059814453,0.8736372590065002
4970,24.85,0.10349417,0.08797086,0.07955185,0.06915893,4968,24.84,24.843775510787964,1,0.12636280059814453,0.8736372590065002
4971,24.855,0.056484982,0.046567697,0.040735353,0.04329965,4968,24.84,24.843775510787964,1,0.12636280059814453,0.8736372590065002
4972,24.86,-0.006897703,-0.009560041,-0.012139042,6.905928e-05,4972,24.86,24.872276067733765,1,0.033683594316244125,0.9663164019584656
4973,24.865,-0.08568689,-0.08062241,-0.08088352,-0.066792995,4972,24.86,24.872276067733765,1,0.033683594316244125,0.9663164019584656
4974,24.87,-0.1637564,-0.15153614,-0.15164907,-0.14315218,4972,24.86,24.872276067733765,1,0.033683594316244125,0.9663164019584656
4975,24.875,-0.21971655,-0.20190911,-0.20341763,-0.20403667,4972,24.86,24.872276067733765,1,0.033683594316244125,0.9663164019584656
4976,24.88,-0.24015783,-0.21938461,-0.2215116,-0.22974408,4976,24.88,24.894150972366333,1,0.04221484810113907,0.9577851295471191
4977,24.885,-0.2252598,-0.20513679,-0.20503755,-0.21574096,4976,24.88,24.894150972366333,1,0.04221484810113907,0.9577851295471191
4978,24.89,-0.18449128,-0.1691126,-0.16408677,-0.17124327,4976,24.88,24.894150972366333,1,0.04221484810113907,0.9577851295471191
4979,24.895,-0.1279163,-0.12086671,-0.1107876,-0.110360324,4976,24.88,24.894150972366333,1,0.04221484810113907,0.9577851295471191
4980,24.9,-0.059952475,-0.06340747,-0.051529016,-0.04323024,4980,24.9,24.9088876247406,1,0.044100869446992874,0.9558990597724915
4981,24.905,0.020663757,0.0061404407,0.014518716,0.027353372,4980,24.9,24.9088876247406,1,0.044100869446992874,0.9558990597724915
4982,24.91,0.114807375,0.089935236,0.09010027,0.102512255,4980,24.9,24.9088876247406,1,0.044100869446992874,0.9558990597724915
4983,24.915,0.21446729,0.18134373,0.17171076,0.1799162,4980,24.9,24.9088876247406,1,0.044100869446992874,0.9558990597724915
4984,24.92,0.29824308,0.26142356,0.2447563,0.24810617,4984,24.92,24.920891761779785,1,0.0440882109105587,0.9559118151664734
4985,24.925,0.3366257,0.30416563,0.2867324,0.28770855,4984,24.92,24.920891761779785,1,0.0440882109105587,0.9559118151664734
4986,24.93,0.3068905,0.289185,0.2779042,0.28031057,4984,24.92,24.920891761779785,1,0.0440882109105587,0.9559118151664734
4987,24.935,0.20911612,0.21443655,0.21315089,0.21975258,4984,24.92,24.920891761779785,1,0.0440882109105587,0.9559118151664734
4988,24.94,0.07126039,0.09988698,0.10676728,0.11772697,4988,24.94,24.94045853614807,1,0.04630392789840698,0.9536961317062378
4989,24.945,-0.06288359,-0.021655545,-0.013743569,-0.0011093925,4988,24.94,24.94045853614807,1,0.04630392789840698,0.9536961317062378
4990,24.95,-0.15674984,-0.12129162,-0.12111174,-0.11161396,4988,24.94,24.94045853614807,1,0.04630392789840698,0.9536961317062378
4991,24.955,-0.19975337,-0.18709582,-0.19978343,-0.19916436,4988,24.94,24.94045853614807,1,0.04630392789840698,0.9536961317062378
4992,24.96,-0.20839971,-0.2245428,-0.24779186,-0.26103586,4992,24.96,24.975654363632202,1,0.025715826079249382,0.9742841720581055
4993,24.965,-0.2091417,-0.244915,-0.2691654,-0.2981152,4992,24.96,24.975654363632202,1,0.025715826079249382,0.9742841720581055
4994,24.97,-0.2161832,-0.25174996,-0.26474708,-0.30559772,4992,24.96,24.975654363632202,1,0.025715826079249382,0.9742841720581055
4995,24.975,-0.22104985,-0.23662293,-0.2299779,-0.27235323,4992,24.96,24.975654363632202,1,0.025715826079249382,0.9742841720581055
4996,24.98,-0.2010781,-0.18729086,-0.16110615,-0.19050452,4996,24.98,24.99468469619751,1,0.051440656185150146,0.9485592842102051
4997,24.985,-0.13910268,-0.10074201,-0.0633176,-0.066992484,4996,24.98,24.99468469619751,1,0.051440656185150146,0.9485592842102051
4998,24.99,-0.038769018,0.009790297,0.046946723,0.07323899,4996,24.98,24.99468469619751,1,0.051440656185150146,0.9485592842102051
4999,24.995,0.07531622,0.118979506,0.1473454,0.19579972,4996,24.98,24.99468469619751,1,0.051440656185150146,0.9485592842102051
5000,25.0,0.1711637,0.20095006,0.2181975,0.27146497,5000,25.0,25.000643014907837,1,0.038370244204998016,0.9616297483444214
5001,25.005,0.22603752,0.24019131,0.248784,0.28776142,5000,25.0,25.000643014907837,1,0.038370244204998016,0.9616297483444214
5002,25.01,0.23549385,0.23618995,0.23939118,0.25189963,5000,25.0,25.000643014907837,1,0.038370244204998016,0.9616297483444214
5003,25.015,0.21131255,0.20110907,0.20005459,0.18523455,5000,25.0,25.000643014907837,1,0.038370244204998016,0.9616297483444214
5004,25.02,0.17218581,0.15299241,0.14687902,0.1131449,5004,25.02,25.020256519317627,1,0.046750329434871674,0.9532496929168701
5005,25.025,0.13370664,0.10759866,0.09592108,0.054925546,5004,25.02,25.020256519317627,1,0.046750329434871674,0.9532496929168701
5006,25.03,0.10236498,0.071899354,0.055942543,0.017412426,5004,25.02,25.020256519317627,1,0.046750329434871674,0.9532496929168701
5007,25.035,0.07497692,0.04215739,0.024055613,-0.005417474,5004,25.02,25.020256519317627,1,0.046750329434871674,0.9532496929168701
5008,25.04,0.042517837,0.007977795,-0.011619733,-0.026902193,5008,25.04,25.040565729141235,1,0.025143668055534363,0.9748563766479492
5009,25.045,-0.0038494165,-0.039669562,-0.062608324,-0.059074435,5008,25.04,25.040565729141235,1,0.025143668055534363,0.9748563766479492
5010,25.05,-0.06695732,-0.1012728,-0.12994213,-0.10552396,5008,25.04,25.040565729141235,1,0.025143668055534363,0.9748563766479492
5011,25.055,-0.14010361,-0.16671641,-0.20041798,-0.15924312,5008,25.04,25.040565729141235,1,0.025143668055534363,0.9748563766479492
5012,25.06,-0.20752418,-0.21919496,-0.2520241,-0.20585614,5012,25.06,25.076083421707153,1,0.07701223343610764,0.922987699508667
5013,25.065,-0.24981809,-0.24268463,-0.2650659,-0.22991048,5012,25.06,25.076083421707153,1,0.07701223343610764,0.922987699508667
5014,25.07,-0.25284496,-0.22911575,-0.23213023,-0.22098778,5012,25.06,25.076083421707153,1,0.07701223343610764,0.922987699508667
5015,25.075,-0.21507436,-0.18149185,-0.16110592,-0.17695133,5012,25.06,25.076083421707153,1,0.07701223343610764,0.922987699508667
5016,25.08,-0.14763276,-0.11099476,-0.06989322,-0.103280224,5016,25.08,25.09453773498535,1,0.04008682444691658,0.9599131345748901
5017,25.085,-0.06640911,-0.030041348,0.02321606,-0.009937322,5016,25.08,25.09453773498535,1,0.04008682444691658,0.9599131345748901
5018,25.09,0.017059494,0.053057004,0.10657471,0.09104942,5016,25.08,25.09453773498535,1,0.04008682444691658,0.9599131345748901
5019,25.095,0.09768091,0.13319033,0.17505303,0.18550637,5016,25.08,25.09453773498535,1,0.04008682444691658,0.9599131345748901
5020,25.1,0.17084426,0.20291726,0.22464296,0.25665444,5020,25.1,25.108984231948853,1,0.04248815402388573,0.957511842250824
5021,25.105,0.22609708,0.2493392,0.24855006,0.28827778,5020,25.1,25.108984231948853,1,0.04248815402388573,0.957511842250824
5022,25.11,0.24874122,0.25855812,0.23967591,0.27206522,5020,25.1,25.108984231948853,1,0.04248815402388573,0.957511842250824
5023,25.115,0.22916749,0.22500817,0.1973565,0.21383967,5020,25.1,25.108984231948853,1,0.04248815402388573,0.957511842250824
5024,25.12,0.17127766,0.15719375,0.13117383,0.13200936,5024,25.12,25.12048029899597,1,0.04574129730463028,0.9542587399482727
5025,25.125,0.09172205,0.07389388,0.056951173,0.04738023,5024,25.12,25.12048029899597,1,0.04574129730463028,0.9542587399482727
5026,25.13,0.010320764,-0.0066146567,-0.01240893,-0.028557956,5024,25.12,25.12048029899597,1,0.04574129730463028,0.9542587399482727
5027,25.135,-0.05992851,-0.07544244,-0.0732024,-0.097435854,5024,25.12,25.12048029899597,1,0.04574129730463028,0.9542587399482727
5028,25.14,-0.11520606,-0.13298143,-0.12851238,-0.1665087,5028,25.14,25.142518281936646,1,0.02552804723381996,0.974471926689148
5029,25.145,-0.15538307,-0.18088068,-0.17934352,-0.2358757,5028,25.14,25.142518281936646,1,0.02552804723381996,0.974471926689148
5030,25.15,-0.17768335,-0.21423094,-0.21786246,-0.2911442,5028,25.14,25.142518281936646,1,0.02552804723381996,0.974471926689148
5031,25.155,-0.17622507,-0.22166426,-0.22974904,-0.30832368,5028,25.14,25.142518281936646,1,0.02552804723381996,0.974471926689148
5032,25.16,-0.14755102,-0.1937195,-0.20439896,-0.26837462,5032,25.16,25.16043186187744,1,0.069925956428051,0.9300739765167236
5033,25.165,-0.09628507,-0.13223474,-0.14432532,-0.171387,5032,25.16,25.16043186187744,1,0.069925956428051,0.9300739765167236
5034,25.17,-0.035121515,-0.052348565,-0.06544969,-0.040249027,5032,25.16,25.16043186187744,1,0.069925956428051,0.9300739765167236
5035,25.175,0.021374514,0.025163682,0.012208103,0.08924542,5032,25.16,25.16043186187744,1,0.069925956428051,0.9300739765167236
5036,25.18,0.06427892,0.08531593,0.07569588,0.18565744,5036,25.18,25.190608739852905,1,0.03782637417316437,0.9621736407279968
5037,25.185,0.09317213,0.12503532,0.12315611,0.23541369,5036,25.18,25.190608739852905,1,0.03782637417316437,0.9621736407279968
5038,25.19,0.11238421,0.14970993,0.1585219,0.24452534,5036,25.18,25.190608739852905,1,0.03782637417316437,0.9621736407279968
5039,25.195,0.124475345,0.16446617,0.18315372,0.22932063,5036,25.18,25.190608739852905,1,0.03782637417316437,0.9621736407279968
5040,25.2,0.12725534,0.16873264,0.1927536,0.20442356,5040,25.2,25.205949544906616,1,0.10894671082496643,0.8910532593727112
5041,25.205,0.11690516,0.15836103,0.18173414,0.17617068,5040,25.2,25.205949544906616,1,0.10894671082496643,0.8910532593727112
5042,25.21,0.093162246,0.13143928,0.1494367,0.14333357,5040,25.2,25.205949544906616,1,0.10894671082496643,0.8910532593727112
5043,25.215,0.060263637,0.09084081,0.101397306,0.10140798,5040,25.2,25.205949544906616,1,0.10894671082496643,0.8910532593727112
5044,25.22,0.022483138,0.041458745,0.045017667,0.046561256,5044,25.22,25.2203471660614,1,0.02815169282257557,0.9718483090400696
5045,25.225,-0.020040533,-0.013462644,-0.014936237,-0.021750808,5044,25.22,25.2203471660614,1,0.02815169282257557,0.9718483090400696
5046,25.23,-0.06939736,-0.072237104,-0.07637372,-0.09935038,5044,25.22,25.2203471660614,1,0.02815169282257557,0.9718483090400696
5047,25.235,-0.12345396,-0.1316646,-0.13661578,-0.1778999,5044,25.22,25.2203471660614,1,0.02815169282257557,0.9718483090400696
5048,25.24,-0.17229056,-0.1853035,-0.19025671,-0.24768704,5048,25.24,25.244174242019653,1,0.04848103225231171,0.9515189528465271
5049,25.245,-0.20196664,-0.22478998,-0.22993225,-0.30005938,5048,25.24,25.244174242019653,1,0.04848103225231171,0.9515189528465271
5050,25.25,-0.2018335,-0.24162841,-0.24777961,-0.32639986,5048,25.24,25.244174242019653,1,0.04848103225231171,0.9515189528465271
5051,25.255,-0.16845167,-0.22744672,-0.23576741,-0.31512395,5048,25.24,25.244174242019653,1,0.04848103225231171,0.9515189528465271
5052,25.26,-0.104551494,-0.17510094,-0.18680972,-0.253077,5052,25.26,25.275460720062256,1,0.04533158987760544,0.954668402671814
5053,25.265,-0.017601527,-0.083870225,-0.09942292,-0.13518456,5052,25.26,25.275460720062256,1,0.04533158987760544,0.954668402671814
5054,25.27,0.07894914,0.033662476,0.015912345,0.023527345,5052,25.26,25.275460720062256,1,0.04533158987760544,0.954668402671814
5055,25.275,0.16528012,0.15086117,0.13523155,0.18595451,5052,25.26,25.275460720062256,1,0.04533158987760544,0.954668402671814
5056,25.28,0.22088024,0.23709345,0.22894557,0.30743837,5056,25.28,25.292484998703003,1,0.0386480875313282,0.9613519310951233
5057,25.285,0.23472154,0.2731071,0.27548894,0.35866123,5056,25.28,25.292484998703003,1,0.0386480875313282,0.9613519310951233
5058,25.29,0.21130642,0.25990322,0.2711139,0.33993495,5056,25.28,25.292484998703003,1,0.0386480875313282,0.9613519310951233
5059,25.295,0.16624677,0.21430792,0.2288297,0.27634904,5056,25.28,25.292484998703003,1,0.0386480875313282,0.9613519310951233
5060,25.3,0.114944726,0.15597872,0.16836229,0.1990612,5060,25.3,25.3106586933136,1,0.03751177713274956,0.9624881744384766
5061,25.305,0.06436385,0.09687437,0.10541269,0.1280634,5060,25.3,25.3106586933136,1,0.03751177713274956,0.9624881744384766
5062,25.31,0.013826694,0.039798375,0.046981674,0.067541115,5060,25.3,25.3106586933136,1,0.03751177713274956,0.9624881744384766
5063,25.315,-0.03857847,-0.016540414,-0.0069395914,0.012446065,5060,25.3,25.3106586933136,1,0.03751177713274956,0.9624881744384766
5064,25.32,-0.09159799,-0.07276632,-0.059362352,-0.043090414,5064,25.32,25.327537059783936,1,0.02376166172325611,0.9762383103370667
5065,25.325,-0.14161679,-0.1277543,-0.11303022,-0.102255434,5064,25.32,25.327537059783936,1,0.02376166172325611,0.9762383103370667
5066,25.33,-0.18522948,-0.17915566,-0.16780427,-0.16579676,5064,25.32,25.327537059783936,1,0.02376166172325611,0.9762383103370667
5067,25.335,-0.219031,-0.2224974,-0.21807955,-0.23103257,5064,25.32,25.327537059783936,1,0.02376166172325611,0.9762383103370667
5068,25.34,-0.23682295,-0.24945787,-0.25194508,-0.28830707,5068,25.34,25.34208035469055,1,0.06488626450300217,0.9351137280464172
5069,25.345,-0.22868362,-0.24876589,-0.25482994,-0.3194321,5068,25.34,25.34208035469055,1,0.06488626450300217,0.9351137280464172
5070,25.35,-0.18503854,-0.21124767,-0.2171879,-0.30331317,5068,25.34,25.34208035469055,1,0.06488626450300217,0.9351137280464172
5071,25.355,-0.10370032,-0.13601914,-0.14115995,-0.22794251,5068,25.34,25.34208035469055,1,0.06488626450300217,0.9351137280464172
5072,25.36,0.0053905356,-0.033108808,-0.040792696,-0.10110099,5072,25.36,25.370505332946777,1,0.03720385208725929,0.962796151638031
5073,25.365,0.12132628,0.079199925,0.06436846,0.04867905,5072,25.36,25.370505332946777,1,0.03720385208725929,0.962796151638031
5074,25.37,0.21879826,0.18002729,0.1569743,0.18303719,5072,25.36,25.370505332946777,1,0.03720385208725929,0.962796151638031
5075,25.375,0.2769443,0.25150988,0.22557563,0.2706232,5072,25.36,25.370505332946777,1,0.03720385208725929,0.962796151638031
5076,25.38,0.28694504,0.2831523,0.26398492,0.30005988,5076,25.38,25.390531301498413,1,0.043515775352716446,0.9564842581748962
5077,25.385,0.2550782,0.27444986,0.2696735,0.28180566,5076,25.38,25.390531301498413,1,0.043515775352716446,0.9564842581748962
5078,25.39,0.19880909,0.23421888,0.24349032,0.23843536,5076,25.38,25.390531301498413,1,0.043515775352716446,0.9564842581748962
5079,25.395,0.13672334,0.17544883,0.18988676,0.18976286,5076,25.38,25.390531301498413,1,0.043515775352716446,0.9564842581748962
5080,25.4,0.07804117,0.10809467,0.116215415,0.14237519,5080,25.4,25.410479068756104,1,0.02702135220170021,0.9729785919189453
5081,25.405,0.01937874,0.035340518,0.03149959,0.090056784,5080,25.4,25.410479068756104,1,0.02702135220170021,0.9729785919189453
5082,25.41,-0.048408214,-0.04339839,-0.054280173,0.02351829,5080,25.4,25.410479068756104,1,0.02702135220170021,0.9729785919189453
5083,25.415,-0.12890041,-0.12590858,-0.13100712,-0.05925025,5080,25.4,25.410479068756104,1,0.02702135220170021,0.9729785919189453
5084,25.42,-0.21374321,-0.20379041,-0.19077502,-0.15021354,5084,25.42,25.428487062454224,1,0.02426614798605442,0.9757338166236877
5085,25.425,-0.28562263,-0.26523325,-0.23073816,-0.23622373,5084,25.42,25.428487062454224,1,0.02426614798605442,0.9757338166236877
5086,25.43,-0.32632768,-0.30006707,-0.2527341,-0.3042641,5084,25.42,25.428487062454224,1,0.02426614798605442,0.9757338166236877
5087,25.435,-0.3225987,-0.3014445,-0.2578617,-0.34115022,5084,25.42,25.428487062454224,1,0.02426614798605442,0.9757338166236877
5088,25.44,-0.26758745,-0.26392975,-0.24025872,-0.33087835,5088,25.44,25.442594051361084,1,0.05540543422102928,0.9445945620536804
5089,25.445,-0.16198371,-0.18346433,-0.18769962,-0.25837928,5088,25.44,25.442594051361084,1,0.05540543422102928,0.9445945620536804
5090,25.45,-0.018163122,-0.06307697,-0.0918589,-0.1224273,5088,25.44,25.442594051361084,1,0.05540543422102928,0.9445945620536804
5091,25.455,0.13610876,0.07957752,0.038602658,0.051934946,5088,25.44,25.442594051361084,1,0.05540543422102928,0.9445945620536804
5092,25.46,0.26207864,0.21190943,0.17400558,0.21589793,5092,25.46,25.470890045166016,1,0.035460762679576874,0.9645391702651978
5093,25.465,0.3253042,0.29821223,0.274918,0.31854725,5092,25.46,25.470890045166016,1,0.035460762679576874,0.9645391702651978
5094,25.47,0.3140985,0.31789964,0.3127041,0.33483773,5092,25.46,25.470890045166016,1,0.035460762679576874,0.9645391702651978
5095,25.475,0.24736361,0.2771503,0.28502202,0.27925712,5092,25.46,25.470890045166016,1,0.035460762679576874,0.9645391702651978
5096,25.48,0.16368376,0.20430605,0.21501552,0.19424313,5096,25.48,25.490591526031494,1,0.08106353878974915,0.9189364910125732
5097,25.485,0.097601935,0.13145204,0.13512202,0.121682875,5096,25.48,25.490591526031494,1,0.08106353878974915,0.9189364910125732
5098,25.49,0.059857905,0.07551642,0.06771404,0.07833863,5096,25.48,25.490591526031494,1,0.08106353878974915,0.9189364910125732
5099,25.495,0.035926208,0.032542795,0.016179955,0.051895145,5096,25.48,25.490591526031494,1,0.08106353878974915,0.9189364910125732
5100,25.5,0.0026725943,-0.011986847,-0.029024923,0.017897476,5100,25.5,25.51039433479309,1,0.023758957162499428,0.9762410521507263
5101,25.505,-0.05127515,-0.06663995,-0.076494284,-0.03730743,5100,25.5,25.51039433479309,1,0.023758957162499428,0.9762410521507263
5102,25.51,-0.11747249,-0.12524776,-0.12429078,-0.10535451,5100,25.5,25.51039433479309,1,0.023758957162499428,0.9762410521507263
5103,25.515,-0.17631091,-0.17226389,-0.16185957,-0.16372384,5100,25.5,25.51039433479309,1,0.023758957162499428,0.9762410521507263
5104,25.52,-0.21280125,-0.1963974,-0.18030459,-0.19480987,5104,25.52,25.527843713760376,1,0.03840949758887291,0.9615905284881592
5105,25.525,-0.22536094,-0.19973518,-0.18068244,-0.19953303,5104,25.52,25.527843713760376,1,0.03840949758887291,0.9615905284881592
5106,25.53,-0.22100961,-0.1936341,-0.17195612,-0.19343638,5104,25.52,25.527843713760376,1,0.03840949758887291,0.9615905284881592
5107,25.535,-0.20287015,-0.18472739,-0.16019061,-0.18851055,5104,25.52,25.527843713760376,1,0.03840949758887291,0.9615905284881592
5108,25.54,-0.16292171,-0.16448124,-0.13977571,-0.17772874,5108,25.54,25.542776107788086,1,0.03936992213129997,0.9606300592422485
5109,25.545,-0.08850567,-0.114059165,-0.09661267,-0.13831198,5108,25.54,25.542776107788086,1,0.03936992213129997,0.9606300592422485
5110,25.55,0.021728504,-0.022537882,-0.021920156,-0.052982792,5108,25.54,25.542776107788086,1,0.03936992213129997,0.9606300592422485
5111,25.555,0.14687926,0.09719942,0.07568041,0.06925357,5108,25.54,25.542776107788086,1,0.03936992213129997,0.9606300592422485
5112,25.56,0.24965072,0.21025641,0.17130478,0.19223103,5112,25.56,25.576688289642334,1,0.0378972589969635,0.9621027112007141
5113,25.565,0.2966161,0.2792775,0.23748158,0.27346858,5112,25.56,25.576688289642334,1,0.0378972589969635,0.9621027112007141
5114,25.57,0.27762926,0.28615755,0.25868443,0.289487,5112,25.56,25.576688289642334,1,0.0378972589969635,0.9621027112007141
5115,25.575,0.20982154,0.23939884,0.23604426,0.24610616,5112,25.56,25.576688289642334,1,0.0378972589969635,0.9621027112007141
5116,25.58,0.124780536,0.16420297,0.18193312,0.16922773,5116,25.58,25.59250235557556,1,0.05494019016623497,0.9450598359107971
5117,25.585,0.050136782,0.08605028,0.11196708,0.0874097,5116,25.58,25.59250235557556,1,0.05494019016623497,0.9450598359107971
5118,25.59,-0.0019467163,0.020049611,0.040333897,0.019786231,5116,25.58,25.59250235557556,1,0.05494019016623497,0.9450598359107971
5119,25.595,-0.035187352,-0.030300586,-0.022106363,-0.026570497,5116,25.58,25.59250235557556,1,0.05494019016623497,0.9450598359107971
5120,25.6,-0.062220056,-0.06907671,-0.06996769,-0.054284975,5120,25.6,25.61070704460144,1,0.024288354441523552,0.9757117033004761
5121,25.605,-0.095652744,-0.10326735,-0.105400726,-0.07270683,5120,25.6,25.61070704460144,1,0.024288354441523552,0.9757117033004761
5122,25.61,-0.14058095,-0.1387181,-0.13657361,-0.09407092,5120,25.6,25.61070704460144,1,0.024288354441523552,0.9757117033004761
5123,25.615,-0.19077846,-0.17641242,-0.17105849,-0.12701856,5120,25.6,25.61070704460144,1,0.024288354441523552,0.9757117033004761
5124,25.62,-0.23010851,-0.2098937,-0.2076012,-0.16910022,5124,25.62,25.627591609954834,1,0.05705723166465759,0.94294273853302
5125,25.625,-0.23859411,-0.2254153,-0.2322447,-0.2035515,5124,25.62,25.627591609954834,1,0.05705723166465759,0.94294273853302
5126,25.63,-0.20037524,-0.20591323,-0.22273022,-0.20507301,5124,25.62,25.627591609954834,1,0.05705723166465759,0.94294273853302
5127,25.635,-0.11102608,-0.13896656,-0.16053158,-0.15413062,5124,25.62,25.627591609954834,1,0.05705723166465759,0.94294273853302
5128,25.64,0.017054902,-0.02682763,-0.045049556,-0.052414373,5128,25.64,25.642385005950928,1,0.040313273668289185,0.9596866965293884
5129,25.645,0.153627,0.107216984,0.09882813,0.07160679,5128,25.64,25.642385005950928,1,0.040313273668289185,0.9596866965293884
5130,25.65,0.25819096,0.22356458,0.2272623,0.17399229,5128,25.64,25.642385005950928,1,0.040313273668289185,0.9596866965293884
5131,25.655,0.29685295,0.283673,0.29739976,0.21882193,5128,25.64,25.642385005950928,1,0.040313273668289185,0.9596866965293884
5132,25.66,0.26022366,0.270632,0.28940922,0.19839329,5132,25.66,25.67074680328369,1,0.04070756211876869,0.959292471408844
5133,25.665,0.16930568,0.1981365,0.21590804,0.13537684,5132,25.66,25.67074680328369,1,0.04070756211876869,0.959292471408844
5134,25.67,0.06355636,0.10089516,0.11264838,0.06579459,5132,25.66,25.67074680328369,1,0.04070756211876869,0.959292471408844
5135,25.675,-0.020717971,0.014126301,0.017979773,0.016545976,5132,25.66,25.67074680328369,1,0.04070756211876869,0.959292471408844
5136,25.68,-0.0665035,-0.04279545,-0.04472082,-0.0062149516,5136,25.68,25.690650701522827,1,0.026009749621152878,0.973990261554718
5137,25.685,-0.07794845,-0.06938407,-0.07240568,-0.012614072,5136,25.68,25.690650701522827,1,0.026009749621152878,0.973990261554718
5138,25.69,-0.07117393,-0.07641512,-0.07649229,-0.016465329,5136,25.68,25.690650701522827,1,0.026009749621152878,0.973990261554718
5139,25.695,-0.06331355,-0.076573536,-0.07305265,-0.026151322,5136,25.68,25.690650701522827,1,0.026009749621152878,0.973990261554718
5140,25.7,-0.0659828,-0.079521805,-0.07535996,-0.04380948,5140,25.7,25.710556030273438,1,0.04049670323729515,0.9595032930374146
5141,25.705,-0.083214045,-0.09097986,-0.09036187,-0.06894107,5140,25.7,25.710556030273438,1,0.04049670323729515,0.9595032930374146
5142,25.71,-0.1112554,-0.11205047,-0.11728013,-0.09989358,5140,25.7,25.710556030273438,1,0.04049670323729515,0.9595032930374146
5143,25.715,-0.13915476,-0.13697365,-0.14684314,-0.13093385,5140,25.7,25.710556030273438,1,0.04049670323729515,0.9595032930374146
5144,25.72,-0.15110847,-0.15166292,-0.16223869,-0.14878625,5144,25.72,25.727441549301147,1,0.08692827820777893,0.9130716919898987
5145,25.725,-0.13153957,-0.13718456,-0.14431992,-0.13482884,5144,25.72,25.727441549301147,1,0.08692827820777893,0.9130716919898987
5146,25.73,-0.072178304,-0.07952268,-0.08144031,-0.075335555,5144,25.72,25.727441549301147,1,0.08692827820777893,0.9130716919898987
5147,25.735,0.021477181,0.018741647,0.020442024,0.025320286,5144,25.72,25.727441549301147,1,0.08692827820777893,0.9130716919898987
5148,25.74,0.12807713,0.13317649,0.13477102,0.13881616,5148,25.74,25.742565870285034,1,0.04043152555823326,0.959568440914154
5149,25.745,0.21586604,0.2250034,0.22330412,0.22220013,5148,25.74,25.742565870285034,1,0.04043152555823326,0.959568440914154
5150,25.75,0.25537443,0.2596409,0.25410327,0.23992306,5148,25.74,25.742565870285034,1,0.04043152555823326,0.959568440914154
5151,25.755,0.23370524,0.22573237,0.21848749,0.18524978,5148,25.74,25.742565870285034,1,0.04043152555823326,0.959568440914154
5152,25.76,0.16160938,0.14182903,0.13594079,0.085750595,5152,25.76,25.770655155181885,1,0.11438824981451035,0.8856117129325867
5153,25.765,0.067837775,0.045449257,0.043186426,-0.01220918,5152,25.76,25.770655155181885,1,0.11438824981451035,0.8856117129325867
5154,25.77,-0.016042287,-0.028223116,-0.025713524,-0.06987615,5152,25.76,25.770655155181885,1,0.11438824981451035,0.8856117129325867
5155,25.775,-0.0702055,-0.06335166,-0.0553833,-0.075551555,5152,25.76,25.770655155181885,1,0.11438824981451035,0.8856117129325867
5156,25.78,-0.091795005,-0.065947,-0.05215746,-0.045525663,5156,25.78,25.794426918029785,1,0.028591791167855263,0.9714081883430481
5157,25.785,-0.09059851,-0.05395393,-0.03535294,-0.009618184,5156,25.78,25.794426918029785,1,0.028591791167855263,0.9714081883430481
5158,25.79,-0.0817148,-0.045615587,-0.025756855,0.0057000043,5156,25.78,25.794426918029785,1,0.028591791167855263,0.9714081883430481
5159,25.795,-0.08033703,-0.05398056,-0.03866651,-0.013585989,5156,25.78,25.794426918029785,1,0.028591791167855263,0.9714081883430481
5160,25.8,-0.09764085,-0.08586449,-0.081033126,-0.06760715,5160,25.8,25.809108018875122,1,0.10135628283023834,0.8986436724662781
5161,25.805,-0.13484031,-0.13909559,-0.14810145,-0.14304124,5160,25.8,25.809108018875122,1,0.10135628283023834,0.8986436724662781
5162,25.81,-0.17762437,-0.19754383,-0.21935345,-0.21362454,5160,25.8,25.809108018875122,1,0.10135628283023834,0.8986436724662781
5163,25.815,-0.19815506,-0.23142989,-0.26039302,-0.24556275,5160,25.8,25.809108018875122,1,0.10135628283023834,0.8986436724662781
5164,25.82,-0.16831867,-0.20936806,-0.23647472,-0.21146801,5164,25.82,25.82229471206665,1,0.14558705687522888,0.8544129729270935
5165,25.825,-0.07765802,-0.11762864,-0.13312392,-0.10710961,5164,25.82,25.82229471206665,1,0.14558705687522888,0.8544129729270935
5166,25.83,0.056968477,0.027349597,0.030210368,0.041592013,5164,25.82,25.82229471206665,1,0.14558705687522888,0.8544129729270935
5167,25.835,0.1978317,0.1840665,0.2052901,0.18901183,5164,25.82,25.82229471206665,1,0.14558705687522888,0.8544129729270935
5168,25.84,0.30430597,0.30585352,0.33729658,0.29193425,5168,25.84,25.842761516571045,1,0.03809410706162453,0.9619058966636658
5169,25.845,0.3497502,0.36146304,0.3895943,0.32823178,5168,25.84,25.842761516571045,1,0.03809410706162453,0.9619058966636658
5170,25.85,0.32780263,0.3437156,0.35588875,0.3006979,5168,25.84,25.842761516571045,1,0.03809410706162453,0.9619058966636658
5171,25.855,0.24848765,0.2649278,0.255728,0.22740315,5168,25.84,25.842761516571045,1,0.03809410706162453,0.9619058966636658
5172,25.86,0.13118418,0.14734404,0.12114725,0.12950544,5172,25.86,25.87052273750305,1,0.04277503862977028,0.9572249054908752
5173,25.865,-0.00013718562,0.01644045,-0.015169062,0.025695205,5172,25.86,25.87052273750305,1,0.04277503862977028,0.9572249054908752
5174,25.87,-0.119954616,-0.10219192,-0.12620182,-0.067011744,5172,25.86,25.87052273750305,1,0.04277503862977028,0.9572249054908752
5175,25.875,-0.20594482,-0.18658714,-0.19411708,-0.13307825,5172,25.86,25.87052273750305,1,0.04277503862977028,0.9572249054908752
5176,25.88,-0.24597992,-0.22480972,-0.21399188,-0.1633104,5176,25.88,25.89432430267334,1,0.02450055256485939,0.9754995107650757
5177,25.885,-0.24314155,-0.22038354,-0.19604452,-0.16133241,5176,25.88,25.89432430267334,1,0.02450055256485939,0.9754995107650757
5178,25.89,-0.21354088,-0.19085257,-0.16187428,-0.1439063,5176,25.88,25.89432430267334,1,0.02450055256485939,0.9754995107650757
5179,25.895,-0.17630215,-0.15778153,-0.13355811,-0.13150983,5176,25.88,25.89432430267334,1,0.02450055256485939,0.9754995107650757
5180,25.9,-0.14161676,-0.13367775,-0.12108552,-0.13445143,5180,25.9,25.908945083618164,1,0.04871208965778351,0.9512879252433777
5181,25.905,-0.10552729,-0.11498375,-0.11680438,-0.14494273,5180,25.9,25.908945083618164,1,0.04871208965778351,0.9512879252433777
5182,25.91,-0.05593106,-0.0867026,-0.101553746,-0.14196849,5180,25.9,25.908945083618164,1,0.04871208965778351,0.9512879252433777
5183,25.915,0.014233251,-0.03569424,-0.058836512,-0.10623371,5180,25.9,25.908945083618164,1,0.04871208965778351,0.9512879252433777
5184,25.92,0.09678709,0.03708581,0.012555384,-0.034710955,5184,25.92,25.92054510116577,1,0.04115475341677666,0.9588451981544495
5185,25.925,0.1696458,0.11459954,0.09602121,0.05553898,5184,25.92,25.92054510116577,1,0.04115475341677666,0.9588451981544495
5186,25.93,0.20965862,0.17360154,0.16628197,0.1368389,5184,25.92,25.92054510116577,1,0.04115475341677666,0.9588451981544495
5187,25.935,0.20784794,0.1990839,0.20381202,0.18676719,5184,25.92,25.92054510116577,1,0.04115475341677666,0.9588451981544495
5188,25.94,0.17529273,0.19243415,0.2047214,0.19921614,5188,25.94,25.94066333770752,1,0.06550219655036926,0.9344977736473083
5189,25.945,0.13421284,0.16709536,0.17950858,0.18332078,5188,25.94,25.94066333770752,1,0.06550219655036926,0.9344977736473083
5190,25.95,0.10032802,0.135441,0.14233011,0.1523857,5188,25.94,25.94066333770752,1,0.06550219655036926,0.9344977736473083
5191,25.955,0.070792004,0.09836257,0.0999781,0.11290572,5188,25.94,25.94066333770752,1,0.06550219655036926,0.9344977736473083
5192,25.96,0.029044893,0.047549225,0.050184082,0.063475594,5192,25.96,25.975134134292603,1,0.028574500232934952,0.9714255332946777
5193,25.965,-0.03609189,-0.020840257,-0.009558698,0.004026877,5192,25.96,25.975134134292603,1,0.028574500232934952,0.9714255332946777
5194,25.97,-0.113832146,-0.09439064,-0.072166696,-0.054961976,5192,25.96,25.975134134292603,1,0.028574500232934952,0.9714255332946777
5195,25.975,-0.1742109,-0.14818957,-0.12178166,-0.09503799,5192,25.96,25.975134134292603,1,0.028574500232934952,0.9714255332946777
5196,25.98,-0.19036973,-0.16358308,-0.14631838,-0.10450756,5196,25.98,25.998464107513428,1,0.029371900483965874,0.9706281423568726
5197,25.985,-0.16120562,-0.14504832,-0.14917664,-0.09155725,5196,25.98,25.998464107513428,1,0.029371900483965874,0.9706281423568726
5198,25.99,-0.112936415,-0.11748887,-0.1462732,-0.08051473,5196,25.98,25.998464107513428,1,0.029371900483965874,0.9706281423568726
5199,25.995,-0.07698916,-0.10430874,-0.1492236,-0.09128188,5196,25.98,25.998464107513428,1,0.029371900483965874,0.9706281423568726
5200,26.0,-0.06395568,-0.10612552,-0.15111847,-0.11965833,5200,26.0,26.010399341583252,1,0.05019106715917587,0.9498089551925659
5201,26.005,-0.056910682,-0.10024948,-0.1301381,-0.13753948,5200,26.0,26.010399341583252,1,0.05019106715917587,0.9498089551925659
5202,26.01,-0.02888958,-0.061355695,-0.06880522,-0.11440081,5200,26.0,26.010399341583252,1,0.05019106715917587,0.9498089551925659
5203,26.015,0.032265157,0.0155343395,0.02837353,-0.042300437,5200,26.0,26.010399341583252,1,0.05019106715917587,0.9498089551925659
5204,26.02,0.11276156,0.10897004,0.13379832,0.055913337,5204,26.02,26.025484800338745,1,0.04375258833169937,0.9562474489212036
5205,26.025,0.18219993,0.18476254,0.21197078,0.14067277,5204,26.02,26.025484800338745,1,0.04375258833169937,0.9562474489212036
5206,26.03,0.21326283,0.21676582,0.23871365,0.18020837,5204,26.02,26.025484800338745,1,0.04375258833169937,0.9562474489212036
5207,26.035,0.19653441,0.19975424,0.21198331,0.16782758,5204,26.02,26.025484800338745,1,0.04375258833169937,0.9562474489212036
5208,26.04,0.14239192,0.14814824,0.14965907,0.12170315,5208,26.04,26.04468560218811,1,0.10788925737142563,0.8921107053756714
5209,26.045,0.07205606,0.08448853,0.077719994,0.06983441,5208,26.04,26.04468560218811,1,0.10788925737142563,0.8921107053756714
5210,26.05,0.0053636744,0.02649518,0.016603077,0.03199758,5208,26.04,26.04468560218811,1,0.10788925737142563,0.8921107053756714
5211,26.055,-0.047549464,-0.019643206,-0.026500558,0.010711721,5208,26.04,26.04468560218811,1,0.10788925737142563,0.8921107053756714
5212,26.06,-0.08722354,-0.05731506,-0.05608186,-0.004658071,5212,26.06,26.075522422790527,1,0.034235015511512756,0.9657649993896484
5213,26.065,-0.119599625,-0.09227928,-0.08064963,-0.026311083,5212,26.06,26.075522422790527,1,0.034235015511512756,0.9657649993896484
5214,26.07,-0.14880557,-0.12632135,-0.10567041,-0.05869576,5212,26.06,26.075522422790527,1,0.034235015511512756,0.9657649993896484
5215,26.075,-0.17263721,-0.15567678,-0.13130264,-0.097050235,5212,26.06,26.075522422790527,1,0.034235015511512756,0.9657649993896484
5216,26.08,-0.18282542,-0.17337376,-0.15359569,-0.1316858,5216,26.08,26.094672203063965,1,0.08843859285116196,0.9115613698959351
5217,26.085,-0.16894971,-0.17199561,-0.16549581,-0.152205,5216,26.08,26.094672203063965,1,0.08843859285116196,0.9115613698959351
5218,26.09,-0.12347608,-0.14503393,-0.15698265,-0.14892395,5216,26.08,26.094672203063965,1,0.08843859285116196,0.9115613698959351
5219,26.095,-0.046201795,-0.08843798,-0.11751292,-0.11412165,5216,26.08,26.094672203063965,1,0.08843859285116196,0.9115613698959351
5220,26.1,0.052640922,-0.0045664925,-0.04301181,-0.046613984,5220,26.1,26.11029291152954,1,0.05141397938132286,0.9485860466957092
5221,26.105,0.15194727,0.09292925,0.056048784,0.041979425,5220,26.1,26.11029291152954,1,0.05141397938132286,0.9485860466957092
5222,26.11,0.22424346,0.17876427,0.15314564,0.12617642,5220,26.1,26.11029291152954,1,0.05141397938132286,0.9485860466957092
5223,26.115,0.2457925,0.22444081,0.21532561,0.1759135,5220,26.1,26.11029291152954,1,0.05141397938132286,0.9485860466957092
5224,26.12,0.20836775,0.21260405,0.21970138,0.17251994,5224,26.12,26.12846040725708,1,0.05168120935559273,0.9483187794685364
5225,26.125,0.12534226,0.14806645,0.16624534,0.12038983,5224,26.12,26.12846040725708,1,0.05168120935559273,0.9483187794685364
5226,26.13,0.027104286,0.057324596,0.078621864,0.04549736,5224,26.12,26.12846040725708,1,0.05168120935559273,0.9483187794685364
5227,26.135,-0.052080084,-0.023559596,-0.0068254196,-0.018126044,5224,26.12,26.12846040725708,1,0.05168120935559273,0.9483187794685364
5228,26.14,-0.0882331,-0.06539378,-0.05730114,-0.04475496,5228,26.14,26.14272975921631,1,0.02848212607204914,0.9715178608894348
5229,26.145,-0.07619631,-0.058251146,-0.057706974,-0.027462764,5228,26.14,26.14272975921631,1,0.02848212607204914,0.9715178608894348
5230,26.15,-0.030551616,-0.015211721,-0.017626395,0.02010013,5228,26.14,26.14272975921631,1,0.02848212607204914,0.9715178608894348
5231,26.155,0.019994363,0.033490088,0.032298673,0.069511764,5228,26.14,26.14272975921631,1,0.02848212607204914,0.9715178608894348
5232,26.16,0.04348919,0.054343775,0.055313956,0.08938043,5232,26.16,26.176005601882935,1,0.07785477489233017,0.9221452474594116
5233,26.165,0.018770613,0.02746853,0.02908169,0.06029692,5232,26.16,26.176005601882935,1,0.07785477489233017,0.9221452474594116
5234,26.17,-0.05266869,-0.04206488,-0.040411796,-0.013725674,5232,26.16,26.176005601882935,1,0.07785477489233017,0.9221452474594116
5235,26.175,-0.14440683,-0.12619476,-0.12210635,-0.10541443,5232,26.16,26.176005601882935,1,0.07785477489233017,0.9221452474594116
5236,26.18,-0.21631683,-0.18912822,-0.17907469,-0.17815965,5236,26.18,26.194550037384033,1,0.13870111107826233,0.8612989187240601
5237,26.185,-0.23478207,-0.20652181,-0.19000116,-0.20572029,5236,26.18,26.194550037384033,1,0.13870111107826233,0.8612989187240601
5238,26.19,-0.19022451,-0.17624244,-0.15781805,-0.18463455,5236,26.18,26.194550037384033,1,0.13870111107826233,0.8612989187240601
5239,26.195,-0.10060434,-0.114668444,-0.10145466,-0.13152158,5236,26.18,26.194550037384033,1,0.13870111107826233,0.8612989187240601
5240,26.2,0.0015635078,-0.042912472,-0.039823074,-0.068776034,5240,26.2,26.20915150642395,1,0.062244269996881485,0.9377557635307312
5241,26.205,0.08931829,0.026100455,0.018773194,-0.010158215,5240,26.2,26.20915150642395,1,0.062244269996881485,0.9377557635307312
5242,26.21,0.15354152,0.090516075,0.07536483,0.043422494,5240,26.2,26.20915150642395,1,0.062244269996881485,0.9377557635307312
5243,26.215,0.19886132,0.1516595,0.13100483,0.096420355,5240,26.2,26.20915150642395,1,0.062244269996881485,0.9377557635307312
5244,26.22,0.22888619,0.20355739,0.17877807,0.14732309,5244,26.22,26.220508575439453,1,0.07258462905883789,0.9274153113365173
5245,26.225,0.23613982,0.2304477,0.20424463,0.18411525,5244,26.22,26.220508575439453,1,0.07258462905883789,0.9274153113365173
5246,26.23,0.20731905,0.21609467,0.1941671,0.19111228,5244,26.22,26.220508575439453,1,0.07258462905883789,0.9274153113365173
5247,26.235,0.13909853,0.15789838,0.1467658,0.16170053,5244,26.22,26.220508575439453,1,0.07258462905883789,0.9274153113365173
5248,26.24,0.048589442,0.07346006,0.07555343,0.106043495,5248,26.24,26.240571975708008,1,0.06961524486541748,0.9303848147392273
5249,26.245,-0.033092756,-0.007195287,0.0036377078,0.04675862,5248,26.24,26.240571975708008,1,0.06961524486541748,0.9303848147392273
5250,26.25,-0.08015848,-0.05877939,-0.047829613,0.005373136,5248,26.24,26.240571975708008,1,0.06961524486541748,0.9303848147392273
5251,26.255,-0.088834785,-0.07491776,-0.069952406,-0.010646243,5248,26.24,26.240571975708008,1,0.06961524486541748,0.9303848147392273
5252,26.26,-0.07867232,-0.07000134,-0.06977203,-0.011762636,5252,26.26,26.274712085723877,1,0.03886270523071289,0.9611372351646423
5253,26.265,-0.07863578,-0.06888397,-0.06612389,-0.019640988,5252,26.26,26.274712085723877,1,0.03886270523071289,0.9611372351646423
5254,26.27,-0.108494356,-0.09175341,-0.07956614,-0.054381363,5252,26.26,26.274712085723877,1,0.03886270523071289,0.9611372351646423
5255,26.275,-0.16644897,-0.1420078,-0.11993259,-0.12178978,5252,26.26,26.274712085723877,1,0.03886270523071289,0.9611372351646423
5256,26.28,-0.22803822,-0.20189866,-0.17688477,-0.20584188,5256,26.28,26.29747724533081,1,0.10237780213356018,0.8976222276687622
5257,26.285,-0.25628406,-0.23829551,-0.22019699,-0.27094844,5256,26.28,26.29747724533081,1,0.10237780213356018,0.8976222276687622
5258,26.29,-0.2200769,-0.21847194,-0.2136646,-0.27677464,5256,26.28,26.29747724533081,1,0.10237780213356018,0.8976222276687622
5259,26.295,-0.113662526,-0.13028057,-0.13777605,-0.20158152,5256,26.28,26.29747724533081,1,0.10237780213356018,0.8976222276687622
5260,26.3,0.03438262,0.0053561092,-0.0070128073,-0.060651425,5260,26.3,26.310640811920166,1,0.045840632170438766,0.9541593194007874
5261,26.305,0.17208883,0.14106438,0.13262638,0.09584841,5260,26.3,26.310640811920166,1,0.045840632170438766,0.9541593194007874
5262,26.31,0.25180483,0.22820897,0.22778758,0.20907673,5260,26.3,26.310640811920166,1,0.045840632170438766,0.9541593194007874
5263,26.315,0.257048,0.24468583,0.24861062,0.24578336,5260,26.3,26.310640811920166,1,0.045840632170438766,0.9541593194007874
5264,26.32,0.20884392,0.20508915,0.2045622,0.21552818,5264,26.32,26.32136106491089,1,0.060762759298086166,0.9392372965812683
5265,26.325,0.1470228,0.14606476,0.13419901,0.15804167,5264,26.32,26.32136106491089,1,0.060762759298086166,0.9392372965812683
5266,26.33,0.10185686,0.09942652,0.077597275,0.11210423,5264,26.32,26.32136106491089,1,0.060762759298086166,0.9392372965812683
5267,26.335,0.07801614,0.074205406,0.052368354,0.091306575,5264,26.32,26.32136106491089,1,0.060762759298086166,0.9392372965812683
5268,26.34,0.06039877,0.05888202,0.04895854,0.08332109,5268,26.34,26.340354442596436,1,0.028302159160375595,0.9716978073120117
5269,26.345,0.03239593,0.03709885,0.04434574,0.06761396,5268,26.34,26.340354442596436,1,0.028302159160375595,0.9716978073120117
5270,26.35,-0.010726535,0.0012173716,0.020485573,0.03301344,5268,26.34,26.340354442596436,1,0.028302159160375595,0.9716978073120117
5271,26.355,-0.062069528,-0.04553896,-0.025688501,-0.018122895,5268,26.34,26.340354442596436,1,0.028302159160375595,0.9716978073120117
5272,26.36,-0.11156824,-0.09513339,-0.08406552,-0.07700884,5272,26.36,26.372738122940063,1,0.0351555198431015,0.9648445248603821
5273,26.365,-0.15191744,-0.14013329,-0.13954028,-0.13562076,5272,26.36,26.372738122940063,1,0.0351555198431015,0.9648445248603821
5274,26.37,-0.1776586,-0.17414089,-0.17943706,-0.1868667,5272,26.36,26.372738122940063,1,0.0351555198431015,0.9648445248603821
5275,26.375,-0.18215285,-0.18996339,-0.19650836,-0.2205804,5272,26.36,26.372738122940063,1,0.0351555198431015,0.9648445248603821
5276,26.38,-0.15878145,-0.18010686,-0.18796396,-0.22297102,5276,26.38,26.39943289756775,1,0.08726174384355545,0.9127383232116699
5277,26.385,-0.10665769,-0.140563,-0.15334757,-0.18309382,5276,26.38,26.39943289756775,1,0.08726174384355545,0.9127383232116699
5278,26.39,-0.03519,-0.074955314,-0.09423765,-0.102218196,5276,26.38,26.39943289756775,1,0.08726174384355545,0.9127383232116699
5279,26.395,0.03774003,0.0044348487,-0.016598873,0.0018751993,5276,26.38,26.39943289756775,1,0.08726174384355545,0.9127383232116699
5280,26.4,0.09364654,0.080078736,0.06679465,0.10053015,5280,26.4,26.410496711730957,1,0.03896848484873772,0.9610315561294556
5281,26.405,0.12206058,0.13569137,0.1379777,0.16729476,5280,26.4,26.410496711730957,1,0.03896848484873772,0.9610315561294556
5282,26.41,0.12424358,0.16253023,0.1807124,0.19016089,5280,26.4,26.410496711730957,1,0.03896848484873772,0.9610315561294556
5283,26.415,0.110097,0.16192059,0.18866137,0.17509343,5280,26.4,26.410496711730957,1,0.03896848484873772,0.9610315561294556
5284,26.42,0.09108652,0.1425797,0.16846317,0.13950945,5284,26.42,26.427191495895386,1,0.10524657368659973,0.8947534561157227
5285,26.425,0.07430963,0.1149473,0.13497739,0.10158895,5284,26.42,26.427191495895386,1,0.10524657368659973,0.8947534561157227
5286,26.43,0.061083347,0.08655367,0.10214683,0.072845526,5284,26.42,26.427191495895386,1,0.10524657368659973,0.8947534561157227
5287,26.435,0.04912831,0.06046228,0.07572536,0.056421667,5284,26.42,26.427191495895386,1,0.10524657368659973,0.8947534561157227
5288,26.44,0.034723315,0.03552838,0.051687703,0.04811269,5288,26.44,26.444571495056152,1,0.04616132378578186,0.9538387060165405
5289,26.445,0.012965822,0.0068421,0.019953497,0.037275333,5288,26.44,26.444571495056152,1,0.04616132378578186,0.9538387060165405
5290,26.45,-0.021711381,-0.032673687,-0.02906412,0.009261677,5288,26.44,26.444571495056152,1,0.04616132378578186,0.9538387060165405
5291,26.455,-0.07176947,-0.087516874,-0.097611554,-0.047367603,5288,26.44,26.444571495056152,1,0.04616132378578186,0.9538387060165405
5292,26.46,-0.13079938,-0.15303774,-0.17603555,-0.1305659,5292,26.46,26.476360082626343,1,0.0619465708732605,0.9380533695220947
5293,26.465,-0.18155734,-0.21248706,-0.24338637,-0.21936063,5292,26.46,26.476360082626343,1,0.0619465708732605,0.9380533695220947
5294,26.47,-0.20213969,-0.24219683,-0.27453285,-0.28014505,5292,26.46,26.476360082626343,1,0.0619465708732605,0.9380533695220947
5295,26.475,-0.17752734,-0.22305322,-0.25119856,-0.28265375,5292,26.46,26.476360082626343,1,0.0619465708732605,0.9380533695220947
5296,26.48,-0.10829028,-0.15087357,-0.17099567,-0.21542424,5296,26.48,26.495453119277954,1,0.0926678329706192,0.907332181930542
5297,26.485,-0.010443094,-0.039267115,-0.049461853,-0.091422215,5296,26.48,26.495453119277954,1,0.0926678329706192,0.907332181930542
5298,26.49,0.092131354,0.08541939,0.08516462,0.057357017,5296,26.48,26.495453119277954,1,0.0926678329706192,0.907332181930542
5299,26.495,0.17642382,0.19285096,0.20070657,0.19107023,5296,26.48,26.495453119277954,1,0.0926678329706192,0.907332181930542
5300,26.5,0.22570021,0.25726953,0.26970923,0.2740511,5300,26.5,26.510783672332764,1,0.04053884744644165,0.9594611525535583
5301,26.505,0.23176052,0.2645369,0.2767541,0.28582996,5300,26.5,26.510783672332764,1,0.04053884744644165,0.9594611525535583
5302,26.51,0.19607988,0.21681769,0.2238006,0.2292082,5300,26.5,26.510783672332764,1,0.04053884744644165,0.9594611525535583
5303,26.515,0.12991613,0.1326626,0.13116813,0.13087703,5300,26.5,26.510783672332764,1,0.04053884744644165,0.9594611525535583
5304,26.52,0.05166973,0.040612772,0.031328786,0.031053087,5304,26.52,26.528305053710938,1,0.03253260627388954,0.9674674272537231
5305,26.525,-0.019007288,-0.031973578,-0.043744124,-0.034642134,5304,26.52,26.528305053710938,1,0.03253260627388954,0.9674674272537231
5306,26.53,-0.06815416,-0.06952977,-0.07586855,-0.051118616,5304,26.52,26.528305053710938,1,0.03253260627388954,0.9674674272537231
5307,26.535,-0.0922167,-0.073092155,-0.06737495,-0.028285483,5304,26.52,26.528305053710938,1,0.03253260627388954,0.9674674272537231
5308,26.54,-0.09849193,-0.05775869,-0.03794812,0.0071985163,5308,26.54,26.540687561035156,1,0.03127515688538551,0.9687248468399048
5309,26.545,-0.10110392,-0.044922043,-0.014003349,0.026169384,5308,26.54,26.540687561035156,1,0.03127515688538551,0.9687248468399048
5310,26.55,-0.113610335,-0.05261705,-0.016155737,0.00915762,5308,26.54,26.540687561035156,1,0.03127515688538551,0.9687248468399048
5311,26.555,-0.14066294,-0.08697873,-0.050003175,-0.04710009,5308,26.54,26.540687561035156,1,0.03127515688538551,0.9687248468399048
5312,26.56,-0.17280328,-0.1378498,-0.10360081,-0.12848039,5312,26.56,26.572776794433594,1,0.07322382181882858,0.9267761707305908
5313,26.565,-0.18871862,-0.18157986,-0.15287486,-0.20717211,5312,26.56,26.572776794433594,1,0.07322382181882858,0.9267761707305908
5314,26.57,-0.1659172,-0.19165048,-0.17317733,-0.25090694,5312,26.56,26.572776794433594,1,0.07322382181882858,0.9267761707305908
5315,26.575,-0.09472625,-0.15263695,-0.15144698,-0.23632209,5312,26.56,26.572776794433594,1,0.07322382181882858,0.9267761707305908
5316,26.58,0.013409627,-0.06917639,-0.09195592,-0.16049246,5316,26.58,26.58466362953186,1,0.05053685978055,0.9494630694389343
5317,26.585,0.12962961,0.036186382,-0.012265113,-0.04323251,5316,26.58,26.58466362953186,1,0.05053685978055,0.9494630694389343
5318,26.59,0.2213939,0.1346364,0.06697326,0.08205258,5316,26.58,26.58466362953186,1,0.05053685978055,0.9494630694389343
5319,26.595,0.26721132,0.20385475,0.13054065,0.18322915,5316,26.58,26.58466362953186,1,0.05053685978055,0.9494630694389343
5320,26.6,0.26348293,0.23412952,0.17061257,0.24097069,5320,26.6,26.611358642578125,1,0.04996694624423981,0.9500331282615662
5321,26.605,0.2213817,0.22684002,0.18426101,0.25194693,5320,26.6,26.611358642578125,1,0.04996694624423981,0.9500331282615662
5322,26.61,0.15857352,0.19013005,0.17204404,0.2252177,5320,26.6,26.611358642578125,1,0.04996694624423981,0.9500331282615662
5323,26.615,0.09184038,0.13596298,0.13958052,0.17621899,5320,26.6,26.611358642578125,1,0.04996694624423981,0.9500331282615662
5324,26.62,0.032839235,0.07795812,0.09814264,0.120881945,5324,26.62,26.621768474578857,1,0.037726905196905136,0.962273120880127
5325,26.625,-0.014280195,0.027161507,0.059852473,0.07012612,5324,26.62,26.621768474578857,1,0.037726905196905136,0.962273120880127
5326,26.63,-0.05399225,-0.013744325,0.029262593,0.025592718,5324,26.62,26.621768474578857,1,0.037726905196905136,0.962273120880127
5327,26.635,-0.09700975,-0.052619323,-0.0010687873,-0.020540232,5324,26.62,26.621768474578857,1,0.037726905196905136,0.962273120880127
5328,26.64,-0.1525362,-0.101942435,-0.045245025,-0.0795426,5328,26.64,26.66147470474243,1,0.037485238164663315,0.9625147581100464
5329,26.645,-0.21844627,-0.16718447,-0.111680575,-0.15611766,5328,26.64,26.66147470474243,1,0.037485238164663315,0.9625147581100464
5330,26.65,-0.2772135,-0.23817314,-0.19306943,-0.24057159,5328,26.64,26.66147470474243,1,0.037485238164663315,0.9625147581100464
5331,26.655,-0.30275488,-0.29075524,-0.26614207,-0.3087342,5328,26.64,26.66147470474243,1,0.037485238164663315,0.9625147581100464
5332,26.66,-0.27449858,-0.29795727,-0.3009,-0.33042377,5332,26.66,26.668211698532104,1,0.09037674963474274,0.9096232056617737
5333,26.665,-0.18867444,-0.24313168,-0.27333507,-0.2826143,5332,26.66,26.668211698532104,1,0.09037674963474274,0.9096232056617737
5334,26.67,-0.059815075,-0.12807305,-0.17605601,-0.16183904,5332,26.66,26.668211698532104,1,0.09037674963474274,0.9096232056617737
5335,26.675,0.085780464,0.02584011,-0.024234325,0.009245289,5332,26.66,26.668211698532104,1,0.09037674963474274,0.9096232056617737
5336,26.68,0.21799101,0.18229412,0.14500792,0.18533964,5336,26.68,26.69448685646057,1,0.03683563321828842,0.9631643891334534
5337,26.685,0.30876005,0.29982504,0.2823469,0.31363335,5336,26.68,26.69448685646057,1,0.03683563321828842,0.9631643891334534
5338,26.69,0.3378369,0.3460069,0.34495774,0.35614863,5336,26.68,26.69448685646057,1,0.03683563321828842,0.9631643891334534
5339,26.695,0.30013445,0.31163034,0.3168538,0.308133,5336,26.68,26.69448685646057,1,0.03683563321828842,0.9631643891334534
5340,26.7,0.21108574,0.21666889,0.21840848,0.20054926,5340,26.7,26.7161705493927,1,0.09905451536178589,0.9009454846382141
5341,26.705,0.10339044,0.10194299,0.09660074,0.08328802,5340,26.7,26.7161705493927,1,0.09905451536178589,0.9009454846382141
5342,26.71,0.013171919,0.009071451,-0.00010458406,-0.0014559868,5340,26.7,26.7161705493927,1,0.09905451536178589,0.9009454846382141
5343,26.715,-0.03769512,-0.03997614,-0.04694782,-0.03916377,5340,26.7,26.7161705493927,1,0.09905451536178589,0.9009454846382141
5344,26.72,-0.051723324,-0.051121064,-0.05205517,-0.044417504,5344,26.72,26.72258496284485,1,0.02377989888191223,0.9762201309204102
5345,26.725,-0.051127944,-0.04928032,-0.04449585,-0.04461254,5344,26.72,26.72258496284485,1,0.02377989888191223,0.9762201309204102
5346,26.73,-0.061018653,-0.058766935,-0.050770085,-0.058451187,5344,26.72,26.72258496284485,1,0.02377989888191223,0.9762201309204102
5347,26.735,-0.09196371,-0.08671491,-0.07694765,-0.08441486,5344,26.72,26.72258496284485,1,0.02377989888191223,0.9762201309204102
5348,26.74,-0.13442452,-0.12111813,-0.10872173,-0.10652408,5348,26.74,26.740333795547485,1,0.06833852082490921,0.9316614270210266
5349,26.745,-0.16880491,-0.14396463,-0.12743336,-0.11142454,5348,26.74,26.740333795547485,1,0.06833852082490921,0.9316614270210266
5350,26.75,-0.1819329,-0.14750424,-0.12732877,-0.10168737,5348,26.74,26.740333795547485,1,0.06833852082490921,0.9316614270210266
5351,26.755,-0.17492664,-0.13879785,-0.118683584,-0.09317509,5348,26.74,26.740333795547485,1,0.06833852082490921,0.9316614270210266
5352,26.76,-0.15574865,-0.12865826,-0.11445825,-0.098458655,5352,26.76,26.761990785598755,1,0.04236922040581703,0.9576307535171509
5353,26.765,-0.12563747,-0.116714925,-0.11382087,-0.111787185,5352,26.76,26.761990785598755,1,0.04236922040581703,0.9576307535171509
5354,26.77,-0.075502805,-0.088824004,-0.09934653,-0.11070105,5352,26.76,26.761990785598755,1,0.04236922040581703,0.9576307535171509
5355,26.775,0.0023648804,-0.030709885,-0.051845483,-0.07407876,5352,26.76,26.761990785598755,1,0.04236922040581703,0.9576307535171509
5356,26.78,0.09943584,0.0552294,0.030419748,-0.00059272547,5356,26.78,26.79240131378174,1,0.04661285877227783,0.9533870816230774
5357,26.785,0.18980244,0.14670782,0.12598112,0.088879846,5356,26.78,26.79240131378174,1,0.04661285877227783,0.9533870816230774
5358,26.79,0.24567796,0.21518417,0.20314415,0.16590455,5356,26.78,26.79240131378174,1,0.04661285877227783,0.9533870816230774
5359,26.795,0.2550901,0.24336717,0.23979929,0.2117857,5356,26.78,26.79240131378174,1,0.04661285877227783,0.9533870816230774
5360,26.8,0.22559354,0.2314414,0.23326309,0.22302963,5360,26.8,26.81037449836731,1,0.11898461729288101,0.8810153603553772
5361,26.805,0.17294629,0.18971777,0.19453639,0.20434533,5360,26.8,26.81037449836731,1,0.11898461729288101,0.8810153603553772
5362,26.81,0.108374275,0.1284395,0.13615733,0.16050307,5360,26.8,26.81037449836731,1,0.11898461729288101,0.8810153603553772
5363,26.815,0.03670026,0.055154562,0.06621654,0.096129484,5360,26.8,26.81037449836731,1,0.11898461729288101,0.8810153603553772
5364,26.82,-0.03648221,-0.021209072,-0.008603198,0.020528711,5364,26.82,26.825517416000366,1,0.02919192425906658,0.9708080887794495
5365,26.825,-0.10022938,-0.08843288,-0.07862896,-0.052035667,5364,26.82,26.825517416000366,1,0.02919192425906658,0.9708080887794495
5366,26.83,-0.14302735,-0.1359908,-0.13289604,-0.1097498,5364,26.82,26.825517416000366,1,0.02919192425906658,0.9708080887794495
5367,26.835,-0.1614698,-0.16169426,-0.16539368,-0.15051182,5364,26.82,26.825517416000366,1,0.02919192425906658,0.9708080887794495
5368,26.84,-0.16266143,-0.17178057,-0.17824852,-0.17975485,5368,26.84,26.8450129032135,1,0.04298989474773407,0.9570100903511047
5369,26.845,-0.15745802,-0.17358714,-0.17791606,-0.2000401,5368,26.84,26.8450129032135,1,0.04298989474773407,0.9570100903511047
5370,26.85,-0.15124188,-0.1682414,-0.16839576,-0.20372872,5368,26.84,26.8450129032135,1,0.04298989474773407,0.9570100903511047
5371,26.855,-0.14025909,-0.15027665,-0.14808585,-0.17754795,5368,26.84,26.8450129032135,1,0.04298989474773407,0.9570100903511047
5372,26.86,-0.115229346,-0.11339137,-0.11228348,-0.11536925,5372,26.86,26.870436906814575,1,0.04434126615524292,0.9556587338447571
5373,26.865,-0.06830712,-0.05622286,-0.05805308,-0.026946714,5372,26.86,26.870436906814575,1,0.04434126615524292,0.9556587338447571
5374,26.87,0.000990895,0.016030336,0.012312212,0.06546712,5372,26.86,26.870436906814575,1,0.04434126615524292,0.9556587338447571
5375,26.875,0.08327883,0.093326084,0.09030825,0.13925539,5372,26.86,26.870436906814575,1,0.04434126615524292,0.9556587338447571
5376,26.88,0.16133143,0.16320458,0.1622968,0.18212801,5376,26.88,26.892874002456665,1,0.042705684900283813,0.9572942852973938
5377,26.885,0.21632409,0.21296017,0.2126441,0.19417156,5376,26.88,26.892874002456665,1,0.042705684900283813,0.9572942852973938
5378,26.89,0.23518811,0.23198996,0.22868085,0.18205863,5376,26.88,26.892874002456665,1,0.042705684900283813,0.9572942852973938
5379,26.895,0.2145799,0.214323,0.20557593,0.1517245,5376,26.88,26.892874002456665,1,0.042705684900283813,0.9572942852973938
5380,26.9,0.15985028,0.16078953,0.14846027,0.105586305,5380,26.9,26.910550594329834,1,0.06053684279322624,0.9394631385803223
5381,26.905,0.08197576,0.0804261,0.07075285,0.0457879,5380,26.9,26.910550594329834,1,0.06053684279322624,0.9394631385803223
5382,26.91,-0.004148653,-0.009790875,-0.01014611,-0.020493042,5380,26.9,26.910550594329834,1,0.06053684279322624,0.9394631385803223
5383,26.915,-0.08101284,-0.08878522,-0.077988535,-0.07989987,5380,26.9,26.910550594329834,1,0.06053684279322624,0.9394631385803223
5384,26.92,-0.13299733,-0.13935043,-0.122244515,-0.11867632,5384,26.92,26.927795886993408,1,0.025181913748383522,0.9748181104660034
5385,26.925,-0.15367617,-0.15630731,-0.14058022,-0.13112813,5384,26.92,26.927795886993408,1,0.025181913748383522,0.9748181104660034
5386,26.93,-0.14939173,-0.14802729,-0.13769376,-0.12276525,5384,26.92,26.927795886993408,1,0.025181913748383522,0.9748181104660034
5387,26.935,-0.1335375,-0.12862732,-0.12092553,-0.1045766,5384,26.92,26.927795886993408,1,0.025181913748383522,0.9748181104660034
5388,26.94,-0.11523908,-0.1069878,-0.09610982,-0.08390413,5388,26.94,26.94267225265503,1,0.058690354228019714,0.9413096308708191
5389,26.945,-0.09334278,-0.082679056,-0.06721325,-0.061073203,5388,26.94,26.94267225265503,1,0.058690354228019714,0.9413096308708191
5390,26.95,-0.061908413,-0.052018326,-0.03883616,-0.034358077,5388,26.94,26.94267225265503,1,0.058690354228019714,0.9413096308708191
5391,26.955,-0.020744698,-0.016429596,-0.016501548,-0.0061072796,5388,26.94,26.94267225265503,1,0.058690354228019714,0.9413096308708191
5392,26.96,0.02135253,0.017063929,-0.0020917878,0.018262487,5392,26.96,26.97058391571045,1,0.0415172204375267,0.9584828019142151
5393,26.965,0.054401297,0.043524183,0.010718673,0.03723367,5392,26.96,26.97058391571045,1,0.0415172204375267,0.9584828019142151
5394,26.97,0.076612696,0.065793954,0.03327446,0.056462687,5392,26.96,26.97058391571045,1,0.0415172204375267,0.9584828019142151
5395,26.975,0.094137676,0.09017023,0.07079498,0.08247479,5392,26.96,26.97058391571045,1,0.0415172204375267,0.9584828019142151
5396,26.98,0.11179215,0.11659038,0.11366683,0.112989716,5396,26.98,26.9944851398468,1,0.09055908024311066,0.9094408750534058
5397,26.985,0.12600106,0.13521005,0.14167386,0.13536264,5396,26.98,26.9944851398468,1,0.09055908024311066,0.9094408750534058
5398,26.99,0.12775029,0.13395403,0.13896734,0.13584659,5396,26.98,26.9944851398468,1,0.09055908024311066,0.9094408750534058
5399,26.995,0.11098683,0.10873098,0.10578177,0.10999565,5396,26.98,26.9944851398468,1,0.09055908024311066,0.9094408750534058
5400,27.0,0.07649131,0.065429226,0.0559742,0.06366331,5400,27.0,27.008835077285767,1,0.06216014549136162,0.9378398656845093
5401,27.005,0.028572416,0.013104387,0.004297176,0.005410696,5400,27.0,27.008835077285767,1,0.06216014549136162,0.9378398656845093
5402,27.01,-0.02871651,-0.04237533,-0.042893343,-0.059464168,5400,27.0,27.008835077285767,1,0.06216014549136162,0.9378398656845093
5403,27.015,-0.089935906,-0.09720694,-0.08545431,-0.12653607,5400,27.0,27.008835077285767,1,0.06216014549136162,0.9378398656845093
5404,27.02,-0.14421448,-0.14432031,-0.12113964,-0.18579635,5404,27.02,27.020416498184204,1,0.04263513162732124,0.9573648571968079
5405,27.025,-0.17643285,-0.17219494,-0.14207901,-0.2204299,5404,27.02,27.020416498184204,1,0.04263513162732124,0.9573648571968079
5406,27.03,-0.17538823,-0.17063503,-0.13985781,-0.2141171,5404,27.02,27.020416498184204,1,0.04263513162732124,0.9573648571968079
5407,27.035,-0.141804,-0.13792604,-0.11297425,-0.16117854,5404,27.02,27.020416498184204,1,0.04263513162732124,0.9573648571968079
5408,27.04,-0.08816114,-0.08254574,-0.06881769,-0.07166795,5408,27.04,27.04044818878174,1,0.0604681633412838,0.9395318031311035
5409,27.045,-0.030410629,-0.018659532,-0.01911912,0.0314948,5408,27.04,27.04044818878174,1,0.0604681633412838,0.9395318031311035
5410,27.05,0.020702537,0.040001407,0.025967475,0.12084919,5408,27.04,27.04044818878174,1,0.0604681633412838,0.9395318031311035
5411,27.055,0.06175707,0.08387207,0.060564235,0.17421475,5408,27.04,27.04044818878174,1,0.0604681633412838,0.9395318031311035
5412,27.06,0.09262392,0.10869759,0.082597196,0.18279108,5412,27.06,27.07035255432129,1,0.045349739491939545,0.9546502232551575
5413,27.065,0.112289324,0.11559756,0.092720546,0.15448897,5412,27.06,27.07035255432129,1,0.045349739491939545,0.9546502232551575
5414,27.07,0.11910813,0.11023582,0.09376638,0.10989177,5412,27.06,27.07035255432129,1,0.045349739491939545,0.9546502232551575
5415,27.075,0.11406389,0.10010102,0.08965389,0.07136079,5412,27.06,27.07035255432129,1,0.045349739491939545,0.9546502232551575
5416,27.08,0.10171895,0.09004161,0.08289549,0.050680906,5416,27.08,27.090764045715332,1,0.09237992763519287,0.9076201319694519
5417,27.085,0.08605112,0.078549944,0.07209735,0.04303474,5416,27.08,27.090764045715332,1,0.09237992763519287,0.9076201319694519
5418,27.09,0.06515796,0.058376364,0.052433103,0.031991836,5416,27.08,27.090764045715332,1,0.09237992763519287,0.9076201319694519
5419,27.095,0.032444037,0.023081647,0.020617673,0.0030423251,5416,27.08,27.090764045715332,1,0.09237992763519287,0.9076201319694519
5420,27.1,-0.013604485,-0.023929209,-0.018511595,-0.043395843,5420,27.1,27.101361513137817,1,0.0355764776468277,0.9644235372543335
5421,27.105,-0.060149252,-0.066205405,-0.050612476,-0.08981938,5420,27.1,27.101361513137817,1,0.0355764776468277,0.9644235372543335
5422,27.11,-0.08451074,-0.083640665,-0.060577307,-0.11407668,5420,27.1,27.101361513137817,1,0.0355764776468277,0.9644235372543335
5423,27.115,-0.07402766,-0.07051298,-0.047154494,-0.10829252,5420,27.1,27.101361513137817,1,0.0355764776468277,0.9644235372543335
5424,27.12,-0.043973137,-0.04630508,-0.030023836,-0.08795939,5424,27.12,27.12038516998291,1,0.1660989373922348,0.8339011073112488
5425,27.125,-0.031776495,-0.044681326,-0.03821617,-0.080147445,5424,27.12,27.12038516998291,1,0.1660989373922348,0.8339011073112488
5426,27.13,-0.06600618,-0.08467454,-0.08494245,-0.09797211,5424,27.12,27.12038516998291,1,0.1660989373922348,0.8339011073112488
5427,27.135,-0.13595526,-0.14825566,-0.14992543,-0.1239907,5424,27.12,27.12038516998291,1,0.1660989373922348,0.8339011073112488
5428,27.14,-0.19229734,-0.18746988,-0.18799439,-0.120563075,5428,27.14,27.144724369049072,1,0.08353985846042633,0.9164601564407349
5429,27.145,-0.18256097,-0.15914138,-0.1606736,-0.061277978,5428,27.14,27.144724369049072,1,0.08353985846042633,0.9164601564407349
5430,27.15,-0.0923733,-0.059134945,-0.065916926,0.043405052,5428,27.14,27.144724369049072,1,0.08353985846042633,0.9164601564407349
5431,27.155,0.04240453,0.07249982,0.058473747,0.1494624,5428,27.14,27.144724369049072,1,0.08353985846042633,0.9164601564407349
5432,27.16,0.16116132,0.17874299,0.15992258,0.20915665,5432,27.16,27.170352458953857,1,0.043014731258153915,0.9569852352142334
5433,27.165,0.21850549,0.22186379,0.20388392,0.20239282,5432,27.16,27.170352458953857,1,0.043014731258153915,0.9569852352142334
5434,27.17,0.20768036,0.20146824,0.19010496,0.1455513,5432,27.16,27.170352458953857,1,0.043014731258153915,0.9569852352142334
5435,27.175,0.15484942,0.14556089,0.1441985,0.074803434,5432,27.16,27.170352458953857,1,0.043014731258153915,0.9569852352142334
5436,27.18,0.095375136,0.087054275,0.09560744,0.02069604,5436,27.18,27.190648078918457,1,0.06230885908007622,0.9376910924911499
5437,27.185,0.052105367,0.04476868,0.059854228,-0.0067782276,5436,27.18,27.190648078918457,1,0.06230885908007622,0.9376910924911499
5438,27.19,0.027931063,0.01919558,0.035345968,-0.01596464,5436,27.18,27.190648078918457,1,0.06230885908007622,0.9376910924911499
5439,27.195,0.012062338,0.0004422065,0.012293456,-0.021166176,5436,27.18,27.190648078918457,1,0.06230885908007622,0.9376910924911499
5440,27.2,-0.008062645,-0.020865649,-0.016144892,-0.031432915,5440,27.2,27.21169662475586,1,0.029487119987607002,0.9705129265785217
5441,27.205,-0.037580084,-0.047328543,-0.048872557,-0.047071725,5440,27.2,27.21169662475586,1,0.029487119987607002,0.9705129265785217
5442,27.21,-0.07208887,-0.07507197,-0.07941935,-0.06302851,5440,27.2,27.21169662475586,1,0.029487119987607002,0.9705129265785217
5443,27.215,-0.101959765,-0.097730145,-0.101442955,-0.07405654,5440,27.2,27.21169662475586,1,0.029487119987607002,0.9705129265785217
5444,27.22,-0.11868356,-0.11004088,-0.11181184,-0.07728316,5444,27.22,27.220465421676636,1,0.09415419399738312,0.9058458209037781
5445,27.225,-0.11854376,-0.10905072,-0.109845065,-0.0715892,5444,27.22,27.220465421676636,1,0.09415419399738312,0.9058458209037781
5446,27.23,-0.10213722,-0.09383015,-0.095416225,-0.056440398,5444,27.22,27.220465421676636,1,0.09415419399738312,0.9058458209037781
5447,27.235,-0.072137676,-0.06560767,-0.069003865,-0.032613587,5444,27.22,27.220465421676636,1,0.09415419399738312,0.9058458209037781
5448,27.24,-0.032523166,-0.028742332,-0.033697568,-0.0042079603,5448,27.24,27.245354652404785,1,0.04930446296930313,0.9506954550743103
5449,27.245,0.010229361,0.00898734,0.0035623824,0.021013375,5448,27.24,27.245354652404785,1,0.04930446296930313,0.9506954550743103
5450,27.25,0.04653773,0.038331017,0.033737693,0.034772165,5448,27.24,27.245354652404785,1,0.04930446296930313,0.9506954550743103
5451,27.255,0.06631106,0.052376207,0.049809303,0.033232093,5448,27.24,27.245354652404785,1,0.04930446296930313,0.9506954550743103
5452,27.26,0.06435596,0.05004299,0.050481305,0.01992097,5452,27.26,27.276983737945557,1,0.05440866947174072,0.9455912709236145
5453,27.265,0.045004833,0.037079137,0.04101063,0.0041768337,5452,27.26,27.276983737945557,1,0.05440866947174072,0.9455912709236145
5454,27.27,0.021851502,0.023819644,0.030681023,-0.0038142996,5452,27.26,27.276983737945557,1,0.05440866947174072,0.9455912709236145
5455,27.275,0.01120457,0.02051411,0.028285718,0.001966619,5452,27.26,27.276983737945557,1,0.05440866947174072,0.9455912709236145
5456,27.28,0.022182181,0.03199879,0.037726942,0.020965334,5456,27.28,27.29073214530945,1,0.0889916643500328,0.9110082983970642
5457,27.285,0.049568225,0.05410628,0.055619016,0.046541322,5456,27.28,27.29073214530945,1,0.0889916643500328,0.9110082983970642
5458,27.29,0.07511751,0.074284606,0.07207783,0.06821098,5456,27.28,27.29073214530945,1,0.0889916643500328,0.9110082983970642
5459,27.295,0.078115106,0.0774555,0.07488561,0.07500818,5456,27.28,27.29073214530945,1,0.0889916643500328,0.9110082983970642
5460,27.3,0.04915356,0.054907423,0.055830006,0.060042456,5460,27.3,27.310668230056763,1,0.14424046874046326,0.8557595014572144
5461,27.305,-0.002458595,0.010936691,0.0163691,0.025208151,5460,27.3,27.310668230056763,1,0.14424046874046326,0.8557595014572144
5462,27.31,-0.053630672,-0.037901536,-0.031102108,-0.017266363,5460,27.3,27.310668230056763,1,0.14424046874046326,0.8557595014572144
5463,27.315,-0.08185533,-0.07163794,-0.06860087,-0.049715567,5460,27.3,27.310668230056763,1,0.14424046874046326,0.8557595014572144
5464,27.32,-0.07892241,-0.07860557,-0.08252394,-0.059300184,5464,27.32,27.334821939468384,1,0.08247234672307968,0.9175276756286621
5465,27.325,-0.054426305,-0.06209659,-0.07193982,-0.04685178,5464,27.32,27.334821939468384,1,0.08247234672307968,0.9175276756286621
5466,27.33,-0.027281972,-0.037157092,-0.04876367,-0.026592651,5464,27.32,27.334821939468384,1,0.08247234672307968,0.9175276756286621
5467,27.335,-0.0121883415,-0.019758217,-0.028945895,-0.01555232,5464,27.32,27.334821939468384,1,0.08247234672307968,0.9175276756286621
5468,27.34,-0.011036397,-0.016281644,-0.021182915,-0.020566069,5468,27.34,27.350487232208252,1,0.07429122924804688,0.9257087707519531
5469,27.345,-0.0147289485,-0.020962456,-0.022090394,-0.033665963,5468,27.34,27.350487232208252,1,0.07429122924804688,0.9257087707519531
5470,27.35,-0.012584154,-0.022526229,-0.021326557,-0.03977177,5468,27.34,27.350487232208252,1,0.07429122924804688,0.9257087707519531
5471,27.355,-0.0010496936,-0.0139066735,-0.011470335,-0.029738164,5468,27.34,27.350487232208252,1,0.07429122924804688,0.9257087707519531
5472,27.36,0.014869916,0.002976536,0.0062260684,-0.0072848247,5472,27.36,27.37042260169983,1,0.08658434450626373,0.9134156107902527
5473,27.365,0.027108412,0.020273548,0.024342,0.015482135,5472,27.36,27.37042260169983,1,0.08658434450626373,0.9134156107902527
5474,27.37,0.030928543,0.03096044,0.03612972,0.02856274,5472,27.36,27.37042260169983,1,0.08658434450626373,0.9134156107902527
5475,27.375,0.026896434,0.033010166,0.039684806,0.030563276,5472,27.36,27.37042260169983,1,0.08658434450626373,0.9134156107902527
5476,27.38,0.018575177,0.028699674,0.03676015,0.02661854,5476,27.38,27.391088485717773,1,0.18256855010986328,0.8174314498901367
5477,27.385,0.009873813,0.021746645,0.029577622,0.022043431,5476,27.38,27.391088485717773,1,0.18256855010986328,0.8174314498901367
5478,27.39,0.004403145,0.01560458,0.019914435,0.01887833,5476,27.38,27.391088485717773,1,0.18256855010986328,0.8174314498901367
5479,27.395,0.0052319122,0.0130754,0.010440365,0.017334912,5476,27.38,27.391088485717773,1,0.18256855010986328,0.8174314498901367
5480,27.4,0.012753555,0.015302794,0.004824467,0.01802191,5480,27.4,27.41202735900879,1,0.1528710126876831,0.8471289277076721
5481,27.405,0.02199989,0.0199029,0.004916886,0.020977573,5480,27.4,27.41202735900879,1,0.1528710126876831,0.8471289277076721
5482,27.41,0.02365633,0.020782223,0.007819762,0.022972347,5480,27.4,27.41202735900879,1,0.1528710126876831,0.8471289277076721
5483,27.415,0.010444725,0.011723561,0.006937272,0.017881434,5480,27.4,27.41202735900879,1,0.1528710126876831,0.8471289277076721
5484,27.42,-0.015642626,-0.008161155,-0.0027866648,0.0017148955,5484,27.42,27.42684030532837,1,0.25181084871292114,0.7481890916824341
5485,27.425,-0.042423084,-0.032004725,-0.019934678,-0.022072569,5484,27.42,27.42684030532837,1,0.25181084871292114,0.7481890916824341
5486,27.43,-0.05519726,-0.04876517,-0.036685225,-0.042890903,5484,27.42,27.42684030532837,1,0.25181084871292114,0.7481890916824341
5487,27.435,-0.04724971,-0.050460007,-0.044070423,-0.049874786,5484,27.42,27.42684030532837,1,0.25181084871292114,0.7481890916824341
5488,27.44,-0.02444537,-0.037317958,-0.038080383,-0.039917316,5488,27.44,27.4407057762146,1,0.3183880150318146,0.681611955165863
5489,27.445,-0.00034108636,-0.01697515,-0.021941407,-0.020143608,5488,27.44,27.4407057762146,1,0.3183880150318146,0.681611955165863
5490,27.45,0.013700477,0.0011245759,-0.003424032,-0.0027211218,5488,27.44,27.4407057762146,1,0.3183880150318146,0.681611955165863
5491,27.455,0.0153876385,0.011488039,0.01019787,0.0038705713,5488,27.44,27.4407057762146,1,0.3183880150318146,0.681611955165863
5492,27.46,0.010724873,0.01446581,0.015826868,0.00032206907,5492,27.46,27.477503538131714,1,0.1954018473625183,0.8045982122421265
5493,27.465,0.007371589,0.013717385,0.014826953,-0.0053315745,5492,27.46,27.477503538131714,1,0.1954018473625183,0.8045982122421265
5494,27.47,0.008074532,0.012029523,0.010542104,-0.0050406936,5492,27.46,27.477503538131714,1,0.1954018473625183,0.8045982122421265
5495,27.475,0.009413197,0.009232249,0.005483991,0.0026838942,5492,27.46,27.477503538131714,1,0.1954018473625183,0.8045982122421265
5496,27.48,0.0065428168,0.0039734133,0.0005403408,0.012535245,5496,27.48,27.490458011627197,0,0.5270905494689941,0.47290948033332825
5497,27.485,-0.00042710814,-0.0024665876,-0.0033834637,0.018485751,5496,27.48,27.490458011627197,0,0.5270905494689941,0.47290948033332825
5498,27.49,-0.004488268,-0.0044766357,-0.003347429,0.020264084,5496,27.48,27.490458011627197,0,0.5270905494689941,0.47290948033332825
5499,27.495,0.003138936,0.0046484517,0.005099864,0.023713816,5496,27.48,27.490458011627197,0,0.5270905494689941,0.47290948033332825
5500,27.5,0.024486095,0.026245423,0.0239992,0.034244575,5500,27.5,27.504568099975586,0,0.5599896907806396,0.44001030921936035
5501,27.505,0.050435547,0.05217903,0.04850987,0.04953214,5500,27.5,27.504568099975586,0,0.5599896907806396,0.44001030921936035
5502,27.51,0.06526473,0.06783794,0.06664123,0.05895433,5500,27.5,27.504568099975586,0,0.5599896907806396,0.44001030921936035
5503,27.515,0.05739169,0.0612783,0.065361135,0.05122427,5500,27.5,27.504568099975586,0,0.5599896907806396,0.44001030921936035
5504,27.52,0.027702427,0.031717602,0.03953918,0.023799349,5504,27.52,27.522464990615845,0,0.8139234781265259,0.18607650697231293
5505,27.525,-0.01157862,-0.009752746,-0.003475841,-0.01442561,5504,27.52,27.522464990615845,0,0.8139234781265259,0.18607650697231293
5506,27.53,-0.046303637,-0.048048448,-0.048046812,-0.049600497,5504,27.52,27.522464990615845,0,0.8139234781265259,0.18607650697231293
5507,27.535,-0.06951349,-0.073758736,-0.080029935,-0.07257087,5504,27.52,27.522464990615845,0,0.8139234781265259,0.18607650697231293
5508,27.54,-0.08237821,-0.08632106,-0.093906306,-0.08305599,5508,27.54,27.55285382270813,0,0.853504478931427,0.1464955359697342
5509,27.545,-0.087552495,-0.08903431,-0.09199087,-0.08545273,5508,27.54,27.55285382270813,0,0.853504478931427,0.1464955359697342
5510,27.55,-0.08315401,-0.0823933,-0.078469925,-0.08157255,5508,27.54,27.55285382270813,0,0.853504478931427,0.1464955359697342
5511,27.555,-0.0642894,-0.06330413,-0.05540797,-0.06804016,5508,27.54,27.55285382270813,0,0.853504478931427,0.1464955359697342
5512,27.56,-0.030307727,-0.030670015,-0.024205614,-0.040717345,5512,27.56,27.570565462112427,0,0.871245801448822,0.12875419855117798
5513,27.565,0.010564498,0.009391207,0.010797379,-0.0013362595,5512,27.56,27.570565462112427,0,0.871245801448822,0.12875419855117798
5514,27.57,0.04479831,0.04493948,0.041879714,0.040343538,5512,27.56,27.570565462112427,0,0.871245801448822,0.12875419855117798
5515,27.575,0.06236839,0.06540453,0.061749965,0.071122214,5512,27.56,27.570565462112427,0,0.871245801448822,0.12875419855117798
5516,27.58,0.06292562,0.06823938,0.06798511,0.08221894,5516,27.58,27.591708660125732,0,0.8596908450126648,0.1403091847896576
5517,27.585,0.0547198,0.05985237,0.06423628,0.07471513,5516,27.58,27.591708660125732,0,0.8596908450126648,0.1403091847896576
5518,27.59,0.048303716,0.050818004,0.05754796,0.058825847,5516,27.58,27.591708660125732,0,0.8596908450126648,0.1403091847896576
5519,27.595,0.050064504,0.049014132,0.05377412,0.047146533,5516,27.58,27.591708660125732,0,0.8596908450126648,0.1403091847896576
5520,27.6,0.05881745,0.054590438,0.053629547,0.04583656,5520,27.6,27.602822065353394,0,0.8691986203193665,0.13080142438411713
5521,27.605,0.06613127,0.059365842,0.051577553,0.04973971,5520,27.6,27.602822065353394,0,0.8691986203193665,0.13080142438411713
5522,27.61,0.06031244,0.051524077,0.038945954,0.04575107,5520,27.6,27.602822065353394,0,0.8691986203193665,0.13080142438411713
5523,27.615,0.033306558,0.023720276,0.010391912,0.023015093,5520,27.6,27.602822065353394,0,0.8691986203193665,0.13080142438411713
5524,27.62,-0.012635407,-0.020360278,-0.030336348,-0.017449038,5524,27.62,27.620561838150024,0,0.8681612610816956,0.13183875381946564
5525,27.625,-0.063571,-0.06622039,-0.0703109,-0.06164337,5524,27.62,27.620561838150024,0,0.8681612610816956,0.13183875381946564
5526,27.63,-0.10043358,-0.09643319,-0.09437607,-0.091458805,5524,27.62,27.620561838150024,0,0.8681612610816956,0.13183875381946564
5527,27.635,-0.110097475,-0.10102295,-0.09462542,-0.09669429,5524,27.62,27.620561838150024,0,0.8681612610816956,0.13183875381946564
5528,27.64,-0.09306935,-0.082845755,-0.075099364,-0.08081084,5528,27.64,27.644824981689453,0,0.886381208896637,0.11361879855394363
5529,27.645,-0.06196713,-0.054242857,-0.047877237,-0.056401003,5528,27.64,27.644824981689453,0,0.886381208896637,0.11361879855394363
5530,27.65,-0.032123175,-0.027969446,-0.023870697,-0.03483795,5528,27.64,27.644824981689453,0,0.886381208896637,0.11361879855394363
5531,27.655,-0.01172735,-0.009475017,-0.0060749194,-0.018823372,5528,27.64,27.644824981689453,0,0.886381208896637,0.11361879855394363
5532,27.66,0.0012429648,0.004055791,0.009405392,-0.00335821,5532,27.66,27.67082118988037,0,0.8803494572639465,0.11965049058198929
5533,27.665,0.01397594,0.018201804,0.026453367,0.01679263,5532,27.66,27.67082118988037,0,0.8803494572639465,0.11965049058198929
5534,27.67,0.030789735,0.0346843,0.043313187,0.04033306,5532,27.66,27.67082118988037,0,0.8803494572639465,0.11965049058198929
5535,27.675,0.049011655,0.04937693,0.053686205,0.059389357,5532,27.66,27.67082118988037,0,0.8803494572639465,0.11965049058198929
5536,27.68,0.06164335,0.056247972,0.053069666,0.06591012,5536,27.68,27.692794799804688,0,0.8898303508758545,0.11016958206892014
5537,27.685,0.063568145,0.053099416,0.043630388,0.058462303,5536,27.68,27.692794799804688,0,0.8898303508758545,0.11016958206892014
5538,27.69,0.05533026,0.043491844,0.032572694,0.043256823,5536,27.68,27.692794799804688,0,0.8898303508758545,0.11016958206892014
5539,27.695,0.04149863,0.03315809,0.025655434,0.02874559,5536,27.68,27.692794799804688,0,0.8898303508758545,0.11016958206892014
5540,27.7,0.026127048,0.0246684,0.022292307,0.01897503,5540,27.7,27.7104070186615,0,0.8745684027671814,0.12543165683746338
5541,27.705,0.0102136545,0.015647834,0.016813338,0.01156615,5540,27.7,27.7104070186615,0,0.8745684027671814,0.12543165683746338
5542,27.71,-0.0068303267,0.0020525046,0.004256547,0.0014153623,5540,27.7,27.7104070186615,0,0.8745684027671814,0.12543165683746338
5543,27.715,-0.024289576,-0.017011851,-0.014997557,-0.014008957,5540,27.7,27.7104070186615,0,0.8745684027671814,0.12543165683746338
5544,27.72,-0.039501168,-0.037580892,-0.035593443,-0.032552857,5544,27.72,27.726887941360474,0,0.879305899143219,0.1206941306591034
5545,27.725,-0.04981057,-0.0533798,-0.051225927,-0.049338445,5544,27.72,27.726887941360474,0,0.879305899143219,0.1206941306591034
5546,27.73,-0.054107476,-0.059673794,-0.05803828,-0.059822015,5544,27.72,27.726887941360474,0,0.879305899143219,0.1206941306591034
5547,27.735,-0.05179787,-0.05500083,-0.054982934,-0.061045423,5544,27.72,27.726887941360474,0,0.879305899143219,0.1206941306591034
5548,27.74,-0.04110058,-0.040464453,-0.042612463,-0.051375765,5548,27.74,27.741619348526,0,0.8891217708587646,0.11087825894355774
5549,27.745,-0.020296894,-0.018878914,-0.022971934,-0.031016627,5548,27.74,27.741619348526,0,0.8891217708587646,0.11087825894355774
5550,27.75,0.008033407,0.0049595074,-0.000647234,-0.0037714152,5548,27.74,27.741619348526,0,0.8891217708587646,0.11087825894355774
5551,27.755,0.03474413,0.024520686,0.01770948,0.02256103,5548,27.74,27.741619348526,0,0.8891217708587646,0.11087825894355774
5552,27.76,0.048345447,0.03428107,0.02689184,0.039568126,5552,27.76,27.77648138999939,0,0.8881650567054749,0.11183492094278336
5553,27.765,0.04350292,0.033560537,0.027117921,0.043651927,5552,27.76,27.77648138999939,0,0.8881650567054749,0.11183492094278336
5554,27.77,0.02588472,0.027365603,0.024112465,0.038507026,5552,27.76,27.77648138999939,0,0.8881650567054749,0.11183492094278336
5555,27.775,0.007988388,0.022412553,0.024357345,0.03175471,5552,27.76,27.77648138999939,0,0.8881650567054749,0.11183492094278336
5556,27.78,-0.0005873724,0.021727389,0.029701017,0.02857402,5556,27.78,27.792858600616455,0,0.8846006989479065,0.1153993159532547
5557,27.785,0.0005985279,0.023077244,0.03635851,0.028224954,5556,27.78,27.792858600616455,0,0.8846006989479065,0.1153993159532547
5558,27.79,0.005213026,0.022392754,0.038792465,0.026282797,5556,27.78,27.792858600616455,0,0.8846006989479065,0.1153993159532547
5559,27.795,0.007441613,0.01798168,0.03418054,0.019604292,5556,27.78,27.792858600616455,0,0.8846006989479065,0.1153993159532547
5560,27.8,0.006227094,0.010948343,0.02329246,0.00875751,5560,27.8,27.8077392578125,0,0.883100152015686,0.11689985543489456
5561,27.805,0.0030485264,0.002066857,0.007969649,-0.003992648,5560,27.8,27.8077392578125,0,0.883100152015686,0.11689985543489456
5562,27.81,-0.0024853821,-0.010338825,-0.011064841,-0.017959597,5560,27.8,27.8077392578125,0,0.883100152015686,0.11689985543489456
5563,27.815,-0.012837122,-0.028076924,-0.03321149,-0.034090318,5560,27.8,27.8077392578125,0,0.883100152015686,0.11689985543489456
5564,27.82,-0.02773458,-0.048241623,-0.054940138,-0.05123669,5564,27.82,27.82116675376892,0,0.8872061967849731,0.11279380321502686
5565,27.825,-0.04035289,-0.061557658,-0.068664595,-0.063083306,5564,27.82,27.82116675376892,0,0.8872061967849731,0.11279380321502686
5566,27.83,-0.040522635,-0.05754277,-0.066318944,-0.0606412,5564,27.82,27.82116675376892,0,0.8872061967849731,0.11279380321502686
5567,27.835,-0.023643525,-0.03350453,-0.045909658,-0.03985366,5564,27.82,27.82116675376892,0,0.8872061967849731,0.11279380321502686
5568,27.84,0.0030990255,0.0005744508,-0.015456148,-0.0076475544,5568,27.84,27.84082341194153,0,0.889652669429779,0.11034728586673737
5569,27.845,0.024424678,0.027120316,0.010497047,0.020528883,5568,27.84,27.84082341194153,0,0.889652669429779,0.11034728586673737
5570,27.85,0.028690454,0.03352939,0.020777687,0.03152552,5568,27.84,27.84082341194153,0,0.889652669429779,0.11034728586673737
5571,27.855,0.017586349,0.02221573,0.016436463,0.02511979,5568,27.84,27.84082341194153,0,0.889652669429779,0.11034728586673737
5572,27.86,0.004685522,0.008888584,0.0103198,0.014585977,5572,27.86,27.870809316635132,0,0.8904830813407898,0.10951689630746841
5573,27.865,0.003479291,0.009312959,0.01619417,0.015433586,5572,27.86,27.870809316635132,0,0.8904830813407898,0.10951689630746841
5574,27.87,0.015271619,0.02534362,0.03591154,0.03143621,5572,27.86,27.870809316635132,0,0.8904830813407898,0.10951689630746841
5575,27.875,0.028003315,0.042795863,0.05629731,0.050570335,5572,27.86,27.870809316635132,0,0.8904830813407898,0.10951689630746841
5576,27.88,0.02749968,0.043894302,0.059754778,0.055287253,5576,27.88,27.895583868026733,0,0.8892208337783813,0.11077920347452164
5577,27.885,0.010981519,0.023586065,0.039888937,0.03828681,5576,27.88,27.895583868026733,0,0.8892208337783813,0.11077920347452164
5578,27.89,-0.01000743,-0.0053797397,0.007827429,0.009202405,5576,27.88,27.895583868026733,0,0.8892208337783813,0.11077920347452164
5579,27.895,-0.020300806,-0.023709174,-0.01707592,-0.014206214,5576,27.88,27.895583868026733,0,0.8892208337783813,0.11077920347452164
5580,27.9,-0.015064759,-0.022666652,-0.023682134,-0.021881936,5580,27.9,27.91062092781067,0,0.8732162714004517,0.12678377330303192
5581,27.905,-0.0033010396,-0.010789744,-0.017253095,-0.019110799,5580,27.9,27.91062092781067,0,0.8732162714004517,0.12678377330303192
5582,27.91,0.0020504557,-0.004309198,-0.012268139,-0.019228652,5580,27.9,27.91062092781067,0,0.8732162714004517,0.12678377330303192
5583,27.915,-0.0033502064,-0.011400032,-0.017875044,-0.02956729,5580,27.9,27.91062092781067,0,0.8732162714004517,0.12678377330303192
5584,27.92,-0.012842887,-0.025733152,-0.030391712,-0.04476714,5584,27.92,27.92640781402588,0,0.8885814547538757,0.11141854524612427
5585,27.925,-0.017824596,-0.034509785,-0.038973257,-0.053082343,5584,27.92,27.92640781402588,0,0.8885814547538757,0.11141854524612427
5586,27.93,-0.017495481,-0.031573214,-0.037085306,-0.04807091,5584,27.92,27.92640781402588,0,0.8885814547538757,0.11141854524612427
5587,27.935,-0.018619804,-0.022186166,-0.027802154,-0.033731252,5584,27.92,27.92640781402588,0,0.8885814547538757,0.11141854524612427
5588,27.94,-0.026013328,-0.015674533,-0.018747682,-0.018996535,5588,27.94,27.942540645599365,0,0.8901488780975342,0.10985114425420761
5589,27.945,-0.034594964,-0.014647834,-0.013371555,-0.008411229,5588,27.94,27.942540645599365,0,0.8901488780975342,0.10985114425420761
5590,27.95,-0.032244645,-0.012274821,-0.007980693,0.0012574999,5588,27.94,27.942540645599365,0,0.8901488780975342,0.10985114425420761
5591,27.955,-0.011343416,-6.9868474e-05,0.0031309077,0.015788846,5588,27.94,27.942540645599365,0,0.8901488780975342,0.10985114425420761
5592,27.96,0.022452137,0.022348981,0.020678906,0.036001477,5592,27.96,27.976471424102783,0,0.8910170197486877,0.10898303985595703
5593,27.965,0.053284455,0.045721877,0.03898206,0.055992678,5592,27.96,27.976471424102783,0,0.8910170197486877,0.10898303985595703
5594,27.97,0.0673903,0.059093017,0.05110252,0.06837452,5592,27.96,27.976471424102783,0,0.8910170197486877,0.10898303985595703
5595,27.975,0.063031375,0.058847256,0.05471189,0.07036856,5592,27.96,27.976471424102783,0,0.8910170197486877,0.10898303985595703
5596,27.98,0.04939138,0.05012577,0.052784465,0.06452717,5596,27.98,27.99263072013855,0,0.887822687625885,0.1121772974729538
5597,27.985,0.036887735,0.040351715,0.049074378,0.054353047,5596,27.98,27.99263072013855,0,0.887822687625885,0.1121772974729538
5598,27.99,0.028695477,0.03207754,0.043422595,0.040323067,5596,27.98,27.99263072013855,0,0.887822687625885,0.1121772974729538
5599,27.995,0.020238033,0.021628942,0.031459376,0.020360991,5596,27.98,27.99263072013855,0,0.887822687625885,0.1121772974729538
5600,28.0,0.0050734794,0.003611973,0.008790412,-0.0065440345,5600,28.0,28.007518768310547,0,0.8817023634910583,0.11829763650894165
5601,28.005,-0.0189026,-0.023340862,-0.023954391,-0.037668213,5600,28.0,28.007518768310547,0,0.8817023634910583,0.11829763650894165
5602,28.01,-0.047224812,-0.053980056,-0.05922716,-0.06708002,5600,28.0,28.007518768310547,0,0.8817023634910583,0.11829763650894165
5603,28.015,-0.07114606,-0.078595124,-0.085625656,-0.0884466,5600,28.0,28.007518768310547,0,0.8817023634910583,0.11829763650894165
5604,28.02,-0.0827793,-0.088682294,-0.09440551,-0.09794488,5604,28.02,28.02054476737976,0,0.8863851428031921,0.11361490190029144
5605,28.025,-0.08007687,-0.0824449,-0.08498043,-0.0955372,5604,28.02,28.02054476737976,0,0.8863851428031921,0.11361490190029144
5606,28.03,-0.06776781,-0.06553706,-0.06467542,-0.08374734,5604,28.02,28.02054476737976,0,0.8863851428031921,0.11361490190029144
5607,28.035,-0.052445546,-0.04555764,-0.04217253,-0.06460368,5604,28.02,28.02054476737976,0,0.8863851428031921,0.11361490190029144
5608,28.04,-0.03556447,-0.024952708,-0.020253908,-0.03749942,5608,28.04,28.040619134902954,0,0.8863375782966614,0.11366243660449982
5609,28.045,-0.01180585,0.0001595792,0.0048118043,-0.00093638303,5608,28.04,28.040619134902954,0,0.8863375782966614,0.11366243660449982
5610,28.05,0.023858879,0.033068117,0.03605057,0.04245978,5608,28.04,28.040619134902954,0,0.8863375782966614,0.11366243660449982
5611,28.055,0.06660302,0.068438396,0.068227515,0.08282414,5608,28.04,28.040619134902954,0,0.8863375782966614,0.11366243660449982
5612,28.06,0.10040095,0.092701375,0.088853315,0.10676901,5612,28.06,28.077731132507324,0,0.8891748189926147,0.11082519590854645
5613,28.065,0.108572476,0.09416946,0.08803755,0.106437445,5612,28.06,28.077731132507324,0,0.8891748189926147,0.11082519590854645
5614,28.07,0.08752194,0.073521055,0.067726895,0.086062394,5612,28.06,28.077731132507324,0,0.8891748189926147,0.11082519590854645
5615,28.075,0.05059623,0.044091057,0.040907037,0.059369385,5612,28.06,28.077731132507324,0,0.8891748189926147,0.11082519590854645
5616,28.08,0.017910868,0.021304056,0.02129296,0.039381534,5616,28.08,28.090842247009277,0,0.8595001697540283,0.14049986004829407
5617,28.085,0.0012386554,0.011020852,0.0130671915,0.02917329,5616,28.08,28.090842247009277,0,0.8595001697540283,0.14049986004829407
5618,28.09,-0.002819679,0.0069281277,0.009315345,0.021038387,5616,28.08,28.090842247009277,0,0.8595001697540283,0.14049986004829407
5619,28.095,-0.006604513,-0.0019222524,-0.00071993185,0.0040987525,5616,28.08,28.090842247009277,0,0.8595001697540283,0.14049986004829407
5620,28.1,-0.019124143,-0.020970065,-0.02233681,-0.026091056,5620,28.1,28.102782726287842,0,0.8705242276191711,0.12947583198547363
5621,28.105,-0.03877787,-0.0457267,-0.050830796,-0.06301011,5620,28.1,28.102782726287842,0,0.8705242276191711,0.12947583198547363
5622,28.11,-0.0561542,-0.065515324,-0.07407355,-0.09253621,5620,28.1,28.102782726287842,0,0.8705242276191711,0.12947583198547363
5623,28.115,-0.06288924,-0.07145107,-0.08012209,-0.1017425,5620,28.1,28.102782726287842,0,0.8705242276191711,0.12947583198547363
5624,28.12,-0.058306277,-0.062418584,-0.065118946,-0.08725898,5624,28.12,28.127793312072754,0,0.888191282749176,0.11180873960256577
5625,28.125,-0.04858994,-0.04497287,-0.03626093,-0.057405822,5624,28.12,28.127793312072754,0,0.888191282749176,0.11180873960256577
5626,28.13,-0.040033508,-0.027675668,-0.0072120386,-0.026282806,5624,28.12,28.127793312072754,0,0.888191282749176,0.11180873960256577
5627,28.135,-0.03270186,-0.014418704,0.01130518,-0.003946954,5624,28.12,28.127793312072754,0,0.888191282749176,0.11180873960256577
5628,28.14,-0.02016534,-0.002060441,0.01861902,0.009747929,5628,28.14,28.14283061027527,0,0.8845020532608032,0.11549796164035797
5629,28.145,0.004272003,0.01561216,0.022974035,0.02271747,5628,28.14,28.14283061027527,0,0.8845020532608032,0.11549796164035797
5630,28.15,0.039898325,0.04075178,0.033005953,0.041852213,5628,28.14,28.14283061027527,0,0.8845020532608032,0.11549796164035797
5631,28.155,0.07596098,0.067198955,0.049226914,0.06553125,5628,28.14,28.14283061027527,0,0.8845020532608032,0.11549796164035797
5632,28.16,0.096843384,0.083069384,0.062845275,0.08372035,5632,28.16,28.16053318977356,0,0.8905742168426514,0.10942580550909042
5633,28.165,0.0917262,0.078468494,0.06248787,0.0850819,5632,28.16,28.16053318977356,0,0.8905742168426514,0.10942580550909042
5634,28.17,0.06166568,0.052229736,0.042613912,0.06479869,5632,28.16,28.16053318977356,0,0.8905742168426514,0.10942580550909042
5635,28.175,0.01881932,0.012550249,0.0070169894,0.027290778,5632,28.16,28.16053318977356,0,0.8905742168426514,0.10942580550909042
5636,28.18,-0.021307683,-0.028157076,-0.03376489,-0.016729096,5636,28.18,28.195308685302734,0,0.8640358448028564,0.13596415519714355
5637,28.185,-0.04835094,-0.059321944,-0.06743263,-0.05518554,5636,28.18,28.195308685302734,0,0.8640358448028564,0.13596415519714355
5638,28.19,-0.060195416,-0.07493508,-0.08382024,-0.07831728,5636,28.18,28.195308685302734,0,0.8640358448028564,0.13596415519714355
5639,28.195,-0.059922926,-0.0730615,-0.077479206,-0.08088732,5636,28.18,28.195308685302734,0,0.8640358448028564,0.13596415519714355
5640,28.2,-0.051094245,-0.055160392,-0.049961112,-0.063913584,5640,28.2,28.210560083389282,0,0.8773906826972961,0.12260930240154266
5641,28.205,-0.03611871,-0.026693106,-0.0107664475,-0.035235744,5640,28.2,28.210560083389282,0,0.8773906826972961,0.12260930240154266
5642,28.21,-0.018055607,0.0028659024,0.02556579,-0.0068897074,5640,28.2,28.210560083389282,0,0.8773906826972961,0.12260930240154266
5643,28.215,-0.0021415504,0.023141652,0.046406463,0.010909244,5640,28.2,28.210560083389282,0,0.8773906826972961,0.12260930240154266
5644,28.22,0.006130227,0.028442265,0.047943465,0.015745183,5644,28.22,28.220356464385986,0,0.8883059620857239,0.11169404536485672
5645,28.225,0.005348253,0.021677675,0.036749523,0.014184891,5644,28.22,28.220356464385986,0,0.8883059620857239,0.11169404536485672
5646,28.23,0.00071746856,0.012777989,0.024505075,0.016509853,5644,28.22,28.220356464385986,0,0.8883059620857239,0.11169404536485672
5647,28.235,0.0016416974,0.012034328,0.019821908,0.02854863,5644,28.22,28.220356464385986,0,0.8883059620857239,0.11169404536485672
5648,28.24,0.015315525,0.02308466,0.02323589,0.046865117,5648,28.24,28.24575138092041,0,0.8902424573898315,0.10975749790668488
5649,28.245,0.040723067,0.04067076,0.028591936,0.06118883,5648,28.24,28.24575138092041,0,0.8902424573898315,0.10975749790668488
5650,28.25,0.06765126,0.054577027,0.028950224,0.062289603,5648,28.24,28.24575138092041,0,0.8902424573898315,0.10975749790668488
5651,28.255,0.08218804,0.056553077,0.021927739,0.04904746,5648,28.24,28.24575138092041,0,0.8902424573898315,0.10975749790668488
5652,28.26,0.075446606,0.04505313,0.010328453,0.028921233,5652,28.26,28.27574348449707,0,0.8900567889213562,0.1099432185292244
5653,28.265,0.049143795,0.024577994,-0.0018707406,0.011279833,5652,28.26,28.27574348449707,0,0.8900567889213562,0.1099432185292244
5654,28.27,0.013431836,0.0008004706,-0.013992672,-0.00089035905,5652,28.26,28.27574348449707,0,0.8900567889213562,0.1099432185292244
5655,28.275,-0.021152157,-0.023821209,-0.028958317,-0.013592686,5652,28.26,28.27574348449707,0,0.8900567889213562,0.1099432185292244
5656,28.28,-0.05013804,-0.04971252,-0.048746824,-0.035848133,5656,28.28,28.29051637649536,0,0.8835257887840271,0.11647423356771469
5657,28.285,-0.0740514,-0.07554408,-0.06936412,-0.06965293,5656,28.28,28.29051637649536,0,0.8835257887840271,0.11647423356771469
5658,28.29,-0.0919951,-0.09453314,-0.08086193,-0.10455541,5656,28.28,28.29051637649536,0,0.8835257887840271,0.11647423356771469
5659,28.295,-0.09818068,-0.09686403,-0.07372773,-0.122485176,5656,28.28,28.29051637649536,0,0.8835257887840271,0.11647423356771469
5660,28.3,-0.08649119,-0.07754072,-0.046915516,-0.11013117,5660,28.3,28.31052017211914,0,0.8891562819480896,0.110843725502491
5661,28.305,-0.05856455,-0.042639375,-0.01049188,-0.06932851,5660,28.3,28.31052017211914,0,0.8891562819480896,0.110843725502491
5662,28.31,-0.025757888,-0.006976272,0.020242877,-0.016707204,5660,28.3,28.31052017211914,0,0.8891562819480896,0.110843725502491
5663,28.315,-0.0011396396,0.016294401,0.035217166,0.027706195,5660,28.3,28.31052017211914,0,0.8891562819480896,0.110843725502491
5664,28.32,0.011490602,0.025549093,0.036425438,0.053980306,5664,28.32,28.32810139656067,0,0.8893802762031555,0.1106196790933609
5665,28.325,0.020588934,0.031079633,0.035460413,0.06701298,5664,28.32,28.32810139656067,0,0.8893802762031555,0.1106196790933609
5666,28.33,0.038410757,0.045354757,0.043594263,0.079124525,5664,28.32,28.32810139656067,0,0.8893802762031555,0.1106196790933609
5667,28.335,0.06877085,0.0715482,0.062353063,0.09737384,5664,28.32,28.32810139656067,0,0.8893802762031555,0.1106196790933609
5668,28.34,0.1019803,0.09983785,0.08183171,0.116315655,5668,28.34,28.342535495758057,0,0.8908309936523438,0.10916906595230103
5669,28.345,0.12083409,0.11375739,0.08742456,0.12147321,5668,28.34,28.342535495758057,0,0.8908309936523438,0.10916906595230103
5670,28.35,0.112027146,0.10087563,0.06936296,0.09985252,5668,28.34,28.342535495758057,0,0.8908309936523438,0.10916906595230103
5671,28.355,0.07432503,0.060232367,0.02855975,0.04938383,5668,28.34,28.342535495758057,0,0.8908309936523438,0.10916906595230103
5672,28.36,0.019045604,0.0029681202,-0.023850253,-0.018426515,5672,28.36,28.36066484451294,0,0.8707512021064758,0.12924885749816895
5673,28.365,-0.035866246,-0.052812263,-0.07170054,-0.0831769,5672,28.36,28.36066484451294,0,0.8707512021064758,0.12924885749816895
5674,28.37,-0.07425481,-0.09001946,-0.10063601,-0.124666624,5672,28.36,28.36066484451294,0,0.8707512021064758,0.12924885749816895
5675,28.375,-0.08875808,-0.10017205,-0.10387029,-0.13224249,5672,28.36,28.36066484451294,0,0.8707512021064758,0.12924885749816895
5676,28.38,-0.08310954,-0.086943835,-0.084479555,-0.109768994,5676,28.38,28.395307302474976,0,0.870455265045166,0.1295447051525116
5677,28.385,-0.06802131,-0.06281226,-0.05266226,-0.07260722,5676,28.38,28.395307302474976,0,0.870455265045166,0.1295447051525116
5678,28.39,-0.05274054,-0.04002955,-0.019140476,-0.037379947,5676,28.38,28.395307302474976,0,0.870455265045166,0.1295447051525116
5679,28.395,-0.03848493,-0.022397198,0.0106258355,-0.011400449,5676,28.38,28.395307302474976,0,0.870455265045166,0.1295447051525116
5680,28.4,-0.019670136,-0.0050104503,0.036547605,0.009584355,5680,28.4,28.408034086227417,0,0.8842672109603882,0.11573274433612823
5681,28.405,0.007592363,0.017431935,0.058474794,0.033108156,5680,28.4,28.408034086227417,0,0.8842672109603882,0.11573274433612823
5682,28.41,0.03766352,0.041709457,0.07135443,0.058903337,5680,28.4,28.408034086227417,0,0.8842672109603882,0.11573274433612823
5683,28.415,0.05664514,0.056030933,0.067259386,0.07621595,5680,28.4,28.408034086227417,0,0.8842672109603882,0.11573274433612823
5684,28.42,0.052944604,0.05000551,0.043457452,0.07292027,5684,28.42,28.425586700439453,0,0.8884612917900085,0.11153876781463623
5685,28.425,0.027907675,0.025351986,0.008307342,0.04785494,5684,28.42,28.425586700439453,0,0.8884612917900085,0.11153876781463623
5686,28.43,-0.003615455,-0.0035084977,-0.022367556,0.0139865065,5684,28.42,28.425586700439453,0,0.8884612917900085,0.11153876781463623
5687,28.435,-0.02384907,-0.02025038,-0.036465652,-0.011187981,5684,28.42,28.425586700439453,0,0.8884612917900085,0.11153876781463623
5688,28.44,-0.02464874,-0.018930325,-0.03411803,-0.018990599,5688,28.44,28.444409132003784,0,0.8826082348823547,0.11739173531532288
5689,28.445,-0.01145312,-0.0066612326,-0.025379473,-0.014319516,5688,28.44,28.444409132003784,0,0.8826082348823547,0.11739173531532288
5690,28.45,0.0035341785,0.004574326,-0.019819792,-0.008592052,5688,28.44,28.444409132003784,0,0.8826082348823547,0.11739173531532288
5691,28.455,0.011499615,0.0079106325,-0.018815635,-0.009184369,5688,28.44,28.444409132003784,0,0.8826082348823547,0.11739173531532288
5692,28.46,0.011463866,0.0041766083,-0.017736066,-0.015545404,5692,28.46,28.470597743988037,0,0.8882890343666077,0.11171101778745651
5693,28.465,0.0069833263,-0.0029571105,-0.013952009,-0.02346191,5692,28.46,28.470597743988037,0,0.8882890343666077,0.11171101778745651
5694,28.47,0.0008581337,-0.011566296,-0.010401336,-0.03025871,5692,28.46,28.470597743988037,0,0.8882890343666077,0.11171101778745651
5695,28.475,-0.005839468,-0.020229442,-0.010327602,-0.034597524,5692,28.46,28.470597743988037,0,0.8882890343666077,0.11171101778745651
5696,28.48,-0.010658672,-0.024075426,-0.0099880425,-0.032879107,5696,28.48,28.49057149887085,0,0.8891317844390869,0.11086821556091309
5697,28.485,-0.008551522,-0.0156476,0.00045535114,-0.01937191,5696,28.48,28.49057149887085,0,0.8891317844390869,0.11086821556091309
5698,28.49,0.003666811,0.0075566196,0.02652464,0.0074278936,5696,28.48,28.49057149887085,0,0.8891317844390869,0.11086821556091309
5699,28.495,0.021299602,0.036460552,0.059877437,0.038724277,5696,28.48,28.49057149887085,0,0.8891317844390869,0.11086821556091309
5700,28.5,0.032320786,0.05391621,0.081173316,0.0583975,5700,28.5,28.510799169540405,0,0.8898705840110779,0.11012943834066391
5701,28.505,0.026681008,0.04788642,0.07502065,0.05517876,5700,28.5,28.510799169540405,0,0.8898705840110779,0.11012943834066391
5702,28.51,0.0062988796,0.022565225,0.04360535,0.033274323,5700,28.5,28.510799169540405,0,0.8898705840110779,0.11012943834066391
5703,28.515,-0.014946812,-0.004219904,0.005478032,0.010025876,5700,28.5,28.510799169540405,0,0.8898705840110779,0.11012943834066391
5704,28.52,-0.02259518,-0.016119566,-0.02010275,0.0011504778,5704,28.52,28.527974367141724,0,0.8790576457977295,0.12094240635633469
5705,28.525,-0.013881975,-0.011909944,-0.028668256,0.00703014,5704,28.52,28.527974367141724,0,0.8790576457977295,0.12094240635633469
5706,28.53,0.0008676072,-0.0047262935,-0.0313711,0.0134342965,5704,28.52,28.527974367141724,0,0.8790576457977295,0.12094240635633469
5707,28.535,0.008552489,-0.008145333,-0.041142616,0.006051367,5704,28.52,28.527974367141724,0,0.8790576457977295,0.12094240635633469
5708,28.54,0.0046256743,-0.023137324,-0.058428407,-0.015594378,5708,28.54,28.54050040245056,0,0.8899953961372375,0.11000458896160126
5709,28.545,-0.005243454,-0.038230382,-0.07050365,-0.038370978,5708,28.54,28.54050040245056,0,0.8899953961372375,0.11000458896160126
5710,28.55,-0.01312036,-0.0414699,-0.06430628,-0.048767492,5708,28.54,28.54050040245056,0,0.8899953961372375,0.11000458896160126
5711,28.555,-0.016848933,-0.031493172,-0.039463587,-0.04505863,5708,28.54,28.54050040245056,0,0.8899953961372375,0.11000458896160126
5712,28.56,-0.020018633,-0.017256785,-0.008878599,-0.03648652,5712,28.56,28.570472240447998,0,0.8900306224822998,0.10996939986944199
5713,28.565,-0.02519567,-0.008109985,0.012772649,-0.031655837,5712,28.56,28.570472240447998,0,0.8900306224822998,0.10996939986944199
5714,28.57,-0.028749324,-0.0049612024,0.020863432,-0.029052433,5712,28.56,28.570472240447998,0,0.8900306224822998,0.10996939986944199
5715,28.575,-0.023267435,-0.00082499144,0.022332985,-0.019289522,5712,28.56,28.570472240447998,0,0.8900306224822998,0.10996939986944199
5716,28.58,-0.0052270996,0.010994088,0.027244378,0.0039402456,5716,28.58,28.59084439277649,0,0.8898028135299683,0.11019714176654816
5717,28.585,0.019873532,0.029726814,0.039507885,0.035625666,5716,28.58,28.59084439277649,0,0.8898028135299683,0.11019714176654816
5718,28.59,0.04018369,0.04736054,0.05459643,0.06178392,5716,28.58,28.59084439277649,0,0.8898028135299683,0.11019714176654816
5719,28.595,0.045751035,0.054907914,0.064118594,0.0696664,5716,28.58,28.59084439277649,0,0.8898028135299683,0.11019714176654816
5720,28.6,0.035158925,0.048364013,0.061557256,0.05634901,5720,28.6,28.60954213142395,0,0.8887639045715332,0.11123604327440262
5721,28.605,0.015281855,0.029783538,0.04478165,0.029002076,5720,28.6,28.60954213142395,0,0.8887639045715332,0.11123604327440262
5722,28.61,-0.004671356,0.004371329,0.015649108,-0.0015860342,5720,28.6,28.60954213142395,0,0.8887639045715332,0.11123604327440262
5723,28.615,-0.01896676,-0.022331156,-0.02067837,-0.027293375,5720,28.6,28.60954213142395,0,0.8887639045715332,0.11123604327440262
5724,28.62,-0.02625492,-0.044724498,-0.05579478,-0.043816354,5724,28.62,28.620569944381714,0,0.873817503452301,0.12618248164653778
5725,28.625,-0.026220532,-0.056346066,-0.07915066,-0.04807183,5724,28.62,28.620569944381714,0,0.873817503452301,0.12618248164653778
5726,28.63,-0.016938299,-0.051133517,-0.081741795,-0.037062544,5724,28.62,28.620569944381714,0,0.873817503452301,0.12618248164653778
5727,28.635,0.0031676043,-0.027532438,-0.061094265,-0.010942013,5724,28.62,28.620569944381714,0,0.873817503452301,0.12618248164653778
5728,28.64,0.03045599,0.00782802,-0.023871236,0.022907887,5728,28.64,28.640653371810913,0,0.8890199065208435,0.1109800636768341
5729,28.645,0.05426565,0.041349977,0.016585538,0.050640758,5728,28.64,28.640653371810913,0,0.8890199065208435,0.1109800636768341
5730,28.65,0.061958328,0.059296962,0.046623692,0.059290253,5728,28.64,28.640653371810913,0,0.8890199065208435,0.1109800636768341
5731,28.655,0.047549985,0.055563428,0.05830258,0.045393165,5728,28.64,28.640653371810913,0,0.8890199065208435,0.1109800636768341
5732,28.66,0.016256064,0.03430111,0.05143117,0.017204762,5732,28.66,28.670610427856445,0,0.8887578248977661,0.11124216765165329
5733,28.665,-0.019356232,0.0057141427,0.031492893,-0.011811065,5732,28.66,28.670610427856445,0,0.8887578248977661,0.11124216765165329
5734,28.67,-0.048027232,-0.020817583,0.006147424,-0.03251293,5732,28.66,28.670610427856445,0,0.8887578248977661,0.11124216765165329
5735,28.675,-0.0654656,-0.04056087,-0.01719974,-0.044305548,5732,28.66,28.670610427856445,0,0.8887578248977661,0.11124216765165329
5736,28.68,-0.07276774,-0.05221293,-0.032418724,-0.051090937,5736,28.68,28.690709590911865,0,0.884024441242218,0.11597555130720139
5737,28.685,-0.07074882,-0.054570585,-0.03543162,-0.053978994,5736,28.68,28.690709590911865,0,0.884024441242218,0.11597555130720139
5738,28.69,-0.057077974,-0.045477208,-0.025559368,-0.048645943,5736,28.68,28.690709590911865,0,0.884024441242218,0.11597555130720139
5739,28.695,-0.029675769,-0.024527853,-0.0068237516,-0.030262347,5736,28.68,28.690709590911865,0,0.884024441242218,0.11597555130720139
5740,28.7,0.007239489,0.0033431011,0.0124547705,-0.0009474,5740,28.7,28.71039891242981,0,0.8894601464271545,0.11053989082574844
5741,28.705,0.041632805,0.027937124,0.022944186,0.028404776,5740,28.7,28.71039891242981,0,0.8894601464271545,0.11053989082574844
5742,28.71,0.059935775,0.039112095,0.01946018,0.044908717,5740,28.7,28.71039891242981,0,0.8894601464271545,0.11053989082574844
5743,28.715,0.05650896,0.033658355,0.004550166,0.04336254,5740,28.7,28.71039891242981,0,0.8894601464271545,0.11053989082574844
5744,28.72,0.037761897,0.017628154,-0.012927949,0.029682484,5744,28.72,28.728251934051514,0,0.8897351622581482,0.11026489734649658
5745,28.725,0.016921218,0.0015630939,-0.023983642,0.014799028,5744,28.72,28.728251934051514,0,0.8897351622581482,0.11026489734649658
5746,28.73,0.004130565,-0.0073195,-0.025572604,0.005184023,5744,28.72,28.728251934051514,0,0.8897351622581482,0.11026489734649658
5747,28.735,0.0006843751,-0.008909767,-0.021102851,-0.0005739104,5744,28.72,28.728251934051514,0,0.8897351622581482,0.11026489734649658
5748,28.74,0.001687084,-0.0069579957,-0.014958097,-0.0063305786,5748,28.74,28.742767095565796,0,0.8884762525558472,0.11152376979589462
5749,28.745,0.0031107024,-0.003031481,-0.0068543134,-0.01087672,5748,28.74,28.742767095565796,0,0.8884762525558472,0.11152376979589462
5750,28.75,0.005519334,0.0052704546,0.0075114453,-0.0074861213,5748,28.74,28.742767095565796,0,0.8884762525558472,0.11152376979589462
5751,28.755,0.011010335,0.019603357,0.029511962,0.00803398,5748,28.74,28.742767095565796,0,0.8884762525558472,0.11152376979589462
5752,28.76,0.017496195,0.035034727,0.05166659,0.029165318,5752,28.76,28.770607471466064,0,0.889095664024353,0.11090435087680817
5753,28.765,0.017561868,0.040669855,0.060314734,0.040239085,5752,28.76,28.770607471466064,0,0.889095664024353,0.11090435087680817
5754,28.77,0.0045589507,0.028184226,0.046393305,0.028525554,5752,28.76,28.770607471466064,0,0.889095664024353,0.11090435087680817
5755,28.775,-0.019261012,0.00093542715,0.015000416,-0.0033784988,5752,28.76,28.770607471466064,0,0.889095664024353,0.11090435087680817
5756,28.78,-0.041046314,-0.025836436,-0.01598414,-0.03690031,5756,28.78,28.79505681991577,0,0.886458694934845,0.1135413870215416
5757,28.785,-0.04547303,-0.035667386,-0.028595533,-0.050653275,5756,28.78,28.79505681991577,0,0.886458694934845,0.1135413870215416
5758,28.79,-0.026942533,-0.023917383,-0.018550143,-0.036798395,5756,28.78,28.79505681991577,0,0.886458694934845,0.1135413870215416
5759,28.795,0.004521451,-0.0017570788,0.0017285645,-0.006700023,5756,28.78,28.79505681991577,0,0.886458694934845,0.1135413870215416
5760,28.8,0.029354412,0.012611021,0.013331121,0.018632885,5760,28.8,28.800753831863403,0,0.8900445699691772,0.10995541512966156
5761,28.805,0.032114383,0.007969782,0.0053742277,0.024601482,5760,28.8,28.800753831863403,0,0.8900445699691772,0.10995541512966156
5762,28.81,0.011951806,-0.012361122,-0.018156175,0.012039451,5760,28.8,28.800753831863403,0,0.8900445699691772,0.10995541512966156
5763,28.815,-0.017939119,-0.03479023,-0.04355662,-0.0069613443,5760,28.8,28.800753831863403,0,0.8900445699691772,0.10995541512966156
5764,28.82,-0.04045617,-0.046526317,-0.05843188,-0.020752165,5764,28.82,28.827747583389282,0,0.8867743015289307,0.11322573572397232
5765,28.825,-0.045717284,-0.043672767,-0.0588145,-0.026313115,5764,28.82,28.827747583389282,0,0.8867743015289307,0.11322573572397232
5766,28.83,-0.035196003,-0.03080875,-0.047963414,-0.02780817,5764,28.82,28.827747583389282,0,0.8867743015289307,0.11322573572397232
5767,28.835,-0.017540932,-0.014669296,-0.030538207,-0.028885096,5764,28.82,28.827747583389282,0,0.8867743015289307,0.11322573572397232
5768,28.84,-0.0010653614,0.0012126139,-0.008900461,-0.02723705,5768,28.84,28.842763662338257,0,0.8900983333587646,0.10990162193775177
5769,28.845,0.010950876,0.016650222,0.01556021,-0.016790025,5768,28.84,28.842763662338257,0,0.8900983333587646,0.10990162193775177
5770,28.85,0.01971137,0.03129557,0.039068583,0.0049118134,5768,28.84,28.842763662338257,0,0.8900983333587646,0.10990162193775177
5771,28.855,0.027306696,0.04226112,0.055019535,0.03170128,5768,28.84,28.842763662338257,0,0.8900983333587646,0.10990162193775177
5772,28.86,0.034032688,0.045768145,0.057986084,0.05167323,5772,28.86,28.876633644104004,0,0.8909099102020264,0.10909010469913483
5773,28.865,0.03859391,0.041082755,0.04867869,0.05602086,5772,28.86,28.876633644104004,0,0.8909099102020264,0.10909010469913483
5774,28.87,0.03983729,0.03222804,0.034632783,0.045873363,5772,28.86,28.876633644104004,0,0.8909099102020264,0.10909010469913483
5775,28.875,0.03743085,0.024882335,0.024851717,0.030577077,5772,28.86,28.876633644104004,0,0.8909099102020264,0.10909010469913483
5776,28.88,0.03084955,0.020903386,0.02242495,0.018892659,5776,28.88,28.885352849960327,0,0.8796905875205994,0.12030947208404541
5777,28.885,0.018678788,0.01607662,0.021867717,0.011625111,5776,28.88,28.885352849960327,0,0.8796905875205994,0.12030947208404541
5778,28.89,0.00023726452,0.0042008585,0.014312565,0.0028996442,5776,28.88,28.885352849960327,0,0.8796905875205994,0.12030947208404541
5779,28.895,-0.02147067,-0.015734304,-0.0036538634,-0.011522117,5776,28.88,28.885352849960327,0,0.8796905875205994,0.12030947208404541
5780,28.9,-0.039070573,-0.03641631,-0.025789956,-0.027913619,5780,28.9,28.910603523254395,0,0.8820018768310547,0.11799810826778412
5781,28.905,-0.044769924,-0.047111616,-0.041099988,-0.03737262,5780,28.9,28.910603523254395,0,0.8820018768310547,0.11799810826778412
5782,28.91,-0.036697183,-0.042836238,-0.043639872,-0.03524779,5780,28.9,28.910603523254395,0,0.8820018768310547,0.11799810826778412
5783,28.915,-0.021821182,-0.029215455,-0.037870318,-0.027203334,5780,28.9,28.910603523254395,0,0.8820018768310547,0.11799810826778412
5784,28.92,-0.0114617245,-0.017802935,-0.033981137,-0.02454701,5784,28.92,28.92610001564026,0,0.8900420665740967,0.1099579706788063
5785,28.925,-0.011998362,-0.0155137135,-0.0371448,-0.032175492,5784,28.92,28.92610001564026,0,0.8900420665740967,0.1099579706788063
5786,28.93,-0.01877962,-0.017865311,-0.0409069,-0.040870007,5784,28.92,28.92610001564026,0,0.8900420665740967,0.1099579706788063
5787,28.935,-0.019503009,-0.0127957165,-0.03168876,-0.032946214,5784,28.92,28.92610001564026,0,0.8900420665740967,0.1099579706788063
5788,28.94,-0.005094674,0.007752071,-0.001361488,0.0018669663,5788,28.94,28.944419860839844,0,0.8899674415588379,0.11003255099058151
5789,28.945,0.021165343,0.038680404,0.04284377,0.05388439,5788,28.94,28.944419860839844,0,0.8899674415588379,0.11003255099058151
5790,28.95,0.044616226,0.06342899,0.08017214,0.096339725,5788,28.94,28.944419860839844,0,0.8899674415588379,0.11003255099058151
5791,28.955,0.04993145,0.065499984,0.08938493,0.102912895,5788,28.94,28.944419860839844,0,0.8899674415588379,0.11003255099058151
5792,28.96,0.032691583,0.04040881,0.06320304,0.066312335,5792,28.96,28.973879098892212,0,0.8907650709152222,0.10923489928245544
5793,28.965,0.0024227728,-0.001260912,0.013291829,0.003254956,5792,28.96,28.973879098892212,0,0.8907650709152222,0.10923489928245544
5794,28.97,-0.024628999,-0.041104328,-0.037368894,-0.057198983,5792,28.96,28.973879098892212,0,0.8907650709152222,0.10923489928245544
5795,28.975,-0.036323786,-0.06380377,-0.06827964,-0.091575526,5792,28.96,28.973879098892212,0,0.8907650709152222,0.10923489928245544
5796,28.98,-0.030718407,-0.06380812,-0.07139808,-0.09256862,5796,28.98,28.985846042633057,0,0.8692911863327026,0.13070876896381378
5797,28.985,-0.014484751,-0.045103606,-0.05189564,-0.06719821,5796,28.98,28.985846042633057,0,0.8692911863327026,0.13070876896381378
5798,28.99,0.0029575587,-0.016928997,-0.021883633,-0.028273601,5796,28.98,28.985846042633057,0,0.8692911863327026,0.13070876896381378
5799,28.995,0.014522805,0.010625507,0.0067868284,0.01212997,5796,28.98,28.985846042633057,0,0.8692911863327026,0.13070876896381378
5800,29.0,0.01742181,0.02956388,0.02633293,0.044064004,5800,29.0,29.011397123336792,0,0.8888788819313049,0.11112109571695328
5801,29.005,0.0127158305,0.035785653,0.033337295,0.059326157,5800,29.0,29.011397123336792,0,0.8888788819313049,0.11112109571695328
5802,29.01,0.0038998292,0.029880168,0.027876126,0.05329304,5800,29.0,29.011397123336792,0,0.8888788819313049,0.11112109571695328
5803,29.015,-0.0047471374,0.016503416,0.013294738,0.028568923,5800,29.0,29.011397123336792,0,0.8888788819313049,0.11112109571695328
5804,29.02,-0.009659653,0.0024648241,-0.0036006393,-0.003551867,5804,29.02,29.02545666694641,0,0.8862867951393127,0.11371319741010666
5805,29.025,-0.008849391,-0.0055839415,-0.013655425,-0.026896978,5804,29.02,29.02545666694641,0,0.8862867951393127,0.11371319741010666
5806,29.03,-0.0019781708,-0.0032174448,-0.009065215,-0.028491875,5804,29.02,29.02545666694641,0,0.8862867951393127,0.11371319741010666
5807,29.035,0.00982911,0.009943202,0.01145513,-0.0063201943,5804,29.02,29.02545666694641,0,0.8862867951393127,0.11371319741010666
5808,29.04,0.02384206,0.029046517,0.03969541,0.028353909,5808,29.04,29.042684316635132,0,0.8890091776847839,0.11099081486463547
5809,29.045,0.035537798,0.044857588,0.060736597,0.056433376,5808,29.04,29.042684316635132,0,0.8890091776847839,0.11099081486463547
5810,29.05,0.039435055,0.047654837,0.06125881,0.061761826,5808,29.04,29.042684316635132,0,0.8890091776847839,0.11099081486463547
5811,29.055,0.03148536,0.032742277,0.03819734,0.0407171,5808,29.04,29.042684316635132,0,0.8890091776847839,0.11099081486463547
5812,29.06,0.011859755,0.0038065356,0.001115172,0.0039810236,5812,29.06,29.07473921775818,0,0.8900689482688904,0.10993106663227081
5813,29.065,-0.0141703645,-0.028906185,-0.034086373,-0.03111955,5812,29.06,29.07473921775818,0,0.8900689482688904,0.10993106663227081
5814,29.07,-0.03849823,-0.054625727,-0.05550056,-0.052127063,5812,29.06,29.07473921775818,0,0.8900689482688904,0.10993106663227081
5815,29.075,-0.054155294,-0.067627706,-0.06143358,-0.057946946,5812,29.06,29.07473921775818,0,0.8900689482688904,0.10993106663227081
5816,29.08,-0.058009487,-0.068141945,-0.057982482,-0.05566112,5816,29.08,29.100404262542725,0,0.8873412013053894,0.11265882104635239
5817,29.085,-0.05065128,-0.058952536,-0.05125791,-0.05154177,5816,29.08,29.100404262542725,0,0.8873412013053894,0.11265882104635239
5818,29.09,-0.034753863,-0.04203471,-0.042065762,-0.045076385,5816,29.08,29.100404262542725,0,0.8873412013053894,0.11265882104635239
5819,29.095,-0.014011546,-0.01871829,-0.027625466,-0.031242698,5816,29.08,29.100404262542725,0,0.8873412013053894,0.11265882104635239
5820,29.1,0.0071346667,0.0077529796,-0.007384755,-0.007818266,5820,29.1,29.11065673828125,0,0.8897992968559265,0.1102006807923317
5821,29.105,0.024319384,0.031292923,0.013843706,0.0201287,5820,29.1,29.11065673828125,0,0.8897992968559265,0.1102006807923317
5822,29.11,0.034760848,0.045516256,0.028639201,0.04281052,5820,29.1,29.11065673828125,0,0.8897992968559265,0.1102006807923317
5823,29.115,0.03775874,0.04733071,0.032446448,0.052326567,5820,29.1,29.11065673828125,0,0.8897992968559265,0.1102006807923317
5824,29.12,0.033502996,0.038219515,0.026494851,0.047256842,5824,29.12,29.12052583694458,0,0.8899329900741577,0.11006699502468109
5825,29.125,0.022309516,0.022884086,0.016392613,0.032457113,5824,29.12,29.12052583694458,0,0.8899329900741577,0.11006699502468109
5826,29.13,0.006238185,0.0073267617,0.008634588,0.015742755,5824,29.12,29.12052583694458,0,0.8899329900741577,0.11006699502468109
5827,29.135,-0.008913054,-0.0026561203,0.007605307,0.0041109216,5824,29.12,29.12052583694458,0,0.8899329900741577,0.11006699502468109
5828,29.14,-0.015414676,-0.0034781701,0.013791994,0.00068587594,5828,29.14,29.145943880081177,0,0.8875075578689575,0.11249246448278427
5829,29.145,-0.009478788,0.0037954666,0.023322862,0.0031670977,5828,29.14,29.145943880081177,0,0.8875075578689575,0.11249246448278427
5830,29.15,0.0043497104,0.013008113,0.029629376,0.0051994026,5828,29.14,29.145943880081177,0,0.8875075578689575,0.11249246448278427
5831,29.155,0.015714198,0.016407603,0.027363148,0.00093977986,5828,29.14,29.145943880081177,0,0.8875075578689575,0.11249246448278427
5832,29.16,0.016495954,0.010218849,0.016352093,-0.009999766,5832,29.16,29.178433179855347,0,0.8887364864349365,0.1112634614109993
5833,29.165,0.0072187297,-0.0022297052,0.0023219935,-0.021444459,5832,29.16,29.178433179855347,0,0.8887364864349365,0.1112634614109993
5834,29.17,-0.0037500183,-0.0126173915,-0.0066934587,-0.024837973,5832,29.16,29.178433179855347,0,0.8887364864349365,0.1112634614109993
5835,29.175,-0.0070492816,-0.01347664,-0.005788318,-0.015624699,5832,29.16,29.178433179855347,0,0.8887364864349365,0.1112634614109993
5836,29.18,0.00063413865,-0.003522856,0.0034616985,0.003145927,5836,29.18,29.19314956665039,0,0.8888399004936218,0.11116012930870056
5837,29.185,0.014337619,0.011133275,0.013928979,0.022603473,5836,29.18,29.19314956665039,0,0.8888399004936218,0.11116012930870056
5838,29.19,0.024250995,0.020623198,0.017251035,0.03358912,5836,29.18,29.19314956665039,0,0.8888399004936218,0.11116012930870056
5839,29.195,0.022050997,0.017488608,0.008590942,0.031724755,5836,29.18,29.19314956665039,0,0.8888399004936218,0.11116012930870056
5840,29.2,0.0060919994,0.0013644532,-0.01104395,0.018617159,5840,29.2,29.202956914901733,0,0.8895775079727173,0.1104225218296051
5841,29.205,-0.01775674,-0.021142647,-0.036064662,-0.0009876353,5840,29.2,29.202956914901733,0,0.8895775079727173,0.1104225218296051
5842,29.21,-0.04022655,-0.04142851,-0.05991183,-0.023167035,5840,29.2,29.202956914901733,0,0.8895775079727173,0.1104225218296051
5843,29.215,-0.054762173,-0.054716706,-0.07809327,-0.04622646,5840,29.2,29.202956914901733,0,0.8895775079727173,0.1104225218296051
5844,29.22,-0.06064199,-0.061505996,-0.088165924,-0.06822603,5844,29.22,29.220651626586914,0,0.88584965467453,0.11415033042430878
5845,29.225,-0.060317814,-0.06325322,-0.08715003,-0.083258644,5844,29.22,29.220651626586914,0,0.88584965467453,0.11415033042430878
5846,29.23,-0.05378936,-0.057074938,-0.07009211,-0.08131137,5844,29.22,29.220651626586914,0,0.88584965467453,0.11415033042430878
5847,29.235,-0.036481507,-0.036222648,-0.033142366,-0.054149043,5844,29.22,29.220651626586914,0,0.88584965467453,0.11415033042430878
5848,29.24,-0.0040743263,0.002517112,0.020352935,-0.0036786064,5848,29.24,29.246628761291504,0,0.890152633190155,0.10984736680984497
5849,29.245,0.039829124,0.051494915,0.07698344,0.05486156,5848,29.24,29.246628761291504,0,0.890152633190155,0.10984736680984497
5850,29.25,0.08146276,0.0934583,0.1184657,0.09964167,5848,29.24,29.246628761291504,0,0.890152633190155,0.10984736680984497
5851,29.255,0.10389452,0.11201422,0.13226502,0.11511461,5848,29.24,29.246628761291504,0,0.890152633190155,0.10984736680984497
5852,29.26,0.09807359,0.10248134,0.1189712,0.101001166,5852,29.26,29.26070261001587,0,0.8905218243598938,0.10947811603546143
5853,29.265,0.06857231,0.07361234,0.09004572,0.07018011,5852,29.26,29.26070261001587,0,0.8905218243598938,0.10947811603546143
5854,29.27,0.029610917,0.039523706,0.05832325,0.037919562,5852,29.26,29.26070261001587,0,0.8905218243598938,0.10947811603546143
5855,29.275,-0.0044239946,0.010002066,0.029897094,0.011993592,5852,29.26,29.26070261001587,0,0.8905218243598938,0.10947811603546143
5856,29.28,-0.02612937,-0.012790225,0.003612821,-0.00883311,5856,29.28,29.290820121765137,0,0.8602818250656128,0.13971814513206482
5857,29.285,-0.035836767,-0.03080249,-0.023418382,-0.028830625,5856,29.28,29.290820121765137,0,0.8602818250656128,0.13971814513206482
5858,29.29,-0.03783684,-0.04539199,-0.050762508,-0.04879066,5856,29.28,29.290820121765137,0,0.8602818250656128,0.13971814513206482
5859,29.295,-0.03629538,-0.0559315,-0.07439261,-0.06466555,5856,29.28,29.290820121765137,0,0.8602818250656128,0.13971814513206482
5860,29.3,-0.033360068,-0.06123911,-0.08995238,-0.071174644,5860,29.3,29.311397314071655,0,0.8804131150245667,0.11958692222833633
5861,29.305,-0.02942175,-0.060854886,-0.0954282,-0.06600016,5860,29.3,29.311397314071655,0,0.8804131150245667,0.11958692222833633
5862,29.31,-0.024332885,-0.054860402,-0.0909538,-0.050913543,5860,29.3,29.311397314071655,0,0.8804131150245667,0.11958692222833633
5863,29.315,-0.018381491,-0.04332785,-0.07698628,-0.029846905,5860,29.3,29.311397314071655,0,0.8804131150245667,0.11958692222833633
5864,29.32,-0.012335129,-0.026618717,-0.0535035,-0.006553633,5864,29.32,29.325973987579346,0,0.888738751411438,0.11126118153333664
5865,29.325,-0.0067554764,-0.0062834527,-0.021373753,0.015955992,5864,29.32,29.325973987579346,0,0.888738751411438,0.11126118153333664
5866,29.33,-0.0014999483,0.014547779,0.015449198,0.03444867,5864,29.32,29.325973987579346,0,0.888738751411438,0.11126118153333664
5867,29.335,0.003906328,0.03186084,0.04940709,0.04494797,5864,29.32,29.325973987579346,0,0.888738751411438,0.11126118153333664
5868,29.34,0.009285907,0.042074684,0.0717939,0.043992504,5868,29.34,29.340850830078125,0,0.8868927955627441,0.11310727149248123
5869,29.345,0.013081514,0.043083794,0.07691173,0.030847937,5868,29.34,29.340850830078125,0,0.8868927955627441,0.11310727149248123
5870,29.35,0.012655763,0.034652118,0.0650077,0.008673255,5868,29.34,29.340850830078125,0,0.8868927955627441,0.11310727149248123
5871,29.355,0.005920059,0.01859624,0.041971326,-0.016266111,5868,29.34,29.340850830078125,0,0.8868927955627441,0.11310727149248123
5872,29.36,-0.0061845304,-0.00076630834,0.016400997,-0.036365733,5872,29.36,29.37870216369629,0,0.8855461478233337,0.11445380002260208
5873,29.365,-0.01794081,-0.016405147,-0.00354825,-0.044161845,5872,29.36,29.37870216369629,0,0.8855461478233337,0.11445380002260208
5874,29.37,-0.019987212,-0.020003814,-0.011881241,-0.03375078,5872,29.36,29.37870216369629,0,0.8855461478233337,0.11445380002260208
5875,29.375,-0.0042272024,-0.0058692517,-0.0057065585,-0.0033690394,5872,29.36,29.37870216369629,0,0.8855461478233337,0.11445380002260208
5876,29.38,0.029486703,0.024003811,0.012993878,0.041083176,5876,29.38,29.390615940093994,0,0.8848863840103149,0.11511363089084625
5877,29.385,0.06942379,0.057322215,0.035292123,0.08455092,5876,29.38,29.390615940093994,0,0.8848863840103149,0.11511363089084625
5878,29.39,0.095081925,0.07507118,0.046440814,0.10701338,5876,29.38,29.390615940093994,0,0.8848863840103149,0.11511363089084625
5879,29.395,0.08775331,0.06162587,0.03306387,0.09350577,5876,29.38,29.390615940093994,0,0.8848863840103149,0.11511363089084625
5880,29.4,0.043222204,0.0161583,-0.006374607,0.044520948,5880,29.4,29.40132451057434,0,0.8880934119224548,0.11190661042928696
5881,29.405,-0.022354089,-0.04333176,-0.056333862,-0.021296728,5880,29.4,29.40132451057434,0,0.8880934119224548,0.11190661042928696
5882,29.41,-0.079653636,-0.08876428,-0.09124523,-0.07623747,5880,29.4,29.40132451057434,0,0.8880934119224548,0.11190661042928696
5883,29.415,-0.10364234,-0.09937521,-0.0921206,-0.099639095,5880,29.4,29.40132451057434,0,0.8880934119224548,0.11190661042928696
5884,29.42,-0.08929107,-0.07525392,-0.060220055,-0.08972356,5884,29.42,29.42059016227722,0,0.8779881596565247,0.12201178073883057
5885,29.425,-0.053258535,-0.035944007,-0.015930219,-0.062135164,5884,29.42,29.42059016227722,0,0.8779881596565247,0.12201178073883057
5886,29.43,-0.019940134,-0.004833789,0.016836748,-0.03652062,5884,29.42,29.42059016227722,0,0.8779881596565247,0.12201178073883057
5887,29.435,-0.0034010136,0.0077356314,0.027621413,-0.022286128,5884,29.42,29.42059016227722,0,0.8779881596565247,0.12201178073883057
5888,29.44,-2.4364059e-05,0.008753996,0.02368631,-0.014922035,5888,29.44,29.445449829101562,0,0.8856738805770874,0.11432606726884842
5889,29.445,0.0033131798,0.011977468,0.019463882,-0.0045315134,5888,29.44,29.445449829101562,0,0.8856738805770874,0.11432606726884842
5890,29.45,0.014669172,0.023548061,0.022345,0.012561834,5888,29.44,29.445449829101562,0,0.8856738805770874,0.11432606726884842
5891,29.455,0.029805446,0.0370807,0.027827231,0.030016813,5888,29.44,29.445449829101562,0,0.8856738805770874,0.11432606726884842
5892,29.46,0.037588034,0.04122149,0.026597125,0.03798015,5892,29.46,29.470702409744263,0,0.8908300399780273,0.10916993767023087
5893,29.465,0.03110927,0.030824656,0.014748654,0.03260227,5892,29.46,29.470702409744263,0,0.8908300399780273,0.10916993767023087
5894,29.47,0.013805555,0.011144576,-0.002783136,0.019590652,5892,29.46,29.470702409744263,0,0.8908300399780273,0.10916993767023087
5895,29.475,-0.0034167608,-0.006978563,-0.01694283,0.009706932,5892,29.46,29.470702409744263,0,0.8908300399780273,0.10916993767023087
5896,29.48,-0.009537804,-0.014486029,-0.020971453,0.011397158,5896,29.48,29.49054193496704,0,0.8819300532341003,0.11806995421648026
5897,29.485,0.00085960206,-0.00778303,-0.012804857,0.026362486,5896,29.48,29.49054193496704,0,0.8819300532341003,0.11806995421648026
5898,29.49,0.025332086,0.011228058,0.0058599506,0.049248952,5896,29.48,29.49054193496704,0,0.8819300532341003,0.11806995421648026
5899,29.495,0.053647608,0.035477772,0.029914105,0.0694554,5896,29.48,29.49054193496704,0,0.8819300532341003,0.11806995421648026
5900,29.5,0.070477836,0.05324168,0.050077103,0.07427502,5900,29.5,29.510419845581055,0,0.8866558074951172,0.113344207406044
5901,29.505,0.06213571,0.051982276,0.054738212,0.054259367,5900,29.5,29.510419845581055,0,0.8866558074951172,0.113344207406044
5902,29.51,0.025308058,0.025913827,0.036344483,0.009570828,5900,29.5,29.510419845581055,0,0.8866558074951172,0.113344207406044
5903,29.515,-0.02877931,-0.018278228,-0.0019134366,-0.047491293,5900,29.5,29.510419845581055,0,0.8866558074951172,0.113344207406044
5904,29.52,-0.07969422,-0.06381404,-0.045861643,-0.09760869,5904,29.52,29.52819299697876,0,0.8821038007736206,0.11789616197347641
5905,29.525,-0.10952028,-0.09355606,-0.07809265,-0.124647826,5904,29.52,29.52819299697876,0,0.8821038007736206,0.11789616197347641
5906,29.53,-0.11178901,-0.09921679,-0.08774806,-0.123274244,5904,29.52,29.52819299697876,0,0.8821038007736206,0.11789616197347641
5907,29.535,-0.09128874,-0.08297827,-0.07473229,-0.09853423,5904,29.52,29.52819299697876,0,0.8821038007736206,0.11789616197347641
5908,29.54,-0.057109457,-0.052145697,-0.046372533,-0.059446078,5908,29.54,29.54281783103943,0,0.8880574107170105,0.11194254457950592
5909,29.545,-0.016514253,-0.013411956,-0.011131029,-0.01347434,5908,29.54,29.54281783103943,0,0.8880574107170105,0.11194254457950592
5910,29.55,0.025682589,0.028175369,0.024841005,0.033700492,5908,29.54,29.54281783103943,0,0.8880574107170105,0.11194254457950592
5911,29.555,0.06413478,0.06649841,0.056685094,0.07502882,5908,29.54,29.54281783103943,0,0.8880574107170105,0.11194254457950592
5912,29.56,0.09125533,0.09260954,0.078262,0.10077697,5912,29.56,29.576374053955078,0,0.8858969807624817,0.1141030415892601
5913,29.565,0.0991918,0.09709095,0.081978105,0.10189522,5912,29.56,29.576374053955078,0,0.8858969807624817,0.1141030415892601
5914,29.57,0.08399927,0.075486735,0.062540874,0.076050766,5912,29.56,29.576374053955078,0,0.8858969807624817,0.1141030415892601
5915,29.575,0.048995994,0.03288246,0.022430886,0.03150312,5912,29.56,29.576374053955078,0,0.8858969807624817,0.1141030415892601
5916,29.58,0.0051417225,-0.016112547,-0.025590176,-0.01487984,5916,29.58,29.59457778930664,0,0.8704769611358643,0.12952306866645813
5917,29.585,-0.032259494,-0.05302512,-0.062537536,-0.045226883,5916,29.58,29.59457778930664,0,0.8704769611358643,0.12952306866645813
5918,29.59,-0.04979732,-0.06425292,-0.07273161,-0.049617495,5916,29.58,29.59457778930664,0,0.8704769611358643,0.12952306866645813
5919,29.595,-0.042648785,-0.04793828,-0.05283815,-0.030813055,5916,29.58,29.59457778930664,0,0.8704769611358643,0.12952306866645813
5920,29.6,-0.017825246,-0.014729476,-0.013920693,-0.0017535985,5920,29.6,29.610759496688843,0,0.8746187090873718,0.1253812313079834
5921,29.605,0.009044274,0.018178985,0.02518436,0.022407044,5920,29.6,29.610759496688843,0,0.8746187090873718,0.1253812313079834
5922,29.61,0.02247337,0.03616328,0.048569884,0.032414936,5920,29.6,29.610759496688843,0,0.8746187090873718,0.1253812313079834
5923,29.615,0.016124478,0.03411432,0.05090015,0.028229304,5920,29.6,29.610759496688843,0,0.8746187090873718,0.1253812313079834
5924,29.62,-0.0040378496,0.017527051,0.037718028,0.016370082,5924,29.62,29.632572412490845,0,0.8879182934761047,0.11208175122737885
5925,29.625,-0.024560291,-0.0022611418,0.019497136,0.0041763578,5924,29.62,29.632572412490845,0,0.8879182934761047,0.11208175122737885
5926,29.63,-0.033640902,-0.01528248,0.00433163,-0.004701884,5924,29.62,29.632572412490845,0,0.8879182934761047,0.11208175122737885
5927,29.635,-0.028039316,-0.018031213,-0.0057211146,-0.01090264,5924,29.62,29.632572412490845,0,0.8879182934761047,0.11208175122737885
5928,29.64,-0.013432098,-0.013704693,-0.013007027,-0.016639614,5928,29.64,29.640893697738647,0,0.8896071910858154,0.11039285361766815
5929,29.645,0.0007898601,-0.008478685,-0.020074759,-0.022759348,5928,29.64,29.640893697738647,0,0.8896071910858154,0.11039285361766815
5930,29.65,0.0075948704,-0.0071791583,-0.02715652,-0.028239377,5928,29.64,29.640893697738647,0,0.8896071910858154,0.11039285361766815
5931,29.655,0.0052835634,-0.011107405,-0.032885205,-0.03188108,5928,29.64,29.640893697738647,0,0.8896071910858154,0.11039285361766815
5932,29.66,-0.003205791,-0.01831125,-0.036142807,-0.033659603,5932,29.66,29.677483797073364,0,0.8904172778129578,0.10958269983530045
5933,29.665,-0.012756486,-0.025027337,-0.03644818,-0.033995185,5932,29.66,29.677483797073364,0,0.8904172778129578,0.10958269983530045
5934,29.67,-0.018387549,-0.027295189,-0.03296077,-0.031983238,5932,29.66,29.677483797073364,0,0.8904172778129578,0.10958269983530045
5935,29.675,-0.016795734,-0.022519654,-0.024288705,-0.025130376,5932,29.66,29.677483797073364,0,0.8904172778129578,0.10958269983530045
5936,29.68,-0.007346233,-0.010773685,-0.010194489,-0.011652223,5936,29.68,29.690484523773193,0,0.8884255290031433,0.11157441884279251
5937,29.685,0.00744319,0.0048262635,0.0065770973,0.0066386266,5936,29.68,29.690484523773193,0,0.8884255290031433,0.11157441884279251
5938,29.69,0.022474984,0.019334838,0.021066671,0.024150414,5936,29.68,29.690484523773193,0,0.8884255290031433,0.11157441884279251
5939,29.695,0.032256387,0.028625676,0.029696621,0.035185803,5936,29.68,29.690484523773193,0,0.8884255290031433,0.11157441884279251
5940,29.7,0.03410161,0.03205365,0.033568475,0.038721226,5940,29.7,29.706321239471436,0,0.8896471858024597,0.1103527769446373
5941,29.705,0.03010034,0.032917723,0.037776586,0.03963948,5940,29.7,29.706321239471436,0,0.8896471858024597,0.1103527769446373
5942,29.71,0.025495393,0.035500117,0.046333417,0.044266973,5940,29.7,29.706321239471436,0,0.8896471858024597,0.1103527769446373
5943,29.715,0.024012186,0.04049349,0.05686385,0.053526174,5940,29.7,29.706321239471436,0,0.8896471858024597,0.1103527769446373
5944,29.72,0.024284009,0.043109458,0.06059515,0.060314037,5944,29.72,29.734074115753174,0,0.8862090110778809,0.11379096657037735
5945,29.725,0.021144852,0.036528237,0.04887545,0.054537334,5944,29.72,29.734074115753174,0,0.8862090110778809,0.11379096657037735
5946,29.73,0.010631463,0.018126732,0.020902477,0.03181386,5944,29.72,29.734074115753174,0,0.8862090110778809,0.11379096657037735
5947,29.735,-0.0063748653,-0.007410952,-0.014489289,-0.0020965482,5944,29.72,29.734074115753174,0,0.8862090110778809,0.11379096657037735
5948,29.74,-0.025112296,-0.031249959,-0.044777825,-0.035100695,5948,29.74,29.744890928268433,0,0.88779217004776,0.11220787465572357
5949,29.745,-0.04064466,-0.046781804,-0.06207497,-0.057097353,5948,29.74,29.744890928268433,0,0.88779217004776,0.11220787465572357
5950,29.75,-0.05019946,-0.053192507,-0.06664201,-0.06547886,5948,29.74,29.744890928268433,0,0.88779217004776,0.11220787465572357
5951,29.755,-0.052703988,-0.053489305,-0.063431,-0.06398626,5948,29.74,29.744890928268433,0,0.88779217004776,0.11220787465572357
5952,29.76,-0.04772614,-0.050016936,-0.056138758,-0.05756983,5952,29.76,29.77065944671631,0,0.8896817564964294,0.11031825840473175
5953,29.765,-0.03602413,-0.04249485,-0.04491217,-0.04871671,5952,29.76,29.77065944671631,0,0.8896817564964294,0.11031825840473175
5954,29.77,-0.020777008,-0.030113192,-0.029116718,-0.037773743,5952,29.76,29.77065944671631,0,0.8896817564964294,0.11031825840473175
5955,29.775,-0.0069388472,-0.0145677915,-0.01095541,-0.02527339,5952,29.76,29.77065944671631,0,0.8896817564964294,0.11031825840473175
5956,29.78,0.0017096852,-0.00017546484,0.004741481,-0.0129838595,5956,29.78,29.79071855545044,0,0.8900566101074219,0.10994339734315872
5957,29.785,0.005326611,0.009337684,0.014593035,-0.0026184036,5956,29.78,29.79071855545044,0,0.8900566101074219,0.10994339734315872
5958,29.79,0.008049022,0.01421116,0.020173386,0.0061687073,5956,29.78,29.79071855545044,0,0.8900566101074219,0.10994339734315872
5959,29.795,0.015233391,0.018838178,0.026834194,0.016151523,5956,29.78,29.79071855545044,0,0.8900566101074219,0.10994339734315872
5960,29.8,0.0298712,0.02830813,0.038513508,0.030463666,5960,29.8,29.810468912124634,0,0.8885231018066406,0.11147686094045639
5961,29.805,0.05016848,0.043859925,0.05340019,0.049483653,5960,29.8,29.810468912124634,0,0.8885231018066406,0.11147686094045639
5962,29.81,0.069257386,0.060626324,0.06446878,0.06897879,5960,29.8,29.810468912124634,0,0.8885231018066406,0.11147686094045639
5963,29.815,0.07748568,0.06956878,0.064279646,0.0810919,5960,29.8,29.810468912124634,0,0.8885231018066406,0.11147686094045639
5964,29.82,0.06716384,0.062785804,0.050005462,0.078112975,5964,29.82,29.822861909866333,0,0.8875753879547119,0.11242466419935226
5965,29.825,0.03767979,0.038816985,0.024970362,0.056983307,5964,29.82,29.822861909866333,0,0.8875753879547119,0.11242466419935226
5966,29.83,-0.0028440591,0.004110322,-0.0039551225,0.021513531,5964,29.82,29.822861909866333,0,0.8875753879547119,0.11242466419935226
5967,29.835,-0.04132087,-0.03040227,-0.030388962,-0.019061225,5964,29.82,29.822861909866333,0,0.8875753879547119,0.11242466419935226
5968,29.84,-0.06628126,-0.05477684,-0.050320566,-0.05369777,5968,29.84,29.850504636764526,0,0.879779040813446,0.12022098153829575
5969,29.845,-0.07246393,-0.06363202,-0.06101619,-0.0730358,5968,29.84,29.850504636764526,0,0.879779040813446,0.12022098153829575
5970,29.85,-0.061208624,-0.05655797,-0.05962321,-0.07202182,5968,29.84,29.850504636764526,0,0.879779040813446,0.12022098153829575
5971,29.855,-0.03844037,-0.037207443,-0.04444229,-0.052021366,5968,29.84,29.850504636764526,0,0.879779040813446,0.12022098153829575
5972,29.86,-0.012894949,-0.012875579,-0.018541778,-0.021829562,5972,29.86,29.870614767074585,0,0.8876341581344604,0.11236587166786194
5973,29.865,0.00544517,0.006382573,0.008288209,0.0045012683,5972,29.86,29.870614767074585,0,0.8876341581344604,0.11236587166786194
5974,29.87,0.008803934,0.01141014,0.023259584,0.014220758,5972,29.86,29.870614767074585,0,0.8876341581344604,0.11236587166786194
5975,29.875,-0.0031958786,-0.00011646364,0.018941205,0.0039098836,5972,29.86,29.870614767074585,0,0.8876341581344604,0.11236587166786194
5976,29.88,-0.020933745,-0.02014565,-0.0004481318,-0.017293306,5976,29.88,29.890772819519043,0,0.889157772064209,0.11084216833114624
5977,29.885,-0.029036134,-0.03364531,-0.02086644,-0.03298001,5976,29.88,29.890772819519043,0,0.889157772064209,0.11084216833114624
5978,29.89,-0.016098592,-0.027947519,-0.02748846,-0.029955143,5976,29.88,29.890772819519043,0,0.889157772064209,0.11084216833114624
5979,29.895,0.01684176,-0.0015194425,-0.014143096,-0.0063766185,5976,29.88,29.890772819519043,0,0.889157772064209,0.11084216833114624
5980,29.9,0.0554989,0.034338545,0.013258731,0.0276304,5980,29.9,29.910501718521118,0,0.8893255591392517,0.11067436635494232
5981,29.905,0.0801021,0.061981335,0.040686246,0.056237835,5980,29.9,29.910501718521118,0,0.8893255591392517,0.11067436635494232
5982,29.91,0.07664134,0.06745924,0.05389513,0.06629714,5980,29.9,29.910501718521118,0,0.8893255591392517,0.11067436635494232
5983,29.915,0.044608574,0.047852907,0.045581773,0.053218547,5980,29.9,29.910501718521118,0,0.8893255591392517,0.11067436635494232
5984,29.92,-0.0028034982,0.012318063,0.018919846,0.022554837,5984,29.92,29.92894411087036,0,0.885890781879425,0.11410915106534958
5985,29.925,-0.04550418,-0.02289225,-0.013607881,-0.012495914,5984,29.92,29.92894411087036,0,0.885890781879425,0.11410915106534958
5986,29.93,-0.066457525,-0.042517927,-0.036125645,-0.03688755,5984,29.92,29.92894411087036,0,0.885890781879425,0.11410915106534958
5987,29.935,-0.059512224,-0.039451182,-0.037757486,-0.040765844,5984,29.92,29.92894411087036,0,0.885890781879425,0.11410915106534958
5988,29.94,-0.031039087,-0.017468043,-0.018761536,-0.024216551,5988,29.94,29.943909168243408,0,0.8864672183990479,0.11353276669979095
5989,29.945,0.004701508,0.011492244,0.009451005,0.0028793975,5988,29.94,29.943909168243408,0,0.8864672183990479,0.11353276669979095
5990,29.95,0.032825314,0.033527628,0.030541686,0.02576052,5988,29.94,29.943909168243408,0,0.8864672183990479,0.11353276669979095
5991,29.955,0.043734413,0.039054535,0.032472752,0.032253314,5988,29.94,29.943909168243408,0,0.8864672183990479,0.11353276669979095
5992,29.96,0.035736196,0.026370538,0.014685673,0.019336695,5992,29.96,29.970735788345337,0,0.8888660669326782,0.11113395541906357
5993,29.965,0.014403957,0.0014103155,-0.011373268,-0.004974814,5992,29.96,29.970735788345337,0,0.8888660669326782,0.11113395541906357
5994,29.97,-0.010359952,-0.02559882,-0.029394314,-0.026299454,5992,29.96,29.970735788345337,0,0.8888660669326782,0.11113395541906357
5995,29.975,-0.028593035,-0.04480005,-0.029098067,-0.033115376,5992,29.96,29.970735788345337,0,0.8888660669326782,0.11113395541906357
5996,29.98,-0.034662265,-0.05063448,-0.013759966,-0.02474932,5996,29.98,29.990592002868652,0,0.8840068578720093,0.11599310487508774
5997,29.985,-0.029336007,-0.04321161,0.0021390643,-0.011368691,5996,29.98,29.990592002868652,0,0.8840068578720093,0.11599310487508774
5998,29.99,-0.017508516,-0.026561964,0.005155917,-0.0044687563,5996,29.98,29.990592002868652,0,0.8840068578720093,0.11599310487508774
5999,29.995,-0.0035934816,-0.0055521955,-0.004823496,-0.005952647,5996,29.98,29.990592002868652,0,0.8840068578720093,0.11599310487508774
