wall_time_sec,end_sample,end_time_sec,pred_label,prob_Eyes Open,prob_Eyes Closed,true_label,valid_true_label,correct
2.0022201538085938,400,2.0,0,0.8906758427619934,0.10932407528162,0,True,True
2.020571231842041,404,2.02,0,0.8842728137969971,0.1157272160053253,0,True,True
2.042879819869995,408,2.04,0,0.888066828250885,0.1119332239031791,0,True,True
2.069201231002808,412,2.06,0,0.8895618319511414,0.1104381904006004,0,True,True
2.088080406188965,416,2.08,0,0.8888947367668152,0.1111052185297012,0,True,True
2.103621244430542,420,2.1,0,0.8888073563575745,0.1111926883459091,0,True,True
2.1257777214050293,424,2.12,0,0.8883168697357178,0.1116830930113792,0,True,True
2.161356210708618,428,2.14,0,0.888467013835907,0.1115330010652542,0,True,True
2.167708396911621,432,2.16,0,0.8858740329742432,0.1141259670257568,0,True,True
2.187776565551758,436,2.18,0,0.8777698874473572,0.122230090200901,0,True,True
2.208848476409912,440,2.2,0,0.889064371585846,0.1109356433153152,0,True,True
2.222944498062134,444,2.22,0,0.8900739550590515,0.1099260225892067,0,True,True
2.24436354637146,448,2.24,0,0.8887649774551392,0.1112351045012474,0,True,True
2.2765517234802246,452,2.26,0,0.8871545791625977,0.1128454208374023,0,True,True
2.288780689239502,456,2.28,0,0.8887474536895752,0.111252561211586,0,True,True
2.303654193878174,460,2.3,0,0.8897872567176819,0.1102127134799957,0,True,True
2.3247005939483643,464,2.32,0,0.8898120522499084,0.1101879552006721,0,True,True
2.3371376991271973,468,2.34,0,0.890137255191803,0.1098627746105194,0,True,True
2.3539388179779053,472,2.36,0,0.890686571598053,0.1093134060502052,0,True,True
2.3821117877960205,476,2.38,0,0.8826112151145935,0.117388792335987,0,True,True
2.401922702789306,480,2.4,0,0.890337347984314,0.109662652015686,0,True,True
2.4206254482269287,484,2.42,0,0.8874161243438721,0.1125838682055473,0,True,True
2.4395840167999268,488,2.44,0,0.8852171301841736,0.114782840013504,0,True,True
2.465498447418213,492,2.46,0,0.8892009854316711,0.110798992216587,0,True,True
2.483658790588379,496,2.48,0,0.8893668055534363,0.1106332242488861,0,True,True
2.510453701019287,500,2.5,0,0.8883451819419861,0.1116548627614975,0,True,True
2.5253491401672363,504,2.52,0,0.8909490704536438,0.109050877392292,0,True,True
2.542806625366211,508,2.54,0,0.8770279884338379,0.1229719445109367,0,True,True
2.554579257965088,512,2.56,0,0.8791376352310181,0.1208623796701431,0,True,True
2.5942561626434326,516,2.58,0,0.8896695375442505,0.1103304252028465,0,True,True
2.602414608001709,520,2.6,0,0.8899919986724854,0.1100079715251922,0,True,True
2.6168582439422607,524,2.62,0,0.8909347057342529,0.1090653464198112,0,True,True
2.643562793731689,528,2.64,0,0.8876158595085144,0.1123841181397438,0,True,True
2.6668171882629395,532,2.66,0,0.8873911499977112,0.1126088425517082,0,True,True
2.6833975315093994,536,2.68,0,0.8872742056846619,0.1127257794141769,0,True,True
2.700190782546997,540,2.7,0,0.8877491354942322,0.1122508123517036,0,True,True
2.7282536029815674,544,2.72,0,0.8900662064552307,0.1099337860941886,0,True,True
2.742636203765869,548,2.74,0,0.8846583366394043,0.1153416782617569,0,True,True
2.7657546997070312,552,2.76,0,0.8896730542182922,0.1103269085288047,0,True,True
2.783529281616211,556,2.78,0,0.8860486745834351,0.1139513477683067,0,True,True
2.8005003929138184,560,2.8,0,0.886644721031189,0.113355204463005,0,True,True
2.8283727169036865,564,2.82,0,0.8889659643173218,0.1110340133309364,0,True,True
2.8424479961395264,568,2.84,0,0.8905256390571594,0.1094743311405181,0,True,True
2.876847267150879,572,2.86,0,0.8884055614471436,0.1115943789482116,0,True,True
2.8891305923461914,576,2.88,0,0.8754947185516357,0.1245052739977836,0,True,True
2.9035277366638184,580,2.9,0,0.8830109238624573,0.1169891357421875,0,True,True
2.932759046554565,584,2.92,0,0.888293981552124,0.11170594394207,0,True,True
2.952716112136841,588,2.94,0,0.8892948627471924,0.1107051149010658,0,True,True
2.964784860610962,592,2.96,0,0.8886867761611938,0.1113131940364837,0,True,True
2.9842798709869385,596,2.98,0,0.8578305840492249,0.1421694010496139,0,True,True
3.010750770568848,600,3.0,0,0.8869227766990662,0.113077238202095,0,True,True
3.042323350906372,604,3.02,0,0.8897602558135986,0.1102397218346595,0,True,True
3.0473225116729736,608,3.04,0,0.8847788572311401,0.1152211353182792,0,True,True
3.0748543739318848,612,3.06,0,0.8841435313224792,0.1158564612269401,0,True,True
3.0889933109283447,616,3.08,0,0.889379620552063,0.1106203645467758,0,True,True
3.104787349700928,620,3.1,0,0.8886299133300781,0.1113700717687606,0,True,True
3.1307637691497803,624,3.12,0,0.8879786133766174,0.1120213866233825,0,True,True
3.147036075592041,628,3.14,0,0.8538229465484619,0.1461770236492157,0,True,True
3.167836427688598,632,3.16,0,0.8842340111732483,0.1157659292221069,0,True,True
3.189894914627075,636,3.18,0,0.8862959742546082,0.1137040182948112,0,True,True
3.210618019104004,640,3.2,0,0.8892237544059753,0.1107762604951858,0,True,True
3.2255446910858154,644,3.22,0,0.886920154094696,0.1130797788500785,0,True,True
3.2320556640625,648,3.24,0,0.877104640007019,0.1228953674435615,0,True,True
3.281862735748291,652,3.26,0,0.886561930179596,0.1134381145238876,0,True,True
3.281862735748291,656,3.28,0,0.888511061668396,0.1114889755845069,0,True,True
3.300859212875366,660,3.3,0,0.8849171996116638,0.1150827631354332,0,True,True
3.3279762268066406,664,3.32,0,0.877447247505188,0.1225527971982956,0,True,True
3.344770908355713,668,3.34,0,0.88870769739151,0.1112923249602317,0,True,True
3.371553659439087,672,3.36,0,0.8892840147018433,0.1107160151004791,0,True,True
3.386606454849243,676,3.38,0,0.8901323080062866,0.1098676919937133,0,True,True
3.4024033546447754,680,3.4,0,0.884684145450592,0.1153158172965049,0,True,True
3.415297031402588,684,3.42,0,0.8876867890357971,0.1123132556676864,0,True,True
3.434966325759888,688,3.44,0,0.8851836919784546,0.1148163378238678,0,True,True
3.4601023197174072,692,3.46,0,0.883269727230072,0.1167302280664444,0,True,True
3.495105266571045,696,3.48,0,0.8731092810630798,0.1268907189369201,0,True,True
3.510826349258423,700,3.5,0,0.8886797428131104,0.1113202199339866,0,True,True
3.525015115737915,704,3.52,0,0.8897202610969543,0.1102798208594322,0,True,True
3.532015323638916,708,3.54,0,0.8898618817329407,0.1101381108164787,0,True,True
3.578317165374756,712,3.56,0,0.8851645588874817,0.1148354485630989,0,True,True
3.583096981048584,716,3.58,0,0.876113772392273,0.123886227607727,0,True,True
3.600142002105713,720,3.6,0,0.8892205357551575,0.1107794567942619,0,True,True
3.627768039703369,724,3.62,0,0.8858166337013245,0.1141834184527397,0,True,True
3.642113924026489,728,3.64,0,0.8783921599388123,0.1216078773140907,0,True,True
3.6720011234283447,732,3.66,0,0.8858479261398315,0.1141520142555236,0,True,True
3.683068037033081,736,3.68,0,0.8889776468276978,0.1110223904252052,0,True,True
3.709533452987671,740,3.7,0,0.8901167511940002,0.1098832488059997,0,True,True
3.7277016639709473,744,3.72,0,0.8887008428573608,0.1112991273403167,0,True,True
3.742557048797608,748,3.74,0,0.887315571308136,0.1126844435930252,0,True,True
3.770863771438599,752,3.76,0,0.8902002573013306,0.1097997426986694,0,True,True
3.7986035346984863,756,3.78,0,0.8898728489875793,0.1101271510124206,0,True,True
3.815362215042114,760,3.8,0,0.8907263875007629,0.1092735975980758,0,True,True
3.827546119689941,764,3.82,0,0.8881939053535461,0.1118060275912284,0,True,True
3.8421883583068848,768,3.84,0,0.886185884475708,0.1138141006231308,0,True,True
3.875100135803223,772,3.86,0,0.8860987424850464,0.113901250064373,0,True,True
3.894237756729126,776,3.88,0,0.888332188129425,0.1116678416728973,0,True,True
3.909975528717041,780,3.9,0,0.8809263706207275,0.1190736219286918,0,True,True
3.92793607711792,784,3.92,0,0.8890745043754578,0.1109255030751228,0,True,True
3.94219970703125,788,3.94,0,0.8877763748168945,0.1122236251831054,0,True,True
3.948730945587158,792,3.96,0,0.8518983125686646,0.1481016725301742,0,True,True
3.99380111694336,796,3.98,0,0.8860083222389221,0.1139916852116584,0,True,True
4.002429008483887,800,4.0,0,0.8896297216415405,0.11037028580904,0,True,True
4.016778469085693,804,4.02,0,0.8901551961898804,0.1098448261618614,0,True,True
4.032268285751343,808,4.04,0,0.8901762366294861,0.1098237261176109,0,True,True
4.065359592437744,812,4.06,0,0.8902295231819153,0.1097704321146011,0,True,True
4.086475133895874,816,4.08,0,0.8863264322280884,0.1136735677719116,0,True,True
4.1010582447052,820,4.1,0,0.8885512351989746,0.1114487871527671,0,True,True
4.127528667449951,824,4.12,0,0.88995760679245,0.110042355954647,0,True,True
4.142103672027588,828,4.14,0,0.8863486051559448,0.1136514320969581,0,True,True
4.167084932327271,832,4.16,0,0.8892598748207092,0.1107400879263877,0,True,True
4.18185305595398,836,4.18,0,0.8892930746078491,0.1107069253921508,0,True,True
4.209007740020752,840,4.2,0,0.8887732625007629,0.1112267598509788,0,True,True
4.216448068618774,844,4.22,0,0.8901584148406982,0.1098416075110435,0,True,True
4.233716249465942,848,4.24,0,0.8906552791595459,0.1093448027968406,0,True,True
4.260815382003784,852,4.26,0,0.8840651512145996,0.1159347891807556,0,True,True
4.282032251358032,856,4.28,0,0.8806934952735901,0.1193064972758293,0,True,True
4.303215980529785,860,4.3,0,0.8865737318992615,0.1134262755513191,0,True,True
4.317262172698975,864,4.32,0,0.8905116319656372,0.1094883233308792,0,True,True
4.331871271133423,868,4.34,0,0.8849084377288818,0.1150915473699569,0,True,True
4.375352382659912,872,4.36,0,0.8840641379356384,0.1159358099102974,0,True,True
4.391652345657349,876,4.38,0,0.8893956542015076,0.11060431599617,0,True,True
4.409754991531372,880,4.4,0,0.8905140161514282,0.1094859540462493,0,True,True
4.432119131088257,884,4.42,0,0.8907201290130615,0.109279841184616,0,True,True
4.443422079086304,888,4.44,0,0.8818966746330261,0.1181033626198768,0,True,True
4.4776291847229,892,4.46,0,0.8886141180992126,0.1113859266042709,0,True,True
4.482127189636231,896,4.48,0,0.8891538381576538,0.110846146941185,0,True,True
4.503633737564087,900,4.5,0,0.8713657259941101,0.1286342591047287,0,True,True
4.527957916259766,904,4.52,0,0.8871808648109436,0.1128191351890564,0,True,True
4.542543411254883,908,4.54,0,0.8876533508300781,0.1123466864228248,0,True,True
4.565919637680054,912,4.56,0,0.8894166946411133,0.1105833798646926,0,True,True
4.583770513534546,916,4.58,0,0.8884162902832031,0.1115837171673774,0,True,True
4.604106426239014,920,4.6,0,0.88776034116745,0.1122397109866142,0,True,True
4.631777763366699,924,4.62,0,0.889697790145874,0.1103022545576095,0,True,True
4.633599281311035,928,4.64,0,0.8869644999504089,0.1130354404449462,0,True,True
4.6653783321380615,932,4.66,0,0.8885946273803711,0.1114053949713707,0,True,True
4.682132005691528,936,4.68,0,0.8845455646514893,0.1154544800519943,0,True,True
4.704175233840942,940,4.7,0,0.889136016368866,0.1108639612793922,0,True,True
4.727877378463745,944,4.72,0,0.890082836151123,0.1099171563982963,0,True,True
4.741613388061523,948,4.74,0,0.8885203003883362,0.1114796847105026,0,True,True
4.765212297439575,952,4.76,0,0.8792526721954346,0.1207472681999206,0,True,True
4.783597469329834,956,4.78,0,0.8881115317344666,0.111888401210308,0,True,True
4.806802034378052,960,4.8,0,0.8842186331748962,0.1157813444733619,0,True,True
4.832137584686279,964,4.82,0,0.8898927569389343,0.1101071909070015,0,True,True
4.843029260635376,968,4.84,0,0.8605148792266846,0.1394851356744766,0,True,True
4.878334283828735,972,4.86,0,0.887239933013916,0.1127600222826004,0,True,True
4.883452653884888,976,4.88,0,0.8880152702331543,0.1119847521185875,0,True,True
4.900207757949829,980,4.9,0,0.8885712027549744,0.111428752541542,0,True,True
4.927692174911499,984,4.92,0,0.8895830512046814,0.1104169711470604,0,True,True
4.942861080169678,988,4.94,0,0.8820475339889526,0.1179525032639503,0,True,True
4.967245817184448,992,4.96,0,0.888654351234436,0.1113457009196281,0,True,True
4.994769811630249,996,4.98,0,0.8890038132667542,0.1109962314367294,0,True,True
5.0093419551849365,1000,5.0,0,0.8889749646186829,0.1110250577330589,0,True,True
5.021212100982666,1004,5.02,0,0.8781770467758179,0.1218229532241821,0,True,True
5.033708572387695,1008,5.04,0,0.8885408043861389,0.1114592254161834,0,True,True
5.065411329269409,1012,5.06,0,0.8886048793792725,0.1113951131701469,0,True,True
5.083710432052612,1016,5.08,0,0.8893682956695557,0.1106317117810249,0,True,True
5.100699424743652,1020,5.1,0,0.8752455711364746,0.1247544139623642,0,True,True
5.127005577087402,1024,5.12,0,0.8838372230529785,0.116162784397602,0,True,True
5.142002820968628,1028,5.14,0,0.887900173664093,0.1120998635888099,0,True,True
5.166977405548096,1032,5.16,0,0.8839877843856812,0.1160122826695442,0,True,True
5.194395303726196,1036,5.18,0,0.872082531452179,0.1279174983501434,0,True,True
5.20936918258667,1040,5.2,0,0.8875344395637512,0.1124655455350875,0,True,True
5.225537061691284,1044,5.22,0,0.885175883769989,0.1148241981863975,0,True,True
5.244559288024902,1048,5.24,0,0.8863382935523987,0.1136616542935371,0,True,True
5.261219263076782,1052,5.26,0,0.8762738108634949,0.1237261742353439,0,True,True
5.292382955551148,1056,5.28,0,0.8837204575538635,0.1162794902920723,0,True,True
5.310653924942017,1060,5.3,0,0.888701319694519,0.1112987399101257,0,True,True
5.325959205627441,1064,5.32,0,0.8906024098396301,0.1093975752592086,0,True,True
5.341465711593628,1068,5.34,0,0.8880458474159241,0.1119541451334953,0,True,True
5.36220645904541,1072,5.36,0,0.883601725101471,0.1163982674479484,0,True,True
5.394413471221924,1076,5.38,0,0.890044093132019,0.1099558323621749,0,True,True
5.408898115158081,1080,5.4,0,0.8899328112602234,0.1100672110915184,0,True,True
5.426274538040161,1084,5.42,0,0.8901680111885071,0.1098320111632347,0,True,True
5.444106578826904,1088,5.44,0,0.885337769985199,0.1146622449159622,0,True,True
5.47321891784668,1092,5.46,0,0.8845105767250061,0.1154893785715103,0,True,True
5.492639064788818,1096,5.48,0,0.8895750045776367,0.1104249507188797,0,True,True
5.500195264816284,1100,5.5,0,0.8906346559524536,0.1093653216958046,0,True,True
5.52745532989502,1104,5.52,0,0.8903775811195374,0.1096223592758178,0,True,True
5.542758941650391,1108,5.54,0,0.885844886302948,0.1141551285982132,0,True,True
5.576027154922485,1112,5.56,0,0.886917233467102,0.1130827814340591,0,True,True
5.592589855194092,1116,5.58,0,0.887902021408081,0.1120979860424995,0,True,True
5.605690956115723,1120,5.6,0,0.8869324326515198,0.113067589700222,0,True,True
5.627787351608276,1124,5.62,0,0.8882558345794678,0.1117441281676292,0,True,True
5.6419312953948975,1128,5.64,0,0.8900198340415955,0.1099800989031791,0,True,True
5.666749000549316,1132,5.66,0,0.8868887424468994,0.1131112053990364,0,True,True
5.683840036392212,1136,5.68,0,0.882032573223114,0.1179673969745636,0,True,True
5.700485706329346,1140,5.7,0,0.889702320098877,0.1102976575493812,0,True,True
5.727370500564575,1144,5.72,0,0.8902387022972107,0.1097613275051117,0,True,True
5.742642879486084,1148,5.74,0,0.8878554105758667,0.1121445447206497,0,True,True
5.7677271366119385,1152,5.76,0,0.8876401782035828,0.1123597919940948,0,True,True
5.787379503250122,1156,5.78,0,0.8905451893806458,0.1094548031687736,0,True,True
5.800295352935791,1160,5.8,0,0.8876993656158447,0.112300656735897,0,True,True
5.828526973724365,1164,5.82,0,0.889330267906189,0.1106697022914886,0,True,True
5.837949752807617,1168,5.84,0,0.8841572403907776,0.1158427372574806,0,True,True
5.860735893249512,1172,5.86,0,0.8886821866035461,0.1113178133964538,0,True,True
5.894030332565308,1176,5.88,0,0.8878922462463379,0.1121077090501785,0,True,True
5.898835182189941,1180,5.9,0,0.8899093866348267,0.1100905612111091,0,True,True
5.917211055755615,1184,5.92,0,0.8901564478874207,0.1098435372114181,0,True,True
5.931906223297119,1188,5.94,0,0.8807625770568848,0.1192374527454376,0,True,True
5.966811656951904,1192,5.96,0,0.8896530270576477,0.1103469729423523,0,True,True
5.982306241989136,1196,5.98,0,0.8728882670402527,0.1271117925643921,0,True,True
6.008543252944946,1200,6.0,0,0.8883152604103088,0.1116846948862075,0,True,True
6.027704954147339,1204,6.02,0,0.8887944221496582,0.1112056002020835,0,True,True
6.042279005050659,1208,6.04,0,0.8892402648925781,0.1107596978545188,0,True,True
6.077295303344727,1212,6.06,0,0.883758008480072,0.1162419989705085,0,True,True
6.092909336090088,1216,6.08,0,0.8797414302825928,0.120258554816246,0,True,True
6.109230756759644,1220,6.1,0,0.8894274830818176,0.1105724722146987,0,True,True
6.127623319625855,1224,6.12,0,0.8891976475715637,0.1108023002743721,0,True,True
6.142267465591431,1228,6.14,0,0.8827164769172668,0.1172835007309913,0,True,True
6.166624546051025,1232,6.16,0,0.8901986479759216,0.1098013743758201,0,True,True
6.184090852737427,1236,6.18,0,0.8899132609367371,0.1100867614150047,0,True,True
6.200241088867188,1240,6.2,0,0.8835877180099487,0.1164122521877288,0,True,True
6.229313850402832,1244,6.22,0,0.8861059546470642,0.1138941124081611,0,True,True
6.244325160980225,1248,6.24,0,0.888308584690094,0.1116914004087448,0,True,True
6.262508392333984,1252,6.26,0,0.8898081183433533,0.1101918891072273,0,True,True
6.300762891769409,1256,6.28,0,0.8902938961982727,0.1097061485052108,0,True,True
6.310405492782593,1260,6.3,0,0.8905012607574463,0.1094987615942955,0,True,True
6.326028108596802,1264,6.32,0,0.8855146765708923,0.1144853010773658,0,True,True
6.348841667175293,1268,6.34,0,0.8874192237854004,0.112580731511116,0,True,True
6.348841667175293,1272,6.36,0,0.888482928276062,0.1115170568227768,0,True,True
6.398939371109009,1276,6.38,0,0.8867913484573364,0.1132086440920829,0,True,True
6.407788991928101,1280,6.4,0,0.8892258405685425,0.1107741445302963,0,True,True
6.434100866317749,1284,6.42,0,0.8869398832321167,0.1130601540207862,0,True,True
6.44871711730957,1288,6.44,0,0.8844202160835266,0.1155797839164733,0,True,True
6.44871711730957,1292,6.46,0,0.8895776867866516,0.1104223132133483,0,True,True
6.494063138961792,1296,6.48,0,0.8894952535629272,0.1105047538876533,0,True,True
6.498773813247681,1300,6.5,0,0.8908640146255493,0.1091359481215477,0,True,True
6.516991138458252,1304,6.52,0,0.8840531706809998,0.1159468293190002,0,True,True
6.544024467468262,1308,6.54,0,0.8600641489028931,0.1399358510971069,0,True,True
6.575090169906616,1312,6.56,0,0.8874197006225586,0.112580306828022,0,True,True
6.583407163619995,1316,6.58,0,0.885358989238739,0.1146409958600997,0,True,True
6.600245475769043,1320,6.6,0,0.8883635997772217,0.1116364225745201,0,True,True
6.62773323059082,1324,6.62,0,0.8846093416213989,0.1153906509280204,0,True,True
6.641398906707764,1328,6.64,0,0.8865023851394653,0.1134975478053093,0,True,True
6.669940710067749,1332,6.66,0,0.8895838260650635,0.1104162260890007,0,True,True
6.686301946640015,1336,6.68,0,0.8894717693328857,0.1105282679200172,0,True,True
6.700805902481079,1340,6.7,0,0.8855034708976746,0.1144965812563896,0,True,True
6.7275941371917725,1344,6.72,0,0.8736487030982971,0.1263513267040252,0,True,True
6.742388486862183,1348,6.74,0,0.8885757327079773,0.1114242747426033,0,True,True
6.759655952453613,1352,6.76,0,0.8890239000320435,0.1109761148691177,0,True,True
6.790925979614258,1356,6.78,0,0.8903489708900452,0.1096510142087936,0,True,True
6.811959743499756,1360,6.8,0,0.8828464150428772,0.1171535700559616,0,True,True
6.81656813621521,1364,6.82,0,0.8864713311195374,0.1135287135839462,0,True,True
6.844109296798706,1368,6.84,0,0.8820780515670776,0.1179219782352447,0,True,True
6.865452766418457,1372,6.86,0,0.8889442086219788,0.1110557839274406,0,True,True
6.886777877807617,1376,6.88,0,0.889447808265686,0.1105522215366363,0,True,True
6.911478281021118,1380,6.9,0,0.8818153738975525,0.1181846633553505,0,True,True
6.927443981170654,1384,6.92,0,0.8876792788505554,0.1123207211494445,0,True,True
6.942392110824585,1388,6.94,0,0.8881009221076965,0.1118990927934646,0,True,True
6.969758749008179,1392,6.96,0,0.8862121105194092,0.1137879118323326,0,True,True
6.9901323318481445,1396,6.98,0,0.881115734577179,0.1188842877745628,0,True,True
7.009694576263428,1400,7.0,0,0.8847766518592834,0.1152233257889747,0,True,True
7.033567905426025,1404,7.02,0,0.8826838731765747,0.1173161938786506,0,True,True
7.04410719871521,1408,7.04,0,0.8862703442573547,0.1137296482920646,0,True,True
7.077178716659546,1412,7.06,0,0.8859940767288208,0.1140059605240821,0,True,True
7.089699983596802,1416,7.08,0,0.876373827457428,0.1236262321472168,0,True,True
7.109760999679565,1420,7.1,0,0.8896861672401428,0.1103138551115989,0,True,True
7.133138656616211,1424,7.12,0,0.8860387206077576,0.113961286842823,0,True,True
7.144268035888672,1428,7.14,0,0.8808794617652893,0.1191205456852912,0,True,True
7.174165010452271,1432,7.16,0,0.8766913414001465,0.1233086287975311,0,True,True
7.191195487976074,1436,7.18,0,0.8895819187164307,0.1104181259870529,0,True,True
7.210095643997192,1440,7.2,0,0.890383243560791,0.1096167042851448,0,True,True
7.227954864501953,1444,7.22,0,0.8872594833374023,0.1127405166625976,0,True,True
7.24371075630188,1448,7.24,0,0.8709508180618286,0.1290491968393325,0,True,True
7.269684314727783,1452,7.26,0,0.8851996660232544,0.114800326526165,0,True,True
7.2909770011901855,1456,7.28,0,0.881811797618866,0.1181882098317146,0,True,True
7.302066802978516,1460,7.3,0,0.8890765309333801,0.110923483967781,0,True,True
7.325363874435425,1464,7.32,0,0.889723539352417,0.1102764979004859,0,True,True
7.343623876571655,1468,7.34,0,0.8559775948524475,0.1440223902463913,0,True,True
7.370034217834473,1472,7.36,0,0.887763500213623,0.1122364699840545,0,True,True
7.3901166915893555,1476,7.38,0,0.8857764601707458,0.1142235398292541,0,True,True
7.41012978553772,1480,7.4,0,0.8883448243141174,0.1116552352905273,0,True,True
7.426884412765503,1484,7.42,0,0.8836691975593567,0.1163308322429657,0,True,True
7.441645860671997,1488,7.44,0,0.8854709267616272,0.1145290732383728,0,True,True
7.4769885540008545,1492,7.46,0,0.8894665837287903,0.1105334162712097,0,True,True
7.493765115737915,1496,7.48,0,0.8903024792671204,0.1096975281834602,0,True,True
7.512035608291626,1500,7.5,0,0.8912875056266785,0.1087124720215797,0,True,True
7.526938676834106,1504,7.52,0,0.883979082107544,0.116020880639553,0,True,True
7.540068864822388,1508,7.54,0,0.8801711201667786,0.1198288723826408,0,True,True
7.574089527130127,1512,7.56,0,0.8896942734718323,0.1103057116270065,0,True,True
7.594058513641357,1516,7.58,0,0.8869893550872803,0.1130106374621391,0,True,True
7.608268737792969,1520,7.6,0,0.887836217880249,0.1121637821197509,0,True,True
7.622056245803833,1524,7.62,0,0.8851302862167358,0.1148697733879089,0,True,True
7.639835357666016,1528,7.64,0,0.8865731358528137,0.113426886498928,0,True,True
7.659855604171753,1532,7.66,0,0.8890441656112671,0.110955886542797,0,True,True
7.690104722976685,1536,7.68,0,0.8899196982383728,0.110080286860466,0,True,True
7.7099997997283936,1540,7.7,0,0.8889129161834717,0.1110870689153671,0,True,True
7.725080490112305,1544,7.72,0,0.8883845210075378,0.1116154417395591,0,True,True
7.761830806732178,1548,7.74,0,0.8627305030822754,0.1372695118188858,0,True,True
7.767394542694092,1552,7.76,0,0.8853300213813782,0.1146700382232666,0,True,True
7.793178081512451,1556,7.78,0,0.8893142938613892,0.1106857508420944,0,True,True
7.808224678039551,1560,7.8,0,0.8903676867485046,0.1096322759985923,0,True,True
7.819770336151123,1564,7.82,0,0.8889491558074951,0.1110508739948272,0,True,True
7.845082521438599,1568,7.84,0,0.884352445602417,0.1156476363539695,0,True,True
7.869828224182129,1572,7.86,0,0.8884586691856384,0.1115414053201675,0,True,True
7.8921959400177,1576,7.88,0,0.8909322023391724,0.1090677753090858,0,True,True
7.909864187240601,1580,7.9,0,0.8908350467681885,0.1091649755835533,0,True,True
7.92798376083374,1584,7.92,0,0.8895600438117981,0.1104399189352989,0,True,True
7.942080020904541,1588,7.94,0,0.8878657221794128,0.1121342256665229,0,True,True
7.974919557571411,1592,7.96,0,0.8669179677963257,0.1330820024013519,0,True,True
7.993941068649292,1596,7.98,0,0.88779217004776,0.1122078076004982,0,True,True
8.008890151977539,1600,8.0,0,0.8878520131111145,0.1121479719877243,0,True,True
8.02491569519043,1604,8.02,0,0.8906760811805725,0.1093239486217498,0,True,True
8.039830684661865,1608,8.04,0,0.8789017200469971,0.1210982725024223,0,True,True
8.066370725631714,1612,8.06,0,0.8671804666519165,0.1328195184469223,0,True,True
8.082141637802124,1616,8.08,0,0.8870303630828857,0.1129696518182754,0,True,True
8.110175609588623,1620,8.1,0,0.8780500292778015,0.1219500005245208,0,True,True
8.127832412719727,1624,8.12,0,0.8876803517341614,0.1123196184635162,0,True,True
8.139891862869263,1628,8.14,0,0.837944746017456,0.1620552837848663,0,True,True
8.174612522125244,1632,8.16,0,0.8722291588783264,0.1277709007263183,0,True,True
8.19258165359497,1636,8.18,0,0.8827028870582581,0.1172971129417419,0,True,True
8.210150957107544,1640,8.2,0,0.8814333081245422,0.1185666769742965,0,True,True
8.228050947189331,1644,8.22,0,0.8588488698005676,0.1411511600017547,0,True,True
8.242924690246582,1648,8.24,0,0.8375766277313232,0.1624233871698379,0,True,True
8.278878450393677,1652,8.26,0,0.8865244388580322,0.1134756058454513,0,True,True
8.294711351394653,1656,8.28,1,0.386824756860733,0.6131752729415894,0,True,False
8.308849334716797,1660,8.3,0,0.7455876469612122,0.2544124126434326,0,True,True
8.319950342178345,1664,8.32,0,0.6150802969932556,0.3849197328090668,0,True,True
8.339876174926758,1668,8.34,0,0.8776078224182129,0.1223922148346901,0,True,True
8.36992335319519,1672,8.36,1,0.0418158136308193,0.9581841230392456,0,True,False
8.382240533828735,1676,8.38,0,0.7310269474983215,0.2689730525016784,0,True,True
8.401559114456177,1680,8.4,1,0.026617381721735,0.9733826518058776,0,True,False
8.427905321121216,1684,8.42,1,0.071259506046772,0.9287405014038086,0,True,False
8.443411827087402,1688,8.44,1,0.0366543941199779,0.9633455872535706,0,True,False
8.482001304626465,1692,8.46,1,0.0409903191030025,0.9590096473693848,0,True,False
8.48380994796753,1696,8.48,1,0.0243449192494153,0.9756550788879396,0,True,False
8.510226488113403,1700,8.5,1,0.0652876794338226,0.934712290763855,0,True,False
8.52187705039978,1704,8.52,1,0.0357836261391639,0.9642163515090942,0,True,False
8.551136255264282,1708,8.54,1,0.0472038872539997,0.9527961611747742,0,True,False
8.573784112930298,1712,8.56,1,0.0232695546001195,0.9767304062843324,0,True,False
8.584127426147461,1716,8.58,1,0.0298246853053569,0.9701752662658693,1,True,True
8.610021352767944,1720,8.6,1,0.0399940013885498,0.9600059986114502,1,True,True
8.627098798751831,1724,8.62,1,0.033787302672863,0.9662126302719116,1,True,True
8.641948699951172,1728,8.64,1,0.02394225820899,0.9760577082633972,1,True,True
8.670565605163574,1732,8.66,1,0.0225424412637949,0.9774575233459472,1,True,True
8.692338228225708,1736,8.68,1,0.0427711755037307,0.9572288393974304,1,True,True
8.707012176513672,1740,8.7,1,0.03316081315279,0.9668391942977904,1,True,True
8.724902153015137,1744,8.72,1,0.0860752835869789,0.913924753665924,1,True,True
8.742329359054565,1748,8.74,1,0.0221632122993469,0.977836847305298,1,True,True
8.77520227432251,1752,8.76,1,0.0252582263201475,0.974741756916046,1,True,True
8.790138483047485,1756,8.78,1,0.0331172086298465,0.9668827652931212,1,True,True
8.81019639968872,1760,8.8,1,0.0419108942151069,0.9580891728401184,1,True,True
8.827117204666138,1764,8.82,1,0.0228350441902875,0.9771649241447448,1,True,True
8.841794490814209,1768,8.84,1,0.0252589862793684,0.9747410416603088,1,True,True
8.87613320350647,1772,8.86,1,0.040476631373167,0.959523379802704,1,True,True
8.894569396972656,1776,8.88,1,0.0345061123371124,0.96549391746521,1,True,True
8.910104751586914,1780,8.9,1,0.0404817461967468,0.959518313407898,1,True,True
8.927075386047363,1784,8.92,1,0.0234113745391368,0.9765886068344116,1,True,True
8.942047119140625,1788,8.94,1,0.0578659176826477,0.9421340227127076,1,True,True
8.974523544311523,1792,8.96,1,0.035651046782732,0.9643489122390748,1,True,True
8.998740911483765,1796,8.98,1,0.0981388315558433,0.9018611311912536,1,True,True
9.010919332504272,1800,9.0,1,0.0237772613763809,0.9762227535247804,1,True,True
9.021226167678831,1804,9.02,1,0.0472163893282413,0.9527835845947266,1,True,True
9.044783353805542,1808,9.04,1,0.0375823080539703,0.962417721748352,1,True,True
9.074771165847778,1812,9.06,1,0.0414889268577098,0.9585110545158386,1,True,True
9.092161893844604,1816,9.08,1,0.0279152281582355,0.9720847010612488,1,True,True
9.11190128326416,1820,9.1,1,0.0237881261855363,0.9762118458747864,1,True,True
9.126272916793823,1824,9.12,1,0.0353628918528556,0.9646371603012084,1,True,True
9.139817237854004,1828,9.14,1,0.0364733338356018,0.963526725769043,1,True,True
9.170058488845823,1832,9.16,1,0.023728622123599,0.976271390914917,1,True,True
9.189786195755005,1836,9.18,1,0.0230978317558765,0.9769021272659302,1,True,True
9.209975957870483,1840,9.2,1,0.0376817062497139,0.962318241596222,1,True,True
9.220006942749023,1844,9.22,1,0.0347698479890823,0.9652301669120787,1,True,True
9.239962339401243,1848,9.24,1,0.0813635066151619,0.9186365008354188,1,True,True
9.269848346710203,1852,9.26,1,0.0229801051318645,0.9770199060440063,1,True,True
9.29019045829773,1856,9.28,1,0.0262158624827861,0.9737841486930848,1,True,True
9.310240507125854,1860,9.3,1,0.0338120386004447,0.9661879539489746,1,True,True
9.31985640525818,1864,9.32,1,0.0437148474156856,0.9562851786613464,1,True,True
9.344473123550417,1868,9.34,1,0.0232603438198566,0.9767395853996276,1,True,True
9.36991810798645,1872,9.36,1,0.0230708271265029,0.976929247379303,1,True,True
9.39002251625061,1876,9.38,1,0.0394342355430126,0.960565745830536,1,True,True
9.409905195236206,1880,9.4,1,0.0340919196605682,0.9659080505371094,1,True,True
9.433218717575071,1884,9.42,1,0.0515700653195381,0.9484300017356871,1,True,True
9.441899061203005,1888,9.44,1,0.0231431238353252,0.9768568873405457,1,True,True
9.47006130218506,1892,9.46,1,0.0387535095214843,0.9612464904785156,1,True,True
9.494822978973389,1896,9.48,1,0.0345777310431003,0.96542227268219,1,True,True
9.508280515670776,1900,9.5,1,0.0526978746056556,0.9473020434379578,1,True,True
9.522625923156738,1904,9.52,1,0.0236604176461696,0.97633957862854,1,True,True
9.540075540542604,1908,9.54,1,0.0388276167213916,0.9611724019050598,1,True,True
9.56144642829895,1912,9.56,1,0.0468807816505432,0.9531192183494568,1,True,True
9.590010166168211,1916,9.58,1,0.0364670194685459,0.9635329842567444,1,True,True
9.606561660766602,1920,9.6,1,0.0486951433122158,0.951304852962494,1,True,True
9.626617193222046,1924,9.62,1,0.0238944105803966,0.9761055111885072,1,True,True
9.640134334564207,1928,9.64,1,0.061454351991415,0.93854558467865,1,True,True
9.6752028465271,1932,9.66,1,0.0357062071561813,0.9642938375473022,1,True,True
9.69006371498108,1936,9.68,1,0.0689767822623252,0.9310232400894164,1,True,True
9.710126876831056,1940,9.7,1,0.0237585622817277,0.976241409778595,1,True,True
9.733136892318726,1944,9.72,1,0.0379943735897541,0.962005615234375,1,True,True
9.753000020980837,1948,9.74,1,0.0393626950681209,0.9606373310089112,1,True,True
9.77496862411499,1952,9.76,1,0.0390732437372207,0.9609267711639404,1,True,True
9.789840936660768,1956,9.78,1,0.044088028371334,0.9559119343757628,1,True,True
9.809991598129272,1960,9.8,1,0.0244509428739547,0.9755491018295288,1,True,True
9.832223653793337,1964,9.82,1,0.0591103546321392,0.9408896565437316,1,True,True
9.844968318939207,1968,9.84,1,0.0355072952806949,0.9644927382469176,1,True,True
9.876898050308228,1972,9.86,1,0.0969279929995536,0.9030719995498656,1,True,True
9.88982391357422,1976,9.88,1,0.0243914164602756,0.97560852766037,1,True,True
9.9017972946167,1980,9.9,1,0.0408891960978508,0.9591108560562134,1,True,True
9.927188873291016,1984,9.92,1,0.0386957712471485,0.961304247379303,1,True,True
9.94129753112793,1988,9.94,1,0.0393867082893848,0.960613250732422,1,True,True
9.97007656097412,1992,9.96,1,0.0246901698410511,0.9753098487854004,1,True,True
9.994073867797852,1996,9.98,1,0.0278676412999629,0.9721323847770692,1,True,True
10.00918960571289,2000,10.0,1,0.0653468146920204,0.9346532225608826,1,True,True
10.02211093902588,2004,10.02,1,0.0348214469850063,0.9651785492897034,1,True,True
10.03999924659729,2008,10.04,1,0.06990547478199,0.9300945401191713,1,True,True
10.07209587097168,2012,10.06,1,0.0230508726090192,0.976949155330658,1,True,True
10.09118366241455,2016,10.08,1,0.0583814308047294,0.9416186213493348,1,True,True
10.101862907409668,2020,10.1,1,0.0424249209463596,0.9575751423835754,1,True,True
10.127091646194458,2024,10.12,1,0.0376260392367839,0.9623739719390868,1,True,True
10.148880958557127,2028,10.14,1,0.054610401391983,0.9453895688056946,1,True,True
10.161505222320557,2032,10.16,1,0.0235307142138481,0.9764692187309264,1,True,True
10.194113969802856,2036,10.18,1,0.0526750311255455,0.9473249316215516,1,True,True
10.208439111709597,2040,10.2,1,0.0369329787790775,0.9630669951438904,1,True,True
10.224921703338625,2044,10.22,1,0.0437854640185833,0.9562145471572876,1,True,True
10.244723081588743,2048,10.24,1,0.02592733502388,0.9740726947784424,1,True,True
10.276072263717651,2052,10.26,1,0.0260751564055681,0.9739248156547546,1,True,True
10.291380643844604,2056,10.28,1,0.0596078783273696,0.9403921365737916,1,True,True
10.310083866119385,2060,10.3,1,0.0374143384397029,0.9625856876373292,1,True,True
10.32734227180481,2064,10.32,1,0.0729222893714904,0.9270777106285096,1,True,True
10.343079090118408,2068,10.34,1,0.0261454060673713,0.9738546013832092,1,True,True
10.375147342681885,2072,10.36,1,0.0253824088722467,0.974617600440979,1,True,True
10.39012598991394,2076,10.38,1,0.0428634323179721,0.957136571407318,1,True,True
10.409933805465698,2080,10.4,1,0.0365689806640148,0.9634310007095336,1,True,True
10.427019119262695,2084,10.42,1,0.0396345369517803,0.9603654742240906,1,True,True
10.442302703857422,2088,10.44,1,0.0243522394448518,0.9756478071212769,1,True,True
10.46025037765503,2092,10.46,1,0.0421783588826656,0.9578216671943665,1,True,True
10.494059085845947,2096,10.48,1,0.0368908978998661,0.9631090760231018,1,True,True
10.508966207504272,2100,10.5,1,0.0477930977940559,0.9522069692611694,1,True,True
10.520304441452026,2104,10.52,1,0.0335467793047428,0.9664531946182252,1,True,True
10.544363021850586,2108,10.54,1,0.0254750084131956,0.9745250344276428,1,True,True
10.570045471191406,2112,10.56,1,0.0537621304392814,0.946237862110138,1,True,True
10.590253591537476,2116,10.58,1,0.0383681468665599,0.9616318345069884,1,True,True
10.610187530517578,2120,10.6,1,0.0454929694533348,0.954507052898407,1,True,True
10.627415657043455,2124,10.62,1,0.0281805880367755,0.9718194007873536,1,True,True
10.643564462661743,2128,10.64,1,0.1170034483075141,0.8829966187477112,1,True,True
10.666576147079468,2132,10.66,1,0.0522213466465473,0.9477787017822266,1,True,True
10.690057277679443,2136,10.68,1,0.0542275197803974,0.9457724094390868,1,True,True
10.715635538101196,2140,10.7,1,0.1073670387268066,0.8926330208778381,1,True,True
10.728078842163086,2144,10.72,1,0.0303001161664724,0.9696998596191406,1,True,True
10.742051601409912,2148,10.74,1,0.0871820971369743,0.9128179550170898,1,True,True
10.776480674743652,2152,10.76,1,0.0412898249924182,0.9587101936340332,1,True,True
10.79401969909668,2156,10.78,1,0.1140413507819175,0.8859586119651794,1,True,True
10.808376550674438,2160,10.8,1,0.0293453820049762,0.9706546068191528,1,True,True
10.819974422454834,2164,10.82,1,0.046233519911766,0.9537664651870728,1,True,True
10.839970350265505,2168,10.84,1,0.0434011332690715,0.9565988779067992,1,True,True
10.86849284172058,2172,10.86,1,0.0421289540827274,0.9578710198402404,1,True,True
10.882269620895386,2176,10.88,1,0.0541674941778183,0.9458324909210204,1,True,True
10.902559041976929,2180,10.9,1,0.0247532371431589,0.9752467274665833,1,True,True
10.928386211395264,2184,10.92,1,0.0722375214099884,0.927762508392334,1,True,True
10.944268226623535,2188,10.94,1,0.0368116199970245,0.963188409805298,1,True,True
10.970180034637451,2192,10.96,1,0.0752193108201026,0.9247806668281556,1,True,True
10.990150451660156,2196,10.98,1,0.0245139859616756,0.9754859805107116,1,True,True
11.010260581970217,2200,11.0,1,0.0299972854554653,0.9700027704238892,1,True,True
11.02720594406128,2204,11.02,1,0.0515047125518322,0.9484952688217164,1,True,True
11.041533708572388,2208,11.04,1,0.0370924025774002,0.9629075527191162,1,True,True
11.076645135879517,2212,11.06,1,0.0948979407548904,0.9051020741462708,1,True,True
11.09824013710022,2216,11.08,1,0.0240555573254823,0.9759443998336792,1,True,True
11.110146760940552,2220,11.1,1,0.0562334097921848,0.9437665939331056,1,True,True
11.126673698425291,2224,11.12,1,0.0404109917581081,0.9595890045166016,1,True,True
11.144865036010742,2228,11.14,1,0.0376241877675056,0.9623757600784302,1,True,True
11.173850297927856,2232,11.16,1,0.0239078272134065,0.9760921597480774,1,True,True
11.192862272262571,2236,11.18,1,0.0267597157508134,0.9732402563095092,1,True,True
11.210012674331663,2240,11.2,1,0.042496670037508,0.9575033187866212,1,True,True
11.22721004486084,2244,11.22,1,0.0403197109699249,0.9596803188323976,1,True,True
11.242003679275513,2248,11.24,1,0.0831427127122879,0.9168573021888732,1,True,True
11.27510666847229,2252,11.26,1,0.0276615805923938,0.9723384380340576,1,True,True
11.285211324691772,2256,11.28,1,0.0307739824056625,0.969226062297821,1,True,True
11.300323247909546,2260,11.3,1,0.0388983450829982,0.9611017107963562,1,True,True
11.327433824539185,2264,11.32,1,0.0390035174787044,0.9609965682029724,1,True,True
11.342662572860718,2268,11.34,1,0.0315852016210556,0.9684147238731384,1,True,True
11.377025604248049,2272,11.36,1,0.0235823690891265,0.9764176607131958,1,True,True
11.38702630996704,2276,11.38,1,0.0633691251277923,0.93663090467453,1,True,True
11.41013503074646,2280,11.4,1,0.0355580151081085,0.9644419550895692,1,True,True
11.42723560333252,2284,11.42,1,0.0387962013483047,0.9612037539482116,1,True,True
11.442276000976562,2288,11.44,1,0.0239724200218915,0.9760276079177856,1,True,True
11.46989679336548,2292,11.46,1,0.023397522047162,0.9766024947166444,1,True,True
11.490853309631348,2296,11.48,1,0.0614469163119792,0.9385530352592468,1,True,True
11.51002812385559,2300,11.5,1,0.0335630923509597,0.9664369821548462,1,True,True
11.520041227340698,2304,11.52,1,0.0479444861412048,0.9520555138587952,1,True,True
11.544104099273682,2308,11.54,1,0.0230483263731002,0.9769516587257384,1,True,True
11.570130109786987,2312,11.56,1,0.0239441320300102,0.976055920124054,1,True,True
11.590166091918944,2316,11.58,1,0.0399015992879867,0.960098385810852,1,True,True
11.601012229919434,2320,11.6,1,0.0346473306417465,0.9653527140617372,1,True,True
11.619880199432371,2324,11.62,1,0.0369979366660118,0.96300208568573,1,True,True
11.64413285255432,2328,11.64,1,0.0230850037187337,0.9769150018692015,1,True,True
11.670055150985718,2332,11.66,1,0.0402044504880905,0.9597955346107484,1,True,True
11.68985366821289,2336,11.68,1,0.0348284840583801,0.96517151594162,1,True,True
11.710070848464966,2340,11.7,1,0.0413419120013713,0.9586580395698548,1,True,True
11.728097438812256,2344,11.72,1,0.023737970739603,0.976262092590332,1,True,True
11.743723154067991,2348,11.74,1,0.0242501124739646,0.9757499098777772,1,True,True
11.77535104751587,2352,11.76,1,0.0466923452913761,0.9533076882362366,1,True,True
11.790306806564333,2356,11.78,1,0.0356434099376201,0.964356541633606,1,True,True
11.809873819351196,2360,11.8,1,0.070210225880146,0.9297897815704346,1,True,True
11.834713220596312,2364,11.82,1,0.0241296757012605,0.9758703708648682,1,True,True
11.854137182235718,2368,11.84,1,0.0251761842519044,0.9748237729072572,1,True,True
11.870110988616943,2372,11.86,1,0.0453790128231048,0.9546210169792176,1,True,True
11.890694856643677,2376,11.88,1,0.0359920039772987,0.9640080332756042,1,True,True
11.913740396499634,2380,11.9,1,0.0823575258255004,0.9176424145698548,1,True,True
11.932367086410522,2384,11.92,1,0.0240495968610048,0.9759504199028016,1,True,True
11.940333127975464,2388,11.94,1,0.0388428531587123,0.961157202720642,1,True,True
11.97685956954956,2392,11.96,1,0.04370142146945,0.9562985897064208,1,True,True
11.990371465682983,2396,11.98,1,0.040769025683403,0.9592309594154358,1,True,True
12.005800247192385,2400,12.0,1,0.1195470988750457,0.8804528713226318,1,True,True
12.032139301300049,2404,12.02,1,0.0263229310512542,0.973677098751068,1,True,True
12.039945840835571,2408,12.04,1,0.0552644878625869,0.9447355270385742,1,True,True
12.078291177749634,2412,12.06,1,0.0425016768276691,0.95749831199646,1,True,True
12.09020185470581,2416,12.08,1,0.0597035214304924,0.9402965307235718,1,True,True
12.110373497009276,2420,12.1,1,0.1393678933382034,0.8606321215629578,1,True,True
12.133203029632568,2424,12.12,1,0.0280889086425304,0.971911072731018,1,True,True
12.142318487167358,2428,12.14,1,0.0607583485543727,0.9392417073249816,1,True,True
12.17007613182068,2432,12.16,1,0.0469436272978782,0.9530563950538636,1,True,True
12.193920850753784,2436,12.18,1,0.1525361388921737,0.847463846206665,1,True,True
12.208991289138794,2440,12.2,1,0.045727539807558,0.9542723894119264,1,True,True
12.225029706954956,2444,12.22,1,0.0592361539602279,0.9407638907432556,1,True,True
12.240169525146484,2448,12.24,1,0.0525071546435356,0.9474928379058838,1,True,True
12.276790618896484,2452,12.26,1,0.0449547730386257,0.955045223236084,1,True,True
12.293895959854126,2456,12.28,1,0.0352835655212402,0.9647164344787598,1,True,True
12.308404922485352,2460,12.3,1,0.0538354851305484,0.9461645483970642,1,True,True
12.32013726234436,2464,12.32,1,0.1344872117042541,0.8655127882957458,1,True,True
12.340227842330933,2468,12.34,1,0.0467843674123287,0.9532155990600586,1,True,True
12.36305022239685,2472,12.36,1,0.069442793726921,0.930557131767273,1,True,True
12.394455909729004,2476,12.38,1,0.0433350875973701,0.9566649198532104,1,True,True
12.408652782440186,2480,12.4,1,0.0445330739021301,0.95546692609787,1,True,True
12.420284032821655,2484,12.42,1,0.1392650157213211,0.8607349991798401,1,True,True
12.440186262130736,2488,12.44,1,0.0417054295539855,0.9582945704460144,1,True,True
12.47381830215454,2492,12.46,1,0.1098478287458419,0.8901521563529968,1,True,True
12.492968320846558,2496,12.48,1,0.0296484436839818,0.9703515768051147,1,True,True
12.510181903839111,2500,12.5,1,0.0692598074674606,0.930740237236023,1,True,True
12.532356262207031,2504,12.52,1,0.0472273901104927,0.9527725577354432,1,True,True
12.541590690612791,2508,12.54,1,0.0439778752624988,0.956022083759308,1,True,True
12.577444076538086,2512,12.56,1,0.0671441629528999,0.9328558444976808,1,True,True
12.589983224868774,2516,12.58,1,0.0269170999526977,0.9730829000473022,1,True,True
12.610196828842165,2520,12.6,1,0.053297609090805,0.9467024207115172,1,True,True
12.633081912994385,2524,12.62,1,0.0421210750937461,0.9578788876533508,1,True,True
12.63998031616211,2528,12.64,1,0.0638462454080581,0.936153769493103,1,True,True
12.676039934158323,2532,12.66,1,0.0297799538820981,0.9702200293540956,1,True,True
12.692304134368896,2536,12.68,1,0.0284621939063072,0.9715377688407898,1,True,True
12.70723581314087,2540,12.7,1,0.0777281373739242,0.9222719073295592,1,True,True
12.72737431526184,2544,12.72,1,0.0429047495126724,0.9570952653884888,1,True,True
12.744165182113647,2548,12.74,1,0.0483793914318084,0.951620638370514,1,True,True
12.773874044418337,2552,12.76,1,0.0378052368760108,0.9621947407722472,1,True,True
12.789886236190796,2556,12.78,1,0.0313330963253974,0.9686669111251832,1,True,True
12.80460238456726,2560,12.8,1,0.0598773397505283,0.9401226043701172,1,True,True
12.819949388504028,2564,12.82,1,0.0617909543216228,0.938209056854248,1,True,True
12.841703176498411,2568,12.84,1,0.1488340198993683,0.8511659502983093,1,True,True
12.87721872329712,2572,12.86,1,0.1701440066099167,0.8298559784889221,1,True,True
12.890204668045044,2576,12.88,1,0.1692080050706863,0.8307920098304749,1,True,True
12.90991234779358,2580,12.9,1,0.1100557073950767,0.889944314956665,1,True,True
12.927230834960938,2584,12.92,1,0.2336118817329406,0.7663880586624146,1,True,True
12.941519021987917,2588,12.94,1,0.2754903435707092,0.7245096564292908,1,True,True
12.970319271087646,2592,12.96,1,0.3363575339317322,0.6636424660682678,1,True,True
12.990233898162842,2596,12.98,1,0.380474179983139,0.6195258498191833,1,True,True
13.000744104385376,2600,13.0,0,0.5230817794799805,0.4769181907176971,1,True,False
13.026501178741457,2604,13.02,0,0.6673654913902283,0.3326344788074493,1,True,False
13.047505378723145,2608,13.04,0,0.7500228881835938,0.2499771118164062,1,True,False
13.060188293457031,2612,13.06,0,0.8167247176170349,0.1832752823829651,1,True,False
13.094238758087158,2616,13.08,0,0.8638388514518738,0.1361611634492874,1,True,False
13.110984563827516,2620,13.1,0,0.8692941665649414,0.1307057738304138,1,True,False
13.12610149383545,2624,13.12,0,0.8852380514144897,0.1147619485855102,1,True,False
13.141919374465942,2628,13.14,0,0.8877196311950684,0.1122803390026092,1,True,False
13.160229206085203,2632,13.16,0,0.8888192176818848,0.1111807823181152,1,True,False
13.19384241104126,2636,13.18,0,0.8900354504585266,0.109964519739151,1,True,False
13.202343225479126,2640,13.2,0,0.8901808857917786,0.1098191440105438,1,True,False
13.225144624710085,2644,13.22,0,0.8810508847236633,0.1189490854740142,1,True,False
13.2444109916687,2648,13.24,0,0.8826532959938049,0.1173467487096786,1,True,False
13.27525019645691,2652,13.26,0,0.8900312781333923,0.1099686920642852,1,True,False
13.29037380218506,2656,13.28,0,0.8900684714317322,0.1099315509200096,1,True,False
13.3100106716156,2660,13.3,0,0.8902124166488647,0.1097875535488128,1,True,False
13.32863712310791,2664,13.32,0,0.8843817710876465,0.1156182512640953,1,True,False
13.340193510055542,2668,13.34,0,0.8882776498794556,0.111722320318222,1,True,False
13.360077142715454,2672,13.36,0,0.8897751569747925,0.1102248504757881,1,True,False
13.39385747909546,2676,13.38,0,0.8908540606498718,0.1091459393501281,1,True,False
13.409974336624146,2680,13.4,0,0.8906727433204651,0.1093272417783737,1,True,False
13.420283794403076,2684,13.42,0,0.8757434487342834,0.1242565363645553,1,True,False
13.444742441177368,2688,13.44,0,0.8895424604415894,0.1104574650526046,1,True,False
13.470012426376345,2692,13.46,0,0.8902191519737244,0.1097808927297592,1,True,False
13.492480993270874,2696,13.48,0,0.8897410035133362,0.1102589666843414,1,True,False
13.500800848007202,2700,13.5,0,0.8903904557228088,0.1096095442771911,1,True,False
13.520292520523071,2704,13.52,0,0.8896079659461975,0.110392078757286,1,True,False
13.54458785057068,2708,13.54,0,0.8885502815246582,0.1114496514201164,1,True,False
13.571037769317629,2712,13.56,0,0.8903779983520508,0.109621986746788,1,True,False
13.591114282608032,2716,13.58,0,0.882460355758667,0.11753960698843,1,True,False
13.61028289794922,2720,13.6,0,0.8848598003387451,0.1151402220129966,1,True,False
13.628250122070312,2724,13.62,0,0.8882871270179749,0.1117129027843475,1,True,False
13.64272928237915,2728,13.64,0,0.8899292349815369,0.1100707873702049,1,True,False
13.669279098510742,2732,13.66,0,0.8894616365432739,0.1105383411049842,1,True,False
13.690282106399536,2736,13.68,0,0.8868533372879028,0.1131466776132583,1,True,False
13.717449188232422,2740,13.7,0,0.8899884223937988,0.1100116148591041,1,True,False
13.726692914962769,2744,13.72,0,0.8830562829971313,0.1169437319040298,1,True,False
13.740160703659058,2748,13.74,0,0.8897143602371216,0.1102856397628784,1,True,False
13.775132417678831,2752,13.76,0,0.8886763453483582,0.1113236472010612,0,True,True
13.792901277542114,2756,13.78,0,0.881897509098053,0.1181025132536888,0,True,True
13.810169219970703,2760,13.8,0,0.8876998424530029,0.1123001500964164,0,True,True
13.828032493591309,2764,13.82,0,0.8888406753540039,0.1111593171954155,0,True,True
13.84345841407776,2768,13.84,0,0.8897662162780762,0.110233835875988,0,True,True
13.870558261871338,2772,13.86,0,0.8873512744903564,0.1126487255096435,0,True,True
13.89022135734558,2776,13.88,0,0.8906140923500061,0.1093859001994133,0,True,True
13.910192966461182,2780,13.9,0,0.8901594281196594,0.1098405867815017,0,True,True
13.928233861923218,2784,13.92,0,0.8904651403427124,0.1095348671078682,0,True,True
13.940241575241089,2788,13.94,0,0.8694137334823608,0.1305862665176391,0,True,True
13.97440505027771,2792,13.96,0,0.8885721564292908,0.1114278957247734,0,True,True
13.998131275177002,2796,13.98,0,0.890335738658905,0.1096642613410949,0,True,True
14.00999927520752,2800,14.0,0,0.8906438946723938,0.1093560457229614,0,True,True
14.020161151885986,2804,14.02,0,0.887398362159729,0.1126016303896904,0,True,True
14.039953231811523,2808,14.04,0,0.870543360710144,0.1294566243886947,0,True,True
14.060724020004272,2812,14.06,0,0.8885354399681091,0.1114645302295684,0,True,True
14.09017848968506,2816,14.08,0,0.890371561050415,0.1096284165978431,0,True,True
14.100571632385254,2820,14.1,0,0.890396237373352,0.1096037700772285,0,True,True
14.126260042190552,2824,14.12,0,0.8853574991226196,0.1146425679326057,0,True,True
14.14595913887024,2828,14.14,0,0.8867804408073425,0.1132195368409156,0,True,True
14.17729640007019,2832,14.16,0,0.888540506362915,0.1114595010876655,0,True,True
14.19031023979187,2836,14.18,0,0.8864800333976746,0.1135200262069702,0,True,True
14.210365533828735,2840,14.2,0,0.8871702551841736,0.112829715013504,0,True,True
14.22719383239746,2844,14.22,0,0.8886792659759521,0.1113206893205642,0,True,True
14.242401123046877,2848,14.24,0,0.8723777532577515,0.1276222914457321,0,True,True
14.27015233039856,2852,14.26,0,0.8873645067214966,0.1126355305314064,0,True,True
14.291273593902588,2856,14.28,0,0.8896818161010742,0.1103181615471839,0,True,True
14.3023042678833,2860,14.3,0,0.8902115821838379,0.1097884476184845,0,True,True
14.327199220657349,2864,14.32,0,0.8869937062263489,0.1130063235759735,0,True,True
14.344125032424929,2868,14.34,0,0.8874527215957642,0.112547218799591,0,True,True
14.37536120414734,2872,14.36,0,0.8882904052734375,0.1117095574736595,0,True,True
14.392310619354248,2876,14.38,0,0.8895858526229858,0.1104141399264335,0,True,True
14.410140752792358,2880,14.4,0,0.8902390599250793,0.1097609549760818,0,True,True
14.427541017532349,2884,14.42,0,0.8892831802368164,0.1107168346643447,0,True,True
14.444324016571043,2888,14.44,0,0.8879361152648926,0.1120638996362686,0,True,True
14.470291376113892,2892,14.46,0,0.8896000981330872,0.1103999018669128,0,True,True
14.490432262420654,2896,14.48,0,0.8865705132484436,0.1134294867515564,0,True,True
14.510337591171265,2900,14.5,0,0.8888590335845947,0.1111409440636634,0,True,True
14.52004337310791,2904,14.52,0,0.8892984986305237,0.1107015013694763,0,True,True
14.539942979812622,2908,14.54,0,0.8816562294960022,0.1183437407016754,0,True,True
14.570090770721436,2912,14.56,0,0.8896092772483826,0.1103907823562622,0,True,True
14.591517448425291,2916,14.58,0,0.8876212239265442,0.112378753721714,0,True,True
14.60240077972412,2920,14.6,0,0.8890873789787292,0.1109126135706901,0,True,True
14.6202130317688,2924,14.62,0,0.8898969888687134,0.1101029962301254,0,True,True
14.644182443618774,2928,14.64,0,0.8856232762336731,0.1143767237663269,0,True,True
14.672195196151732,2932,14.66,0,0.8896897435188293,0.1103102788329124,0,True,True
14.690088033676147,2936,14.68,0,0.887097179889679,0.1129028722643852,0,True,True
14.71170449256897,2940,14.7,0,0.8897429704666138,0.1102570369839668,0,True,True
14.722068548202516,2944,14.72,0,0.8893105983734131,0.1106893643736839,0,True,True
14.756677389144896,2948,14.74,0,0.8906366229057312,0.1093633398413658,0,True,True
14.77043080329895,2952,14.76,0,0.8882584571838379,0.1117415055632591,0,True,True
14.7901713848114,2956,14.78,0,0.8887359499931335,0.1112640723586082,0,True,True
14.810822248458862,2960,14.8,0,0.8900529146194458,0.1099471151828765,0,True,True
14.825313329696655,2964,14.82,0,0.889778733253479,0.1102212518453598,0,True,True
14.840230703353882,2968,14.84,0,0.8792725205421448,0.1207275241613388,0,True,True
14.877285242080688,2972,14.86,0,0.8839219212532043,0.1160781383514404,0,True,True
14.89034938812256,2976,14.88,0,0.8897452354431152,0.1102547645568847,0,True,True
14.910077810287476,2980,14.9,0,0.8898921012878418,0.110107846558094,0,True,True
14.92249345779419,2984,14.92,0,0.8888223171234131,0.1111777275800705,0,True,True
14.960063457489014,2988,14.94,0,0.885645866394043,0.1143541634082794,0,True,True
14.970311164855955,2992,14.96,0,0.88985276222229,0.1101472154259681,0,True,True
14.990352630615234,2996,14.98,0,0.8906418085098267,0.1093581691384315,0,True,True
15.010709524154665,3000,15.0,0,0.8888323903083801,0.1111675947904586,0,True,True
15.025169372558594,3004,15.02,0,0.8774591684341431,0.1225407719612121,0,True,True
15.040292978286743,3008,15.04,0,0.8748172521591187,0.1251827478408813,0,True,True
15.077276468276978,3012,15.06,0,0.8891324400901794,0.1108676120638847,0,True,True
15.090327739715576,3016,15.08,0,0.8904830813407898,0.1095169484615325,0,True,True
15.101790189743042,3020,15.1,0,0.8887302279472351,0.1112698093056678,0,True,True
15.127834796905518,3024,15.12,0,0.886843740940094,0.1131562292575836,0,True,True
15.14227533340454,3028,15.14,0,0.8855995535850525,0.1144004836678505,0,True,True
15.175147533416748,3032,15.16,0,0.8904569745063782,0.1095429882407188,0,True,True
15.194214582443236,3036,15.18,0,0.8904433846473694,0.1095566153526306,0,True,True
15.208250284194946,3040,15.2,0,0.8904294967651367,0.1095705032348632,0,True,True
15.226305961608888,3044,15.22,0,0.8838802576065063,0.1161197051405906,0,True,True
15.244431257247925,3048,15.24,0,0.8870021104812622,0.1129978448152542,0,True,True
15.276644706726074,3052,15.26,0,0.8862718939781189,0.1137280836701393,0,True,True
15.2901713848114,3056,15.28,0,0.8853716850280762,0.1146283373236656,0,True,True
15.31043529510498,3060,15.3,0,0.8841778039932251,0.1158221289515495,0,True,True
15.327753067016602,3064,15.32,0,0.8836209774017334,0.1163790524005889,0,True,True
15.341812372207642,3068,15.34,0,0.8880753517150879,0.1119246631860733,0,True,True
15.370190382003784,3072,15.36,0,0.888571560382843,0.1114284321665763,0,True,True
15.394613027572632,3076,15.38,0,0.8901844024658203,0.109815664589405,0,True,True
15.409117698669434,3080,15.4,0,0.8804081678390503,0.1195918694138526,0,True,True
15.42025113105774,3084,15.42,0,0.8667738437652588,0.1332261860370636,0,True,True
15.440157413482666,3088,15.44,0,0.887738823890686,0.1122611463069915,0,True,True
15.46037483215332,3092,15.46,0,0.8891034126281738,0.1108965650200843,0,True,True
15.49041509628296,3096,15.48,0,0.8876413702964783,0.1123586148023605,0,True,True
15.510305881500244,3100,15.5,0,0.8877481818199158,0.1122517958283424,0,True,True
15.528522729873655,3104,15.52,0,0.8826127052307129,0.1173872575163841,0,True,True
15.544632911682127,3108,15.54,0,0.8814090490341187,0.1185909435153007,0,True,True
15.57022476196289,3112,15.56,0,0.8897554278373718,0.1102445423603057,0,True,True
15.590328454971312,3116,15.58,0,0.890059769153595,0.109940156340599,0,True,True
15.610273122787476,3120,15.6,0,0.8876917362213135,0.1123082637786865,0,True,True
15.627201318740845,3124,15.62,0,0.8900097608566284,0.1099902540445327,0,True,True
15.64159607887268,3128,15.64,0,0.8755005598068237,0.124499388039112,0,True,True
15.66004753112793,3132,15.66,0,0.8869619965553284,0.1130380481481552,0,True,True
15.694483518600464,3136,15.68,0,0.8887372016906738,0.1112627983093261,0,True,True
15.710042715072632,3140,15.7,0,0.8864524960517883,0.1135475039482116,0,True,True
15.72591233253479,3144,15.72,0,0.888898491859436,0.1111015602946281,0,True,True
15.740188598632812,3148,15.74,0,0.8902860283851624,0.1097139939665794,0,True,True
15.77526879310608,3152,15.76,0,0.8908535838127136,0.1091464310884475,0,True,True
15.794028520584106,3156,15.78,0,0.8855013251304626,0.1144986823201179,0,True,True
15.810436248779297,3160,15.8,0,0.8830265998840332,0.1169733479619026,0,True,True
15.82010531425476,3164,15.82,0,0.8893575668334961,0.1106424108147621,0,True,True
15.843035221099854,3168,15.84,0,0.8904556035995483,0.1095444038510322,0,True,True
15.878077030181885,3172,15.86,0,0.8913142681121826,0.1086857542395591,0,True,True
15.890041589736938,3176,15.88,0,0.8764184713363647,0.1235815361142158,0,True,True
15.910062074661257,3180,15.9,0,0.8741772770881653,0.1258226931095123,0,True,True
15.92709994316101,3184,15.92,0,0.8867615461349487,0.1132384166121482,0,True,True
15.94206476211548,3188,15.94,0,0.8885971903800964,0.1114028170704841,0,True,True
15.971306562423706,3192,15.96,0,0.8906117677688599,0.1093882396817207,0,True,True
15.994210481643677,3196,15.98,0,0.881391167640686,0.1186088174581527,0,True,True
16.00888156890869,3200,16.0,0,0.8780417442321777,0.1219582706689834,0,True,True
16.02001976966858,3204,16.02,0,0.8886789679527283,0.1113209947943687,0,True,True
16.04021167755127,3208,16.04,0,0.8888624310493469,0.111137606203556,0,True,True
16.062207460403442,3212,16.06,0,0.8884294629096985,0.1115705072879791,0,True,True
16.09024477005005,3216,16.08,0,0.8886525630950928,0.1113475188612937,0,True,True
16.110055685043335,3220,16.1,0,0.8887355923652649,0.1112643703818321,0,True,True
16.12028169631958,3224,16.12,0,0.8898987174034119,0.1101012825965881,0,True,True
16.140461206436157,3228,16.14,0,0.8818963766098022,0.1181036531925201,0,True,True
16.170462131500244,3232,16.16,0,0.8902062773704529,0.1097936853766441,0,True,True
16.190096378326416,3236,16.18,0,0.8902360796928406,0.1097639501094818,0,True,True
16.21026635169983,3240,16.2,0,0.8893091678619385,0.1106908693909645,0,True,True
16.226439952850342,3244,16.22,0,0.8800681233406067,0.1199318319559097,0,True,True
16.242130041122437,3248,16.24,0,0.8727834224700928,0.1272165179252624,0,True,True
16.276031494140625,3252,16.26,0,0.8895887136459351,0.1104112789034843,0,True,True
16.298200368881226,3256,16.28,0,0.8757941126823425,0.1242059245705604,0,True,True
16.310232639312744,3260,16.3,0,0.8796346187591553,0.1203653812408447,0,True,True
16.325180053710938,3264,16.32,0,0.8796749711036682,0.1203249841928482,0,True,True
16.340335369110107,3268,16.34,0,0.8646354079246521,0.1353646069765091,0,True,True
16.37590789794922,3272,16.36,0,0.8828628659248352,0.1171371787786483,0,True,True
16.390270471572876,3276,16.38,0,0.8775823712348938,0.1224176436662674,0,True,True
16.41036057472229,3280,16.4,0,0.8749770522117615,0.1250229924917221,0,True,True
16.42805504798889,3284,16.42,0,0.8498342633247375,0.1501657217741012,0,True,True
16.442607402801514,3288,16.44,0,0.8845241665840149,0.1154757738113403,0,True,True
16.470969676971436,3292,16.46,0,0.8790191411972046,0.1209808364510536,0,True,True
16.490354776382446,3296,16.48,0,0.8867861032485962,0.1132139265537262,0,True,True
16.510103225708008,3300,16.5,0,0.8736082315444946,0.1263918131589889,0,True,True
16.527713298797607,3304,16.52,0,0.8423337340354919,0.157666265964508,0,True,True
16.543012857437134,3308,16.54,0,0.8863855004310608,0.1136144623160362,0,True,True
16.570319652557373,3312,16.56,0,0.8611843585968018,0.138815701007843,0,True,True
16.590270280838013,3316,16.58,0,0.8877650499343872,0.1122350022196769,0,True,True
16.610330820083618,3320,16.6,0,0.8651053309440613,0.1348946988582611,0,True,True
16.620028495788574,3324,16.62,0,0.8780132532119751,0.1219867095351219,0,True,True
16.644408702850342,3328,16.64,0,0.8886994123458862,0.1113006100058555,0,True,True
16.675106287002563,3332,16.66,0,0.8899210691452026,0.1100788563489914,0,True,True
16.692370653152466,3336,16.68,0,0.8909251093864441,0.1090749204158783,0,True,True
16.702589750289917,3340,16.7,0,0.8675184845924377,0.1324815452098846,0,True,True
16.728583812713623,3344,16.72,0,0.8883015513420105,0.1116984188556671,0,True,True
16.74836015701294,3348,16.74,0,0.889223575592041,0.1107764765620231,0,True,True
16.76011371612549,3352,16.76,0,0.8910725712776184,0.1089274585247039,0,True,True
16.795106649398804,3356,16.78,0,0.8718022704124451,0.1281977444887161,0,True,True
16.800244331359863,3360,16.8,0,0.8857051134109497,0.1142948642373085,0,True,True
16.820189952850342,3364,16.82,0,0.8877853155136108,0.1122147217392921,0,True,True
16.844412088394165,3368,16.84,0,0.8869200944900513,0.1130799278616905,0,True,True
16.87019181251526,3372,16.86,0,0.8899721503257751,0.1100278198719024,0,True,True
16.890340328216553,3376,16.88,0,0.8893321752548218,0.1106678545475006,0,True,True
16.91028094291687,3380,16.9,0,0.887622594833374,0.1123773977160453,0,True,True
16.920156002044678,3384,16.92,0,0.888961136341095,0.1110388338565826,0,True,True
16.940446853637695,3388,16.94,0,0.8843330144882202,0.1156669855117797,0,True,True
16.97045922279358,3392,16.96,0,0.8893138766288757,0.1106861606240272,0,True,True
16.9937162399292,3396,16.98,0,0.8903147578239441,0.1096852421760559,0,True,True
17.0011944770813,3400,17.0,0,0.8835740685462952,0.1164258792996406,0,True,True
17.02236580848694,3404,17.02,0,0.8887195587158203,0.111280433833599,0,True,True
17.04464602470398,3408,17.04,0,0.8900080323219299,0.1099919080734252,0,True,True
17.075080633163452,3412,17.06,0,0.8908571004867554,0.1091428473591804,0,True,True
17.0901517868042,3416,17.08,0,0.8903841376304626,0.1096158400177955,0,True,True
17.110262870788574,3420,17.1,0,0.8876827359199524,0.1123172417283058,0,True,True
17.132487297058105,3424,17.12,0,0.8895148634910583,0.110485166311264,0,True,True
17.144165992736816,3428,17.14,0,0.8850712776184082,0.1149286925792694,0,True,True
17.178503274917603,3432,17.16,0,0.8895877599716187,0.1104122623801231,0,True,True
17.190184831619263,3436,17.18,0,0.890072762966156,0.1099272072315216,0,True,True
17.210232734680176,3440,17.2,0,0.8899912238121033,0.1100087687373161,0,True,True
17.233420610427856,3444,17.22,0,0.8898686170578003,0.1101313978433609,0,True,True
17.244227409362793,3448,17.24,0,0.8760511875152588,0.1239487752318382,0,True,True
17.27022886276245,3452,17.26,0,0.8895353078842163,0.1104646846652031,0,True,True
17.29023766517639,3456,17.28,0,0.8877565860748291,0.1122434586286544,0,True,True
17.310188055038452,3460,17.3,0,0.8897736668586731,0.1102263778448104,0,True,True
17.332461833953857,3464,17.32,0,0.8876781463623047,0.1123218461871147,0,True,True
17.345039129257202,3468,17.34,0,0.888049304485321,0.1119507327675819,0,True,True
17.37731623649597,3472,17.36,0,0.8900537490844727,0.1099462732672691,0,True,True
17.391255855560303,3476,17.38,0,0.8906532526016235,0.1093467026948928,0,True,True
17.410194396972656,3480,17.4,0,0.8906309604644775,0.1093690097332,0,True,True
17.432896614074707,3484,17.42,0,0.8886025547981262,0.1113974079489708,0,True,True
17.440328359603882,3488,17.44,0,0.8505785465240479,0.1494215130805969,0,True,True
17.478073835372925,3492,17.46,0,0.8856807947158813,0.1143192052841186,0,True,True
17.490142822265625,3496,17.48,0,0.8840543627738953,0.1159456074237823,0,True,True
17.506526708602905,3500,17.5,0,0.8876258134841919,0.1123741939663887,0,True,True
17.527074098587036,3504,17.52,0,0.8874211311340332,0.1125788688659668,0,True,True
17.541211366653442,3508,17.54,0,0.885154664516449,0.1148453578352928,0,True,True
17.575542211532593,3512,17.56,0,0.8888279795646667,0.1111720204353332,0,True,True
17.594489336013794,3516,17.58,0,0.8899158835411072,0.1100840717554092,0,True,True
17.608864545822144,3520,17.6,0,0.8902818560600281,0.1097180843353271,0,True,True
17.623537063598633,3524,17.62,0,0.8863133788108826,0.113686628639698,0,True,True
17.642507553100586,3528,17.64,0,0.886193573474884,0.1138064637780189,0,True,True
17.670292139053345,3532,17.66,0,0.8902668356895447,0.1097331121563911,0,True,True
17.690379858016968,3536,17.68,0,0.8898804783821106,0.110119454562664,0,True,True
17.710428953170776,3540,17.7,0,0.8565102219581604,0.143489807844162,0,True,True
17.72734832763672,3544,17.72,0,0.8872055411338806,0.1127944961190223,0,True,True
17.740494966506958,3548,17.74,0,0.8892397880554199,0.1107601672410965,0,True,True
17.775397539138794,3552,17.76,0,0.8903259038925171,0.1096740886569023,0,True,True
17.794767141342163,3556,17.78,0,0.8903370499610901,0.1096629798412323,0,True,True
17.808475971221924,3560,17.8,0,0.8754221796989441,0.1245778053998947,0,True,True
17.823965072631836,3564,17.82,0,0.888482391834259,0.1115176007151603,0,True,True
17.84044313430786,3568,17.84,0,0.8891183733940125,0.1108815670013427,0,True,True
17.86011576652527,3572,17.86,0,0.8899960517883301,0.1100039109587669,0,True,True
17.890135288238525,3576,17.88,0,0.8903937339782715,0.1096062660217285,0,True,True
17.90061378479004,3580,17.9,0,0.8765244483947754,0.1234755590558052,0,True,True
17.924724817276,3584,17.92,0,0.8882618546485901,0.1117381528019905,0,True,True
17.945769548416138,3588,17.94,0,0.8795121908187866,0.1204877644777298,0,True,True
17.977312803268433,3592,17.96,0,0.8851485848426819,0.1148513779044151,0,True,True
17.99236297607422,3596,17.98,0,0.8904836773872375,0.1095163151621818,0,True,True
18.01046848297119,3600,18.0,0,0.8840293288230896,0.1159707382321357,0,True,True
18.028400897979736,3604,18.02,0,0.8796833157539368,0.120316669344902,0,True,True
18.04382467269897,3608,18.04,0,0.8891536593437195,0.1108464077115058,0,True,True
18.060184001922607,3612,18.06,0,0.8867006301879883,0.1132994070649147,0,True,True
18.09438395500183,3616,18.08,0,0.8908308744430542,0.1091691330075264,0,True,True
18.110076904296875,3620,18.1,0,0.8698952794075012,0.1301046907901764,0,True,True
18.120215892791748,3624,18.12,0,0.8881615996360779,0.1118384003639221,0,True,True
18.144652366638184,3628,18.14,0,0.8893488645553589,0.1106511726975441,0,True,True
18.175417184829712,3632,18.16,0,0.8879779577255249,0.1120220571756362,0,True,True
18.19040298461914,3636,18.18,0,0.8885375261306763,0.1114625260233879,0,True,True
18.210124969482425,3640,18.2,0,0.8901908993721008,0.1098090708255767,0,True,True
18.22671103477478,3644,18.22,0,0.8903670907020569,0.1096329092979431,0,True,True
18.24220395088196,3648,18.24,0,0.8823660612106323,0.1176340207457542,0,True,True
18.260573863983154,3652,18.26,0,0.8854357004165649,0.1145642697811126,0,True,True
18.29049158096313,3656,18.28,0,0.8899252414703369,0.1100746989250183,0,True,True
18.31712794303894,3660,18.3,0,0.8880789279937744,0.111921027302742,0,True,True
18.32248544692993,3664,18.32,0,0.8885073661804199,0.1114926561713218,0,True,True
18.340378284454346,3668,18.34,0,0.8882793188095093,0.1117206439375877,0,True,True
18.375529050827023,3672,18.36,0,0.8897976279258728,0.1102024093270301,0,True,True
18.39039659500122,3676,18.38,0,0.8882197737693787,0.1117802336812019,0,True,True
18.4104118347168,3680,18.4,0,0.8844802379608154,0.1155197024345398,0,True,True
18.427451133728027,3684,18.42,0,0.8896774053573608,0.1103226095438003,0,True,True
18.442286729812626,3688,18.44,0,0.8884089589118958,0.1115910708904266,0,True,True
18.470399379730225,3692,18.46,0,0.8899669051170349,0.1100331619381904,0,True,True
18.49451303482056,3696,18.48,0,0.8870446085929871,0.1129553392529487,0,True,True
18.50921869277954,3700,18.5,0,0.8899590373039246,0.110040932893753,0,True,True
18.52036547660828,3704,18.52,0,0.8886975646018982,0.1113025173544883,0,True,True
18.54035449028015,3708,18.54,0,0.841330885887146,0.1586691439151764,0,True,True
18.561150312423703,3712,18.56,0,0.8859865069389343,0.1140134632587432,0,True,True
18.590065956115723,3716,18.58,0,0.8845295906066895,0.1154703795909881,0,True,True
18.610498428344727,3720,18.6,0,0.8877066969871521,0.1122932806611061,0,True,True
18.620100259780884,3724,18.62,0,0.8803250789642334,0.1196748837828636,0,True,True
18.644328117370605,3728,18.64,0,0.8720523118972778,0.1279476583003997,0,True,True
18.67178177833557,3732,18.66,0,0.8864254355430603,0.1135746240615844,0,True,True
18.69041609764099,3736,18.68,0,0.8873981237411499,0.1126018837094307,0,True,True
18.710400581359863,3740,18.7,0,0.8774377107620239,0.1225623413920402,0,True,True
18.728411436080933,3744,18.72,0,0.8830706477165222,0.1169293299317359,0,True,True
18.74233102798462,3748,18.74,0,0.8904517889022827,0.1095482558012008,0,True,True
18.772141218185425,3752,18.76,0,0.8893368244171143,0.1106632277369499,0,True,True
18.79441523551941,3756,18.78,0,0.8874933123588562,0.1125067248940467,0,True,True
18.808780908584595,3760,18.8,0,0.8643193244934082,0.135680690407753,0,True,True
18.82601523399353,3764,18.82,0,0.8872124552726746,0.1127875298261642,0,True,True
18.84129047393799,3768,18.84,0,0.8892830610275269,0.1107169538736343,0,True,True
18.86313796043396,3772,18.86,0,0.8903107643127441,0.1096891611814498,0,True,True
18.894620895385746,3776,18.88,0,0.890049397945404,0.1099506169557571,0,True,True
18.9052848815918,3780,18.9,0,0.889835000038147,0.1101650074124336,0,True,True
18.920288562774655,3784,18.92,0,0.888353168964386,0.1116468384861946,0,True,True
18.944137811660767,3788,18.94,0,0.8742556571960449,0.1257443577051162,0,True,True
18.97769832611084,3792,18.96,0,0.8892496228218079,0.1107504069805145,0,True,True
18.99526715278625,3796,18.98,0,0.8893292546272278,0.1106707081198692,0,True,True
19.01043939590454,3800,19.0,0,0.8772420883178711,0.1227579712867736,0,True,True
19.02813482284546,3804,19.02,0,0.8895843625068665,0.1104156151413917,0,True,True
19.0434844493866,3808,19.04,0,0.8874025344848633,0.1125974953174591,0,True,True
19.072895288467407,3812,19.06,0,0.8883385062217712,0.1116615012288093,0,True,True
19.099311351776123,3816,19.08,0,0.8894105553627014,0.1105894595384597,0,True,True
19.11127877235413,3820,19.1,0,0.8778651356697083,0.1221348494291305,0,True,True
19.12606310844421,3824,19.12,0,0.8889773488044739,0.1110226213932037,0,True,True
19.14377903938293,3828,19.14,0,0.8856498599052429,0.1143501549959182,0,True,True
19.174890279769897,3832,19.16,0,0.8889064788818359,0.1110934987664222,0,True,True
19.19195532798767,3836,19.18,0,0.8912383317947388,0.1087616682052612,0,True,True
19.201051473617557,3840,19.2,0,0.8805111646652222,0.1194887906312942,0,True,True
19.22715997695923,3844,19.22,0,0.8822571039199829,0.1177429407835006,0,True,True
19.244539737701416,3848,19.24,0,0.8875012993812561,0.1124986782670021,0,True,True
19.274096250534058,3852,19.26,0,0.889415442943573,0.1105845794081687,0,True,True
19.29050040245056,3856,19.28,0,0.8866397142410278,0.1133603453636169,0,True,True
19.30261468887329,3860,19.3,0,0.874015748500824,0.1259842664003372,0,True,True
19.32035660743713,3864,19.32,0,0.8854683041572571,0.1145317330956459,0,True,True
19.344592094421387,3868,19.34,0,0.8879255056381226,0.1120745167136192,0,True,True
19.374248266220093,3872,19.36,0,0.8888726830482483,0.1111272871494293,0,True,True
19.390281200408936,3876,19.38,0,0.8824535012245178,0.1175464764237403,0,True,True
19.408443927764893,3880,19.4,0,0.8791735172271729,0.1208265051245689,0,True,True
19.43218946456909,3884,19.42,0,0.8888329267501831,0.1111670956015586,0,True,True
19.441713571548465,3888,19.44,0,0.8887491226196289,0.1112509220838546,0,True,True
19.476322889328003,3892,19.46,0,0.8911389112472534,0.1088611111044883,0,True,True
19.494306802749637,3896,19.48,0,0.8910940885543823,0.1089059934020042,0,True,True
19.50955843925476,3900,19.5,0,0.8803883790969849,0.1196116358041763,0,True,True
19.52658724784851,3904,19.52,0,0.8846343755722046,0.1153656691312789,0,True,True
19.54020404815674,3908,19.54,0,0.8901839256286621,0.1098161116242408,0,True,True
19.575859546661377,3912,19.56,0,0.8911155462265015,0.1088844239711761,0,True,True
19.5922110080719,3916,19.58,0,0.8888035416603088,0.1111963987350463,0,True,True
19.611775636672974,3920,19.6,0,0.8831350803375244,0.1168648600578308,0,True,True
19.621585845947266,3924,19.62,0,0.8901721239089966,0.1098278760910034,0,True,True
19.65025043487549,3928,19.64,0,0.8890695571899414,0.1109304279088974,0,True,True
19.67300248146057,3932,19.66,0,0.887332558631897,0.1126673892140388,0,True,True
19.691584825515747,3936,19.68,0,0.8887004256248474,0.111299529671669,0,True,True
19.70260000228882,3940,19.7,0,0.8796297311782837,0.1203702613711357,0,True,True
19.73241233825684,3944,19.72,0,0.8879790902137756,0.1120209172368049,0,True,True
19.744898319244385,3948,19.74,0,0.8893239498138428,0.110676072537899,0,True,True
19.776605129241943,3952,19.76,0,0.8896383047103882,0.1103616654872894,0,True,True
19.794557571411133,3956,19.78,0,0.8866083025932312,0.1133917346596717,0,True,True
19.808159828186035,3960,19.8,0,0.8874512314796448,0.1125487312674522,0,True,True
19.833433628082275,3964,19.82,0,0.8825116753578186,0.1174883022904396,0,True,True
19.854122400283813,3968,19.84,0,0.8888319730758667,0.1111680269241333,0,True,True
19.877824783325195,3972,19.86,0,0.8896515369415283,0.1103484705090522,0,True,True
19.895198822021484,3976,19.88,0,0.879508912563324,0.1204911544919014,0,True,True
19.910537004470825,3980,19.9,0,0.8548678755760193,0.1451321691274643,0,True,True
19.932586431503296,3984,19.92,0,0.8876394033432007,0.1123605370521545,0,True,True
19.94432759284973,3988,19.94,0,0.8674058318138123,0.1325941979885101,0,True,True
19.9785270690918,3992,19.96,0,0.8716809749603271,0.1283190697431564,0,True,True
19.990168809890747,3996,19.98,0,0.8556270003318787,0.1443730443716049,0,True,True
20.01017689704895,4000,20.0,0,0.8864918351173401,0.1135081723332405,0,True,True
20.028286695480347,4004,20.02,0,0.8566513657569885,0.1433486640453338,0,True,True
20.0426025390625,4008,20.04,0,0.8547449707984924,0.1452550590038299,0,True,True
20.070281744003296,4012,20.06,0,0.8411042094230652,0.1588958352804184,0,True,True
20.09011030197144,4016,20.08,0,0.8860626816749573,0.1139372736215591,0,True,True
20.110350131988525,4020,20.1,0,0.8816789388656616,0.1183210685849189,0,True,True
20.12771487236023,4024,20.12,0,0.8849940299987793,0.1150059774518013,0,True,True
20.14251160621643,4028,20.14,1,0.4848244190216064,0.5151755809783936,0,True,False
20.171674013137817,4032,20.16,0,0.871722936630249,0.1282770782709121,0,True,True
20.190266132354736,4036,20.18,0,0.8670363426208496,0.1329636871814727,0,True,True
20.210273265838623,4040,20.2,0,0.8483255505561829,0.1516743749380111,0,True,True
20.22759747505188,4044,20.22,0,0.8294751048088074,0.1705248951911926,0,True,True
20.24261689186096,4048,20.24,1,0.1512223035097122,0.8487776517868042,0,True,False
20.26048874855041,4052,20.26,0,0.867209792137146,0.1327902376651764,0,True,True
20.294522762298584,4056,20.28,1,0.0433995760977268,0.9566004276275636,0,True,False
20.310292959213257,4060,20.3,1,0.0773646309971809,0.9226353764533995,0,True,False
20.32031774520874,4064,20.32,1,0.0296962037682533,0.9703037738800048,0,True,False
20.34524440765381,4068,20.34,1,0.0321935601532459,0.9678063988685608,0,True,False
20.370287656784058,4072,20.36,1,0.0600234270095825,0.9399766325950624,0,True,False
20.39056706428528,4076,20.38,1,0.0378869846463203,0.962113082408905,0,True,False
20.410557508468628,4080,20.4,1,0.0656022951006889,0.9343977570533752,0,True,False
20.427345275878903,4084,20.42,1,0.0262180715799331,0.9737818837165833,0,True,False
20.44133186340332,4088,20.44,1,0.0874108001589775,0.9125892519950868,0,True,False
20.46114158630371,4092,20.46,1,0.0420248508453369,0.9579751491546632,1,True,True
20.494032382965088,4096,20.48,1,0.0685218870639801,0.9314781427383424,1,True,True
20.5103452205658,4100,20.5,1,0.0362399704754352,0.9637600779533386,1,True,True
20.520262479782104,4104,20.52,1,0.0494596473872661,0.9505403637886048,1,True,True
20.54419255256653,4108,20.54,1,0.0517128184437751,0.9482871890068054,1,True,True
20.57553434371948,4112,20.56,1,0.0515239499509334,0.9484760761260986,1,True,True
20.59417843818665,4116,20.58,1,0.1553982198238372,0.8446017503738403,1,True,True
20.61019730567932,4120,20.6,1,0.0301781557500362,0.9698218703269958,1,True,True
20.627158164978027,4124,20.62,1,0.1090994998812675,0.8909005522727966,1,True,True
20.640140056610107,4128,20.64,1,0.0498437248170375,0.9501563310623168,1,True,True
20.67061758041382,4132,20.66,1,0.0897945612668991,0.9102054238319396,1,True,True
20.690245866775516,4136,20.68,1,0.1918395608663559,0.8081604838371277,1,True,True
20.715291500091556,4140,20.7,1,0.0347214937210083,0.9652785062789916,1,True,True
20.72509717941284,4144,20.72,1,0.0930099040269851,0.906990110874176,1,True,True
20.74046206474304,4148,20.74,1,0.0549289509654045,0.9450711011886596,1,True,True
20.77750825881958,4152,20.76,1,0.0899205654859542,0.9100794196128844,1,True,True
20.793891429901123,4156,20.78,1,0.1129344850778579,0.8870655298233032,1,True,True
20.81039786338806,4160,20.8,1,0.0642254203557968,0.935774564743042,1,True,True
20.827800512313843,4164,20.82,1,0.1760610342025756,0.8239389657974243,1,True,True
20.842385053634644,4168,20.84,1,0.0527409575879573,0.9472590684890748,1,True,True
20.876209497451782,4172,20.86,1,0.0630208775401115,0.936979115009308,1,True,True
20.89423370361328,4176,20.88,1,0.0507063753902912,0.9492936730384828,1,True,True
20.90901517868042,4180,20.9,1,0.0340574979782104,0.9659425020217896,1,True,True
20.92442393302917,4184,20.92,1,0.0642260834574699,0.9357739686965942,1,True,True
20.94262194633484,4188,20.94,1,0.0406422428786754,0.959357738494873,1,True,True
20.97490096092224,4192,20.96,1,0.0468074977397918,0.9531925320625304,1,True,True
20.994280576705933,4196,20.98,1,0.0312915295362472,0.9687085151672364,1,True,True
21.00921630859375,4200,21.0,1,0.0996810346841812,0.90031898021698,1,True,True
21.024486541748047,4204,21.02,1,0.0417508482933044,0.9582491517066956,1,True,True
21.04435968399048,4208,21.04,1,0.0623536705970764,0.9376463294029236,1,True,True
21.06699013710022,4212,21.06,1,0.0320001915097236,0.9679998159408568,1,True,True
21.09538745880127,4216,21.08,1,0.0531250461935997,0.946874976158142,1,True,True
21.11227321624756,4220,21.1,1,0.0480256713926792,0.9519742727279664,1,True,True
21.129597663879395,4224,21.12,1,0.0500592403113842,0.9499408006668092,1,True,True
21.14430069923401,4228,21.14,1,0.0386293642222881,0.9613706469535828,1,True,True
21.17321276664734,4232,21.16,1,0.0565297417342662,0.9434702396392822,1,True,True
21.194196224212646,4236,21.18,1,0.0969040319323539,0.9030959606170654,1,True,True
21.210519313812256,4240,21.2,1,0.0525659956037998,0.9474340081214904,1,True,True
21.226989030838013,4244,21.22,1,0.1016384214162826,0.8983616232872009,1,True,True
21.252434015274048,4248,21.24,1,0.048491608351469,0.9515083432197572,1,True,True
21.2765588760376,4252,21.26,1,0.0451455786824226,0.954854428768158,1,True,True
21.295156955718998,4256,21.28,1,0.038807101547718,0.9611928462982178,1,True,True
21.310375928878784,4260,21.3,1,0.0943768993020057,0.9056230783462524,1,True,True
21.32739806175232,4264,21.32,1,0.0278937462717294,0.9721062183380128,1,True,True
21.34232974052429,4268,21.34,1,0.0561436787247657,0.9438562989234924,1,True,True
21.372430324554443,4272,21.36,1,0.0521575883030891,0.9478424191474916,1,True,True
21.398211002349854,4276,21.38,1,0.039118006825447,0.9608819484710692,1,True,True
21.41017270088196,4280,21.4,1,0.0310880541801452,0.9689119458198548,1,True,True
21.42057776451111,4284,21.42,1,0.0252071414142847,0.9747928380966188,1,True,True
21.4441921710968,4288,21.44,1,0.0738902017474174,0.926109790802002,1,True,True
21.475396156311035,4292,21.46,1,0.034764502197504,0.9652355313301086,1,True,True
21.491650581359863,4296,21.48,1,0.0659156516194343,0.9340843558311462,1,True,True
21.510276794433597,4300,21.5,1,0.0236236751079559,0.9763762950897216,1,True,True
21.520199298858643,4304,21.52,1,0.0399290956556797,0.9600709080696106,1,True,True
21.544697761535645,4308,21.54,1,0.0360324308276176,0.9639676213264464,1,True,True
21.570608377456665,4312,21.56,1,0.0493488237261772,0.950651228427887,1,True,True
21.59260606765747,4316,21.58,1,0.0261296853423118,0.9738702774047852,1,True,True
21.601985692977905,4320,21.6,1,0.0249627716839313,0.9750372171401978,1,True,True
21.621999502182007,4324,21.62,1,0.044544193893671,0.9554558396339417,1,True,True
21.64412498474121,4328,21.64,1,0.0362872146070003,0.963712751865387,1,True,True
21.67024827003479,4332,21.66,1,0.0272586811333894,0.9727413058280944,1,True,True
21.69040560722351,4336,21.68,1,0.0231290496885776,0.9768709540367126,1,True,True
21.71061420440674,4340,21.7,1,0.063815914094448,0.9361840486526488,1,True,True
21.73262596130371,4344,21.72,1,0.0357075594365596,0.9642925262451172,1,True,True
21.74453067779541,4348,21.74,1,0.0589480958878994,0.9410519003868104,1,True,True
21.77765727043152,4352,21.76,1,0.0265932492911815,0.9734067320823668,1,True,True
21.79063630104065,4356,21.78,1,0.0281982030719518,0.9718018174171448,1,True,True
21.810465812683105,4360,21.8,1,0.0460434928536415,0.9539564847946168,1,True,True
21.82224941253662,4364,21.82,1,0.0373725406825542,0.9626274704933168,1,True,True
21.86031579971313,4368,21.84,1,0.0438733994960784,0.9561265707015992,1,True,True
21.875972270965576,4372,21.86,1,0.0243993550539016,0.9756006002426147,1,True,True
21.89293885231018,4376,21.88,1,0.067301407456398,0.9326986074447632,1,True,True
21.910236358642575,4380,21.9,1,0.036657441407442,0.9633426070213318,1,True,True
21.925405740737915,4384,21.92,1,0.0602699555456638,0.9397299885749816,1,True,True
21.94259548187256,4388,21.94,1,0.0280029755085706,0.9719969630241394,1,True,True
21.977530479431152,4392,21.96,1,0.0265787206590175,0.973421275615692,1,True,True
21.992514610290527,4396,21.98,1,0.0375089384615421,0.9624910354614258,1,True,True
22.010288953781128,4400,22.0,1,0.042269580066204,0.9577303528785706,1,True,True
22.03264880180359,4404,22.02,1,0.0247872322797775,0.975212812423706,1,True,True
22.040443897247314,4408,22.04,1,0.0254932027310132,0.9745067954063416,1,True,True
22.07725429534912,4412,22.06,1,0.0436048880219459,0.9563950300216676,1,True,True
22.090590238571167,4416,22.08,1,0.0361047647893428,0.9638952612876892,1,True,True
22.10578417778015,4420,22.1,1,0.0442101955413818,0.9557898640632628,1,True,True
22.127652645111084,4424,22.12,1,0.0235047079622745,0.9764952659606934,1,True,True
22.14274263381958,4428,22.14,1,0.0621935352683067,0.9378064870834352,1,True,True
22.17064499855041,4432,22.16,1,0.0370302386581897,0.9629697799682616,1,True,True
22.194958925247192,4436,22.18,1,0.0412614233791828,0.9587386250495912,1,True,True
22.20871424674988,4440,22.2,1,0.025065055117011,0.9749348759651184,1,True,True
22.22046542167664,4444,22.22,1,0.026727482676506,0.9732725620269777,1,True,True
22.24046492576599,4448,22.24,1,0.0427423492074012,0.9572576880455016,1,True,True
22.262882947921756,4452,22.26,1,0.0417098328471183,0.9582902193069458,1,True,True
22.29536461830139,4456,22.28,1,0.0942525491118431,0.905747413635254,1,True,True
22.300366163253784,4460,22.3,1,0.0286278594285249,0.9713721871376038,1,True,True
22.322546243667603,4464,22.32,1,0.1203138977289199,0.8796860575675964,1,True,True
22.34768295288086,4468,22.34,1,0.0424787886440753,0.9575212597846984,1,True,True
22.36080551147461,4472,22.36,1,0.0609258934855461,0.9390740990638732,1,True,True
22.39393258094788,4476,22.38,1,0.0364505164325237,0.9635494947433472,1,True,True
22.41120171546936,4480,22.4,1,0.0334462821483612,0.9665537476539612,1,True,True
22.42536735534668,4484,22.42,1,0.050141341984272,0.9498586058616638,1,True,True
22.44225215911865,4488,22.44,1,0.0475577339529991,0.9524422883987428,1,True,True
22.47746992111206,4492,22.46,1,0.1284918487071991,0.8715081810951233,1,True,True
22.49049687385559,4496,22.48,1,0.0482878535985946,0.9517121911048888,1,True,True
22.50075507164001,4500,22.5,1,0.1138482987880706,0.8861517310142517,1,True,True
22.528005599975582,4504,22.52,1,0.0547983832657337,0.9452016353607178,1,True,True
22.542644262313843,4508,22.54,1,0.0522072352468967,0.9477928280830384,1,True,True
22.57046580314636,4512,22.56,1,0.0385697111487388,0.9614302515983582,1,True,True
22.59445595741272,4516,22.58,1,0.0593185350298881,0.9406814575195312,1,True,True
22.608811616897583,4520,22.6,1,0.1578260213136673,0.8421739935874939,1,True,True
22.62463760375977,4524,22.62,1,0.0377791449427604,0.9622209072113036,1,True,True
22.64526629447937,4528,22.64,1,0.079135961830616,0.9208640456199646,1,True,True
22.661407709121704,4532,22.66,1,0.0244809985160827,0.9755190014839172,1,True,True
22.69031524658203,4536,22.68,1,0.0699844732880592,0.930015504360199,1,True,True
22.710325002670288,4540,22.7,1,0.0452008359134197,0.9547991752624512,1,True,True
22.722806930541992,4544,22.72,1,0.038334559649229,0.9616655111312866,1,True,True
22.749304056167603,4548,22.74,1,0.0349616110324859,0.9650384187698364,1,True,True
22.77538251876831,4552,22.76,1,0.0237907618284225,0.9762092232704164,1,True,True
22.79399013519287,4556,22.78,1,0.0441292002797126,0.9558707475662231,1,True,True
22.808889865875244,4560,22.8,1,0.0424999631941318,0.9575000405311584,1,True,True
22.82429361343384,4564,22.82,1,0.1055758669972419,0.8944241404533386,1,True,True
22.84056115150452,4568,22.84,1,0.0468001179397106,0.953199863433838,1,True,True
22.865434646606445,4572,22.86,1,0.0472024120390415,0.9527975916862488,1,True,True
22.892348289489743,4576,22.88,1,0.0418033711612224,0.9581966400146484,1,True,True
22.91132092475891,4580,22.9,1,0.0643712952733039,0.9356286525726318,1,True,True
22.925230503082275,4584,22.92,1,0.0275087170302867,0.9724913239479064,1,True,True
22.94270181655884,4588,22.94,1,0.0578588619828224,0.9421411156654358,1,True,True
22.9613299369812,4592,22.96,1,0.0915848389267921,0.908415138721466,1,True,True
22.99499225616455,4596,22.98,1,0.0373951569199562,0.962604820728302,1,True,True
23.00991797447205,4600,23.0,1,0.0430701524019241,0.9569298624992372,1,True,True
23.02041983604431,4604,23.02,1,0.0280566718429327,0.9719433784484864,1,True,True
23.04611659049988,4608,23.04,1,0.0517561398446559,0.9482438564300536,1,True,True
23.07825088500977,4612,23.06,1,0.0373681522905826,0.96263188123703,1,True,True
23.09024977684021,4616,23.08,1,0.0520296320319175,0.9479703903198242,1,True,True
23.102065563201904,4620,23.1,1,0.0249567609280347,0.97504323720932,1,True,True
23.128435373306274,4624,23.12,1,0.0290431194007396,0.9709568619728088,1,True,True
23.14230298995972,4628,23.14,1,0.0808052867650985,0.919194757938385,1,True,True
23.16166520118713,4632,23.16,1,0.0353159122169017,0.9646840691566468,1,True,True
23.19503927230835,4636,23.18,1,0.0566264353692531,0.9433735609054564,1,True,True
23.2105085849762,4640,23.2,1,0.0251415334641933,0.9748584032058716,1,True,True
23.229297399520878,4644,23.22,1,0.0568037591874599,0.9431962370872498,1,True,True
23.244505405426025,4648,23.24,1,0.0419999212026596,0.9580000638961792,1,True,True
23.2727472782135,4652,23.26,1,0.0411730222404003,0.9588268995285034,1,True,True
23.29058861732483,4656,23.28,1,0.0266724433749914,0.9733275771141052,1,True,True
23.31036353111267,4660,23.3,1,0.0256817899644374,0.9743182063102722,1,True,True
23.327523469924927,4664,23.32,1,0.0550201088190078,0.9449798464775084,1,True,True
23.342586755752563,4668,23.34,1,0.0351199619472026,0.9648799896240234,1,True,True
23.367641925811768,4672,23.36,1,0.0368388779461383,0.9631611704826356,1,True,True
23.39548969268799,4676,23.38,1,0.0231764260679483,0.9768235683441162,1,True,True
23.412025213241577,4680,23.4,1,0.0694989338517189,0.930501103401184,1,True,True
23.425407648086548,4684,23.42,1,0.0412615351378917,0.9587385058403016,1,True,True
23.44041657447815,4688,23.44,1,0.0385519638657569,0.9614480137825012,1,True,True
23.48240756988525,4692,23.46,1,0.0273155681788921,0.9726845026016236,1,True,True
23.48240756988525,4696,23.48,1,0.026062786579132,0.973937213420868,1,True,True
23.5104820728302,4700,23.5,1,0.0551548339426517,0.9448451399803162,1,True,True
23.52835488319397,4704,23.52,1,0.03528793156147,0.9647120237350464,1,True,True
23.543240785598755,4708,23.54,1,0.0431562438607215,0.9568437337875366,1,True,True
23.570589303970337,4712,23.56,1,0.0235424134880304,0.9764575362205504,1,True,True
23.590580224990845,4716,23.58,1,0.0631243661046028,0.936875581741333,1,True,True
23.60235595703125,4720,23.6,1,0.0372573696076869,0.9627426862716676,1,True,True
23.62024664878845,4724,23.62,1,0.0406572297215461,0.9593427181243896,1,True,True
23.645307540893555,4728,23.64,1,0.0249361675232648,0.9750638604164124,1,True,True
23.67030382156372,4732,23.66,1,0.0261547341942787,0.9738453030586244,1,True,True
23.690651416778564,4736,23.68,1,0.0628164112567901,0.9371836185455322,1,True,True
23.71052050590515,4740,23.7,1,0.0378551185131073,0.9621448516845704,1,True,True
23.727490425109863,4744,23.72,1,0.044960506260395,0.9550395607948304,1,True,True
23.74241590499878,4748,23.74,1,0.0244777016341686,0.97552227973938,1,True,True
23.775463104248047,4752,23.76,1,0.0338839963078498,0.966115951538086,1,True,True
23.799092292785645,4756,23.78,1,0.0530085265636444,0.946991503238678,1,True,True
23.81022548675537,4760,23.8,1,0.0371852554380893,0.9628147482872008,1,True,True
23.82571649551392,4764,23.82,1,0.0319814495742321,0.9680185914039612,1,True,True
23.845267057418823,4768,23.84,1,0.0276243463158607,0.9723756313323976,1,True,True
23.87717914581299,4772,23.86,1,0.0965401232242584,0.903459906578064,1,True,True
23.885557174682617,4776,23.88,1,0.0391967855393886,0.9608032703399658,1,True,True
23.91024923324585,4780,23.9,1,0.0521385930478572,0.9478614330291748,1,True,True
23.92340612411499,4784,23.92,1,0.0362403951585292,0.9637596011161804,1,True,True
23.943536043167114,4788,23.94,1,0.0269973371177911,0.9730026125907898,1,True,True
23.97266387939453,4792,23.96,1,0.0751696899533271,0.9248303174972534,1,True,True
23.9845929145813,4796,23.98,1,0.03711399435997,0.9628860354423524,1,True,True
24.01806950569153,4800,24.0,1,0.0803717002272605,0.9196282625198364,1,True,True
24.02518630027771,4804,24.02,1,0.0305096842348575,0.9694902896881104,1,True,True
24.041512727737427,4808,24.04,1,0.0397889055311679,0.9602111577987672,1,True,True
24.061952590942383,4812,24.06,1,0.0488650724291801,0.951134979724884,1,True,True
24.09115219116211,4816,24.08,1,0.0413913913071155,0.9586086869239808,1,True,True
24.111395835876465,4820,24.1,1,0.0377143062651157,0.9622856974601746,1,True,True
24.12778878211975,4824,24.12,1,0.0242471788078546,0.975752890110016,1,True,True
24.14490437507629,4828,24.14,1,0.0544937290251255,0.9455062747001648,1,True,True
24.17535376548767,4832,24.16,1,0.0374510399997234,0.9625489115715028,1,True,True
24.19154000282288,4836,24.18,1,0.0560947395861148,0.9439052939414978,1,True,True
24.222581148147583,4840,24.2,1,0.0260984785854816,0.9739015102386476,1,True,True
24.22696137428284,4844,24.22,1,0.0267967488616704,0.9732032418251038,1,True,True
24.24464106559753,4848,24.24,1,0.060694757848978,0.9393051862716676,1,True,True
24.270493030548096,4852,24.26,1,0.0371920764446258,0.9628078937530518,1,True,True
24.2932448387146,4856,24.28,1,0.1050144135951995,0.8949856162071228,1,True,True
24.310405015945435,4860,24.3,1,0.0278564020991325,0.9721436500549316,1,True,True
24.332746982574463,4864,24.32,1,0.0301223415881395,0.9698777198791504,1,True,True
24.340684413909912,4868,24.34,1,0.0410089269280433,0.9589911103248596,1,True,True
24.37851595878601,4872,24.36,1,0.0386689417064189,0.9613310098648072,1,True,True
24.390629529953003,4876,24.38,1,0.0386491455137729,0.9613508582115172,1,True,True
24.410444736480716,4880,24.4,1,0.0247953366488218,0.9752046465873718,1,True,True
24.428991556167603,4884,24.42,1,0.0715746209025383,0.9284253716468812,1,True,True
24.444393396377563,4888,24.44,1,0.0374856889247894,0.962514340877533,1,True,True
24.470454692840576,4892,24.46,1,0.0706016048789024,0.9293984174728394,1,True,True
24.49448847770691,4896,24.48,1,0.0316606238484382,0.9683393836021424,1,True,True
24.50876259803772,4900,24.5,1,0.033850759267807,0.9661492109298706,1,True,True
24.520463705062863,4904,24.52,1,0.0845241472125053,0.9154759049415588,1,True,True
24.54242968559265,4908,24.54,1,0.0383028052747249,0.9616972208023072,1,True,True
24.57046842575073,4912,24.56,1,0.091026097536087,0.9089738726615906,1,True,True
24.59257769584656,4916,24.58,1,0.0263228993862867,0.973677098751068,1,True,True
24.607377529144287,4920,24.6,1,0.0333685018122196,0.9666315317153932,1,True,True
24.622768878936768,4924,24.62,1,0.0709670856595039,0.9290329217910768,1,True,True
24.64029550552368,4928,24.64,1,0.0366558991372585,0.963344156742096,1,True,True
24.677855253219604,4932,24.66,1,0.049084898084402,0.9509150981903076,1,True,True
24.692575931549072,4936,24.68,1,0.0253591760993003,0.9746408462524414,1,True,True
24.71027565002441,4940,24.7,1,0.0827512368559837,0.917248785495758,1,True,True
24.72765350341797,4944,24.72,1,0.0407149195671081,0.9592850208282472,1,True,True
24.7414984703064,4948,24.74,1,0.0457238368690013,0.954276204109192,1,True,True
24.77816104888916,4952,24.76,1,0.0246747862547636,0.9753251671791076,1,True,True
24.792536735534668,4956,24.78,1,0.038984540849924,0.9610154628753662,1,True,True
24.810709476470947,4960,24.8,1,0.0459448881447315,0.95405513048172,1,True,True
24.828516721725464,4964,24.82,1,0.0444624610245227,0.9555375576019288,1,True,True
24.843775510787964,4968,24.84,1,0.1263628005981445,0.8736372590065002,1,True,True
24.872276067733765,4972,24.86,1,0.0336835943162441,0.9663164019584656,1,True,True
24.894150972366333,4976,24.88,1,0.042214848101139,0.9577851295471193,1,True,True
24.9088876247406,4980,24.9,1,0.0441008694469928,0.9558990597724916,1,True,True
24.920891761779785,4984,24.92,1,0.0440882109105587,0.9559118151664734,1,True,True
24.94045853614807,4988,24.94,1,0.0463039278984069,0.9536961317062378,1,True,True
24.9756543636322,4992,24.96,1,0.0257158260792493,0.9742841720581056,1,True,True
24.99468469619751,4996,24.98,1,0.0514406561851501,0.9485592842102052,1,True,True
25.00064301490784,5000,25.0,1,0.038370244204998,0.9616297483444214,1,True,True
25.020256519317627,5004,25.02,1,0.0467503294348716,0.95324969291687,1,True,True
25.040565729141235,5008,25.04,1,0.0251436680555343,0.9748563766479492,1,True,True
25.076083421707157,5012,25.06,1,0.0770122334361076,0.922987699508667,1,True,True
25.09453773498535,5016,25.08,1,0.0400868244469165,0.95991313457489,1,True,True
25.108984231948853,5020,25.1,1,0.0424881540238857,0.957511842250824,1,True,True
25.12048029899597,5024,25.12,1,0.0457412973046302,0.9542587399482728,1,True,True
25.14251828193665,5028,25.14,1,0.0255280472338199,0.974471926689148,1,True,True
25.16043186187744,5032,25.16,1,0.069925956428051,0.9300739765167236,1,True,True
25.190608739852905,5036,25.18,1,0.0378263741731643,0.9621736407279968,1,True,True
25.205949544906616,5040,25.2,1,0.1089467108249664,0.8910532593727112,1,True,True
25.2203471660614,5044,25.22,1,0.0281516928225755,0.9718483090400696,1,True,True
25.244174242019653,5048,25.24,1,0.0484810322523117,0.9515189528465272,1,True,True
25.275460720062256,5052,25.26,1,0.0453315898776054,0.954668402671814,1,True,True
25.292484998703003,5056,25.28,1,0.0386480875313282,0.9613519310951232,1,True,True
25.3106586933136,5060,25.3,1,0.0375117771327495,0.9624881744384766,1,True,True
25.327537059783936,5064,25.32,1,0.0237616617232561,0.9762383103370668,1,True,True
25.34208035469055,5068,25.34,1,0.0648862645030021,0.9351137280464172,1,True,True
25.370505332946777,5072,25.36,1,0.0372038520872592,0.962796151638031,1,True,True
25.390531301498413,5076,25.38,1,0.0435157753527164,0.9564842581748962,1,True,True
25.410479068756104,5080,25.4,1,0.0270213522017002,0.9729785919189452,1,True,True
25.428487062454224,5084,25.42,1,0.0242661479860544,0.9757338166236876,1,True,True
25.442594051361084,5088,25.44,1,0.0554054342210292,0.9445945620536804,1,True,True
25.470890045166016,5092,25.46,1,0.0354607626795768,0.9645391702651978,1,True,True
25.49059152603149,5096,25.48,1,0.0810635387897491,0.9189364910125732,1,True,True
25.51039433479309,5100,25.5,1,0.0237589571624994,0.9762410521507264,1,True,True
25.527843713760376,5104,25.52,1,0.0384094975888729,0.9615905284881592,1,True,True
25.54277610778809,5108,25.54,1,0.0393699221312999,0.9606300592422484,1,True,True
25.57668828964233,5112,25.56,1,0.0378972589969635,0.962102711200714,1,True,True
25.59250235557556,5116,25.58,1,0.0549401901662349,0.9450598359107972,1,True,True
25.61070704460144,5120,25.6,1,0.0242883544415235,0.975711703300476,1,True,True
25.627591609954838,5124,25.62,1,0.0570572316646575,0.94294273853302,1,True,True
25.642385005950928,5128,25.64,1,0.0403132736682891,0.9596866965293884,1,True,True
25.67074680328369,5132,25.66,1,0.0407075621187686,0.959292471408844,1,True,True
25.690650701522827,5136,25.68,1,0.0260097496211528,0.973990261554718,1,True,True
25.71055603027344,5140,25.7,1,0.0404967032372951,0.9595032930374146,1,True,True
25.727441549301147,5144,25.72,1,0.0869282782077789,0.9130716919898988,1,True,True
25.742565870285038,5148,25.74,1,0.0404315255582332,0.959568440914154,1,True,True
25.770655155181885,5152,25.76,1,0.1143882498145103,0.8856117129325867,1,True,True
25.794426918029785,5156,25.78,1,0.0285917911678552,0.971408188343048,1,True,True
25.80910801887512,5160,25.8,1,0.1013562828302383,0.8986436724662781,1,True,True
25.82229471206665,5164,25.82,1,0.1455870568752288,0.8544129729270935,1,True,True
25.842761516571045,5168,25.84,1,0.0380941070616245,0.9619058966636658,1,True,True
25.87052273750305,5172,25.86,1,0.0427750386297702,0.9572249054908752,1,True,True
25.89432430267334,5176,25.88,1,0.0245005525648593,0.9754995107650756,1,True,True
25.908945083618164,5180,25.9,1,0.0487120896577835,0.9512879252433776,1,True,True
25.92054510116577,5184,25.92,1,0.0411547534167766,0.9588451981544496,1,True,True
25.94066333770752,5188,25.94,1,0.0655021965503692,0.9344977736473083,1,True,True
25.975134134292603,5192,25.96,1,0.0285745002329349,0.9714255332946776,1,True,True
25.998464107513428,5196,25.98,1,0.0293719004839658,0.9706281423568726,1,True,True
26.01039934158325,5200,26.0,1,0.0501910671591758,0.949808955192566,1,True,True
26.025484800338745,5204,26.02,1,0.0437525883316993,0.9562474489212036,1,True,True
26.04468560218811,5208,26.04,1,0.1078892573714256,0.8921107053756714,1,True,True
26.075522422790527,5212,26.06,1,0.0342350155115127,0.9657649993896484,1,True,True
26.094672203063965,5216,26.08,1,0.0884385928511619,0.9115613698959352,1,True,True
26.11029291152954,5220,26.1,1,0.0514139793813228,0.9485860466957092,1,True,True
26.12846040725708,5224,26.12,1,0.0516812093555927,0.9483187794685364,1,True,True
26.14272975921631,5228,26.14,1,0.0284821260720491,0.9715178608894348,1,True,True
26.17600560188293,5232,26.16,1,0.0778547748923301,0.9221452474594116,1,True,True
26.194550037384037,5236,26.18,1,0.1387011110782623,0.8612989187240601,1,True,True
26.20915150642395,5240,26.2,1,0.0622442699968814,0.9377557635307312,1,True,True
26.220508575439453,5244,26.22,1,0.0725846290588378,0.9274153113365172,1,True,True
26.240571975708008,5248,26.24,1,0.0696152448654174,0.9303848147392272,1,True,True
26.27471208572388,5252,26.26,1,0.0388627052307128,0.9611372351646424,1,True,True
26.29747724533081,5256,26.28,1,0.1023778021335601,0.8976222276687622,1,True,True
26.31064081192017,5260,26.3,1,0.0458406321704387,0.9541593194007874,1,True,True
26.32136106491089,5264,26.32,1,0.0607627592980861,0.9392372965812684,1,True,True
26.34035444259644,5268,26.34,1,0.0283021591603755,0.9716978073120116,1,True,True
26.372738122940063,5272,26.36,1,0.0351555198431015,0.964844524860382,1,True,True
26.39943289756775,5276,26.38,1,0.0872617438435554,0.91273832321167,1,True,True
26.41049671173096,5280,26.4,1,0.0389684848487377,0.9610315561294556,1,True,True
26.427191495895386,5284,26.42,1,0.1052465736865997,0.8947534561157227,1,True,True
26.444571495056152,5288,26.44,1,0.0461613237857818,0.9538387060165404,1,True,True
26.476360082626343,5292,26.46,1,0.0619465708732605,0.9380533695220948,1,True,True
26.495453119277958,5296,26.48,1,0.0926678329706192,0.907332181930542,1,True,True
26.510783672332764,5300,26.5,1,0.0405388474464416,0.9594611525535583,1,True,True
26.528305053710938,5304,26.52,1,0.0325326062738895,0.9674674272537231,1,True,True
26.54068756103516,5308,26.54,1,0.0312751568853855,0.9687248468399048,1,True,True
26.572776794433597,5312,26.56,1,0.0732238218188285,0.9267761707305908,1,True,True
26.58466362953186,5316,26.58,1,0.05053685978055,0.9494630694389344,1,True,True
26.611358642578125,5320,26.6,1,0.0499669462442398,0.9500331282615662,1,True,True
26.621768474578857,5324,26.62,1,0.0377269051969051,0.962273120880127,1,True,True
26.66147470474243,5328,26.64,1,0.0374852381646633,0.9625147581100464,1,True,True
26.668211698532104,5332,26.66,1,0.0903767496347427,0.9096232056617736,1,True,True
26.69448685646057,5336,26.68,1,0.0368356332182884,0.9631643891334534,1,True,True
26.7161705493927,5340,26.7,1,0.0990545153617858,0.900945484638214,1,True,True
26.72258496284485,5344,26.72,1,0.0237798988819122,0.9762201309204102,1,True,True
26.740333795547485,5348,26.74,1,0.0683385208249092,0.9316614270210266,1,True,True
26.761990785598755,5352,26.76,1,0.042369220405817,0.9576307535171508,1,True,True
26.79240131378174,5356,26.78,1,0.0466128587722778,0.9533870816230774,1,True,True
26.81037449836731,5360,26.8,1,0.118984617292881,0.8810153603553772,1,True,True
26.82551741600037,5364,26.82,1,0.0291919242590665,0.9708080887794496,1,True,True
26.8450129032135,5368,26.84,1,0.042989894747734,0.9570100903511048,1,True,True
26.87043690681457,5372,26.86,1,0.0443412661552429,0.9556587338447572,1,True,True
26.892874002456665,5376,26.88,1,0.0427056849002838,0.9572942852973938,1,True,True
26.910550594329838,5380,26.9,1,0.0605368427932262,0.9394631385803224,1,True,True
26.927795886993408,5384,26.92,1,0.0251819137483835,0.9748181104660034,1,True,True
26.94267225265503,5388,26.94,1,0.0586903542280197,0.9413096308708192,1,True,True
26.97058391571045,5392,26.96,1,0.0415172204375267,0.9584828019142152,1,True,True
26.9944851398468,5396,26.98,1,0.0905590802431106,0.9094408750534058,1,True,True
27.008835077285767,5400,27.0,1,0.0621601454913616,0.9378398656845092,1,True,True
27.020416498184204,5404,27.02,1,0.0426351316273212,0.957364857196808,1,True,True
27.04044818878174,5408,27.04,1,0.0604681633412838,0.9395318031311036,1,True,True
27.07035255432129,5412,27.06,1,0.0453497394919395,0.9546502232551576,1,True,True
27.09076404571533,5416,27.08,1,0.0923799276351928,0.907620131969452,1,True,True
27.101361513137817,5420,27.1,1,0.0355764776468277,0.9644235372543336,1,True,True
27.12038516998291,5424,27.12,1,0.1660989373922348,0.8339011073112488,1,True,True
27.144724369049072,5428,27.14,1,0.0835398584604263,0.9164601564407348,1,True,True
27.170352458953857,5432,27.16,1,0.0430147312581539,0.9569852352142334,1,True,True
27.190648078918457,5436,27.18,1,0.0623088590800762,0.93769109249115,1,True,True
27.21169662475586,5440,27.2,1,0.029487119987607,0.9705129265785216,1,True,True
27.22046542167664,5444,27.22,1,0.0941541939973831,0.905845820903778,1,True,True
27.245354652404785,5448,27.24,1,0.0493044629693031,0.9506954550743104,1,True,True
27.27698373794556,5452,27.26,1,0.0544086694717407,0.9455912709236144,1,True,True
27.29073214530945,5456,27.28,1,0.0889916643500328,0.9110082983970642,1,True,True
27.310668230056763,5460,27.3,1,0.1442404687404632,0.8557595014572144,1,True,True
27.334821939468384,5464,27.32,1,0.0824723467230796,0.917527675628662,1,True,True
27.35048723220825,5468,27.34,1,0.0742912292480468,0.9257087707519532,1,True,True
27.37042260169983,5472,27.36,1,0.0865843445062637,0.9134156107902528,1,True,True
27.391088485717773,5476,27.38,1,0.1825685501098632,0.8174314498901367,1,True,True
27.41202735900879,5480,27.4,1,0.1528710126876831,0.8471289277076721,1,True,True
27.42684030532837,5484,27.42,1,0.2518108487129211,0.7481890916824341,1,True,True
27.4407057762146,5488,27.44,1,0.3183880150318146,0.681611955165863,1,True,True
27.477503538131717,5492,27.46,1,0.1954018473625183,0.8045982122421265,1,True,True
27.4904580116272,5496,27.48,0,0.5270905494689941,0.4729094803333282,1,True,False
27.504568099975582,5500,27.5,0,0.5599896907806396,0.4400103092193603,1,True,False
27.522464990615845,5504,27.52,0,0.8139234781265259,0.1860765069723129,1,True,False
27.55285382270813,5508,27.54,0,0.853504478931427,0.1464955359697342,1,True,False
27.570565462112427,5512,27.56,0,0.871245801448822,0.1287541985511779,1,True,False
27.59170866012573,5516,27.58,0,0.8596908450126648,0.1403091847896576,1,True,False
27.602822065353397,5520,27.6,0,0.8691986203193665,0.1308014243841171,1,True,False
27.620561838150024,5524,27.62,0,0.8681612610816956,0.1318387538194656,1,True,False
27.644824981689453,5528,27.64,0,0.886381208896637,0.1136187985539436,1,True,False
27.67082118988037,5532,27.66,0,0.8803494572639465,0.1196504905819892,1,True,False
27.692794799804688,5536,27.68,0,0.8898303508758545,0.1101695820689201,1,True,False
27.7104070186615,5540,27.7,0,0.8745684027671814,0.1254316568374633,1,True,False
27.726887941360477,5544,27.72,0,0.879305899143219,0.1206941306591034,1,True,False
27.741619348526,5548,27.74,0,0.8891217708587646,0.1108782589435577,1,True,False
27.77648138999939,5552,27.76,0,0.8881650567054749,0.1118349209427833,1,True,False
27.79285860061645,5556,27.78,0,0.8846006989479065,0.1153993159532547,1,True,False
27.8077392578125,5560,27.8,0,0.883100152015686,0.1168998554348945,1,True,False
27.82116675376892,5564,27.82,0,0.8872061967849731,0.1127938032150268,1,True,False
27.84082341194153,5568,27.84,0,0.889652669429779,0.1103472858667373,1,True,False
27.87080931663513,5572,27.86,0,0.8904830813407898,0.1095168963074684,1,True,False
27.895583868026733,5576,27.88,0,0.8892208337783813,0.1107792034745216,1,True,False
27.91062092781067,5580,27.9,0,0.8732162714004517,0.1267837733030319,1,True,False
27.92640781402588,5584,27.92,0,0.8885814547538757,0.1114185452461242,1,True,False
27.942540645599365,5588,27.94,0,0.8901488780975342,0.1098511442542076,1,True,False
27.976471424102783,5592,27.96,0,0.8910170197486877,0.108983039855957,1,True,False
27.99263072013855,5596,27.98,0,0.887822687625885,0.1121772974729538,1,True,False
28.007518768310547,5600,28.0,0,0.8817023634910583,0.1182976365089416,1,True,False
28.02054476737976,5604,28.02,0,0.8863851428031921,0.1136149019002914,1,True,False
28.040619134902958,5608,28.04,0,0.8863375782966614,0.1136624366044998,1,True,False
28.077731132507324,5612,28.06,0,0.8891748189926147,0.1108251959085464,1,True,False
28.09084224700928,5616,28.08,0,0.8595001697540283,0.140499860048294,1,True,False
28.10278272628784,5620,28.1,0,0.8705242276191711,0.1294758319854736,1,True,False
28.127793312072757,5624,28.12,0,0.888191282749176,0.1118087396025657,1,True,False
28.14283061027527,5628,28.14,0,0.8845020532608032,0.1154979616403579,1,True,False
28.16053318977356,5632,28.16,0,0.8905742168426514,0.1094258055090904,1,True,False
28.19530868530273,5636,28.18,0,0.8640358448028564,0.1359641551971435,1,True,False
28.21056008338928,5640,28.2,0,0.8773906826972961,0.1226093024015426,1,True,False
28.220356464385983,5644,28.22,0,0.8883059620857239,0.1116940453648567,0,True,True
28.24575138092041,5648,28.24,0,0.8902424573898315,0.1097574979066848,0,True,True
28.27574348449707,5652,28.26,0,0.8900567889213562,0.1099432185292244,0,True,True
28.29051637649536,5656,28.28,0,0.8835257887840271,0.1164742335677146,0,True,True
28.31052017211914,5660,28.3,0,0.8891562819480896,0.110843725502491,0,True,True
28.32810139656067,5664,28.32,0,0.8893802762031555,0.1106196790933609,0,True,True
28.342535495758057,5668,28.34,0,0.8908309936523438,0.109169065952301,0,True,True
28.36066484451294,5672,28.36,0,0.8707512021064758,0.1292488574981689,0,True,True
28.395307302474976,5676,28.38,0,0.870455265045166,0.1295447051525116,0,True,True
28.408034086227417,5680,28.4,0,0.8842672109603882,0.1157327443361282,0,True,True
28.425586700439453,5684,28.42,0,0.8884612917900085,0.1115387678146362,0,True,True
28.444409132003784,5688,28.44,0,0.8826082348823547,0.1173917353153228,0,True,True
28.47059774398804,5692,28.46,0,0.8882890343666077,0.1117110177874565,0,True,True
28.49057149887085,5696,28.48,0,0.8891317844390869,0.110868215560913,0,True,True
28.510799169540405,5700,28.5,0,0.8898705840110779,0.1101294383406639,0,True,True
28.527974367141724,5704,28.52,0,0.8790576457977295,0.1209424063563346,0,True,True
28.54050040245056,5708,28.54,0,0.8899953961372375,0.1100045889616012,0,True,True
28.570472240448,5712,28.56,0,0.8900306224822998,0.1099693998694419,0,True,True
28.59084439277649,5716,28.58,0,0.8898028135299683,0.1101971417665481,0,True,True
28.60954213142395,5720,28.6,0,0.8887639045715332,0.1112360432744026,0,True,True
28.620569944381717,5724,28.62,0,0.873817503452301,0.1261824816465377,0,True,True
28.640653371810917,5728,28.64,0,0.8890199065208435,0.1109800636768341,0,True,True
28.670610427856445,5732,28.66,0,0.8887578248977661,0.1112421676516532,0,True,True
28.690709590911865,5736,28.68,0,0.884024441242218,0.1159755513072013,0,True,True
28.71039891242981,5740,28.7,0,0.8894601464271545,0.1105398908257484,0,True,True
28.728251934051517,5744,28.72,0,0.8897351622581482,0.1102648973464965,0,True,True
28.7427670955658,5748,28.74,0,0.8884762525558472,0.1115237697958946,0,True,True
28.770607471466064,5752,28.76,0,0.889095664024353,0.1109043508768081,0,True,True
28.79505681991577,5756,28.78,0,0.886458694934845,0.1135413870215416,0,True,True
28.800753831863403,5760,28.8,0,0.8900445699691772,0.1099554151296615,0,True,True
28.82774758338928,5764,28.82,0,0.8867743015289307,0.1132257357239723,0,True,True
28.842763662338257,5768,28.84,0,0.8900983333587646,0.1099016219377517,0,True,True
28.876633644104004,5772,28.86,0,0.8909099102020264,0.1090901046991348,0,True,True
28.885352849960327,5776,28.88,0,0.8796905875205994,0.1203094720840454,0,True,True
28.910603523254395,5780,28.9,0,0.8820018768310547,0.1179981082677841,0,True,True
28.92610001564026,5784,28.92,0,0.8900420665740967,0.1099579706788063,0,True,True
28.944419860839844,5788,28.94,0,0.8899674415588379,0.1100325509905815,0,True,True
28.97387909889221,5792,28.96,0,0.8907650709152222,0.1092348992824554,0,True,True
28.985846042633057,5796,28.98,0,0.8692911863327026,0.1307087689638137,0,True,True
29.011397123336792,5800,29.0,0,0.8888788819313049,0.1111210957169532,0,True,True
29.02545666694641,5804,29.02,0,0.8862867951393127,0.1137131974101066,0,True,True
29.04268431663513,5808,29.04,0,0.8890091776847839,0.1109908148646354,0,True,True
29.07473921775818,5812,29.06,0,0.8900689482688904,0.1099310666322708,0,True,True
29.100404262542725,5816,29.08,0,0.8873412013053894,0.1126588210463523,0,True,True
29.11065673828125,5820,29.1,0,0.8897992968559265,0.1102006807923317,0,True,True
29.12052583694458,5824,29.12,0,0.8899329900741577,0.110066995024681,0,True,True
29.145943880081177,5828,29.14,0,0.8875075578689575,0.1124924644827842,0,True,True
29.178433179855347,5832,29.16,0,0.8887364864349365,0.1112634614109993,0,True,True
29.19314956665039,5836,29.18,0,0.8888399004936218,0.1111601293087005,0,True,True
29.202956914901733,5840,29.2,0,0.8895775079727173,0.1104225218296051,0,True,True
29.220651626586918,5844,29.22,0,0.88584965467453,0.1141503304243087,0,True,True
29.246628761291504,5848,29.24,0,0.890152633190155,0.1098473668098449,0,True,True
29.26070261001587,5852,29.26,0,0.8905218243598938,0.1094781160354614,0,True,True
29.290820121765137,5856,29.28,0,0.8602818250656128,0.1397181451320648,0,True,True
29.31139731407165,5860,29.3,0,0.8804131150245667,0.1195869222283363,0,True,True
29.325973987579346,5864,29.32,0,0.888738751411438,0.1112611815333366,0,True,True
29.340850830078125,5868,29.34,0,0.8868927955627441,0.1131072714924812,0,True,True
29.37870216369629,5872,29.36,0,0.8855461478233337,0.114453800022602,0,True,True
29.390615940093998,5876,29.38,0,0.8848863840103149,0.1151136308908462,0,True,True
29.40132451057434,5880,29.4,0,0.8880934119224548,0.1119066104292869,0,True,True
29.42059016227722,5884,29.42,0,0.8779881596565247,0.1220117807388305,0,True,True
29.44544982910156,5888,29.44,0,0.8856738805770874,0.1143260672688484,0,True,True
29.470702409744263,5892,29.46,0,0.8908300399780273,0.1091699376702308,0,True,True
29.49054193496704,5896,29.48,0,0.8819300532341003,0.1180699542164802,0,True,True
29.51041984558105,5900,29.5,0,0.8866558074951172,0.113344207406044,0,True,True
29.52819299697876,5904,29.52,0,0.8821038007736206,0.1178961619734764,0,True,True
29.54281783103943,5908,29.54,0,0.8880574107170105,0.1119425445795059,0,True,True
29.57637405395508,5912,29.56,0,0.8858969807624817,0.1141030415892601,0,True,True
29.59457778930664,5916,29.58,0,0.8704769611358643,0.1295230686664581,0,True,True
29.610759496688843,5920,29.6,0,0.8746187090873718,0.1253812313079834,0,True,True
29.632572412490845,5924,29.62,0,0.8879182934761047,0.1120817512273788,0,True,True
29.640893697738647,5928,29.64,0,0.8896071910858154,0.1103928536176681,0,True,True
29.677483797073364,5932,29.66,0,0.8904172778129578,0.1095826998353004,0,True,True
29.690484523773197,5936,29.68,0,0.8884255290031433,0.1115744188427925,0,True,True
29.70632123947144,5940,29.7,0,0.8896471858024597,0.1103527769446373,0,True,True
29.73407411575317,5944,29.72,0,0.8862090110778809,0.1137909665703773,0,True,True
29.744890928268436,5948,29.74,0,0.88779217004776,0.1122078746557235,0,True,True
29.77065944671631,5952,29.76,0,0.8896817564964294,0.1103182584047317,0,True,True
29.79071855545044,5956,29.78,0,0.8900566101074219,0.1099433973431587,0,True,True
29.810468912124637,5960,29.8,0,0.8885231018066406,0.1114768609404563,0,True,True
29.822861909866333,5964,29.82,0,0.8875753879547119,0.1124246641993522,0,True,True
29.850504636764526,5968,29.84,0,0.879779040813446,0.1202209815382957,0,True,True
29.870614767074585,5972,29.86,0,0.8876341581344604,0.1123658716678619,0,True,True
29.890772819519043,5976,29.88,0,0.889157772064209,0.1108421683311462,0,True,True
29.91050171852112,5980,29.9,0,0.8893255591392517,0.1106743663549423,0,True,True
29.92894411087036,5984,29.92,0,0.885890781879425,0.1141091510653495,0,True,True
29.943909168243408,5988,29.94,0,0.8864672183990479,0.1135327666997909,0,True,True
29.970735788345337,5992,29.96,0,0.8888660669326782,0.1111339554190635,0,True,True
29.99059200286865,5996,29.98,0,0.8840068578720093,0.1159931048750877,0,True,True
30.01064658164978,6000,30.0,0,0.8899974822998047,0.1100025400519371,0,True,True
