sample,time_sec,eeg_ch1,eeg_ch2,eeg_ch3,eeg_ch4,true_label,prediction_end_sample,prediction_end_time_sec,prediction_wall_time_sec,pred_label,prob_Eyes Open,prob_Eyes Closed,correct
0,0.0,-0.0005651687,-0.0004181295,-0.00034486514,-0.00096315943,0,,,,,,,
1,0.005,-0.00537162,-0.0034628608,0.027461303,0.035368532,0,,,,,,,
2,0.01,0.0010083995,0.0053215246,0.047722932,0.06262058,0,,,,,,,
3,0.015,0.02128075,0.027619777,0.058771994,0.0761813,0,,,,,,,
4,0.02,0.045434214,0.052190393,0.062515795,0.07499808,0,,,,,,,
5,0.025,0.05554276,0.061797258,0.05785944,0.05823944,0,,,,,,,
6,0.03,0.038757764,0.04511111,0.039599102,0.025712464,0,,,,,,,
7,0.035,-0.0014837439,0.004920549,0.004858271,-0.018157614,0,,,,,,,
8,0.04,-0.0464619,-0.04301457,-0.03999935,-0.06231489,0,,,,,,,
9,0.045,-0.07495793,-0.07891774,-0.07939572,-0.09243214,0,,,,,,,
10,0.05,-0.07682922,-0.08927621,-0.096643224,-0.09785281,0,,,,,,,
11,0.055,-0.056620657,-0.07238552,-0.08428665,-0.077218786,0,,,,,,,
12,0.06,-0.026309839,-0.037051097,-0.04840311,-0.038711533,0,,,,,,,
13,0.065,0.0041369055,0.0033111232,-0.0037663446,0.004766129,0,,,,,,,
14,0.07,0.029906694,0.03689052,0.03521976,0.041390326,0,,,,,,,
15,0.075,0.0484752,0.056960188,0.060539085,0.06386606,0,,,,,,,
16,0.08,0.057026867,0.062085833,0.07040425,0.070020355,0,,,,,,,
17,0.085,0.05340438,0.05417415,0.06531466,0.061468635,0,,,,,,,
18,0.09,0.0383368,0.03635759,0.045696042,0.04195395,0,,,,,,,
19,0.095,0.016153906,0.012715739,0.014385945,0.016948424,0,,,,,,,
20,0.1,-0.0061335145,-0.010338182,-0.019200139,-0.0059704967,0,,,,,,,
21,0.105,-0.020549366,-0.024094885,-0.040122915,-0.01847292,0,,,,,,,
22,0.11,-0.020988904,-0.021681482,-0.036615554,-0.0157185,0,,,,,,,
23,0.115,-0.0074430853,-0.0043288083,-0.010381356,-0.0009815883,0,,,,,,,
24,0.12,0.011136159,0.016356867,0.02126916,0.014037253,0,,,,,,,
25,0.125,0.020120604,0.024490723,0.035835307,0.015737182,0,,,,,,,
26,0.13,0.009085162,0.011215452,0.02185696,-0.0016610986,0,,,,,,,
27,0.135,-0.019102285,-0.018032307,-0.012485211,-0.031229053,0,,,,,,,
28,0.14,-0.048694167,-0.046896785,-0.045853663,-0.05778422,0,,,,,,,
29,0.145,-0.0615082,-0.059275478,-0.059272327,-0.06771548,0,,,,,,,
30,0.15,-0.04908131,-0.049095746,-0.047668945,-0.056233235,0,,,,,,,
31,0.155,-0.017576741,-0.022188295,-0.019899543,-0.027964976,0,,,,,,,
32,0.16,0.016880715,0.008897037,0.009765289,0.0070989756,0,,,,,,,
33,0.165,0.03810626,0.03205097,0.030325532,0.038149953,0,,,,,,,
34,0.17,0.03876812,0.04070465,0.03749118,0.056700204,0,,,,,,,
35,0.175,0.023847751,0.035561062,0.03264888,0.05889233,0,,,,,,,
36,0.18,0.006695689,0.022920037,0.020561961,0.046866685,0,,,,,,,
37,0.185,-0.00072376686,0.0102678,0.0071016517,0.027443774,0,,,,,,,
38,0.19,0.003159235,0.0016339384,-0.0030510481,0.007964014,0,,,,,,,
39,0.195,0.009265269,-0.0036895282,-0.007955407,-0.0075326823,0,,,,,,,
40,0.2,0.007467226,-0.008080391,-0.008283423,-0.018634552,0,,,,,,,
41,0.205,-0.0028660144,-0.011659508,-0.0059737195,-0.025978828,0,,,,,,,
42,0.21,-0.011995593,-0.011909948,-0.0029504623,-0.029101914,0,,,,,,,
43,0.215,-0.009570743,-0.0070923227,-0.0006374816,-0.02693088,0,,,,,,,
44,0.22,0.0049120216,0.0006810716,-2.8724613e-05,-0.019848762,0,,,,,,,
45,0.225,0.021211244,0.006365543,-0.0016653677,-0.010553633,0,,,,,,,
46,0.23,0.0270466,0.005987961,-0.0053694225,-0.002577126,0,,,,,,,
47,0.235,0.017392647,-0.00032313255,-0.010120921,0.0019828854,0,,,,,,,
48,0.24,-0.0032435597,-0.008731802,-0.014085665,0.0035893056,0,,,,,,,
49,0.245,-0.025083192,-0.014292597,-0.014566829,0.004871823,0,,,,,,,
50,0.25,-0.0387609,-0.013344043,-0.008548512,0.00916523,0,,,,,,,
51,0.255,-0.03906566,-0.004848909,0.005314691,0.018372755,0,,,,,,,
52,0.26,-0.026385956,0.009024146,0.024282863,0.030969303,0,,,,,,,
53,0.265,-0.006108487,0.023267897,0.04126888,0.041547313,0,,,,,,,
54,0.27,0.014017307,0.031876497,0.048019465,0.04289632,0,,,,,,,
55,0.275,0.027457694,0.030668736,0.03999407,0.030095791,0,,,,,,,
56,0.28,0.031114107,0.019411007,0.019398628,0.004327937,0,,,,,,,
57,0.285,0.024990171,0.001801443,-0.0060160984,-0.026443647,0,,,,,,,
58,0.29,0.010849641,-0.016537532,-0.027550684,-0.05101034,0,,,,,,,
59,0.295,-0.007918117,-0.030597955,-0.040245958,-0.060729567,0,,,,,,,
60,0.3,-0.025585704,-0.03765184,-0.04464687,-0.053951222,0,,,,,,,
61,0.305,-0.034998555,-0.037522607,-0.044828936,-0.03625743,0,,,,,,,
62,0.31,-0.030998802,-0.031699,-0.044249848,-0.016491046,0,,,,,,,
63,0.315,-0.014014102,-0.02201716,-0.04249842,-0.0014552295,0,,,,,,,
64,0.32,0.009333441,-0.009873024,-0.035571832,0.00705286,0,,,,,,,
65,0.325,0.029323926,0.0034849627,-0.019604124,0.0113419155,0,,,,,,,
66,0.33,0.037817527,0.016079566,0.004911197,0.014567046,0,,,,,,,
67,0.335,0.031820223,0.025051823,0.03185817,0.01800323,0,,,,,,,
68,0.34,0.014765613,0.02816115,0.052544463,0.020859519,0,,,,,,,
69,0.345,-0.004468556,0.026178153,0.061241418,0.022376163,0,,,,,,,
70,0.35,-0.015012058,0.023657242,0.05909155,0.023798227,0,,,,,,,
71,0.355,-0.009819792,0.025972936,0.052802425,0.027672315,0,,,,,,,
72,0.36,0.008660994,0.033867728,0.048456687,0.034436587,0,,,,,,,
73,0.365,0.027722957,0.04036384,0.04533028,0.039478593,0,,,,,,,
74,0.37,0.03139813,0.034374204,0.03558803,0.03453415,0,,,,,,,
75,0.375,0.011867498,0.009715516,0.011272851,0.013997792,0,,,,,,,
76,0.38,-0.02341969,-0.027792387,-0.0268659,-0.018485077,0,,,,,,,
77,0.385,-0.055832714,-0.06230191,-0.06698964,-0.049786307,0,,,,,,,
78,0.39,-0.068655305,-0.07852523,-0.09335993,-0.06541873,0,,,,,,,
79,0.395,-0.05847347,-0.072117865,-0.09714995,-0.05997473,0,,,,,,,
80,0.4,-0.035073113,-0.050699398,-0.08111706,-0.040578574,0,,,,,,,
81,0.405,-0.010528999,-0.025180385,-0.054294977,-0.019912645,0,,,,,,,
82,0.41,0.011570042,-0.00045549855,-0.02287785,-0.005295163,0,,,,,,,
83,0.415,0.03594753,0.025229238,0.012750247,0.005710104,0,,,,,,,
84,0.42,0.064719856,0.052268,0.051729623,0.019159937,0,,,,,,,
85,0.425,0.087500356,0.07248143,0.084793836,0.034831375,0,,,,,,,
86,0.43,0.08475808,0.07188391,0.09535982,0.043295424,0,,,,,,,
87,0.435,0.044498336,0.042714626,0.07166549,0.033769332,0,,,,,,,
88,0.44,-0.02173599,-0.0059656827,0.01989644,0.0056846538,0,,,,,,,
89,0.445,-0.080021225,-0.050136745,-0.03498868,-0.027277049,0,,,,,,,
90,0.45,-0.09566998,-0.06593223,-0.064244784,-0.045475256,0,,,,,,,
91,0.455,-0.059848357,-0.046706304,-0.055149615,-0.037532948,0,,,,,,,
92,0.46,0.0015488246,-0.007790072,-0.019121628,-0.008476402,0,,,,,,,
93,0.465,0.046412688,0.025558002,0.01871826,0.024907347,0,,,,,,,
94,0.47,0.04828937,0.036997933,0.038989216,0.04684193,0,,,,,,,
95,0.475,0.014947793,0.028813656,0.039448544,0.052128427,0,,,,,,,
96,0.48,-0.021638772,0.015222983,0.029998336,0.04527206,0,,,,,,,
97,0.485,-0.03365598,0.007284806,0.019003741,0.03235612,0,,,,,,,
98,0.49,-0.018344702,0.004318743,0.005837284,0.015083253,0,,,,,,,
99,0.495,0.005436231,-0.0012536814,-0.013880299,-0.0074725477,0,,,,,,,
100,0.5,0.018114464,-0.012830379,-0.03818599,-0.03300867,0,,,,,,,
101,0.505,0.01611219,-0.024816748,-0.056237996,-0.05384167,0,,,,,,,
102,0.51,0.010034382,-0.028422665,-0.056501366,-0.06145439,0,,,,,,,
103,0.515,0.009813986,-0.020761358,-0.037018757,-0.053104248,0,,,,,,,
104,0.52,0.013898996,-0.00744383,-0.007521737,-0.033928093,0,,,,,,,
105,0.525,0.012846195,0.0031389862,0.017986957,-0.012961819,0,,,,,,,
106,0.53,0.0015892494,0.007045871,0.030700136,0.0028048838,0,,,,,,,
107,0.535,-0.013696477,0.0064665033,0.030753268,0.011500493,0,,,,,,,
108,0.54,-0.021214746,0.005673712,0.02414323,0.0154340975,0,,,,,,,
109,0.545,-0.015118629,0.0066914563,0.017396776,0.018363995,0,,,,,,,
110,0.55,-0.0009513038,0.008906821,0.014383027,0.023272032,0,,,,,,,
111,0.555,0.009760925,0.011445362,0.015820604,0.031152658,0,,,,,,,
112,0.56,0.00935299,0.014259501,0.019639688,0.04036266,0,,,,,,,
113,0.565,-0.0011557473,0.016454546,0.021369148,0.04659522,0,,,,,,,
114,0.57,-0.015001614,0.014726154,0.015683284,0.04423895,0,,,,,,,
115,0.575,-0.025385534,0.0053319423,-0.00010615211,0.029427404,0,,,,,,,
116,0.58,-0.02827788,-0.011222099,-0.022582073,0.0034541683,0,,,,,,,
117,0.585,-0.021894036,-0.027811222,-0.042484093,-0.026103506,0,,,,,,,
118,0.59,-0.0063230186,-0.034558523,-0.05012398,-0.048438646,0,,,,,,,
119,0.595,0.014886898,-0.026774881,-0.04249003,-0.055617932,0,,,,,,,
120,0.6,0.033722077,-0.009845705,-0.02597153,-0.04763389,0,,,,,,,
121,0.605,0.040907275,0.0043087085,-0.011555435,-0.032279827,0,,,,,,,
122,0.61,0.032714386,0.0070453947,-0.005810347,-0.019353902,0,,,,,,,
123,0.615,0.015453554,0.00056611194,-0.0053112465,-0.013407476,0,,,,,,,
124,0.62,0.0018070732,-0.004079317,2.040259e-05,-0.010962541,0,,,,,,,
125,0.625,0.00024650054,0.0025152145,0.016817268,-0.0047668107,0,,,,,,,
126,0.63,0.0066053527,0.018426975,0.04024204,0.008469544,0,,,,,,,
127,0.635,0.006849235,0.030940596,0.056061327,0.023962297,0,,,,,,,
128,0.64,-0.009525743,0.02779694,0.05226269,0.032690294,0,,,,,,,
129,0.645,-0.036942832,0.009446256,0.03054298,0.030211253,0,,,,,,,
130,0.65,-0.05472379,-0.009252847,0.006948774,0.022192966,0,,,,,,,
131,0.655,-0.043089945,-0.010626836,-0.0002522519,0.020520182,0,,,,,,,
132,0.66,-0.0015056599,0.010109336,0.0139044635,0.032197054,0,,,,,,,
133,0.665,0.047062524,0.03856036,0.035268657,0.05055802,0,,,,,,,
134,0.67,0.07123932,0.050461475,0.040148575,0.05754922,0,,,,,,,
135,0.675,0.054269083,0.029854557,0.013357005,0.03687697,0,,,,,,,
136,0.68,0.0062953336,-0.018199185,-0.039396416,-0.0119719,0,,,,,,,
137,0.685,-0.043853287,-0.07038572,-0.09445149,-0.070516616,0,,,,,,,
138,0.69,-0.06979454,-0.10074699,-0.12565325,-0.11197727,0,,,,,,,
139,0.695,-0.06392526,-0.09650634,-0.11984579,-0.11759988,0,,,,,,,
140,0.7,-0.037162613,-0.062785745,-0.08154936,-0.0864511,0,,,,,,,
141,0.705,-0.0059127696,-0.015439456,-0.026357908,-0.033073433,0,,,,,,,
142,0.71,0.019919448,0.029529857,0.02884814,0.022620255,0,,,,,,,
143,0.715,0.038387645,0.061649624,0.07142355,0.06460001,0,,,,,,,
144,0.72,0.04921209,0.0756902,0.09362485,0.08428483,0,,,,,,,
145,0.725,0.049249336,0.06997912,0.092402734,0.07982502,0,,,,,,,
146,0.73,0.03485063,0.046873685,0.07063386,0.054893665,0,,,,,,,
147,0.735,0.0077056717,0.014344316,0.037982833,0.01847763,0,,,,,,,
148,0.74,-0.02246791,-0.014782562,0.008447593,-0.016029432,0,,,,,,,
149,0.745,-0.04152601,-0.027657501,-0.0057222503,-0.034721535,0,,,,,,,
150,0.75,-0.038839128,-0.018513152,-0.0007870388,-0.029931366,0,,,,,,,
151,0.755,-0.014743466,0.0063708485,0.0152783785,-0.006177439,0,,,,,,,
152,0.76,0.017745707,0.030337628,0.026204111,0.020056263,0,,,,,,,
153,0.765,0.039768253,0.03571788,0.017084055,0.02928744,0,,,,,,,
154,0.77,0.038915146,0.015896112,-0.014859192,0.0124577675,0,,,,,,,
155,0.775,0.018063234,-0.018981816,-0.056273706,-0.021130096,0,,,,,,,
156,0.78,-0.007237298,-0.04849284,-0.08509232,-0.049160257,0,,,,,,,
157,0.785,-0.0215282,-0.05667783,-0.08535905,-0.052452423,0,,,,,,,
158,0.79,-0.021471443,-0.043257736,-0.058346417,-0.02946434,0,,,,,,,
159,0.795,-0.016447151,-0.021938967,-0.02082069,0.0029831354,0,,,,,,,
160,0.8,-0.01771081,-0.00778382,0.008059787,0.023406122,0,,,,,,,
161,0.805,-0.026958385,-0.0052866954,0.020002222,0.021995746,0,,,,,,,
162,0.81,-0.035312057,-0.007355512,0.020366896,0.006059523,0,,,,,,,
163,0.815,-0.032979064,-0.004488851,0.020012988,-0.008587602,0,,,,,,,
164,0.82,-0.01908865,0.005856935,0.025148975,-0.011136125,0,,,,,,,
165,0.825,-0.0016397969,0.018377818,0.033903796,-0.0023355526,0,,,,,,,
166,0.83,0.011515063,0.026608765,0.04027116,0.009606508,0,,,,,,,
167,0.835,0.020383745,0.029212046,0.039732862,0.017738858,0,,,,,,,
168,0.84,0.03136035,0.030063376,0.031907868,0.021487152,0,,,,,,,
169,0.845,0.04904816,0.033553317,0.020125728,0.025162918,0,,,,,,,
170,0.85,0.06999743,0.040183034,0.009469275,0.03251745,0,,,,,,,
171,0.855,0.083486535,0.045406047,0.0036258553,0.04179868,0,,,,,,,
172,0.86,0.07764638,0.04160168,0.0014132052,0.04483218,0,,,,,,,
173,0.865,0.046500344,0.02236273,-0.0036796161,0.031660777,0,,,,,,,
174,0.87,-0.00551788,-0.012287053,-0.018434403,-0.0013042877,0,,,,,,,
175,0.875,-0.06400204,-0.053271674,-0.042633258,-0.045773115,0,,,,,,,
176,0.88,-0.11079346,-0.08608473,-0.06689518,-0.08464292,0,,,,,,,
177,0.885,-0.13261652,-0.099218324,-0.07863682,-0.102537,0,,,,,,,
178,0.89,-0.12562048,-0.09027522,-0.070594415,-0.094955854,0,,,,,,,
179,0.895,-0.09291767,-0.06427885,-0.043992195,-0.068042226,0,,,,,,,
180,0.9,-0.039982576,-0.027212951,-0.005210065,-0.030704571,0,,,,,,,
181,0.905,0.025292503,0.016967723,0.03820784,0.011451995,0,,,,,,,
182,0.91,0.08864714,0.06266853,0.0777709,0.054350097,0,,,,,,,
183,0.915,0.12983854,0.09834683,0.102866545,0.08996266,0,,,,,,,
184,0.92,0.13217883,0.10932589,0.10315179,0.10590804,0,,,,,,,
185,0.925,0.094757736,0.087511204,0.0747638,0.09287264,0,,,,,,,
186,0.93,0.035445977,0.039513066,0.025114832,0.053406823,0,,,,,,,
187,0.935,-0.01967609,-0.014804875,-0.028675817,0.0034138437,0,,,,,,,
188,0.94,-0.052250396,-0.053134713,-0.06753107,-0.035974234,0,,,,,,,
189,0.945,-0.060229216,-0.063104905,-0.07959223,-0.05037523,0,,,,,,,
190,0.95,-0.053698875,-0.047725797,-0.06533932,-0.03955324,0,,,,,,,
191,0.955,-0.04355597,-0.021063365,-0.035887185,-0.015733592,0,,,,,,,
192,0.96,-0.033379037,0.0016366697,-0.0059397668,0.0050191474,0,,,,,,,
193,0.965,-0.020374766,0.011938881,0.013754677,0.011921623,0,,,,,,,
194,0.97,-0.0026743151,0.009608533,0.019705603,0.0034614375,0,,,,,,,
195,0.975,0.015028051,-0.0012302276,0.013949683,-0.01464619,0,,,,,,,
196,0.98,0.023500653,-0.015847893,0.0008124393,-0.033986725,0,,,,,,,
197,0.985,0.017420497,-0.029008867,-0.014083175,-0.04646901,0,,,,,,,
198,0.99,0.0026283013,-0.03324999,-0.022904392,-0.045221083,0,,,,,,,
199,0.995,-0.0054533263,-0.020247504,-0.016752103,-0.025886757,0,,,,,,,
200,1.0,0.00696165,0.012851571,0.008738965,0.009968364,0,,,,,,,
201,1.005,0.039049137,0.0567365,0.046725832,0.051687457,0,,,,,,,
202,1.01,0.0717988,0.09050734,0.07858285,0.081370525,0,,,,,,,
203,1.015,0.079019874,0.092480764,0.08324226,0.08253064,0,,,,,,,
204,1.02,0.046467528,0.055069964,0.05158549,0.050883584,0,,,,,,,
205,1.025,-0.01540557,-0.007687164,-0.005066207,-0.0010001432,0,,,,,,,
206,1.03,-0.076283,-0.06713789,-0.060286973,-0.049921397,0,,,,,,,
207,1.035,-0.10624032,-0.09768753,-0.08908305,-0.075693324,0,,,,,,,
208,1.04,-0.09627751,-0.092454225,-0.08369052,-0.072779134,0,,,,,,,
209,1.045,-0.0628186,-0.06528493,-0.05674782,-0.05175917,0,,,,,,,
210,1.05,-0.03256657,-0.037980918,-0.029717976,-0.029886203,0,,,,,,,
211,1.055,-0.020455543,-0.023163622,-0.01607509,-0.01794083,0,,,,,,,
212,1.06,-0.01922005,-0.016433029,-0.012697005,-0.013238914,0,,,,,,,
213,1.065,-0.008825341,-0.0034504847,-0.0056890794,-0.0038762402,0,,,,,,,
214,1.07,0.02344224,0.025115194,0.015480266,0.019594282,0,,,,,,,
215,1.075,0.07037841,0.0641809,0.048269343,0.05488679,0,,,,,,,
216,1.08,0.11036829,0.09804469,0.07949207,0.08870106,0,,,,,,,
217,1.085,0.124836795,0.112666294,0.09603207,0.10613638,0,,,,,,,
218,1.09,0.11120304,0.10456931,0.09320872,0.10011445,0,,,,,,,
219,1.095,0.0804142,0.07920363,0.07421427,0.07324592,0,,,,,,,
220,1.1,0.043571543,0.042767208,0.04374089,0.032652076,0,,,,,,,
221,1.105,0.002273946,-0.0025835915,0.0039520883,-0.015334692,0,,,,,,,
222,1.11,-0.047630623,-0.055203557,-0.043113735,-0.065288775,0,,,,,,,
223,1.115,-0.10375757,-0.107101046,-0.090450436,-0.109329924,0,,,,,,,
224,1.12,-0.15035228,-0.14275877,-0.12510459,-0.13616045,0,,,,,,,
225,1.125,-0.1653925,-0.14674893,-0.13373777,-0.13541497,0,,,,,,,
226,1.13,-0.13612017,-0.1141162,-0.11053146,-0.104099736,0,,,,,,,
227,1.135,-0.069523014,-0.05466406,-0.0611419,-0.049551126,0,,,,,,,
228,1.14,0.010499285,0.01199753,-0.00021701244,0.013278902,0,,,,,,,
229,1.145,0.07594674,0.06606627,0.054895557,0.06770903,0,,,,,,,
230,1.15,0.10785005,0.09498997,0.09006516,0.10065986,0,,,,,,,
231,1.155,0.10276526,0.095768586,0.09795019,0.10584825,0,,,,,,,
232,1.16,0.071675956,0.07371582,0.07961595,0.085162714,0,,,,,,,
233,1.165,0.033516895,0.03998987,0.044446487,0.048179947,0,,,,,,,
234,1.17,0.0059289653,0.008036428,0.0072291386,0.008879509,0,,,,,,,
235,1.175,-0.0033384787,-0.011658337,-0.018121123,-0.020272784,0,,,,,,,
236,1.18,0.00031347995,-0.01666258,-0.025529299,-0.033923317,0,,,,,,,
237,1.185,0.0035328653,-0.013332684,-0.019354185,-0.03499651,0,,,,,,,
238,1.19,-0.0038392623,-0.011035796,-0.009761825,-0.03015945,0,,,,,,,
239,1.195,-0.019778077,-0.013641523,-0.004052182,-0.023314064,0,,,,,,,
240,1.2,-0.031016486,-0.015873553,-0.0013054453,-0.013056429,0,,,,,,,
241,1.205,-0.024251075,-0.008727878,0.004718058,0.0034528135,0,,,,,,,
242,1.21,0.0010294295,0.010247526,0.017006593,0.024125634,0,,,,,,,
243,1.215,0.029255696,0.031409077,0.029304039,0.03991179,0,,,,,,,
244,1.22,0.039096255,0.03836502,0.029124636,0.040072873,0,,,,,,,
245,1.225,0.019904453,0.020701448,0.0081352005,0.020675136,0,,,,,,,
246,1.23,-0.019239744,-0.016485922,-0.028856985,-0.011174192,0,,,,,,,
247,1.235,-0.055754095,-0.054568093,-0.06457805,-0.041201003,0,,,,,,,
248,1.24,-0.06968526,-0.07345931,-0.07988323,-0.056728262,0,,,,,,,
249,1.245,-0.05590162,-0.06408936,-0.06612757,-0.05333796,0,,,,,,,
250,1.25,-0.023415472,-0.03220772,-0.02998189,-0.035187263,0,,,,,,,
251,1.255,0.013936144,0.0072690723,0.011872789,-0.010662594,0,,,,,,,
252,1.26,0.044380654,0.03892568,0.042838898,0.011960469,0,,,,,,,
253,1.265,0.05836764,0.052517854,0.0540098,0.026455488,0,,,,,,,
254,1.27,0.048520442,0.045171235,0.04620737,0.0295926,0,,,,,,,
255,1.275,0.015761452,0.022442603,0.027900597,0.02283102,0,,,,,,,
256,1.28,-0.023725213,-0.0022170923,0.011114274,0.013275539,0,,,,,,,
257,1.285,-0.04315014,-0.012802131,0.006005266,0.010656038,0,,,,,,,
258,1.29,-0.023997229,-0.0007608488,0.015225844,0.02033453,0,,,,,,,
259,1.295,0.025884606,0.027186653,0.03139289,0.037591282,0,,,,,,,
260,1.3,0.07391778,0.051512778,0.04083295,0.04920071,0,,,,,,,
261,1.305,0.08602281,0.052828263,0.03236275,0.042482343,0,,,,,,,
262,1.31,0.0522147,0.025679749,0.0050009564,0.014938791,0,,,,,,,
263,1.315,-0.007401533,-0.017918952,-0.031365946,-0.02352218,0,,,,,,,
264,1.32,-0.059976093,-0.05763478,-0.06267045,-0.05754171,0,,,,,,,
265,1.325,-0.08400561,-0.078552715,-0.07909033,-0.07640853,0,,,,,,,
266,1.33,-0.08022809,-0.07866044,-0.07893378,-0.07907094,0,,,,,,,
267,1.335,-0.06361093,-0.06573771,-0.06634588,-0.07091127,0,,,,,,,
268,1.34,-0.047140103,-0.048280522,-0.046254177,-0.0564825,0,,,,,,,
269,1.345,-0.03237343,-0.028788904,-0.021081682,-0.03532451,0,,,,,,,
270,1.35,-0.012808812,-0.004222933,0.008888949,-0.0043230695,0,,,,,,,
271,1.355,0.015825644,0.028080303,0.0427215,0.03618119,0,,,,,,,
272,1.36,0.048862156,0.06467911,0.07609485,0.078424715,0,,,,,,,
273,1.365,0.07506504,0.09525949,0.100784704,0.10910977,0,,,,,,,
274,1.37,0.08484837,0.107537605,0.107392766,0.116056286,0,,,,,,,
275,1.375,0.07654467,0.09446757,0.09043947,0.095108576,0,,,,,,,
276,1.38,0.055791512,0.05879559,0.05264425,0.05277806,0,,,,,,,
277,1.385,0.029813543,0.011810903,0.004710834,0.002962225,0,,,,,,,
278,1.39,0.0025027192,-0.032720037,-0.040029716,-0.04009217,0,,,,,,,
279,1.395,-0.025459323,-0.064951815,-0.072184734,-0.06798732,0,,,,,,,
280,1.4,-0.052388396,-0.0813599,-0.0888327,-0.07977801,0,,,,,,,
281,1.405,-0.07221456,-0.0826754,-0.09080119,-0.07894781,0,,,,,,,
282,1.41,-0.0763332,-0.07078866,-0.07879942,-0.0692032,0,,,,,,,
283,1.415,-0.06029543,-0.048067793,-0.053196073,-0.052606545,0,,,,,,,
284,1.42,-0.029588517,-0.018917868,-0.017456545,-0.030565698,0,,,,,,,
285,1.425,0.0018861435,0.009542719,0.019485144,-0.005552213,0,,,,,,,
286,1.43,0.02096053,0.029789656,0.04596984,0.018457951,0,,,,,,,
287,1.435,0.024492815,0.037758354,0.054235145,0.03701245,0,,,,,,,
288,1.44,0.020149231,0.03492559,0.045451865,0.046742324,0,,,,,,,
289,1.445,0.01787817,0.026812937,0.028732589,0.046638496,0,,,,,,,
290,1.45,0.020547112,0.019196553,0.014746948,0.038572393,0,,,,,,,
291,1.455,0.022925986,0.014962802,0.0089822365,0.026722906,0,,,,,,,
292,1.46,0.01934338,0.013666959,0.00968986,0.015963715,0,,,,,,,
293,1.465,0.011264807,0.013450723,0.011373894,0.0098578585,0,,,,,,,
294,1.47,0.0063009406,0.013033932,0.010035703,0.009040997,0,,,,,,,
295,1.475,0.009406761,0.011728935,0.0054011964,0.010519359,0,,,,,,,
296,1.48,0.015695956,0.007919763,-0.0010819627,0.00850752,0,,,,,,,
297,1.485,0.013411771,-0.0011780584,-0.009104084,-0.0024502985,0,,,,,,,
298,1.49,-0.004383167,-0.016550265,-0.019139934,-0.022699788,0,,,,,,,
299,1.495,-0.030385524,-0.03345486,-0.029081251,-0.044389423,0,,,,,,,
300,1.5,-0.046244565,-0.04172332,-0.032627396,-0.054259054,0,,,,,,,
301,1.505,-0.037429735,-0.03264011,-0.02331721,-0.04253789,0,,,,,,,
302,1.51,-0.007136962,-0.0077118548,-0.0017989288,-0.011876286,0,,,,,,,
303,1.515,0.023845805,0.01915045,0.020991093,0.02176189,0,,,,,,,
304,1.52,0.03232358,0.029858662,0.029525181,0.03853745,0,,,,,,,
305,1.525,0.010493139,0.01522275,0.014885985,0.027951881,0,,,,,,,
306,1.53,-0.028231353,-0.017563647,-0.017490631,-0.0041169124,0,,,,,,,
307,1.535,-0.059204794,-0.04895991,-0.04990758,-0.039294284,0,,,,,,,
308,1.54,-0.0631074,-0.05916109,-0.06266812,-0.057675786,0,,,,,,,
309,1.545,-0.036193512,-0.039201397,-0.045031067,-0.04794545,0,,,,,,,
310,1.55,0.011024123,0.005464509,-0.00036421564,-0.011495154,0,,,,,,,
311,1.555,0.06176898,0.058717128,0.055709273,0.039232127,0,,,,,,,
312,1.56,0.0997729,0.10057344,0.101522274,0.085446104,0,,,,,,,
313,1.565,0.112096295,0.11386255,0.11730406,0.10820518,0,,,,,,,
314,1.57,0.09121916,0.09033289,0.093387626,0.095755816,0,,,,,,,
315,1.575,0.039306853,0.035511933,0.036239963,0.05007941,0,,,,,,,
316,1.58,-0.028083151,-0.030993583,-0.032032765,-0.011730411,0,,,,,,,
317,1.585,-0.0850932,-0.08303688,-0.08337348,-0.064493015,0,,,,,,,
318,1.59,-0.107687406,-0.10127753,-0.09881769,-0.087904535,0,,,,,,,
319,1.595,-0.08841329,-0.08408269,-0.079149656,-0.07750372,0,,,,,,,
320,1.6,-0.042655837,-0.047711104,-0.043045074,-0.04616599,0,,,,,,,
321,1.605,0.00012849865,-0.015096411,-0.013748651,-0.015227262,0,,,,,,,
322,1.61,0.01559394,-0.0012218622,-0.004124459,-0.001392642,0,,,,,,,
323,1.615,0.00077969517,-0.0052041668,-0.0104937,-0.0076527297,0,,,,,,,
324,1.62,-0.024752662,-0.01360833,-0.018201401,-0.023046762,0,,,,,,,
325,1.625,-0.034242056,-0.011499341,-0.013396825,-0.030636132,0,,,,,,,
326,1.63,-0.014004243,0.0068567204,0.0075797685,-0.018638618,0,,,,,,,
327,1.635,0.027136521,0.034705564,0.03679792,0.012075509,0,,,,,,,
328,1.64,0.06624434,0.058573358,0.06108157,0.048932813,0,,,,,,,
329,1.645,0.08437278,0.06825544,0.07093865,0.07628324,0,,,,,,,
330,1.65,0.078510806,0.063152485,0.065642856,0.08518283,0,,,,,,,
331,1.655,0.05860879,0.05033424,0.05133917,0.07698066,0,,,,,,,
332,1.66,0.035549443,0.036926776,0.034701694,0.05883266,0,,,,,,,
333,1.665,0.013114911,0.02409137,0.017975608,0.03620196,0,,,,,,,
334,1.67,-0.009776133,0.00764915,-0.0007834067,0.00933615,0,,,,,,,
335,1.675,-0.03228607,-0.0161484,-0.023582531,-0.023755632,0,,,,,,,
336,1.68,-0.049753875,-0.045491297,-0.048832912,-0.061439775,0,,,,,,,
337,1.685,-0.058524784,-0.07278778,-0.071049094,-0.095532514,0,,,,,,,
338,1.69,-0.06053384,-0.088832766,-0.08336137,-0.114163324,0,,,,,,,
339,1.695,-0.06107694,-0.08774334,-0.08066151,-0.10840831,0,,,,,,,
340,1.7,-0.06183492,-0.0695935,-0.061966576,-0.07798883,0,,,,,,,
341,1.705,-0.05744518,-0.040045608,-0.03153479,-0.03232939,0,,,,,,,
342,1.71,-0.04034124,-0.007869101,0.0018709975,0.01354126,0,,,,,,,
343,1.715,-0.00936592,0.018502371,0.028180912,0.045882285,0,,,,,,,
344,1.72,0.02678835,0.034288745,0.040838476,0.058439158,0,,,,,,,
345,1.725,0.05521846,0.040288102,0.040506218,0.05500912,0,,,,,,,
346,1.73,0.068497285,0.04222617,0.03480973,0.04698337,0,,,,,,,
347,1.735,0.069619544,0.047294155,0.033612154,0.04660991,0,,,,,,,
348,1.74,0.06794297,0.0592274,0.0423854,0.059051137,0,,,,,,,
349,1.745,0.06978901,0.07458406,0.05775831,0.07775927,0,,,,,,,
350,1.75,0.07164792,0.08286569,0.06826743,0.0867224,0,,,,,,,
351,1.755,0.061622545,0.07134149,0.060388777,0.069355674,0,,,,,,,
352,1.76,0.028339684,0.0326499,0.026806368,0.019307973,0,,,,,,,
353,1.765,-0.028860718,-0.028787808,-0.027592551,-0.053334936,0,,,,,,,
354,1.77,-0.09539659,-0.095388904,-0.08546989,-0.12440249,0,,,,,,,
355,1.775,-0.14581646,-0.14180578,-0.12328505,-0.16558594,0,,,,,,,
356,1.78,-0.15537386,-0.14588508,-0.12193194,-0.15733348,0,,,,,,,
357,1.785,-0.113590226,-0.10089677,-0.07740855,-0.099069364,0,,,,,,,
358,1.79,-0.032903392,-0.022300355,-0.005735441,-0.011815989,0,,,,,,,
359,1.795,0.05403986,0.057135604,0.062734425,0.06972983,0,,,,,,,
360,1.8,0.110229574,0.10405431,0.09907906,0.1140083,0,,,,,,,
361,1.805,0.11592016,0.10393878,0.09290521,0.1099204,0,,,,,,,
362,1.81,0.08122319,0.06931738,0.058164548,0.07284115,0,,,,,,,
363,1.815,0.03822134,0.029296067,0.0217848,0.033228938,0,,,,,,,
364,1.82,0.016439084,0.0075569944,0.0031171194,0.014795234,0,,,,,,,
365,1.825,0.02052857,0.006130618,0.00084971526,0.018698301,0,,,,,,,
366,1.83,0.028715713,0.007763834,-0.0019658818,0.026149683,0,,,,,,,
367,1.835,0.013295973,-0.00627805,-0.02018883,0.016397135,0,,,,,,,
368,1.84,-0.034408987,-0.039102133,-0.05254586,-0.015856337,0,,,,,,,
369,1.845,-0.095367275,-0.07597463,-0.083095476,-0.057807527,0,,,,,,,
370,1.85,-0.13644044,-0.09691986,-0.09496887,-0.09058316,0,,,,,,,
371,1.855,-0.13389215,-0.09145062,-0.08265408,-0.10311821,0,,,,,,,
372,1.86,-0.08813032,-0.063126706,-0.052641686,-0.09573991,0,,,,,,,
373,1.865,-0.02025423,-0.022862617,-0.0147633245,-0.073297456,0,,,,,,,
374,1.87,0.043914057,0.020067826,0.025271626,-0.037925273,0,,,,,,,
375,1.875,0.088377096,0.060688883,0.065197036,0.010037603,0,,,,,,,
376,1.88,0.1101921,0.09451073,0.100441046,0.0649833,0,,,,,,,
377,1.885,0.112780556,0.11407984,0.12164918,0.11241067,0,,,,,,,
378,1.89,0.09868703,0.111328796,0.11935797,0.13487926,0,,,,,,,
379,1.895,0.069109015,0.08394835,0.09133219,0.12332348,0,,,,,,,
380,1.9,0.028743755,0.0392545,0.045257427,0.08359961,0,,,,,,,
381,1.905,-0.011385325,-0.008462231,-0.0053281994,0.03274424,0,,,,,,,
382,1.91,-0.037821997,-0.04482663,-0.04742766,-0.011017405,0,,,,,,,
383,1.915,-0.042692594,-0.06124064,-0.072329655,-0.036301296,0,,,,,,,
384,1.92,-0.029264683,-0.057059884,-0.07655005,-0.04085204,0,,,,,,,
385,1.925,-0.0108697945,-0.039180357,-0.06284361,-0.030522164,0,,,,,,,
386,1.93,-0.0040300116,-0.020241747,-0.04138017,-0.017748376,0,,,,,,,
387,1.935,-0.019574866,-0.0142920045,-0.027082704,-0.01802957,0,,,,,,,
388,1.94,-0.05577633,-0.029080475,-0.030827997,-0.041795433,0,,,,,,,
389,1.945,-0.09693576,-0.058699343,-0.049641043,-0.08466319,0,,,,,,,
390,1.95,-0.11961655,-0.083770394,-0.065645255,-0.12497755,0,,,,,,,
391,1.955,-0.10518793,-0.08256004,-0.058015034,-0.13468957,0,,,,,,,
392,1.96,-0.05210826,-0.046692934,-0.019995138,-0.09824253,0,,,,,,,
393,1.965,0.020885147,0.011074698,0.033623148,-0.02512022,0,,,,,,,
394,1.97,0.08454905,0.06452985,0.07621302,0.054787524,0,,,,,,,
395,1.975,0.11601961,0.0917043,0.08877032,0.11002733,0,,,,,,,
396,1.98,0.11098286,0.08848526,0.07287276,0.12623249,0,,,,,,,
397,1.985,0.083038956,0.06799042,0.046916172,0.11131916,0,,,,,,,
398,1.99,0.052355886,0.04810005,0.030216413,0.085602306,0,,,,,,,
399,1.995,0.033097867,0.038595553,0.02908017,0.066348016,0,,,,,,,
400,2.0,0.02787255,0.03738311,0.03524697,0.058183886,0,400,2.0,1.9993772506713867,0,0.8659566044807434,0.1340434700250625,True
401,2.005,0.030227488,0.03589727,0.03527092,0.053981036,0,400,2.0,1.9993772506713867,0,0.8659566044807434,0.1340434700250625,True
402,2.01,0.030408327,0.026665855,0.021090409,0.042577136,0,400,2.0,1.9993772506713867,0,0.8659566044807434,0.1340434700250625,True
403,2.015,0.019726168,0.006872614,-0.0062613813,0.016542528,0,400,2.0,1.9993772506713867,0,0.8659566044807434,0.1340434700250625,True
404,2.02,-0.0070017236,-0.022292662,-0.03983928,-0.024165237,0,404,2.02,2.019686460494995,0,0.8751091361045837,0.1248908564448356,True
405,2.025,-0.0489634,-0.056773353,-0.07129581,-0.07249727,0,404,2.02,2.019686460494995,0,0.8751091361045837,0.1248908564448356,True
406,2.03,-0.09679637,-0.08919373,-0.09259191,-0.11656258,0,404,2.02,2.019686460494995,0,0.8751091361045837,0.1248908564448356,True
407,2.035,-0.13327552,-0.10881926,-0.09602457,-0.14282526,0,404,2.02,2.019686460494995,0,0.8751091361045837,0.1248908564448356,True
408,2.04,-0.14000154,-0.10495396,-0.07614661,-0.14037581,0,408,2.04,2.0445077419281006,0,0.8850454092025757,0.1149545684456825,True
409,2.045,-0.107712425,-0.07332193,-0.034241498,-0.105731994,0,408,2.04,2.0445077419281006,0,0.8850454092025757,0.1149545684456825,True
410,2.05,-0.043352727,-0.020905823,0.018559273,-0.04599747,0,408,2.04,2.0445077419281006,0,0.8850454092025757,0.1149545684456825,True
411,2.055,0.031681277,0.035389394,0.06413964,0.022211427,0,408,2.04,2.0445077419281006,0,0.8850454092025757,0.1149545684456825,True
412,2.06,0.0915108,0.07652805,0.0862707,0.078772135,0,412,2.06,2.0710315704345703,0,0.8705143332481384,0.1294856071472168,True
413,2.065,0.117843434,0.09081896,0.079747155,0.10847043,0,412,2.06,2.0710315704345703,0,0.8705143332481384,0.1294856071472168,True
414,2.07,0.10737435,0.07886033,0.052797187,0.107147045,0,412,2.06,2.0710315704345703,0,0.8705143332481384,0.1294856071472168,True
415,2.075,0.071282126,0.05108,0.020733,0.08193312,0,412,2.06,2.0710315704345703,0,0.8705143332481384,0.1294856071472168,True
416,2.08,0.02806058,0.020388188,-0.004145365,0.045924746,0,416,2.08,2.0866332054138184,0,0.8880958557128906,0.1119041815400123,True
417,2.085,-0.00596611,-0.0044111623,-0.018530503,0.011499636,0,416,2.08,2.0866332054138184,0,0.8880958557128906,0.1119041815400123,True
418,2.09,-0.023301277,-0.02038674,-0.026142899,-0.013381798,0,416,2.08,2.0866332054138184,0,0.8880958557128906,0.1119041815400123,True
419,2.095,-0.025941104,-0.028069653,-0.031235868,-0.02528103,0,416,2.08,2.0866332054138184,0,0.8880958557128906,0.1119041815400123,True
420,2.1,-0.020953218,-0.028864209,-0.034506734,-0.024661547,0,420,2.1,2.10004997253418,0,0.8750500679016113,0.1249499022960662,True
421,2.105,-0.015230214,-0.025051188,-0.034742262,-0.01658375,0,420,2.1,2.10004997253418,0,0.8750500679016113,0.1249499022960662,True
422,2.11,-0.013242725,-0.020966029,-0.032784186,-0.010760058,0,420,2.1,2.10004997253418,0,0.8750500679016113,0.1249499022960662,True
423,2.115,-0.017669195,-0.021841848,-0.031991854,-0.01742385,0,420,2.1,2.10004997253418,0,0.8750500679016113,0.1249499022960662,True
424,2.12,-0.029543715,-0.029562714,-0.033938892,-0.039471567,0,424,2.12,2.1263813972473145,0,0.8848323822021484,0.1151676699519157,True
425,2.125,-0.04587775,-0.039048754,-0.0342276,-0.06703881,0,424,2.12,2.1263813972473145,0,0.8848323822021484,0.1151676699519157,True
426,2.13,-0.05732149,-0.039713897,-0.023875767,-0.08097923,0,424,2.12,2.1263813972473145,0,0.8848323822021484,0.1151676699519157,True
427,2.135,-0.050742526,-0.022177517,0.0038309358,-0.06482887,0,424,2.12,2.1263813972473145,0,0.8848323822021484,0.1151676699519157,True
428,2.14,-0.017825486,0.01444529,0.04656425,-0.016952971,0,428,2.14,2.1418545246124268,0,0.8883873224258423,0.1116126477718353,True
429,2.145,0.036063462,0.060074367,0.091756165,0.046558775,0,428,2.14,2.1418545246124268,0,0.8883873224258423,0.1116126477718353,True
430,2.15,0.09103478,0.097822115,0.12197671,0.10073884,0,428,2.14,2.1418545246124268,0,0.8883873224258423,0.1116126477718353,True
431,2.155,0.12257488,0.112214044,0.12360241,0.12592563,0,428,2.14,2.1418545246124268,0,0.8883873224258423,0.1116126477718353,True
432,2.16,0.1158656,0.096833505,0.09405816,0.11744043,0,432,2.16,2.166567802429199,0,0.8903518915176392,0.1096481084823608,True
433,2.165,0.07425705,0.05740669,0.043746646,0.08510901,0,432,2.16,2.166567802429199,0,0.8903518915176392,0.1096481084823608,True
434,2.17,0.016363274,0.008722928,-0.008988176,0.044688012,0,432,2.16,2.166567802429199,0,0.8903518915176392,0.1096481084823608,True
435,2.175,-0.03507386,-0.03304782,-0.047834452,0.0082931,0,432,2.16,2.166567802429199,0,0.8903518915176392,0.1096481084823608,True
436,2.18,-0.06444235,-0.05829695,-0.06750595,-0.019891959,0,436,2.18,2.182969331741333,0,0.8752312064170837,0.1247687935829162,True
437,2.185,-0.06839589,-0.06735446,-0.075224005,-0.041413642,0,436,2.18,2.182969331741333,0,0.8752312064170837,0.1247687935829162,True
438,2.19,-0.054131445,-0.0674221,-0.08300774,-0.05854899,0,436,2.18,2.182969331741333,0,0.8752312064170837,0.1247687935829162,True
439,2.195,-0.034032,-0.06581402,-0.096429564,-0.071310714,0,436,2.18,2.182969331741333,0,0.8752312064170837,0.1247687935829162,True
440,2.2,-0.020083921,-0.064782426,-0.108871035,-0.078303866,0,440,2.2,2.2012171745300293,0,0.8877331614494324,0.1122667863965034,True
441,2.205,-0.019608103,-0.061418403,-0.10617367,-0.07929987,0,440,2.2,2.2012171745300293,0,0.8877331614494324,0.1122667863965034,True
442,2.21,-0.032690365,-0.051737618,-0.078165054,-0.076054364,0,440,2.2,2.2012171745300293,0,0.8877331614494324,0.1122667863965034,True
443,2.215,-0.051922914,-0.0349387,-0.027949944,-0.07021834,0,440,2.2,2.2012171745300293,0,0.8877331614494324,0.1122667863965034,True
444,2.22,-0.06516215,-0.014280217,0.02840783,-0.060647555,0,444,2.22,2.228570938110352,0,0.8885070085525513,0.1114929392933845,True
445,2.225,-0.060866613,0.005742455,0.07168854,-0.043462727,0,444,2.22,2.228570938110352,0,0.8885070085525513,0.1114929392933845,True
446,2.23,-0.033974715,0.022985468,0.09132419,-0.015733592,0,444,2.22,2.228570938110352,0,0.8885070085525513,0.1114929392933845,True
447,2.235,0.010500876,0.03849031,0.09029161,0.020117497,0,444,2.22,2.228570938110352,0,0.8885070085525513,0.1114929392933845,True
448,2.24,0.0585649,0.05382599,0.080003254,0.055630095,0,448,2.24,2.2408692836761475,0,0.8902531266212463,0.109746865928173,True
449,2.245,0.09364174,0.06792658,0.07045292,0.08115687,0,448,2.24,2.2408692836761475,0,0.8902531266212463,0.109746865928173,True
450,2.25,0.10555993,0.077091955,0.06422751,0.092910305,0,448,2.24,2.2408692836761475,0,0.8902531266212463,0.109746865928173,True
451,2.255,0.096185245,0.078259245,0.05824881,0.09576577,0,448,2.24,2.2408692836761475,0,0.8902531266212463,0.109746865928173,True
452,2.26,0.07670328,0.071733855,0.049358543,0.09824342,0,452,2.26,2.260594129562378,0,0.8835719227790833,0.1164280995726585,True
453,2.265,0.058093086,0.060179565,0.03725352,0.10344078,0,452,2.26,2.260594129562378,0,0.8835719227790833,0.1164280995726585,True
454,2.27,0.04305413,0.045273554,0.02282427,0.104479186,0,452,2.26,2.260594129562378,0,0.8835719227790833,0.1164280995726585,True
455,2.275,0.026669009,0.026193224,0.005459694,0.08941589,0,452,2.26,2.260594129562378,0,0.8835719227790833,0.1164280995726585,True
456,2.28,0.0041652475,0.0014664319,-0.017011069,0.051361676,0,456,2.28,2.293853521347046,0,0.884206235408783,0.1157937422394752,True
457,2.285,-0.023159208,-0.028596643,-0.046137508,-0.0055646724,0,456,2.28,2.293853521347046,0,0.884206235408783,0.1157937422394752,True
458,2.29,-0.04988132,-0.0617074,-0.08093217,-0.0690695,0,456,2.28,2.293853521347046,0,0.884206235408783,0.1157937422394752,True
459,2.295,-0.07261022,-0.09450502,-0.11683065,-0.12585387,0,456,2.28,2.293853521347046,0,0.884206235408783,0.1157937422394752,True
460,2.3,-0.09201539,-0.121808045,-0.14469543,-0.16578713,0,460,2.3,2.3015265464782715,0,0.8844189047813416,0.1155810728669166,True
461,2.305,-0.1082867,-0.13516776,-0.15131828,-0.18163335,0,460,2.3,2.3015265464782715,0,0.8844189047813416,0.1155810728669166,True
462,2.31,-0.116375536,-0.12520666,-0.12487548,-0.16906895,0,460,2.3,2.3015265464782715,0,0.8844189047813416,0.1155810728669166,True
463,2.315,-0.10792782,-0.08890448,-0.06475621,-0.1299621,0,460,2.3,2.3015265464782715,0,0.8844189047813416,0.1155810728669166,True
464,2.32,-0.0786531,-0.035512384,0.01226246,-0.07500228,0,464,2.32,2.3232133388519287,0,0.8876529335975647,0.1123470887541771,True
465,2.325,-0.033279315,0.016782226,0.07828804,-0.019851824,0,464,2.32,2.3232133388519287,0,0.8876529335975647,0.1123470887541771,True
466,2.33,0.016998885,0.052830044,0.1115043,0.024250392,0,464,2.32,2.3232133388519287,0,0.8876529335975647,0.1123470887541771,True
467,2.335,0.061517652,0.070741296,0.11080793,0.057056073,0,464,2.32,2.3232133388519287,0,0.8876529335975647,0.1123470887541771,True
468,2.34,0.0947093,0.08057889,0.094641,0.086196415,0,468,2.34,2.3432648181915283,0,0.8877023458480835,0.1122976616024971,True
469,2.345,0.11529393,0.092903286,0.08461675,0.11710874,0,468,2.34,2.3432648181915283,0,0.8877023458480835,0.1122976616024971,True
470,2.35,0.12313763,0.10834,0.08836496,0.14580935,0,468,2.34,2.3432648181915283,0,0.8877023458480835,0.1122976616024971,True
471,2.355,0.11809679,0.117610656,0.09598375,0.16127679,0,468,2.34,2.3432648181915283,0,0.8877023458480835,0.1122976616024971,True
472,2.36,0.10148668,0.1107371,0.09124494,0.15457918,0,472,2.36,2.368983745574951,0,0.8838014006614685,0.1161986216902732,True
473,2.365,0.07724973,0.085794136,0.0658272,0.12580618,0,472,2.36,2.368983745574951,0,0.8838014006614685,0.1161986216902732,True
474,2.37,0.050376818,0.049403235,0.024221621,0.08298077,0,472,2.36,2.368983745574951,0,0.8838014006614685,0.1161986216902732,True
475,2.375,0.023551866,0.010050854,-0.022540588,0.035318308,0,472,2.36,2.368983745574951,0,0.8838014006614685,0.1161986216902732,True
476,2.38,-0.0047226055,-0.028209263,-0.06595914,-0.012143589,0,476,2.38,2.385287284851074,0,0.8671779036521912,0.1328220963478088,True
477,2.385,-0.03844952,-0.065886706,-0.103071906,-0.058333702,0,476,2.38,2.385287284851074,0,0.8671779036521912,0.1328220963478088,True
478,2.39,-0.07998463,-0.103241175,-0.1325299,-0.1023586,0,476,2.38,2.385287284851074,0,0.8671779036521912,0.1328220963478088,True
479,2.395,-0.12634838,-0.13628326,-0.15008745,-0.1409513,0,476,2.38,2.385287284851074,0,0.8671779036521912,0.1328220963478088,True
480,2.4,-0.16818671,-0.15741616,-0.14928545,-0.16926448,0,480,2.4,2.4030017852783203,0,0.8849467039108276,0.1150532588362693,True
481,2.405,-0.19174074,-0.1593906,-0.12662765,-0.18298338,0,480,2.4,2.4030017852783203,0,0.8849467039108276,0.1150532588362693,True
482,2.41,-0.18332116,-0.13876839,-0.08568595,-0.17906094,0,480,2.4,2.4030017852783203,0,0.8849467039108276,0.1150532588362693,True
483,2.415,-0.13559937,-0.096967675,-0.03593435,-0.15514593,0,480,2.4,2.4030017852783203,0,0.8849467039108276,0.1150532588362693,True
484,2.42,-0.053680047,-0.039653126,0.01270082,-0.1097887,0,484,2.42,2.4286556243896484,0,0.8785995244979858,0.1214005053043365,True
485,2.425,0.04327539,0.024542946,0.05504867,-0.044210352,0,484,2.42,2.4286556243896484,0,0.8785995244979858,0.1214005053043365,True
486,2.43,0.12853467,0.086051784,0.0917554,0.035928518,0,484,2.42,2.4286556243896484,0,0.8785995244979858,0.1214005053043365,True
487,2.435,0.18045393,0.13676779,0.12552468,0.120315224,0,484,2.42,2.4286556243896484,0,0.8785995244979858,0.1214005053043365,True
488,2.44,0.19290788,0.17108142,0.1552528,0.19506375,0,488,2.44,2.44944429397583,0,0.8850406408309937,0.1149593964219093,True
489,2.445,0.17536469,0.184773,0.17276573,0.2445509,0,488,2.44,2.44944429397583,0,0.8850406408309937,0.1149593964219093,True
490,2.45,0.14304416,0.1740653,0.16591364,0.25506812,0,488,2.44,2.44944429397583,0,0.8850406408309937,0.1149593964219093,True
491,2.455,0.10621086,0.13768888,0.12710345,0.22095037,0,488,2.44,2.44944429397583,0,0.8850406408309937,0.1149593964219093,True
492,2.46,0.06711109,0.080710866,0.060846902,0.14986931,0,492,2.46,2.459214448928833,0,0.8352217674255371,0.1647782772779464,True
493,2.465,0.02438427,0.015039292,-0.016646635,0.06136211,0,492,2.46,2.459214448928833,0,0.8352217674255371,0.1647782772779464,True
494,2.47,-0.021942286,-0.04603219,-0.08628256,-0.02303163,0,492,2.46,2.459214448928833,0,0.8352217674255371,0.1647782772779464,True
495,2.475,-0.06967169,-0.094951265,-0.13595311,-0.09114896,0,492,2.46,2.459214448928833,0,0.8352217674255371,0.1647782772779464,True
496,2.48,-0.11589084,-0.13147147,-0.16329405,-0.1431325,0,496,2.48,2.492934226989746,0,0.7189688086509705,0.2810312211513519,True
497,2.485,-0.15625024,-0.15685223,-0.17038208,-0.18326247,0,496,2.48,2.492934226989746,0,0.7189688086509705,0.2810312211513519,True
498,2.49,-0.1821163,-0.16702543,-0.15712656,-0.20902614,0,496,2.48,2.492934226989746,0,0.7189688086509705,0.2810312211513519,True
499,2.495,-0.18065973,-0.1527318,-0.12058781,-0.20885848,0,496,2.48,2.492934226989746,0,0.7189688086509705,0.2810312211513519,True
500,2.5,-0.14164537,-0.10783138,-0.060968034,-0.17169018,0,500,2.5,2.508572578430176,0,0.8738489151000977,0.1261510401964187,True
501,2.505,-0.06761107,-0.0386397,0.011737688,-0.09987348,0,500,2.5,2.508572578430176,0,0.8738489151000977,0.1261510401964187,True
502,2.51,0.021539038,0.034756415,0.07767063,-0.013256924,0,500,2.5,2.508572578430176,0,0.8738489151000977,0.1261510401964187,True
503,2.515,0.096151605,0.08808228,0.11594394,0.060520094,0,500,2.5,2.508572578430176,0,0.8738489151000977,0.1261510401964187,True
504,2.52,0.13347352,0.10721574,0.11732725,0.10266748,0,504,2.52,2.519191026687622,1,0.0569927208125591,0.9430072903633118,False
505,2.525,0.13115922,0.09656862,0.09125182,0.11386028,0,504,2.52,2.519191026687622,1,0.0569927208125591,0.9430072903633118,False
506,2.53,0.10644443,0.0747046,0.06031763,0.11055846,0,504,2.52,2.519191026687622,1,0.0569927208125591,0.9430072903633118,False
507,2.535,0.08140469,0.060249645,0.044789594,0.11031611,0,504,2.52,2.519191026687622,1,0.0569927208125591,0.9430072903633118,False
508,2.54,0.06673637,0.05898978,0.04842785,0.118015185,0,508,2.54,2.54311466217041,0,0.8487460613250732,0.1512539386749267,True
509,2.545,0.057251327,0.061871935,0.056931008,0.123449914,0,508,2.54,2.54311466217041,0,0.8487460613250732,0.1512539386749267,True
510,2.55,0.04099177,0.05427686,0.05012646,0.11079563,0,508,2.54,2.54311466217041,0,0.8487460613250732,0.1512539386749267,True
511,2.555,0.011816242,0.027902463,0.017594201,0.07123048,0,508,2.54,2.54311466217041,0,0.8487460613250732,0.1512539386749267,True
512,2.56,-0.02606929,-0.014124977,-0.03469732,0.009015545,0,512,2.56,2.5694708824157715,0,0.7972314953804016,0.202768474817276,True
513,2.565,-0.0636809,-0.0609223,-0.090189405,-0.061733197,0,512,2.56,2.5694708824157715,0,0.7972314953804016,0.202768474817276,True
514,2.57,-0.09491881,-0.100638986,-0.13245146,-0.12470528,0,512,2.56,2.5694708824157715,0,0.7972314953804016,0.202768474817276,True
515,2.575,-0.11763549,-0.124019235,-0.15107518,-0.16694477,0,512,2.56,2.5694708824157715,0,0.7972314953804016,0.202768474817276,True
516,2.58,-0.12811016,-0.12419696,-0.14069413,-0.18021017,0,516,2.58,2.592112302780152,0,0.8717178702354431,0.1282821744680404,True
517,2.585,-0.11732706,-0.09708123,-0.09921877,-0.16091731,0,516,2.58,2.592112302780152,0,0.8717178702354431,0.1282821744680404,True
518,2.59,-0.07615746,-0.044887435,-0.030588737,-0.1114734,0,516,2.58,2.592112302780152,0,0.8717178702354431,0.1282821744680404,True
519,2.595,-0.0064389487,0.020530881,0.05076235,-0.0419261,0,516,2.58,2.592112302780152,0,0.8717178702354431,0.1282821744680404,True
520,2.6,0.073187746,0.080077015,0.12141531,0.03150593,0,520,2.6,2.605607509613037,0,0.8494314551353455,0.1505684852600097,True
521,2.605,0.13458613,0.11614348,0.15918978,0.092079856,0,520,2.6,2.605607509613037,0,0.8494314551353455,0.1505684852600097,True
522,2.61,0.15632823,0.121547304,0.15534458,0.1290618,0,520,2.6,2.605607509613037,0,0.8494314551353455,0.1505684852600097,True
523,2.615,0.13575841,0.10157411,0.1187058,0.14057387,0,520,2.6,2.605607509613037,0,0.8494314551353455,0.1505684852600097,True
524,2.62,0.08757486,0.068043165,0.06829111,0.1312967,0,524,2.62,2.6340537071228027,0,0.8776242136955261,0.1223757788538932,True
525,2.625,0.03190557,0.031107597,0.02075607,0.10769837,0,524,2.62,2.6340537071228027,0,0.8776242136955261,0.1223757788538932,True
526,2.63,-0.01680866,-0.0044268835,-0.01741641,0.074759625,0,524,2.62,2.6340537071228027,0,0.8776242136955261,0.1223757788538932,True
527,2.635,-0.052171595,-0.03659579,-0.048174668,0.036033276,0,524,2.62,2.6340537071228027,0,0.8776242136955261,0.1223757788538932,True
528,2.64,-0.07160779,-0.061879713,-0.07417948,-0.0043413816,0,528,2.64,2.6559183597564697,0,0.8023245930671692,0.1976754069328308,True
529,2.645,-0.07343312,-0.074472025,-0.09297966,-0.04061273,0,528,2.64,2.6559183597564697,0,0.8023245930671692,0.1976754069328308,True
530,2.65,-0.05923853,-0.07052537,-0.09819427,-0.06710676,0,528,2.64,2.6559183597564697,0,0.8023245930671692,0.1976754069328308,True
531,2.655,-0.03762322,-0.053190216,-0.08598546,-0.08145844,0,528,2.64,2.6559183597564697,0,0.8023245930671692,0.1976754069328308,True
532,2.66,-0.02233724,-0.032732643,-0.060201578,-0.08622644,0,532,2.66,2.671727418899536,0,0.8831242322921753,0.1168757379055023,True
533,2.665,-0.023305746,-0.020139975,-0.030855304,-0.086739786,0,532,2.66,2.671727418899536,0,0.8831242322921753,0.1168757379055023,True
534,2.67,-0.037452806,-0.018899407,-0.007014204,-0.086417064,0,532,2.66,2.671727418899536,0,0.8831242322921753,0.1168757379055023,True
535,2.675,-0.048792932,-0.022165384,0.009285371,-0.083438,0,532,2.66,2.671727418899536,0,0.8831242322921753,0.1168757379055023,True
536,2.68,-0.04007206,-0.018385341,0.022426149,-0.07184004,0,536,2.68,2.687027931213379,0,0.8840112090110779,0.1159887537360191,True
537,2.685,-0.0072180443,-0.0010012811,0.03686996,-0.046423897,0,536,2.68,2.687027931213379,0,0.8840112090110779,0.1159887537360191,True
538,2.69,0.03613211,0.02597378,0.051640954,-0.007592358,0,536,2.68,2.687027931213379,0,0.8840112090110779,0.1159887537360191,True
539,2.695,0.06875069,0.05114228,0.061021384,0.037704576,0,536,2.68,2.687027931213379,0,0.8840112090110779,0.1159887537360191,True
540,2.7,0.07812943,0.06462337,0.060385022,0.07948087,0,540,2.7,2.702173948287964,0,0.8893153071403503,0.1106847003102302,True
541,2.705,0.0687379,0.064865686,0.051054984,0.1096326,0,540,2.7,2.702173948287964,0,0.8893153071403503,0.1106847003102302,True
542,2.71,0.055374462,0.05783777,0.039277133,0.12440564,0,540,2.7,2.702173948287964,0,0.8893153071403503,0.1106847003102302,True
543,2.715,0.048415974,0.050014425,0.030281277,0.12323236,0,540,2.7,2.702173948287964,0,0.8893153071403503,0.1106847003102302,True
544,2.72,0.04484571,0.041971307,0.023213724,0.10635137,0,544,2.72,2.715144634246826,0,0.872089147567749,0.1279109120368957,True
545,2.725,0.0330124,0.028604811,0.012090958,0.07453802,0,544,2.72,2.715144634246826,0,0.872089147567749,0.1279109120368957,True
546,2.73,0.005993182,0.0057329983,-0.0076166065,0.03144201,0,544,2.72,2.715144634246826,0,0.872089147567749,0.1279109120368957,True
547,2.735,-0.029529238,-0.023394637,-0.032786075,-0.0146454,0,544,2.72,2.715144634246826,0,0.872089147567749,0.1279109120368957,True
548,2.74,-0.057513434,-0.04849226,-0.053232815,-0.053058695,0,548,2.74,2.7330989837646484,0,0.8678155541419983,0.1321844011545181,True
549,2.745,-0.065985695,-0.05994763,-0.059527826,-0.076490596,0,548,2.74,2.7330989837646484,0,0.8678155541419983,0.1321844011545181,True
550,2.75,-0.056953188,-0.05687874,-0.05123003,-0.085296966,0,548,2.74,2.7330989837646484,0,0.8678155541419983,0.1321844011545181,True
551,2.755,-0.04363698,-0.04771035,-0.037548408,-0.08593222,0,548,2.74,2.7330989837646484,0,0.8678155541419983,0.1321844011545181,True
552,2.76,-0.038152978,-0.04249152,-0.029362284,-0.08452102,0,552,2.76,2.758809328079224,0,0.8880833387374878,0.1119166761636734,True
553,2.765,-0.04149582,-0.044138223,-0.029929997,-0.08145814,0,552,2.76,2.758809328079224,0,0.8880833387374878,0.1119166761636734,True
554,2.77,-0.044344205,-0.04647156,-0.03275338,-0.07189893,0,552,2.76,2.758809328079224,0,0.8880833387374878,0.1119166761636734,True
555,2.775,-0.036221392,-0.04007206,-0.027917204,-0.05119121,0,552,2.76,2.758809328079224,0,0.8880833387374878,0.1119166761636734,True
556,2.78,-0.013849177,-0.020171002,-0.010614989,-0.019994969,0,556,2.78,2.785632610321045,0,0.8884615898132324,0.1115384101867675,True
557,2.785,0.017240116,0.009653789,0.015178033,0.015004032,0,556,2.78,2.785632610321045,0,0.8884615898132324,0.1115384101867675,True
558,2.79,0.046550192,0.039682828,0.03972848,0.044643134,0,556,2.78,2.785632610321045,0,0.8884615898132324,0.1115384101867675,True
559,2.795,0.06379211,0.05975116,0.054054305,0.06222031,0,556,2.78,2.785632610321045,0,0.8884615898132324,0.1115384101867675,True
560,2.8,0.06330946,0.06483545,0.055319823,0.066913374,0,560,2.8,2.7984836101531982,0,0.8911325931549072,0.1088674515485763,True
561,2.805,0.047223113,0.05751142,0.04791694,0.0637735,0,560,2.8,2.7984836101531982,0,0.8911325931549072,0.1088674515485763,True
562,2.81,0.025520397,0.045704238,0.039638028,0.05983492,0,560,2.8,2.7984836101531982,0,0.8911325931549072,0.1088674515485763,True
563,2.815,0.010993879,0.036833838,0.035468765,0.05841936,0,560,2.8,2.7984836101531982,0,0.8911325931549072,0.1088674515485763,True
564,2.82,0.010686203,0.03240003,0.033639234,0.056037836,0,564,2.82,2.817986249923706,0,0.8749192953109741,0.1250806897878646,True
565,2.825,0.0202364,0.027428295,0.027384419,0.04526612,0,564,2.82,2.817986249923706,0,0.8749192953109741,0.1250806897878646,True
566,2.83,0.027005153,0.01562605,0.011391129,0.022026196,0,564,2.82,2.817986249923706,0,0.8749192953109741,0.1250806897878646,True
567,2.835,0.020599201,-0.003918163,-0.012348177,-0.008937962,0,564,2.82,2.817986249923706,0,0.8749192953109741,0.1250806897878646,True
568,2.84,0.0018377658,-0.024566691,-0.034592245,-0.035874862,0,568,2.84,2.8332741260528564,0,0.880806028842926,0.1191939339041709,True
569,2.845,-0.01831927,-0.036982976,-0.045365866,-0.048342798,0,568,2.84,2.8332741260528564,0,0.880806028842926,0.1191939339041709,True
570,2.85,-0.028997242,-0.036987852,-0.04166366,-0.045033015,0,568,2.84,2.8332741260528564,0,0.880806028842926,0.1191939339041709,True
571,2.855,-0.028810358,-0.02912024,-0.029560493,-0.03416275,0,568,2.84,2.8332741260528564,0,0.880806028842926,0.1191939339041709,True
572,2.86,-0.025585203,-0.022476897,-0.018845765,-0.02629693,0,572,2.86,2.859824657440185,0,0.8896018862724304,0.1103981360793113,True
573,2.865,-0.027817229,-0.023058968,-0.015377877,-0.026486201,0,572,2.86,2.859824657440185,0,0.8896018862724304,0.1103981360793113,True
574,2.87,-0.037141472,-0.030026887,-0.018243853,-0.032585464,0,572,2.86,2.859824657440185,0,0.8896018862724304,0.1103981360793113,True
575,2.875,-0.04826568,-0.03834068,-0.023213202,-0.039611682,0,572,2.86,2.859824657440185,0,0.8896018862724304,0.1103981360793113,True
576,2.88,-0.054062687,-0.043289952,-0.027269311,-0.043985028,0,576,2.88,2.89180588722229,0,0.8897852301597595,0.1102147325873375,True
577,2.885,-0.049678158,-0.04181522,-0.02903947,-0.043246012,0,576,2.88,2.89180588722229,0,0.8897852301597595,0.1102147325873375,True
578,2.89,-0.033455256,-0.031230077,-0.026204515,-0.033653554,0,576,2.88,2.89180588722229,0,0.8897852301597595,0.1102147325873375,True
579,2.895,-0.0070391237,-0.0097576035,-0.015156141,-0.011117599,0,576,2.88,2.89180588722229,0,0.8897852301597595,0.1102147325873375,True
580,2.9,0.02387336,0.019974196,0.0050995443,0.023659077,0,580,2.9,2.902022123336792,0,0.8910650014877319,0.108934998512268,True
581,2.905,0.05020483,0.04896386,0.029173288,0.061354175,0,580,2.9,2.902022123336792,0,0.8910650014877319,0.108934998512268,True
582,2.91,0.06354134,0.06580906,0.047176998,0.08716287,0,580,2.9,2.902022123336792,0,0.8910650014877319,0.108934998512268,True
583,2.915,0.061387748,0.06461275,0.051872768,0.08983926,0,580,2.9,2.902022123336792,0,0.8910650014877319,0.108934998512268,True
584,2.92,0.04896841,0.04965948,0.04455835,0.069354795,0,584,2.92,2.9265928268432617,0,0.8864487409591675,0.1135512068867683,True
585,2.925,0.035531253,0.032104906,0.03385266,0.03669227,0,584,2.92,2.9265928268432617,0,0.8864487409591675,0.1135512068867683,True
586,2.93,0.027959853,0.02141503,0.028326694,0.0061064754,0,584,2.92,2.9265928268432617,0,0.8864487409591675,0.1135512068867683,True
587,2.935,0.026505828,0.018955557,0.029624123,-0.013693474,0,584,2.92,2.9265928268432617,0,0.8864487409591675,0.1135512068867683,True
588,2.94,0.025357503,0.018640578,0.031857785,-0.022837378,0,588,2.94,2.9551424980163574,0,0.8691762089729309,0.1308238059282302,True
589,2.945,0.017244471,0.01307622,0.027121194,-0.02672086,0,588,2.94,2.9551424980163574,0,0.8691762089729309,0.1308238059282302,True
590,2.95,-0.001045354,-0.00052851724,0.011865085,-0.029880358,0,588,2.94,2.9551424980163574,0,0.8691762089729309,0.1308238059282302,True
591,2.955,-0.025839524,-0.019190077,-0.011050819,-0.032921102,0,588,2.94,2.9551424980163574,0,0.8691762089729309,0.1308238059282302,True
592,2.96,-0.048602324,-0.037563376,-0.03535581,-0.034336045,0,592,2.96,2.9750747680664062,0,0.8854783773422241,0.1145215928554534,True
593,2.965,-0.061607487,-0.051938567,-0.05563372,-0.033971705,0,592,2.96,2.9750747680664062,0,0.8854783773422241,0.1145215928554534,True
594,2.97,-0.06270944,-0.06088705,-0.068607196,-0.033441737,0,592,2.96,2.9750747680664062,0,0.8854783773422241,0.1145215928554534,True
595,2.975,-0.05488554,-0.06249288,-0.07112955,-0.032555617,0,592,2.96,2.9750747680664062,0,0.8854783773422241,0.1145215928554534,True
596,2.98,-0.041137483,-0.052272126,-0.058882367,-0.026098287,0,596,2.98,2.987957239151001,0,0.8893559575080872,0.1106440052390098,True
597,2.985,-0.02059745,-0.02589925,-0.029480787,-0.006225213,0,596,2.98,2.987957239151001,0,0.8893559575080872,0.1106440052390098,True
598,2.99,0.008877214,0.0142166745,0.011692379,0.02955039,0,596,2.98,2.987957239151001,0,0.8893559575080872,0.1106440052390098,True
599,2.995,0.04336839,0.05493528,0.04946614,0.07147292,0,596,2.98,2.987957239151001,0,0.8893559575080872,0.1106440052390098,True
600,3.0,0.06913694,0.0769513,0.06541678,0.099362195,0,600,3.0,3.002053022384644,0,0.8864663243293762,0.113533616065979,True
601,3.005,0.0690803,0.06666593,0.04986494,0.0939636,0,600,3.0,3.002053022384644,0,0.8864663243293762,0.113533616065979,True
602,3.01,0.036311407,0.026592905,0.009980758,0.050100025,0,600,3.0,3.002053022384644,0,0.8864663243293762,0.113533616065979,True
603,3.015,-0.016781555,-0.024538457,-0.033295944,-0.018339772,0,600,3.0,3.002053022384644,0,0.8864663243293762,0.113533616065979,True
604,3.02,-0.063505694,-0.06266274,-0.057811875,-0.08520952,0,604,3.02,3.029104709625244,0,0.8679670095443726,0.1320330202579498,True
605,3.025,-0.07932674,-0.071922906,-0.05279917,-0.12532656,0,604,3.02,3.029104709625244,0,0.8679670095443726,0.1320330202579498,True
606,3.03,-0.056803625,-0.051100604,-0.022611937,-0.12508956,0,604,3.02,3.029104709625244,0,0.8679670095443726,0.1320330202579498,True
607,3.035,-0.0077469987,-0.010275071,0.019282524,-0.0855892,0,604,3.02,3.029104709625244,0,0.8679670095443726,0.1320330202579498,True
608,3.04,0.046565592,0.036558736,0.05902397,-0.019978393,0,608,3.04,3.0332107543945312,0,0.8874613642692566,0.112538568675518,True
609,3.045,0.08676062,0.0757901,0.08627095,0.05074136,0,608,3.04,3.0332107543945312,0,0.8874613642692566,0.112538568675518,True
610,3.05,0.10031763,0.094521135,0.09274469,0.10243105,0,608,3.04,3.0332107543945312,0,0.8874613642692566,0.112538568675518,True
611,3.055,0.081657514,0.08216578,0.071591,0.11511549,0,608,3.04,3.0332107543945312,0,0.8874613642692566,0.112538568675518,True
612,3.06,0.033421285,0.03695074,0.0224682,0.08292808,0,612,3.06,3.062239646911621,0,0.889282763004303,0.1107171848416328,True
613,3.065,-0.030282551,-0.027051218,-0.041260645,0.020981098,0,612,3.06,3.062239646911621,0,0.889282763004303,0.1107171848416328,True
614,3.07,-0.08482178,-0.08158476,-0.09299585,-0.038708583,0,612,3.06,3.062239646911621,0,0.889282763004303,0.1107171848416328,True
615,3.075,-0.10494189,-0.09830974,-0.10608761,-0.06373158,0,612,3.06,3.062239646911621,0,0.889282763004303,0.1107171848416328,True
616,3.08,-0.07938113,-0.06721553,-0.07221954,-0.04099284,0,616,3.08,3.0863516330718994,0,0.8799622654914856,0.1200377568602562,True
617,3.085,-0.019501405,-0.00496099,-0.00976256,0.014486974,0,616,3.08,3.0863516330718994,0,0.8799622654914856,0.1200377568602562,True
618,3.09,0.04541657,0.054582935,0.046662614,0.068822466,0,616,3.08,3.0863516330718994,0,0.8799622654914856,0.1200377568602562,True
619,3.095,0.0837404,0.081104755,0.06839823,0.090108596,0,616,3.08,3.0863516330718994,0,0.8799622654914856,0.1200377568602562,True
620,3.1,0.07802022,0.0646369,0.049509738,0.0659577,0,620,3.1,3.111736536026001,1,0.0821844488382339,0.9178155064582824,False
621,3.105,0.032702934,0.017283378,0.0060557704,0.006713474,0,620,3.1,3.111736536026001,1,0.0821844488382339,0.9178155064582824,False
622,3.11,-0.030536326,-0.038419243,-0.038750973,-0.064560965,0,620,3.1,3.111736536026001,1,0.0821844488382339,0.9178155064582824,False
623,3.115,-0.08560864,-0.083159335,-0.06919638,-0.124959126,0,620,3.1,3.111736536026001,1,0.0821844488382339,0.9178155064582824,False
624,3.12,-0.114065416,-0.10643517,-0.08040593,-0.15823625,0,624,3.12,3.125034809112549,0,0.8589907288551331,0.1410092860460281,True
625,3.125,-0.1093377,-0.103648596,-0.07201672,-0.1545968,0,624,3.12,3.125034809112549,0,0.8589907288551331,0.1410092860460281,True
626,3.13,-0.07360075,-0.072492674,-0.04283427,-0.110311165,0,624,3.12,3.125034809112549,0,0.8589907288551331,0.1410092860460281,True
627,3.135,-0.014046801,-0.015204972,0.006278485,-0.031515587,0,624,3.12,3.125034809112549,0,0.8589907288551331,0.1410092860460281,True
628,3.14,0.05656346,0.05571879,0.06536348,0.06180502,0,628,3.14,3.152414083480835,0,0.8873738050460815,0.1126261800527572,True
629,3.145,0.11854101,0.11740676,0.11471106,0.13992064,0,628,3.14,3.152414083480835,0,0.8873738050460815,0.1126261800527572,True
630,3.15,0.15057652,0.14708091,0.13506077,0.17750673,0,628,3.14,3.152414083480835,0,0.8873738050460815,0.1126261800527572,True
631,3.155,0.14202279,0.13646738,0.120735765,0.16845086,0,628,3.14,3.152414083480835,0,0.8873738050460815,0.1126261800527572,True
632,3.16,0.101626046,0.09700701,0.082906365,0.12827006,0,632,3.16,3.1681151390075684,0,0.8868061304092407,0.1131938770413398,True
633,3.165,0.05195942,0.049921654,0.039134454,0.08088412,0,632,3.16,3.1681151390075684,0,0.8868061304092407,0.1131938770413398,True
634,3.17,0.012088666,0.009689241,-0.0008584844,0.040792324,0,632,3.16,3.1681151390075684,0,0.8868061304092407,0.1131938770413398,True
635,3.175,-0.01609829,-0.024029585,-0.03951149,0.0058132154,0,632,3.16,3.1681151390075684,0,0.8868061304092407,0.1131938770413398,True
636,3.18,-0.044941567,-0.059588064,-0.08254784,-0.034778375,0,636,3.18,3.1837825775146484,0,0.8765862584114075,0.1234136894345283,True
637,3.185,-0.084575795,-0.0997424,-0.12689589,-0.08581497,0,636,3.18,3.1837825775146484,0,0.8765862584114075,0.1234136894345283,True
638,3.19,-0.12905097,-0.13472882,-0.15777105,-0.13852966,0,636,3.18,3.1837825775146484,0,0.8765862584114075,0.1234136894345283,True
639,3.195,-0.15783218,-0.14766733,-0.15747318,-0.17459765,0,636,3.18,3.1837825775146484,0,0.8765862584114075,0.1234136894345283,True
640,3.2,-0.15063286,-0.12639457,-0.117697336,-0.17683214,0,640,3.2,3.1981773376464844,0,0.8824061155319214,0.1175938546657562,True
641,3.205,-0.1023949,-0.07192212,-0.04571005,-0.13848537,0,640,3.2,3.1981773376464844,0,0.8824061155319214,0.1175938546657562,True
642,3.21,-0.027207457,0.0012201943,0.03838539,-0.066980675,0,640,3.2,3.1981773376464844,0,0.8824061155319214,0.1175938546657562,True
643,3.215,0.049555697,0.070882365,0.109557144,0.01789211,0,640,3.2,3.1981773376464844,0,0.8824061155319214,0.1175938546657562,True
644,3.22,0.1036867,0.11553725,0.14649852,0.09035675,0,644,3.22,3.216660499572754,0,0.8670228123664856,0.1329772025346756,True
645,3.225,0.12194053,0.12242409,0.13914096,0.128626,0,644,3.22,3.216660499572754,0,0.8670228123664856,0.1329772025346756,True
646,3.23,0.106043674,0.09353804,0.09367362,0.12522058,0,644,3.22,3.216660499572754,0,0.8670228123664856,0.1329772025346756,True
647,3.235,0.07050483,0.045969225,0.031845216,0.09144498,0,644,3.22,3.216660499572754,0,0.8670228123664856,0.1329772025346756,True
648,3.24,0.03478501,0.0038382295,-0.018273136,0.051160343,0,648,3.24,3.2329258918762207,0,0.8699308037757874,0.1300692111253738,True
649,3.245,0.012638621,-0.015415185,-0.037312943,0.026142852,0,648,3.24,3.2329258918762207,0,0.8699308037757874,0.1300692111253738,True
650,3.25,0.004818654,-0.011385438,-0.025988763,0.022866732,0,648,3.24,3.2329258918762207,0,0.8699308037757874,0.1300692111253738,True
651,3.255,0.0011448998,0.0009225317,-0.0033448355,0.030743096,0,648,3.24,3.2329258918762207,0,0.8699308037757874,0.1300692111253738,True
652,3.26,-0.008654953,0.0043215523,0.008366234,0.033024497,0,652,3.26,3.2609403133392334,0,0.856548011302948,0.1434520184993744,True
653,3.265,-0.024234558,-0.006395954,0.0007782931,0.021025091,0,652,3.26,3.2609403133392334,0,0.856548011302948,0.1434520184993744,True
654,3.27,-0.034269545,-0.021499405,-0.015779218,-0.00030282748,0,652,3.26,3.2609403133392334,0,0.856548011302948,0.1434520184993744,True
655,3.275,-0.02780967,-0.026886135,-0.023878014,-0.019387847,0,652,3.26,3.2609403133392334,0,0.856548011302948,0.1434520184993744,True
656,3.28,-0.0070144804,-0.018065847,-0.016280757,-0.030176695,0,656,3.28,3.2854490280151367,0,0.8865616321563721,0.1134383305907249,True
657,3.285,0.01176705,-0.0043401355,-0.002744905,-0.037553947,0,656,3.28,3.2854490280151367,0,0.8865616321563721,0.1134383305907249,True
658,3.29,0.011231743,0.00052012654,-1.696216e-05,-0.05094373,0,656,3.28,3.2854490280151367,0,0.8865616321563721,0.1134383305907249,True
659,3.295,-0.010887779,-0.008240329,-0.014808818,-0.07249054,0,656,3.28,3.2854490280151367,0,0.8865616321563721,0.1134383305907249,True
660,3.3,-0.038318288,-0.021779189,-0.036193296,-0.091582075,0,660,3.3,3.2998783588409424,0,0.8880655169487,0.1119345650076866,True
661,3.305,-0.049141087,-0.025987681,-0.044575058,-0.09160439,0,660,3.3,3.2998783588409424,0,0.8880655169487,0.1119345650076866,True
662,3.31,-0.03362928,-0.014330745,-0.02867533,-0.06339391,0,660,3.3,3.2998783588409424,0,0.8880655169487,0.1119345650076866,True
663,3.315,-0.001344836,0.00671952,0.0048164865,-0.013741412,0,660,3.3,3.2998783588409424,0,0.8880655169487,0.1119345650076866,True
664,3.32,0.027680341,0.023661613,0.036567703,0.038101934,0,664,3.32,3.3181638717651367,0,0.8904199600219727,0.1095800697803497,True
665,3.325,0.03860581,0.026809607,0.04905202,0.07258797,0,664,3.32,3.3181638717651367,0,0.8904199600219727,0.1095800697803497,True
666,3.33,0.030663645,0.016366694,0.03776901,0.08090739,0,664,3.32,3.3181638717651367,0,0.8904199600219727,0.1095800697803497,True
667,3.335,0.01361699,-2.377321e-06,0.011713519,0.06750817,0,664,3.32,3.3181638717651367,0,0.8904199600219727,0.1095800697803497,True
668,3.34,-0.0023021873,-0.013925864,-0.014666076,0.044423148,0,668,3.34,3.333130121231079,0,0.8811856508255005,0.1188143938779831,True
669,3.345,-0.012906503,-0.020881636,-0.03031869,0.023292456,0,668,3.34,3.333130121231079,0,0.8811856508255005,0.1188143938779831,True
670,3.35,-0.018775938,-0.02016945,-0.031647872,0.010431567,0,668,3.34,3.333130121231079,0,0.8811856508255005,0.1188143938779831,True
671,3.355,-0.020552829,-0.013029274,-0.021670481,0.0060578305,0,668,3.34,3.333130121231079,0,0.8811856508255005,0.1188143938779831,True
672,3.36,-0.017471299,-0.002216549,-0.007176942,0.0058224676,0,672,3.36,3.349549531936645,0,0.8846811056137085,0.1153189018368721,True
673,3.365,-0.010228304,0.007331792,0.004229036,0.0031891707,0,672,3.36,3.349549531936645,0,0.8846811056137085,0.1153189018368721,True
674,3.37,-0.0030962576,0.009823407,0.007251823,-0.007258908,0,672,3.36,3.349549531936645,0,0.8846811056137085,0.1153189018368721,True
675,3.375,-0.0009019827,0.0029755593,0.0019795822,-0.02586073,0,672,3.36,3.349549531936645,0,0.8846811056137085,0.1153189018368721,True
676,3.38,-0.0032993013,-0.00810796,-0.0050310967,-0.045663174,0,676,3.38,3.3850393295288086,0,0.8894922733306885,0.1105076819658279,True
677,3.385,-0.003263473,-0.012473197,-0.003808576,-0.054982882,0,676,3.38,3.3850393295288086,0,0.8894922733306885,0.1105076819658279,True
678,3.39,0.007070325,-0.00087222166,0.012432256,-0.04466133,0,676,3.38,3.3850393295288086,0,0.8894922733306885,0.1105076819658279,True
679,3.395,0.028375104,0.026218686,0.04132087,-0.015195233,0,676,3.38,3.3850393295288086,0,0.8894922733306885,0.1105076819658279,True
680,3.4,0.05215972,0.057201367,0.07091324,0.022355035,0,680,3.4,3.399916648864746,0,0.8902531266212463,0.1097468137741088,True
681,3.405,0.0669797,0.076333515,0.086010724,0.053093504,0,680,3.4,3.399916648864746,0,0.8902531266212463,0.1097468137741088,True
682,3.41,0.06640929,0.07350082,0.07694378,0.06723732,0,680,3.4,3.399916648864746,0,0.8902531266212463,0.1097468137741088,True
683,3.415,0.051277835,0.049124487,0.044519857,0.06390951,0,680,3.4,3.399916648864746,0,0.8902531266212463,0.1097468137741088,True
684,3.42,0.025928501,0.01165269,-0.0015940344,0.047753863,0,684,3.42,3.415512084960937,0,0.8868008852005005,0.1131990849971771,True
685,3.425,-0.00544566,-0.028329208,-0.048378207,0.023390703,0,684,3.42,3.415512084960937,0,0.8868008852005005,0.1131990849971771,True
686,3.43,-0.038469575,-0.062096424,-0.08448943,-0.0062360233,0,684,3.42,3.415512084960937,0,0.8868008852005005,0.1131990849971771,True
687,3.435,-0.06699951,-0.08375825,-0.103062436,-0.037258267,0,684,3.42,3.415512084960937,0,0.8868008852005005,0.1131990849971771,True
688,3.44,-0.084706225,-0.09052513,-0.10296253,-0.06297955,0,688,3.44,3.4426515102386475,0,0.8782638311386108,0.1217361465096473,True
689,3.445,-0.08906094,-0.08348647,-0.08860518,-0.07638524,0,688,3.44,3.4426515102386475,0,0.8782638311386108,0.1217361465096473,True
690,3.45,-0.08272756,-0.06736105,-0.06740897,-0.07502397,0,688,3.44,3.4426515102386475,0,0.8782638311386108,0.1217361465096473,True
691,3.455,-0.07015235,-0.047888126,-0.04547159,-0.06299753,0,688,3.44,3.4426515102386475,0,0.8782638311386108,0.1217361465096473,True
692,3.46,-0.05299621,-0.028387072,-0.0244952,-0.047575656,0,692,3.46,3.4747586250305176,0,0.8888505697250366,0.1111494824290275,True
693,3.465,-0.02926149,-0.008389992,-0.0024234739,-0.033257484,0,692,3.46,3.4747586250305176,0,0.8888505697250366,0.1111494824290275,True
694,3.47,0.0033843683,0.014662392,0.023282029,-0.018383743,0,692,3.46,3.4747586250305176,0,0.8888505697250366,0.1111494824290275,True
695,3.475,0.043604627,0.042338092,0.053001683,0.0029785226,0,692,3.46,3.4747586250305176,0,0.8888505697250366,0.1111494824290275,True
696,3.48,0.08489556,0.072965115,0.08453083,0.035350963,0,696,3.48,3.488787651062012,0,0.8881206512451172,0.1118793338537216,True
697,3.485,0.11709071,0.101112604,0.11349446,0.076317325,0,696,3.48,3.488787651062012,0,0.8881206512451172,0.1118793338537216,True
698,3.49,0.12980564,0.118599154,0.13309287,0.11479606,0,696,3.48,3.488787651062012,0,0.8881206512451172,0.1118793338537216,True
699,3.495,0.11661607,0.11681122,0.13427654,0.13463508,0,696,3.48,3.488787651062012,0,0.8881206512451172,0.1118793338537216,True
700,3.5,0.0784393,0.09021606,0.10882489,0.12235578,0,700,3.5,3.512737989425659,0,0.8895601034164429,0.1104399040341377,True
701,3.505,0.024181178,0.04018925,0.055331297,0.07539987,0,700,3.5,3.512737989425659,0,0.8895601034164429,0.1104399040341377,True
702,3.51,-0.03227453,-0.022937486,-0.016032144,0.006033762,0,700,3.5,3.512737989425659,0,0.8895601034164429,0.1104399040341377,True
703,3.515,-0.07726735,-0.081898145,-0.08515655,-0.062487133,0,700,3.5,3.512737989425659,0,0.8895601034164429,0.1104399040341377,True
704,3.52,-0.10175143,-0.118976936,-0.13104661,-0.106549986,0,704,3.52,3.5248255729675293,0,0.7754963040351868,0.224503681063652,True
705,3.525,-0.10287375,-0.12405621,-0.14284626,-0.11375592,0,704,3.52,3.5248255729675293,0,0.7754963040351868,0.224503681063652,True
706,3.53,-0.083167806,-0.09924661,-0.1246577,-0.08811074,0,704,3.52,3.5248255729675293,0,0.7754963040351868,0.224503681063652,True
707,3.535,-0.049104884,-0.056815356,-0.09038595,-0.045687273,0,704,3.52,3.5248255729675293,0,0.7754963040351868,0.224503681063652,True
708,3.54,-0.009955472,-0.012072446,-0.0532859,-0.004674215,0,708,3.54,3.540705919265747,0,0.6854446530342102,0.3145553171634674,True
709,3.545,0.023552103,0.023263441,-0.019406578,0.022554258,0,708,3.54,3.540705919265747,0,0.6854446530342102,0.3145553171634674,True
710,3.55,0.041675683,0.04304667,0.010323514,0.030998882,0,708,3.54,3.540705919265747,0,0.6854446530342102,0.3145553171634674,True
711,3.555,0.039215285,0.045195635,0.033879086,0.020690393,0,708,3.54,3.540705919265747,0,0.6854446530342102,0.3145553171634674,True
712,3.56,0.018865038,0.031077513,0.04635837,-0.0042555137,0,712,3.56,3.570931434631348,0,0.8826575875282288,0.1173424869775772,True
713,3.565,-0.007985549,0.007345462,0.045304373,-0.034025528,0,712,3.56,3.570931434631348,0,0.8826575875282288,0.1173424869775772,True
714,3.57,-0.025201987,-0.013492736,0.03653732,-0.05346115,0,712,3.56,3.570931434631348,0,0.8826575875282288,0.1173424869775772,True
715,3.575,-0.02032593,-0.018006045,0.032224182,-0.04843794,0,712,3.56,3.570931434631348,0,0.8826575875282288,0.1173424869775772,True
716,3.58,0.007028015,-0.0005866311,0.04119638,-0.015414244,0,716,3.58,3.588283061981201,0,0.8884528875350952,0.1115470677614212,True
717,3.585,0.043412354,0.031342223,0.060555957,0.034090348,0,716,3.58,3.588283061981201,0,0.8884528875350952,0.1115470677614212,True
718,3.59,0.069348484,0.06125964,0.07714382,0.07927774,0,716,3.58,3.588283061981201,0,0.8884528875350952,0.1115470677614212,True
719,3.595,0.07191486,0.07420199,0.07787982,0.10238316,0,716,3.58,3.588283061981201,0,0.8884528875350952,0.1115470677614212,True
720,3.6,0.05263976,0.065669544,0.059521865,0.09810205,0,720,3.6,3.6038060188293457,0,0.8899034261703491,0.1100965216755867,True
721,3.605,0.02456192,0.042162307,0.029458236,0.07367169,0,720,3.6,3.6038060188293457,0,0.8899034261703491,0.1100965216755867,True
722,3.61,0.0011002282,0.014072524,-0.0021310432,0.04114149,0,720,3.6,3.6038060188293457,0,0.8899034261703491,0.1100965216755867,True
723,3.615,-0.014120732,-0.012545821,-0.030957637,0.008783142,0,720,3.6,3.6038060188293457,0,0.8899034261703491,0.1100965216755867,True
724,3.62,-0.028440094,-0.03887666,-0.060520127,-0.022254229,0,724,3.62,3.621042490005493,1,0.2453060448169708,0.7546939253807068,False
725,3.625,-0.05172191,-0.069191255,-0.09598836,-0.05480382,0,724,3.62,3.621042490005493,1,0.2453060448169708,0.7546939253807068,False
726,3.63,-0.08541847,-0.103325784,-0.13548984,-0.08941279,0,724,3.62,3.621042490005493,1,0.2453060448169708,0.7546939253807068,False
727,3.635,-0.11814703,-0.13200502,-0.16617355,-0.12000704,0,724,3.62,3.621042490005493,1,0.2453060448169708,0.7546939253807068,False
728,3.64,-0.13139269,-0.13938633,-0.16895276,-0.13494743,0,728,3.64,3.651865720748901,0,0.8827667832374573,0.1172331944108009,True
729,3.645,-0.110922895,-0.11210447,-0.12970506,-0.12316729,0,728,3.64,3.651865720748901,0,0.8827667832374573,0.1172331944108009,True
730,3.65,-0.055769853,-0.04919913,-0.049991537,-0.08146225,0,728,3.64,3.651865720748901,0,0.8827667832374573,0.1172331944108009,True
731,3.655,0.020405123,0.03394928,0.050056387,-0.017981226,0,728,3.64,3.651865720748901,0,0.8827667832374573,0.1172331944108009,True
732,3.66,0.09518681,0.111249246,0.13975637,0.05065947,0,732,3.66,3.674410104751587,0,0.879831075668335,0.1201688572764396,True
733,3.665,0.14688769,0.1586897,0.19301338,0.10700129,0,732,3.66,3.674410104751587,0,0.879831075668335,0.1201688572764396,True
734,3.67,0.1634423,0.16662993,0.20128448,0.14022832,0,732,3.66,3.674410104751587,0,0.879831075668335,0.1201688572764396,True
735,3.675,0.14667973,0.14315754,0.17534168,0.14871818,0,732,3.66,3.674410104751587,0,0.879831075668335,0.1201688572764396,True
736,3.68,0.10933846,0.105852365,0.13442771,0.13666247,0,736,3.68,3.6935126781463614,0,0.8883305191993713,0.111669547855854,True
737,3.685,0.06644917,0.06849014,0.09160855,0.10866259,0,736,3.68,3.6935126781463614,0,0.8883305191993713,0.111669547855854,True
738,3.69,0.027313055,0.03375737,0.047651783,0.06771975,0,736,3.68,3.6935126781463614,0,0.8883305191993713,0.111669547855854,True
739,3.695,-0.006251597,-0.0026671942,-0.0022331777,0.018004611,0,736,3.68,3.6935126781463614,0,0.8883305191993713,0.111669547855854,True
740,3.7,-0.03597045,-0.0425099,-0.057114407,-0.032052,0,740,3.7,3.701510429382324,0,0.831349790096283,0.1686501652002334,True
741,3.705,-0.06309075,-0.08051186,-0.10697603,-0.071747616,0,740,3.7,3.701510429382324,0,0.831349790096283,0.1686501652002334,True
742,3.71,-0.08788645,-0.10911428,-0.14050584,-0.09481789,0,740,3.7,3.701510429382324,0,0.831349790096283,0.1686501652002334,True
743,3.715,-0.11053282,-0.12548308,-0.15474133,-0.10425261,0,740,3.7,3.701510429382324,0,0.831349790096283,0.1686501652002334,True
744,3.72,-0.12964115,-0.13206972,-0.15548566,-0.10928006,0,744,3.72,3.7166900634765625,0,0.8805922269821167,0.1194077730178833,True
745,3.725,-0.13930148,-0.13028874,-0.14813532,-0.116084896,0,744,3.72,3.7166900634765625,0,0.8805922269821167,0.1194077730178833,True
746,3.73,-0.12954469,-0.11544949,-0.12951817,-0.12046272,0,744,3.72,3.7166900634765625,0,0.8805922269821167,0.1194077730178833,True
747,3.735,-0.09259973,-0.079916865,-0.09038658,-0.10955711,0,744,3.72,3.7166900634765625,0,0.8805922269821167,0.1194077730178833,True
748,3.74,-0.030638214,-0.022237282,-0.026726814,-0.07202348,0,748,3.74,3.7448012828826895,0,0.8802155256271362,0.1197845116257667,True
749,3.745,0.042235896,0.04693009,0.051433817,-0.008637831,0,748,3.74,3.7448012828826895,0,0.8802155256271362,0.1197845116257667,True
750,3.75,0.10641603,0.10853214,0.12279723,0.065136485,0,748,3.74,3.7448012828826895,0,0.8802155256271362,0.1197845116257667,True
751,3.755,0.14677684,0.14577726,0.16708784,0.12669644,0,748,3.74,3.7448012828826895,0,0.8802155256271362,0.1197845116257667,True
752,3.76,0.15844432,0.15279624,0.1762689,0.15833898,0,752,3.76,3.7598280906677246,0,0.8775945901870728,0.1224054247140884,True
753,3.765,0.14494155,0.134898,0.15608218,0.15543774,0,752,3.76,3.7598280906677246,0,0.8775945901870728,0.1224054247140884,True
754,3.77,0.112360075,0.10207028,0.11879302,0.1262623,0,752,3.76,3.7598280906677246,0,0.8775945901870728,0.1224054247140884,True
755,3.775,0.06609312,0.06272773,0.075086765,0.085425064,0,752,3.76,3.7598280906677246,0,0.8775945901870728,0.1224054247140884,True
756,3.78,0.012802636,0.022600988,0.031512022,0.046448685,0,756,3.78,3.7825851440429688,0,0.8350859880447388,0.1649140268564224,True
757,3.785,-0.036303196,-0.012819502,-0.007220468,0.017413383,0,756,3.78,3.7825851440429688,0,0.8350859880447388,0.1649140268564224,True
758,3.79,-0.067261055,-0.037565935,-0.036456145,-0.00013331612,0,756,3.78,3.7825851440429688,0,0.8350859880447388,0.1649140268564224,True
759,3.795,-0.0717599,-0.04873727,-0.053734235,-0.0106933275,0,756,3.78,3.7825851440429688,0,0.8350859880447388,0.1649140268564224,True
760,3.8,-0.05573462,-0.050945375,-0.06259557,-0.02329625,0,760,3.8,3.809490442276001,0,0.8539339900016785,0.1460660248994827,True
761,3.805,-0.038777765,-0.055729892,-0.07267761,-0.047837086,0,760,3.8,3.809490442276001,0,0.8539339900016785,0.1460660248994827,True
762,3.81,-0.04147312,-0.07382785,-0.09338174,-0.08896549,0,760,3.8,3.809490442276001,0,0.8539339900016785,0.1460660248994827,True
763,3.815,-0.06894524,-0.10516849,-0.12465982,-0.14028297,0,760,3.8,3.809490442276001,0,0.8539339900016785,0.1460660248994827,True
764,3.82,-0.10432095,-0.13505001,-0.15264784,-0.1836104,0,764,3.82,3.824374914169312,0,0.8847566843032837,0.1152432784438133,True
765,3.825,-0.1189883,-0.14114739,-0.15547922,-0.19594161,0,764,3.82,3.824374914169312,0,0.8847566843032837,0.1152432784438133,True
766,3.83,-0.09254505,-0.10738814,-0.116682194,-0.16121444,0,764,3.82,3.824374914169312,0,0.8847566843032837,0.1152432784438133,True
767,3.835,-0.026986964,-0.03485969,-0.03684375,-0.07986544,0,764,3.82,3.824374914169312,0,0.8847566843032837,0.1152432784438133,True
768,3.84,0.0550169,0.057697367,0.064790785,0.029713878,0,768,3.84,3.833078861236572,0,0.8778846263885498,0.1221154108643531,True
769,3.845,0.12441592,0.14299293,0.15917028,0.13823643,0,768,3.84,3.833078861236572,0,0.8778846263885498,0.1221154108643531,True
770,3.85,0.16068636,0.19688752,0.2198871,0.21665034,0,768,3.84,3.833078861236572,0,0.8778846263885498,0.1221154108643531,True
771,3.855,0.15835944,0.2063825,0.23204346,0.24606137,0,768,3.84,3.833078861236572,0,0.8778846263885498,0.1221154108643531,True
772,3.86,0.12492283,0.1722008,0.1952391,0.22321695,0,772,3.86,3.861518859863281,0,0.8856053352355957,0.1143946051597595,True
773,3.865,0.07479541,0.10708662,0.12217013,0.1603282,0,772,3.86,3.861518859863281,0,0.8856053352355957,0.1143946051597595,True
774,3.87,0.022990905,0.03082401,0.034253526,0.07933478,0,772,3.86,3.861518859863281,0,0.8856053352355957,0.1143946051597595,True
775,3.875,-0.020052593,-0.037003394,-0.045346472,0.0026462073,0,772,3.86,3.861518859863281,0,0.8856053352355957,0.1143946051597595,True
776,3.88,-0.050948408,-0.08385502,-0.09979633,-0.05535057,0,776,3.88,3.8813588619232178,0,0.6916784048080444,0.3083215355873108,True
777,3.885,-0.07170577,-0.10718983,-0.12417429,-0.091592,0,776,3.88,3.8813588619232178,0,0.6916784048080444,0.3083215355873108,True
778,3.89,-0.0851435,-0.1121883,-0.12517284,-0.11122786,0,776,3.88,3.8813588619232178,0,0.6916784048080444,0.3083215355873108,True
779,3.895,-0.09132175,-0.10640546,-0.11490952,-0.12114333,0,776,3.88,3.8813588619232178,0,0.6916784048080444,0.3083215355873108,True
780,3.9,-0.08798785,-0.095136896,-0.10276263,-0.12490993,0,780,3.9,3.9097604751586914,0,0.8732807040214539,0.1267192512750625,True
781,3.905,-0.074049525,-0.07999688,-0.09048689,-0.122035615,0,780,3.9,3.9097604751586914,0,0.8732807040214539,0.1267192512750625,True
782,3.91,-0.052410807,-0.06063798,-0.073532425,-0.110731065,0,780,3.9,3.9097604751586914,0,0.8732807040214539,0.1267192512750625,True
783,3.915,-0.029470412,-0.03753838,-0.047041193,-0.090949856,0,780,3.9,3.9097604751586914,0,0.8732807040214539,0.1267192512750625,True
784,3.92,-0.011516341,-0.013288501,-0.0115985805,-0.0648515,0,784,3.92,3.925037384033203,0,0.8749569654464722,0.1250430047512054,True
785,3.925,-0.00054074574,0.008841925,0.02584356,-0.03456543,0,784,3.92,3.925037384033203,0,0.8749569654464722,0.1250430047512054,True
786,3.93,0.0074460064,0.027732348,0.056482103,0.00012340695,0,784,3.92,3.925037384033203,0,0.8749569654464722,0.1250430047512054,True
787,3.935,0.019848522,0.045640685,0.07577556,0.041258235,0,784,3.92,3.925037384033203,0,0.8749569654464722,0.1250430047512054,True
788,3.94,0.04180786,0.0659567,0.086033344,0.08901203,0,788,3.94,3.940882205963135,0,0.8839578628540039,0.1160421296954155,True
789,3.945,0.07128021,0.08885118,0.09323956,0.1376048,0,788,3.94,3.940882205963135,0,0.8839578628540039,0.1160421296954155,True
790,3.95,0.09873121,0.108575374,0.100604326,0.1746092,0,788,3.94,3.940882205963135,0,0.8839578628540039,0.1160421296954155,True
791,3.955,0.112083666,0.115382545,0.10430379,0.18545932,0,788,3.94,3.940882205963135,0,0.8839578628540039,0.1160421296954155,True
792,3.96,0.103801675,0.10159919,0.095581226,0.16145869,0,792,3.96,3.967256784439087,0,0.8762152791023254,0.1237847283482551,True
793,3.965,0.07563525,0.06780493,0.068210416,0.10654095,0,792,3.96,3.967256784439087,0,0.8762152791023254,0.1237847283482551,True
794,3.97,0.038000215,0.024088558,0.025088036,0.03749089,0,792,3.96,3.967256784439087,0,0.8762152791023254,0.1237847283482551,True
795,3.975,0.0039318157,-0.015682558,-0.02244851,-0.024251625,0,792,3.96,3.967256784439087,0,0.8762152791023254,0.1237847283482551,True
796,3.98,-0.019130548,-0.043055866,-0.06267736,-0.06482577,0,796,3.98,3.9808599948883057,0,0.8587242960929871,0.1412756592035293,True
797,3.985,-0.034195285,-0.06032334,-0.09162102,-0.085543275,0,796,3.98,3.9808599948883057,0,0.8587242960929871,0.1412756592035293,True
798,3.99,-0.05177266,-0.07693757,-0.11329045,-0.09962969,0,796,3.98,3.9808599948883057,0,0.8587242960929871,0.1412756592035293,True
799,3.995,-0.08014393,-0.099498734,-0.1317543,-0.120200306,0,796,3.98,3.9808599948883057,0,0.8587242960929871,0.1412756592035293,True
800,4.0,-0.11616088,-0.12393306,-0.14322211,-0.14865719,0,800,4.0,4.014235258102417,0,0.8864071369171143,0.1135928407311439,True
801,4.005,-0.14479718,-0.13696632,-0.13668089,-0.17225371,0,800,4.0,4.014235258102417,0,0.8864071369171143,0.1135928407311439,True
802,4.01,-0.14883664,-0.12582049,-0.10324135,-0.17227237,0,800,4.0,4.014235258102417,0,0.8864071369171143,0.1135928407311439,True
803,4.015,-0.12101681,-0.08782027,-0.045577444,-0.13652952,0,800,4.0,4.014235258102417,0,0.8864071369171143,0.1135928407311439,True
804,4.02,-0.06846316,-0.031985696,0.021660242,-0.067533374,0,804,4.02,4.029772520065308,0,0.8845242857933044,0.1154757514595985,True
805,4.025,-0.0063490374,0.027801333,0.08117608,0.018512718,0,804,4.02,4.029772520065308,0,0.8845242857933044,0.1154757514595985,True
806,4.03,0.052376416,0.081001736,0.123489685,0.10004713,0,804,4.02,4.029772520065308,0,0.8845242857933044,0.1154757514595985,True
807,4.035,0.10170495,0.122727245,0.14896096,0.15963173,0,804,4.02,4.029772520065308,0,0.8845242857933044,0.1154757514595985,True
808,4.04,0.13923581,0.14992131,0.160583,0.18909578,0,808,4.04,4.04577112197876,0,0.88679039478302,0.1132095456123352,True
809,4.045,0.16073631,0.157676,0.15621164,0.18907487,0,808,4.04,4.04577112197876,0,0.88679039478302,0.1132095456123352,True
810,4.05,0.15941483,0.14080599,0.12893729,0.16530804,0,808,4.04,4.04577112197876,0,0.88679039478302,0.1132095456123352,True
811,4.055,0.13062686,0.09909125,0.075261936,0.124889836,0,808,4.04,4.04577112197876,0,0.88679039478302,0.1132095456123352,True
812,4.06,0.07751208,0.040603742,0.0028057718,0.07456498,0,812,4.06,4.06747841835022,0,0.8107652068138123,0.1892347633838653,True
813,4.065,0.0130855795,-0.020014292,-0.06984793,0.021341782,0,812,4.06,4.06747841835022,0,0.8107652068138123,0.1892347633838653,True
814,4.07,-0.043117095,-0.067002185,-0.12146664,-0.026446478,0,812,4.06,4.06747841835022,0,0.8107652068138123,0.1892347633838653,True
815,4.075,-0.07357034,-0.089830056,-0.13910045,-0.060642898,0,812,4.06,4.06747841835022,0,0.8107652068138123,0.1892347633838653,True
816,4.08,-0.07322985,-0.08809041,-0.12489812,-0.0781308,0,816,4.08,4.093476057052612,0,0.828766405582428,0.1712335348129272,True
817,4.085,-0.054802455,-0.07226987,-0.09436054,-0.08500745,0,816,4.08,4.093476057052612,0,0.828766405582428,0.1712335348129272,True
818,4.09,-0.041983083,-0.058093928,-0.06620579,-0.09397814,0,816,4.08,4.093476057052612,0,0.828766405582428,0.1712335348129272,True
819,4.095,-0.052338865,-0.056143835,-0.049900312,-0.11401767,0,816,4.08,4.093476057052612,0,0.828766405582428,0.1712335348129272,True
820,4.1,-0.08237397,-0.063868925,-0.04007835,-0.13998869,0,820,4.1,4.108561277389526,0,0.8746513724327087,0.12534861266613,True
821,4.105,-0.10849093,-0.06731289,-0.022938875,-0.15261471,0,820,4.1,4.108561277389526,0,0.8746513724327087,0.12534861266613,True
822,4.11,-0.104875155,-0.05229904,0.010232744,-0.13127911,0,820,4.1,4.108561277389526,0,0.8746513724327087,0.12534861266613,True
823,4.115,-0.063654006,-0.015957722,0.05417849,-0.07018879,0,820,4.1,4.108561277389526,0,0.8746513724327087,0.12534861266613,True
824,4.12,-7.6922406e-05,0.031210164,0.09329489,0.0154799735,0,824,4.12,4.136235952377319,0,0.8776760101318359,0.1223239228129386,True
825,4.125,0.060468554,0.07354768,0.1138084,0.09826197,0,824,4.12,4.136235952377319,0,0.8776760101318359,0.1223239228129386,True
826,4.13,0.100162454,0.100119464,0.11267058,0.15408204,0,824,4.12,4.136235952377319,0,0.8776760101318359,0.1223239228129386,True
827,4.135,0.11558154,0.10777065,0.09579769,0.1727924,0,824,4.12,4.136235952377319,0,0.8776760101318359,0.1223239228129386,True
828,4.14,0.11137724,0.09761697,0.06989126,0.15833215,0,828,4.14,4.144307613372803,0,0.8853424191474915,0.1146575957536697,True
829,4.145,0.09160973,0.07179559,0.037701424,0.12255424,0,828,4.14,4.144307613372803,0,0.8853424191474915,0.1146575957536697,True
830,4.15,0.05859908,0.034466468,0.0005267411,0.07901706,0,828,4.14,4.144307613372803,0,0.8853424191474915,0.1146575957536697,True
831,4.155,0.01766009,-0.0063063987,-0.03765709,0.03873748,0,828,4.14,4.144307613372803,0,0.8853424191474915,0.1146575957536697,True
832,4.16,-0.021191511,-0.040953342,-0.07107294,0.0067092953,0,832,4.16,4.17504620552063,0,0.807985246181488,0.1920147389173507,True
833,4.165,-0.048728522,-0.06428866,-0.096803024,-0.02014578,0,832,4.16,4.17504620552063,0,0.807985246181488,0.1920147389173507,True
834,4.17,-0.06355941,-0.07841127,-0.116018355,-0.050317932,0,832,4.16,4.17504620552063,0,0.807985246181488,0.1920147389173507,True
835,4.175,-0.072165415,-0.08831351,-0.12849829,-0.089456074,0,832,4.16,4.17504620552063,0,0.807985246181488,0.1920147389173507,True
836,4.18,-0.080571465,-0.09391567,-0.12646821,-0.1318694,0,836,4.18,4.191631555557251,0,0.882849931716919,0.1171500384807586,True
837,4.185,-0.08568819,-0.08708729,-0.09688681,-0.1599308,0,836,4.18,4.191631555557251,0,0.882849931716919,0.1171500384807586,True
838,4.19,-0.07575221,-0.0580525,-0.033341996,-0.15414932,0,836,4.18,4.191631555557251,0,0.882849931716919,0.1171500384807586,True
839,4.195,-0.04074054,-0.0061015785,0.052537818,-0.10711902,0,836,4.18,4.191631555557251,0,0.882849931716919,0.1171500384807586,True
840,4.2,0.016433915,0.055588193,0.1323609,-0.030204736,0,840,4.2,4.208624839782715,0,0.8786249756813049,0.1213750317692756,True
841,4.205,0.07835015,0.106235996,0.17651823,0.052341618,0,840,4.2,4.208624839782715,0,0.8786249756813049,0.1213750317692756,True
842,4.21,0.1225721,0.12964414,0.17213061,0.11647551,0,840,4.2,4.208624839782715,0,0.8786249756813049,0.1213750317692756,True
843,4.215,0.13391776,0.12198424,0.12891857,0.14833911,0,840,4.2,4.208624839782715,0,0.8786249756813049,0.1213750317692756,True
844,4.22,0.11046874,0.09023038,0.06959186,0.14588408,0,844,4.22,4.231867790222168,0,0.8866949677467346,0.1133050099015235,True
845,4.225,0.061770037,0.045638435,0.014743064,0.115423225,0,844,4.22,4.231867790222168,0,0.8866949677467346,0.1133050099015235,True
846,4.23,0.0038705985,-0.0005290789,-0.02539837,0.068708576,0,844,4.22,4.231867790222168,0,0.8866949677467346,0.1133050099015235,True
847,4.235,-0.04538769,-0.037687242,-0.04948736,0.021015242,0,844,4.22,4.231867790222168,0,0.8866949677467346,0.1133050099015235,True
848,4.24,-0.071839474,-0.057626687,-0.0606089,-0.013610661,0,848,4.24,4.231867790222168,0,0.8061684966087341,0.1938315480947494,True
849,4.245,-0.07192702,-0.059692048,-0.06505787,-0.030475946,0,848,4.24,4.231867790222168,0,0.8061684966087341,0.1938315480947494,True
850,4.25,-0.056599878,-0.054412827,-0.07252743,-0.03905627,0,848,4.24,4.231867790222168,0,0.8061684966087341,0.1938315480947494,True
851,4.255,-0.045808353,-0.058201622,-0.091727704,-0.056826055,0,848,4.24,4.231867790222168,0,0.8061684966087341,0.1938315480947494,True
852,4.26,-0.054076035,-0.07958868,-0.12112626,-0.09350487,0,852,4.26,4.265920162200928,0,0.8840990662574768,0.1159009486436843,True
853,4.265,-0.07745396,-0.10800443,-0.14330705,-0.1380083,0,852,4.26,4.265920162200928,0,0.8840990662574768,0.1159009486436843,True
854,4.27,-0.093724824,-0.1171003,-0.13196146,-0.16105743,0,852,4.26,4.265920162200928,0,0.8840990662574768,0.1159009486436843,True
855,4.275,-0.077666916,-0.083033726,-0.070089094,-0.13433513,0,852,4.26,4.265920162200928,0,0.8840990662574768,0.1159009486436843,True
856,4.28,-0.020414807,-0.00435273,0.03369084,-0.05260875,0,856,4.28,4.2934980392456055,0,0.8847878575325012,0.1152121126651763,True
857,4.285,0.061754916,0.09265382,0.14470135,0.058428694,0,856,4.28,4.2934980392456055,0,0.8847878575325012,0.1152121126651763,True
858,4.29,0.13564192,0.1681004,0.21988119,0.15520552,0,856,4.28,4.2934980392456055,0,0.8847878575325012,0.1152121126651763,True
859,4.295,0.17019427,0.19187984,0.23163608,0.2009678,0,856,4.28,4.2934980392456055,0,0.8847878575325012,0.1152121126651763,True
860,4.3,0.15340877,0.15967883,0.18157034,0.18491781,0,860,4.3,4.308030605316162,0,0.8793843984603882,0.1206156238913536,True
861,4.305,0.096958384,0.09195179,0.09622502,0.12413145,0,860,4.3,4.308030605316162,0,0.8793843984603882,0.1206156238913536,True
862,4.31,0.027447803,0.019217266,0.010072652,0.049809672,0,860,4.3,4.308030605316162,0,0.8793843984603882,0.1206156238913536,True
863,4.315,-0.028825214,-0.034744553,-0.051891617,-0.0107961735,0,860,4.3,4.308030605316162,0,0.8793843984603882,0.1206156238913536,True
864,4.32,-0.058340684,-0.061778013,-0.08238727,-0.045508694,0,864,4.32,4.323067665100098,0,0.646625280380249,0.353374719619751,True
865,4.325,-0.0638031,-0.067806005,-0.08924783,-0.05747668,0,864,4.32,4.323067665100098,0,0.646625280380249,0.353374719619751,True
866,4.33,-0.057970054,-0.064841025,-0.086500436,-0.058065698,0,864,4.32,4.323067665100098,0,0.646625280380249,0.353374719619751,True
867,4.335,-0.05286504,-0.06259976,-0.08524729,-0.058565415,0,864,4.32,4.323067665100098,0,0.646625280380249,0.353374719619751,True
868,4.34,-0.05212796,-0.06414223,-0.088704415,-0.06497828,0,868,4.34,4.343602895736694,0,0.8757009506225586,0.1242990642786026,True
869,4.345,-0.051615946,-0.06660849,-0.092611335,-0.07667763,0,868,4.34,4.343602895736694,0,0.8757009506225586,0.1242990642786026,True
870,4.35,-0.046272703,-0.064867005,-0.08922408,-0.08753569,0,868,4.34,4.343602895736694,0,0.8757009506225586,0.1242990642786026,True
871,4.355,-0.035804696,-0.054726772,-0.07181139,-0.088286504,0,868,4.34,4.343602895736694,0,0.8757009506225586,0.1242990642786026,True
872,4.36,-0.023707258,-0.0341832,-0.037703402,-0.07020383,0,872,4.36,4.359818458557129,0,0.8845288753509521,0.115471102297306,True
873,4.365,-0.011875127,-0.0038299412,0.010130307,-0.030175464,0,872,4.36,4.359818458557129,0,0.8845288753509521,0.115471102297306,True
874,4.37,0.0021341615,0.032227926,0.06271551,0.024973864,0,872,4.36,4.359818458557129,0,0.8845288753509521,0.115471102297306,True
875,4.375,0.021621829,0.06595957,0.10688298,0.07896122,0,872,4.36,4.359818458557129,0,0.8845288753509521,0.115471102297306,True
876,4.38,0.045074362,0.08770965,0.13012072,0.11332026,0,876,4.38,4.393011093139648,0,0.8816589117050171,0.1183411329984664,True
877,4.385,0.06502756,0.09106142,0.12664759,0.11775129,0,876,4.38,4.393011093139648,0,0.8816589117050171,0.1183411329984664,True
878,4.39,0.07306934,0.07666468,0.10045602,0.09588054,0,876,4.38,4.393011093139648,0,0.8816589117050171,0.1183411329984664,True
879,4.395,0.06587465,0.05149171,0.06257854,0.061624885,0,876,4.38,4.393011093139648,0,0.8816589117050171,0.1183411329984664,True
880,4.4,0.04660582,0.024139669,0.024602292,0.029252924,0,880,4.4,4.407628774642944,0,0.8755539655685425,0.1244460493326187,True
881,4.405,0.021619862,0.00047546002,-0.0064489963,0.005479859,0,880,4.4,4.407628774642944,0,0.8755539655685425,0.1244460493326187,True
882,4.41,-0.0029975008,-0.017113384,-0.028719086,-0.010822435,0,880,4.4,4.407628774642944,0,0.8755539655685425,0.1244460493326187,True
883,4.415,-0.022189634,-0.027941553,-0.04311049,-0.023339383,0,880,4.4,4.407628774642944,0,0.8755539655685425,0.1244460493326187,True
884,4.42,-0.03182504,-0.03212299,-0.05138951,-0.033836823,0,884,4.42,4.425210237503052,0,0.8718717098236084,0.1281283050775528,True
885,4.425,-0.030521143,-0.031632543,-0.055993434,-0.042036057,0,884,4.42,4.425210237503052,0,0.8718717098236084,0.1281283050775528,True
886,4.43,-0.022154536,-0.03082806,-0.059723023,-0.04769969,0,884,4.42,4.425210237503052,0,0.8718717098236084,0.1281283050775528,True
887,4.435,-0.014902914,-0.033985395,-0.06388437,-0.05108684,0,884,4.42,4.425210237503052,0,0.8718717098236084,0.1281283050775528,True
888,4.44,-0.015688026,-0.04123215,-0.066332415,-0.051329773,0,888,4.44,4.452256917953491,0,0.8885108828544617,0.1114891618490219,True
889,4.445,-0.024527926,-0.04706601,-0.06203451,-0.045673694,0,888,4.44,4.452256917953491,0,0.8885108828544617,0.1114891618490219,True
890,4.45,-0.034371544,-0.043783057,-0.04651255,-0.031602476,0,888,4.44,4.452256917953491,0,0.8885108828544617,0.1114891618490219,True
891,4.455,-0.036822148,-0.027497172,-0.019603295,-0.010179684,0,888,4.44,4.452256917953491,0,0.8885108828544617,0.1114891618490219,True
892,4.46,-0.02858376,-0.0018703662,0.013340716,0.012836635,0,892,4.46,4.470458745956421,0,0.8894648551940918,0.110535092651844,True
893,4.465,-0.013337919,0.023471773,0.043518785,0.029520268,0,892,4.46,4.470458745956421,0,0.8894648551940918,0.110535092651844,True
894,4.47,0.0016340119,0.038682967,0.06258763,0.03413777,0,892,4.46,4.470458745956421,0,0.8894648551940918,0.110535092651844,True
895,4.475,0.010688639,0.03958445,0.066379964,0.026408706,0,892,4.46,4.470458745956421,0,0.8894648551940918,0.110535092651844,True
896,4.48,0.013254126,0.029970203,0.056873165,0.012020129,0,896,4.48,4.490858316421509,0,0.8908743858337402,0.1091255694627761,True
897,4.485,0.0139932055,0.019205054,0.041528206,0.00044899734,0,896,4.48,4.490858316421509,0,0.8908743858337402,0.1091255694627761,True
898,4.49,0.019986046,0.016758125,0.029924562,0.00085891964,0,896,4.48,4.490858316421509,0,0.8908743858337402,0.1091255694627761,True
899,4.495,0.035827756,0.026549635,0.028643431,0.017078076,0,896,4.48,4.490858316421509,0,0.8908743858337402,0.1091255694627761,True
900,4.5,0.05849458,0.04368087,0.03648667,0.04353553,0,900,4.5,4.512686729431152,0,0.8881767392158508,0.1118232533335685,True
901,4.505,0.07560779,0.05536351,0.04302447,0.06519356,0,900,4.5,4.512686729431152,0,0.8881767392158508,0.1118232533335685,True
902,4.51,0.070700526,0.046849545,0.03308995,0.06385461,0,900,4.5,4.512686729431152,0,0.8881767392158508,0.1118232533335685,True
903,4.515,0.034563825,0.010781464,-0.0032271957,0.029298384,0,900,4.5,4.512686729431152,0,0.8881767392158508,0.1118232533335685,True
904,4.52,-0.024888402,-0.045128576,-0.060594134,-0.03132841,0,904,4.52,4.527096271514893,0,0.882102906703949,0.117897093296051,True
905,4.525,-0.08340059,-0.09850435,-0.11667345,-0.093589835,0,904,4.52,4.527096271514893,0,0.882102906703949,0.117897093296051,True
906,4.53,-0.113609314,-0.12306513,-0.1427097,-0.12750182,0,904,4.52,4.527096271514893,0,0.882102906703949,0.117897093296051,True
907,4.535,-0.10184533,-0.10416323,-0.12113968,-0.11444805,0,904,4.52,4.527096271514893,0,0.882102906703949,0.117897093296051,True
908,4.54,-0.056055315,-0.048632205,-0.05802821,-0.058275007,0,908,4.54,4.552660703659058,0,0.8835235238075256,0.1164764836430549,True
909,4.545,0.00031041494,0.018386142,0.019221395,0.016673164,0,908,4.54,4.552660703659058,0,0.8835235238075256,0.1164764836430549,True
910,4.55,0.042764045,0.06789014,0.077825814,0.078964904,0,908,4.54,4.552660703659058,0,0.8835235238075256,0.1164764836430549,True
911,4.555,0.058428466,0.083289094,0.098394915,0.10637138,0,908,4.54,4.552660703659058,0,0.8835235238075256,0.1164764836430549,True
912,4.56,0.0504103,0.06826073,0.0841889,0.09572104,0,912,4.56,4.56623649597168,0,0.8847309350967407,0.1152690723538398,True
913,4.565,0.033444315,0.04178331,0.05557795,0.06157039,0,912,4.56,4.56623649597168,0,0.8847309350967407,0.1152690723538398,True
914,4.57,0.02383864,0.024036223,0.034368366,0.025402911,0,912,4.56,4.56623649597168,0,0.8847309350967407,0.1152690723538398,True
915,4.575,0.028522804,0.022613777,0.029088367,0.002301025,0,912,4.56,4.56623649597168,0,0.8847309350967407,0.1152690723538398,True
916,4.58,0.039585795,0.028573396,0.03139339,-0.006493113,0,916,4.58,4.592416048049927,0,0.8849902153015137,0.1150097921490669,True
917,4.585,0.03940768,0.02521806,0.025614189,-0.010643581,0,916,4.58,4.592416048049927,0,0.8849902153015137,0.1150097921490669,True
918,4.59,0.014534652,0.0027200591,0.0032563438,-0.020570515,0,916,4.58,4.592416048049927,0,0.8849902153015137,0.1150097921490669,True
919,4.595,-0.03189614,-0.033419013,-0.029802937,-0.038709264,0,916,4.58,4.592416048049927,0,0.8849902153015137,0.1150097921490669,True
920,4.6,-0.07999804,-0.06688092,-0.059071515,-0.0588299,0,920,4.6,4.610685586929321,0,0.8850548267364502,0.1149451434612274,True
921,4.605,-0.10619365,-0.08324108,-0.073877245,-0.07230611,0,920,4.6,4.610685586929321,0,0.8850548267364502,0.1149451434612274,True
922,4.61,-0.09891426,-0.0792581,-0.07449217,-0.07442007,0,920,4.6,4.610685586929321,0,0.8850548267364502,0.1149451434612274,True
923,4.615,-0.06453771,-0.06164506,-0.06815237,-0.065399334,0,920,4.6,4.610685586929321,0,0.8850548267364502,0.1149451434612274,True
924,4.62,-0.020323494,-0.038745724,-0.059478868,-0.0471482,0,924,4.62,4.625886678695679,0,0.8893311619758606,0.1106688901782035,True
925,4.625,0.018261082,-0.014032364,-0.04543735,-0.020445675,0,924,4.62,4.625886678695679,0,0.8893311619758606,0.1106688901782035,True
926,4.63,0.045624774,0.013502933,-0.019214302,0.014408904,0,924,4.62,4.625886678695679,0,0.8893311619758606,0.1106688901782035,True
927,4.635,0.06483505,0.04436953,0.021480963,0.054664366,0,924,4.62,4.625886678695679,0,0.8893311619758606,0.1106688901782035,True
928,4.64,0.080047965,0.07456319,0.06932677,0.09307555,0,928,4.64,4.653886556625366,0,0.8881337642669678,0.1118662878870964,True
929,4.645,0.08973509,0.09581077,0.10934452,0.118925005,0,928,4.64,4.653886556625366,0,0.8881337642669678,0.1118662878870964,True
930,4.65,0.08660374,0.09953004,0.12616397,0.12212285,0,928,4.64,4.653886556625366,0,0.8881337642669678,0.1118662878870964,True
931,4.655,0.06443444,0.08176256,0.11199301,0.09848897,0,928,4.64,4.653886556625366,0,0.8881337642669678,0.1118662878870964,True
932,4.66,0.025761811,0.04606492,0.07092428,0.05313554,0,932,4.66,4.664798021316528,0,0.8819624185562134,0.1180376335978508,True
933,4.665,-0.017145768,0.0024676842,0.01725417,-0.0007338521,0,932,4.66,4.664798021316528,0,0.8819624185562134,0.1180376335978508,True
934,4.67,-0.049790617,-0.03705495,-0.031432502,-0.047632713,0,932,4.66,4.664798021316528,0,0.8819624185562134,0.1180376335978508,True
935,4.675,-0.065001935,-0.063746944,-0.06257871,-0.0767928,0,932,4.66,4.664798021316528,0,0.8819624185562134,0.1180376335978508,True
936,4.68,-0.0658745,-0.0746341,-0.07351403,-0.08586029,0,936,4.68,4.688740015029907,0,0.8745042085647583,0.1254958361387252,True
937,4.685,-0.06001274,-0.07159987,-0.070306286,-0.079458155,0,936,4.68,4.688740015029907,0,0.8745042085647583,0.1254958361387252,True
938,4.69,-0.051702578,-0.0589149,-0.06217082,-0.064804174,0,936,4.68,4.688740015029907,0,0.8745042085647583,0.1254958361387252,True
939,4.695,-0.04015057,-0.04160052,-0.05561243,-0.04809615,0,936,4.68,4.688740015029907,0,0.8745042085647583,0.1254958361387252,True
940,4.7,-0.024656229,-0.024862366,-0.051705014,-0.033305943,0,940,4.7,4.7117297649383545,0,0.8873195648193359,0.1126804500818252,True
941,4.705,-0.009484023,-0.012926173,-0.04702381,-0.022141807,0,940,4.7,4.7117297649383545,0,0.8873195648193359,0.1126804500818252,True
942,4.71,-0.0013622525,-0.0065463698,-0.03653362,-0.013612636,0,940,4.7,4.7117297649383545,0,0.8873195648193359,0.1126804500818252,True
943,4.715,-0.0012757456,-0.0013377422,-0.016593432,-0.0038341142,0,940,4.7,4.7117297649383545,0,0.8873195648193359,0.1126804500818252,True
944,4.72,-0.00011941333,0.009930208,0.012846398,0.011931962,0,944,4.72,4.72426438331604,0,0.8890124559402466,0.110987477004528,True
945,4.725,0.014676554,0.03114955,0.047352992,0.034977857,0,944,4.72,4.72426438331604,0,0.8890124559402466,0.110987477004528,True
946,4.73,0.045966156,0.05756875,0.07896525,0.05992369,0,944,4.72,4.72426438331604,0,0.8890124559402466,0.110987477004528,True
947,4.735,0.08013275,0.07686501,0.09894883,0.07633289,0,944,4.72,4.72426438331604,0,0.8890124559402466,0.110987477004528,True
948,4.74,0.095170975,0.07703347,0.10111999,0.07508038,0,948,4.74,4.745310544967651,0,0.8891901969909668,0.110809750854969,True
949,4.745,0.07788307,0.055229507,0.084094085,0.054870203,0,948,4.74,4.745310544967651,0,0.8891901969909668,0.110809750854969,True
950,4.75,0.03508578,0.02040575,0.0517192,0.023736283,0,948,4.74,4.745310544967651,0,0.8891901969909668,0.110809750854969,True
951,4.755,-0.011182439,-0.012433412,0.0119128255,-0.005735746,0,948,4.74,4.745310544967651,0,0.8891901969909668,0.110809750854969,True
952,4.76,-0.040105294,-0.03196727,-0.025875056,-0.024043791,0,952,4.76,4.7611083984375,0,0.8546923398971558,0.1453076750040054,True
953,4.765,-0.046215076,-0.037212126,-0.054310314,-0.03007763,0,952,4.76,4.7611083984375,0,0.8546923398971558,0.1453076750040054,True
954,4.77,-0.04041727,-0.036644567,-0.07139202,-0.030714413,0,952,4.76,4.7611083984375,0,0.8546923398971558,0.1453076750040054,True
955,4.775,-0.038588602,-0.040632624,-0.080435865,-0.034927398,0,952,4.76,4.7611083984375,0,0.8546923398971558,0.1453076750040054,True
956,4.78,-0.047695566,-0.052409362,-0.08552134,-0.046056222,0,956,4.78,4.7822771072387695,0,0.8883334398269653,0.1116666197776794,True
957,4.785,-0.060126636,-0.06404705,-0.08547851,-0.057578884,0,956,4.78,4.7822771072387695,0,0.8883334398269653,0.1116666197776794,True
958,4.79,-0.060101297,-0.061084654,-0.07248224,-0.056292336,0,956,4.78,4.7822771072387695,0,0.8883334398269653,0.1116666197776794,True
959,4.795,-0.03688887,-0.0334888,-0.038395274,-0.03193811,0,956,4.78,4.7822771072387695,0,0.8883334398269653,0.1116666197776794,True
960,4.8,0.005628083,0.014904371,0.015502821,0.01329892,0,960,4.8,4.799684524536133,0,0.8872182965278625,0.1127817630767822,True
961,4.805,0.05061574,0.06633734,0.07440091,0.06327951,0,960,4.8,4.799684524536133,0,0.8872182965278625,0.1127817630767822,True
962,4.81,0.07943874,0.09929144,0.11641152,0.096597604,0,960,4.8,4.799684524536133,0,0.8872182965278625,0.1127817630767822,True
963,4.815,0.08279377,0.101089455,0.12504622,0.09916831,0,960,4.8,4.799684524536133,0,0.8872182965278625,0.1127817630767822,True
964,4.82,0.063469,0.07339975,0.09787599,0.07114527,0,964,4.82,4.816211700439453,0,0.8890534043312073,0.1109465956687927,True
965,4.825,0.030987445,0.028157936,0.04584726,0.024134893,0,964,4.82,4.816211700439453,0,0.8890534043312073,0.1109465956687927,True
966,4.83,-0.004784645,-0.020161787,-0.013615787,-0.026671093,0,964,4.82,4.816211700439453,0,0.8890534043312073,0.1109465956687927,True
967,4.835,-0.03565319,-0.0590341,-0.06311112,-0.068128765,0,964,4.82,4.816211700439453,0,0.8890534043312073,0.1109465956687927,True
968,4.84,-0.05419938,-0.078621715,-0.08890133,-0.09047312,0,968,4.84,4.8444414138793945,0,0.8498901724815369,0.1501098871231079,True
969,4.845,-0.05482747,-0.07331915,-0.08415593,-0.08815644,0,968,4.84,4.8444414138793945,0,0.8498901724815369,0.1501098871231079,True
970,4.85,-0.03789608,-0.045993175,-0.053080987,-0.063060336,0,968,4.84,4.8444414138793945,0,0.8498901724815369,0.1501098871231079,True
971,4.855,-0.012389528,-0.0102552725,-0.012018689,-0.026894271,0,968,4.84,4.8444414138793945,0,0.8498901724815369,0.1501098871231079,True
972,4.86,0.0077360556,0.015067738,0.017409325,0.0028939566,0,972,4.86,4.879695177078247,0,0.887906551361084,0.1120934635400772,True
973,4.865,0.012440495,0.01789766,0.021362817,0.013730838,0,972,4.86,4.879695177078247,0,0.887906551361084,0.1120934635400772,True
974,4.87,0.0027728877,0.0019645116,0.0035452931,0.007108821,0,972,4.86,4.879695177078247,0,0.887906551361084,0.1120934635400772,True
975,4.875,-0.009961548,-0.015593015,-0.017232819,-0.0023212065,0,972,4.86,4.879695177078247,0,0.887906551361084,0.1120934635400772,True
976,4.88,-0.012636584,-0.016942002,-0.020776205,0.0019861858,0,976,4.88,4.893580913543701,0,0.8893274664878845,0.1106724888086319,True
977,4.885,0.00030409425,0.0035670823,0.00010338149,0.0258779,0,976,4.88,4.893580913543701,0,0.8893274664878845,0.1106724888086319,True
978,4.89,0.02341364,0.03615456,0.035349395,0.06050592,0,976,4.88,4.893580913543701,0,0.8893274664878845,0.1106724888086319,True
979,4.895,0.044509348,0.06324892,0.0655283,0.08901134,0,976,4.88,4.893580913543701,0,0.8893274664878845,0.1106724888086319,True
980,4.9,0.052772336,0.071086034,0.07463159,0.09745947,0,980,4.9,4.89973258972168,0,0.8889632225036621,0.1110367625951767,True
981,4.905,0.044948943,0.05704545,0.05874387,0.08185418,0,980,4.9,4.89973258972168,0,0.8889632225036621,0.1110367625951767,True
982,4.91,0.026128598,0.029211648,0.02638472,0.04797863,0,980,4.9,4.89973258972168,0,0.8889632225036621,0.1110367625951767,True
983,4.915,0.0054211994,0.00016980263,-0.007736719,0.0065407036,0,980,4.9,4.89973258972168,0,0.8889632225036621,0.1110367625951767,True
984,4.92,-0.010182071,-0.020387532,-0.031030037,-0.032099213,0,984,4.92,4.9278483390808105,0,0.873854398727417,0.1261456459760666,True
985,4.925,-0.019711344,-0.030178485,-0.0391086,-0.06115728,0,984,4.92,4.9278483390808105,0,0.873854398727417,0.1261456459760666,True
986,4.93,-0.027390799,-0.03391465,-0.036799297,-0.07831314,0,984,4.92,4.9278483390808105,0,0.873854398727417,0.1261456459760666,True
987,4.935,-0.037694346,-0.03841969,-0.033442315,-0.08466479,0,984,4.92,4.9278483390808105,0,0.873854398727417,0.1261456459760666,True
988,4.94,-0.049937136,-0.046436522,-0.035230048,-0.08239995,0,988,4.94,4.9404380321502686,0,0.8865990042686462,0.1134010106325149,True
989,4.945,-0.057020422,-0.053791516,-0.04024969,-0.072694615,0,988,4.94,4.9404380321502686,0,0.8865990042686462,0.1134010106325149,True
990,4.95,-0.050463237,-0.05276819,-0.040755976,-0.05568607,0,988,4.94,4.9404380321502686,0,0.8865990042686462,0.1134010106325149,True
991,4.955,-0.028653532,-0.039336905,-0.0310675,-0.032535028,0,988,4.94,4.9404380321502686,0,0.8865990042686462,0.1134010106325149,True
992,4.96,-0.001050981,-0.017566543,-0.013531329,-0.0069227046,0,992,4.96,4.950073957443237,0,0.8907073736190796,0.1092926263809204,True
993,4.965,0.017303435,0.0035915095,0.0037325073,0.016532708,0,992,4.96,4.950073957443237,0,0.8907073736190796,0.1092926263809204,True
994,4.97,0.018339122,0.018394612,0.015103372,0.03569901,0,992,4.96,4.950073957443237,0,0.8907073736190796,0.1092926263809204,True
995,4.975,0.009645341,0.028947433,0.02275397,0.051957548,0,992,4.96,4.950073957443237,0,0.8907073736190796,0.1092926263809204,True
996,4.98,0.0095136445,0.0412689,0.03300344,0.06681835,0,996,4.98,4.992844343185425,0,0.8911922574043274,0.1088077574968338,True
997,4.985,0.030568385,0.056824002,0.04765305,0.07756434,0,996,4.98,4.992844343185425,0,0.8911922574043274,0.1088077574968338,True
998,4.99,0.06619222,0.06858443,0.05979416,0.077315584,0,996,4.98,4.992844343185425,0,0.8911922574043274,0.1088077574968338,True
999,4.995,0.09288214,0.06596899,0.05870982,0.060415264,0,996,4.98,4.992844343185425,0,0.8911922574043274,0.1088077574968338,True
1000,5.0,0.08750782,0.043975096,0.039098177,0.02816783,0,1000,5.0,5.007785320281982,0,0.8893156051635742,0.1106843948364257,True
1001,5.005,0.045167405,0.008165117,0.0061508245,-0.010473801,0,1000,5.0,5.007785320281982,0,0.8893156051635742,0.1106843948364257,True
1002,5.01,-0.016425386,-0.028237725,-0.027280292,-0.043553114,0,1000,5.0,5.007785320281982,0,0.8893156051635742,0.1106843948364257,True
1003,5.015,-0.06825813,-0.05202804,-0.048349727,-0.061877307,0,1000,5.0,5.007785320281982,0,0.8893156051635742,0.1106843948364257,True
1004,5.02,-0.08791099,-0.056793217,-0.0510855,-0.062178034,0,1004,5.02,5.025583505630493,0,0.8683090806007385,0.1316908895969391,True
1005,5.025,-0.07212797,-0.045188542,-0.038712893,-0.04718598,0,1004,5.02,5.025583505630493,0,0.8683090806007385,0.1316908895969391,True
1006,5.03,-0.03688653,-0.02622705,-0.020693522,-0.023775637,0,1004,5.02,5.025583505630493,0,0.8683090806007385,0.1316908895969391,True
1007,5.035,-0.005541725,-0.009399199,-0.0063411794,7.724984e-05,0,1004,5.02,5.025583505630493,0,0.8683090806007385,0.1316908895969391,True
1008,5.04,0.0069188583,0.0007971471,0.0009330442,0.01864474,0,1008,5.04,5.044226169586182,0,0.888622522354126,0.1113774925470352,True
1009,5.045,0.0023565677,0.006128779,0.004521033,0.03016152,0,1008,5.04,5.044226169586182,0,0.888622522354126,0.1113774925470352,True
1010,5.05,-0.005323533,0.010954529,0.01002031,0.035514854,0,1008,5.04,5.044226169586182,0,0.888622522354126,0.1113774925470352,True
1011,5.055,-0.0034170093,0.017302213,0.019452073,0.035344318,0,1008,5.04,5.044226169586182,0,0.888622522354126,0.1113774925470352,True
1012,5.06,0.009595346,0.023324968,0.02957095,0.02879722,0,1012,5.06,5.068927049636841,1,0.1237323060631752,0.8762677311897278,False
1013,5.065,0.024878899,0.025704945,0.034997977,0.015209427,0,1012,5.06,5.068927049636841,1,0.1237323060631752,0.8762677311897278,False
1014,5.07,0.031937256,0.022384683,0.03206185,-0.003623504,0,1012,5.06,5.068927049636841,1,0.1237323060631752,0.8762677311897278,False
1015,5.075,0.026355417,0.0128129395,0.019733617,-0.023591718,0,1012,5.06,5.068927049636841,1,0.1237323060631752,0.8762677311897278,False
1016,5.08,0.011149579,-0.0029442196,-0.0013850278,-0.040739305,0,1016,5.08,5.08185625076294,1,0.1902905404567718,0.8097094893455505,False
1017,5.085,-0.006863303,-0.023403894,-0.028772535,-0.05307035,0,1016,5.08,5.08185625076294,1,0.1902905404567718,0.8097094893455505,False
1018,5.09,-0.021313712,-0.043556523,-0.056046706,-0.059599865,0,1016,5.08,5.08185625076294,1,0.1902905404567718,0.8097094893455505,False
1019,5.095,-0.028585138,-0.055002436,-0.07289052,-0.058059584,0,1016,5.08,5.08185625076294,1,0.1902905404567718,0.8097094893455505,False
1020,5.1,-0.028114218,-0.05026956,-0.06961457,-0.044588894,0,1020,5.1,5.099913120269775,0,0.8896494507789612,0.1103505715727806,True
1021,5.105,-0.021376375,-0.028423678,-0.04402218,-0.016840443,0,1020,5.1,5.099913120269775,0,0.8896494507789612,0.1103505715727806,True
1022,5.11,-0.010312214,0.0031083326,-0.0046232212,0.02179784,0,1020,5.1,5.099913120269775,0,0.8896494507789612,0.1103505715727806,True
1023,5.115,0.0036092482,0.03244504,0.033428337,0.060908034,0,1020,5.1,5.099913120269775,0,0.8896494507789612,0.1103505715727806,True
1024,5.12,0.018714676,0.04978265,0.057019267,0.08675667,0,1024,5.12,5.12830376625061,1,0.2600870132446289,0.7399129867553711,False
1025,5.125,0.03160915,0.051652577,0.061710674,0.089180574,0,1024,5.12,5.12830376625061,1,0.2600870132446289,0.7399129867553711,False
1026,5.13,0.037217155,0.04072466,0.05175146,0.06725171,0,1024,5.12,5.12830376625061,1,0.2600870132446289,0.7399129867553711,False
1027,5.135,0.03180628,0.022889035,0.034863766,0.030072484,0,1024,5.12,5.12830376625061,1,0.2600870132446289,0.7399129867553711,False
1028,5.14,0.017050661,0.004577893,0.017146073,-0.0077246446,0,1028,5.14,5.135893106460571,1,0.270531415939331,0.7294685244560242,False
1029,5.145,0.0008732156,-0.008612094,0.0019074817,-0.033003215,0,1028,5.14,5.135893106460571,1,0.270531415939331,0.7294685244560242,False
1030,5.15,-0.0073008523,-0.013029598,-0.008549051,-0.039766125,0,1028,5.14,5.135893106460571,1,0.270531415939331,0.7294685244560242,False
1031,5.155,-0.0040739565,-0.008544435,-0.011970083,-0.030741893,0,1028,5.14,5.135893106460571,1,0.270531415939331,0.7294685244560242,False
1032,5.16,0.0040477687,0.0005611959,-0.00794576,-0.01474765,0,1032,5.16,5.159574270248413,1,0.1527657955884933,0.8472341895103455,False
1033,5.165,0.0048259473,0.007122222,-0.00037021417,-0.0018522984,0,1032,5.16,5.159574270248413,1,0.1527657955884933,0.8472341895103455,False
1034,5.17,-0.009760854,0.0049767443,0.00314533,0.0010249082,0,1032,5.16,5.159574270248413,1,0.1527657955884933,0.8472341895103455,False
1035,5.175,-0.035561826,-0.0070725433,-0.0039198888,-0.0074808444,0,1032,5.16,5.159574270248413,1,0.1527657955884933,0.8472341895103455,False
1036,5.18,-0.057237588,-0.02385363,-0.021105189,-0.022878945,0,1036,5.18,5.184314727783203,0,0.8900742530822754,0.1099257692694664,True
1037,5.185,-0.058313,-0.036068283,-0.03915676,-0.03635597,0,1036,5.18,5.184314727783203,0,0.8900742530822754,0.1099257692694664,True
1038,5.19,-0.033185456,-0.035288718,-0.04502662,-0.038309164,0,1036,5.18,5.184314727783203,0,0.8900742530822754,0.1099257692694664,True
1039,5.195,0.0077886307,-0.019307876,-0.031073641,-0.023539465,0,1036,5.18,5.184314727783203,0,0.8900742530822754,0.1099257692694664,True
1040,5.2,0.043992676,0.0052975477,-0.00183334,0.0042994325,0,1040,5.2,5.211283922195435,1,0.4831891655921936,0.5168108344078064,False
1041,5.205,0.057238724,0.025825527,0.027393294,0.032821976,0,1040,5.2,5.211283922195435,1,0.4831891655921936,0.5168108344078064,False
1042,5.21,0.043056548,0.030915864,0.040186543,0.047389,0,1040,5.2,5.211283922195435,1,0.4831891655921936,0.5168108344078064,False
1043,5.215,0.0133293085,0.018496785,0.030455029,0.040658414,0,1040,5.2,5.211283922195435,1,0.4831891655921936,0.5168108344078064,False
1044,5.22,-0.011542675,-0.0018846933,0.007056693,0.018199522,0,1044,5.22,5.2161524295806885,0,0.8891498446464539,0.1108501479029655,True
1045,5.225,-0.016270138,-0.015304259,-0.012560463,-0.004926039,0,1044,5.22,5.2161524295806885,0,0.8891498446464539,0.1108501479029655,True
1046,5.23,-0.001148174,-0.01246879,-0.015405347,-0.014800595,0,1044,5.22,5.2161524295806885,0,0.8891498446464539,0.1108501479029655,True
1047,5.235,0.018495658,0.0030765461,-0.0025701956,-0.0085398955,0,1044,5.22,5.2161524295806885,0,0.8891498446464539,0.1108501479029655,True
1048,5.24,0.024308905,0.01776307,0.012380231,0.0042608324,0,1048,5.24,5.231910705566406,0,0.8859306573867798,0.1140692979097366,True
1049,5.245,0.009402151,0.018778948,0.014864708,0.009530804,0,1048,5.24,5.231910705566406,0,0.8859306573867798,0.1140692979097366,True
1050,5.25,-0.016590169,0.0039454643,0.000981246,-0.00020315888,0,1048,5.24,5.231910705566406,0,0.8859306573867798,0.1140692979097366,True
1051,5.255,-0.036027126,-0.017086124,-0.019894192,-0.0200616,0,1048,5.24,5.231910705566406,0,0.8859306573867798,0.1140692979097366,True
1052,5.26,-0.03745325,-0.030376941,-0.032731853,-0.03627331,0,1052,5.26,5.269798755645752,0,0.8851281404495239,0.1148718819022178,True
1053,5.265,-0.02296576,-0.027242895,-0.027658891,-0.035891358,0,1052,5.26,5.269798755645752,0,0.8851281404495239,0.1148718819022178,True
1054,5.27,-0.003601059,-0.008902906,-0.0058332505,-0.015776843,0,1052,5.26,5.269798755645752,0,0.8851281404495239,0.1148718819022178,True
1055,5.275,0.011061467,0.0155667495,0.022387981,0.015096538,0,1052,5.26,5.269798755645752,0,0.8851281404495239,0.1148718819022178,True
1056,5.28,0.018934237,0.035033382,0.04405529,0.041263945,0,1056,5.28,5.281142950057983,0,0.8900653719902039,0.1099346280097961,True
1057,5.285,0.023062522,0.041860014,0.050317135,0.050386928,0,1056,5.28,5.281142950057983,0,0.8900653719902039,0.1099346280097961,True
1058,5.29,0.025395274,0.03470954,0.039949004,0.04035338,0,1056,5.28,5.281142950057983,0,0.8900653719902039,0.1099346280097961,True
1059,5.295,0.02375733,0.017919157,0.018626964,0.019126259,0,1056,5.28,5.281142950057983,0,0.8900653719902039,0.1099346280097961,True
1060,5.3,0.014627256,-0.0016920657,-0.005114585,-0.0020199253,0,1060,5.3,5.29948878288269,0,0.8905488848686218,0.1094511151313781,True
1061,5.305,-0.0016924964,-0.01840502,-0.02447238,-0.016130758,0,1060,5.3,5.29948878288269,0,0.8905488848686218,0.1094511151313781,True
1062,5.31,-0.019005455,-0.029273095,-0.03644576,-0.023030147,0,1060,5.3,5.29948878288269,0,0.8905488848686218,0.1094511151313781,True
1063,5.315,-0.028692445,-0.03337727,-0.04062403,-0.025687868,0,1060,5.3,5.29948878288269,0,0.8905488848686218,0.1094511151313781,True
1064,5.32,-0.026022626,-0.03043144,-0.03702844,-0.025291516,0,1064,5.32,5.316516637802124,0,0.8861445188522339,0.1138555407524108,True
1065,5.325,-0.013915414,-0.02083556,-0.025929451,-0.020427292,0,1064,5.32,5.316516637802124,0,0.8861445188522339,0.1138555407524108,True
1066,5.33,-0.0009510792,-0.0072095627,-0.009849849,-0.010831148,0,1064,5.32,5.316516637802124,0,0.8861445188522339,0.1138555407524108,True
1067,5.335,0.004592026,0.004814431,0.0051008933,-0.0009288594,0,1064,5.32,5.316516637802124,0,0.8861445188522339,0.1138555407524108,True
1068,5.34,-6.363797e-05,0.008771453,0.011493301,0.0018164591,0,1068,5.34,5.333198308944702,0,0.8896300196647644,0.1103699803352356,True
1069,5.345,-0.010999975,0.0021490222,0.0060710274,-0.0063876216,0,1068,5.34,5.333198308944702,0,0.8896300196647644,0.1103699803352356,True
1070,5.35,-0.020162929,-0.009834865,-0.0058498806,-0.019789783,0,1068,5.34,5.333198308944702,0,0.8896300196647644,0.1103699803352356,True
1071,5.355,-0.019675342,-0.015885534,-0.012155745,-0.024787815,0,1068,5.34,5.333198308944702,0,0.8896300196647644,0.1103699803352356,True
1072,5.36,-0.0061651706,-0.0064993748,-0.002589076,-0.010018422,0,1072,5.36,5.362387657165527,0,0.8881295919418335,0.1118704304099083,True
1073,5.365,0.016586855,0.017348561,0.021849182,0.02268198,0,1072,5.36,5.362387657165527,0,0.8881295919418335,0.1118704304099083,True
1074,5.37,0.038756777,0.042808462,0.047532775,0.056752656,0,1072,5.36,5.362387657165527,0,0.8881295919418335,0.1118704304099083,True
1075,5.375,0.049921956,0.05394328,0.057741202,0.07196107,0,1072,5.36,5.362387657165527,0,0.8881295919418335,0.1118704304099083,True
1076,5.38,0.045736574,0.044016425,0.045715917,0.05951002,0,1076,5.38,5.3854405879974365,0,0.8906541466712952,0.109345905482769,True
1077,5.385,0.030582534,0.020403204,0.019658178,0.028086804,0,1076,5.38,5.3854405879974365,0,0.8906541466712952,0.109345905482769,True
1078,5.39,0.013656703,-0.0022872752,-0.004821531,-0.004247233,0,1076,5.38,5.3854405879974365,0,0.8906541466712952,0.109345905482769,True
1079,5.395,0.0016183399,-0.014295665,-0.017583303,-0.024415359,0,1076,5.38,5.3854405879974365,0,0.8906541466712952,0.109345905482769,True
1080,5.4,-0.0059931967,-0.017083261,-0.020493526,-0.032079786,0,1080,5.4,5.400986433029175,0,0.8873774409294128,0.1126225218176841,True
1081,5.405,-0.014832015,-0.019257013,-0.022761552,-0.035387844,0,1080,5.4,5.400986433029175,0,0.8873774409294128,0.1126225218176841,True
1082,5.41,-0.029146776,-0.026993457,-0.030674426,-0.040645923,0,1080,5.4,5.400986433029175,0,0.8873774409294128,0.1126225218176841,True
1083,5.415,-0.04617826,-0.037811153,-0.04131651,-0.045996334,0,1080,5.4,5.400986433029175,0,0.8873774409294128,0.1126225218176841,True
1084,5.42,-0.056516696,-0.04253959,-0.045139913,-0.043881718,0,1084,5.42,5.428373336791992,0,0.888010561466217,0.1119893565773963,True
1085,5.425,-0.0508605,-0.03337691,-0.03456709,-0.029011315,0,1084,5.42,5.428373336791992,0,0.888010561466217,0.1119893565773963,True
1086,5.43,-0.028417816,-0.011560429,-0.011520663,-0.0046654255,0,1084,5.42,5.428373336791992,0,0.888010561466217,0.1119893565773963,True
1087,5.435,-5.1190225e-05,0.011513931,0.012129729,0.017904393,0,1084,5.42,5.428373336791992,0,0.888010561466217,0.1119893565773963,True
1088,5.44,0.017660962,0.0215353,0.022285622,0.026966523,0,1088,5.44,5.4445884227752686,0,0.8903404474258423,0.1096594855189323,True
1089,5.445,0.014433842,0.012469549,0.013601791,0.019457204,0,1088,5.44,5.4445884227752686,0,0.8903404474258423,0.1096594855189323,True
1090,5.45,-0.0043541677,-0.006913522,-0.0046643335,0.004559257,0,1088,5.44,5.4445884227752686,0,0.8903404474258423,0.1096594855189323,True
1091,5.455,-0.01921852,-0.017753348,-0.013919153,-0.002159454,0,1088,5.44,5.4445884227752686,0,0.8903404474258423,0.1096594855189323,True
1092,5.46,-0.009958509,-0.0051819505,-0.00033547345,0.009393786,0,1092,5.46,5.458847761154175,0,0.8859768509864807,0.1140231564640998,True
1093,5.465,0.027853576,0.028756512,0.03279134,0.03511334,0,1092,5.46,5.458847761154175,0,0.8859768509864807,0.1140231564640998,True
1094,5.47,0.076363534,0.06457982,0.06542847,0.05873563,0,1092,5.46,5.458847761154175,0,0.8859768509864807,0.1140231564640998,True
1095,5.475,0.10601772,0.079067715,0.07523249,0.06379727,0,1092,5.46,5.458847761154175,0,0.8859768509864807,0.1140231564640998,True
1096,5.48,0.09680964,0.06278073,0.054920264,0.046122856,0,1096,5.48,5.486463069915772,0,0.8904117345809937,0.1095882728695869,True
1097,5.485,0.053411104,0.026852228,0.017812323,0.016508915,0,1096,5.48,5.486463069915772,0,0.8904117345809937,0.1095882728695869,True
1098,5.49,0.0008992372,-0.006901699,-0.013612324,-0.008709949,0,1096,5.48,5.486463069915772,0,0.8904117345809937,0.1095882728695869,True
1099,5.495,-0.035737265,-0.024021326,-0.02625233,-0.021124326,0,1096,5.48,5.486463069915772,0,0.8904117345809937,0.1095882728695869,True
1100,5.5,-0.050202526,-0.027729379,-0.025532376,-0.026029734,0,1100,5.5,5.501398324966431,0,0.8842857480049133,0.115714207291603,True
1101,5.505,-0.05525066,-0.032799546,-0.027364895,-0.035593264,0,1100,5.5,5.501398324966431,0,0.8842857480049133,0.115714207291603,True
1102,5.51,-0.06608836,-0.04952706,-0.041275978,-0.055902533,0,1100,5.5,5.501398324966431,0,0.8842857480049133,0.115714207291603,True
1103,5.515,-0.08408979,-0.07319254,-0.061056536,-0.07991735,0,1100,5.5,5.501398324966431,0,0.8842857480049133,0.115714207291603,True
1104,5.52,-0.09612814,-0.08819514,-0.07121868,-0.092565805,0,1104,5.52,5.5268638134002686,0,0.8871080279350281,0.1128920093178749,True
1105,5.525,-0.08781158,-0.08144643,-0.06166866,-0.08269199,0,1104,5.52,5.5268638134002686,0,0.8871080279350281,0.1128920093178749,True
1106,5.53,-0.055712484,-0.051774554,-0.035712473,-0.050728362,0,1104,5.52,5.5268638134002686,0,0.8871080279350281,0.1128920093178749,True
1107,5.535,-0.007779087,-0.008260162,-0.004860616,-0.0063867155,0,1104,5.52,5.5268638134002686,0,0.8871080279350281,0.1128920093178749,True
1108,5.54,0.044343293,0.03757837,0.021997064,0.03907811,0,1108,5.54,5.543128967285156,0,0.8892054557800293,0.1107945591211319,True
1109,5.545,0.090283975,0.07658693,0.043158337,0.07757906,0,1108,5.54,5.543128967285156,0,0.8892054557800293,0.1107945591211319,True
1110,5.55,0.11977404,0.10128024,0.05955065,0.1031816,0,1108,5.54,5.543128967285156,0,0.8892054557800293,0.1107945591211319,True
1111,5.555,0.12223015,0.10497992,0.06890759,0.110190846,0,1108,5.54,5.543128967285156,0,0.8892054557800293,0.1107945591211319,True
1112,5.56,0.09307476,0.08527585,0.066656515,0.0953598,0,1112,5.56,5.562556505203247,0,0.8892019987106323,0.1107979789376258,True
1113,5.565,0.041831613,0.04876151,0.052121475,0.06254012,0,1112,5.56,5.562556505203247,0,0.8892019987106323,0.1107979789376258,True
1114,5.57,-0.009149086,0.010033426,0.031687148,0.023334762,0,1112,5.56,5.562556505203247,0,0.8892019987106323,0.1107979789376258,True
1115,5.575,-0.038498566,-0.016904393,0.014089625,-0.009284107,0,1112,5.56,5.562556505203247,0,0.8892019987106323,0.1107979789376258,True
1116,5.58,-0.04125508,-0.028079519,0.002439221,-0.029510789,0,1116,5.58,5.593152761459351,0,0.8672176003456116,0.132782444357872,True
1117,5.585,-0.03120778,-0.03096209,-0.008160478,-0.04121008,0,1116,5.58,5.593152761459351,0,0.8672176003456116,0.132782444357872,True
1118,5.59,-0.027416745,-0.036264762,-0.024384886,-0.051719565,0,1116,5.58,5.593152761459351,0,0.8672176003456116,0.132782444357872,True
1119,5.595,-0.03758503,-0.0478598,-0.04631646,-0.06309798,0,1116,5.58,5.593152761459351,0,0.8672176003456116,0.132782444357872,True
1120,5.6,-0.05336342,-0.060044304,-0.065826625,-0.06959731,0,1120,5.6,5.609969139099121,0,0.8876655101776123,0.1123344600200653,True
1121,5.605,-0.05993895,-0.06354968,-0.073149085,-0.06351565,0,1120,5.6,5.609969139099121,0,0.8876655101776123,0.1123344600200653,True
1122,5.61,-0.04881103,-0.05326824,-0.06433785,-0.042933255,0,1120,5.6,5.609969139099121,0,0.8876655101776123,0.1123344600200653,True
1123,5.615,-0.022414347,-0.030692205,-0.042381827,-0.013655949,0,1120,5.6,5.609969139099121,0,0.8876655101776123,0.1123344600200653,True
1124,5.62,0.010107866,-0.0011825302,-0.012856055,0.015365248,0,1124,5.62,5.625818490982056,0,0.8881173133850098,0.1118826642632484,True
1125,5.625,0.038907673,0.028978312,0.019363303,0.0374371,0,1124,5.62,5.625818490982056,0,0.8881173133850098,0.1118826642632484,True
1126,5.63,0.05650423,0.053269334,0.049116883,0.049663708,0,1124,5.62,5.625818490982056,0,0.8881173133850098,0.1118826642632484,True
1127,5.635,0.0592093,0.065594435,0.06936039,0.051587235,0,1124,5.62,5.625818490982056,0,0.8881173133850098,0.1118826642632484,True
1128,5.64,0.048789494,0.06303443,0.07353212,0.04443524,0,1128,5.64,5.644800901412964,0,0.8891188502311707,0.1108811199665069,True
1129,5.645,0.0323287,0.048456434,0.060576268,0.03155386,0,1128,5.64,5.644800901412964,0,0.8891188502311707,0.1108811199665069,True
1130,5.65,0.017655304,0.029012058,0.036721144,0.017467018,0,1128,5.64,5.644800901412964,0,0.8891188502311707,0.1108811199665069,True
1131,5.655,0.0068640714,0.010631238,0.011065894,0.0046392344,0,1128,5.64,5.644800901412964,0,0.8891188502311707,0.1108811199665069,True
1132,5.66,-0.0053799325,-0.006250402,-0.0109528145,-0.008757529,0,1132,5.66,5.661530494689941,0,0.8756386637687683,0.1243612691760063,True
1133,5.665,-0.025551634,-0.02492149,-0.029542012,-0.026290437,0,1132,5.66,5.661530494689941,0,0.8756386637687683,0.1243612691760063,True
1134,5.67,-0.052174397,-0.04599217,-0.04628392,-0.04722358,0,1132,5.66,5.661530494689941,0,0.8756386637687683,0.1243612691760063,True
1135,5.675,-0.07314461,-0.06314728,-0.058846325,-0.063305795,0,1132,5.66,5.661530494689941,0,0.8756386637687683,0.1243612691760063,True
1136,5.68,-0.07340035,-0.066287145,-0.06102031,-0.06316016,0,1136,5.68,5.685196399688721,0,0.8870006203651428,0.1129993423819542,True
1137,5.685,-0.047156833,-0.04998767,-0.04850454,-0.04159348,0,1136,5.68,5.685196399688721,0,0.8870006203651428,0.1129993423819542,True
1138,5.69,-0.004224166,-0.019483859,-0.024361765,-0.005437521,0,1136,5.68,5.685196399688721,0,0.8870006203651428,0.1129993423819542,True
1139,5.695,0.035373554,0.011868314,0.0019156834,0.030069387,0,1136,5.68,5.685196399688721,0,0.8870006203651428,0.1129993423819542,True
1140,5.7,0.05449597,0.03192743,0.021237671,0.051758572,0,1140,5.7,5.702462673187256,0,0.8864805698394775,0.1135193854570388,True
1141,5.705,0.049509495,0.037810132,0.031046873,0.056816258,0,1140,5.7,5.702462673187256,0,0.8864805698394775,0.1135193854570388,True
1142,5.71,0.030742083,0.0357946,0.03501484,0.05192533,0,1140,5.7,5.702462673187256,0,0.8864805698394775,0.1135193854570388,True
1143,5.715,0.013631244,0.033892106,0.037353188,0.044976722,0,1140,5.7,5.702462673187256,0,0.8864805698394775,0.1135193854570388,True
1144,5.72,0.008212295,0.034395114,0.038030848,0.037747946,0,1144,5.72,5.730093717575073,0,0.8868067860603333,0.1131931766867637,True
1145,5.725,0.014198981,0.032881588,0.033470426,0.026155818,0,1144,5.72,5.730093717575073,0,0.8868067860603333,0.1131931766867637,True
1146,5.73,0.023280924,0.023567585,0.021210743,0.0067341463,0,1144,5.72,5.730093717575073,0,0.8868067860603333,0.1131931766867637,True
1147,5.735,0.025466224,0.0055291965,0.0035077366,-0.017729757,0,1144,5.72,5.730093717575073,0,0.8868067860603333,0.1131931766867637,True
1148,5.74,0.015422306,-0.015355795,-0.013156079,-0.038694497,0,1148,5.74,5.74556303024292,0,0.8768355846405029,0.1231644451618194,True
1149,5.745,-0.0040272716,-0.029694691,-0.021652916,-0.047508676,0,1148,5.74,5.74556303024292,0,0.8768355846405029,0.1231644451618194,True
1150,5.75,-0.023051955,-0.030398343,-0.018165395,-0.041119847,0,1148,5.74,5.74556303024292,0,0.8768355846405029,0.1231644451618194,True
1151,5.755,-0.03079756,-0.017293097,-0.0045647444,-0.023784958,0,1148,5.74,5.74556303024292,0,0.8768355846405029,0.1231644451618194,True
1152,5.76,-0.023099815,0.002247022,0.011801463,-0.00435617,0,1152,5.76,5.751630783081055,0,0.888155460357666,0.1118445396423339,True
1153,5.765,-0.0061755846,0.017245108,0.02133728,0.0085706385,0,1152,5.76,5.751630783081055,0,0.888155460357666,0.1118445396423339,True
1154,5.77,0.0074919607,0.01943271,0.017400222,0.010735692,0,1152,5.76,5.751630783081055,0,0.888155460357666,0.1118445396423339,True
1155,5.775,0.00841474,0.007876383,0.00043544822,0.003508013,0,1152,5.76,5.751630783081055,0,0.888155460357666,0.1118445396423339,True
1156,5.78,-0.003211861,-0.011152401,-0.02211224,-0.0079116225,0,1156,5.78,5.795457601547241,0,0.890765905380249,0.1092340946197509,True
1157,5.785,-0.019130792,-0.028703613,-0.040424127,-0.017928006,0,1156,5.78,5.795457601547241,0,0.890765905380249,0.1092340946197509,True
1158,5.79,-0.030983068,-0.038643055,-0.048263192,-0.023421701,0,1156,5.78,5.795457601547241,0,0.890765905380249,0.1092340946197509,True
1159,5.795,-0.036771864,-0.04040472,-0.046025198,-0.024523564,0,1156,5.78,5.795457601547241,0,0.890765905380249,0.1092340946197509,True
1160,5.8,-0.039941512,-0.03760154,-0.03891694,-0.023229212,0,1160,5.8,5.810456991195679,0,0.8906090259552002,0.109390988945961,True
1161,5.805,-0.042888988,-0.033987124,-0.03193865,-0.021029845,0,1160,5.8,5.810456991195679,0,0.8906090259552002,0.109390988945961,True
1162,5.81,-0.04224663,-0.029880632,-0.025664514,-0.017187847,0,1160,5.8,5.810456991195679,0,0.8906090259552002,0.109390988945961,True
1163,5.815,-0.031044649,-0.021670528,-0.0160946,-0.00883159,0,1160,5.8,5.810456991195679,0,0.8906090259552002,0.109390988945961,True
1164,5.82,-0.005457707,-0.0047029075,0.0014883754,0.0071095685,0,1164,5.82,5.825852394104004,0,0.8891350626945496,0.1108649522066116,True
1165,5.825,0.030800102,0.022667352,0.02800163,0.0313079,0,1164,5.82,5.825852394104004,0,0.8891350626945496,0.1108649522066116,True
1166,5.83,0.068468995,0.056783166,0.058976553,0.060366232,0,1164,5.82,5.825852394104004,0,0.8891350626945496,0.1108649522066116,True
1167,5.835,0.09830047,0.08943331,0.08656525,0.08704858,0,1164,5.82,5.825852394104004,0,0.8891350626945496,0.1108649522066116,True
1168,5.84,0.114321366,0.11071105,0.10283537,0.102356434,0,1168,5.84,5.844030857086182,0,0.8896264433860779,0.1103735119104385,True
1169,5.845,0.11278834,0.112277426,0.10198147,0.09863828,0,1168,5.84,5.844030857086182,0,0.8896264433860779,0.1103735119104385,True
1170,5.85,0.09048495,0.09003479,0.08127774,0.07259461,0,1168,5.84,5.844030857086182,0,0.8896264433860779,0.1103735119104385,True
1171,5.855,0.046614025,0.04593916,0.042000808,0.027073452,0,1168,5.84,5.844030857086182,0,0.8896264433860779,0.1103735119104385,True
1172,5.86,-0.012560227,-0.01142805,-0.009387358,-0.029008072,0,1172,5.86,5.8772172927856445,0,0.8697191476821899,0.1302808821201324,True
1173,5.865,-0.07187519,-0.06827226,-0.061257124,-0.08261467,0,1172,5.86,5.8772172927856445,0,0.8697191476821899,0.1302808821201324,True
1174,5.87,-0.112466715,-0.10944802,-0.09969717,-0.120029636,0,1172,5.86,5.8772172927856445,0,0.8697191476821899,0.1302808821201324,True
1175,5.875,-0.121821836,-0.12407134,-0.11404595,-0.13128386,0,1172,5.86,5.8772172927856445,0,0.8697191476821899,0.1302808821201324,True
1176,5.88,-0.1013551,-0.110593505,-0.10234959,-0.11448471,0,1176,5.88,5.892467260360718,0,0.8830446600914001,0.116955392062664,True
1177,5.885,-0.06542855,-0.07816035,-0.07301898,-0.0777607,0,1176,5.88,5.892467260360718,0,0.8830446600914001,0.116955392062664,True
1178,5.89,-0.032363772,-0.04230242,-0.04066007,-0.03638416,0,1176,5.88,5.892467260360718,0,0.8830446600914001,0.116955392062664,True
1179,5.895,-0.013982407,-0.016523648,-0.017849425,-0.0051720464,0,1176,5.88,5.892467260360718,0,0.8830446600914001,0.116955392062664,True
1180,5.9,-0.010478725,-0.0048457524,-0.007953356,0.009714753,0,1180,5.9,5.901767492294312,0,0.876533031463623,0.1234669089317321,True
1181,5.905,-0.012594992,-0.00047837457,-0.004019537,0.013792716,0,1180,5.9,5.901767492294312,0,0.876533031463623,0.1234669089317321,True
1182,5.91,-0.008222297,0.00826527,0.0052506197,0.01943199,0,1180,5.9,5.901767492294312,0,0.876533031463623,0.1234669089317321,True
1183,5.915,0.010611142,0.028877469,0.026575854,0.03632377,0,1180,5.9,5.901767492294312,0,0.876533031463623,0.1234669089317321,True
1184,5.92,0.043067027,0.058757078,0.056612775,0.06406544,0,1184,5.92,5.927316665649414,0,0.8888043165206909,0.1111956983804702,True
1185,5.925,0.07897771,0.0866653,0.083920315,0.092213154,0,1184,5.92,5.927316665649414,0,0.8888043165206909,0.1111956983804702,True
1186,5.93,0.103698626,0.10050624,0.09693092,0.10758421,0,1184,5.92,5.927316665649414,0,0.8888043165206909,0.1111956983804702,True
1187,5.935,0.106700525,0.095591396,0.091803916,0.10309364,0,1184,5.92,5.927316665649414,0,0.8888043165206909,0.1111956983804702,True
1188,5.94,0.08812429,0.07676162,0.07379989,0.08128765,0,1188,5.94,5.948105573654175,0,0.8834028840065002,0.1165971308946609,True
1189,5.945,0.05738979,0.052529138,0.050987564,0.050233327,0,1188,5.94,5.948105573654175,0,0.8834028840065002,0.1165971308946609,True
1190,5.95,0.024502203,0.026655655,0.026109172,0.01609539,0,1188,5.94,5.948105573654175,0,0.8834028840065002,0.1165971308946609,True
1191,5.955,-0.00774423,-0.00442595,-0.0051733213,-0.020410543,0,1188,5.94,5.948105573654175,0,0.8834028840065002,0.1165971308946609,True
1192,5.96,-0.042763535,-0.045208316,-0.047115408,-0.060510587,0,1192,5.96,5.961456298828125,0,0.8562805652618408,0.1437194645404815,True
1193,5.965,-0.0815428,-0.091809824,-0.09449559,-0.10086332,0,1192,5.96,5.961456298828125,0,0.8562805652618408,0.1437194645404815,True
1194,5.97,-0.115880705,-0.12959413,-0.13100469,-0.13124742,0,1192,5.96,5.961456298828125,0,0.8562805652618408,0.1437194645404815,True
1195,5.975,-0.13129425,-0.1413113,-0.13860719,-0.13946867,0,1192,5.96,5.961456298828125,0,0.8562805652618408,0.1437194645404815,True
1196,5.98,-0.117437765,-0.11925748,-0.11056734,-0.11949132,0,1196,5.98,5.993329048156738,0,0.8879662156105042,0.1120337918400764,True
1197,5.985,-0.0764666,-0.07117757,-0.057253946,-0.07605852,0,1196,5.98,5.993329048156738,0,0.8879662156105042,0.1120337918400764,True
1198,5.99,-0.022256525,-0.015484781,-0.00025612637,-0.022584416,0,1196,5.98,5.993329048156738,0,0.8879662156105042,0.1120337918400764,True
1199,5.995,0.027891664,0.029685026,0.04025122,0.025524886,0,1196,5.98,5.993329048156738,0,0.8879662156105042,0.1120337918400764,True
1200,6.0,0.06182159,0.05540749,0.056005754,0.057662662,0,1200,6.0,6.010867357254028,0,0.8703840970993042,0.1296158730983734,True
1201,6.005,0.076025166,0.06399458,0.053156134,0.07170881,0,1200,6.0,6.010867357254028,0,0.8703840970993042,0.1296158730983734,True
1202,6.01,0.07419549,0.064664036,0.0464842,0.07350543,0,1200,6.0,6.010867357254028,0,0.8703840970993042,0.1296158730983734,True
1203,6.015,0.06382677,0.06651257,0.049256492,0.072475076,0,1200,6.0,6.010867357254028,0,0.8703840970993042,0.1296158730983734,True
1204,6.02,0.052832987,0.072759226,0.06449454,0.07525184,0,1204,6.02,6.02586817741394,0,0.8856750130653381,0.1143249869346618,True
1205,6.025,0.046492215,0.07916936,0.08293862,0.080937535,0,1204,6.02,6.02586817741394,0,0.8856750130653381,0.1143249869346618,True
1206,6.03,0.045231186,0.07749257,0.08939262,0.08161574,0,1204,6.02,6.02586817741394,0,0.8856750130653381,0.1143249869346618,True
1207,6.035,0.04462077,0.061659195,0.07341067,0.06842364,0,1204,6.02,6.02586817741394,0,0.8856750130653381,0.1143249869346618,True
1208,6.04,0.03808987,0.032200847,0.0365117,0.038732674,0,1208,6.04,6.042871236801148,0,0.8674529194831848,0.1325471252202987,True
1209,6.045,0.020652851,-0.0044941125,-0.009591162,-0.001536467,0,1208,6.04,6.042871236801148,0,0.8674529194831848,0.1325471252202987,True
1210,6.05,-0.008793394,-0.041021295,-0.051792897,-0.042339124,0,1208,6.04,6.042871236801148,0,0.8674529194831848,0.1325471252202987,True
1211,6.055,-0.047109243,-0.07300443,-0.083355315,-0.07621281,0,1208,6.04,6.042871236801148,0,0.8674529194831848,0.1325471252202987,True
1212,6.06,-0.08700597,-0.09843891,-0.10399134,-0.10075013,0,1212,6.06,6.072290658950806,0,0.8689128756523132,0.1310871392488479,True
1213,6.065,-0.117178544,-0.1138072,-0.11373561,-0.11517758,0,1212,6.06,6.072290658950806,0,0.8689128756523132,0.1310871392488479,True
1214,6.07,-0.12482536,-0.11263892,-0.108643375,-0.11617226,0,1212,6.06,6.072290658950806,0,0.8689128756523132,0.1310871392488479,True
1215,6.075,-0.10236452,-0.0899721,-0.084110506,-0.099011555,0,1212,6.06,6.072290658950806,0,0.8689128756523132,0.1310871392488479,True
1216,6.08,-0.054802112,-0.04906516,-0.042489447,-0.06366411,0,1216,6.08,6.088881254196167,0,0.8864597678184509,0.1135402396321296,True
1217,6.085,-4.5929755e-05,-0.002605189,0.0042241393,-0.018725334,0,1216,6.08,6.088881254196167,0,0.8864597678184509,0.1135402396321296,True
1218,6.09,0.041398294,0.03477325,0.041321017,0.022620564,0,1216,6.08,6.088881254196167,0,0.8864597678184509,0.1135402396321296,True
1219,6.095,0.06044914,0.05663689,0.06207443,0.05188768,0,1216,6.08,6.088881254196167,0,0.8864597678184509,0.1135402396321296,True
1220,6.1,0.06461704,0.06785244,0.071521,0.07072465,0,1220,6.1,6.107560873031616,0,0.8826330304145813,0.1173669695854187,True
1221,6.105,0.06870786,0.07742309,0.079236686,0.08664756,0,1220,6.1,6.107560873031616,0,0.8826330304145813,0.1173669695854187,True
1222,6.11,0.079345964,0.088019274,0.08818315,0.102983825,0,1220,6.1,6.107560873031616,0,0.8826330304145813,0.1173669695854187,True
1223,6.115,0.08812483,0.09238342,0.09070594,0.11301766,0,1220,6.1,6.107560873031616,0,0.8826330304145813,0.1173669695854187,True
1224,6.12,0.07994814,0.07992683,0.075659946,0.104450986,0,1224,6.12,6.13605546951294,0,0.8842989802360535,0.1157010421156883,True
1225,6.125,0.04819825,0.047104787,0.03984634,0.07043475,0,1224,6.12,6.13605546951294,0,0.8842989802360535,0.1157010421156883,True
1226,6.13,0.002031104,0.0020591507,-0.0069687283,0.01726621,0,1224,6.12,6.13605546951294,0,0.8842989802360535,0.1157010421156883,True
1227,6.135,-0.040483046,-0.040172867,-0.04796031,-0.03800829,0,1224,6.12,6.13605546951294,0,0.8842989802360535,0.1157010421156883,True
1228,6.14,-0.06576355,-0.06715444,-0.07062552,-0.07788316,0,1228,6.14,6.143951892852783,0,0.8195307850837708,0.1804691851139068,True
1229,6.145,-0.07204012,-0.07532603,-0.07380107,-0.094106756,0,1228,6.14,6.143951892852783,0,0.8195307850837708,0.1804691851139068,True
1230,6.15,-0.065828495,-0.06915863,-0.06518017,-0.08991446,0,1228,6.14,6.143951892852783,0,0.8195307850837708,0.1804691851139068,True
1231,6.155,-0.053827677,-0.055725813,-0.052993078,-0.07477212,0,1228,6.14,6.143951892852783,0,0.8195307850837708,0.1804691851139068,True
1232,6.16,-0.038964737,-0.040059123,-0.040062614,-0.057115823,0,1232,6.16,6.174844264984131,0,0.8875932097434998,0.1124067977070808,True
1233,6.165,-0.022352155,-0.024265243,-0.024939433,-0.040500686,0,1232,6.16,6.174844264984131,0,0.8875932097434998,0.1124067977070808,True
1234,6.17,-0.0060506,-0.0092319,-0.0073245475,-0.024432527,0,1232,6.16,6.174844264984131,0,0.8875932097434998,0.1124067977070808,True
1235,6.175,0.0076125497,0.0040151183,0.00892911,-0.0073839664,0,1232,6.16,6.174844264984131,0,0.8875932097434998,0.1124067977070808,True
1236,6.18,0.0185499,0.014727554,0.018702926,0.011090926,0,1236,6.18,6.193163871765137,0,0.8836730122566223,0.1163270324468612,True
1237,6.185,0.028931381,0.023522558,0.021134008,0.030178826,0,1236,6.18,6.193163871765137,0,0.8836730122566223,0.1163270324468612,True
1238,6.19,0.03985266,0.032111265,0.021353764,0.04838943,0,1236,6.18,6.193163871765137,0,0.8836730122566223,0.1163270324468612,True
1239,6.195,0.048368942,0.04105908,0.025742073,0.06338556,0,1236,6.18,6.193163871765137,0,0.8836730122566223,0.1163270324468612,True
1240,6.2,0.048528727,0.047404516,0.03488278,0.07117356,0,1240,6.2,6.208569526672363,0,0.8908113837242126,0.1091886237263679,True
1241,6.205,0.03577235,0.0450172,0.04139297,0.06645683,0,1240,6.2,6.208569526672363,0,0.8908113837242126,0.1091886237263679,True
1242,6.21,0.010777293,0.02871662,0.035592232,0.045516096,0,1240,6.2,6.208569526672363,0,0.8908113837242126,0.1091886237263679,True
1243,6.215,-0.020195788,-0.0004284104,0.014500777,0.010326582,0,1240,6.2,6.208569526672363,0,0.8908113837242126,0.1091886237263679,True
1244,6.22,-0.048010655,-0.033155404,-0.01384688,-0.029621325,0,1244,6.22,6.232919454574585,0,0.8755156397819519,0.1244843229651451,True
1245,6.225,-0.06406054,-0.055935245,-0.034956723,-0.060420435,0,1244,6.22,6.232919454574585,0,0.8755156397819519,0.1244843229651451,True
1246,6.23,-0.06288716,-0.05868999,-0.037939243,-0.070647635,0,1244,6.22,6.232919454574585,0,0.8755156397819519,0.1244843229651451,True
1247,6.235,-0.044012614,-0.040969532,-0.023181515,-0.05766858,0,1244,6.22,6.232919454574585,0,0.8755156397819519,0.1244843229651451,True
1248,6.24,-0.012812238,-0.012105691,-0.0017430101,-0.029009618,0,1248,6.24,6.247136354446411,0,0.8856601715087891,0.1143398135900497,True
1249,6.245,0.02078201,0.014815869,0.012891685,0.0022064638,0,1248,6.24,6.247136354446411,0,0.8856601715087891,0.1143398135900497,True
1250,6.25,0.04632528,0.030793522,0.014274281,0.024680998,0,1248,6.24,6.247136354446411,0,0.8856601715087891,0.1143398135900497,True
1251,6.255,0.057642955,0.03490927,0.0064714532,0.034190726,0,1248,6.24,6.247136354446411,0,0.8856601715087891,0.1143398135900497,True
1252,6.26,0.054845385,0.032001782,-0.0008005062,0.03334976,0,1252,6.26,6.260221242904663,0,0.8896918296813965,0.1103081926703453,True
1253,6.265,0.04216625,0.026762316,-0.00097571494,0.026934136,0,1252,6.26,6.260221242904663,0,0.8896918296813965,0.1103081926703453,True
1254,6.27,0.024138307,0.019835299,0.004189306,0.017431224,0,1252,6.26,6.260221242904663,0,0.8896918296813965,0.1103081926703453,True
1255,6.275,0.0039671226,0.009241621,0.0072919335,0.0049082013,0,1252,6.26,6.260221242904663,0,0.8896918296813965,0.1103081926703453,True
1256,6.28,-0.014971215,-0.004895709,0.0029941255,-0.009310389,0,1256,6.28,6.294759273529053,0,0.8893958330154419,0.1106041297316551,True
1257,6.285,-0.027562166,-0.017662589,-0.006470343,-0.019950852,0,1256,6.28,6.294759273529053,0,0.8893958330154419,0.1106041297316551,True
1258,6.29,-0.028777746,-0.022115229,-0.013076095,-0.020255702,0,1256,6.28,6.294759273529053,0,0.8893958330154419,0.1106041297316551,True
1259,6.295,-0.018401625,-0.0155266505,-0.010497377,-0.008374327,0,1256,6.28,6.294759273529053,0,0.8893958330154419,0.1106041297316551,True
1260,6.3,-0.003963109,-0.0033595744,-0.00058492384,0.0084614055,0,1260,6.3,6.308618545532227,0,0.8900183439254761,0.1099817007780075,True
1261,6.305,0.0024363545,0.0033949185,0.0071179536,0.017201392,0,1260,6.3,6.308618545532227,0,0.8900183439254761,0.1099817007780075,True
1262,6.31,-0.007507367,-0.0036800965,0.0029027497,0.0084017925,0,1260,6.3,6.308618545532227,0,0.8900183439254761,0.1099817007780075,True
1263,6.315,-0.030870194,-0.023016874,-0.014398861,-0.015565895,0,1260,6.3,6.308618545532227,0,0.8900183439254761,0.1099817007780075,True
1264,6.32,-0.05328825,-0.04247804,-0.03461657,-0.040629786,0,1264,6.32,6.316995859146118,0,0.8881398439407349,0.1118600964546203,True
1265,6.325,-0.05712016,-0.04671481,-0.042093586,-0.04998195,0,1264,6.32,6.316995859146118,0,0.8881398439407349,0.1118600964546203,True
1266,6.33,-0.03311131,-0.02766635,-0.026523015,-0.035433955,0,1264,6.32,6.316995859146118,0,0.8881398439407349,0.1118600964546203,True
1267,6.335,0.011954375,0.008940539,0.008662415,-0.003124648,0,1264,6.32,6.316995859146118,0,0.8881398439407349,0.1118600964546203,True
1268,6.34,0.05720302,0.045712035,0.046511125,0.030126112,0,1268,6.34,6.331995487213135,0,0.8902887105941772,0.1097112670540809,True
1269,6.345,0.07931615,0.0635448,0.06617332,0.047246058,0,1268,6.34,6.331995487213135,0,0.8902887105941772,0.1097112670540809,True
1270,6.35,0.067204975,0.05347875,0.056295346,0.04141284,0,1268,6.34,6.331995487213135,0,0.8902887105941772,0.1097112670540809,True
1271,6.355,0.029411223,0.022581168,0.023067659,0.019844698,0,1268,6.34,6.331995487213135,0,0.8902887105941772,0.1097112670540809,True
1272,6.36,-0.011987305,-0.010694157,-0.013510089,-0.0017816541,0,1272,6.36,6.366291761398315,0,0.8832213878631592,0.116778627038002,True
1273,6.365,-0.036625404,-0.02879842,-0.033208556,-0.010456016,0,1272,6.36,6.366291761398315,0,0.8832213878631592,0.116778627038002,True
1274,6.37,-0.037927296,-0.025956322,-0.028943863,-0.0042168847,0,1272,6.36,6.366291761398315,0,0.8832213878631592,0.116778627038002,True
1275,6.375,-0.022873847,-0.009500333,-0.009588858,0.008545512,0,1272,6.36,6.366291761398315,0,0.8832213878631592,0.116778627038002,True
1276,6.38,-0.002206467,0.008280001,0.009255803,0.017535763,0,1276,6.38,6.393583297729492,0,0.888700008392334,0.1113000586628913,True
1277,6.385,0.017909346,0.019716803,0.017686782,0.01877592,0,1276,6.38,6.393583297729492,0,0.888700008392334,0.1113000586628913,True
1278,6.39,0.03552981,0.0245855,0.016422201,0.015523713,0,1276,6.38,6.393583297729492,0,0.888700008392334,0.1113000586628913,True
1279,6.395,0.047318943,0.025474828,0.011677144,0.012315368,0,1276,6.38,6.393583297729492,0,0.888700008392334,0.1113000586628913,True
1280,6.4,0.04633632,0.022148762,0.006954812,0.009031214,0,1280,6.4,6.407881736755371,0,0.8897877335548401,0.1102123260498046,True
1281,6.405,0.026803518,0.011190196,0.00022150775,0.0010791476,0,1280,6.4,6.407881736755371,0,0.8897877335548401,0.1102123260498046,True
1282,6.41,-0.008976694,-0.009123312,-0.01188754,-0.01483391,0,1280,6.4,6.407881736755371,0,0.8897877335548401,0.1102123260498046,True
1283,6.415,-0.048772525,-0.034235116,-0.028334972,-0.035370868,0,1280,6.4,6.407881736755371,0,0.8897877335548401,0.1102123260498046,True
1284,6.42,-0.07591306,-0.05397098,-0.042446256,-0.051005024,0,1284,6.42,6.423244476318359,0,0.8865309953689575,0.1134690344333648,True
1285,6.425,-0.078181535,-0.05824389,-0.045997463,-0.052060273,0,1284,6.42,6.423244476318359,0,0.8865309953689575,0.1134690344333648,True
1286,6.43,-0.05432542,-0.04339058,-0.034781072,-0.035491426,0,1284,6.42,6.423244476318359,0,0.8865309953689575,0.1134690344333648,True
1287,6.435,-0.014928427,-0.014898523,-0.011676736,-0.007553376,0,1284,6.42,6.423244476318359,0,0.8865309953689575,0.1134690344333648,True
1288,6.44,0.022221759,0.014695598,0.014042773,0.018969288,0,1288,6.44,6.4325110912323,0,0.8902243375778198,0.1097757071256637,True
1289,6.445,0.040250115,0.031497467,0.030565238,0.031072294,0,1288,6.44,6.4325110912323,0,0.8902243375778198,0.1097757071256637,True
1290,6.45,0.031805974,0.027354794,0.02948889,0.022395484,0,1288,6.44,6.4325110912323,0,0.8902243375778198,0.1097757071256637,True
1291,6.455,0.0040309355,0.005324938,0.011683473,-0.0023919672,0,1288,6.44,6.4325110912323,0,0.8902243375778198,0.1097757071256637,True
1292,6.46,-0.024267504,-0.020344479,-0.011044306,-0.02858597,0,1292,6.46,6.449795961380005,0,0.884581446647644,0.1154184937477111,True
1293,6.465,-0.03363978,-0.031777028,-0.021895053,-0.038952235,0,1292,6.46,6.449795961380005,0,0.884581446647644,0.1154184937477111,True
1294,6.47,-0.016903372,-0.019119613,-0.010535319,-0.024426403,0,1292,6.46,6.449795961380005,0,0.884581446647644,0.1154184937477111,True
1295,6.475,0.015996704,0.012153283,0.018313786,0.009359625,0,1292,6.46,6.449795961380005,0,0.884581446647644,0.1154184937477111,True
1296,6.48,0.04599019,0.044914857,0.04720477,0.04555236,0,1296,6.48,6.489585638046265,0,0.889341413974762,0.1106586307287216,True
1297,6.485,0.05947586,0.0627494,0.058503076,0.067625016,0,1296,6.48,6.489585638046265,0,0.889341413974762,0.1106586307287216,True
1298,6.49,0.05683257,0.06074911,0.046989467,0.06979667,0,1296,6.48,6.489585638046265,0,0.889341413974762,0.1106586307287216,True
1299,6.495,0.047851343,0.045948215,0.022012595,0.057958078,0,1296,6.48,6.489585638046265,0,0.889341413974762,0.1106586307287216,True
1300,6.5,0.039729543,0.028450102,-0.0017449402,0.041478947,0,1300,6.5,6.505958318710327,0,0.8885793089866638,0.1114207431674003,True
1301,6.505,0.02995529,0.012552424,-0.015780214,0.024383489,0,1300,6.5,6.505958318710327,0,0.8885793089866638,0.1114207431674003,True
1302,6.51,0.01061346,-0.004171945,-0.021609839,0.0040303553,0,1300,6.5,6.505958318710327,0,0.8885793089866638,0.1114207431674003,True
1303,6.515,-0.02094099,-0.024442814,-0.025184143,-0.022412883,0,1300,6.5,6.505958318710327,0,0.8885793089866638,0.1114207431674003,True
1304,6.52,-0.055724572,-0.04483972,-0.028677506,-0.05076582,0,1304,6.52,6.516361236572266,0,0.8846592307090759,0.1153407469391822,True
1305,6.525,-0.077186145,-0.0559656,-0.027792975,-0.069378436,0,1304,6.52,6.516361236572266,0,0.8846592307090759,0.1153407469391822,True
1306,6.53,-0.0727214,-0.04954614,-0.016910275,-0.06682295,0,1304,6.52,6.516361236572266,0,0.8846592307090759,0.1153407469391822,True
1307,6.535,-0.04394401,-0.026764313,0.0028218601,-0.042008646,0,1304,6.52,6.516361236572266,0,0.8846592307090759,0.1153407469391822,True
1308,6.54,-0.007771261,-0.0005336617,0.020298554,-0.008216695,0,1308,6.54,6.543711423873901,0,0.8897997736930847,0.1102002337574958,True
1309,6.545,0.013666995,0.011682782,0.02054211,0.013716168,0,1308,6.54,6.543711423873901,0,0.8897997736930847,0.1102002337574958,True
1310,6.55,0.008366076,0.00057441817,-0.0032937976,0.00965584,0,1308,6.54,6.543711423873901,0,0.8897997736930847,0.1102002337574958,True
1311,6.555,-0.016021885,-0.026397288,-0.041531414,-0.016440615,0,1308,6.54,6.543711423873901,0,0.8897997736930847,0.1102002337574958,True
1312,6.56,-0.036870673,-0.048550367,-0.07150169,-0.04376267,0,1312,6.56,6.579700946807861,0,0.8886353969573975,0.1113646477460861,True
1313,6.565,-0.033328403,-0.046572983,-0.07221786,-0.049109366,0,1312,6.56,6.579700946807861,0,0.8886353969573975,0.1113646477460861,True
1314,6.57,-0.002412642,-0.017209457,-0.03952531,-0.024105465,0,1312,6.56,6.579700946807861,0,0.8886353969573975,0.1113646477460861,True
1315,6.575,0.038655117,0.02400629,0.010434526,0.018466985,0,1312,6.56,6.579700946807861,0,0.8886353969573975,0.1113646477460861,True
1316,6.58,0.06560728,0.054403443,0.052518584,0.054422654,0,1316,6.58,6.585774421691895,0,0.8890231251716614,0.1109768897294998,True
1317,6.585,0.064559974,0.060582478,0.06966976,0.06599741,0,1316,6.58,6.585774421691895,0,0.8890231251716614,0.1109768897294998,True
1318,6.59,0.03997043,0.046328943,0.06242044,0.05329311,0,1316,6.58,6.585774421691895,0,0.8890231251716614,0.1109768897294998,True
1319,6.595,0.008718559,0.02662763,0.044359285,0.030886587,0,1316,6.58,6.585774421691895,0,0.8890231251716614,0.1109768897294998,True
1320,6.6,-0.012718313,0.014275269,0.02904759,0.014089366,0,1320,6.6,6.611617565155029,0,0.8866151571273804,0.1133848279714584,True
1321,6.605,-0.017629817,0.011021166,0.020321501,0.007623959,0,1320,6.6,6.611617565155029,0,0.8866151571273804,0.1133848279714584,True
1322,6.61,-0.009858619,0.009924673,0.01348956,0.0059024207,0,1320,6.6,6.611617565155029,0,0.8866151571273804,0.1133848279714584,True
1323,6.615,0.0019254464,0.0050119334,0.0041461657,0.002478712,0,1320,6.6,6.611617565155029,0,0.8866151571273804,0.1133848279714584,True
1324,6.62,0.010943102,-0.0019333372,-0.0054765744,-0.0021011964,0,1324,6.62,6.627792835235596,0,0.8843440413475037,0.1156559437513351,True
1325,6.625,0.015408331,-0.003982928,-0.009110572,-0.0019788048,0,1324,6.62,6.627792835235596,0,0.8843440413475037,0.1156559437513351,True
1326,6.63,0.016758405,0.0021674752,-0.0045548524,0.0055345236,0,1324,6.62,6.627792835235596,0,0.8843440413475037,0.1156559437513351,True
1327,6.635,0.015535578,0.01078265,0.0019953193,0.01454567,0,1324,6.62,6.627792835235596,0,0.8843440413475037,0.1156559437513351,True
1328,6.64,0.009333999,0.010999431,0.0004463736,0.0144472765,0,1328,6.64,6.642802238464356,0,0.8880972862243652,0.1119027212262153,True
1329,6.645,-0.0047727944,-0.0035674442,-0.014204967,-0.00075485004,0,1328,6.64,6.642802238464356,0,0.8880972862243652,0.1119027212262153,True
1330,6.65,-0.02561981,-0.028836489,-0.037193168,-0.026900873,0,1328,6.64,6.642802238464356,0,0.8880972862243652,0.1119027212262153,True
1331,6.655,-0.046247084,-0.05329105,-0.057693828,-0.0527536,0,1328,6.64,6.642802238464356,0,0.8880972862243652,0.1119027212262153,True
1332,6.66,-0.057699367,-0.06650076,-0.066706486,-0.067893736,0,1332,6.66,6.661780595779419,0,0.8843882083892822,0.1156118214130401,True
1333,6.665,-0.055322774,-0.0650187,-0.061700843,-0.06804733,0,1332,6.66,6.661780595779419,0,0.8843882083892822,0.1156118214130401,True
1334,6.67,-0.041689742,-0.05135792,-0.04502319,-0.054557968,0,1332,6.66,6.661780595779419,0,0.8843882083892822,0.1156118214130401,True
1335,6.675,-0.02339576,-0.029133767,-0.019677963,-0.030920507,0,1332,6.66,6.661780595779419,0,0.8843882083892822,0.1156118214130401,True
1336,6.68,-0.0051005804,-0.0006011731,0.011987956,-0.0010442607,0,1336,6.68,6.6948957443237305,0,0.8894959092140198,0.1105041429400444,True
1337,6.685,0.013012057,0.03100782,0.045485057,0.029600766,0,1336,6.68,6.6948957443237305,0,0.8894959092140198,0.1105041429400444,True
1338,6.69,0.031960495,0.05823591,0.071722366,0.053037252,0,1336,6.68,6.6948957443237305,0,0.8894959092140198,0.1105041429400444,True
1339,6.695,0.04912722,0.071003236,0.08007563,0.06144519,0,1336,6.68,6.6948957443237305,0,0.8894959092140198,0.1105041429400444,True
1340,6.7,0.058226943,0.06382833,0.06647813,0.052842766,0,1340,6.7,6.709310054779053,0,0.8909589052200317,0.1090411469340324,True
1341,6.705,0.055053245,0.04234415,0.039300907,0.03476667,0,1340,6.7,6.709310054779053,0,0.8909589052200317,0.1090411469340324,True
1342,6.71,0.042712804,0.021381347,0.015594343,0.020898169,0,1340,6.7,6.709310054779053,0,0.8909589052200317,0.1090411469340324,True
1343,6.715,0.029588358,0.013961812,0.008437298,0.021134775,0,1340,6.7,6.709310054779053,0,0.8909589052200317,0.1090411469340324,True
1344,6.72,0.021056293,0.019968351,0.015561234,0.032448668,0,1344,6.72,6.724571466445923,0,0.8824077844619751,0.1175922527909278,True
1345,6.725,0.013660453,0.025312647,0.020232582,0.0392799,0,1344,6.72,6.724571466445923,0,0.8824077844619751,0.1175922527909278,True
1346,6.73,-0.0011108624,0.0138507,0.0053110416,0.025342707,0,1344,6.72,6.724571466445923,0,0.8824077844619751,0.1175922527909278,True
1347,6.735,-0.02626256,-0.017516404,-0.030825099,-0.011536691,0,1344,6.72,6.724571466445923,0,0.8824077844619751,0.1175922527909278,True
1348,6.74,-0.052660793,-0.053879682,-0.07045417,-0.05425806,0,1348,6.74,6.744372606277466,0,0.8824748992919922,0.1175250709056854,True
1349,6.745,-0.0641235,-0.07255602,-0.088814504,-0.076937154,0,1348,6.74,6.744372606277466,0,0.8824748992919922,0.1175250709056854,True
1350,6.75,-0.050835494,-0.060617916,-0.07286736,-0.0640718,0,1348,6.74,6.744372606277466,0,0.8824748992919922,0.1175250709056854,True
1351,6.755,-0.019284172,-0.025594473,-0.031496666,-0.023386743,0,1348,6.74,6.744372606277466,0,0.8824748992919922,0.1175250709056854,True
1352,6.76,0.010623454,0.009274783,0.01070949,0.018347863,0,1352,6.76,6.76805853843689,0,0.8896243572235107,0.110375627875328,True
1353,6.765,0.0196842,0.02164556,0.030868547,0.033853423,0,1352,6.76,6.76805853843689,0,0.8896243572235107,0.110375627875328,True
1354,6.77,0.0036108296,0.0058773267,0.02291381,0.014188947,0,1352,6.76,6.76805853843689,0,0.8896243572235107,0.110375627875328,True
1355,6.775,-0.02399046,-0.023771642,-0.00047975063,-0.026135394,0,1352,6.76,6.76805853843689,0,0.8896243572235107,0.110375627875328,True
1356,6.78,-0.04205274,-0.044465512,-0.019231187,-0.060658164,0,1356,6.78,6.781996488571167,0,0.8893336057662964,0.1106664538383483,True
1357,6.785,-0.03729612,-0.041303556,-0.020446418,-0.069155425,0,1356,6.78,6.781996488571167,0,0.8893336057662964,0.1106664538383483,True
1358,6.79,-0.0123135215,-0.016236456,-0.005051419,-0.048702095,0,1356,6.78,6.781996488571167,0,0.8893336057662964,0.1106664538383483,True
1359,6.795,0.018772686,0.016299864,0.016714256,-0.011236834,0,1356,6.78,6.781996488571167,0,0.8893336057662964,0.1106664538383483,True
1360,6.8,0.041829165,0.041552857,0.034717478,0.027436573,0,1360,6.8,6.809488534927368,0,0.8897321224212646,0.1102678328752517,True
1361,6.805,0.051323224,0.053658713,0.04471547,0.05706257,0,1360,6.8,6.809488534927368,0,0.8897321224212646,0.1102678328752517,True
1362,6.81,0.05032246,0.05558625,0.047446717,0.074684024,0,1360,6.8,6.809488534927368,0,0.8897321224212646,0.1102678328752517,True
1363,6.815,0.04437495,0.052425813,0.04455721,0.08061529,0,1360,6.8,6.809488534927368,0,0.8897321224212646,0.1102678328752517,True
1364,6.82,0.035930667,0.045573715,0.03633845,0.07472089,0,1364,6.82,6.82746434211731,0,0.8874985575675964,0.1125014945864677,True
1365,6.825,0.023696944,0.032887854,0.022774363,0.056786675,0,1364,6.82,6.82746434211731,0,0.8874985575675964,0.1125014945864677,True
1366,6.83,0.006304388,0.013454666,0.005635992,0.029500041,0,1364,6.82,6.82746434211731,0,0.8874985575675964,0.1125014945864677,True
1367,6.835,-0.013642462,-0.008667679,-0.0112596,-0.0002799281,0,1364,6.82,6.82746434211731,0,0.8874985575675964,0.1125014945864677,True
1368,6.84,-0.029057479,-0.026012296,-0.02427077,-0.024358075,0,1368,6.84,6.844943523406982,0,0.8727561831474304,0.1272438019514084,True
1369,6.845,-0.032635484,-0.033466887,-0.03261316,-0.038138185,0,1368,6.84,6.844943523406982,0,0.8727561831474304,0.1272438019514084,True
1370,6.85,-0.023168655,-0.03278189,-0.03872206,-0.043204915,0,1368,6.84,6.844943523406982,0,0.8727561831474304,0.1272438019514084,True
1371,6.855,-0.008556868,-0.031212442,-0.045447104,-0.045051903,0,1368,6.84,6.844943523406982,0,0.8727561831474304,0.1272438019514084,True
1372,6.86,-0.0016550466,-0.035063345,-0.05235776,-0.04793471,0,1372,6.86,6.861710071563721,0,0.8882200717926025,0.111779972910881,True
1373,6.865,-0.010759713,-0.043728206,-0.054741364,-0.05138875,0,1372,6.86,6.861710071563721,0,0.8882200717926025,0.111779972910881,True
1374,6.87,-0.031917192,-0.049435455,-0.04663806,-0.05106342,0,1372,6.86,6.861710071563721,0,0.8882200717926025,0.111779972910881,True
1375,6.875,-0.049994417,-0.042863466,-0.025451295,-0.042362276,0,1372,6.86,6.861710071563721,0,0.8882200717926025,0.111779972910881,True
1376,6.88,-0.048911132,-0.020072853,0.005689383,-0.023478677,0,1376,6.88,6.883316993713379,0,0.8906874060630798,0.1093125641345977,True
1377,6.885,-0.023762032,0.01416105,0.039198067,0.0036770203,0,1376,6.88,6.883316993713379,0,0.8906874060630798,0.1093125641345977,True
1378,6.89,0.0146994805,0.048306488,0.06614872,0.03364031,0,1376,6.88,6.883316993713379,0,0.8906874060630798,0.1093125641345977,True
1379,6.895,0.04722564,0.06969337,0.07905219,0.057943847,0,1376,6.88,6.883316993713379,0,0.8906874060630798,0.1093125641345977,True
1380,6.9,0.059557084,0.0707164,0.07394856,0.06737042,0,1380,6.9,6.909845352172852,0,0.8888017535209656,0.1111982390284538,True
1381,6.905,0.051406655,0.052546743,0.052209754,0.05681876,0,1380,6.9,6.909845352172852,0,0.8888017535209656,0.1111982390284538,True
1382,6.91,0.033788946,0.024216121,0.021020863,0.030051652,0,1380,6.9,6.909845352172852,0,0.8888017535209656,0.1111982390284538,True
1383,6.915,0.017832756,-0.0027411473,-0.00925952,-0.0006517481,0,1380,6.9,6.909845352172852,0,0.8888017535209656,0.1111982390284538,True
1384,6.92,0.0058203116,-0.020751137,-0.030351419,-0.021481454,0,1384,6.92,6.928472280502319,0,0.8781893849372864,0.121810644865036,True
1385,6.925,-0.007435784,-0.029121256,-0.04013292,-0.025727857,0,1384,6.92,6.928472280502319,0,0.8781893849372864,0.121810644865036,True
1386,6.93,-0.025287133,-0.031484433,-0.041961916,-0.016830135,0,1384,6.92,6.928472280502319,0,0.8781893849372864,0.121810644865036,True
1387,6.935,-0.042311516,-0.030744888,-0.040062066,-0.0038261213,0,1384,6.92,6.928472280502319,0,0.8781893849372864,0.121810644865036,True
1388,6.94,-0.047312062,-0.026649185,-0.035688695,0.005731518,0,1388,6.94,6.942230224609375,0,0.8855555057525635,0.1144444644451141,True
1389,6.945,-0.033403672,-0.017855683,-0.027533973,0.009169075,0,1388,6.94,6.942230224609375,0,0.8855555057525635,0.1144444644451141,True
1390,6.95,-0.0050061108,-0.005200791,-0.014874382,0.007426096,0,1388,6.94,6.942230224609375,0,0.8855555057525635,0.1144444644451141,True
1391,6.955,0.025162956,0.008133573,0.00069155585,0.0028156738,0,1388,6.94,6.942230224609375,0,0.8855555057525635,0.1144444644451141,True
1392,6.96,0.045637626,0.019401742,0.016404806,-0.0016945403,0,1392,6.96,6.9520957469940186,0,0.8895719051361084,0.1104280427098274,True
1393,6.965,0.05243431,0.027710205,0.029787926,-0.0032151032,0,1392,6.96,6.9520957469940186,0,0.8895719051361084,0.1104280427098274,True
1394,6.97,0.046623692,0.031648323,0.037884034,-0.0015328508,0,1392,6.96,6.9520957469940186,0,0.8895719051361084,0.1104280427098274,True
1395,6.975,0.02830232,0.026687017,0.036039006,-0.0012794799,0,1392,6.96,6.9520957469940186,0,0.8895719051361084,0.1104280427098274,True
1396,6.98,-0.0037723605,0.007890745,0.020176109,-0.009173183,0,1396,6.98,6.986949443817139,0,0.8902214169502258,0.1097785830497741,True
1397,6.985,-0.045069005,-0.022505818,-0.007407793,-0.02644022,0,1396,6.98,6.986949443817139,0,0.8902214169502258,0.1097785830497741,True
1398,6.99,-0.079786666,-0.050865624,-0.034748897,-0.043694165,0,1396,6.98,6.986949443817139,0,0.8902214169502258,0.1097785830497741,True
1399,6.995,-0.0871614,-0.058894876,-0.04559292,-0.04587807,0,1396,6.98,6.986949443817139,0,0.8902214169502258,0.1097785830497741,True
1400,7.0,-0.05791899,-0.03840665,-0.031616494,-0.025461763,0,1400,7.0,7.002708196640015,0,0.8879339098930359,0.1120660975575447,True
1401,7.005,-0.0062040123,-0.0009301944,-0.0011171618,0.008089878,0,1400,7.0,7.002708196640015,0,0.8879339098930359,0.1120660975575447,True
1402,7.01,0.036992304,0.028827531,0.025360677,0.03344897,0,1400,7.0,7.002708196640015,0,0.8879339098930359,0.1120660975575447,True
1403,7.015,0.046750113,0.032236584,0.03072888,0.03464856,0,1400,7.0,7.002708196640015,0,0.8879339098930359,0.1120660975575447,True
1404,7.02,0.024631271,0.012332419,0.015346316,0.015222832,0,1404,7.02,7.02241063117981,0,0.8899573683738708,0.1100426390767097,True
1405,7.025,-0.002234816,-0.008558618,-0.00338685,-0.004195892,0,1404,7.02,7.02241063117981,0,0.8899573683738708,0.1100426390767097,True
1406,7.03,-0.0038618902,-0.007529674,-0.005952179,-0.0031130647,0,1404,7.02,7.02241063117981,0,0.8899573683738708,0.1100426390767097,True
1407,7.035,0.02731371,0.019996602,0.012702958,0.021987213,0,1404,7.02,7.02241063117981,0,0.8899573683738708,0.1100426390767097,True
1408,7.04,0.07004259,0.05675026,0.03891722,0.05519621,0,1408,7.04,7.044012784957886,0,0.8885160684585571,0.1114839985966682,True
1409,7.045,0.09126402,0.07703494,0.051213715,0.07359689,0,1408,7.04,7.044012784957886,0,0.8885160684585571,0.1114839985966682,True
1410,7.05,0.07136083,0.06503029,0.03661849,0.063137084,0,1408,7.04,7.044012784957886,0,0.8885160684585571,0.1114839985966682,True
1411,7.055,0.017614344,0.02424921,-0.00033809853,0.026338369,0,1408,7.04,7.044012784957886,0,0.8885160684585571,0.1114839985966682,True
1412,7.06,-0.04238399,-0.026443563,-0.04129326,-0.021096429,0,1412,7.06,7.078423976898193,0,0.8807501792907715,0.1192498654127121,True
1413,7.065,-0.07969333,-0.064832285,-0.06595547,-0.05981021,0,1412,7.06,7.078423976898193,0,0.8807501792907715,0.1192498654127121,True
1414,7.07,-0.08084245,-0.07673596,-0.06349167,-0.07596082,0,1412,7.06,7.078423976898193,0,0.8807501792907715,0.1192498654127121,True
1415,7.075,-0.052773725,-0.061365657,-0.037170984,-0.06637827,0,1412,7.06,7.078423976898193,0,0.8807501792907715,0.1192498654127121,True
1416,7.08,-0.01570896,-0.029899767,-0.0013264272,-0.038831558,0,1416,7.08,7.0926008224487305,0,0.8885837197303772,0.1114163026213646,True
1417,7.085,0.009597613,0.00074635755,0.026431074,-0.007868989,0,1416,7.08,7.0926008224487305,0,0.8885837197303772,0.1114163026213646,True
1418,7.09,0.012518509,0.015984228,0.03356196,0.01209411,0,1416,7.08,7.0926008224487305,0,0.8885837197303772,0.1114163026213646,True
1419,7.095,-0.0038817697,0.010086522,0.017890666,0.013329185,0,1416,7.08,7.0926008224487305,0,0.8885837197303772,0.1114163026213646,True
1420,7.1,-0.026967417,-0.011693179,-0.012131967,-0.0022173587,0,1420,7.1,7.102939605712891,0,0.8887262344360352,0.1112737357616424,True
1421,7.105,-0.04270099,-0.036240045,-0.04181978,-0.024585815,0,1420,7.1,7.102939605712891,0,0.8887262344360352,0.1112737357616424,True
1422,7.11,-0.04243484,-0.04900842,-0.056812298,-0.04056088,0,1420,7.1,7.102939605712891,0,0.8887262344360352,0.1112737357616424,True
1423,7.115,-0.025039954,-0.040492203,-0.0487664,-0.039169736,0,1420,7.1,7.102939605712891,0,0.8887262344360352,0.1112737357616424,True
1424,7.12,0.0045937663,-0.010303862,-0.018315272,-0.016467026,0,1424,7.12,7.127518653869629,0,0.8885014653205872,0.1114985197782516,True
1425,7.125,0.037568185,0.032095388,0.025055053,0.021498287,0,1424,7.12,7.127518653869629,0,0.8885014653205872,0.1114985197782516,True
1426,7.13,0.06261257,0.07041325,0.06598605,0.059539314,0,1424,7.12,7.127518653869629,0,0.8885014653205872,0.1114985197782516,True
1427,7.135,0.06943608,0.088253975,0.08876508,0.07971766,0,1424,7.12,7.127518653869629,0,0.8885014653205872,0.1114985197782516,True
1428,7.14,0.05455336,0.07750061,0.084108755,0.07139058,0,1428,7.14,7.143577337265015,0,0.8893280029296875,0.1106719523668289,True
1429,7.145,0.025506735,0.043607153,0.054199856,0.038614336,0,1428,7.14,7.143577337265015,0,0.8893280029296875,0.1106719523668289,True
1430,7.15,-0.002100936,0.0033157023,0.012488239,-0.0013540344,0,1428,7.14,7.143577337265015,0,0.8893280029296875,0.1106719523668289,True
1431,7.155,-0.014593361,-0.024800198,-0.022760425,-0.028435783,0,1428,7.14,7.143577337265015,0,0.8893280029296875,0.1106719523668289,True
1432,7.16,-0.0094387,-0.03075613,-0.037939325,-0.031662982,0,1432,7.16,7.178146362304688,0,0.8571119904518127,0.1428880244493484,True
1433,7.165,0.004461806,-0.017406026,-0.030853229,-0.014176186,0,1432,7.16,7.178146362304688,0,0.8571119904518127,0.1428880244493484,True
1434,7.17,0.015265664,0.0034461427,-0.010679448,0.011071594,0,1432,7.16,7.178146362304688,0,0.8571119904518127,0.1428880244493484,True
1435,7.175,0.017084299,0.0188825,0.008284403,0.030064102,0,1432,7.16,7.178146362304688,0,0.8571119904518127,0.1428880244493484,True
1436,7.18,0.011637394,0.021025484,0.014719917,0.034411035,0,1436,7.18,7.192463636398315,0,0.8884657025337219,0.111534334719181,True
1437,7.185,0.003326575,0.009208846,0.0056229588,0.02336461,0,1436,7.18,7.192463636398315,0,0.8884657025337219,0.111534334719181,True
1438,7.19,-0.005454504,-0.010832754,-0.013238275,0.0025723933,0,1436,7.18,7.192463636398315,0,0.8884657025337219,0.111534334719181,True
1439,7.195,-0.014327125,-0.029684441,-0.031253774,-0.018765096,0,1436,7.18,7.192463636398315,0,0.8884657025337219,0.111534334719181,True
1440,7.2,-0.022587677,-0.038932726,-0.039309993,-0.03225678,0,1440,7.2,7.2028679847717285,0,0.8902810215950012,0.1097190082073211,True
1441,7.205,-0.029168384,-0.036590092,-0.035439946,-0.035435293,0,1440,7.2,7.2028679847717285,0,0.8902810215950012,0.1097190082073211,True
1442,7.21,-0.0349652,-0.02918737,-0.026004173,-0.033982527,0,1440,7.2,7.2028679847717285,0,0.8902810215950012,0.1097190082073211,True
1443,7.215,-0.04295566,-0.026942959,-0.020442026,-0.037315767,0,1440,7.2,7.2028679847717285,0,0.8902810215950012,0.1097190082073211,True
1444,7.22,-0.053819004,-0.034373417,-0.022739898,-0.049353015,0,1444,7.22,7.228038311004639,0,0.8904039859771729,0.1095960512757301,True
1445,7.225,-0.061672036,-0.044781342,-0.027141992,-0.062719874,0,1444,7.22,7.228038311004639,0,0.8904039859771729,0.1095960512757301,True
1446,7.23,-0.056749687,-0.045326907,-0.023374014,-0.063589126,0,1444,7.22,7.228038311004639,0,0.8904039859771729,0.1095960512757301,True
1447,7.235,-0.034837615,-0.029345589,-0.0076499274,-0.044365175,0,1444,7.22,7.228038311004639,0,0.8904039859771729,0.1095960512757301,True
1448,7.24,-0.0040455963,-0.0038918743,0.011600833,-0.012112822,0,1448,7.24,7.250159025192261,0,0.8878483772277832,0.1121516749262809,True
1449,7.245,0.020317864,0.016423173,0.020893347,0.016885376,1,1448,7.24,7.250159025192261,0,0.8878483772277832,0.1121516749262809,False
1450,7.25,0.030189773,0.02454333,0.016368056,0.032405425,1,1448,7.24,7.250159025192261,0,0.8878483772277832,0.1121516749262809,False
1451,7.255,0.03422476,0.029576482,0.010914189,0.040219147,1,1448,7.24,7.250159025192261,0,0.8878483772277832,0.1121516749262809,False
1452,7.26,0.050506998,0.048270237,0.023997992,0.05563251,1,1452,7.26,7.252173900604248,0,0.8858906030654907,0.1141093522310257,False
1453,7.265,0.087243624,0.08600572,0.06167665,0.08605277,1,1452,7.26,7.252173900604248,0,0.8858906030654907,0.1141093522310257,False
1454,7.27,0.1300439,0.12623882,0.1061348,0.12001982,1,1452,7.26,7.252173900604248,0,0.8858906030654907,0.1141093522310257,False
1455,7.275,0.14972307,0.14058106,0.12677708,0.1344484,1,1452,7.26,7.252173900604248,0,0.8858906030654907,0.1141093522310257,False
1456,7.28,0.124888964,0.11156738,0.104250155,0.11371779,1,1456,7.28,7.285273313522339,0,0.8900129795074463,0.1099870428442955,False
1457,7.285,0.059116494,0.047216874,0.045684893,0.062498298,1,1456,7.28,7.285273313522339,0,0.8900129795074463,0.1099870428442955,False
1458,7.29,-0.02188794,-0.025601424,-0.022179218,0.0009137591,1,1456,7.28,7.285273313522339,0,0.8900129795074463,0.1099870428442955,False
1459,7.295,-0.08879308,-0.081622034,-0.07416681,-0.05181112,1,1456,7.28,7.285273313522339,0,0.8900129795074463,0.1099870428442955,False
1460,7.3,-0.12589437,-0.11233096,-0.10218351,-0.08914999,1,1460,7.3,7.307088136672974,0,0.8675431609153748,0.1324568092823028,False
1461,7.305,-0.1346828,-0.12427561,-0.113191396,-0.11517281,1,1460,7.3,7.307088136672974,0,0.8675431609153748,0.1324568092823028,False
1462,7.31,-0.12522028,-0.12604526,-0.115635954,-0.13365413,1,1460,7.3,7.307088136672974,0,0.8675431609153748,0.1324568092823028,False
1463,7.315,-0.10560431,-0.11820658,-0.10933084,-0.14052595,1,1460,7.3,7.307088136672974,0,0.8675431609153748,0.1324568092823028,False
1464,7.32,-0.07782578,-0.09456856,-0.08727791,-0.1263651,1,1464,7.32,7.322232484817505,0,0.8854568004608154,0.1145431622862815,False
1465,7.325,-0.040987965,-0.051313862,-0.04536229,-0.08550606,1,1464,7.32,7.322232484817505,0,0.8854568004608154,0.1145431622862815,False
1466,7.33,0.002614113,0.005457902,0.010106439,-0.023451326,1,1464,7.32,7.322232484817505,0,0.8854568004608154,0.1145431622862815,False
1467,7.335,0.044226065,0.060183227,0.06333958,0.043152526,1,1464,7.32,7.322232484817505,0,0.8854568004608154,0.1145431622862815,False
1468,7.34,0.07152335,0.09566346,0.097292006,0.09386297,1,1468,7.34,7.342239618301392,0,0.8696377277374268,0.130362257361412,False
1469,7.345,0.07630753,0.10255807,0.10299678,0.11447273,1,1468,7.34,7.342239618301392,0,0.8696377277374268,0.130362257361412,False
1470,7.35,0.061059568,0.084143154,0.0837594,0.10370686,1,1468,7.34,7.342239618301392,0,0.8696377277374268,0.130362257361412,False
1471,7.355,0.03816194,0.053292155,0.0518008,0.07257298,1,1468,7.34,7.342239618301392,0,0.8696377277374268,0.130362257361412,False
1472,7.36,0.021379614,0.023970382,0.020162629,0.036939915,1,1472,7.36,7.360718727111816,0,0.874616265296936,0.1253837496042251,False
1473,7.365,0.016252752,0.0033706117,-0.0041734036,0.008473351,1,1472,7.36,7.360718727111816,0,0.874616265296936,0.1253837496042251,False
1474,7.37,0.01731492,-0.0098797325,-0.021377698,-0.009910737,1,1472,7.36,7.360718727111816,0,0.874616265296936,0.1253837496042251,False
1475,7.375,0.014098349,-0.020903662,-0.034342255,-0.021571126,1,1472,7.36,7.360718727111816,0,0.874616265296936,0.1253837496042251,False
1476,7.38,0.0005863158,-0.03177849,-0.043306276,-0.029712314,1,1476,7.38,7.392186164855957,0,0.8691517114639282,0.1308483183383941,False
1477,7.385,-0.019434292,-0.038677633,-0.044489276,-0.033042595,1,1476,7.38,7.392186164855957,0,0.8691517114639282,0.1308483183383941,False
1478,7.39,-0.034891535,-0.035363454,-0.033971284,-0.027440175,1,1476,7.38,7.392186164855957,0,0.8691517114639282,0.1308483183383941,False
1479,7.395,-0.035636514,-0.019911269,-0.013214209,-0.01189546,1,1476,7.38,7.392186164855957,0,0.8691517114639282,0.1308483183383941,False
1480,7.4,-0.020182429,0.0015806283,0.009357933,0.007426285,1,1480,7.4,7.409643888473511,0,0.8875436186790466,0.1124563515186309,False
1481,7.405,0.002878333,0.01828106,0.02320355,0.019934986,1,1480,7.4,7.409643888473511,0,0.8875436186790466,0.1124563515186309,False
1482,7.41,0.020994589,0.022618614,0.023372557,0.018621841,1,1480,7.4,7.409643888473511,0,0.8875436186790466,0.1124563515186309,False
1483,7.415,0.026540337,0.016004458,0.014254485,0.0061080833,1,1480,7.4,7.409643888473511,0,0.8875436186790466,0.1124563515186309,False
1484,7.42,0.02135939,0.007192448,0.0058893864,-0.007104762,1,1484,7.42,7.424697399139404,0,0.8886082768440247,0.1113917380571365,False
1485,7.425,0.013676995,0.0050349697,0.006245667,-0.0106517095,1,1484,7.42,7.424697399139404,0,0.8886082768440247,0.1113917380571365,False
1486,7.43,0.010563466,0.012068139,0.016002363,-0.0015489915,1,1484,7.42,7.424697399139404,0,0.8886082768440247,0.1113917380571365,False
1487,7.435,0.012205585,0.023365146,0.028914215,0.014486689,1,1484,7.42,7.424697399139404,0,0.8886082768440247,0.1113917380571365,False
1488,7.44,0.011888427,0.029862441,0.035727367,0.026885549,1,1488,7.44,7.4521870613098145,0,0.8888630867004395,0.1111368909478187,False
1489,7.445,0.0011697827,0.023130728,0.028612116,0.025680596,1,1488,7.44,7.4521870613098145,0,0.8888630867004395,0.1111368909478187,False
1490,7.45,-0.023081187,3.0153544e-05,0.0052311546,0.0066293054,1,1488,7.44,7.4521870613098145,0,0.8888630867004395,0.1111368909478187,False
1491,7.455,-0.05391758,-0.033635367,-0.02814106,-0.024852647,1,1488,7.44,7.4521870613098145,0,0.8888630867004395,0.1111368909478187,False
1492,7.46,-0.07551243,-0.06317782,-0.057225145,-0.05366785,1,1492,7.46,7.477548599243164,0,0.882699728012085,0.1173002943396568,False
1493,7.465,-0.07149918,-0.071674146,-0.06660508,-0.062107515,1,1492,7.46,7.477548599243164,0,0.882699728012085,0.1173002943396568,False
1494,7.47,-0.036635783,-0.051206183,-0.050158523,-0.04201847,1,1492,7.46,7.477548599243164,0,0.882699728012085,0.1173002943396568,False
1495,7.475,0.016362727,-0.0106280595,-0.017056044,-0.0031149294,1,1492,7.46,7.477548599243164,0,0.882699728012085,0.1173002943396568,False
1496,7.48,0.06169445,0.027963331,0.013034678,0.031392645,1,1496,7.48,7.492289781570435,0,0.8892030119895935,0.1107969209551811,False
1497,7.485,0.07590803,0.04342227,0.023247836,0.040776078,1,1496,7.48,7.492289781570435,0,0.8892030119895935,0.1107969209551811,False
1498,7.49,0.053631462,0.030118933,0.011172995,0.02211663,1,1496,7.48,7.492289781570435,0,0.8892030119895935,0.1107969209551811,False
1499,7.495,0.0113350665,0.0011488213,-0.0105169555,-0.00810388,1,1496,7.48,7.492289781570435,0,0.8892030119895935,0.1107969209551811,False
1500,7.5,-0.02466769,-0.02242082,-0.024626002,-0.027602294,1,1500,7.5,7.510087013244629,0,0.8893463015556335,0.110653705894947,False
1501,7.505,-0.036920667,-0.027034648,-0.021957653,-0.02512962,1,1500,7.5,7.510087013244629,0,0.8893463015556335,0.110653705894947,False
1502,7.51,-0.027201913,-0.014119899,-0.005690711,-0.006438586,1,1500,7.5,7.510087013244629,0,0.8893463015556335,0.110653705894947,False
1503,7.515,-0.010722119,0.0050592707,0.014281836,0.013796019,1,1500,7.5,7.510087013244629,0,0.8893463015556335,0.110653705894947,False
1504,7.52,-0.00067553617,0.02025093,0.029989997,0.0246799,1,1504,7.52,7.5243980884552,0,0.8883914947509766,0.1116084828972816,False
1505,7.525,0.0022490204,0.028395582,0.03904791,0.025040837,1,1504,7.52,7.5243980884552,0,0.8883914947509766,0.1116084828972816,False
1506,7.53,0.0067827157,0.031677797,0.042304646,0.02010603,1,1504,7.52,7.5243980884552,0,0.8883914947509766,0.1116084828972816,False
1507,7.535,0.019471733,0.032489013,0.04057066,0.01522085,1,1504,7.52,7.5243980884552,0,0.8883914947509766,0.1116084828972816,False
1508,7.54,0.03697,0.03134284,0.034368012,0.012948447,1,1508,7.54,7.54075026512146,0,0.8862810134887695,0.1137190386652946,False
1509,7.545,0.049059708,0.028177347,0.025317868,0.013794759,1,1508,7.54,7.54075026512146,0,0.8862810134887695,0.1137190386652946,False
1510,7.55,0.047909167,0.023437025,0.015828885,0.017173199,1,1508,7.54,7.54075026512146,0,0.8862810134887695,0.1137190386652946,False
1511,7.555,0.03405431,0.01720012,0.0070377137,0.02118519,1,1508,7.54,7.54075026512146,0,0.8862810134887695,0.1137190386652946,False
1512,7.56,0.014479138,0.008341502,-0.0019874524,0.022711929,1,1512,7.56,7.57825493812561,0,0.8858762979507446,0.1141236647963523,False
1513,7.565,-0.0038857956,-0.004278755,-0.012371181,0.018844243,1,1512,7.56,7.57825493812561,0,0.8858762979507446,0.1141236647963523,False
1514,7.57,-0.018884104,-0.019774482,-0.023203937,0.00846316,1,1512,7.56,7.57825493812561,0,0.8858762979507446,0.1141236647963523,False
1515,7.575,-0.032708142,-0.03498891,-0.03189094,-0.007456816,1,1512,7.56,7.57825493812561,0,0.8858762979507446,0.1141236647963523,False
1516,7.58,-0.047760606,-0.04659552,-0.036846165,-0.026611034,1,1516,7.58,7.592130899429321,0,0.8899115324020386,0.1100884675979614,False
1517,7.585,-0.06283566,-0.053405285,-0.03950551,-0.04620421,1,1516,7.58,7.592130899429321,0,0.8899115324020386,0.1100884675979614,False
1518,7.59,-0.07280213,-0.056544185,-0.043231048,-0.063479275,1,1516,7.58,7.592130899429321,0,0.8899115324020386,0.1100884675979614,False
1519,7.595,-0.07173147,-0.05715975,-0.049574476,-0.075796105,1,1516,7.58,7.592130899429321,0,0.8899115324020386,0.1100884675979614,False
1520,7.6,-0.056527022,-0.053512104,-0.05484104,-0.07990519,1,1520,7.6,7.602603197097778,0,0.8903061747550964,0.1096938773989677,False
1521,7.605,-0.028315375,-0.040382247,-0.050387736,-0.071088396,1,1520,7.6,7.602603197097778,0,0.8903061747550964,0.1096938773989677,False
1522,7.61,0.008230102,-0.012759954,-0.028084952,-0.044518944,1,1520,7.6,7.602603197097778,0,0.8903061747550964,0.1096938773989677,False
1523,7.615,0.04564324,0.027740104,0.011788638,-9.3017465e-05,1,1520,7.6,7.602603197097778,0,0.8903061747550964,0.1096938773989677,False
1524,7.62,0.074208036,0.069243655,0.056625172,0.0526237,1,1524,7.62,7.627400398254394,0,0.8901068568229675,0.1098932102322578,False
1525,7.625,0.08445534,0.09405941,0.08682436,0.095629565,1,1524,7.62,7.627400398254394,0,0.8901068568229675,0.1098932102322578,False
1526,7.63,0.07244256,0.0900895,0.08851276,0.11207763,1,1524,7.62,7.627400398254394,0,0.8901068568229675,0.1098932102322578,False
1527,7.635,0.044120364,0.060515963,0.06406487,0.09775647,1,1524,7.62,7.627400398254394,0,0.8901068568229675,0.1098932102322578,False
1528,7.64,0.013454271,0.022633508,0.030822534,0.064178176,1,1528,7.64,7.642127275466919,0,0.8813501596450806,0.1186498254537582,False
1529,7.645,-0.0061265687,-0.004441173,0.00792019,0.029545503,1,1528,7.64,7.642127275466919,0,0.8813501596450806,0.1186498254537582,False
1530,7.65,-0.010460454,-0.013193075,0.0019844435,0.005125731,1,1528,7.64,7.642127275466919,0,0.8813501596450806,0.1186498254537582,False
1531,7.655,-0.0060514184,-0.010925424,0.0039908425,-0.010888611,1,1528,7.64,7.642127275466919,0,0.8813501596450806,0.1186498254537582,False
1532,7.66,-0.0031633663,-0.010617384,-0.0002807417,-0.026940115,1,1532,7.66,7.661427021026611,0,0.8735507130622864,0.1264492273330688,False
1533,7.665,-0.0069845873,-0.018140072,-0.015855836,-0.045777224,1,1532,7.66,7.661427021026611,0,0.8735507130622864,0.1264492273330688,False
1534,7.67,-0.014164714,-0.027105777,-0.033161037,-0.058370233,1,1532,7.66,7.661427021026611,0,0.8735507130622864,0.1264492273330688,False
1535,7.675,-0.016647747,-0.025383625,-0.03638566,-0.050570607,1,1532,7.66,7.661427021026611,0,0.8735507130622864,0.1264492273330688,False
1536,7.68,-0.008988677,-0.0073635224,-0.018413829,-0.017482016,1,1536,7.68,7.692200660705566,0,0.8890227675437927,0.1109772697091102,False
1537,7.685,0.006314513,0.018486647,0.010538791,0.027086109,1,1536,7.68,7.692200660705566,0,0.8890227675437927,0.1109772697091102,False
1538,7.69,0.018953891,0.03350411,0.028497081,0.055901814,1,1536,7.68,7.692200660705566,0,0.8890227675437927,0.1109772697091102,False
1539,7.695,0.016595602,0.022033919,0.017948227,0.046511084,1,1536,7.68,7.692200660705566,0,0.8890227675437927,0.1109772697091102,False
1540,7.7,-0.0068015815,-0.015815254,-0.019866675,-0.0010584563,1,1540,7.7,7.708441495895386,0,0.8883556127548218,0.1116444021463394,False
1541,7.705,-0.045402396,-0.062182155,-0.064377904,-0.061954,1,1540,7.7,7.708441495895386,0,0.8883556127548218,0.1116444021463394,False
1542,7.71,-0.08294055,-0.092655115,-0.08992827,-0.10286601,1,1540,7.7,7.708441495895386,0,0.8883556127548218,0.1116444021463394,False
1543,7.715,-0.10094482,-0.0923284,-0.083605625,-0.104693145,1,1540,7.7,7.708441495895386,0,0.8883556127548218,0.1116444021463394,False
1544,7.72,-0.08860348,-0.064069934,-0.05223846,-0.07323665,1,1544,7.72,7.723487854003906,0,0.8871462941169739,0.1128537133336067,False
1545,7.725,-0.04808869,-0.023096368,-0.013623188,-0.030059371,1,1544,7.72,7.723487854003906,0,0.8871462941169739,0.1128537133336067,False
1546,7.73,0.007427101,0.016089136,0.019007167,0.0068358886,1,1544,7.72,7.723487854003906,0,0.8871462941169739,0.1128537133336067,False
1547,7.735,0.061177935,0.048509963,0.045041256,0.03487728,1,1544,7.72,7.723487854003906,0,0.8871462941169739,0.1128537133336067,False
1548,7.74,0.10089337,0.07686781,0.07114547,0.062486067,1,1548,7.74,7.739713191986084,0,0.8894351720809937,0.1105648800730705,False
1549,7.745,0.12262931,0.10303938,0.099571586,0.09524477,1,1548,7.74,7.739713191986084,0,0.8894351720809937,0.1105648800730705,False
1550,7.75,0.12803312,0.1218943,0.12194029,0.1266614,1,1548,7.74,7.739713191986084,0,0.8894351720809937,0.1105648800730705,False
1551,7.755,0.11781508,0.12267471,0.12366879,0.14096181,1,1548,7.74,7.739713191986084,0,0.8894351720809937,0.1105648800730705,False
1552,7.76,0.08839504,0.09626206,0.09448433,0.12409698,1,1552,7.76,7.761208772659302,0,0.8844038844108582,0.1155961379408836,False
1553,7.765,0.03671283,0.042861123,0.03672695,0.07392212,1,1552,7.76,7.761208772659302,0,0.8844038844108582,0.1155961379408836,False
1554,7.77,-0.030501455,-0.02505123,-0.033861563,0.0030023835,1,1552,7.76,7.761208772659302,0,0.8844038844108582,0.1155961379408836,False
1555,7.775,-0.09382583,-0.08716373,-0.09522336,-0.06721854,1,1552,7.76,7.761208772659302,0,0.8844038844108582,0.1155961379408836,False
1556,7.78,-0.13130146,-0.12572424,-0.13026175,-0.11755855,1,1556,7.78,7.792489051818848,0,0.8399397730827332,0.1600602567195892,False
1557,7.785,-0.13457103,-0.13547821,-0.1356481,-0.14083913,1,1556,7.78,7.792489051818848,0,0.8399397730827332,0.1600602567195892,False
1558,7.79,-0.114990145,-0.12495169,-0.12143249,-0.14312352,1,1556,7.78,7.792489051818848,0,0.8399397730827332,0.1600602567195892,False
1559,7.795,-0.09162182,-0.10663763,-0.10049199,-0.1346948,1,1556,7.78,7.792489051818848,0,0.8399397730827332,0.1600602567195892,False
1560,7.8,-0.07175744,-0.08406653,-0.07602357,-0.11799609,1,1560,7.8,7.807197332382202,0,0.8793079853057861,0.1206920221447944,False
1561,7.805,-0.04410505,-0.048459984,-0.038970117,-0.084021434,1,1560,7.8,7.807197332382202,0,0.8793079853057861,0.1206920221447944,False
1562,7.81,0.0069922036,0.010240088,0.020589609,-0.022093121,1,1560,7.8,7.807197332382202,0,0.8793079853057861,0.1206920221447944,False
1563,7.815,0.07987751,0.08744147,0.09759586,0.06469369,1,1560,7.8,7.807197332382202,0,0.8793079853057861,0.1206920221447944,False
1564,7.82,0.14875127,0.15875404,0.16702864,0.1526659,1,1564,7.82,7.825914621353149,0,0.8629921078681946,0.137007862329483,False
1565,7.825,0.17979199,0.19237895,0.19650236,0.20728648,1,1564,7.82,7.825914621353149,0,0.8629921078681946,0.137007862329483,False
1566,7.83,0.15598154,0.1700148,0.16770543,0.20346192,1,1564,7.82,7.825914621353149,0,0.8629921078681946,0.137007862329483,False
1567,7.835,0.08880624,0.09965279,0.08993908,0.14165623,1,1564,7.82,7.825914621353149,0,0.8629921078681946,0.137007862329483,False
1568,7.84,0.00852436,0.010715386,-0.004667748,0.048263717,1,1568,7.84,7.852219104766846,0,0.8514930605888367,0.1485069841146469,False
1569,7.845,-0.056085892,-0.063678876,-0.0802282,-0.03955801,1,1568,7.84,7.852219104766846,0,0.8514930605888367,0.1485069841146469,False
1570,7.85,-0.09149232,-0.10382648,-0.11629885,-0.093892105,1,1568,7.84,7.852219104766846,0,0.8514930605888367,0.1485069841146469,False
1571,7.855,-0.09950946,-0.10935084,-0.11473275,-0.10823755,1,1568,7.84,7.852219104766846,0,0.8514930605888367,0.1485069841146469,False
1572,7.86,-0.08932932,-0.09319231,-0.09220458,-0.09576298,1,1572,7.86,7.867283344268799,0,0.7547309398651123,0.2452691048383712,False
1573,7.865,-0.07046571,-0.07065359,-0.066430375,-0.07692318,1,1572,7.86,7.867283344268799,0,0.7547309398651123,0.2452691048383712,False
1574,7.87,-0.04998302,-0.051176865,-0.04636718,-0.065530166,1,1572,7.86,7.867283344268799,0,0.7547309398651123,0.2452691048383712,False
1575,7.875,-0.03181749,-0.036215607,-0.031266518,-0.061802983,1,1572,7.86,7.867283344268799,0,0.7547309398651123,0.2452691048383712,False
1576,7.88,-0.016175559,-0.022065837,-0.016157968,-0.055491738,1,1576,7.88,7.892431974411011,0,0.8788045048713684,0.1211955174803733,False
1577,7.885,-0.00010851395,-0.004598562,0.002100278,-0.035719514,1,1576,7.88,7.892431974411011,0,0.8788045048713684,0.1211955174803733,False
1578,7.89,0.019250808,0.016919525,0.02236249,-0.000389375,1,1576,7.88,7.892431974411011,0,0.8788045048713684,0.1211955174803733,False
1579,7.895,0.040573332,0.038736846,0.04059208,0.04120353,1,1576,7.88,7.892431974411011,0,0.8788045048713684,0.1211955174803733,False
1580,7.9,0.057567753,0.05480385,0.052869603,0.0741124,1,1580,7.9,7.902637004852295,0,0.876800000667572,0.1231999397277832,False
1581,7.905,0.063425265,0.06096433,0.057722613,0.087549314,1,1580,7.9,7.902637004852295,0,0.876800000667572,0.1231999397277832,False
1582,7.91,0.056911018,0.058121502,0.056627195,0.08154747,1,1580,7.9,7.902637004852295,0,0.876800000667572,0.1231999397277832,False
1583,7.915,0.04403055,0.0514814,0.052581076,0.06556893,1,1580,7.9,7.902637004852295,0,0.876800000667572,0.1231999397277832,False
1584,7.92,0.03302166,0.045957237,0.047585923,0.05033144,1,1584,7.92,7.925122022628784,0,0.8842138051986694,0.1157861649990081,False
1585,7.925,0.027048612,0.04154645,0.040806085,0.039507397,1,1584,7.92,7.925122022628784,0,0.8842138051986694,0.1157861649990081,False
1586,7.93,0.021467531,0.033085346,0.02913391,0.027999943,1,1584,7.92,7.925122022628784,0,0.8842138051986694,0.1157861649990081,False
1587,7.935,0.008211799,0.014924622,0.010036275,0.007902769,1,1584,7.92,7.925122022628784,0,0.8842138051986694,0.1157861649990081,False
1588,7.94,-0.016785983,-0.013690567,-0.015781708,-0.023256104,1,1588,7.94,7.958749294281006,0,0.8666595816612244,0.1333403438329696,False
1589,7.945,-0.04957511,-0.04735143,-0.04438148,-0.059008177,1,1588,7.94,7.958749294281006,0,0.8666595816612244,0.1333403438329696,False
1590,7.95,-0.0803093,-0.07781509,-0.070828356,-0.08762259,1,1588,7.94,7.958749294281006,0,0.8666595816612244,0.1333403438329696,False
1591,7.955,-0.09874724,-0.09797209,-0.09067585,-0.09920495,1,1588,7.94,7.958749294281006,0,0.8666595816612244,0.1333403438329696,False
1592,7.96,-0.098469876,-0.10295329,-0.09916008,-0.09046044,1,1592,7.96,7.966480493545532,0,0.8862267732620239,0.1137732043862342,False
1593,7.965,-0.07795717,-0.08942285,-0.09063521,-0.064759955,1,1592,7.96,7.966480493545532,0,0.8862267732620239,0.1137732043862342,False
1594,7.97,-0.0402512,-0.05669836,-0.061719067,-0.029527564,1,1592,7.96,7.966480493545532,0,0.8862267732620239,0.1137732043862342,False
1595,7.975,0.0069968984,-0.0101664765,-0.016791599,0.0063352925,1,1592,7.96,7.966480493545532,0,0.8862267732620239,0.1137732043862342,False
1596,7.98,0.052223597,0.03759861,0.030649623,0.034739163,1,1596,7.98,7.992198705673218,0,0.8856090903282166,0.1143908575177192,False
1597,7.985,0.08367997,0.072170384,0.06499353,0.051278856,1,1596,7.98,7.992198705673218,0,0.8856090903282166,0.1143908575177192,False
1598,7.99,0.09526566,0.086239606,0.07913215,0.057409678,1,1596,7.98,7.992198705673218,0,0.8856090903282166,0.1143908575177192,False
1599,7.995,0.08969756,0.08389798,0.07852678,0.058955487,1,1596,7.98,7.992198705673218,0,0.8856090903282166,0.1143908575177192,False
1600,8.0,0.07538877,0.075467475,0.07425643,0.060710557,1,1600,8.0,8.009318113327026,0,0.8898202776908875,0.1101797819137573,False
1601,8.005,0.05928917,0.067607105,0.071856916,0.061661016,1,1600,8.0,8.009318113327026,0,0.8898202776908875,0.1101797819137573,False
1602,8.01,0.042059608,0.058162745,0.06688163,0.055742048,1,1600,8.0,8.009318113327026,0,0.8898202776908875,0.1101797819137573,False
1603,8.015,0.019614423,0.03997742,0.050619557,0.037596393,1,1600,8.0,8.009318113327026,0,0.8898202776908875,0.1101797819137573,False
1604,8.02,-0.011031594,0.009000671,0.019237787,0.007723031,1,1604,8.02,8.024433851242065,0,0.8774659037590027,0.1225340813398361,False
1605,8.025,-0.04713093,-0.030930044,-0.022258656,-0.027346859,1,1604,8.02,8.024433851242065,0,0.8774659037590027,0.1225340813398361,False
1606,8.03,-0.080388136,-0.06969754,-0.063151486,-0.05871354,1,1604,8.02,8.024433851242065,0,0.8774659037590027,0.1225340813398361,False
1607,8.035,-0.10120343,-0.09624219,-0.092705026,-0.07866936,1,1604,8.02,8.024433851242065,0,0.8774659037590027,0.1225340813398361,False
1608,8.04,-0.10363294,-0.10353317,-0.10398237,-0.0825211,1,1608,8.04,8.033259391784668,0,0.8761440515518188,0.1238558888435363,False
1609,8.045,-0.088112645,-0.09106829,-0.09520808,-0.06990758,1,1608,8.04,8.033259391784668,0,0.8761440515518188,0.1238558888435363,False
1610,8.05,-0.06072104,-0.06450935,-0.06991611,-0.045912296,1,1608,8.04,8.033259391784668,0,0.8761440515518188,0.1238558888435363,False
1611,8.055,-0.029371874,-0.03253027,-0.035790384,-0.01963918,1,1608,8.04,8.033259391784668,0,0.8761440515518188,0.1238558888435363,False
1612,8.06,0.0010579567,-0.0020089352,-0.0013878812,0.0011287603,1,1612,8.06,8.077970504760742,0,0.8870102167129517,0.1129898130893707,False
1613,8.065,0.031153932,0.025323585,0.027952384,0.015665745,1,1612,8.06,8.077970504760742,0,0.8870102167129517,0.1129898130893707,False
1614,8.07,0.06399447,0.051514227,0.051519044,0.030220365,1,1612,8.06,8.077970504760742,0,0.8870102167129517,0.1129898130893707,False
1615,8.075,0.09807529,0.07678972,0.07011261,0.05045147,1,1612,8.06,8.077970504760742,0,0.8870102167129517,0.1129898130893707,False
1616,8.08,0.12264015,0.09508728,0.081380665,0.072968826,1,1616,8.08,8.092275142669678,0,0.8885427117347717,0.11145731061697,False
1617,8.085,0.12200622,0.09632576,0.07919988,0.0851674,1,1616,8.08,8.092275142669678,0,0.8885427117347717,0.11145731061697,False
1618,8.09,0.08789853,0.074878335,0.059198324,0.07520012,1,1616,8.08,8.092275142669678,0,0.8885427117347717,0.11145731061697,False
1619,8.095,0.02980625,0.036771867,0.025688266,0.043465305,1,1616,8.08,8.092275142669678,0,0.8885427117347717,0.11145731061697,False
1620,8.1,-0.02725339,-0.0019577462,-0.0076042535,0.004518958,1,1620,8.1,8.10314130783081,0,0.8797980546951294,0.1202019676566124,False
1621,8.105,-0.058155965,-0.025682237,-0.025745025,-0.023143342,1,1620,8.1,8.10314130783081,0,0.8797980546951294,0.1202019676566124,False
1622,8.11,-0.055066943,-0.03023806,-0.024003264,-0.030960841,1,1620,8.1,8.10314130783081,0,0.8797980546951294,0.1202019676566124,False
1623,8.115,-0.033135533,-0.025709001,-0.012797828,-0.026378524,1,1620,8.1,8.10314130783081,0,0.8797980546951294,0.1202019676566124,False
1624,8.12,-0.01978628,-0.028748056,-0.0110051865,-0.026575232,1,1624,8.12,8.126939296722412,0,0.8825927376747131,0.1174072846770286,False
1625,8.125,-0.035283696,-0.050130047,-0.03172087,-0.045051657,1,1624,8.12,8.126939296722412,0,0.8825927376747131,0.1174072846770286,False
1626,8.13,-0.078250416,-0.08624463,-0.07102722,-0.08095511,1,1624,8.12,8.126939296722412,0,0.8825927376747131,0.1174072846770286,False
1627,8.135,-0.12584853,-0.120141916,-0.1086834,-0.11823901,1,1624,8.12,8.126939296722412,0,0.8825927376747131,0.1174072846770286,False
1628,8.14,-0.14798851,-0.13119951,-0.12076008,-0.1345843,1,1628,8.14,8.14264178276062,0,0.8837615251541138,0.1162384301424026,False
1629,8.145,-0.12553106,-0.10680646,-0.09487259,-0.113746256,1,1628,8.14,8.14264178276062,0,0.8837615251541138,0.1162384301424026,False
1630,8.15,-0.06046373,-0.048608083,-0.036792807,-0.05379175,1,1628,8.14,8.14264178276062,0,0.8837615251541138,0.1162384301424026,False
1631,8.155,0.027287211,0.02946613,0.03518266,0.03227823,1,1628,8.14,8.14264178276062,0,0.8837615251541138,0.1162384301424026,False
1632,8.16,0.11195481,0.108107194,0.10162396,0.12188141,1,1632,8.16,8.170834302902222,0,0.8825852870941162,0.1174147129058837,False
1633,8.165,0.17358406,0.16922103,0.14957938,0.1905985,1,1632,8.16,8.170834302902222,0,0.8825852870941162,0.1174147129058837,False
1634,8.17,0.20291995,0.19988988,0.1728938,0.21989803,1,1632,8.16,8.170834302902222,0,0.8825852870941162,0.1174147129058837,False
1635,8.175,0.19978666,0.19457999,0.16929269,0.20326276,1,1632,8.16,8.170834302902222,0,0.8825852870941162,0.1174147129058837,False
1636,8.18,0.16901954,0.15625511,0.13939433,0.14832808,1,1636,8.18,8.182421684265137,0,0.8872688412666321,0.1127311140298843,False
1637,8.185,0.11733321,0.09525071,0.08801746,0.07296423,1,1636,8.18,8.182421684265137,0,0.8872688412666321,0.1127311140298843,False
1638,8.19,0.05211251,0.025251217,0.024471067,-0.0032721953,1,1636,8.18,8.182421684265137,0,0.8872688412666321,0.1127311140298843,False
1639,8.195,-0.01851422,-0.04167472,-0.040058516,-0.067112766,1,1636,8.18,8.182421684265137,0,0.8872688412666321,0.1127311140298843,False
1640,8.2,-0.085667394,-0.09802692,-0.09636773,-0.114254065,1,1640,8.2,8.203064680099487,0,0.8065420985221863,0.1934579014778137,False
1641,8.205,-0.14106026,-0.14089896,-0.13958383,-0.14659588,1,1640,8.2,8.203064680099487,0,0.8065420985221863,0.1934579014778137,False
1642,8.21,-0.17951985,-0.17034289,-0.16884656,-0.1675931,1,1640,8.2,8.203064680099487,0,0.8065420985221863,0.1934579014778137,False
1643,8.215,-0.20034003,-0.18717444,-0.18486506,-0.17876543,1,1640,8.2,8.203064680099487,0,0.8065420985221863,0.1934579014778137,False
1644,8.22,-0.20507567,-0.19044264,-0.1867225,-0.17796862,1,1644,8.22,8.227668046951294,0,0.8817439079284668,0.118256077170372,False
1645,8.225,-0.19287391,-0.17570597,-0.17008041,-0.15944391,1,1644,8.22,8.227668046951294,0,0.8817439079284668,0.118256077170372,False
1646,8.23,-0.15821159,-0.13657917,-0.12905575,-0.1165919,1,1644,8.22,8.227668046951294,0,0.8817439079284668,0.118256077170372,False
1647,8.235,-0.0949404,-0.070246875,-0.0617074,-0.04751462,1,1644,8.22,8.227668046951294,0,0.8817439079284668,0.118256077170372,False
1648,8.24,-0.0045047207,0.01679057,0.024815204,0.03987487,1,1648,8.24,8.242437601089478,0,0.8483413457870483,0.1516585946083068,False
1649,8.245,0.09893982,0.108357064,0.114517376,0.12796642,1,1648,8.24,8.242437601089478,0,0.8483413457870483,0.1516585946083068,False
1650,8.25,0.1920733,0.18517339,0.18909667,0.196291,1,1648,8.24,8.242437601089478,0,0.8483413457870483,0.1516585946083068,False
1651,8.255,0.25283688,0.23351248,0.23587464,0.23087208,1,1648,8.24,8.242437601089478,0,0.8483413457870483,0.1516585946083068,False
1652,8.26,0.27024823,0.24929082,0.25106576,0.22954227,1,1652,8.26,8.262483358383179,0,0.8564328551292419,0.1435672044754028,False
1653,8.265,0.24732316,0.23566875,0.23715879,0.20012978,1,1652,8.26,8.262483358383179,0,0.8564328551292419,0.1435672044754028,False
1654,8.27,0.19669919,0.19807921,0.1985587,0.15404767,1,1652,8.26,8.262483358383179,0,0.8564328551292419,0.1435672044754028,False
1655,8.275,0.13296069,0.14144643,0.13978904,0.100300804,1,1652,8.26,8.262483358383179,0,0.8564328551292419,0.1435672044754028,False
1656,8.28,0.06587158,0.07035285,0.06617551,0.04292247,1,1656,8.28,8.294932126998901,1,0.433619886636734,0.5663800835609436,True
1657,8.285,-0.0028842662,-0.010403145,-0.016088353,-0.018409556,1,1656,8.28,8.294932126998901,1,0.433619886636734,0.5663800835609436,True
1658,8.29,-0.07782085,-0.096301265,-0.10162285,-0.08596391,1,1656,8.28,8.294932126998901,1,0.433619886636734,0.5663800835609436,True
1659,8.295,-0.16246021,-0.1828924,-0.18650451,-0.16030361,1,1656,8.28,8.294932126998901,1,0.433619886636734,0.5663800835609436,True
1660,8.3,-0.25034603,-0.2629097,-0.26503345,-0.23580077,1,1660,8.3,8.307162761688232,1,0.027908569201827,0.9720914959907532,True
1661,8.305,-0.32125643,-0.32256827,-0.32471427,-0.29749936,1,1660,8.3,8.307162761688232,1,0.027908569201827,0.9720914959907532,True
1662,8.31,-0.3478977,-0.3422288,-0.34580323,-0.32300544,1,1660,8.3,8.307162761688232,1,0.027908569201827,0.9720914959907532,True
1663,8.315,-0.31062603,-0.30435222,-0.30935746,-0.29122373,1,1660,8.3,8.307162761688232,1,0.027908569201827,0.9720914959907532,True
1664,8.32,-0.21029532,-0.20492661,-0.20982473,-0.19467129,1,1664,8.32,8.32245922088623,0,0.780462384223938,0.2195375710725784,False
1665,8.325,-0.06966391,-0.059991017,-0.06272512,-0.04788864,1,1664,8.32,8.32245922088623,0,0.780462384223938,0.2195375710725784,False
1666,8.33,0.07772856,0.09842197,0.09913884,0.114609644,1,1664,8.32,8.32245922088623,0,0.780462384223938,0.2195375710725784,False
1667,8.335,0.203066,0.2348565,0.23883699,0.25122297,1,1664,8.32,8.32245922088623,0,0.780462384223938,0.2195375710725784,False
1668,8.34,0.29163328,0.32362178,0.32931966,0.33029553,1,1668,8.34,8.344564437866211,1,0.0369893722236156,0.9630106091499328,True
1669,8.345,0.34120414,0.3553244,0.3605614,0.34182084,1,1668,8.34,8.344564437866211,1,0.0369893722236156,0.9630106091499328,True
1670,8.35,0.3532296,0.33499634,0.33798334,0.29788017,1,1668,8.34,8.344564437866211,1,0.0369893722236156,0.9630106091499328,True
1671,8.355,0.32585236,0.27552938,0.27572817,0.22307779,1,1668,8.34,8.344564437866211,1,0.0369893722236156,0.9630106091499328,True
1672,8.36,0.2556697,0.19164734,0.18985875,0.14176369,1,1672,8.36,8.360700368881226,1,0.0330693647265434,0.9669306874275208,True
1673,8.365,0.1466513,0.09688874,0.094321094,0.06886964,1,1672,8.36,8.360700368881226,1,0.0330693647265434,0.9669306874275208,True
1674,8.37,0.01643344,0.0022240207,-0.0007191285,0.006967714,1,1672,8.36,8.360700368881226,1,0.0330693647265434,0.9669306874275208,True
1675,8.375,-0.108910345,-0.085733905,-0.08961763,-0.051375415,1,1672,8.36,8.360700368881226,1,0.0330693647265434,0.9669306874275208,True
1676,8.38,-0.20919546,-0.16573463,-0.17072484,-0.11711978,1,1676,8.38,8.392269372940063,1,0.0238846410065889,0.9761154055595398,True
1677,8.385,-0.28012872,-0.23866053,-0.24288438,-0.19521867,1,1676,8.38,8.392269372940063,1,0.0238846410065889,0.9761154055595398,True
1678,8.39,-0.32812065,-0.30019876,-0.29983184,-0.2760606,1,1676,8.38,8.392269372940063,1,0.0238846410065889,0.9761154055595398,True
1679,8.395,-0.35455337,-0.33604354,-0.32773542,-0.33499318,1,1676,8.38,8.392269372940063,1,0.0238846410065889,0.9761154055595398,True
1680,8.4,-0.34633482,-0.32675785,-0.3106683,-0.34362945,1,1680,8.4,8.408634424209595,1,0.0624397583305835,0.9375602006912231,True
1681,8.405,-0.2842517,-0.26083237,-0.24160428,-0.2868358,1,1680,8.4,8.408634424209595,1,0.0624397583305835,0.9375602006912231,True
1682,8.41,-0.16263954,-0.14542314,-0.12991144,-0.17277867,1,1680,8.4,8.408634424209595,1,0.0624397583305835,0.9375602006912231,True
1683,8.415,-0.002034678,-0.0053573796,0.0014134198,-0.028496683,1,1680,8.4,8.408634424209595,1,0.0624397583305835,0.9375602006912231,True
1684,8.42,0.15731795,0.1285002,0.1261522,0.1141201,1,1684,8.42,8.423851251602173,1,0.0347648411989212,0.96523517370224,True
1685,8.425,0.27603492,0.23184247,0.2241403,0.2301664,1,1684,8.42,8.423851251602173,1,0.0347648411989212,0.96523517370224,True
1686,8.43,0.33401555,0.29235485,0.28391668,0.30471915,1,1684,8.42,8.423851251602173,1,0.0347648411989212,0.96523517370224,True
1687,8.435,0.33447233,0.30801392,0.3009678,0.33046436,1,1684,8.42,8.423851251602173,1,0.0347648411989212,0.96523517370224,True
1688,8.44,0.29439175,0.28351504,0.27671078,0.3069925,1,1688,8.44,8.443443536758423,1,0.0818433836102485,0.9181566834449768,True
1689,8.445,0.23157693,0.22825886,0.2193203,0.24315448,1,1688,8.44,8.443443536758423,1,0.0818433836102485,0.9181566834449768,True
1690,8.45,0.1574991,0.15483867,0.14290544,0.1572432,1,1688,8.44,8.443443536758423,1,0.0818433836102485,0.9181566834449768,True
1691,8.455,0.077947244,0.076035775,0.06265047,0.07070868,1,1688,8.44,8.443443536758423,1,0.0818433836102485,0.9181566834449768,True
1692,8.46,-0.0024151003,0.0013237562,-0.011168231,-0.0015595303,1,1692,8.46,8.460838079452515,1,0.0234328489750623,0.9765670895576476,True
1693,8.465,-0.07661979,-0.064232856,-0.07498538,-0.056645017,1,1692,8.46,8.460838079452515,1,0.0234328489750623,0.9765670895576476,True
1694,8.47,-0.13606074,-0.11820698,-0.12837635,-0.10066698,1,1692,8.46,8.460838079452515,1,0.0234328489750623,0.9765670895576476,True
1695,8.475,-0.17497972,-0.15912923,-0.1697618,-0.14118835,1,1692,8.46,8.460838079452515,1,0.0234328489750623,0.9765670895576476,True
1696,8.48,-0.19507496,-0.18715319,-0.1962634,-0.1816248,1,1696,8.48,8.494248867034912,1,0.029655534774065,0.9703444242477416,True
1697,8.485,-0.20511892,-0.20503758,-0.20684676,-0.2201059,1,1696,8.48,8.494248867034912,1,0.029655534774065,0.9703444242477416,True
1698,8.49,-0.21374972,-0.21574773,-0.20354591,-0.25020367,1,1696,8.48,8.494248867034912,1,0.029655534774065,0.9703444242477416,True
1699,8.495,-0.2202086,-0.21714485,-0.18819238,-0.26126266,1,1696,8.48,8.494248867034912,1,0.029655534774065,0.9703444242477416,True
1700,8.5,-0.21138036,-0.19938922,-0.15826523,-0.2399865,1,1700,8.5,8.506399631500244,1,0.0405217595398426,0.9594782590866088,True
1701,8.505,-0.16930175,-0.1498175,-0.107417285,-0.17595513,1,1700,8.5,8.506399631500244,1,0.0405217595398426,0.9594782590866088,True
1702,8.51,-0.08447675,-0.06310269,-0.03152367,-0.06960835,1,1700,8.5,8.506399631500244,1,0.0405217595398426,0.9594782590866088,True
1703,8.515,0.034841828,0.051279448,0.06478948,0.0632247,1,1700,8.5,8.506399631500244,1,0.0405217595398426,0.9594782590866088,True
1704,8.52,0.16408634,0.17067434,0.1668655,0.19513935,1,1704,8.52,8.52227258682251,1,0.0374915860593318,0.9625083804130554,True
1705,8.525,0.27298307,0.268878,0.25488442,0.2978474,1,1704,8.52,8.52227258682251,1,0.0374915860593318,0.9625083804130554,True
1706,8.53,0.33773693,0.32643223,0.31069174,0.3526134,1,1704,8.52,8.52227258682251,1,0.0374915860593318,0.9625083804130554,True
1707,8.535,0.3476674,0.3348203,0.32198623,0.35390687,1,1704,8.52,8.52227258682251,1,0.0374915860593318,0.9625083804130554,True
1708,8.54,0.30464402,0.2941699,0.2832457,0.30605492,1,1708,8.54,8.544509410858154,1,0.097837783396244,0.9021621942520142,True
1709,8.545,0.21883358,0.20970951,0.19623947,0.21833965,1,1708,8.54,8.544509410858154,1,0.097837783396244,0.9021621942520142,True
1710,8.55,0.10506447,0.09163299,0.071913294,0.10341263,1,1708,8.54,8.544509410858154,1,0.097837783396244,0.9021621942520142,True
1711,8.555,-0.01877863,-0.042500366,-0.06847054,-0.021600042,1,1708,8.54,8.544509410858154,1,0.097837783396244,0.9021621942520142,True
1712,8.56,-0.13281727,-0.16780117,-0.1965558,-0.13588537,1,1712,8.56,8.562248468399048,1,0.0235801134258508,0.9764199256896972,True
1713,8.565,-0.2178586,-0.2580116,-0.28508154,-0.22048216,1,1712,8.56,8.562248468399048,1,0.0235801134258508,0.9764199256896972,True
1714,8.57,-0.26056075,-0.29564977,-0.31739533,-0.2661133,1,1712,8.56,8.562248468399048,1,0.0235801134258508,0.9764199256896972,True
1715,8.575,-0.25933585,-0.28021595,-0.29318812,-0.27711546,1,1712,8.56,8.562248468399048,1,0.0235801134258508,0.9764199256896972,True
1716,8.58,-0.22635001,-0.2280568,-0.22725993,-0.26665103,1,1716,8.58,8.592411041259766,1,0.0546002835035324,0.9453997015953064,True
1717,8.585,-0.1811494,-0.16218428,-0.14169562,-0.24481714,1,1716,8.58,8.592411041259766,1,0.0546002835035324,0.9453997015953064,True
1718,8.59,-0.13763145,-0.098094486,-0.055592142,-0.20864932,1,1716,8.58,8.592411041259766,1,0.0546002835035324,0.9453997015953064,True
1719,8.595,-0.09440936,-0.036611035,0.021319967,-0.14437647,1,1716,8.58,8.592411041259766,1,0.0546002835035324,0.9453997015953064,True
1720,8.6,-0.039045483,0.029445713,0.08688802,-0.04327493,1,1720,8.6,8.60485029220581,1,0.0369005277752876,0.963099479675293,True
1721,8.605,0.035221886,0.100328736,0.13895129,0.081373006,1,1720,8.6,8.60485029220581,1,0.0369005277752876,0.963099479675293,True
1722,8.61,0.115633585,0.1610923,0.17026171,0.19361971,1,1720,8.6,8.60485029220581,1,0.0369005277752876,0.963099479675293,True
1723,8.615,0.17451194,0.19019876,0.17255522,0.2557,1,1720,8.6,8.60485029220581,1,0.0369005277752876,0.963099479675293,True
1724,8.62,0.19107136,0.17889836,0.14704236,0.25534448,1,1724,8.62,8.62097716331482,1,0.0498019196093082,0.9501980543136596,True
1725,8.625,0.17103507,0.14298047,0.110290624,0.21586993,1,1724,8.62,8.62097716331482,1,0.0498019196093082,0.9501980543136596,True
1726,8.63,0.14418167,0.11347864,0.086578205,0.17839134,1,1724,8.62,8.62097716331482,1,0.0498019196093082,0.9501980543136596,True
1727,8.635,0.139223,0.11165646,0.089782424,0.16921642,1,1724,8.62,8.62097716331482,1,0.0498019196093082,0.9501980543136596,True
1728,8.64,0.15668574,0.1287502,0.10889307,0.17835239,1,1728,8.64,8.652397632598877,1,0.0270480830222368,0.9729519486427308,True
1729,8.645,0.16379072,0.1284567,0.11068924,0.16610874,1,1728,8.64,8.652397632598877,1,0.0270480830222368,0.9729519486427308,True
1730,8.65,0.11767695,0.07235655,0.060784027,0.0928531,1,1728,8.64,8.652397632598877,1,0.0270480830222368,0.9729519486427308,True
1731,8.655,0.00026497795,-0.049453355,-0.050025254,-0.049575597,1,1728,8.64,8.652397632598877,1,0.0270480830222368,0.9729519486427308,True
1732,8.66,-0.16143925,-0.20446323,-0.19242564,-0.2261563,1,1732,8.66,8.659907341003418,1,0.0262108277529478,0.9737890958786012,True
1733,8.665,-0.30519867,-0.33101308,-0.3090298,-0.37384215,1,1732,8.66,8.659907341003418,1,0.0262108277529478,0.9737890958786012,True
1734,8.67,-0.36762983,-0.3709749,-0.34400052,-0.4337009,1,1732,8.66,8.659907341003418,1,0.0262108277529478,0.9737890958786012,True
1735,8.675,-0.32011986,-0.301702,-0.2742952,-0.38083366,1,1732,8.66,8.659907341003418,1,0.0262108277529478,0.9737890958786012,True
1736,8.68,-0.1837663,-0.14806359,-0.123244815,-0.23556931,1,1736,8.68,8.69405460357666,1,0.0546515844762325,0.9453484416007996,True
1737,8.685,-0.015434726,0.03159179,0.0516983,-0.051260646,1,1736,8.68,8.69405460357666,1,0.0546515844762325,0.9453484416007996,True
1738,8.69,0.12398195,0.17568712,0.18878771,0.1126993,1,1736,8.68,8.69405460357666,1,0.0546515844762325,0.9453484416007996,True
1739,8.695,0.19830559,0.24748318,0.25087103,0.2169814,1,1736,8.68,8.69405460357666,1,0.0546515844762325,0.9453484416007996,True
1740,8.7,0.20615649,0.24608631,0.2373092,0.25426173,1,1740,8.7,8.70930790901184,1,0.036300703883171,0.9636992812156676,True
1741,8.705,0.17087378,0.19733006,0.17513515,0.242948,1,1740,8.7,8.70930790901184,1,0.036300703883171,0.9636992812156676,True
1742,8.71,0.120668575,0.1331703,0.09832492,0.20892547,1,1740,8.7,8.70930790901184,1,0.036300703883171,0.9636992812156676,True
1743,8.715,0.07210129,0.073088676,0.029111732,0.16746703,1,1740,8.7,8.70930790901184,1,0.036300703883171,0.9636992812156676,True
1744,8.72,0.024985127,0.017672613,-0.02868689,0.116329096,1,1744,8.72,8.725240707397461,1,0.0400554165244102,0.9599445462226868,True
1745,8.725,-0.030376779,-0.043618675,-0.082909584,0.04373363,1,1744,8.72,8.725240707397461,1,0.0400554165244102,0.9599445462226868,True
1746,8.73,-0.0988645,-0.11679998,-0.13911305,-0.054785315,1,1744,8.72,8.725240707397461,1,0.0400554165244102,0.9599445462226868,True
1747,8.735,-0.16863506,-0.19084813,-0.18936287,-0.16325979,1,1744,8.72,8.725240707397461,1,0.0400554165244102,0.9599445462226868,True
1748,8.74,-0.21135627,-0.23804383,-0.21212272,-0.24702407,1,1748,8.74,8.74374270439148,1,0.0240574739873409,0.9759425520896912,True
1749,8.745,-0.197443,-0.22893864,-0.18480754,-0.2704027,1,1748,8.74,8.74374270439148,1,0.0240574739873409,0.9759425520896912,True
1750,8.75,-0.11733123,-0.15280609,-0.10120145,-0.21895927,1,1748,8.74,8.74374270439148,1,0.0240574739873409,0.9759425520896912,True
1751,8.755,0.0074487324,-0.028605634,0.019341264,-0.109972246,1,1748,8.74,8.74374270439148,1,0.0240574739873409,0.9759425520896912,True
1752,8.76,0.13361986,0.10282655,0.13921873,0.017102571,1,1752,8.76,8.772133827209473,1,0.0546276159584522,0.9453724026679992,True
1753,8.765,0.21998467,0.20045611,0.22209546,0.12297907,1,1752,8.76,8.772133827209473,1,0.0546276159584522,0.9453724026679992,True
1754,8.77,0.24790867,0.2429292,0.25047326,0.1869573,1,1752,8.76,8.772133827209473,1,0.0546276159584522,0.9453724026679992,True
1755,8.775,0.224468,0.23344083,0.22943576,0.20949341,1,1752,8.76,8.772133827209473,1,0.0546276159584522,0.9453724026679992,True
1756,8.78,0.16981302,0.18951233,0.1767749,0.20123741,1,1756,8.78,8.792486667633057,1,0.0585228130221366,0.9414771795272828,True
1757,8.785,0.102250375,0.12893057,0.11000532,0.1710231,1,1756,8.78,8.792486667633057,1,0.0585228130221366,0.9414771795272828,True
1758,8.79,0.032504458,0.062961906,0.040305115,0.12289032,1,1756,8.78,8.792486667633057,1,0.0585228130221366,0.9414771795272828,True
1759,8.795,-0.032904483,-0.0014889095,-0.025474338,0.061376605,1,1756,8.78,8.792486667633057,1,0.0585228130221366,0.9414771795272828,True
1760,8.8,-0.08745251,-0.05756426,-0.08109424,-0.0036569054,1,1760,8.8,8.80387806892395,1,0.0309252254664897,0.9690747857093812,True
1761,8.805,-0.12582481,-0.09881189,-0.12137318,-0.059602804,1,1760,8.8,8.80387806892395,1,0.0309252254664897,0.9690747857093812,True
1762,8.81,-0.14881222,-0.12421972,-0.14626534,-0.09946514,1,1760,8.8,8.80387806892395,1,0.0309252254664897,0.9690747857093812,True
1763,8.815,-0.16509077,-0.14161074,-0.16289078,-0.12765734,1,1760,8.8,8.80387806892395,1,0.0309252254664897,0.9690747857093812,True
1764,8.82,-0.18543929,-0.163326,-0.18091103,-0.15620945,1,1764,8.82,8.827350854873657,1,0.0740222483873367,0.9259777069091796,True
1765,8.825,-0.2121361,-0.19501705,-0.20300551,-0.19268098,1,1764,8.82,8.827350854873657,1,0.0740222483873367,0.9259777069091796,True
1766,8.83,-0.2318893,-0.2260456,-0.21813853,-0.22928318,1,1764,8.82,8.827350854873657,1,0.0740222483873367,0.9259777069091796,True
1767,8.835,-0.21959846,-0.23103602,-0.2049001,-0.24323656,1,1764,8.82,8.827350854873657,1,0.0740222483873367,0.9259777069091796,True
1768,8.84,-0.15266453,-0.18419906,-0.14463116,-0.20987567,1,1768,8.84,8.842262744903564,1,0.0581324398517608,0.9418675899505616,True
1769,8.845,-0.027208831,-0.0772619,-0.035423893,-0.11942314,1,1768,8.84,8.842262744903564,1,0.0581324398517608,0.9418675899505616,True
1770,8.85,0.13468154,0.071964666,0.10343661,0.014809699,1,1768,8.84,8.842262744903564,1,0.0581324398517608,0.9418675899505616,True
1771,8.855,0.29179648,0.22633061,0.23953448,0.16192056,1,1768,8.84,8.842262744903564,1,0.0581324398517608,0.9418675899505616,True
1772,8.86,0.4007518,0.34590167,0.34126696,0.28719476,1,1772,8.86,8.862276554107666,1,0.0382011905312538,0.9617987871170044,True
1773,8.865,0.43342406,0.40315017,0.38820556,0.36436498,1,1772,8.86,8.862276554107666,1,0.0382011905312538,0.9617987871170044,True
1774,8.87,0.3862855,0.38946557,0.3738116,0.38093805,1,1772,8.86,8.862276554107666,1,0.0382011905312538,0.9617987871170044,True
1775,8.875,0.27868736,0.31347767,0.3033364,0.33807176,1,1772,8.86,8.862276554107666,1,0.0382011905312538,0.9617987871170044,True
1776,8.88,0.14270096,0.1955265,0.1911208,0.2484607,1,1776,8.88,8.893316984176636,1,0.0376215539872646,0.9623783826828004,True
1777,8.885,0.009604051,0.060813867,0.057707686,0.13249056,1,1776,8.88,8.893316984176636,1,0.0376215539872646,0.9623783826828004,True
1778,8.89,-0.101877294,-0.06853489,-0.07546772,0.010911244,1,1776,8.88,8.893316984176636,1,0.0376215539872646,0.9623783826828004,True
1779,8.895,-0.19076094,-0.18060246,-0.19328713,-0.10411807,1,1776,8.88,8.893316984176636,1,0.0376215539872646,0.9623783826828004,True
1780,8.9,-0.26862115,-0.27486464,-0.29063016,-0.21242148,1,1780,8.9,8.909783601760864,1,0.0235144775360822,0.9764854907989502,True
1781,8.905,-0.34475914,-0.35396746,-0.3673323,-0.31764013,1,1780,8.9,8.909783601760864,1,0.0235144775360822,0.9764854907989502,True
1782,8.91,-0.41044056,-0.41081244,-0.4169679,-0.41151026,1,1780,8.9,8.909783601760864,1,0.0235144775360822,0.9764854907989502,True
1783,8.915,-0.4354967,-0.4228904,-0.4203274,-0.46479076,1,1780,8.9,8.909783601760864,1,0.0235144775360822,0.9764854907989502,True
1784,8.92,-0.38417548,-0.3627066,-0.35336077,-0.43756592,1,1784,8.92,8.925552606582642,1,0.0571789033710956,0.9428210854530334,True
1785,8.925,-0.24175517,-0.21969144,-0.20708893,-0.3063986,1,1784,8.92,8.925552606582642,1,0.0571789033710956,0.9428210854530334,True
1786,8.93,-0.032180164,-0.01678868,-0.004027676,-0.08902872,1,1784,8.92,8.925552606582642,1,0.0571789033710956,0.9428210854530334,True
1787,8.935,0.188283,0.19350998,0.20457251,0.1547125,1,1784,8.92,8.925552606582642,1,0.0571789033710956,0.9428210854530334,True
1788,8.94,0.35823163,0.3532854,0.36172938,0.3501978,1,1788,8.94,8.932412385940552,1,0.0341870784759521,0.9658129811286926,True
1789,8.945,0.44019347,0.42689034,0.43224567,0.44570386,1,1788,8.94,8.932412385940552,1,0.0341870784759521,0.9658129811286926,True
1790,8.95,0.43268615,0.4134473,0.41561136,0.43462554,1,1788,8.94,8.932412385940552,1,0.0341870784759521,0.9658129811286926,True
1791,8.955,0.36094862,0.33846036,0.337854,0.34923622,1,1788,8.94,8.932412385940552,1,0.0341870784759521,0.9658129811286926,True
1792,8.96,0.25733182,0.23459077,0.2321635,0.23485428,1,1792,8.96,8.96805739402771,1,0.0400902479887008,0.959909737110138,True
1793,8.965,0.14622374,0.12649265,0.12348783,0.12512316,1,1792,8.96,8.96805739402771,1,0.0400902479887008,0.959909737110138,True
1794,8.97,0.040524863,0.026919259,0.024497943,0.03309975,1,1792,8.96,8.96805739402771,1,0.0400902479887008,0.959909737110138,True
1795,8.975,-0.05374205,-0.059264053,-0.06053176,-0.042447157,1,1792,8.96,8.96805739402771,1,0.0400902479887008,0.959909737110138,True
1796,8.98,-0.13237128,-0.13038692,-0.1310675,-0.106265105,1,1796,8.98,8.984020471572876,1,0.0229486990720033,0.977051317691803,True
1797,8.985,-0.19189519,-0.18619348,-0.18806586,-0.16062608,1,1796,8.98,8.984020471572876,1,0.0229486990720033,0.977051317691803,True
1798,8.99,-0.23113926,-0.22753765,-0.2326372,-0.20526077,1,1796,8.98,8.984020471572876,1,0.0229486990720033,0.977051317691803,True
1799,8.995,-0.25144383,-0.2548987,-0.26383132,-0.23863971,1,1796,8.98,8.984020471572876,1,0.0229486990720033,0.977051317691803,True
1800,9.0,-0.25386202,-0.265566,-0.2764712,-0.25695956,1,1800,9.0,9.00800323486328,1,0.0588357523083686,0.9411641955375672,True
1801,9.005,-0.23586023,-0.25210094,-0.2614739,-0.25209898,1,1800,9.0,9.00800323486328,1,0.0588357523083686,0.9411641955375672,True
1802,9.01,-0.19160512,-0.20486616,-0.20976062,-0.21294433,1,1800,9.0,9.00800323486328,1,0.0588357523083686,0.9411641955375672,True
1803,9.015,-0.11703561,-0.11876863,-0.118413344,-0.13238883,1,1800,9.0,9.00800323486328,1,0.0588357523083686,0.9411641955375672,True
1804,9.02,-0.016395397,-0.00074359786,0.0038258906,-0.016535645,1,1804,9.02,9.026464939117432,1,0.035487376153469,0.964512586593628,True
1805,9.025,0.09489803,0.1274942,0.13503292,0.111554064,1,1804,9.02,9.026464939117432,1,0.035487376153469,0.964512586593628,True
1806,9.03,0.19381823,0.23529296,0.24519129,0.21915841,1,1804,9.02,9.026464939117432,1,0.035487376153469,0.964512586593628,True
1807,9.035,0.25829393,0.29611683,0.30767772,0.27977163,1,1804,9.02,9.026464939117432,1,0.035487376153469,0.964512586593628,True
1808,9.04,0.2762778,0.3004547,0.31183895,0.28708628,1,1808,9.04,9.042472124099731,1,0.0421171896159648,0.957882821559906,True
1809,9.045,0.25022,0.2593714,0.26779184,0.25604334,1,1808,9.04,9.042472124099731,1,0.0421171896159648,0.957882821559906,True
1810,9.05,0.19386141,0.19486107,0.19791141,0.20883992,1,1808,9.04,9.042472124099731,1,0.0421171896159648,0.957882821559906,True
1811,9.055,0.122681744,0.12322344,0.119800165,0.15597422,1,1808,9.04,9.042472124099731,1,0.0421171896159648,0.957882821559906,True
1812,9.06,0.04433694,0.044538893,0.034552224,0.08779127,1,1812,9.06,9.072473764419556,1,0.0249157641083002,0.9750842452049256,True
1813,9.065,-0.043092668,-0.05210973,-0.068152316,-0.014906503,1,1812,9.06,9.072473764419556,1,0.0249157641083002,0.9750842452049256,True
1814,9.07,-0.14235516,-0.17064881,-0.19072841,-0.15752362,1,1812,9.06,9.072473764419556,1,0.0249157641083002,0.9750842452049256,True
1815,9.075,-0.24421535,-0.292042,-0.31091014,-0.3135076,1,1812,9.06,9.072473764419556,1,0.0249157641083002,0.9750842452049256,True
1816,9.08,-0.32222813,-0.37535417,-0.38458693,-0.42775735,1,1816,9.08,9.095427751541138,1,0.0237017590552568,0.976298213005066,True
1817,9.085,-0.34214687,-0.37822962,-0.36989963,-0.44337907,1,1816,9.08,9.095427751541138,1,0.0237017590552568,0.976298213005066,True
1818,9.09,-0.28146228,-0.28364345,-0.2560505,-0.33607915,1,1816,9.08,9.095427751541138,1,0.0237017590552568,0.976298213005066,True
1819,9.095,-0.14584742,-0.114108376,-0.07519548,-0.1332891,1,1816,9.08,9.095427751541138,1,0.0237017590552568,0.976298213005066,True
1820,9.1,0.029113516,0.07687423,0.11194491,0.09585197,1,1820,9.1,9.109990119934082,1,0.0358669646084308,0.9641330242156982,True
1821,9.105,0.19236001,0.2305648,0.24702726,0.27435592,1,1820,9.1,9.109990119934082,1,0.0358669646084308,0.9641330242156982,True
1822,9.11,0.29920647,0.30955142,0.30111036,0.35417163,1,1820,9.1,9.109990119934082,1,0.0358669646084308,0.9641330242156982,True
1823,9.115,0.32865223,0.30996794,0.2819903,0.33399963,1,1820,9.1,9.109990119934082,1,0.0358669646084308,0.9641330242156982,True
1824,9.12,0.28832358,0.25502983,0.22088692,0.25004756,1,1824,9.12,9.12594985961914,1,0.0456895343959331,0.954310417175293,True
1825,9.125,0.20646158,0.17733243,0.15065432,0.14964607,1,1824,9.12,9.12594985961914,1,0.0456895343959331,0.954310417175293,True
1826,9.13,0.11650167,0.10230577,0.09036357,0.06672095,1,1824,9.12,9.12594985961914,1,0.0456895343959331,0.954310417175293,True
1827,9.135,0.042488407,0.041359846,0.043246284,0.012705018,1,1824,9.12,9.12594985961914,1,0.0456895343959331,0.954310417175293,True
1828,9.14,-0.008035346,-0.0052804146,0.0040615466,-0.017394265,1,1828,9.14,9.143351793289185,1,0.0246287286281585,0.975371241569519,True
1829,9.145,-0.04204664,-0.04238123,-0.03327505,-0.03424703,1,1828,9.14,9.143351793289185,1,0.0246287286281585,0.975371241569519,True
1830,9.15,-0.07346565,-0.07605007,-0.07331151,-0.048202727,1,1828,9.14,9.143351793289185,1,0.0246287286281585,0.975371241569519,True
1831,9.155,-0.114956096,-0.112892576,-0.1197705,-0.06859457,1,1828,9.14,9.143351793289185,1,0.0246287286281585,0.975371241569519,True
1832,9.16,-0.17168832,-0.15789358,-0.17379437,-0.10249658,1,1832,9.16,9.17389702796936,1,0.029189545661211,0.9708104133605956,True
1833,9.165,-0.2373051,-0.20895961,-0.22854207,-0.14960232,1,1832,9.16,9.17389702796936,1,0.029189545661211,0.9708104133605956,True
1834,9.17,-0.2930812,-0.25221658,-0.26591113,-0.19739515,1,1832,9.16,9.17389702796936,1,0.029189545661211,0.9708104133605956,True
1835,9.175,-0.31285703,-0.2647574,-0.26206765,-0.22368631,1,1832,9.16,9.17389702796936,1,0.029189545661211,0.9708104133605956,True
1836,9.18,-0.27421904,-0.22622427,-0.20102225,-0.20776907,1,1836,9.18,9.184701204299929,1,0.0610843338072299,0.9389156699180604,True
1837,9.185,-0.17092957,-0.13213967,-0.08697314,-0.14296436,1,1836,9.18,9.184701204299929,1,0.0610843338072299,0.9389156699180604,True
1838,9.19,-0.0188041,0.0007699763,0.054332662,-0.041403785,1,1836,9.18,9.184701204299929,1,0.0610843338072299,0.9389156699180604,True
1839,9.195,0.14883928,0.14092731,0.18656728,0.071671195,1,1836,9.18,9.184701204299929,1,0.0610843338072299,0.9389156699180604,True
1840,9.2,0.2930287,0.25502068,0.27841395,0.16901715,1,1840,9.2,9.21108078956604,1,0.0356639213860034,0.9643360376358032,True
1841,9.205,0.38193947,0.31985343,0.31442422,0.23091805,1,1840,9.2,9.21108078956604,1,0.0356639213860034,0.9643360376358032,True
1842,9.21,0.40027156,0.32824367,0.29722217,0.24990472,1,1840,9.2,9.21108078956604,1,0.0356639213860034,0.9643360376358032,True
1843,9.215,0.35328987,0.2886637,0.24285553,0.23106836,1,1840,9.2,9.21108078956604,1,0.0356639213860034,0.9643360376358032,True
1844,9.22,0.26372424,0.21971318,0.17246976,0.18853699,1,1844,9.22,9.226386070251465,1,0.0652139335870742,0.934786021709442,True
1845,9.225,0.16070683,0.14076109,0.10263012,0.13802215,1,1844,9.22,9.226386070251465,1,0.0652139335870742,0.934786021709442,True
1846,9.23,0.064940386,0.06230326,0.037571874,0.087588035,1,1844,9.22,9.226386070251465,1,0.0652139335870742,0.934786021709442,True
1847,9.235,-0.020519104,-0.017858002,-0.031482495,0.032553047,1,1844,9.22,9.226386070251465,1,0.0652139335870742,0.934786021709442,True
1848,9.24,-0.106382355,-0.108446606,-0.11694087,-0.03977648,1,1848,9.24,9.2424955368042,1,0.0242767296731472,0.9757232666015624,True
1849,9.245,-0.20231284,-0.21163176,-0.21980442,-0.13644801,1,1848,9.24,9.2424955368042,1,0.0242767296731472,0.9757232666015624,True
1850,9.25,-0.3024081,-0.31267923,-0.31997824,-0.24541204,1,1848,9.24,9.2424955368042,1,0.0242767296731472,0.9757232666015624,True
1851,9.255,-0.38223225,-0.38123083,-0.3811693,-0.33346686,1,1848,9.24,9.2424955368042,1,0.0242767296731472,0.9757232666015624,True
1852,9.26,-0.4098389,-0.38501433,-0.36931863,-0.35978368,1,1852,9.26,9.274014949798584,1,0.0316924042999744,0.9683075547218324,True
1853,9.265,-0.36332944,-0.30791697,-0.27302763,-0.2981889,1,1852,9.26,9.274014949798584,1,0.0316924042999744,0.9683075547218324,True
1854,9.27,-0.24390483,-0.16138513,-0.11260167,-0.15475294,1,1852,9.26,9.274014949798584,1,0.0316924042999744,0.9683075547218324,True
1855,9.275,-0.07734814,0.017608264,0.06776232,0.030421313,1,1852,9.26,9.274014949798584,1,0.0316924042999744,0.9683075547218324,True
1856,9.28,0.095783085,0.18099314,0.21929257,0.19911735,1,1856,9.28,9.285247325897217,1,0.0347469709813594,0.9652530550956726,True
1857,9.285,0.23544322,0.2889863,0.30821323,0.30058727,1,1856,9.28,9.285247325897217,1,0.0347469709813594,0.9652530550956726,True
1858,9.29,0.31569538,0.32486942,0.32603675,0.31355542,1,1856,9.28,9.285247325897217,1,0.0347469709813594,0.9652530550956726,True
1859,9.295,0.3313465,0.29817417,0.28744355,0.25325236,1,1856,9.28,9.285247325897217,1,0.0347469709813594,0.9652530550956726,True
1860,9.3,0.29564884,0.23532124,0.21900012,0.15995505,1,1860,9.3,9.315158605575562,1,0.0657564178109169,0.934243619441986,True
1861,9.305,0.23091899,0.1636538,0.1454559,0.075745344,1,1860,9.3,9.315158605575562,1,0.0657564178109169,0.934243619441986,True
1862,9.31,0.15745443,0.09870239,0.08041338,0.023320468,1,1860,9.3,9.315158605575562,1,0.0657564178109169,0.934243619441986,True
1863,9.315,0.08704962,0.042048607,0.025185866,-0.00053623103,1,1860,9.3,9.315158605575562,1,0.0657564178109169,0.934243619441986,True
1864,9.32,0.023748651,-0.011007708,-0.025375621,-0.014482262,1,1864,9.32,9.342571258544922,1,0.0245872884988784,0.9754127264022828,True
1865,9.325,-0.03150139,-0.062357254,-0.075571135,-0.035160866,1,1864,9.32,9.342571258544922,1,0.0245872884988784,0.9754127264022828,True
1866,9.33,-0.077992916,-0.108713,-0.12536503,-0.06673346,1,1864,9.32,9.342571258544922,1,0.0245872884988784,0.9754127264022828,True
1867,9.335,-0.11596494,-0.14601104,-0.17126189,-0.10315073,1,1864,9.32,9.342571258544922,1,0.0245872884988784,0.9754127264022828,True
1868,9.34,-0.14739683,-0.17343162,-0.20792958,-0.13680817,1,1868,9.34,9.348219394683838,1,0.0301509946584701,0.9698489904403688,True
1869,9.345,-0.17374794,-0.19174951,-0.22830063,-0.16342917,1,1868,9.34,9.348219394683838,1,0.0301509946584701,0.9698489904403688,True
1870,9.35,-0.19280733,-0.1988822,-0.22435239,-0.1800695,1,1868,9.34,9.348219394683838,1,0.0301509946584701,0.9698489904403688,True
1871,9.355,-0.19917296,-0.18924381,-0.19118555,-0.1815125,1,1868,9.34,9.348219394683838,1,0.0301509946584701,0.9698489904403688,True
1872,9.36,-0.18812023,-0.15801479,-0.13170324,-0.16056497,1,1872,9.36,9.37758755683899,1,0.050521396100521,0.949478566646576,True
1873,9.365,-0.15732016,-0.1045593,-0.055763334,-0.111740604,1,1872,9.36,9.37758755683899,1,0.050521396100521,0.949478566646576,True
1874,9.37,-0.10383855,-0.030966718,0.027019113,-0.034563977,1,1872,9.36,9.37758755683899,1,0.050521396100521,0.949478566646576,True
1875,9.375,-0.022416735,0.06017694,0.11282924,0.064654656,1,1872,9.36,9.37758755683899,1,0.050521396100521,0.949478566646576,True
1876,9.38,0.0875278,0.16239356,0.19962049,0.17130454,1,1876,9.38,9.393824577331545,1,0.0392362512648105,0.9607637524604796,True
1877,9.385,0.20971711,0.2584227,0.2769589,0.26246843,1,1876,9.38,9.393824577331545,1,0.0392362512648105,0.9607637524604796,True
1878,9.39,0.30828735,0.3204777,0.3228497,0.31262407,1,1876,9.38,9.393824577331545,1,0.0392362512648105,0.9607637524604796,True
1879,9.395,0.34419215,0.32359883,0.3151608,0.3055548,1,1876,9.38,9.393824577331545,1,0.0392362512648105,0.9607637524604796,True
1880,9.4,0.30103344,0.2630808,0.24892436,0.24460812,1,1880,9.4,9.404622793197632,1,0.1037511304020881,0.8962488770484924,True
1881,9.405,0.19761325,0.15919095,0.14219531,0.1509783,1,1880,9.4,9.404622793197632,1,0.1037511304020881,0.8962488770484924,True
1882,9.41,0.07429087,0.042890355,0.02343018,0.049000233,1,1880,9.4,9.404622793197632,1,0.1037511304020881,0.8962488770484924,True
1883,9.415,-0.03544159,-0.06488694,-0.087745376,-0.049448285,1,1880,9.4,9.404622793197632,1,0.1037511304020881,0.8962488770484924,True
1884,9.42,-0.12288443,-0.16103266,-0.18756549,-0.14673568,1,1884,9.42,9.428384065628052,1,0.0248017683625221,0.975198209285736,True
1885,9.425,-0.19711304,-0.2487467,-0.27687845,-0.24511316,1,1884,9.42,9.428384065628052,1,0.0248017683625221,0.975198209285736,True
1886,9.43,-0.2626273,-0.31971124,-0.34460038,-0.32995257,1,1884,9.42,9.428384065628052,1,0.0248017683625221,0.975198209285736,True
1887,9.435,-0.30470008,-0.3492498,-0.3646671,-0.36840653,1,1884,9.42,9.428384065628052,1,0.0248017683625221,0.975198209285736,True
1888,9.44,-0.29667,-0.31127936,-0.31235647,-0.3286263,1,1888,9.44,9.442502498626707,1,0.0460868664085865,0.9539130926132202,True
1889,9.445,-0.22253491,-0.20106024,-0.1869719,-0.20599508,1,1888,9.44,9.442502498626707,1,0.0460868664085865,0.9539130926132202,True
1890,9.45,-0.09479936,-0.045960277,-0.020796882,-0.034673657,1,1888,9.44,9.442502498626707,1,0.0460868664085865,0.9539130926132202,True
1891,9.455,0.04777973,0.10589292,0.13479792,0.1270708,1,1888,9.44,9.442502498626707,1,0.0460868664085865,0.9539130926132202,True
1892,9.46,0.16097486,0.21110976,0.23634793,0.22865161,1,1892,9.46,9.460877895355225,1,0.0354956947267055,0.9645042419433594,True
1893,9.465,0.21859685,0.2519151,0.26858425,0.25317764,1,1892,9.46,9.460877895355225,1,0.0354956947267055,0.9645042419433594,True
1894,9.47,0.22229484,0.23871942,0.2450803,0.2197792,1,1892,9.46,9.460877895355225,1,0.0354956947267055,0.9645042419433594,True
1895,9.475,0.1931424,0.19615398,0.19282015,0.16373998,1,1892,9.46,9.460877895355225,1,0.0354956947267055,0.9645042419433594,True
1896,9.48,0.15424195,0.14608024,0.13518551,0.11260575,1,1896,9.48,9.493804931640623,1,0.0971052572131156,0.9028947353363036,True
1897,9.485,0.11808178,0.09972216,0.084714316,0.07606148,1,1896,9.48,9.493804931640623,1,0.0971052572131156,0.9028947353363036,True
1898,9.49,0.0854983,0.060160495,0.045406654,0.052078243,1,1896,9.48,9.493804931640623,1,0.0971052572131156,0.9028947353363036,True
1899,9.495,0.05252698,0.027649509,0.016879493,0.037451405,1,1896,9.48,9.493804931640623,1,0.0971052572131156,0.9028947353363036,True
1900,9.5,0.01663871,0.0009909461,-0.004875371,0.030460814,1,1900,9.5,9.504653215408323,1,0.0255629569292068,0.9744370579719543,True
1901,9.505,-0.02252891,-0.024652638,-0.028326277,0.025038939,1,1900,9.5,9.504653215408323,1,0.0255629569292068,0.9744370579719543,True
1902,9.51,-0.06591058,-0.05807546,-0.06392723,0.006459425,1,1900,9.5,9.504653215408323,1,0.0255629569292068,0.9744370579719543,True
1903,9.515,-0.115788884,-0.10682642,-0.11698156,-0.04239711,1,1900,9.5,9.504653215408323,1,0.0255629569292068,0.9744370579719543,True
1904,9.52,-0.17186761,-0.16903391,-0.18041447,-0.12628108,1,1904,9.52,9.527231693267822,1,0.0454840213060379,0.9545159935951232,True
1905,9.525,-0.22557116,-0.22915308,-0.2341305,-0.2265208,1,1904,9.52,9.527231693267822,1,0.0454840213060379,0.9545159935951232,True
1906,9.53,-0.2586593,-0.26264384,-0.2534253,-0.30489764,1,1904,9.52,9.527231693267822,1,0.0454840213060379,0.9545159935951232,True
1907,9.535,-0.24982332,-0.24781816,-0.22180027,-0.32214606,1,1904,9.52,9.527231693267822,1,0.0454840213060379,0.9545159935951232,True
1908,9.54,-0.18658774,-0.17736773,-0.13977456,-0.25908136,1,1908,9.54,9.544069051742554,1,0.0607370845973491,0.9392629265785216,True
1909,9.545,-0.07467413,-0.06235168,-0.024255635,-0.12653458,1,1908,9.54,9.544069051742554,1,0.0607370845973491,0.9392629265785216,True
1910,9.55,0.0622696,0.07288555,0.09992411,0.040919818,1,1908,9.54,9.544069051742554,1,0.0607370845973491,0.9392629265785216,True
1911,9.555,0.19280176,0.20040311,0.20965233,0.20124489,1,1908,9.54,9.544069051742554,1,0.0607370845973491,0.9392629265785216,True
1912,9.56,0.2904626,0.29688624,0.2886219,0.32040703,1,1912,9.56,9.577115058898926,1,0.0381847321987152,0.9618152379989624,True
1913,9.565,0.34079316,0.34742624,0.32732406,0.38008404,1,1912,9.56,9.577115058898926,1,0.0381847321987152,0.9618152379989624,True
1914,9.57,0.34033352,0.34595123,0.321496,0.37755936,1,1912,9.56,9.577115058898926,1,0.0381847321987152,0.9618152379989624,True
1915,9.575,0.29232696,0.29457697,0.27187902,0.32135025,1,1912,9.56,9.577115058898926,1,0.0381847321987152,0.9618152379989624,True
1916,9.58,0.20464943,0.20241453,0.18459369,0.22549717,1,1916,9.58,9.59255051612854,1,0.0611911714076995,0.9388088583946228,True
1917,9.585,0.09044863,0.08318759,0.07005195,0.10428457,1,1916,9.58,9.59255051612854,1,0.0611911714076995,0.9388088583946228,True
1918,9.59,-0.032240048,-0.047704086,-0.05922862,-0.030386046,1,1916,9.58,9.59255051612854,1,0.0611911714076995,0.9388088583946228,True
1919,9.595,-0.14460334,-0.17482899,-0.18933907,-0.16720116,1,1916,9.58,9.59255051612854,1,0.0611911714076995,0.9388088583946228,True
1920,9.6,-0.2332876,-0.2827814,-0.3035909,-0.29107568,1,1920,9.6,9.60022783279419,1,0.0242533050477504,0.975746750831604,True
1921,9.605,-0.29409188,-0.35661957,-0.3820796,-0.38156742,1,1920,9.6,9.60022783279419,1,0.0242533050477504,0.975746750831604,True
1922,9.61,-0.32924855,-0.3840323,-0.4053875,-0.417643,1,1920,9.6,9.60022783279419,1,0.0242533050477504,0.975746750831604,True
1923,9.615,-0.3391644,-0.35804412,-0.36173874,-0.38636926,1,1920,9.6,9.60022783279419,1,0.0242533050477504,0.975746750831604,True
1924,9.62,-0.31537852,-0.2786546,-0.25363192,-0.2894407,1,1924,9.62,9.622270584106444,1,0.0553487576544284,0.9446512460708618,True
1925,9.625,-0.2430805,-0.15394093,-0.10026175,-0.14382015,1,1924,9.62,9.622270584106444,1,0.0553487576544284,0.9446512460708618,True
1926,9.63,-0.114922285,-0.0017339865,0.06577205,0.02241929,1,1924,9.62,9.622270584106444,1,0.0553487576544284,0.9446512460708618,True
1927,9.635,0.0534335,0.15007469,0.20729713,0.17632857,1,1924,9.62,9.622270584106444,1,0.0553487576544284,0.9446512460708618,True
1928,9.64,0.22092372,0.26895136,0.2949779,0.28749496,1,1928,9.64,9.648616075515749,1,0.0357902608811855,0.9642096757888794,True
1929,9.645,0.33826926,0.32957864,0.31819573,0.33640134,1,1928,9.64,9.648616075515749,1,0.0357902608811855,0.9642096757888794,True
1930,9.65,0.3743518,0.32540447,0.28759417,0.3210393,1,1928,9.64,9.648616075515749,1,0.0357902608811855,0.9642096757888794,True
1931,9.655,0.33224234,0.2708579,0.2267451,0.25745237,1,1928,9.64,9.648616075515749,1,0.0357902608811855,0.9642096757888794,True
1932,9.66,0.24354343,0.1922897,0.15885395,0.17278825,1,1932,9.66,9.6707022190094,1,0.0409112088382244,0.9590888023376464,True
1933,9.665,0.14730617,0.114802934,0.0982133,0.09430056,1,1932,9.66,9.6707022190094,1,0.0409112088382244,0.9590888023376464,True
1934,9.67,0.069850974,0.053403348,0.050120935,0.039362863,1,1932,9.66,9.6707022190094,1,0.0409112088382244,0.9590888023376464,True
1935,9.675,0.01698727,0.010606325,0.01404813,0.009562565,1,1932,9.66,9.6707022190094,1,0.0409112088382244,0.9590888023376464,True
1936,9.68,-0.0214503,-0.02210508,-0.015957924,-0.009565655,1,1936,9.68,9.692407608032228,1,0.0233389679342508,0.9766610264778136,True
1937,9.685,-0.0613233,-0.059903543,-0.05178613,-0.041314837,1,1936,9.68,9.692407608032228,1,0.0233389679342508,0.9766610264778136,True
1938,9.69,-0.113681726,-0.11565076,-0.105745025,-0.103109665,1,1936,9.68,9.692407608032228,1,0.0233389679342508,0.9766610264778136,True
1939,9.695,-0.1769404,-0.18805228,-0.1782668,-0.19077824,1,1936,9.68,9.692407608032228,1,0.0233389679342508,0.9766610264778136,True
1940,9.7,-0.23465985,-0.25542888,-0.24913299,-0.2737285,1,1940,9.7,9.70262360572815,1,0.0526618361473083,0.9473381042480468,True
1941,9.705,-0.26187402,-0.28394723,-0.28411484,-0.30899113,1,1940,9.7,9.70262360572815,1,0.0526618361473083,0.9473381042480468,True
1942,9.71,-0.23896079,-0.24871984,-0.25638023,-0.26817188,1,1940,9.7,9.70262360572815,1,0.0526618361473083,0.9473381042480468,True
1943,9.715,-0.16554052,-0.1532906,-0.16693804,-0.15862016,1,1940,9.7,9.70262360572815,1,0.0526618361473083,0.9473381042480468,True
1944,9.72,-0.06410665,-0.031073313,-0.04660617,-0.021530645,1,1944,9.72,9.726258039474487,1,0.0361716337502002,0.9638283848762512,True
1945,9.725,0.031385195,0.07453384,0.06330313,0.09343635,1,1944,9.72,9.726258039474487,1,0.0361716337502002,0.9638283848762512,True
1946,9.73,0.09552004,0.13694316,0.13634405,0.15848489,1,1944,9.72,9.726258039474487,1,0.0361716337502002,0.9638283848762512,True
1947,9.735,0.12553014,0.15938665,0.17241138,0.18011153,1,1944,9.72,9.726258039474487,1,0.0361716337502002,0.9638283848762512,True
1948,9.74,0.13823117,0.16482943,0.18814279,0.18550716,1,1948,9.74,9.74429726600647,1,0.0438439287245273,0.9561560750007628,True
1949,9.745,0.15214053,0.17277399,0.1971427,0.19598952,1,1948,9.74,9.74429726600647,1,0.0438439287245273,0.9561560750007628,True
1950,9.75,0.17004187,0.18301903,0.19793017,0.20975322,1,1948,9.74,9.74429726600647,1,0.0438439287245273,0.9561560750007628,True
1951,9.755,0.1770504,0.17862396,0.1781911,0.20611995,1,1948,9.74,9.74429726600647,1,0.0438439287245273,0.9561560750007628,True
1952,9.76,0.15497732,0.14261173,0.1283655,0.16426848,1,1952,9.76,9.777249813079834,1,0.0453585088253021,0.9546415209770204,True
1953,9.765,0.09882905,0.07218013,0.050818887,0.078987844,1,1952,9.76,9.777249813079834,1,0.0453585088253021,0.9546415209770204,True
1954,9.77,0.020395705,-0.020520898,-0.042071477,-0.037483077,1,1952,9.76,9.777249813079834,1,0.0453585088253021,0.9546415209770204,True
1955,9.775,-0.06245635,-0.11783661,-0.13570596,-0.16384429,1,1952,9.76,9.777249813079834,1,0.0453585088253021,0.9546415209770204,True
1956,9.78,-0.13833429,-0.20488305,-0.21765266,-0.27741793,1,1956,9.78,9.79244065284729,1,0.0247297566384077,0.9752702713012696,True
1957,9.785,-0.20392148,-0.26976332,-0.27576303,-0.3558428,1,1956,9.78,9.79244065284729,1,0.0247297566384077,0.9752702713012696,True
1958,9.79,-0.25432295,-0.29926112,-0.29544342,-0.37729344,1,1956,9.78,9.79244065284729,1,0.0247297566384077,0.9752702713012696,True
1959,9.795,-0.27409357,-0.27854493,-0.26263016,-0.32596046,1,1956,9.78,9.79244065284729,1,0.0247297566384077,0.9752702713012696,True
1960,9.8,-0.24090657,-0.1986464,-0.17251599,-0.20224328,1,1960,9.8,9.80748414993286,1,0.068127766251564,0.9318722486495972,True
1961,9.805,-0.14168201,-0.06648994,-0.037173305,-0.029117722,1,1960,9.8,9.80748414993286,1,0.068127766251564,0.9318722486495972,True
1962,9.81,0.011670485,0.0918081,0.115099646,0.15315643,1,1960,9.8,9.80748414993286,1,0.068127766251564,0.9318722486495972,True
1963,9.815,0.18085866,0.23876148,0.2493981,0.3024657,1,1960,9.8,9.80748414993286,1,0.068127766251564,0.9318722486495972,True
1964,9.82,0.31673095,0.3397847,0.33655193,0.3902214,1,1964,9.82,9.842377662658691,1,0.0357172638177871,0.964282751083374,True
1965,9.825,0.38122985,0.37476176,0.36102542,0.4072434,1,1964,9.82,9.842377662658691,1,0.0357172638177871,0.964282751083374,True
1966,9.83,0.36202693,0.34155482,0.32231697,0.35974354,1,1964,9.82,9.842377662658691,1,0.0357172638177871,0.964282751083374,True
1967,9.835,0.2734933,0.2531241,0.23281945,0.2627236,1,1964,9.82,9.842377662658691,1,0.0357172638177871,0.964282751083374,True
1968,9.84,0.14699931,0.13261425,0.11490146,0.13692181,1,1968,9.84,9.84826683998108,1,0.0370164588093757,0.96298348903656,True
1969,9.845,0.017290527,0.007832099,-0.0037411049,0.007903192,1,1968,9.84,9.84826683998108,1,0.0370164588093757,0.96298348903656,True
1970,9.85,-0.08967252,-0.09630114,-0.098549314,-0.098574676,1,1968,9.84,9.84826683998108,1,0.0370164588093757,0.96298348903656,True
1971,9.855,-0.16406897,-0.16678661,-0.15848185,-0.1667366,1,1968,9.84,9.84826683998108,1,0.0370164588093757,0.96298348903656,True
1972,9.86,-0.21250702,-0.20806384,-0.19161853,-0.20014225,1,1972,9.86,9.87251329421997,1,0.0235732812434434,0.9764267206192015,True
1973,9.865,-0.25065997,-0.23814659,-0.21973462,-0.220651,1,1972,9.86,9.87251329421997,1,0.0235732812434434,0.9764267206192015,True
1974,9.87,-0.29082915,-0.27492258,-0.26236424,-0.25361374,1,1972,9.86,9.87251329421997,1,0.0235732812434434,0.9764267206192015,True
1975,9.875,-0.33033344,-0.32004678,-0.3192097,-0.30708653,1,1972,9.86,9.87251329421997,1,0.0235732812434434,0.9764267206192015,True
1976,9.88,-0.3478532,-0.35169137,-0.36322433,-0.35977256,1,1976,9.88,9.894205570220947,1,0.0703683868050575,0.9296315908432008,True
1977,9.885,-0.31222212,-0.33336705,-0.35178146,-0.36854717,1,1976,9.88,9.894205570220947,1,0.0703683868050575,0.9296315908432008,True
1978,9.89,-0.20135473,-0.2357906,-0.2519158,-0.29349065,1,1976,9.88,9.894205570220947,1,0.0703683868050575,0.9296315908432008,True
1979,9.895,-0.020930057,-0.058865517,-0.064750925,-0.12539034,1,1976,9.88,9.894205570220947,1,0.0703683868050575,0.9296315908432008,True
1980,9.9,0.19049369,0.16112034,0.16760316,0.1024561,1,1980,9.9,9.908625364303589,1,0.0352765396237373,0.9647234678268432,True
1981,9.905,0.37605134,0.3650984,0.37894568,0.32657897,1,1980,9.9,9.908625364303589,1,0.0352765396237373,0.9647234678268432,True
1982,9.91,0.48693126,0.49763346,0.509773,0.48244223,1,1980,9.9,9.908625364303589,1,0.0352765396237373,0.9647234678268432,True
1983,9.915,0.5033475,0.52996033,0.5328103,0.5327161,1,1980,9.9,9.908625364303589,1,0.0352765396237373,0.9647234678268432,True
1984,9.92,0.4375072,0.46748605,0.45933944,0.47951734,1,1984,9.92,9.93516755104065,1,0.0620997175574302,0.9379002451896667,True
1985,9.925,0.32045847,0.34131938,0.326767,0.3570619,1,1984,9.92,9.93516755104065,1,0.0620997175574302,0.9379002451896667,True
1986,9.93,0.1853155,0.19212246,0.17864233,0.21219318,1,1984,9.92,9.93516755104065,1,0.0620997175574302,0.9379002451896667,True
1987,9.935,0.057108834,0.05475672,0.04823603,0.083792835,1,1984,9.92,9.93516755104065,1,0.0620997175574302,0.9379002451896667,True
1988,9.94,-0.05030069,-0.05219998,-0.04991151,-0.0108219525,1,1988,9.94,9.952488899230955,1,0.0227397251874208,0.9772602915763856,True
1989,9.945,-0.13495912,-0.1303437,-0.12077461,-0.07871175,1,1988,9.94,9.952488899230955,1,0.0227397251874208,0.9772602915763856,True
1990,9.95,-0.20610768,-0.19673486,-0.18245861,-0.142756,1,1988,9.94,9.952488899230955,1,0.0227397251874208,0.9772602915763856,True
1991,9.955,-0.27792233,-0.27036628,-0.25333256,-0.22464807,1,1988,9.94,9.952488899230955,1,0.0227397251874208,0.9772602915763856,True
1992,9.96,-0.35642636,-0.35542253,-0.33711985,-0.32702833,1,1992,9.96,9.972572565078735,1,0.0275358092039823,0.9724641442298888,True
1993,9.965,-0.42730576,-0.43198836,-0.4146896,-0.4252043,1,1992,9.96,9.972572565078735,1,0.0275358092039823,0.9724641442298888,True
1994,9.97,-0.45673296,-0.4626113,-0.45002854,-0.475704,1,1992,9.96,9.972572565078735,1,0.0275358092039823,0.9724641442298888,True
1995,9.975,-0.40954232,-0.41309285,-0.4094427,-0.43928033,1,1992,9.96,9.972572565078735,1,0.0275358092039823,0.9724641442298888,True
1996,9.98,-0.2742765,-0.27514717,-0.28308603,-0.30556682,1,1996,9.98,9.992517948150637,1,0.0376721322536468,0.9623278379440308,True
1997,9.985,-0.07647092,-0.075895384,-0.09473152,-0.103524424,1,1996,9.98,9.992517948150637,1,0.0376721322536468,0.9623278379440308,True
1998,9.99,0.13101467,0.13257769,0.10718854,0.11004993,1,1996,9.98,9.992517948150637,1,0.0376721322536468,0.9623278379440308,True
1999,9.995,0.29432872,0.2971175,0.2717696,0.27730173,1,1996,9.98,9.992517948150637,1,0.0376721322536468,0.9623278379440308,True
2000,10.0,0.38321397,0.38615125,0.36729553,0.36487412,1,2000,10.0,10.009161710739136,1,0.0343609824776649,0.9656389355659484,True
2001,10.005,0.39879328,0.39882693,0.3904528,0.37379506,1,2000,10.0,10.009161710739136,1,0.0343609824776649,0.9656389355659484,True
2002,10.01,0.36358705,0.35810935,0.3603972,0.33068505,1,2000,10.0,10.009161710739136,1,0.0343609824776649,0.9656389355659484,True
2003,10.015,0.3042768,0.29436445,0.3038597,0.26863888,1,2000,10.0,10.009161710739136,1,0.0343609824776649,0.9656389355659484,True
2004,10.02,0.23868912,0.22929677,0.24069974,0.21000993,1,2004,10.02,10.027264833450316,1,0.0259979199618101,0.9740020036697388,True
2005,10.025,0.17200261,0.1680672,0.176948,0.15938644,1,2004,10.02,10.027264833450316,1,0.0259979199618101,0.9740020036697388,True
2006,10.03,0.10071978,0.10245045,0.10733601,0.10780665,1,2004,10.02,10.027264833450316,1,0.0259979199618101,0.9740020036697388,True
2007,10.035,0.020109396,0.02195968,0.024284648,0.043379944,1,2004,10.02,10.027264833450316,1,0.0259979199618101,0.9740020036697388,True
2008,10.04,-0.06934134,-0.074660346,-0.07270317,-0.038640384,1,2008,10.04,10.042555809020996,1,0.0227902941405773,0.977209746837616,True
2009,10.045,-0.15975522,-0.17523322,-0.1729541,-0.13155465,1,2008,10.04,10.042555809020996,1,0.0227902941405773,0.977209746837616,True
2010,10.05,-0.23867695,-0.25960654,-0.25794265,-0.21984394,1,2008,10.04,10.042555809020996,1,0.0227902941405773,0.977209746837616,True
2011,10.055,-0.29421136,-0.3100465,-0.3094594,-0.2858797,1,2008,10.04,10.042555809020996,1,0.0227902941405773,0.977209746837616,True
2012,10.06,-0.3183057,-0.31868544,-0.31734654,-0.31611636,1,2012,10.06,10.072302341461182,1,0.0338843539357185,0.9661155939102172,True
2013,10.065,-0.3062893,-0.2874669,-0.28233844,-0.30359372,1,2012,10.06,10.072302341461182,1,0.0338843539357185,0.9661155939102172,True
2014,10.07,-0.2550994,-0.22278772,-0.21321958,-0.24714445,1,2012,10.06,10.072302341461182,1,0.0338843539357185,0.9661155939102172,True
2015,10.075,-0.16439281,-0.13117577,-0.12151608,-0.15056962,1,2012,10.06,10.072302341461182,1,0.0338843539357185,0.9661155939102172,True
2016,10.08,-0.041512452,-0.0202747,-0.01826244,-0.024372535,1,2016,10.08,10.094578504562378,1,0.0343486629426479,0.965651273727417,True
2017,10.085,0.09403912,0.09671662,0.08526634,0.11144239,1,2016,10.08,10.094578504562378,1,0.0343486629426479,0.965651273727417,True
2018,10.09,0.21267405,0.19928737,0.17544739,0.228469,1,2016,10.08,10.094578504562378,1,0.0343486629426479,0.965651273727417,True
2019,10.095,0.2850647,0.2649698,0.23735584,0.29830617,1,2016,10.08,10.094578504562378,1,0.0343486629426479,0.965651273727417,True
2020,10.1,0.295583,0.27982762,0.260401,0.30528826,1,2020,10.1,10.109232187271118,1,0.0396193675696849,0.9603806734085084,True
2021,10.105,0.25005966,0.24648464,0.24438342,0.25488394,1,2020,10.1,10.109232187271118,1,0.0396193675696849,0.9603806734085084,True
2022,10.11,0.1718415,0.18242626,0.19953579,0.17019874,1,2020,10.1,10.109232187271118,1,0.0396193675696849,0.9603806734085084,True
2023,10.115,0.087639146,0.10826145,0.13864836,0.07743646,1,2020,10.1,10.109232187271118,1,0.0396193675696849,0.9603806734085084,True
2024,10.12,0.012231262,0.03435864,0.067407615,-0.009368556,1,2024,10.12,10.137507677078249,1,0.0261472035199403,0.9738527536392212,True
2025,10.125,-0.056717694,-0.04274014,-0.017381564,-0.09198044,1,2024,10.12,10.137507677078249,1,0.0261472035199403,0.9738527536392212,True
2026,10.13,-0.12886049,-0.12968583,-0.11798946,-0.17624933,1,2024,10.12,10.137507677078249,1,0.0261472035199403,0.9738527536392212,True
2027,10.135,-0.20363502,-0.21976183,-0.22210181,-0.25488016,1,2024,10.12,10.137507677078249,1,0.0261472035199403,0.9738527536392212,True
2028,10.14,-0.26052174,-0.28609237,-0.29912245,-0.30122766,1,2028,10.14,10.152569055557253,1,0.0236593503504991,0.9763407111167908,True
2029,10.145,-0.26797426,-0.2938898,-0.31356645,-0.2829617,1,2028,10.14,10.152569055557253,1,0.0236593503504991,0.9763407111167908,True
2030,10.15,-0.20608854,-0.22455494,-0.24773963,-0.18717104,1,2028,10.14,10.152569055557253,1,0.0236593503504991,0.9763407111167908,True
2031,10.155,-0.08485974,-0.092609964,-0.11634315,-0.036611713,1,2028,10.14,10.152569055557253,1,0.0236593503504991,0.9763407111167908,True
2032,10.16,0.057613265,0.058983043,0.038944807,0.11786811,1,2032,10.16,10.172409057617188,1,0.0411075688898563,0.9588924646377563,True
2033,10.165,0.17600846,0.18208234,0.17099881,0.2247473,1,2032,10.16,10.172409057617188,1,0.0411075688898563,0.9588924646377563,True
2034,10.17,0.24150844,0.2476898,0.24910264,0.25915143,1,2032,10.16,10.172409057617188,1,0.0411075688898563,0.9588924646377563,True
2035,10.175,0.25170985,0.2548725,0.26741508,0.2311268,1,2032,10.16,10.172409057617188,1,0.0411075688898563,0.9588924646377563,True
2036,10.18,0.22301961,0.22178394,0.23865229,0.17200208,1,2036,10.18,10.192522048950195,1,0.049670398235321,0.950329601764679,True
2037,10.185,0.17512058,0.16952237,0.18197238,0.11210365,1,2036,10.18,10.192522048950195,1,0.049670398235321,0.950329601764679,True
2038,10.19,0.11997547,0.11150271,0.11443714,0.066204675,1,2036,10.18,10.192522048950195,1,0.049670398235321,0.950329601764679,True
2039,10.195,0.060849454,0.05290957,0.048488278,0.033374533,1,2036,10.18,10.192522048950195,1,0.049670398235321,0.950329601764679,True
2040,10.2,-0.0018654795,-0.0041298186,-0.007941877,0.006022666,1,2040,10.2,10.206916093826294,1,0.030020298436284,0.969979763031006,True
2041,10.205,-0.064866066,-0.056519102,-0.051884886,-0.021498349,1,2040,10.2,10.206916093826294,1,0.030020298436284,0.969979763031006,True
2042,10.21,-0.12084896,-0.100437075,-0.08583681,-0.050394364,1,2040,10.2,10.206916093826294,1,0.030020298436284,0.969979763031006,True
2043,10.215,-0.16218592,-0.13407128,-0.11596349,-0.08002757,1,2040,10.2,10.206916093826294,1,0.030020298436284,0.969979763031006,True
2044,10.22,-0.18594158,-0.15921646,-0.14768939,-0.11093553,1,2044,10.22,10.239218950271606,1,0.0542719103395938,0.945728063583374,True
2045,10.225,-0.19595568,-0.1796865,-0.18127427,-0.14457595,1,2044,10.22,10.239218950271606,1,0.0542719103395938,0.945728063583374,True
2046,10.23,-0.19953486,-0.1972607,-0.21029072,-0.17978701,1,2044,10.22,10.239218950271606,1,0.0542719103395938,0.945728063583374,True
2047,10.235,-0.20011757,-0.20782267,-0.22362943,-0.20919354,1,2044,10.22,10.239218950271606,1,0.0542719103395938,0.945728063583374,True
2048,10.24,-0.19115059,-0.20064445,-0.20953752,-0.21922585,1,2048,10.24,10.255367279052734,1,0.054361380636692,0.9456385970115662,True
2049,10.245,-0.15708035,-0.16231376,-0.1599316,-0.19483897,1,2048,10.24,10.255367279052734,1,0.054361380636692,0.9456385970115662,True
2050,10.25,-0.082906924,-0.08411688,-0.07396181,-0.12666762,1,2048,10.24,10.255367279052734,1,0.054361380636692,0.9456385970115662,True
2051,10.255,0.033098314,0.030676907,0.039818004,-0.017075414,1,2048,10.24,10.255367279052734,1,0.054361380636692,0.9456385970115662,True
2052,10.26,0.17226696,0.1635991,0.16337511,0.117232814,1,2052,10.26,10.275748014450071,1,0.0392855107784271,0.9607144594192504,True
2053,10.265,0.2995848,0.28424364,0.27194938,0.24707976,1,2052,10.26,10.275748014450071,1,0.0392855107784271,0.9607144594192504,True
2054,10.27,0.37764814,0.36002946,0.34015384,0.3382389,1,2052,10.26,10.275748014450071,1,0.0392855107784271,0.9607144594192504,True
2055,10.275,0.38362154,0.36957872,0.35080266,0.36434007,1,2052,10.26,10.275748014450071,1,0.0392855107784271,0.9607144594192504,True
2056,10.28,0.32023308,0.31336695,0.30304354,0.3202879,1,2056,10.28,10.293693780899048,1,0.1190026551485061,0.8809973001480103,True
2057,10.285,0.21376061,0.21384984,0.21380737,0.22628011,1,2056,10.28,10.293693780899048,1,0.1190026551485061,0.8809973001480103,True
2058,10.29,0.09847341,0.102133736,0.108763024,0.11572361,1,2056,10.28,10.293693780899048,1,0.1190026551485061,0.8809973001480103,True
2059,10.295,-0.003457245,-0.001069821,0.0072234934,0.013370554,1,2056,10.28,10.293693780899048,1,0.1190026551485061,0.8809973001480103,True
2060,10.3,-0.09185609,-0.09501932,-0.08696646,-0.07845788,1,2060,10.3,10.308751106262209,1,0.0240760520100593,0.9759239554405212,True
2061,10.305,-0.17940018,-0.18959971,-0.17939085,-0.17190252,1,2060,10.3,10.308751106262209,1,0.0240760520100593,0.9759239554405212,True
2062,10.31,-0.2704264,-0.28457862,-0.26853156,-0.26987833,1,2060,10.3,10.308751106262209,1,0.0240760520100593,0.9759239554405212,True
2063,10.315,-0.3469474,-0.35754728,-0.3353289,-0.3495336,1,2060,10.3,10.308751106262209,1,0.0240760520100593,0.9759239554405212,True
2064,10.32,-0.3763381,-0.37445596,-0.35146037,-0.37126243,1,2064,10.32,10.336629867553713,1,0.0314921401441097,0.9685078859329224,True
2065,10.325,-0.33545122,-0.3154705,-0.30081293,-0.30809903,1,2064,10.32,10.336629867553713,1,0.0314921401441097,0.9685078859329224,True
2066,10.33,-0.22981381,-0.19315206,-0.1944131,-0.17019346,1,2064,10.32,10.336629867553713,1,0.0314921401441097,0.9685078859329224,True
2067,10.335,-0.090825774,-0.04628411,-0.06454023,-0.0026470888,1,2064,10.32,10.336629867553713,1,0.0314921401441097,0.9685078859329224,True
2068,10.34,0.04513054,0.08469069,0.056070864,0.14113377,1,2068,10.34,10.352625608444214,1,0.035021424293518,0.964978575706482,True
2069,10.345,0.15563376,0.17861246,0.15043415,0.22790219,1,2068,10.34,10.352625608444214,1,0.035021424293518,0.964978575706482,True
2070,10.35,0.2342357,0.23514326,0.21643858,0.25415236,1,2068,10.34,10.352625608444214,1,0.035021424293518,0.964978575706482,True
2071,10.355,0.27976295,0.26139626,0.25505817,0.23575757,1,2068,10.34,10.352625608444214,1,0.035021424293518,0.964978575706482,True
2072,10.36,0.28868556,0.26042205,0.26307184,0.19238153,1,2072,10.36,10.372633457183838,1,0.0511053167283535,0.948894739151001,True
2073,10.365,0.25889102,0.23158632,0.23704107,0.13941549,1,2072,10.36,10.372633457183838,1,0.0511053167283535,0.948894739151001,True
2074,10.37,0.19769558,0.17773373,0.18102442,0.08752011,1,2072,10.36,10.372633457183838,1,0.0511053167283535,0.948894739151001,True
2075,10.375,0.121974416,0.108140156,0.107420966,0.042864367,1,2072,10.36,10.372633457183838,1,0.0511053167283535,0.948894739151001,True
2076,10.38,0.04833317,0.033893373,0.029956833,0.005514289,1,2076,10.38,10.39242672920227,1,0.0250166784971952,0.974983274936676,True
2077,10.385,-0.016790723,-0.03791444,-0.042984113,-0.030082142,1,2076,10.38,10.39242672920227,1,0.0250166784971952,0.974983274936676,True
2078,10.39,-0.07708196,-0.10442883,-0.108111545,-0.069762446,1,2076,10.38,10.39242672920227,1,0.0250166784971952,0.974983274936676,True
2079,10.395,-0.13712716,-0.16257507,-0.16221659,-0.11342174,1,2076,10.38,10.39242672920227,1,0.0250166784971952,0.974983274936676,True
2080,10.4,-0.19379692,-0.20613074,-0.19933352,-0.15419936,1,2080,10.4,10.40924334526062,1,0.0285645239055156,0.971435546875,True
2081,10.405,-0.23609425,-0.22786559,-0.21325654,-0.18361911,1,2080,10.4,10.40924334526062,1,0.0285645239055156,0.971435546875,True
2082,10.41,-0.2521105,-0.22393587,-0.201975,-0.19645713,1,2080,10.4,10.40924334526062,1,0.0285645239055156,0.971435546875,True
2083,10.415,-0.23566006,-0.19547054,-0.16879164,-0.18995301,1,2080,10.4,10.40924334526062,1,0.0285645239055156,0.971435546875,True
2084,10.42,-0.18747012,-0.14599305,-0.119004436,-0.15953782,1,2084,10.42,10.424831867218018,1,0.0451419502496719,0.9548580050468444,True
2085,10.425,-0.11225228,-0.07809565,-0.05591465,-0.09831662,1,2084,10.42,10.424831867218018,1,0.0451419502496719,0.9548580050468444,True
2086,10.43,-0.016404837,0.006469178,0.019340763,-0.0038280508,1,2084,10.42,10.424831867218018,1,0.0451419502496719,0.9548580050468444,True
2087,10.435,0.09094846,0.10265889,0.10332605,0.112956785,1,2084,10.42,10.424831867218018,1,0.0451419502496719,0.9548580050468444,True
2088,10.44,0.19534145,0.19764647,0.18510486,0.22552745,1,2088,10.44,10.442174434661863,1,0.0387323088943958,0.9612676501274108,True
2089,10.445,0.27708519,0.27106243,0.24596447,0.30100656,1,2088,10.44,10.442174434661863,1,0.0387323088943958,0.9612676501274108,True
2090,10.45,0.31688043,0.30224517,0.26670894,0.31593195,1,2088,10.44,10.442174434661863,1,0.0387323088943958,0.9612676501274108,True
2091,10.455,0.3049205,0.2812126,0.2389736,0.26859474,1,2088,10.44,10.442174434661863,1,0.0387323088943958,0.9612676501274108,True
2092,10.46,0.24716142,0.21578196,0.17235921,0.17998308,1,2092,10.46,10.455848455429075,1,0.0844921320676803,0.9155078530311584,True
2093,10.465,0.16276142,0.12832803,0.090572014,0.082465746,1,2092,10.46,10.455848455429075,1,0.0844921320676803,0.9155078530311584,True
2094,10.47,0.072710514,0.04257639,0.017322375,0.0023633016,1,2092,10.46,10.455848455429075,1,0.0844921320676803,0.9155078530311584,True
2095,10.475,-0.012796489,-0.031005813,-0.038777944,-0.053874422,1,2092,10.46,10.455848455429075,1,0.0844921320676803,0.9155078530311584,True
2096,10.48,-0.09825194,-0.099968605,-0.08864368,-0.10123812,1,2096,10.48,10.49222731590271,1,0.0254392232745885,0.974560797214508,True
2097,10.485,-0.19375694,-0.17967318,-0.1514583,-0.16282609,1,2096,10.48,10.49222731590271,1,0.0254392232745885,0.974560797214508,True
2098,10.49,-0.29891464,-0.27442124,-0.23453397,-0.24835227,1,2096,10.48,10.49222731590271,1,0.0254392232745885,0.974560797214508,True
2099,10.495,-0.3922391,-0.36427736,-0.3192705,-0.33877704,1,2096,10.48,10.49222731590271,1,0.0254392232745885,0.974560797214508,True
2100,10.5,-0.43590885,-0.4094793,-0.3655751,-0.3901044,1,2100,10.5,10.50902509689331,1,0.0602253526449203,0.9397746324539183,True
2101,10.505,-0.39506078,-0.3720549,-0.33436352,-0.35746998,1,2100,10.5,10.50902509689331,1,0.0602253526449203,0.9397746324539183,True
2102,10.51,-0.25997722,-0.24109535,-0.21390806,-0.22540376,1,2100,10.5,10.50902509689331,1,0.0602253526449203,0.9397746324539183,True
2103,10.515,-0.056615114,-0.044362932,-0.03164292,-0.023611182,1,2100,10.5,10.50902509689331,1,0.0602253526449203,0.9397746324539183,True
2104,10.52,0.16175404,0.16219455,0.15748027,0.18387453,1,2104,10.52,10.52556610107422,1,0.0350139811635017,0.9649860262870787,True
2105,10.525,0.33686414,0.320453,0.2985318,0.33028013,1,2104,10.52,10.52556610107422,1,0.0350139811635017,0.9649860262870787,True
2106,10.53,0.42870125,0.39527348,0.36169207,0.378473,1,2104,10.52,10.52556610107422,1,0.0350139811635017,0.9649860262870787,True
2107,10.535,0.42791152,0.38484564,0.34990454,0.33468157,1,2104,10.52,10.52556610107422,1,0.0350139811635017,0.9649860262870787,True
2108,10.54,0.3538043,0.3137777,0.28823733,0.2380275,1,2108,10.54,10.559545040130615,1,0.082015573978424,0.917984426021576,True
2109,10.545,0.2421978,0.21702906,0.20637132,0.1360695,1,2108,10.54,10.559545040130615,1,0.082015573978424,0.917984426021576,True
2110,10.55,0.12992048,0.12479335,0.12629181,0.06244969,1,2108,10.54,10.559545040130615,1,0.082015573978424,0.917984426021576,True
2111,10.555,0.04150713,0.05357417,0.058707833,0.026994852,1,2108,10.54,10.559545040130615,1,0.082015573978424,0.917984426021576,True
2112,10.56,-0.017780794,0.003965469,0.0044571427,0.018776452,1,2112,10.56,10.577119827270508,1,0.0234159547835588,0.9765840768814088,True
2113,10.565,-0.059751865,-0.03554615,-0.04272881,0.016565997,1,2112,10.56,10.577119827270508,1,0.0234159547835588,0.9765840768814088,True
2114,10.57,-0.10259372,-0.07982098,-0.09202304,0.0004669408,1,2112,10.56,10.577119827270508,1,0.0234159547835588,0.9765840768814088,True
2115,10.575,-0.15768738,-0.13681364,-0.14922504,-0.039670654,1,2112,10.56,10.577119827270508,1,0.0234159547835588,0.9765840768814088,True
2116,10.58,-0.22214931,-0.2016421,-0.21104665,-0.10142998,1,2116,10.58,10.592611074447632,1,0.0309180282056331,0.9690819382667542,True
2117,10.585,-0.2811431,-0.2589943,-0.2645466,-0.1726999,1,2116,10.58,10.592611074447632,1,0.0309180282056331,0.9690819382667542,True
2118,10.59,-0.3165092,-0.29190627,-0.29314658,-0.2375917,1,2116,10.58,10.592611074447632,1,0.0309180282056331,0.9690819382667542,True
2119,10.595,-0.31430417,-0.2898701,-0.284911,-0.2811298,1,2116,10.58,10.592611074447632,1,0.0309180282056331,0.9690819382667542,True
2120,10.6,-0.26693076,-0.2503178,-0.23663811,-0.2901924,1,2120,10.6,10.609434127807615,1,0.0426140576601028,0.9573859572410583,True
2121,10.605,-0.17229117,-0.17452598,-0.15184176,-0.25293377,1,2120,10.6,10.609434127807615,1,0.0426140576601028,0.9573859572410583,True
2122,10.61,-0.035654787,-0.06521437,-0.03752227,-0.16209283,1,2120,10.6,10.609434127807615,1,0.0426140576601028,0.9573859572410583,True
2123,10.615,0.124456674,0.06883135,0.09441311,-0.024038559,1,2120,10.6,10.609434127807615,1,0.0426140576601028,0.9573859572410583,True
2124,10.62,0.27329317,0.2054562,0.22250125,0.1334324,1,2124,10.62,10.624025344848633,1,0.0357538126409053,0.964246153831482,True
2125,10.625,0.3691112,0.31054875,0.3167062,0.26600552,1,2124,10.62,10.624025344848633,1,0.0357538126409053,0.964246153831482,True
2126,10.63,0.38453948,0.35376623,0.3509573,0.33373797,1,2124,10.62,10.624025344848633,1,0.0357538126409053,0.964246153831482,True
2127,10.635,0.32565048,0.32873115,0.3203966,0.32521665,1,2124,10.62,10.624025344848633,1,0.0357538126409053,0.964246153831482,True
2128,10.64,0.23057593,0.2590782,0.24746814,0.26472142,1,2128,10.64,10.642658710479736,1,0.0767533108592033,0.9232466220855712,True
2129,10.645,0.14420144,0.18161009,0.16775414,0.1936439,1,2128,10.64,10.642658710479736,1,0.0767533108592033,0.9232466220855712,True
2130,10.65,0.08716501,0.11882313,0.10464769,0.13948855,1,2128,10.64,10.642658710479736,1,0.0767533108592033,0.9232466220855712,True
2131,10.655,0.04463086,0.064291336,0.053793993,0.09765386,1,2128,10.64,10.642658710479736,1,0.0767533108592033,0.9232466220855712,True
2132,10.66,-0.01580332,-0.006299483,-0.008963177,0.040805932,1,2132,10.66,10.65254044532776,1,0.0239794515073299,0.976020574569702,True
2133,10.665,-0.11286125,-0.10853706,-0.10271357,-0.05289083,1,2132,10.66,10.65254044532776,1,0.0239794515073299,0.976020574569702,True
2134,10.67,-0.23340604,-0.23051701,-0.22088398,-0.17681257,1,2132,10.66,10.65254044532776,1,0.0239794515073299,0.976020574569702,True
2135,10.675,-0.34059265,-0.33727697,-0.33165014,-0.2963805,1,2132,10.66,10.65254044532776,1,0.0239794515073299,0.976020574569702,True
2136,10.68,-0.39831337,-0.39287087,-0.39732677,-0.3705278,1,2136,10.68,10.69231367111206,1,0.0251233670860528,0.9748766422271729,True
2137,10.685,-0.39022702,-0.38052136,-0.39541876,-0.37524056,1,2136,10.68,10.69231367111206,1,0.0251233670860528,0.9748766422271729,True
2138,10.69,-0.32059696,-0.30602825,-0.32569343,-0.31182382,1,2136,10.68,10.69231367111206,1,0.0251233670860528,0.9748766422271729,True
2139,10.695,-0.20274773,-0.18668368,-0.20276919,-0.19833732,1,2136,10.68,10.69231367111206,1,0.0251233670860528,0.9748766422271729,True
2140,10.7,-0.05056949,-0.040026464,-0.04618697,-0.056583256,1,2140,10.7,10.704852819442747,1,0.0352773740887641,0.9647226929664612,True
2141,10.705,0.118791156,0.116994224,0.12201889,0.09320607,1,2140,10.7,10.704852819442747,1,0.0352773740887641,0.9647226929664612,True
2142,10.71,0.27775782,0.26174882,0.27429315,0.22945355,1,2140,10.7,10.704852819442747,1,0.0352773740887641,0.9647226929664612,True
2143,10.715,0.3897466,0.36450967,0.37886193,0.32721895,1,2140,10.7,10.704852819442747,1,0.0352773740887641,0.9647226929664612,True
2144,10.72,0.42390636,0.39864737,0.4103787,0.36444944,1,2144,10.72,10.725266695022585,1,0.0379489175975322,0.9620510339736938,True
2145,10.725,0.37371662,0.35633737,0.36372247,0.33386797,1,2144,10.72,10.725266695022585,1,0.0379489175975322,0.9620510339736938,True
2146,10.73,0.26408806,0.25649697,0.25943533,0.25036934,1,2144,10.72,10.725266695022585,1,0.0379489175975322,0.9620510339736938,True
2147,10.735,0.13947082,0.13689095,0.13498965,0.1458789,1,2144,10.72,10.725266695022585,1,0.0379489175975322,0.9620510339736938,True
2148,10.74,0.03987562,0.034587122,0.026788898,0.053052716,1,2148,10.74,10.7523455619812,1,0.0241956319659948,0.9758043885231018,True
2149,10.745,-0.019405805,-0.03249783,-0.045989685,-0.012042831,1,2148,10.74,10.7523455619812,1,0.0241956319659948,0.9758043885231018,True
2150,10.75,-0.051604282,-0.07142106,-0.08677142,-0.05663463,1,2148,10.74,10.7523455619812,1,0.0241956319659948,0.9758043885231018,True
2151,10.755,-0.084664986,-0.104653634,-0.11445969,-0.10238619,1,2148,10.74,10.7523455619812,1,0.0241956319659948,0.9758043885231018,True
2152,10.76,-0.140051,-0.15204488,-0.14886388,-0.16648829,1,2152,10.76,10.760823249816896,1,0.0245294868946075,0.97547048330307,True
2153,10.765,-0.21799803,-0.21594015,-0.19701983,-0.24557894,1,2152,10.76,10.760823249816896,1,0.0245294868946075,0.97547048330307,True
2154,10.77,-0.29751897,-0.278648,-0.24802704,-0.31425858,1,2152,10.76,10.760823249816896,1,0.0245294868946075,0.97547048330307,True
2155,10.775,-0.3492171,-0.3133134,-0.279427,-0.33997586,1,2152,10.76,10.760823249816896,1,0.0245294868946075,0.97547048330307,True
2156,10.78,-0.35098448,-0.30017063,-0.27098352,-0.3036271,1,2156,10.78,10.792555332183838,1,0.0626860857009887,0.9373139142990112,True
2157,10.785,-0.2962778,-0.2366236,-0.21638334,-0.21042044,1,2156,10.78,10.792555332183838,1,0.0626860857009887,0.9373139142990112,True
2158,10.79,-0.19195743,-0.13512781,-0.12501454,-0.08366769,1,2156,10.78,10.792555332183838,1,0.0626860857009887,0.9373139142990112,True
2159,10.795,-0.051497158,-0.01325205,-0.014329206,0.05116166,1,2156,10.78,10.792555332183838,1,0.0626860857009887,0.9373139142990112,True
2160,10.8,0.10829315,0.11395022,0.09913052,0.17727844,1,2160,10.8,10.81102180480957,1,0.0350747033953666,0.9649252891540528,True
2161,10.805,0.26513687,0.23346989,0.20256995,0.2845034,1,2160,10.8,10.81102180480957,1,0.0350747033953666,0.9649252891540528,True
2162,10.81,0.38990223,0.3295323,0.28387648,0.3605873,1,2160,10.8,10.81102180480957,1,0.0350747033953666,0.9649252891540528,True
2163,10.815,0.45294675,0.38287833,0.32925522,0.38857552,1,2160,10.8,10.81102180480957,1,0.0350747033953666,0.9649252891540528,True
2164,10.82,0.43737248,0.3779098,0.3268125,0.3553429,1,2164,10.82,10.824129819869995,1,0.0691900625824928,0.9308099150657654,True
2165,10.825,0.34976152,0.31276765,0.2742799,0.26366708,1,2164,10.82,10.824129819869995,1,0.0691900625824928,0.9308099150657654,True
2166,10.83,0.21856877,0.20338607,0.18371986,0.1356085,1,2164,10.82,10.824129819869995,1,0.0691900625824928,0.9308099150657654,True
2167,10.835,0.0793828,0.07688898,0.07760897,0.0026633425,1,2164,10.82,10.824129819869995,1,0.0691900625824928,0.9308099150657654,True
2168,10.84,-0.04295837,-0.04161788,-0.022183502,-0.10996583,1,2168,10.84,10.846532344818115,1,0.02334825694561,0.9766517281532288,True
2169,10.845,-0.14249027,-0.1393225,-0.10458784,-0.19283602,1,2168,10.84,10.846532344818115,1,0.02334825694561,0.9766517281532288,True
2170,10.85,-0.22549136,-0.21596843,-0.17088781,-0.24933834,1,2168,10.84,10.846532344818115,1,0.02334825694561,0.9766517281532288,True
2171,10.855,-0.29624662,-0.2753283,-0.22678459,-0.28491303,1,2168,10.84,10.846532344818115,1,0.02334825694561,0.9766517281532288,True
2172,10.86,-0.3480132,-0.3159989,-0.27199447,-0.29862094,1,2172,10.86,10.853260040283203,1,0.0270604267716407,0.9729395508766174,True
2173,10.865,-0.36617398,-0.3291694,-0.29621953,-0.283661,1,2172,10.86,10.853260040283203,1,0.0270604267716407,0.9729395508766174,True
2174,10.87,-0.33904412,-0.30421528,-0.28461713,-0.23472399,1,2172,10.86,10.853260040283203,1,0.0270604267716407,0.9729395508766174,True
2175,10.875,-0.2657311,-0.2365081,-0.22800697,-0.15453763,1,2172,10.86,10.853260040283203,1,0.0270604267716407,0.9729395508766174,True
2176,10.88,-0.15523821,-0.13130297,-0.12990434,-0.054057136,1,2176,10.88,10.892669439315796,1,0.0376541912555694,0.9623458385467528,True
2177,10.885,-0.020827701,-0.0023607537,-0.006146287,0.052457795,1,2176,10.88,10.892669439315796,1,0.0376541912555694,0.9623458385467528,True
2178,10.89,0.12236354,0.13146454,0.12085155,0.15183231,1,2176,10.88,10.892669439315796,1,0.0376541912555694,0.9623458385467528,True
2179,10.895,0.2545353,0.24868082,0.22834395,0.23235178,1,2176,10.88,10.892669439315796,1,0.0376541912555694,0.9623458385467528,True
2180,10.9,0.35003617,0.32754797,0.29747427,0.28243878,1,2180,10.9,10.904881238937378,1,0.0371175557374954,0.9628824591636658,True
2181,10.905,0.38483143,0.35119632,0.31639317,0.29233694,1,2180,10.9,10.904881238937378,1,0.0371175557374954,0.9628824591636658,True
2182,10.91,0.3499768,0.3149103,0.28331643,0.25939116,1,2180,10.9,10.904881238937378,1,0.0371175557374954,0.9628824591636658,True
2183,10.915,0.25955224,0.23024759,0.20797646,0.19187072,1,2180,10.9,10.904881238937378,1,0.0371175557374954,0.9628824591636658,True
2184,10.92,0.14449245,0.12122368,0.10917062,0.106450245,1,2184,10.92,10.924142837524414,1,0.0295637529343366,0.9704362154006958,True
2185,10.925,0.036367387,0.014259385,0.008873056,0.020725364,1,2184,10.92,10.924142837524414,1,0.0295637529343366,0.9704362154006958,True
2186,10.93,-0.046206057,-0.07121882,-0.07395505,-0.053064194,1,2184,10.92,10.924142837524414,1,0.0295637529343366,0.9704362154006958,True
2187,10.935,-0.100103304,-0.12653211,-0.12753704,-0.10922803,1,2184,10.92,10.924142837524414,1,0.0295637529343366,0.9704362154006958,True
2188,10.94,-0.13182254,-0.15270548,-0.14952074,-0.14664048,1,2188,10.94,10.952385663986206,1,0.0238137543201446,0.9761862754821776,True
2189,10.945,-0.15107429,-0.15794812,-0.1475282,-0.16729616,1,2188,10.94,10.952385663986206,1,0.0238137543201446,0.9761862754821776,True
2190,10.95,-0.16742629,-0.15456453,-0.1365543,-0.1758093,1,2188,10.94,10.952385663986206,1,0.0238137543201446,0.9761862754821776,True
2191,10.955,-0.18769,-0.15406667,-0.13205609,-0.17753534,1,2188,10.94,10.952385663986206,1,0.0238137543201446,0.9761862754821776,True
2192,10.96,-0.21188058,-0.16103552,-0.14103714,-0.17477669,1,2192,10.96,10.965361595153809,1,0.0570359155535697,0.9429640173912048,True
2193,10.965,-0.230142,-0.16935691,-0.15651849,-0.16399673,1,2192,10.96,10.965361595153809,1,0.0570359155535697,0.9429640173912048,True
2194,10.97,-0.22498092,-0.16433321,-0.15982926,-0.13719895,1,2192,10.96,10.965361595153809,1,0.0570359155535697,0.9429640173912048,True
2195,10.975,-0.17964022,-0.13043134,-0.1305313,-0.08720178,1,2192,10.96,10.965361595153809,1,0.0570359155535697,0.9429640173912048,True
2196,10.98,-0.08832708,-0.060563453,-0.058932133,-0.013329163,1,2196,10.98,10.992556810379028,1,0.0405854769051075,0.9594144821166992,True
2197,10.985,0.03775422,0.03819522,0.04592663,0.07599836,1,2196,10.98,10.992556810379028,1,0.0405854769051075,0.9594144821166992,True
2198,10.99,0.17216045,0.14555839,0.15800048,0.16493867,1,2196,10.98,10.992556810379028,1,0.0405854769051075,0.9594144821166992,True
2199,10.995,0.2821804,0.2353554,0.24554336,0.23505934,1,2196,10.98,10.992556810379028,1,0.0405854769051075,0.9594144821166992,True
2200,11.0,0.34102878,0.2857472,0.2857333,0.27121013,1,2200,11.0,11.00502347946167,1,0.0445908494293689,0.9554091691970824,True
2201,11.005,0.33776945,0.2873066,0.27384722,0.2662425,1,2200,11.0,11.00502347946167,1,0.0445908494293689,0.9554091691970824,True
2202,11.01,0.28038192,0.24507868,0.22190711,0.22278841,1,2200,11.0,11.00502347946167,1,0.0445908494293689,0.9554091691970824,True
2203,11.015,0.19060132,0.17414208,0.14918791,0.15134099,1,2200,11.0,11.00502347946167,1,0.0445908494293689,0.9554091691970824,True
2204,11.02,0.093267135,0.09171449,0.07201097,0.06557801,1,2204,11.02,11.023659944534302,1,0.0285872612148523,0.9714126586914062,True
2205,11.025,0.0056258924,0.010223201,-0.0010920175,-0.022522878,1,2204,11.02,11.023659944534302,1,0.0285872612148523,0.9714126586914062,True
2206,11.03,-0.06806753,-0.065429024,-0.068202965,-0.10499241,1,2204,11.02,11.023659944534302,1,0.0285872612148523,0.9714126586914062,True
2207,11.035,-0.13396427,-0.13565923,-0.13013154,-0.1765961,1,2204,11.02,11.023659944534302,1,0.0285872612148523,0.9714126586914062,True
2208,11.04,-0.19947436,-0.20078424,-0.18685617,-0.23177733,1,2208,11.04,11.044147729873655,1,0.0255830269306898,0.9744170308113098,True
2209,11.045,-0.26306164,-0.25583223,-0.23510192,-0.2631267,1,2208,11.04,11.044147729873655,1,0.0255830269306898,0.9744170308113098,True
2210,11.05,-0.31014395,-0.2892052,-0.26706827,-0.2632688,1,2208,11.04,11.044147729873655,1,0.0255830269306898,0.9744170308113098,True
2211,11.055,-0.31906345,-0.2866896,-0.27123103,-0.22876647,1,2208,11.04,11.044147729873655,1,0.0255830269306898,0.9744170308113098,True
2212,11.06,-0.2738548,-0.23872255,-0.23632824,-0.16266374,1,2212,11.06,11.07768702507019,1,0.0630702301859855,0.9369298219680786,True
2213,11.065,-0.17487398,-0.14649627,-0.1577257,-0.07372327,1,2212,11.06,11.07768702507019,1,0.0630702301859855,0.9369298219680786,True
2214,11.07,-0.04004094,-0.02356744,-0.042964593,0.026238171,1,2212,11.06,11.07768702507019,1,0.0630702301859855,0.9369298219680786,True
2215,11.075,0.102646776,0.10710099,0.08713115,0.12401875,1,2212,11.06,11.07768702507019,1,0.0630702301859855,0.9369298219680786,True
2216,11.08,0.22458261,0.21874273,0.20345853,0.20501982,1,2216,11.08,11.092278957366943,1,0.0370306186378002,0.9629693627357484,True
2217,11.085,0.3028647,0.2876788,0.27849475,0.25421536,1,2216,11.08,11.092278957366943,1,0.0370306186378002,0.9629693627357484,True
2218,11.09,0.32413036,0.30074635,0.29705217,0.26077634,1,2216,11.08,11.092278957366943,1,0.0370306186378002,0.9629693627357484,True
2219,11.095,0.28844613,0.26090193,0.26244012,0.22473449,1,2216,11.08,11.092278957366943,1,0.0370306186378002,0.9629693627357484,True
2220,11.1,0.21173261,0.18692799,0.19392309,0.15997314,1,2220,11.1,11.10515832901001,1,0.1063397750258445,0.8936602473258972,True
2221,11.105,0.12179749,0.10529777,0.1163895,0.08908806,1,2220,11.1,11.10515832901001,1,0.1063397750258445,0.8936602473258972,True
2222,11.11,0.046271216,0.037747256,0.04857275,0.031870864,1,2220,11.1,11.10515832901001,1,0.1063397750258445,0.8936602473258972,True
2223,11.115,-0.0018202538,-0.008275497,-0.0032098165,-0.0053985235,1,2220,11.1,11.10515832901001,1,0.1063397750258445,0.8936602473258972,True
2224,11.12,-0.031037474,-0.040883705,-0.043708455,-0.03267695,1,2224,11.12,11.127582311630247,1,0.0247110053896904,0.975288987159729,True
2225,11.125,-0.06476494,-0.07634904,-0.08266406,-0.068570234,1,2224,11.12,11.127582311630247,1,0.0247110053896904,0.975288987159729,True
2226,11.13,-0.12319947,-0.1268575,-0.12751049,-0.1261609,1,2224,11.12,11.127582311630247,1,0.0247110053896904,0.975288987159729,True
2227,11.135,-0.2050048,-0.18961199,-0.17689033,-0.2003857,1,2224,11.12,11.127582311630247,1,0.0247110053896904,0.975288987159729,True
2228,11.14,-0.28203,-0.24418017,-0.21771556,-0.26581603,1,2228,11.14,11.142330169677734,1,0.0494095459580421,0.950590431690216,True
2229,11.145,-0.3136612,-0.26213637,-0.22976136,-0.28874463,1,2228,11.14,11.142330169677734,1,0.0494095459580421,0.950590431690216,True
2230,11.15,-0.2733743,-0.22511195,-0.19809861,-0.24771026,1,2228,11.14,11.142330169677734,1,0.0494095459580421,0.950590431690216,True
2231,11.155,-0.16860764,-0.13897465,-0.12558885,-0.14857544,1,2228,11.14,11.142330169677734,1,0.0494095459580421,0.950590431690216,True
2232,11.16,-0.037608325,-0.03209224,-0.03423088,-0.02231881,1,2232,11.16,11.169673204421995,1,0.0392484217882156,0.9607515335083008,True
2233,11.165,0.07551759,0.062446967,0.04789118,0.093437,1,2232,11.16,11.169673204421995,1,0.0392484217882156,0.9607515335083008,True
2234,11.17,0.14784402,0.12668064,0.10395518,0.17485364,1,2232,11.16,11.169673204421995,1,0.0392484217882156,0.9607515335083008,True
2235,11.175,0.1852919,0.16353506,0.13518482,0.21894023,1,2232,11.16,11.169673204421995,1,0.0392484217882156,0.9607515335083008,True
2236,11.18,0.20719606,0.18547505,0.15225881,0.23475617,1,2236,11.18,11.192280530929564,1,0.0480045899748802,0.9519954919815063,True
2237,11.185,0.22456257,0.19888555,0.1615633,0.2303731,1,2236,11.18,11.192280530929564,1,0.0480045899748802,0.9519954919815063,True
2238,11.19,0.23218732,0.19950116,0.1605161,0.20842001,1,2236,11.18,11.192280530929564,1,0.0480045899748802,0.9519954919815063,True
2239,11.195,0.21861364,0.18095577,0.14483927,0.17096917,1,2236,11.18,11.192280530929564,1,0.0480045899748802,0.9519954919815063,True
2240,11.2,0.17982894,0.14424172,0.11688172,0.12351569,1,2240,11.2,11.20541524887085,1,0.0468204990029335,0.9531795382499696,True
2241,11.205,0.12143861,0.09637058,0.083835416,0.07071932,1,2240,11.2,11.20541524887085,1,0.0468204990029335,0.9531795382499696,True
2242,11.21,0.049519956,0.04078574,0.04811998,0.009471131,1,2240,11.2,11.20541524887085,1,0.0468204990029335,0.9531795382499696,True
2243,11.215,-0.0360557,-0.027031057,0.0029220046,-0.06890307,1,2240,11.2,11.20541524887085,1,0.0468204990029335,0.9531795382499696,True
2244,11.22,-0.13585976,-0.111146756,-0.05960984,-0.16514997,1,2244,11.22,11.22827124595642,1,0.0290259048342704,0.9709740281105042,True
2245,11.225,-0.23886374,-0.20229483,-0.13543554,-0.26030684,1,2244,11.22,11.22827124595642,1,0.0290259048342704,0.9709740281105042,True
2246,11.23,-0.3193588,-0.27582613,-0.20550622,-0.320585,1,2244,11.22,11.22827124595642,1,0.0290259048342704,0.9709740281105042,True
2247,11.235,-0.34926355,-0.30501264,-0.24661286,-0.3182216,1,2244,11.22,11.22827124595642,1,0.0290259048342704,0.9709740281105042,True
2248,11.24,-0.31564122,-0.27785727,-0.24530436,-0.2506559,1,2248,11.24,11.242290258407593,1,0.0709527805447578,0.9290472269058228,True
2249,11.245,-0.2276186,-0.20217471,-0.20188524,-0.14101592,1,2248,11.24,11.242290258407593,1,0.0709527805447578,0.9290472269058228,True
2250,11.25,-0.10797632,-0.096564546,-0.12399436,-0.020896338,1,2248,11.24,11.242290258407593,1,0.0709527805447578,0.9290472269058228,True
2251,11.255,0.020453881,0.021069046,-0.020744735,0.087373376,1,2248,11.24,11.242290258407593,1,0.0709527805447578,0.9290472269058228,True
2252,11.26,0.14075089,0.13594474,0.09467314,0.17405665,1,2252,11.26,11.2625470161438,1,0.0370695441961288,0.96293044090271,True
2253,11.265,0.23828952,0.2311119,0.19923358,0.23304653,1,2252,11.26,11.2625470161438,1,0.0370695441961288,0.96293044090271,True
2254,11.27,0.2968671,0.28576633,0.26322147,0.25528225,1,2252,11.26,11.2625470161438,1,0.0370695441961288,0.96293044090271,True
2255,11.275,0.3031398,0.28414455,0.26559496,0.23414269,1,2252,11.26,11.2625470161438,1,0.0370695441961288,0.96293044090271,True
2256,11.28,0.25685766,0.22841147,0.20983969,0.17652987,1,2256,11.28,11.294945001602173,1,0.0907077565789222,0.909292221069336,True
2257,11.285,0.17588325,0.14183462,0.12450264,0.105106086,1,2256,11.28,11.294945001602173,1,0.0907077565789222,0.909292221069336,True
2258,11.29,0.0886507,0.056408815,0.04532445,0.04586112,1,2256,11.28,11.294945001602173,1,0.0907077565789222,0.909292221069336,True
2259,11.295,0.018647648,-0.006016424,-0.0070461873,0.011023577,1,2256,11.28,11.294945001602173,1,0.0907077565789222,0.909292221069336,True
2260,11.3,-0.026958715,-0.043768495,-0.035825454,-0.0071939626,1,2260,11.3,11.30571150779724,1,0.0254597067832946,0.9745402932167052,True
2261,11.305,-0.05665169,-0.069729045,-0.058236096,-0.027009917,1,2260,11.3,11.30571150779724,1,0.0254597067832946,0.9745402932167052,True
2262,11.31,-0.08460664,-0.09720778,-0.08800034,-0.061322045,1,2260,11.3,11.30571150779724,1,0.0254597067832946,0.9745402932167052,True
2263,11.315,-0.120295845,-0.1299369,-0.12521136,-0.109252,1,2260,11.3,11.30571150779724,1,0.0254597067832946,0.9745402932167052,True
2264,11.32,-0.16374955,-0.16219091,-0.15911704,-0.15935364,1,2264,11.32,11.322433948516846,1,0.0467360578477382,0.9532638788223268,True
2265,11.325,-0.20636325,-0.18508343,-0.17776676,-0.19814916,1,2264,11.32,11.322433948516846,1,0.0467360578477382,0.9532638788223268,True
2266,11.33,-0.23432553,-0.19166154,-0.17519984,-0.2157123,1,2264,11.32,11.322433948516846,1,0.0467360578477382,0.9532638788223268,True
2267,11.335,-0.23289964,-0.17749056,-0.1518242,-0.20591144,1,2264,11.32,11.322433948516846,1,0.0467360578477382,0.9532638788223268,True
2268,11.34,-0.19115245,-0.1388662,-0.110087305,-0.16462462,1,2268,11.34,11.343680381774902,1,0.0492328815162181,0.9507671594619752,True
2269,11.345,-0.1064543,-0.07258433,-0.050563857,-0.08992384,1,2268,11.34,11.343680381774902,1,0.0492328815162181,0.9507671594619752,True
2270,11.35,0.012456194,0.020776583,0.027369566,0.01458845,1,2268,11.34,11.343680381774902,1,0.0492328815162181,0.9507671594619752,True
2271,11.355,0.14491896,0.13155404,0.11988114,0.13526207,1,2268,11.34,11.343680381774902,1,0.0492328815162181,0.9507671594619752,True
2272,11.36,0.26142985,0.23805185,0.21249628,0.24679564,1,2272,11.36,11.378015756607056,1,0.0402112491428852,0.9597886800765992,True
2273,11.365,0.3315233,0.31066075,0.28029045,0.3177245,1,2272,11.36,11.378015756607056,1,0.0402112491428852,0.9597886800765992,True
2274,11.37,0.33558962,0.3239553,0.29797998,0.32352906,1,2272,11.36,11.378015756607056,1,0.0402112491428852,0.9597886800765992,True
2275,11.375,0.27519456,0.2708949,0.2550694,0.26106045,1,2272,11.36,11.378015756607056,1,0.0402112491428852,0.9597886800765992,True
2276,11.38,0.17369567,0.16881546,0.16462806,0.15331084,1,2276,11.38,11.392484426498411,1,0.0614724420011043,0.938527524471283,True
2277,11.385,0.0634466,0.050502192,0.05679353,0.037621975,1,2276,11.38,11.392484426498411,1,0.0614724420011043,0.938527524471283,True
2278,11.39,-0.033289567,-0.055171214,-0.040138613,-0.05692193,1,2276,11.38,11.392484426498411,1,0.0614724420011043,0.938527524471283,True
2279,11.395,-0.11490055,-0.1386026,-0.11656449,-0.1259821,1,2276,11.38,11.392484426498411,1,0.0614724420011043,0.938527524471283,True
2280,11.4,-0.19265644,-0.20798555,-0.1818981,-0.1857561,1,2280,11.4,11.405684232711792,1,0.0250822883099317,0.9749176502227784,True
2281,11.405,-0.2706545,-0.27212456,-0.24757679,-0.2503839,1,2280,11.4,11.405684232711792,1,0.0250822883099317,0.9749176502227784,True
2282,11.41,-0.33191592,-0.3231723,-0.30786335,-0.310569,1,2280,11.4,11.405684232711792,1,0.0250822883099317,0.9749176502227784,True
2283,11.415,-0.34488443,-0.3358775,-0.33660072,-0.33364257,1,2280,11.4,11.405684232711792,1,0.0250822883099317,0.9749176502227784,True
2284,11.42,-0.28633162,-0.28539845,-0.3043655,-0.28690967,1,2284,11.42,11.427177906036375,1,0.0692794546484947,0.9307205677032472,True
2285,11.425,-0.16134499,-0.16880761,-0.20210299,-0.16503876,1,2284,11.42,11.427177906036375,1,0.0692794546484947,0.9307205677032472,True
2286,11.43,-0.0033285571,-0.011822782,-0.0512403,0.001712474,1,2284,11.42,11.427177906036375,1,0.0692794546484947,0.9307205677032472,True
2287,11.435,0.14548129,0.14474116,0.10792008,0.16475272,1,2284,11.42,11.427177906036375,1,0.0692794546484947,0.9307205677032472,True
2288,11.44,0.25622833,0.26697487,0.23903112,0.28449765,1,2288,11.44,11.442445039749146,1,0.0356047563254833,0.96439528465271,True
2289,11.445,0.3212606,0.3406005,0.32484463,0.34591877,1,2288,11.44,11.442445039749146,1,0.0356047563254833,0.96439528465271,True
2290,11.45,0.34500575,0.36686566,0.36476684,0.3538329,1,2288,11.44,11.442445039749146,1,0.0356047563254833,0.96439528465271,True
2291,11.455,0.33028257,0.349849,0.36191633,0.3182904,1,2288,11.44,11.442445039749146,1,0.0356047563254833,0.96439528465271,True
2292,11.46,0.27417,0.28964892,0.3151015,0.2463237,1,2292,11.46,11.471133947372437,1,0.0948285013437271,0.905171513557434,True
2293,11.465,0.17596205,0.18744087,0.2234107,0.14546013,1,2292,11.46,11.471133947372437,1,0.0948285013437271,0.905171513557434,True
2294,11.47,0.047207255,0.054854486,0.096389845,0.030171368,1,2292,11.46,11.471133947372437,1,0.0948285013437271,0.905171513557434,True
2295,11.475,-0.087537,-0.08423409,-0.043170456,-0.079723634,1,2292,11.46,11.471133947372437,1,0.0948285013437271,0.905171513557434,True
2296,11.48,-0.2007195,-0.20277752,-0.16827121,-0.16872151,1,2296,11.48,11.48899531364441,1,0.0232890881597995,0.9767109751701356,True
2297,11.485,-0.27390653,-0.28240123,-0.26013422,-0.23286887,1,2296,11.48,11.48899531364441,1,0.0232890881597995,0.9767109751701356,True
2298,11.49,-0.30279616,-0.31812978,-0.3127489,-0.27630052,1,2296,11.48,11.48899531364441,1,0.0232890881597995,0.9767109751701356,True
2299,11.495,-0.29379433,-0.31449518,-0.32768694,-0.3008794,1,2296,11.48,11.48899531364441,1,0.0232890881597995,0.9767109751701356,True
2300,11.5,-0.25751382,-0.2793898,-0.30732888,-0.30041662,1,2300,11.5,11.50559401512146,1,0.0602100938558578,0.939789891242981,True
2301,11.505,-0.20403202,-0.22111823,-0.2540588,-0.26557475,1,2300,11.5,11.50559401512146,1,0.0602100938558578,0.939789891242981,True
2302,11.51,-0.1404031,-0.14793606,-0.17410387,-0.19381392,1,2300,11.5,11.50559401512146,1,0.0602100938558578,0.939789891242981,True
2303,11.515,-0.0694037,-0.06690702,-0.07913712,-0.094083264,1,2300,11.5,11.50559401512146,1,0.0602100938558578,0.939789891242981,True
2304,11.52,0.009608356,0.017735803,0.017476777,0.01738302,1,2304,11.52,11.522552251815796,1,0.0357096046209335,0.9642903804779052,True
2305,11.525,0.096552394,0.10371399,0.10582984,0.1246656,1,2304,11.52,11.522552251815796,1,0.0357096046209335,0.9642903804779052,True
2306,11.53,0.18540654,0.18677501,0.18064827,0.21609949,1,2304,11.52,11.522552251815796,1,0.0357096046209335,0.9642903804779052,True
2307,11.535,0.26270375,0.25753397,0.23821197,0.28334635,1,2304,11.52,11.522552251815796,1,0.0357096046209335,0.9642903804779052,True
2308,11.54,0.31200612,0.3030204,0.2734326,0.31960747,1,2308,11.54,11.54525065422058,1,0.0508543513715267,0.9491456151008606,True
2309,11.545,0.3213446,0.312397,0.2807084,0.32035035,1,2308,11.54,11.54525065422058,1,0.0508543513715267,0.9491456151008606,True
2310,11.55,0.28845277,0.28252923,0.25774562,0.28583765,1,2308,11.54,11.54525065422058,1,0.0508543513715267,0.9491456151008606,True
2311,11.555,0.22110459,0.21956795,0.20850216,0.22232865,1,2308,11.54,11.54525065422058,1,0.0508543513715267,0.9491456151008606,True
2312,11.56,0.13317633,0.13582502,0.14210278,0.13989982,1,2312,11.56,11.559849500656128,1,0.0247700624167919,0.9752299189567566,True
2313,11.565,0.03834146,0.04383909,0.06778957,0.047733888,1,2312,11.56,11.559849500656128,1,0.0247700624167919,0.9752299189567566,True
2314,11.57,-0.05597729,-0.04906529,-0.010525436,-0.0497398,1,2312,11.56,11.559849500656128,1,0.0247700624167919,0.9752299189567566,True
2315,11.575,-0.15033929,-0.14190036,-0.09496723,-0.1519693,1,2312,11.56,11.559849500656128,1,0.0247700624167919,0.9752299189567566,True
2316,11.58,-0.24734497,-0.23469776,-0.18710157,-0.25565597,1,2316,11.58,11.592501163482666,1,0.0238276328891515,0.9761723279953004,True
2317,11.585,-0.34043962,-0.31964052,-0.2780552,-0.34689268,1,2316,11.58,11.592501163482666,1,0.0238276328891515,0.9761723279953004,True
2318,11.59,-0.4069748,-0.3765739,-0.34478545,-0.40019947,1,2316,11.58,11.592501163482666,1,0.0238276328891515,0.9761723279953004,True
2319,11.595,-0.41485083,-0.37963974,-0.35917014,-0.38905868,1,2316,11.58,11.592501163482666,1,0.0238276328891515,0.9761723279953004,True
2320,11.6,-0.3415566,-0.3128139,-0.3054703,-0.30271718,1,2320,11.6,11.604435920715332,1,0.0487225875258445,0.9512774348258972,True
2321,11.605,-0.19226806,-0.18297304,-0.19238122,-0.1566662,1,2320,11.6,11.604435920715332,1,0.0487225875258445,0.9512774348258972,True
2322,11.61,-0.0024258632,-0.01973075,-0.049261443,0.012221299,1,2320,11.6,11.604435920715332,1,0.0487225875258445,0.9512774348258972,True
2323,11.615,0.17779565,0.13782698,0.08971795,0.16261427,1,2320,11.6,11.604435920715332,1,0.0487225875258445,0.9512774348258972,True
2324,11.62,0.30583945,0.25705934,0.19955824,0.26528782,1,2324,11.62,11.632730960845947,1,0.0348418354988098,0.9651581048965454,True
2325,11.625,0.36166164,0.3203472,0.2673472,0.30961803,1,2324,11.62,11.632730960845947,1,0.0348418354988098,0.9651581048965454,True
2326,11.63,0.34937042,0.32528356,0.28819075,0.30052155,1,2324,11.62,11.632730960845947,1,0.0348418354988098,0.9651581048965454,True
2327,11.635,0.28935093,0.28163162,0.2638188,0.25246763,1,2324,11.62,11.632730960845947,1,0.0348418354988098,0.9651581048965454,True
2328,11.64,0.20726722,0.20791493,0.20558345,0.18445931,1,2328,11.64,11.642332553863524,1,0.0646966397762298,0.9353033900260924,True
2329,11.645,0.12420904,0.12590736,0.13401565,0.11490835,1,2328,11.64,11.642332553863524,1,0.0646966397762298,0.9353033900260924,True
2330,11.65,0.050950035,0.052529003,0.06958336,0.05571888,1,2328,11.64,11.642332553863524,1,0.0646966397762298,0.9353033900260924,True
2331,11.655,-0.011274637,-0.006074855,0.020982249,0.008890704,1,2328,11.64,11.642332553863524,1,0.0646966397762298,0.9353033900260924,True
2332,11.66,-0.06447756,-0.05297485,-0.01739521,-0.030877277,1,2332,11.66,11.669014930725098,1,0.0233486499637365,0.97665137052536,True
2333,11.665,-0.107974134,-0.09290484,-0.0559552,-0.069423795,1,2332,11.66,11.669014930725098,1,0.0233486499637365,0.97665137052536,True
2334,11.67,-0.13855378,-0.12632325,-0.098155536,-0.10817241,1,2332,11.66,11.669014930725098,1,0.0233486499637365,0.97665137052536,True
2335,11.675,-0.15574136,-0.15032373,-0.13784002,-0.14439276,1,2332,11.66,11.669014930725098,1,0.0233486499637365,0.97665137052536,True
2336,11.68,-0.16488777,-0.16356757,-0.16625771,-0.17412812,1,2336,11.68,11.684269189834597,1,0.0435294285416603,0.9564704895019532,True
2337,11.685,-0.17294179,-0.16831307,-0.17944503,-0.19333594,1,2336,11.68,11.684269189834597,1,0.0435294285416603,0.9564704895019532,True
2338,11.69,-0.18027596,-0.16682571,-0.17822388,-0.19663873,1,2336,11.68,11.684269189834597,1,0.0435294285416603,0.9564704895019532,True
2339,11.695,-0.17718066,-0.15645953,-0.16275705,-0.17713007,1,2336,11.68,11.684269189834597,1,0.0435294285416603,0.9564704895019532,True
2340,11.7,-0.14966592,-0.12954658,-0.12965761,-0.12981334,1,2340,11.7,11.70004391670227,1,0.0392290316522121,0.9607710242271424,True
2341,11.705,-0.09030826,-0.07936812,-0.07590669,-0.056816712,1,2340,11.7,11.70004391670227,1,0.0392290316522121,0.9607710242271424,True
2342,11.71,-0.005151612,-0.0073039844,-0.0054052602,0.030242413,1,2340,11.7,11.70004391670227,1,0.0392290316522121,0.9607710242271424,True
2343,11.715,0.08865401,0.07517271,0.06955494,0.11362339,1,2340,11.7,11.70004391670227,1,0.0392290316522121,0.9607710242271424,True
2344,11.72,0.17180885,0.1515595,0.13455024,0.17698778,1,2344,11.72,11.729095220565796,1,0.0399001613259315,0.9600998163223268,True
2345,11.725,0.23097876,0.20829317,0.18145037,0.21220909,1,2344,11.72,11.729095220565796,1,0.0399001613259315,0.9600998163223268,True
2346,11.73,0.26079142,0.23927867,0.21077204,0.22093424,1,2344,11.72,11.729095220565796,1,0.0399001613259315,0.9600998163223268,True
2347,11.735,0.2605732,0.24415752,0.22558206,0.21005197,1,2344,11.72,11.729095220565796,1,0.0399001613259315,0.9600998163223268,True
2348,11.74,0.23066999,0.22325929,0.22317462,0.18457806,1,2348,11.74,11.7475483417511,1,0.0883127823472023,0.911687195301056,True
2349,11.745,0.17187715,0.17479233,0.19340311,0.1433183,1,2348,11.74,11.7475483417511,1,0.0883127823472023,0.911687195301056,True
2350,11.75,0.08746959,0.09725725,0.12653704,0.08073403,1,2348,11.74,11.7475483417511,1,0.0883127823472023,0.911687195301056,True
2351,11.755,-0.014757135,-0.0048517734,0.024602046,-0.0058634644,1,2348,11.74,11.7475483417511,1,0.0883127823472023,0.911687195301056,True
2352,11.76,-0.121997766,-0.11703213,-0.09352598,-0.108625926,1,2352,11.76,11.752237796783447,1,0.0252099353820085,0.974790096282959,True
2353,11.765,-0.2176707,-0.21668932,-0.198541,-0.20711483,1,2352,11.76,11.752237796783447,1,0.0252099353820085,0.974790096282959,True
2354,11.77,-0.28452995,-0.28137168,-0.26513633,-0.2752032,1,2352,11.76,11.752237796783447,1,0.0252099353820085,0.974790096282959,True
2355,11.775,-0.3094884,-0.29874435,-0.2844303,-0.2938586,1,2352,11.76,11.752237796783447,1,0.0252099353820085,0.974790096282959,True
2356,11.78,-0.28803375,-0.2711086,-0.26505595,-0.2609271,1,2356,11.78,11.783832788467407,1,0.0411816090345382,0.9588183760643004,True
2357,11.785,-0.2250676,-0.2105479,-0.2219537,-0.18999676,1,2356,11.78,11.783832788467407,1,0.0411816090345382,0.9588183760643004,True
2358,11.79,-0.13165936,-0.12890902,-0.16244575,-0.099461295,1,2356,11.78,11.783832788467407,1,0.0411816090345382,0.9588183760643004,True
2359,11.795,-0.021189837,-0.03228623,-0.08257981,-0.0021619385,1,2356,11.78,11.783832788467407,1,0.0411816090345382,0.9588183760643004,True
2360,11.8,0.09169213,0.07450654,0.021971451,0.09483773,1,2360,11.8,11.808500528335571,1,0.037319079041481,0.9626809358596802,True
2361,11.805,0.1903769,0.17885715,0.14048469,0.18204708,1,2360,11.8,11.808500528335571,1,0.037319079041481,0.9626809358596802,True
2362,11.81,0.2579341,0.25808996,0.24335462,0.24245885,1,2360,11.8,11.808500528335571,1,0.037319079041481,0.9626809358596802,True
2363,11.815,0.28236338,0.28931528,0.2965258,0.25821835,1,2360,11.8,11.808500528335571,1,0.037319079041481,0.9626809358596802,True
2364,11.82,0.2617242,0.26424822,0.2838342,0.2245614,1,2364,11.82,11.828879594802856,1,0.05170289427042,0.9482971429824828,True
2365,11.825,0.20476875,0.19598463,0.21852773,0.15726459,1,2364,11.82,11.828879594802856,1,0.05170289427042,0.9482971429824828,True
2366,11.83,0.12704214,0.111424014,0.1338791,0.084661596,1,2364,11.82,11.828879594802856,1,0.05170289427042,0.9482971429824828,True
2367,11.835,0.045903135,0.035425555,0.06061719,0.029528469,1,2364,11.82,11.828879594802856,1,0.05170289427042,0.9482971429824828,True
2368,11.84,-0.023421925,-0.02103756,0.009483268,-0.0043785963,1,2368,11.84,11.84221124649048,1,0.0246995855122804,0.975300431251526,True
2369,11.845,-0.071634464,-0.061329387,-0.028591303,-0.030568931,1,2368,11.84,11.84221124649048,1,0.0246995855122804,0.975300431251526,True
2370,11.85,-0.0992418,-0.09478555,-0.06799961,-0.0655181,1,2368,11.84,11.84221124649048,1,0.0246995855122804,0.975300431251526,True
2371,11.855,-0.1171157,-0.12774211,-0.11386939,-0.11423427,1,2368,11.84,11.84221124649048,1,0.0246995855122804,0.975300431251526,True
2372,11.86,-0.13991669,-0.15986837,-0.15873784,-0.1664451,1,2372,11.86,11.857308149337769,1,0.0304552447050809,0.9695447683334352,True
2373,11.865,-0.17438462,-0.18568859,-0.19008797,-0.20419694,1,2372,11.86,11.857308149337769,1,0.0304552447050809,0.9695447683334352,True
2374,11.87,-0.2110737,-0.1976624,-0.19960655,-0.2129782,1,2372,11.86,11.857308149337769,1,0.0304552447050809,0.9695447683334352,True
2375,11.875,-0.22739673,-0.18827263,-0.18622035,-0.18788584,1,2372,11.86,11.857308149337769,1,0.0304552447050809,0.9695447683334352,True
2376,11.88,-0.20117259,-0.151558,-0.15267727,-0.13263436,1,2376,11.88,11.883790969848633,1,0.0473342537879943,0.9526658058166504,True
2377,11.885,-0.12528217,-0.08571887,-0.10129453,-0.05552804,1,2376,11.88,11.883790969848633,1,0.0473342537879943,0.9526658058166504,True
2378,11.89,-0.013398693,0.003345223,-0.033766564,0.032739706,1,2376,11.88,11.883790969848633,1,0.0473342537879943,0.9526658058166504,True
2379,11.895,0.10617374,0.100334615,0.045207985,0.11885041,1,2376,11.88,11.883790969848633,1,0.0473342537879943,0.9526658058166504,True
2380,11.9,0.20350626,0.1837213,0.12474447,0.187407,1,2380,11.9,11.90545392036438,1,0.0381124876439571,0.961887538433075,True
2381,11.905,0.25882837,0.23369943,0.1889394,0.22473237,1,2380,11.9,11.90545392036438,1,0.0381124876439571,0.961887538433075,True
2382,11.91,0.2676113,0.2407597,0.22263713,0.22437991,1,2380,11.9,11.90545392036438,1,0.0381124876439571,0.961887538433075,True
2383,11.915,0.23829953,0.20941535,0.21838266,0.19015819,1,2380,11.9,11.90545392036438,1,0.0381124876439571,0.961887538433075,True
2384,11.92,0.1855536,0.1543985,0.17995803,0.13381197,1,2384,11.92,11.928676843643188,1,0.1097227931022644,0.8902771472930908,True
2385,11.925,0.122831814,0.09160079,0.11986869,0.06845082,1,2384,11.92,11.928676843643188,1,0.1097227931022644,0.8902771472930908,True
2386,11.93,0.057448357,0.029773848,0.05231358,0.002199512,1,2384,11.92,11.928676843643188,1,0.1097227931022644,0.8902771472930908,True
2387,11.935,-0.009915238,-0.031114142,-0.013142619,-0.06304576,1,2384,11.92,11.928676843643188,1,0.1097227931022644,0.8902771472930908,True
2388,11.94,-0.08094617,-0.09358408,-0.07228923,-0.12632315,1,2388,11.94,11.944555759429932,1,0.0251034144312143,0.9748966097831726,True
2389,11.945,-0.15311593,-0.15375607,-0.12169854,-0.18019183,1,2388,11.94,11.944555759429932,1,0.0251034144312143,0.9748966097831726,True
2390,11.95,-0.21573745,-0.19842334,-0.15483877,-0.20918359,1,2388,11.94,11.944555759429932,1,0.0251034144312143,0.9748966097831726,True
2391,11.955,-0.2528749,-0.2122022,-0.16440208,-0.19837748,1,2388,11.94,11.944555759429932,1,0.0251034144312143,0.9748966097831726,True
2392,11.96,-0.2521238,-0.18933667,-0.14916179,-0.14652087,1,2392,11.96,11.974260568618774,1,0.0516742728650569,0.9483257532119752,True
2393,11.965,-0.2125327,-0.13919462,-0.1174232,-0.07140908,1,2392,11.96,11.974260568618774,1,0.0516742728650569,0.9483257532119752,True
2394,11.97,-0.1447512,-0.07960413,-0.0817516,-0.00030587436,1,2392,11.96,11.974260568618774,1,0.0516742728650569,0.9483257532119752,True
2395,11.975,-0.06328585,-0.02381837,-0.049130663,0.04795455,1,2392,11.96,11.974260568618774,1,0.0516742728650569,0.9483257532119752,True
2396,11.98,0.02167192,0.026741164,-0.016427917,0.073660694,1,2396,11.98,11.986871480941772,1,0.0410508885979652,0.9589491486549376,True
2397,11.985,0.10510554,0.07764812,0.023938527,0.09042854,1,2396,11.98,11.986871480941772,1,0.0410508885979652,0.9589491486549376,True
2398,11.99,0.18092735,0.13029708,0.07372743,0.10938918,1,2396,11.98,11.986871480941772,1,0.0410508885979652,0.9589491486549376,True
2399,11.995,0.23680994,0.17589392,0.12407999,0.128856,1,2396,11.98,11.986871480941772,1,0.0410508885979652,0.9589491486549376,True
2400,12.0,0.25752735,0.20010021,0.16026781,0.13808352,1,2400,12.0,12.001397132873535,1,0.0529789738357067,0.9470210075378418,True
2401,12.005,0.2352596,0.19320916,0.17079738,0.12895969,1,2400,12.0,12.001397132873535,1,0.0529789738357067,0.9470210075378418,True
2402,12.01,0.17747146,0.15653591,0.15307996,0.102759786,1,2400,12.0,12.001397132873535,1,0.0529789738357067,0.9470210075378418,True
2403,12.015,0.10429285,0.10069372,0.11296594,0.066420004,1,2400,12.0,12.001397132873535,1,0.0529789738357067,0.9470210075378418,True
2404,12.02,0.036349803,0.03874759,0.060824644,0.0245572,1,2404,12.02,12.0335054397583,1,0.0396600663661956,0.9603399634361268,True
2405,12.025,-0.017742043,-0.020140426,0.007192982,-0.023267219,1,2404,12.02,12.0335054397583,1,0.0396600663661956,0.9603399634361268,True
2406,12.03,-0.064430706,-0.07309281,-0.041056853,-0.07765495,1,2404,12.02,12.0335054397583,1,0.0396600663661956,0.9603399634361268,True
2407,12.035,-0.11627901,-0.12142467,-0.08296392,-0.13285454,1,2404,12.02,12.0335054397583,1,0.0396600663661956,0.9603399634361268,True
2408,12.04,-0.1778955,-0.16573006,-0.12186714,-0.17589246,1,2408,12.04,12.042443990707396,1,0.0348530858755111,0.9651468992233276,True
2409,12.045,-0.2379847,-0.20157129,-0.15965945,-0.19297323,1,2408,12.04,12.042443990707396,1,0.0348530858755111,0.9651468992233276,True
2410,12.05,-0.27411154,-0.21942954,-0.19117373,-0.17820595,1,2408,12.04,12.042443990707396,1,0.0348530858755111,0.9651468992233276,True
2411,12.055,-0.2664092,-0.20948805,-0.20417713,-0.13749254,1,2408,12.04,12.042443990707396,1,0.0348530858755111,0.9651468992233276,True
2412,12.06,-0.2093631,-0.16742326,-0.18572958,-0.08399985,1,2412,12.06,12.08027172088623,1,0.0729679465293884,0.9270319938659668,True
2413,12.065,-0.11348948,-0.09658851,-0.13000837,-0.028571224,1,2412,12.06,12.08027172088623,1,0.0729679465293884,0.9270319938659668,True
2414,12.07,0.0019066406,-0.005989741,-0.042190712,0.026789628,1,2412,12.06,12.08027172088623,1,0.0729679465293884,0.9270319938659668,True
2415,12.075,0.11724892,0.092579186,0.062883615,0.086476915,1,2412,12.06,12.08027172088623,1,0.0729679465293884,0.9270319938659668,True
2416,12.08,0.2166766,0.18556575,0.16506514,0.15204865,1,2416,12.08,12.094013214111328,1,0.0408304147422313,0.9591695070266724,True
2417,12.085,0.28779167,0.25785276,0.24392872,0.21465608,1,2416,12.08,12.094013214111328,1,0.0408304147422313,0.9591695070266724,True
2418,12.09,0.32066444,0.29465267,0.2834053,0.25590104,1,2416,12.08,12.094013214111328,1,0.0408304147422313,0.9591695070266724,True
2419,12.095,0.30832818,0.28555557,0.27533814,0.25642404,1,2416,12.08,12.094013214111328,1,0.0408304147422313,0.9591695070266724,True
2420,12.1,0.24894685,0.2287515,0.22128494,0.20603667,1,2420,12.1,12.103517770767212,1,0.1217939928174018,0.8782060146331787,True
2421,12.105,0.14907427,0.13329484,0.13236189,0.109766856,1,2420,12.1,12.103517770767212,1,0.1217939928174018,0.8782060146331787,True
2422,12.11,0.026211351,0.01828502,0.027193667,-0.012209399,1,2420,12.1,12.103517770767212,1,0.1217939928174018,0.8782060146331787,True
2423,12.115,-0.09315029,-0.091716506,-0.07240138,-0.13043295,1,2420,12.1,12.103517770767212,1,0.1217939928174018,0.8782060146331787,True
2424,12.12,-0.18280798,-0.17480095,-0.14799704,-0.21637389,1,2424,12.12,12.126298904418944,1,0.0248690210282802,0.9751309752464294,True
2425,12.125,-0.22984616,-0.22024883,-0.19105609,-0.2533645,1,2424,12.12,12.126298904418944,1,0.0248690210282802,0.9751309752464294,True
2426,12.13,-0.24119876,-0.23175605,-0.20488821,-0.24241914,1,2424,12.12,12.126298904418944,1,0.0248690210282802,0.9751309752464294,True
2427,12.135,-0.23585574,-0.2217366,-0.19960947,-0.19879276,1,2424,12.12,12.126298904418944,1,0.0248690210282802,0.9751309752464294,True
2428,12.14,-0.2269246,-0.20019832,-0.1833863,-0.14140375,1,2428,12.14,12.145365953445436,1,0.0673211067914962,0.9326788783073424,True
2429,12.145,-0.20879516,-0.16728456,-0.15704666,-0.08280128,1,2428,12.14,12.145365953445436,1,0.0673211067914962,0.9326788783073424,True
2430,12.15,-0.16202633,-0.11596406,-0.11625408,-0.026364744,1,2428,12.14,12.145365953445436,1,0.0673211067914962,0.9326788783073424,True
2431,12.155,-0.072863415,-0.042131618,-0.05840822,0.029268067,1,2428,12.14,12.145365953445436,1,0.0673211067914962,0.9326788783073424,True
2432,12.16,0.04955291,0.047232345,0.012280195,0.0840451,1,2432,12.16,12.15671968460083,1,0.0399618297815322,0.9600381851196288,True
2433,12.165,0.173341,0.13462244,0.08502553,0.13354962,1,2432,12.16,12.15671968460083,1,0.0399618297815322,0.9600381851196288,True
2434,12.17,0.2610245,0.19983383,0.1461949,0.16992198,1,2432,12.16,12.15671968460083,1,0.0399618297815322,0.9600381851196288,True
2435,12.175,0.28970382,0.22858483,0.18338932,0.18482043,1,2432,12.16,12.15671968460083,1,0.0399618297815322,0.9600381851196288,True
2436,12.18,0.26022226,0.21726368,0.18919581,0.17314075,1,2436,12.18,12.192608118057253,1,0.070971556007862,0.9290283918380736,True
2437,12.185,0.19196677,0.17326152,0.16484319,0.13657546,1,2436,12.18,12.192608118057253,1,0.070971556007862,0.9290283918380736,True
2438,12.19,0.110044606,0.11184599,0.12152261,0.08468678,1,2436,12.18,12.192608118057253,1,0.070971556007862,0.9290283918380736,True
2439,12.195,0.033985183,0.05019353,0.07600263,0.031011146,1,2436,12.18,12.192608118057253,1,0.070971556007862,0.9290283918380736,True
2440,12.2,-0.02677817,0.00039203675,0.0413919,-0.014505842,1,2440,12.2,12.204238653182983,1,0.0269749872386455,0.9730249643325806,True
2441,12.205,-0.07079491,-0.034663808,0.019696329,-0.050809562,1,2440,12.2,12.204238653182983,1,0.0269749872386455,0.9730249643325806,True
2442,12.21,-0.09972453,-0.059511524,0.002585131,-0.08346955,1,2440,12.2,12.204238653182983,1,0.0269749872386455,0.9730249643325806,True
2443,12.215,-0.11529886,-0.08025568,-0.020561002,-0.1164599,1,2440,12.2,12.204238653182983,1,0.0269749872386455,0.9730249643325806,True
2444,12.22,-0.12008887,-0.099972636,-0.054821912,-0.14593613,1,2444,12.22,12.222654342651367,1,0.0489579252898693,0.951042115688324,True
2445,12.225,-0.11963214,-0.11864965,-0.09801539,-0.16224726,1,2444,12.22,12.222654342651367,1,0.0489579252898693,0.951042115688324,True
2446,12.23,-0.121198416,-0.13528585,-0.14354879,-0.15782495,1,2444,12.22,12.222654342651367,1,0.0489579252898693,0.951042115688324,True
2447,12.235,-0.1275617,-0.14757064,-0.18233195,-0.1324686,1,2444,12.22,12.222654342651367,1,0.0489579252898693,0.951042115688324,True
2448,12.24,-0.1306536,-0.1488134,-0.20209648,-0.09088477,1,2448,12.24,12.24262285232544,1,0.0565847307443618,0.9434152841567992,True
2449,12.245,-0.11296945,-0.12731554,-0.18839295,-0.0363665,1,2448,12.24,12.24262285232544,1,0.0565847307443618,0.9434152841567992,True
2450,12.25,-0.059199158,-0.0726906,-0.13125288,0.031122033,1,2448,12.24,12.24262285232544,1,0.0565847307443618,0.9434152841567992,True
2451,12.255,0.029411733,0.013656372,-0.03469471,0.1093947,1,2448,12.24,12.24262285232544,1,0.0565847307443618,0.9434152841567992,True
2452,12.26,0.13007209,0.11289715,0.07923089,0.18688609,1,2452,12.26,12.27754282951355,1,0.0422573387622833,0.9577426314353944,True
2453,12.265,0.20852423,0.19485578,0.17767513,0.24262072,1,2452,12.26,12.27754282951355,1,0.0422573387622833,0.9577426314353944,True
2454,12.27,0.2376827,0.23326232,0.2325177,0.2557232,1,2452,12.26,12.27754282951355,1,0.0422573387622833,0.9577426314353944,True
2455,12.275,0.21141215,0.21950123,0.23389591,0.2176362,1,2452,12.26,12.27754282951355,1,0.0422573387622833,0.9577426314353944,True
2456,12.28,0.14444542,0.1648574,0.1922314,0.13710307,1,2456,12.28,12.29259157180786,1,0.114018477499485,0.885981559753418,True
2457,12.285,0.060742106,0.09049668,0.12794791,0.03412561,1,2456,12.28,12.29259157180786,1,0.114018477499485,0.885981559753418,True
2458,12.29,-0.019413987,0.014150176,0.05768995,-0.0712395,1,2456,12.28,12.29259157180786,1,0.114018477499485,0.885981559753418,True
2459,12.295,-0.08488905,-0.05595341,-0.011943494,-0.16547933,1,2456,12.28,12.29259157180786,1,0.114018477499485,0.885981559753418,True
2460,12.3,-0.13129482,-0.11705887,-0.07952728,-0.23941228,1,2460,12.3,12.30242133140564,1,0.0272610746324062,0.9727389812469482,True
2461,12.305,-0.15652448,-0.16423848,-0.13947454,-0.28224894,1,2460,12.3,12.30242133140564,1,0.0272610746324062,0.9727389812469482,True
2462,12.31,-0.15916437,-0.18781887,-0.1785388,-0.28062764,1,2460,12.3,12.30242133140564,1,0.0272610746324062,0.9727389812469482,True
2463,12.315,-0.13971236,-0.17854246,-0.18235026,-0.22590388,1,2460,12.3,12.30242133140564,1,0.0272610746324062,0.9727389812469482,True
2464,12.32,-0.101859555,-0.13557579,-0.14655556,-0.12421475,1,2464,12.32,12.326613187789915,1,0.0751814395189285,0.924818515777588,True
2465,12.325,-0.05252097,-0.070200905,-0.08280948,-7.7609846e-05,1,2464,12.32,12.326613187789915,1,0.0751814395189285,0.924818515777588,True
2466,12.33,-0.0010422014,-0.0017653237,-0.014035321,0.11147477,1,2464,12.32,12.326613187789915,1,0.0751814395189285,0.924818515777588,True
2467,12.335,0.042651854,0.051809475,0.038164042,0.18083254,1,2464,12.32,12.326613187789915,1,0.0751814395189285,0.924818515777588,True
2468,12.34,0.07184601,0.08296277,0.06514978,0.1982316,1,2468,12.34,12.344455480575562,1,0.0434855930507183,0.9565143585205078,True
2469,12.345,0.08723209,0.09697031,0.07386767,0.17722267,1,2468,12.34,12.344455480575562,1,0.0434855930507183,0.9565143585205078,True
2470,12.35,0.09687836,0.10591382,0.078861386,0.14436147,1,2468,12.34,12.344455480575562,1,0.0434855930507183,0.9565143585205078,True
2471,12.355,0.10916401,0.11793928,0.089729816,0.12150944,1,2468,12.34,12.344455480575562,1,0.0434855930507183,0.9565143585205078,True
2472,12.36,0.123177916,0.12967516,0.103431694,0.11270778,1,2472,12.36,12.378031730651855,1,0.1239452213048935,0.8760547637939453,True
2473,12.365,0.12623738,0.12817515,0.10720864,0.104725555,1,2472,12.36,12.378031730651855,1,0.1239452213048935,0.8760547637939453,True
2474,12.37,0.10342475,0.101562686,0.08960949,0.08024096,1,2472,12.36,12.378031730651855,1,0.1239452213048935,0.8760547637939453,True
2475,12.375,0.05201686,0.049953204,0.050511513,0.032840427,1,2472,12.36,12.378031730651855,1,0.1239452213048935,0.8760547637939453,True
2476,12.38,-0.013136873,-0.012772901,0.0018449281,-0.028046422,1,2476,12.38,12.39367127418518,1,0.0364189073443412,0.9635810256004332,True
2477,12.385,-0.069886096,-0.06821273,-0.041265484,-0.08527697,1,2476,12.38,12.39367127418518,1,0.0364189073443412,0.9635810256004332,True
2478,12.39,-0.105828166,-0.105728716,-0.07089243,-0.1270861,1,2476,12.38,12.39367127418518,1,0.0364189073443412,0.9635810256004332,True
2479,12.395,-0.12578233,-0.1271023,-0.08926003,-0.15355954,1,2476,12.38,12.39367127418518,1,0.0364189073443412,0.9635810256004332,True
2480,12.4,-0.14254332,-0.14023572,-0.10268177,-0.17178848,1,2480,12.4,12.402246236801147,1,0.1546136438846588,0.8453863263130188,True
2481,12.405,-0.16049448,-0.14879261,-0.113256834,-0.18534851,1,2480,12.4,12.402246236801147,1,0.1546136438846588,0.8453863263130188,True
2482,12.41,-0.1684471,-0.14763124,-0.11623873,-0.18805072,1,2480,12.4,12.402246236801147,1,0.1546136438846588,0.8453863263130188,True
2483,12.415,-0.14835398,-0.12739775,-0.104560725,-0.16723026,1,2480,12.4,12.402246236801147,1,0.1546136438846588,0.8453863263130188,True
2484,12.42,-0.09125077,-0.08318124,-0.07532281,-0.11360882,1,2484,12.42,12.427365779876707,1,0.0484414622187614,0.951558530330658,True
2485,12.425,-0.0062820325,-0.019787675,-0.032497767,-0.030187597,1,2484,12.42,12.427365779876707,1,0.0484414622187614,0.951558530330658,True
2486,12.43,0.08362079,0.04969961,0.015397465,0.06606078,1,2484,12.42,12.427365779876707,1,0.0484414622187614,0.951558530330658,True
2487,12.435,0.1545477,0.11030352,0.059977774,0.15118651,1,2484,12.42,12.427365779876707,1,0.0484414622187614,0.951558530330658,True
2488,12.44,0.19318655,0.15224418,0.09668366,0.20609652,1,2488,12.44,12.44399642944336,1,0.0498353242874145,0.9501647353172302,True
2489,12.445,0.20029849,0.17429262,0.12525092,0.22556768,1,2488,12.44,12.44399642944336,1,0.0498353242874145,0.9501647353172302,True
2490,12.45,0.18531305,0.18072213,0.14629225,0.2175196,1,2488,12.44,12.44399642944336,1,0.0498353242874145,0.9501647353172302,True
2491,12.455,0.15685572,0.17383128,0.15622026,0.1927921,1,2488,12.44,12.44399642944336,1,0.0498353242874145,0.9501647353172302,True
2492,12.46,0.11672762,0.14905567,0.1457502,0.15464503,1,2492,12.46,12.477935552597046,1,0.0563850365579128,0.9436150193214417,True
2493,12.465,0.06216997,0.09886105,0.10579199,0.09837359,1,2492,12.46,12.477935552597046,1,0.0563850365579128,0.9436150193214417,True
2494,12.47,-0.006256225,0.023075175,0.037352934,0.02139201,1,2492,12.46,12.477935552597046,1,0.0563850365579128,0.9436150193214417,True
2495,12.475,-0.07957074,-0.06468389,-0.043941755,-0.06732316,1,2492,12.46,12.477935552597046,1,0.0563850365579128,0.9436150193214417,True
2496,12.48,-0.14358696,-0.14218561,-0.114687905,-0.14907597,1,2496,12.48,12.492266178131104,1,0.0255538839846849,0.9744461178779602,True
2497,12.485,-0.18684936,-0.191344,-0.15704924,-0.2066436,1,2496,12.48,12.492266178131104,1,0.0255538839846849,0.9744461178779602,True
2498,12.49,-0.20475349,-0.20670645,-0.1671933,-0.23271458,1,2496,12.48,12.492266178131104,1,0.0255538839846849,0.9744461178779602,True
2499,12.495,-0.19650601,-0.1928562,-0.15250173,-0.22759229,1,2496,12.48,12.492266178131104,1,0.0255538839846849,0.9744461178779602,True
2500,12.5,-0.16058499,-0.15572813,-0.1221097,-0.1912604,1,2500,12.5,12.508718490600586,1,0.0687963441014289,0.9312036037445068,True
2501,12.505,-0.096141435,-0.09811444,-0.080374315,-0.12127991,1,2500,12.5,12.508718490600586,1,0.0687963441014289,0.9312036037445068,True
2502,12.51,-0.0101194,-0.02351451,-0.028241528,-0.020593837,1,2500,12.5,12.508718490600586,1,0.0687963441014289,0.9312036037445068,True
2503,12.515,0.078227,0.05719426,0.03053863,0.0929437,1,2500,12.5,12.508718490600586,1,0.0687963441014289,0.9312036037445068,True
2504,12.52,0.14283922,0.12480971,0.08521568,0.18711336,1,2504,12.52,12.535630702972412,1,0.0383628718554973,0.9616371393203736,True
2505,12.525,0.16453767,0.15956406,0.120525815,0.22929238,1,2504,12.52,12.535630702972412,1,0.0383628718554973,0.9616371393203736,True
2506,12.53,0.14281136,0.15260299,0.12509152,0.2051855,1,2504,12.52,12.535630702972412,1,0.0383628718554973,0.9616371393203736,True
2507,12.535,0.096344315,0.11260215,0.099899046,0.12880626,1,2504,12.52,12.535630702972412,1,0.0383628718554973,0.9616371393203736,True
2508,12.54,0.051499467,0.061888147,0.059664946,0.03589634,1,2508,12.54,12.552693843841553,1,0.1144341230392456,0.8855658769607544,True
2509,12.545,0.026768439,0.023634063,0.024400337,-0.03556297,1,2508,12.54,12.552693843841553,1,0.1144341230392456,0.8855658769607544,True
2510,12.55,0.023523796,0.008429774,0.0066045634,-0.06519145,1,2508,12.54,12.552693843841553,1,0.1144341230392456,0.8855658769607544,True
2511,12.555,0.028455663,0.009720761,0.004161692,-0.057762604,1,2508,12.54,12.552693843841553,1,0.1144341230392456,0.8855658769607544,True
2512,12.56,0.024914565,0.0112916045,0.004644203,-0.034803078,1,2512,12.56,12.55948805809021,1,0.0330426841974258,0.9669573307037354,True
2513,12.565,0.004558108,0.0004159782,-0.0033593185,-0.018076476,1,2512,12.56,12.55948805809021,1,0.0330426841974258,0.9669573307037354,True
2514,12.57,-0.028849304,-0.0241023,-0.022135122,-0.017692963,1,2512,12.56,12.55948805809021,1,0.0330426841974258,0.9669573307037354,True
2515,12.575,-0.065016605,-0.05446621,-0.04595395,-0.031825118,1,2512,12.56,12.55948805809021,1,0.0330426841974258,0.9669573307037354,True
2516,12.58,-0.09585745,-0.08240676,-0.067941956,-0.05408079,1,2516,12.58,12.592535495758057,1,0.1193821877241134,0.8806177377700806,True
2517,12.585,-0.11900467,-0.10432344,-0.084634125,-0.07896351,1,2516,12.58,12.592535495758057,1,0.1193821877241134,0.8806177377700806,True
2518,12.59,-0.13349213,-0.1187073,-0.094395205,-0.10051652,1,2516,12.58,12.592535495758057,1,0.1193821877241134,0.8806177377700806,True
2519,12.595,-0.13329417,-0.1204481,-0.09332291,-0.108372845,1,2516,12.58,12.592535495758057,1,0.1193821877241134,0.8806177377700806,True
2520,12.6,-0.10702049,-0.09989041,-0.07463704,-0.08887203,1,2520,12.6,12.610183477401732,1,0.0791715905070304,0.9208284616470336,True
2521,12.605,-0.04622991,-0.04925565,-0.033266142,-0.033339802,1,2520,12.6,12.610183477401732,1,0.0791715905070304,0.9208284616470336,True
2522,12.61,0.043813124,0.028579917,0.02815059,0.052460924,1,2520,12.6,12.610183477401732,1,0.0791715905070304,0.9208284616470336,True
2523,12.615,0.14038858,0.11642711,0.09686824,0.14597261,1,2520,12.6,12.610183477401732,1,0.0791715905070304,0.9208284616470336,True
2524,12.62,0.21118112,0.18774313,0.15328607,0.21577334,1,2524,12.62,12.625551223754885,1,0.0441680997610092,0.9558318853378296,True
2525,12.625,0.22980306,0.2177898,0.17834936,0.23578359,1,2524,12.62,12.625551223754885,1,0.0441680997610092,0.9558318853378296,True
2526,12.63,0.18947156,0.19508818,0.16181,0.19783194,1,2524,12.62,12.625551223754885,1,0.0441680997610092,0.9558318853378296,True
2527,12.635,0.106387146,0.1272162,0.10760009,0.115622275,1,2524,12.62,12.625551223754885,1,0.0441680997610092,0.9558318853378296,True
2528,12.64,0.01096447,0.037646983,0.033139255,0.01776681,1,2528,12.64,12.65321397781372,1,0.0606754049658775,0.9393245577812196,True
2529,12.645,-0.06729179,-0.04515779,-0.03814981,-0.06637396,1,2528,12.64,12.65321397781372,1,0.0606754049658775,0.9393245577812196,True
2530,12.65,-0.11209395,-0.10068888,-0.087762296,-0.12001421,1,2528,12.64,12.65321397781372,1,0.0606754049658775,0.9393245577812196,True
2531,12.655,-0.12387591,-0.12425892,-0.11023368,-0.14400853,1,2528,12.64,12.65321397781372,1,0.0606754049658775,0.9393245577812196,True
2532,12.66,-0.11507908,-0.12583439,-0.1134314,-0.15161708,1,2532,12.66,12.66539716720581,1,0.0351666621863842,0.9648333191871644,True
2533,12.665,-0.10186108,-0.12129419,-0.11091651,-0.15706559,1,2532,12.66,12.66539716720581,1,0.0351666621863842,0.9648333191871644,True
2534,12.67,-0.09616463,-0.12152939,-0.11147301,-0.16488473,1,2532,12.66,12.66539716720581,1,0.0351666621863842,0.9648333191871644,True
2535,12.675,-0.10001389,-0.12546803,-0.11279085,-0.16603158,1,2532,12.66,12.66539716720581,1,0.0351666621863842,0.9648333191871644,True
2536,12.68,-0.103930056,-0.12093635,-0.10358813,-0.14336586,1,2536,12.68,12.692535877227783,1,0.0831272676587104,0.91687273979187,True
2537,12.685,-0.09170686,-0.093092725,-0.072664745,-0.084057264,1,2536,12.68,12.692535877227783,1,0.0831272676587104,0.91687273979187,True
2538,12.69,-0.05066223,-0.035380986,-0.018243648,0.0086064795,1,2536,12.68,12.692535877227783,1,0.0831272676587104,0.91687273979187,True
2539,12.695,0.01876236,0.044320606,0.04937969,0.1128066,1,2536,12.68,12.692535877227783,1,0.0831272676587104,0.91687273979187,True
2540,12.7,0.10124697,0.12658654,0.11343984,0.19817586,1,2540,12.7,12.7061665058136,1,0.043256539851427,0.9567434787750244,True
2541,12.705,0.17395073,0.18979232,0.15933833,0.24152389,1,2540,12.7,12.7061665058136,1,0.043256539851427,0.9567434787750244,True
2542,12.71,0.21693403,0.21887086,0.179376,0.23684365,1,2540,12.7,12.7061665058136,1,0.043256539851427,0.9567434787750244,True
2543,12.715,0.21958971,0.20852832,0.17163613,0.19341527,1,2540,12.7,12.7061665058136,1,0.043256539851427,0.9567434787750244,True
2544,12.72,0.18158054,0.16197957,0.1372721,0.12634659,1,2544,12.72,12.724064111709597,1,0.1353979408740997,0.8646020889282227,True
2545,12.725,0.11161715,0.08937553,0.08097925,0.049240258,1,2544,12.72,12.724064111709597,1,0.1353979408740997,0.8646020889282227,True
2546,12.73,0.026213676,0.0072915903,0.013891793,-0.02601947,1,2544,12.72,12.724064111709597,1,0.1353979408740997,0.8646020889282227,True
2547,12.735,-0.053487696,-0.06374424,-0.04667692,-0.08632491,1,2544,12.72,12.724064111709597,1,0.1353979408740997,0.8646020889282227,True
2548,12.74,-0.10875821,-0.1062648,-0.084080465,-0.11850796,1,2548,12.74,12.752477645874023,1,0.0258969757705926,0.9741030335426332,True
2549,12.745,-0.13127209,-0.11443025,-0.09184966,-0.11629602,1,2548,12.74,12.752477645874023,1,0.0258969757705926,0.9741030335426332,True
2550,12.75,-0.12605888,-0.09729431,-0.07773775,-0.08699646,1,2548,12.74,12.752477645874023,1,0.0258969757705926,0.9741030335426332,True
2551,12.755,-0.10716915,-0.07339157,-0.058474805,-0.05063428,1,2548,12.74,12.752477645874023,1,0.0258969757705926,0.9741030335426332,True
2552,12.76,-0.090181194,-0.060735308,-0.04980121,-0.030576909,1,2552,12.76,12.761409521102903,1,0.0778543949127197,0.9221456050872804,True
2553,12.765,-0.086624004,-0.06913943,-0.059470557,-0.041463397,1,2552,12.76,12.761409521102903,1,0.0778543949127197,0.9221456050872804,True
2554,12.77,-0.10048725,-0.09738523,-0.08592813,-0.08135085,1,2552,12.76,12.761409521102903,1,0.0778543949127197,0.9221456050872804,True
2555,12.775,-0.12450892,-0.13311082,-0.11949933,-0.13147339,1,2552,12.76,12.761409521102903,1,0.0778543949127197,0.9221456050872804,True
2556,12.78,-0.13849866,-0.15477268,-0.14366202,-0.16353515,1,2556,12.78,12.79226016998291,1,0.0705421045422554,0.92945796251297,True
2557,12.785,-0.11631953,-0.13878371,-0.13887084,-0.15232278,1,2556,12.78,12.79226016998291,1,0.0705421045422554,0.92945796251297,True
2558,12.79,-0.04266814,-0.07253857,-0.09165773,-0.08876874,1,2556,12.78,12.79226016998291,1,0.0705421045422554,0.92945796251297,True
2559,12.795,0.07134932,0.034152195,-0.005037471,0.013811377,1,2556,12.78,12.79226016998291,1,0.0705421045422554,0.92945796251297,True
2560,12.8,0.1889221,0.15007621,0.09901471,0.12547463,1,2560,12.8,12.809780597686768,1,0.047292236238718,0.9527077674865724,True
2561,12.805,0.26760206,0.23842354,0.18967533,0.21472819,1,2560,12.8,12.809780597686768,1,0.047292236238718,0.9527077674865724,True
2562,12.81,0.2842441,0.27641693,0.2434193,0.26278308,1,2560,12.8,12.809780597686768,1,0.047292236238718,0.9527077674865724,True
2563,12.815,0.24538802,0.26384422,0.25372148,0.26751995,1,2560,12.8,12.809780597686768,1,0.047292236238718,0.9527077674865724,True
2564,12.82,0.17672367,0.21574087,0.22798221,0.23673007,1,2564,12.82,12.824524402618408,1,0.1393765658140182,0.8606234788894653,True
2565,12.825,0.10312926,0.14845254,0.1772139,0.17899413,1,2564,12.82,12.824524402618408,1,0.1393765658140182,0.8606234788894653,True
2566,12.83,0.03623803,0.07202728,0.10926031,0.10064916,1,2564,12.82,12.824524402618408,1,0.1393765658140182,0.8606234788894653,True
2567,12.835,-0.023759892,-0.00728132,0.03022392,0.009284905,1,2564,12.82,12.824524402618408,1,0.1393765658140182,0.8606234788894653,True
2568,12.84,-0.07911982,-0.081696406,-0.050998777,-0.08296916,1,2568,12.84,12.83493709564209,1,0.0267037916928529,0.9732961654663086,True
2569,12.845,-0.129137,-0.14219995,-0.12272383,-0.16193822,1,2568,12.84,12.83493709564209,1,0.0267037916928529,0.9732961654663086,True
2570,12.85,-0.1716618,-0.18416992,-0.1760567,-0.21773164,1,2568,12.84,12.83493709564209,1,0.0267037916928529,0.9732961654663086,True
2571,12.855,-0.20622832,-0.2106345,-0.20968215,-0.24804224,1,2568,12.84,12.83493709564209,1,0.0267037916928529,0.9732961654663086,True
2572,12.86,-0.23277523,-0.22766751,-0.22786053,-0.25480887,1,2572,12.86,12.878682136535645,1,0.0541218109428882,0.9458782076835632,True
2573,12.865,-0.24646905,-0.23544417,-0.23295255,-0.23813128,1,2572,12.86,12.878682136535645,1,0.0541218109428882,0.9458782076835632,True
2574,12.87,-0.23501104,-0.22400334,-0.21986076,-0.19450326,1,2572,12.86,12.878682136535645,1,0.0541218109428882,0.9458782076835632,True
2575,12.875,-0.18375608,-0.17899318,-0.17831767,-0.121848315,1,2572,12.86,12.878682136535645,1,0.0541218109428882,0.9458782076835632,True
2576,12.88,-0.08699447,-0.09363083,-0.10178727,-0.026550712,1,2576,12.88,12.892379522323608,1,0.0427250005304813,0.9572750329971312,True
2577,12.885,0.042660136,0.022461236,0.0040283715,0.07472195,1,2576,12.88,12.892379522323608,1,0.0427250005304813,0.9572750329971312,True
2578,12.89,0.17480882,0.14430399,0.11954357,0.1608825,1,2576,12.88,12.892379522323608,1,0.0427250005304813,0.9572750329971312,True
2579,12.895,0.2730931,0.24163035,0.21757537,0.21556863,1,2576,12.88,12.892379522323608,1,0.0427250005304813,0.9572750329971312,True
2580,12.9,0.31171978,0.29135513,0.27371335,0.23286061,1,2580,12.9,12.906231880187988,1,0.0403593033552169,0.9596406817436218,True
2581,12.905,0.28694063,0.2858526,0.2757727,0.2168119,1,2580,12.9,12.906231880187988,1,0.0403593033552169,0.9596406817436218,True
2582,12.91,0.2171308,0.23427871,0.22869793,0.17742991,1,2580,12.9,12.906231880187988,1,0.0403593033552169,0.9596406817436218,True
2583,12.915,0.13199826,0.15757598,0.15271454,0.12694128,1,2580,12.9,12.906231880187988,1,0.0403593033552169,0.9596406817436218,True
2584,12.92,0.057407722,0.07933848,0.07430494,0.077073894,1,2584,12.92,12.927213668823242,1,0.0285399332642555,0.9714600443840028,True
2585,12.925,0.0043451763,0.015921801,0.013327093,0.03576592,1,2584,12.92,12.927213668823242,1,0.0285399332642555,0.9714600443840028,True
2586,12.93,-0.03218791,-0.029485788,-0.02631235,0.0036158925,1,2584,12.92,12.927213668823242,1,0.0285399332642555,0.9714600443840028,True
2587,12.935,-0.06473864,-0.06494619,-0.055426117,-0.026350643,1,2584,12.92,12.927213668823242,1,0.0285399332642555,0.9714600443840028,True
2588,12.94,-0.10181538,-0.10068871,-0.08778522,-0.06293798,1,2588,12.94,12.942758321762083,1,0.025597246363759,0.9744027853012084,True
2589,12.945,-0.1411783,-0.13913661,-0.12658688,-0.10810496,1,2588,12.94,12.942758321762083,1,0.025597246363759,0.9744027853012084,True
2590,12.95,-0.17195804,-0.17172642,-0.16018327,-0.15282987,1,2588,12.94,12.942758321762083,1,0.025597246363759,0.9744027853012084,True
2591,12.955,-0.18291546,-0.18518928,-0.1708989,-0.18219548,1,2588,12.94,12.942758321762083,1,0.025597246363759,0.9744027853012084,True
2592,12.96,-0.17009085,-0.17218523,-0.14980513,-0.18598944,1,2592,12.96,12.970947742462158,1,0.0767173022031784,0.9232827425003052,True
2593,12.965,-0.13837619,-0.13734452,-0.1051057,-0.16547847,1,2592,12.96,12.970947742462158,1,0.0767173022031784,0.9232827425003052,True
2594,12.97,-0.09669504,-0.093590066,-0.056995112,-0.1303649,1,2592,12.96,12.970947742462158,1,0.0767173022031784,0.9232827425003052,True
2595,12.975,-0.051374044,-0.052042946,-0.023087787,-0.08928146,1,2592,12.96,12.970947742462158,1,0.0767173022031784,0.9232827425003052,True
2596,12.98,-0.0033004284,-0.014343727,-0.0061881277,-0.04312523,1,2596,12.98,12.99256706237793,1,0.0400846302509307,0.9599153399467468,True
2597,12.985,0.04909806,0.026190078,0.0060968813,0.012772092,1,2596,12.98,12.99256706237793,1,0.0400846302509307,0.9599153399467468,True
2598,12.99,0.10422616,0.076132454,0.030292261,0.08043481,1,2596,12.98,12.99256706237793,1,0.0400846302509307,0.9599153399467468,True
2599,12.995,0.15454197,0.13382299,0.07375088,0.15308203,1,2596,12.98,12.99256706237793,1,0.0400846302509307,0.9599153399467468,True
2600,13.0,0.18929775,0.1879487,0.1289032,0.21622357,1,2600,13.0,13.006201028823853,1,0.0552219934761524,0.9447779655456544,True
2601,13.005,0.20013821,0.22284958,0.17770459,0.25408378,1,2600,13.0,13.006201028823853,1,0.0552219934761524,0.9447779655456544,True
2602,13.01,0.1844123,0.22552781,0.20112927,0.25550103,1,2600,13.0,13.006201028823853,1,0.0552219934761524,0.9447779655456544,True
2603,13.015,0.14398552,0.18983728,0.18673585,0.2158374,1,2600,13.0,13.006201028823853,1,0.0552219934761524,0.9447779655456544,True
2604,13.02,0.082437284,0.11747938,0.13164584,0.13648498,1,2604,13.02,13.025409460067747,1,0.0735709145665168,0.9264290928840636,True
2605,13.025,0.005019971,0.018133972,0.04306523,0.02552137,1,2604,13.02,13.025409460067747,1,0.0735709145665168,0.9264290928840636,True
2606,13.03,-0.07824731,-0.090336315,-0.061465107,-0.09990762,1,2604,13.02,13.025409460067747,1,0.0735709145665168,0.9264290928840636,True
2607,13.035,-0.1510386,-0.18382226,-0.15578099,-0.21326278,1,2604,13.02,13.025409460067747,1,0.0735709145665168,0.9264290928840636,True
2608,13.04,-0.19536863,-0.23867778,-0.21243033,-0.28472847,1,2608,13.04,13.044350862503052,1,0.0253950525075197,0.9746049642562866,True
2609,13.045,-0.20100403,-0.24189037,-0.2152275,-0.29338396,1,2608,13.04,13.044350862503052,1,0.0253950525075197,0.9746049642562866,True
2610,13.05,-0.17218135,-0.19849189,-0.1695709,-0.23867215,1,2608,13.04,13.044350862503052,1,0.0253950525075197,0.9746049642562866,True
2611,13.055,-0.12500286,-0.12960017,-0.1010533,-0.14251259,1,2608,13.04,13.044350862503052,1,0.0253950525075197,0.9746049642562866,True
2612,13.06,-0.07662845,-0.060559805,-0.04033373,-0.03882877,1,2612,13.06,13.078988313674929,1,0.049401931464672,0.950598120689392,True
2613,13.065,-0.03480309,-0.006789489,-0.0039551877,0.043529004,1,2612,13.06,13.078988313674929,1,0.049401931464672,0.950598120689392,True
2614,13.07,0.003887554,0.032282483,0.014186503,0.09307005,1,2612,13.06,13.078988313674929,1,0.049401931464672,0.950598120689392,True
2615,13.075,0.046342857,0.06686261,0.0337441,0.115344256,1,2612,13.06,13.078988313674929,1,0.049401931464672,0.950598120689392,True
2616,13.08,0.09332622,0.10399891,0.06887608,0.12236849,1,2616,13.08,13.092691659927368,1,0.0504830777645111,0.9495169520378112,True
2617,13.085,0.13657951,0.13968882,0.11535512,0.122050986,1,2616,13.08,13.092691659927368,1,0.0504830777645111,0.9495169520378112,True
2618,13.09,0.16460364,0.16226554,0.15398723,0.11605556,1,2616,13.08,13.092691659927368,1,0.0504830777645111,0.9495169520378112,True
2619,13.095,0.17075476,0.1625857,0.16570315,0.104862526,1,2616,13.08,13.092691659927368,1,0.0504830777645111,0.9495169520378112,True
2620,13.1,0.15568438,0.14057694,0.14428152,0.09151733,1,2620,13.1,13.10633397102356,1,0.1414650231599807,0.8585349917411804,True
2621,13.105,0.122999065,0.10276693,0.09726846,0.07874679,1,2620,13.1,13.10633397102356,1,0.1414650231599807,0.8585349917411804,True
2622,13.11,0.07493414,0.05567081,0.038137894,0.06379025,1,2620,13.1,13.10633397102356,1,0.1414650231599807,0.8585349917411804,True
2623,13.115,0.014393435,0.0034615085,-0.020752491,0.03923671,1,2620,13.1,13.10633397102356,1,0.1414650231599807,0.8585349917411804,True
2624,13.12,-0.049349256,-0.048707712,-0.06991311,0.0008071323,1,2624,13.12,13.128214359283447,1,0.0379211939871311,0.962078869342804,True
2625,13.125,-0.100770324,-0.09262886,-0.10278888,-0.046629485,1,2624,13.12,13.128214359283447,1,0.0379211939871311,0.962078869342804,True
2626,13.13,-0.12817603,-0.12145375,-0.11801008,-0.09254002,1,2624,13.12,13.128214359283447,1,0.0379211939871311,0.962078869342804,True
2627,13.135,-0.13487716,-0.13606356,-0.121127725,-0.12997873,1,2624,13.12,13.128214359283447,1,0.0379211939871311,0.962078869342804,True
2628,13.14,-0.13762902,-0.14413637,-0.120559394,-0.15912816,1,2628,13.14,13.142744541168211,1,0.1268637180328369,0.8731362819671631,True
2629,13.145,-0.15006907,-0.15046099,-0.119062215,-0.18021382,1,2628,13.14,13.142744541168211,1,0.1268637180328369,0.8731362819671631,True
2630,13.15,-0.16605446,-0.14858842,-0.109559804,-0.18456854,1,2628,13.14,13.142744541168211,1,0.1268637180328369,0.8731362819671631,True
2631,13.155,-0.16091636,-0.12446387,-0.08158424,-0.15658304,1,2628,13.14,13.142744541168211,1,0.1268637180328369,0.8731362819671631,True
2632,13.16,-0.112131,-0.07018081,-0.033198237,-0.08768185,1,2632,13.16,13.152282953262327,1,0.05716547742486,0.942834496498108,True
2633,13.165,-0.021172635,0.005654593,0.023919968,0.010897352,1,2632,13.16,13.152282953262327,1,0.05716547742486,0.942834496498108,True
2634,13.17,0.083726354,0.08171939,0.072332814,0.1103135,1,2632,13.16,13.152282953262327,1,0.05716547742486,0.942834496498108,True
2635,13.175,0.16625889,0.13834682,0.10226693,0.18083681,1,2632,13.16,13.152282953262327,1,0.05716547742486,0.942834496498108,True
2636,13.18,0.20517704,0.16868572,0.117285,0.20879063,1,2636,13.18,13.19407844543457,1,0.0515954904258251,0.9484045505523682,True
2637,13.185,0.20296614,0.17740998,0.12709254,0.20024228,1,2636,13.18,13.19407844543457,1,0.0515954904258251,0.9484045505523682,True
2638,13.19,0.17644255,0.17105263,0.13569544,0.17113891,1,2636,13.18,13.19407844543457,1,0.0515954904258251,0.9484045505523682,True
2639,13.195,0.14128841,0.15126061,0.13716702,0.13462652,1,2636,13.18,13.19407844543457,1,0.0515954904258251,0.9484045505523682,True
2640,13.2,0.10409581,0.11668991,0.1222857,0.09525508,1,2640,13.2,13.206289052963257,1,0.0683673098683357,0.9316326975822448,True
2641,13.205,0.06479446,0.06878584,0.087792896,0.05084624,1,2640,13.2,13.206289052963257,1,0.0683673098683357,0.9316326975822448,True
2642,13.21,0.02250268,0.013458893,0.038488984,-0.002967936,1,2640,13.2,13.206289052963257,1,0.0683673098683357,0.9316326975822448,True
2643,13.215,-0.02206534,-0.042870194,-0.018472236,-0.06873296,1,2640,13.2,13.206289052963257,1,0.0683673098683357,0.9316326975822448,True
2644,13.22,-0.067644596,-0.09700118,-0.07891612,-0.1431105,1,2644,13.22,13.224411487579346,1,0.0319277420639991,0.9680721759796144,True
2645,13.225,-0.112635344,-0.1471102,-0.13975352,-0.21295038,1,2644,13.22,13.224411487579346,1,0.0319277420639991,0.9680721759796144,True
2646,13.23,-0.15276478,-0.18726598,-0.19240092,-0.25560734,1,2644,13.22,13.224411487579346,1,0.0319277420639991,0.9680721759796144,True
2647,13.235,-0.17941597,-0.20546834,-0.22057836,-0.24770084,1,2644,13.22,13.224411487579346,1,0.0319277420639991,0.9680721759796144,True
2648,13.24,-0.18242131,-0.18940304,-0.20776603,-0.17976566,1,2648,13.24,13.244607210159302,1,0.0983806923031807,0.9016192555427552,True
2649,13.245,-0.15636899,-0.13606024,-0.14946645,-0.06660447,1,2648,13.24,13.244607210159302,1,0.0983806923031807,0.9016192555427552,True
2650,13.25,-0.105066046,-0.056791347,-0.059650075,0.056401752,1,2648,13.24,13.244607210159302,1,0.0983806923031807,0.9016192555427552,True
2651,13.255,-0.040110014,0.026995664,0.03474409,0.1506233,1,2648,13.24,13.244607210159302,1,0.0983806923031807,0.9016192555427552,True
2652,13.26,0.024855996,0.09431523,0.10740296,0.19358864,1,2652,13.26,13.269169807434082,1,0.0392332039773464,0.960766851902008,True
2653,13.265,0.079133205,0.13358735,0.1446787,0.18727843,1,2652,13.26,13.269169807434082,1,0.0392332039773464,0.960766851902008,True
2654,13.27,0.116365366,0.14498731,0.14907092,0.15142351,1,2652,13.26,13.269169807434082,1,0.0392332039773464,0.960766851902008,True
2655,13.275,0.13400222,0.13679431,0.13405278,0.10910959,1,2652,13.26,13.269169807434082,1,0.0392332039773464,0.960766851902008,True
2656,13.28,0.13343565,0.119566366,0.11486664,0.07531898,1,2656,13.28,13.284198522567747,1,0.1095635518431663,0.8904364705085754,True
2657,13.285,0.120239176,0.10115299,0.10042883,0.05362414,1,2656,13.28,13.284198522567747,1,0.1095635518431663,0.8904364705085754,True
2658,13.29,0.101768844,0.083677076,0.08973501,0.03907287,1,2656,13.28,13.284198522567747,1,0.1095635518431663,0.8904364705085754,True
2659,13.295,0.08197701,0.06306359,0.07384887,0.022681285,1,2656,13.28,13.284198522567747,1,0.1095635518431663,0.8904364705085754,True
2660,13.3,0.057779055,0.031696133,0.04202866,-0.0049552703,0,2660,13.3,13.3063645362854,1,0.0399391464889049,0.9600608944892884,False
2661,13.305,0.021613736,-0.016298113,-0.011346314,-0.050501533,0,2660,13.3,13.3063645362854,1,0.0399391464889049,0.9600608944892884,False
2662,13.31,-0.030578565,-0.07948316,-0.08227548,-0.1140769,0,2660,13.3,13.3063645362854,1,0.0399391464889049,0.9600608944892884,False
2663,13.315,-0.092468135,-0.14644378,-0.1565027,-0.18546808,0,2660,13.3,13.3063645362854,1,0.0399391464889049,0.9600608944892884,False
2664,13.32,-0.14775945,-0.19804901,-0.21274693,-0.2433076,0,2664,13.32,13.322627067565918,1,0.0439360961318016,0.9560639262199402,False
2665,13.325,-0.17788573,-0.21432503,-0.22946644,-0.2605447,0,2664,13.32,13.322627067565918,1,0.0439360961318016,0.9560639262199402,False
2666,13.33,-0.17110515,-0.18332244,-0.19396575,-0.21649246,0,2664,13.32,13.322627067565918,1,0.0439360961318016,0.9560639262199402,False
2667,13.335,-0.12719053,-0.107993916,-0.11025291,-0.1103038,0,2664,13.32,13.322627067565918,1,0.0439360961318016,0.9560639262199402,False
2668,13.34,-0.05653861,-0.0071899197,-0.0003781799,0.033043608,0,2668,13.34,13.342533588409424,1,0.0491901002824306,0.950809895992279,False
2669,13.345,0.023914568,0.09101294,0.10365951,0.17081577,0,2668,13.34,13.342533588409424,1,0.0491901002824306,0.950809895992279,False
2670,13.35,0.09585677,0.16136907,0.17423788,0.26237354,0,2668,13.34,13.342533588409424,1,0.0491901002824306,0.950809895992279,False
2671,13.355,0.145111,0.19250993,0.20030573,0.28914186,0,2668,13.34,13.342533588409424,1,0.0491901002824306,0.950809895992279,False
2672,13.36,0.16606009,0.18993884,0.18973982,0.2613658,0,2672,13.36,13.372658252716064,1,0.0497070737183094,0.9502928853034972,False
2673,13.365,0.16214217,0.16877551,0.16075362,0.20722397,0,2672,13.36,13.372658252716064,1,0.0497070737183094,0.9502928853034972,False
2674,13.37,0.1411877,0.14156157,0.12873088,0.1527183,0,2672,13.36,13.372658252716064,1,0.0497070737183094,0.9502928853034972,False
2675,13.375,0.10881307,0.110233285,0.097405285,0.10676285,0,2672,13.36,13.372658252716064,1,0.0497070737183094,0.9502928853034972,False
2676,13.38,0.06541064,0.06766428,0.059372157,0.060357172,0,2676,13.38,13.39409065246582,1,0.0371716655790805,0.9628283381462096,False
2677,13.385,0.009115418,0.0063042613,0.004242335,-0.0024572639,0,2676,13.38,13.39409065246582,1,0.0371716655790805,0.9628283381462096,False
2678,13.39,-0.05847109,-0.073347434,-0.07148625,-0.09098119,0,2676,13.38,13.39409065246582,1,0.0371716655790805,0.9628283381462096,False
2679,13.395,-0.12913005,-0.1599054,-0.15857379,-0.19922312,0,2676,13.38,13.39409065246582,1,0.0371716655790805,0.9628283381462096,False
2680,13.4,-0.18973528,-0.23433009,-0.23612137,-0.3047656,0,2680,13.4,13.406492233276367,1,0.0314540974795818,0.9685459136962892,False
2681,13.405,-0.22688617,-0.2765486,-0.27933824,-0.37483796,0,2680,13.4,13.406492233276367,1,0.0314540974795818,0.9685459136962892,False
2682,13.41,-0.23122886,-0.27266368,-0.2707025,-0.37867844,0,2680,13.4,13.406492233276367,1,0.0314540974795818,0.9685459136962892,False
2683,13.415,-0.1997049,-0.22032672,-0.2086968,-0.30271363,0,2680,13.4,13.406492233276367,1,0.0314540974795818,0.9685459136962892,False
2684,13.42,-0.13561468,-0.12974852,-0.108490326,-0.16058215,0,2684,13.42,13.427814722061155,1,0.0504195243120193,0.9495804309844972,False
2685,13.425,-0.04720515,-0.019280558,0.00623524,0.010221015,0,2684,13.42,13.427814722061155,1,0.0504195243120193,0.9495804309844972,False
2686,13.43,0.05389886,0.091717795,0.11422449,0.16515408,0,2684,13.42,13.427814722061155,1,0.0504195243120193,0.9495804309844972,False
2687,13.435,0.15320009,0.18755798,0.2019654,0.27222103,0,2684,13.42,13.427814722061155,1,0.0504195243120193,0.9495804309844972,False
2688,13.44,0.2335079,0.25610983,0.26094824,0.32138094,0,2688,13.44,13.4426007270813,1,0.0390084087848663,0.9609915614128112,False
2689,13.445,0.27769405,0.2873758,0.2832075,0.32008263,0,2688,13.44,13.4426007270813,1,0.0390084087848663,0.9609915614128112,False
2690,13.45,0.27539143,0.27573255,0.2630124,0.2825524,0,2688,13.44,13.4426007270813,1,0.0390084087848663,0.9609915614128112,False
2691,13.455,0.22961554,0.225147,0.20414072,0.22248551,0,2688,13.44,13.4426007270813,1,0.0390084087848663,0.9609915614128112,False
2692,13.46,0.15634254,0.1505756,0.12335244,0.15144178,0,2692,13.46,13.472404956817629,1,0.0335414633154869,0.9664585590362548,False
2693,13.465,0.07513551,0.07086149,0.042783882,0.07858961,0,2692,13.46,13.472404956817629,1,0.0335414633154869,0.9664585590362548,False
2694,13.47,-0.0019706504,-0.0023517897,-0.024106756,0.008700334,0,2692,13.46,13.472404956817629,1,0.0335414633154869,0.9664585590362548,False
2695,13.475,-0.073434666,-0.069475435,-0.0799633,-0.059126277,0,2692,13.46,13.472404956817629,1,0.0335414633154869,0.9664585590362548,False
2696,13.48,-0.14107731,-0.13655187,-0.13640365,-0.1280326,0,2696,13.48,13.493768692016602,1,0.0239267405122518,0.9760732650756836,False
2697,13.485,-0.20117527,-0.20355082,-0.19838734,-0.19629598,0,2696,13.48,13.493768692016602,1,0.0239267405122518,0.9760732650756836,False
2698,13.49,-0.24328367,-0.2586496,-0.2545511,-0.25300154,0,2696,13.48,13.493768692016602,1,0.0239267405122518,0.9760732650756836,False
2699,13.495,-0.2572656,-0.2839068,-0.28246886,-0.28182265,0,2696,13.48,13.493768692016602,1,0.0239267405122518,0.9760732650756836,False
2700,13.5,-0.24013801,-0.26697662,-0.26411217,-0.27080494,0,2700,13.5,13.506468534469604,1,0.0728308260440826,0.9271692037582396,False
2701,13.505,-0.19546421,-0.20852824,-0.19822375,-0.21987104,0,2700,13.5,13.506468534469604,1,0.0728308260440826,0.9271692037582396,False
2702,13.51,-0.12738897,-0.120113485,-0.10027335,-0.13967526,0,2700,13.5,13.506468534469604,1,0.0728308260440826,0.9271692037582396,False
2703,13.515,-0.03790617,-0.016510677,0.007815541,-0.04388342,0,2700,13.5,13.506468534469604,1,0.0728308260440826,0.9271692037582396,False
2704,13.52,0.06816616,0.08945487,0.10827121,0.056889486,0,2704,13.52,13.527213335037231,1,0.0358444899320602,0.9641554951667786,False
2705,13.525,0.17610614,0.18622927,0.1908581,0.15403524,0,2704,13.52,13.527213335037231,1,0.0358444899320602,0.9641554951667786,False
2706,13.53,0.26181927,0.26084346,0.2497069,0.23594016,0,2704,13.52,13.527213335037231,1,0.0358444899320602,0.9641554951667786,False
2707,13.535,0.30246356,0.29979676,0.27949417,0.28684747,0,2704,13.52,13.527213335037231,1,0.0358444899320602,0.9641554951667786,False
2708,13.54,0.28879583,0.2940907,0.27515593,0.29297498,0,2708,13.54,13.542485237121582,1,0.0619550012052059,0.9380449652671814,False
2709,13.545,0.2285126,0.2437573,0.23444629,0.25082248,0,2708,13.54,13.542485237121582,1,0.0619550012052059,0.9380449652671814,False
2710,13.55,0.138659,0.1578032,0.16038814,0.16978632,0,2708,13.54,13.542485237121582,1,0.0619550012052059,0.9380449652671814,False
2711,13.555,0.035501797,0.050540924,0.062111143,0.066970535,0,2708,13.54,13.542485237121582,1,0.0619550012052059,0.9380449652671814,False
2712,13.56,-0.06878377,-0.061645824,-0.04563184,-0.040335428,0,2712,13.56,13.572656393051147,1,0.0240467470139265,0.975953221321106,False
2713,13.565,-0.1619883,-0.16133058,-0.14422277,-0.13795844,0,2712,13.56,13.572656393051147,1,0.0240467470139265,0.975953221321106,False
2714,13.57,-0.2281437,-0.23119208,-0.21498549,-0.21323134,0,2712,13.56,13.572656393051147,1,0.0240467470139265,0.975953221321106,False
2715,13.575,-0.25124407,-0.25798893,-0.24482721,-0.2534594,0,2712,13.56,13.572656393051147,1,0.0240467470139265,0.975953221321106,False
2716,13.58,-0.22475684,-0.23819403,-0.2312253,-0.2488607,0,2716,13.58,13.59515905380249,1,0.0276797078549861,0.972320318222046,False
2717,13.585,-0.15822856,-0.18080446,-0.18328544,-0.19876553,0,2716,13.58,13.59515905380249,1,0.0276797078549861,0.972320318222046,False
2718,13.59,-0.07412179,-0.10409913,-0.11763795,-0.11543067,0,2716,13.58,13.59515905380249,1,0.0276797078549861,0.972320318222046,False
2719,13.595,0.0035280776,-0.027711848,-0.051201317,-0.020915616,0,2716,13.58,13.59515905380249,1,0.0276797078549861,0.972320318222046,False
2720,13.6,0.06034087,0.035104226,0.0052052415,0.062060494,0,2720,13.6,13.606348037719728,1,0.0373741686344146,0.9626258015632628,False
2721,13.605,0.09512493,0.08048181,0.048996113,0.119329706,0,2720,13.6,13.606348037719728,1,0.0373741686344146,0.9626258015632628,False
2722,13.61,0.1146494,0.1111002,0.08295376,0.14830619,0,2720,13.6,13.606348037719728,1,0.0373741686344146,0.9626258015632628,False
2723,13.615,0.12490441,0.13023148,0.10976986,0.15350752,0,2720,13.6,13.606348037719728,1,0.0373741686344146,0.9626258015632628,False
2724,13.62,0.12564859,0.13725545,0.12801203,0.13943447,0,2724,13.62,13.627521276474,1,0.0490699335932731,0.950930118560791,False
2725,13.625,0.111665815,0.1280062,0.13239582,0.107651636,0,2724,13.62,13.627521276474,1,0.0490699335932731,0.950930118560791,False
2726,13.63,0.07899302,0.09967987,0.11809967,0.060471114,0,2724,13.62,13.627521276474,1,0.0490699335932731,0.950930118560791,False
2727,13.635,0.031047864,0.056305904,0.08592444,0.006630382,0,2724,13.62,13.627521276474,1,0.0490699335932731,0.950930118560791,False
2728,13.64,-0.020107217,0.009799668,0.044303898,-0.03837471,0,2728,13.64,13.642277717590332,1,0.0345746763050556,0.9654253721237184,False
2729,13.645,-0.058757775,-0.025362536,0.006069262,-0.059909962,0,2728,13.64,13.642277717590332,1,0.0345746763050556,0.9654253721237184,False
2730,13.65,-0.07394596,-0.040667623,-0.018521613,-0.0543703,0,2728,13.64,13.642277717590332,1,0.0345746763050556,0.9654253721237184,False
2731,13.655,-0.065928064,-0.03903821,-0.027953973,-0.03304726,0,2728,13.64,13.642277717590332,1,0.0345746763050556,0.9654253721237184,False
2732,13.66,-0.04619803,-0.03292048,-0.030311186,-0.015642988,0,2732,13.66,13.67268991470337,1,0.0471784546971321,0.9528216123580932,False
2733,13.665,-0.030613266,-0.036145937,-0.03780258,-0.017965138,0,2732,13.66,13.67268991470337,1,0.0471784546971321,0.9528216123580932,False
2734,13.67,-0.029794466,-0.055102233,-0.058347892,-0.042663876,0,2732,13.66,13.67268991470337,1,0.0471784546971321,0.9528216123580932,False
2735,13.675,-0.042921767,-0.08463471,-0.08949863,-0.078512564,0,2732,13.66,13.67268991470337,1,0.0471784546971321,0.9528216123580932,False
2736,13.68,-0.058780715,-0.110446505,-0.11832446,-0.10688437,0,2736,13.68,13.692371368408203,1,0.1095976531505584,0.8904023766517639,False
2737,13.685,-0.0630334,-0.11604149,-0.12738726,-0.1103018,0,2736,13.68,13.692371368408203,1,0.1095976531505584,0.8904023766517639,False
2738,13.69,-0.04673889,-0.090641126,-0.1038089,-0.07918272,0,2736,13.68,13.692371368408203,1,0.1095976531505584,0.8904023766517639,False
2739,13.695,-0.010845852,-0.034730095,-0.046906605,-0.015712677,0,2736,13.68,13.692371368408203,1,0.1095976531505584,0.8904023766517639,False
2740,13.7,0.03530136,0.03900248,0.029650334,0.06544431,0,2740,13.7,13.706228733062744,1,0.0542980805039405,0.9457019567489624,False
2741,13.705,0.07915869,0.10983016,0.10267814,0.14063758,0,2740,13.7,13.706228733062744,1,0.0542980805039405,0.9457019567489624,False
2742,13.71,0.109804,0.1566798,0.14919543,0.18535334,0,2740,13.7,13.706228733062744,1,0.0542980805039405,0.9457019567489624,False
2743,13.715,0.12019387,0.16623342,0.15623459,0.18451563,0,2740,13.7,13.706228733062744,1,0.0542980805039405,0.9457019567489624,False
2744,13.72,0.107838474,0.13811633,0.12593062,0.13975334,0,2744,13.72,13.727903604507446,1,0.0866980627179145,0.913301944732666,False
2745,13.725,0.075565636,0.084774375,0.07349745,0.06877642,0,2744,13.72,13.727903604507446,1,0.0866980627179145,0.913301944732666,False
2746,13.73,0.03167291,0.025426611,0.019105133,-0.0038995987,0,2744,13.72,13.727903604507446,1,0.0866980627179145,0.913301944732666,False
2747,13.735,-0.012806895,-0.023638833,-0.022269458,-0.059981976,0,2744,13.72,13.727903604507446,1,0.0866980627179145,0.913301944732666,False
2748,13.74,-0.049441844,-0.056913283,-0.04729607,-0.095791556,0,2748,13.74,13.742610454559326,1,0.0354181192815303,0.9645819067955016,False
2749,13.745,-0.07592973,-0.0796591,-0.06267213,-0.11965984,0,2748,13.74,13.742610454559326,1,0.0354181192815303,0.9645819067955016,False
2750,13.75,-0.09384902,-0.099171326,-0.07627563,-0.1398178,0,2748,13.74,13.742610454559326,1,0.0354181192815303,0.9645819067955016,False
2751,13.755,-0.102838576,-0.11456833,-0.08820736,-0.15284126,0,2748,13.74,13.742610454559326,1,0.0354181192815303,0.9645819067955016,False
2752,13.76,-0.09830257,-0.11532423,-0.08999879,-0.14385769,0,2752,13.76,13.774431228637695,1,0.0971444174647331,0.9028555750846864,False
2753,13.765,-0.07632237,-0.09130689,-0.07326584,-0.10004186,0,2752,13.76,13.774431228637695,1,0.0971444174647331,0.9028555750846864,False
2754,13.77,-0.040681627,-0.045136534,-0.039631214,-0.025889412,0,2752,13.76,13.774431228637695,1,0.0971444174647331,0.9028555750846864,False
2755,13.775,-0.003342192,0.0059935083,-0.0018401329,0.05454989,0,2752,13.76,13.774431228637695,1,0.0971444174647331,0.9028555750846864,False
2756,13.78,0.023528935,0.042020973,0.025440894,0.11197132,0,2756,13.78,13.786595821380615,1,0.0556465461850166,0.944353461265564,False
2757,13.785,0.03631008,0.054594103,0.0363675,0.13062884,0,2756,13.78,13.786595821380615,1,0.0556465461850166,0.944353461265564,False
2758,13.79,0.04080471,0.051186953,0.036450207,0.11581225,0,2756,13.78,13.786595821380615,1,0.0556465461850166,0.944353461265564,False
2759,13.795,0.04536048,0.046392437,0.036036283,0.08575178,0,2756,13.78,13.786595821380615,1,0.0556465461850166,0.944353461265564,False
2760,13.8,0.054245193,0.050211627,0.042336993,0.057918746,0,2760,13.8,13.800899267196655,1,0.1135016679763794,0.8864982724189758,False
2761,13.805,0.06723039,0.063604355,0.05668812,0.041705377,0,2760,13.8,13.800899267196655,1,0.1135016679763794,0.8864982724189758,False
2762,13.81,0.08272134,0.08164588,0.076176375,0.039286986,0,2760,13.8,13.800899267196655,1,0.1135016679763794,0.8864982724189758,False
2763,13.815,0.097850166,0.09711216,0.09454804,0.047620244,0,2760,13.8,13.800899267196655,1,0.1135016679763794,0.8864982724189758,False
2764,13.82,0.10458696,0.100368805,0.10110635,0.057067513,0,2764,13.82,13.822702646255491,1,0.1535607576370239,0.8464392423629761,False
2765,13.825,0.08867464,0.07947548,0.08213496,0.051017687,0,2764,13.82,13.822702646255491,1,0.1535607576370239,0.8464392423629761,False
2766,13.83,0.037521224,0.02608293,0.028621832,0.013269049,0,2764,13.82,13.822702646255491,1,0.1535607576370239,0.8464392423629761,False
2767,13.835,-0.046576135,-0.054755725,-0.053542465,-0.05844737,0,2764,13.82,13.822702646255491,1,0.1535607576370239,0.8464392423629761,False
2768,13.84,-0.1398479,-0.14028539,-0.14036144,-0.1440675,0,2768,13.84,13.842276811599731,1,0.065294362604618,0.93470561504364,False
2769,13.845,-0.20600295,-0.19851328,-0.19920123,-0.20807387,0,2768,13.84,13.842276811599731,1,0.065294362604618,0.93470561504364,False
2770,13.85,-0.21676573,-0.20578073,-0.20611396,-0.21946524,0,2768,13.84,13.842276811599731,1,0.065294362604618,0.93470561504364,False
2771,13.855,-0.1693278,-0.1608873,-0.15910763,-0.17077467,0,2768,13.84,13.842276811599731,1,0.065294362604618,0.93470561504364,False
2772,13.86,-0.087529406,-0.0851582,-0.07838102,-0.08216342,0,2772,13.86,13.877277135849,1,0.1377212107181549,0.8622787594795227,False
2773,13.865,-0.0060400246,-0.008742941,0.0057037245,0.01167329,0,2772,13.86,13.877277135849,1,0.1377212107181549,0.8622787594795227,False
2774,13.87,0.05050288,0.046536755,0.068220764,0.081422746,0,2772,13.86,13.877277135849,1,0.1377212107181549,0.8622787594795227,False
2775,13.875,0.07870022,0.076247856,0.09954334,0.11622405,0,2772,13.86,13.877277135849,1,0.1377212107181549,0.8622787594795227,False
2776,13.88,0.091786325,0.090064526,0.105488144,0.12332778,0,2776,13.88,13.892529249191284,1,0.0497598499059677,0.9502401351928712,False
2777,13.885,0.10516233,0.10092225,0.10000838,0.11799495,0,2776,13.88,13.892529249191284,1,0.0497598499059677,0.9502401351928712,False
2778,13.89,0.1239616,0.11527901,0.095912375,0.112453185,0,2776,13.88,13.892529249191284,1,0.0497598499059677,0.9502401351928712,False
2779,13.895,0.14067297,0.13014945,0.09845842,0.110465355,0,2776,13.88,13.892529249191284,1,0.0497598499059677,0.9502401351928712,False
2780,13.9,0.1419919,0.13652962,0.10389632,0.108263284,0,2780,13.9,13.899787902832031,1,0.1464073807001114,0.8535926342010498,False
2781,13.905,0.11817782,0.12509109,0.1023488,0.09863744,0,2780,13.9,13.899787902832031,1,0.1464073807001114,0.8535926342010498,False
2782,13.91,0.06876087,0.09055219,0.08304836,0.07488014,0,2780,13.9,13.899787902832031,1,0.1464073807001114,0.8535926342010498,False
2783,13.915,0.0026071738,0.03367746,0.039729215,0.03327905,0,2780,13.9,13.899787902832031,1,0.1464073807001114,0.8535926342010498,False
2784,13.92,-0.066234425,-0.03852537,-0.02562658,-0.02549883,0,2784,13.92,13.925991535186768,1,0.0533657036721706,0.9466342329978944,False
2785,13.925,-0.12414157,-0.11379126,-0.10180426,-0.09541694,0,2784,13.92,13.925991535186768,1,0.0533657036721706,0.9466342329978944,False
2786,13.93,-0.16210376,-0.17667337,-0.17056233,-0.1644679,0,2784,13.92,13.925991535186768,1,0.0533657036721706,0.9466342329978944,False
2787,13.935,-0.17659906,-0.21193288,-0.21190214,-0.21568118,0,2784,13.92,13.925991535186768,1,0.0533657036721706,0.9466342329978944,False
2788,13.94,-0.16768691,-0.20917825,-0.2113783,-0.23138195,0,2788,13.94,13.943647861480711,1,0.0678437799215316,0.9321562051773072,False
2789,13.945,-0.1370992,-0.1674716,-0.16680008,-0.2005254,0,2788,13.94,13.943647861480711,1,0.0678437799215316,0.9321562051773072,False
2790,13.95,-0.08858229,-0.097173,-0.09045106,-0.12559359,0,2788,13.94,13.943647861480711,1,0.0678437799215316,0.9321562051773072,False
2791,13.955,-0.029494908,-0.016646216,-0.0043391227,-0.024057614,0,2788,13.94,13.943647861480711,1,0.0678437799215316,0.9321562051773072,False
2792,13.96,0.029576035,0.055375855,0.069701254,0.07771527,0,2792,13.96,13.97867488861084,1,0.0408562645316123,0.9591437578201294,False
2793,13.965,0.07854477,0.10724297,0.11915371,0.15491271,0,2792,13.96,13.97867488861084,1,0.0408562645316123,0.9591437578201294,False
2794,13.97,0.1121368,0.13676593,0.14345479,0.19298744,0,2792,13.96,13.97867488861084,1,0.0408562645316123,0.9591437578201294,False
2795,13.975,0.13073167,0.14769463,0.14924876,0.19056952,0,2792,13.96,13.97867488861084,1,0.0408562645316123,0.9591437578201294,False
2796,13.98,0.13720877,0.14433452,0.1430026,0.15703572,0,2796,13.98,13.99273419380188,1,0.092506319284439,0.9074936509132384,False
2797,13.985,0.1334844,0.12915052,0.12706172,0.10769881,0,2796,13.98,13.99273419380188,1,0.092506319284439,0.9074936509132384,False
2798,13.99,0.120098375,0.10419436,0.101166435,0.058624636,0,2796,13.98,13.99273419380188,1,0.092506319284439,0.9074936509132384,False
2799,13.995,0.09786725,0.072872594,0.06611966,0.021416921,0,2796,13.98,13.99273419380188,1,0.092506319284439,0.9074936509132384,False
2800,14.0,0.068152755,0.038884,0.025109341,-0.0010805477,0,2800,14.0,14.00248670578003,1,0.0392305441200733,0.9607694745063782,False
2801,14.005,0.031070335,0.0035617289,-0.01802792,-0.015380398,0,2800,14.0,14.00248670578003,1,0.0392305441200733,0.9607694745063782,False
2802,14.01,-0.014956505,-0.03432051,-0.060391158,-0.032275442,0,2800,14.0,14.00248670578003,1,0.0392305441200733,0.9607694745063782,False
2803,14.015,-0.06960902,-0.07486192,-0.098951705,-0.05856507,0,2800,14.0,14.00248670578003,1,0.0392305441200733,0.9607694745063782,False
2804,14.02,-0.12572809,-0.11312102,-0.12850444,-0.09170515,0,2804,14.02,14.02264404296875,1,0.0556705594062805,0.9443294405937196,False
2805,14.025,-0.16900675,-0.13976552,-0.14227815,-0.121535115,0,2804,14.02,14.02264404296875,1,0.0556705594062805,0.9443294405937196,False
2806,14.03,-0.18479398,-0.14658493,-0.13590032,-0.1370689,0,2804,14.02,14.02264404296875,1,0.0556705594062805,0.9443294405937196,False
2807,14.035,-0.1673708,-0.13208352,-0.111149766,-0.13249782,0,2804,14.02,14.02264404296875,1,0.0556705594062805,0.9443294405937196,False
2808,14.04,-0.1239462,-0.10223354,-0.07558907,-0.108690225,0,2808,14.04,14.044429779052734,1,0.0666713342070579,0.9333286881446838,False
2809,14.045,-0.0698525,-0.066030726,-0.03809483,-0.07114881,0,2808,14.04,14.044429779052734,1,0.0666713342070579,0.9333286881446838,False
2810,14.05,-0.01883732,-0.029817695,-0.0040316307,-0.027196713,0,2808,14.04,14.044429779052734,1,0.0666713342070579,0.9333286881446838,False
2811,14.055,0.023930047,0.0053108325,0.026278902,0.016403096,0,2808,14.04,14.044429779052734,1,0.0666713342070579,0.9333286881446838,False
2812,14.06,0.06138589,0.041708596,0.05527025,0.0554827,0,2812,14.06,14.07695698738098,1,0.0501380525529384,0.9498619437217712,False
2813,14.065,0.09820725,0.0809598,0.08439105,0.08948631,0,2812,14.06,14.07695698738098,1,0.0501380525529384,0.9498619437217712,False
2814,14.07,0.13432483,0.120515205,0.11181665,0.12015314,0,2812,14.06,14.07695698738098,1,0.0501380525529384,0.9498619437217712,False
2815,14.075,0.16317478,0.15340035,0.13290876,0.1480576,0,2812,14.06,14.07695698738098,1,0.0501380525529384,0.9498619437217712,False
2816,14.08,0.17518891,0.17087477,0.14250718,0.1694524,0,2816,14.08,14.09235143661499,1,0.1378587186336517,0.8621413111686707,False
2817,14.085,0.16326575,0.16605613,0.1370216,0.17610073,0,2816,14.08,14.09235143661499,1,0.1378587186336517,0.8621413111686707,False
2818,14.09,0.12647136,0.13646026,0.11509128,0.1586114,0,2816,14.08,14.09235143661499,1,0.1378587186336517,0.8621413111686707,False
2819,14.095,0.0703804,0.08476932,0.077315226,0.11131044,0,2816,14.08,14.09235143661499,1,0.1378587186336517,0.8621413111686707,False
2820,14.1,0.004758706,0.018187977,0.026167346,0.03584418,0,2820,14.1,14.102483987808228,1,0.0493118464946746,0.9506881833076476,False
2821,14.105,-0.05989221,-0.053324252,-0.03387084,-0.05820904,0,2820,14.1,14.102483987808228,1,0.0493118464946746,0.9506881833076476,False
2822,14.11,-0.11553189,-0.11968464,-0.09677765,-0.15540715,0,2820,14.1,14.102483987808228,1,0.0493118464946746,0.9506881833076476,False
2823,14.115,-0.15811549,-0.17296019,-0.15588535,-0.23747154,0,2820,14.1,14.102483987808228,1,0.0493118464946746,0.9506881833076476,False
2824,14.12,-0.18629903,-0.20750847,-0.20373864,-0.28606573,0,2824,14.12,14.127403259277344,1,0.0468045882880687,0.9531954526901244,False
2825,14.125,-0.19783804,-0.21797109,-0.23060517,-0.28598937,0,2824,14.12,14.127403259277344,1,0.0468045882880687,0.9531954526901244,False
2826,14.13,-0.18688107,-0.1980504,-0.22433499,-0.23011681,0,2824,14.12,14.127403259277344,1,0.0468045882880687,0.9531954526901244,False
2827,14.135,-0.1461317,-0.14340118,-0.17497307,-0.12517667,0,2824,14.12,14.127403259277344,1,0.0468045882880687,0.9531954526901244,False
2828,14.14,-0.0742989,-0.05806954,-0.08340763,0.0057473886,0,2828,14.14,14.14855408668518,1,0.0456427447497844,0.9543573260307312,False
2829,14.145,0.016772464,0.041115545,0.032427337,0.12836635,0,2828,14.14,14.14855408668518,1,0.0456427447497844,0.9543573260307312,False
2830,14.15,0.10335272,0.1284237,0.14126724,0.2100834,0,2828,14.14,14.14855408668518,1,0.0456427447497844,0.9543573260307312,False
2831,14.155,0.1617977,0.18156542,0.21289852,0.23467784,0,2828,14.14,14.14855408668518,1,0.0456427447497844,0.9543573260307312,False
2832,14.16,0.18302853,0.19425878,0.23417905,0.20971557,0,2832,14.16,14.152513027191162,1,0.0454548820853233,0.9545450806617736,False
2833,14.165,0.17649737,0.17822982,0.21412952,0.16069877,0,2832,14.16,14.152513027191162,1,0.0454548820853233,0.9545450806617736,False
2834,14.17,0.15881619,0.15165135,0.17342603,0.11446415,0,2832,14.16,14.152513027191162,1,0.0454548820853233,0.9545450806617736,False
2835,14.175,0.13721924,0.12348833,0.12719202,0.08277342,0,2832,14.16,14.152513027191162,1,0.0454548820853233,0.9545450806617736,False
2836,14.18,0.10411248,0.08797627,0.07621744,0.05796692,0,2836,14.18,14.195003032684326,1,0.0331509336829185,0.9668490886688232,False
2837,14.185,0.048207544,0.034310676,0.0136094885,0.02348896,0,2836,14.18,14.195003032684326,1,0.0331509336829185,0.9668490886688232,False
2838,14.19,-0.029234242,-0.038021527,-0.060895834,-0.029894931,0,2836,14.18,14.195003032684326,1,0.0331509336829185,0.9668490886688232,False
2839,14.195,-0.10942276,-0.1129718,-0.13328496,-0.095230356,0,2836,14.18,14.195003032684326,1,0.0331509336829185,0.9668490886688232,False
2840,14.2,-0.16665368,-0.166144,-0.1811487,-0.15332791,0,2840,14.2,14.20752763748169,1,0.0266467556357383,0.9733532071113586,False
2841,14.205,-0.18385404,-0.1796964,-0.18742613,-0.18429945,0,2840,14.2,14.20752763748169,1,0.0266467556357383,0.9733532071113586,False
2842,14.21,-0.16027918,-0.15217672,-0.15110372,-0.17778896,0,2840,14.2,14.20752763748169,1,0.0266467556357383,0.9733532071113586,False
2843,14.215,-0.10884221,-0.09824584,-0.08848887,-0.1372719,0,2840,14.2,14.20752763748169,1,0.0266467556357383,0.9733532071113586,False
2844,14.22,-0.04927478,-0.04113634,-0.025731368,-0.07860536,0,2844,14.22,14.227976322174072,1,0.0470869243144989,0.9529130458831788,False
2845,14.225,-0.0017140872,-0.0024605845,0.013349002,-0.023633966,0,2844,14.22,14.227976322174072,1,0.0470869243144989,0.9529130458831788,False
2846,14.23,0.020439371,0.007874222,0.019423613,0.010588216,0,2844,14.22,14.227976322174072,1,0.0470869243144989,0.9529130458831788,False
2847,14.235,0.018774893,-0.0016363624,0.0040302775,0.022873072,0,2844,14.22,14.227976322174072,1,0.0470869243144989,0.9529130458831788,False
2848,14.24,0.012783057,-0.006432829,-0.0056239204,0.03064326,0,2848,14.24,14.244306564331056,1,0.0462645813822746,0.9537353515625,False
2849,14.245,0.029518045,0.019557847,0.016176034,0.058196288,0,2848,14.24,14.244306564331056,1,0.0462645813822746,0.9537353515625,False
2850,14.25,0.082534865,0.08362848,0.07396551,0.11583771,0,2848,14.24,14.244306564331056,1,0.0462645813822746,0.9537353515625,False
2851,14.255,0.155746,0.16325091,0.14374734,0.1859895,0,2848,14.24,14.244306564331056,1,0.0462645813822746,0.9537353515625,False
2852,14.26,0.2080377,0.21571504,0.18591501,0.22990802,0,2852,14.26,14.274988889694214,1,0.1058531999588012,0.8941468000411987,False
2853,14.265,0.19850497,0.20424312,0.17067471,0.21241564,0,2852,14.26,14.274988889694214,1,0.1058531999588012,0.8941468000411987,False
2854,14.27,0.114356354,0.12214761,0.09741548,0.12626143,0,2852,14.26,14.274988889694214,1,0.1058531999588012,0.8941468000411987,False
2855,14.275,-0.019100612,-0.0025391956,-0.0058781942,-0.0024620446,0,2852,14.26,14.274988889694214,1,0.1058531999588012,0.8941468000411987,False
2856,14.28,-0.15249813,-0.12406466,-0.10096302,-0.13061337,0,2856,14.28,14.29466724395752,1,0.0290270559489727,0.9709729552268982,False
2857,14.285,-0.2388822,-0.20374483,-0.16029494,-0.22180015,0,2856,14.28,14.29466724395752,1,0.0290270559489727,0.9709729552268982,False
2858,14.29,-0.25478968,-0.22565755,-0.17644942,-0.2602433,0,2856,14.28,14.29466724395752,1,0.0290270559489727,0.9709729552268982,False
2859,14.295,-0.20548166,-0.19642147,-0.15757994,-0.24859367,0,2856,14.28,14.29466724395752,1,0.0290270559489727,0.9709729552268982,False
2860,14.3,-0.11591303,-0.13451664,-0.116899565,-0.19722615,0,2860,14.3,14.310216188430786,1,0.0682144239544868,0.931785523891449,False
2861,14.305,-0.016263295,-0.059164815,-0.065165065,-0.11657598,0,2860,14.3,14.310216188430786,1,0.0682144239544868,0.931785523891449,False
2862,14.31,0.06935806,0.015078398,-0.00917296,-0.017495183,0,2860,14.3,14.310216188430786,1,0.0682144239544868,0.931785523891449,False
2863,14.315,0.12720448,0.07818644,0.04608839,0.08442339,0,2860,14.3,14.310216188430786,1,0.0682144239544868,0.931785523891449,False
2864,14.32,0.15258265,0.12263233,0.09494857,0.16797842,0,2864,14.32,14.326746940612791,1,0.0399248637259006,0.9600750803947448,False
2865,14.325,0.14697862,0.14277896,0.13006939,0.21254075,0,2864,14.32,14.326746940612791,1,0.0399248637259006,0.9600750803947448,False
2866,14.33,0.11661443,0.13656954,0.14369808,0.20811667,0,2864,14.32,14.326746940612791,1,0.0399248637259006,0.9600750803947448,False
2867,14.335,0.07219659,0.107879624,0.1310722,0.16199943,0,2864,14.32,14.326746940612791,1,0.0399248637259006,0.9600750803947448,False
2868,14.34,0.027413577,0.066769265,0.09421852,0.0962204,0,2868,14.34,14.341434001922607,1,0.1285300850868225,0.8714699149131775,False
2869,14.345,-0.005359162,0.02598217,0.04294541,0.036115255,0,2868,14.34,14.341434001922607,1,0.1285300850868225,0.8714699149131775,False
2870,14.35,-0.020687606,-0.0050724423,-0.008945865,-0.003246088,0,2868,14.34,14.341434001922607,1,0.1285300850868225,0.8714699149131775,False
2871,14.355,-0.023284543,-0.02498311,-0.05031534,-0.023941126,0,2868,14.34,14.341434001922607,1,0.1285300850868225,0.8714699149131775,False
2872,14.36,-0.025496226,-0.03983554,-0.0773071,-0.040653825,0,2872,14.36,14.372507572174072,1,0.0351810343563556,0.9648189544677734,False
2873,14.365,-0.039139878,-0.057179425,-0.092382625,-0.0677002,0,2872,14.36,14.372507572174072,1,0.0351810343563556,0.9648189544677734,False
2874,14.37,-0.066212445,-0.07857928,-0.09899487,-0.106618114,0,2872,14.36,14.372507572174072,1,0.0351810343563556,0.9648189544677734,False
2875,14.375,-0.09519597,-0.096569195,-0.09687465,-0.14316861,0,2872,14.36,14.372507572174072,1,0.0351810343563556,0.9648189544677734,False
2876,14.38,-0.10688516,-0.09888312,-0.08217154,-0.15611427,0,2876,14.38,14.392560958862305,1,0.1638037413358688,0.83619624376297,False
2877,14.385,-0.086852975,-0.077296056,-0.052307528,-0.13177066,0,2876,14.38,14.392560958862305,1,0.1638037413358688,0.83619624376297,False
2878,14.39,-0.036070693,-0.034634374,-0.011153793,-0.074033454,0,2876,14.38,14.392560958862305,1,0.1638037413358688,0.83619624376297,False
2879,14.395,0.028079424,0.015474076,0.030533219,-0.0026358853,0,2876,14.38,14.392560958862305,1,0.1638037413358688,0.83619624376297,False
2880,14.4,0.08125808,0.056291744,0.0607898,0.059061192,0,2880,14.4,14.40723991394043,1,0.0416247397661209,0.9583752751350404,False
2881,14.405,0.105457455,0.0775729,0.07410453,0.097536944,0,2880,14.4,14.40723991394043,1,0.0416247397661209,0.9583752751350404,False
2882,14.41,0.09734214,0.07991325,0.074351616,0.1137619,0,2880,14.4,14.40723991394043,1,0.0416247397661209,0.9583752751350404,False
2883,14.415,0.0671926,0.07095939,0.069855526,0.116459064,0,2880,14.4,14.40723991394043,1,0.0416247397661209,0.9583752751350404,False
2884,14.42,0.03075269,0.057492845,0.06476164,0.111158654,0,2884,14.42,14.434857368469238,1,0.0942763015627861,0.9057236909866332,False
2885,14.425,0.00019017557,0.040600352,0.05486929,0.09527505,0,2884,14.42,14.434857368469238,1,0.0942763015627861,0.9057236909866332,False
2886,14.43,-0.020638417,0.017450653,0.032055914,0.062816076,1,2884,14.42,14.434857368469238,1,0.0942763015627861,0.9057236909866332,True
2887,14.435,-0.03524017,-0.013399077,-0.006907505,0.012910633,1,2884,14.42,14.434857368469238,1,0.0942763015627861,0.9057236909866332,True
2888,14.44,-0.04962743,-0.048701975,-0.055285245,-0.04627988,1,2888,14.44,14.443594217300417,1,0.0476070493459701,0.9523929953575134,True
2889,14.445,-0.066512935,-0.08124153,-0.09893905,-0.10080219,1,2888,14.44,14.443594217300417,1,0.0476070493459701,0.9523929953575134,True
2890,14.45,-0.08169425,-0.10232031,-0.12331761,-0.13698703,1,2888,14.44,14.443594217300417,1,0.0476070493459701,0.9523929953575134,True
2891,14.455,-0.08524479,-0.10381142,-0.119302176,-0.14548625,1,2888,14.44,14.443594217300417,1,0.0476070493459701,0.9523929953575134,True
2892,14.46,-0.06774694,-0.080392316,-0.08564168,-0.12281798,1,2892,14.46,14.47277331352234,1,0.0774232596158981,0.9225767254829408,True
2893,14.465,-0.027785055,-0.033053063,-0.029240556,-0.07259322,1,2892,14.46,14.47277331352234,1,0.0774232596158981,0.9225767254829408,True
2894,14.47,0.025237497,0.028019885,0.035722394,-0.006482346,1,2892,14.46,14.47277331352234,1,0.0774232596158981,0.9225767254829408,True
2895,14.475,0.07585095,0.08513682,0.0910356,0.057891827,1,2892,14.46,14.47277331352234,1,0.0774232596158981,0.9225767254829408,True
2896,14.48,0.111329734,0.12066919,0.1210235,0.10366833,1,2896,14.48,14.49386477470398,1,0.0661830380558967,0.9338170289993286,True
2897,14.485,0.12739983,0.12630883,0.12003728,0.12280874,1,2896,14.48,14.49386477470398,1,0.0661830380558967,0.9338170289993286,True
2898,14.49,0.12658708,0.10707614,0.095588215,0.11928221,1,2896,14.48,14.49386477470398,1,0.0661830380558967,0.9338170289993286,True
2899,14.495,0.11171846,0.076381035,0.06339976,0.103992544,1,2896,14.48,14.49386477470398,1,0.0661830380558967,0.9338170289993286,True
2900,14.5,0.08146972,0.04559072,0.036618687,0.084965296,1,2900,14.5,14.509055614471436,1,0.1706658750772476,0.8293340802192688,True
2901,14.505,0.032917295,0.016619287,0.017115718,0.06112276,1,2900,14.5,14.509055614471436,1,0.1706658750772476,0.8293340802192688,True
2902,14.51,-0.030733049,-0.01598182,-0.0035496415,0.025599223,1,2900,14.5,14.509055614471436,1,0.1706658750772476,0.8293340802192688,True
2903,14.515,-0.09496383,-0.055275675,-0.033572935,-0.023912748,1,2900,14.5,14.509055614471436,1,0.1706658750772476,0.8293340802192688,True
2904,14.52,-0.13825192,-0.09390477,-0.06986902,-0.07748197,1,2904,14.52,14.537010669708252,1,0.0686858296394348,0.93131422996521,True
2905,14.525,-0.14483988,-0.11637784,-0.09735197,-0.11622589,1,2904,14.52,14.537010669708252,1,0.0686858296394348,0.93131422996521,True
2906,14.53,-0.1163979,-0.11095599,-0.100629635,-0.1251662,1,2904,14.52,14.537010669708252,1,0.0686858296394348,0.93131422996521,True
2907,14.535,-0.07224932,-0.080794655,-0.07822186,-0.1049039,1,2904,14.52,14.537010669708252,1,0.0686858296394348,0.93131422996521,True
2908,14.54,-0.036582716,-0.04351667,-0.045735605,-0.071492665,1,2908,14.54,14.55259895324707,1,0.1171260252594947,0.8828740119934082,True
2909,14.545,-0.021966873,-0.01830556,-0.023786902,-0.043970924,1,2908,14.54,14.55259895324707,1,0.1171260252594947,0.8828740119934082,True
2910,14.55,-0.02192406,-0.011162638,-0.020822456,-0.029990988,1,2908,14.54,14.55259895324707,1,0.1171260252594947,0.8828740119934082,True
2911,14.555,-0.018220982,-0.0112509485,-0.02643682,-0.021723006,1,2908,14.54,14.55259895324707,1,0.1171260252594947,0.8828740119934082,True
2912,14.56,0.0032584341,-0.0015934844,-0.021359732,-0.005061606,1,2912,14.56,14.576886177062988,1,0.073673278093338,0.9263266921043396,True
2913,14.565,0.04098321,0.02550462,0.0051841866,0.026491165,1,2912,14.56,14.576886177062988,1,0.073673278093338,0.9263266921043396,True
2914,14.57,0.07955578,0.061885968,0.046384428,0.065431766,1,2912,14.56,14.576886177062988,1,0.073673278093338,0.9263266921043396,True
2915,14.575,0.102261096,0.09066774,0.08396111,0.096030235,1,2912,14.56,14.576886177062988,1,0.073673278093338,0.9263266921043396,True
2916,14.58,0.10289398,0.09932993,0.102159746,0.10598166,1,2916,14.58,14.59095287322998,1,0.1386664062738418,0.8613336086273193,True
2917,14.585,0.08720103,0.08699366,0.09684233,0.09362172,1,2916,14.58,14.59095287322998,1,0.1386664062738418,0.8613336086273193,True
2918,14.59,0.06480003,0.061515328,0.07409342,0.06616195,1,2916,14.58,14.59095287322998,1,0.1386664062738418,0.8613336086273193,True
2919,14.595,0.04085797,0.031825095,0.04311831,0.032939352,1,2916,14.58,14.59095287322998,1,0.1386664062738418,0.8613336086273193,True
2920,14.6,0.015011677,0.0031694307,0.011027079,0.00046509397,1,2920,14.6,14.60640025138855,1,0.0624939650297164,0.9375060200691224,True
2921,14.605,-0.013687464,-0.022497177,-0.017930774,-0.02793884,1,2920,14.6,14.60640025138855,1,0.0624939650297164,0.9375060200691224,True
2922,14.61,-0.042479016,-0.04398864,-0.04111082,-0.050017938,1,2920,14.6,14.60640025138855,1,0.0624939650297164,0.9375060200691224,True
2923,14.615,-0.06530708,-0.05933665,-0.056597658,-0.063077234,1,2920,14.6,14.60640025138855,1,0.0624939650297164,0.9375060200691224,True
2924,14.62,-0.07631953,-0.06577002,-0.06279581,-0.06428516,1,2924,14.62,14.622405767440796,1,0.0915905758738517,0.9084094166755676,True
2925,14.625,-0.07298213,-0.060848814,-0.05832968,-0.052462358,1,2924,14.62,14.622405767440796,1,0.0915905758738517,0.9084094166755676,True
2926,14.63,-0.057382047,-0.044656575,-0.04315995,-0.030382564,1,2924,14.62,14.622405767440796,1,0.0915905758738517,0.9084094166755676,True
2927,14.635,-0.035602577,-0.021722712,-0.02069186,-0.005560317,1,2924,14.62,14.622405767440796,1,0.0915905758738517,0.9084094166755676,True
2928,14.64,-0.014593802,0.00025658877,0.0020268983,0.012836801,1,2928,14.64,14.648441791534424,1,0.0894536674022674,0.9105463027954102,True
2929,14.645,0.0026850617,0.015676547,0.018269002,0.02026707,1,2928,14.64,14.648441791534424,1,0.0894536674022674,0.9105463027954102,True
2930,14.65,0.019466724,0.025595685,0.026796049,0.020745216,1,2928,14.64,14.648441791534424,1,0.0894536674022674,0.9105463027954102,True
2931,14.655,0.040369537,0.035421763,0.03193753,0.022839883,1,2928,14.64,14.648441791534424,1,0.0894536674022674,0.9105463027954102,True
2932,14.66,0.06244507,0.046445366,0.03696326,0.02988753,1,2932,14.66,14.665257453918455,1,0.1104768440127372,0.8895231485366821,True
2933,14.665,0.07210482,0.050487302,0.037677377,0.034437153,1,2932,14.66,14.665257453918455,1,0.1104768440127372,0.8895231485366821,True
2934,14.67,0.054370847,0.03555438,0.024644302,0.02429525,1,2932,14.66,14.665257453918455,1,0.1104768440127372,0.8895231485366821,True
2935,14.675,0.007904661,-0.0013231689,-0.0064794063,-0.0045985575,1,2932,14.66,14.665257453918455,1,0.1104768440127372,0.8895231485366821,True
2936,14.68,-0.04876452,-0.04689218,-0.04665657,-0.041376773,1,2936,14.68,14.680730104446411,1,0.1599733084440231,0.8400266766548157,True
2937,14.685,-0.08732307,-0.07838364,-0.076447465,-0.0668299,1,2936,14.68,14.680730104446411,1,0.1599733084440231,0.8400266766548157,True
2938,14.69,-0.08839783,-0.07904387,-0.07878529,-0.06742159,1,2936,14.68,14.680730104446411,1,0.1599733084440231,0.8400266766548157,True
2939,14.695,-0.053706203,-0.049374346,-0.050916918,-0.044185873,1,2936,14.68,14.680730104446411,1,0.1599733084440231,0.8400266766548157,True
2940,14.7,-0.0030660168,-0.005509749,-0.0059593865,-0.009874904,1,2940,14.7,14.707241296768188,1,0.2049057781696319,0.7950941920280457,True
2941,14.705,0.039460275,0.032498185,0.036254555,0.021306753,1,2940,14.7,14.707241296768188,1,0.2049057781696319,0.7950941920280457,True
2942,14.71,0.058968738,0.05238927,0.061016064,0.04184819,1,2940,14.7,14.707241296768188,1,0.2049057781696319,0.7950941920280457,True
2943,14.715,0.054403666,0.053325396,0.06459068,0.05141355,1,2940,14.7,14.707241296768188,1,0.2049057781696319,0.7950941920280457,True
2944,14.72,0.034519624,0.04145966,0.05186179,0.052033547,1,2944,14.72,14.726820230484009,1,0.1102302074432373,0.8897697925567627,True
2945,14.725,0.0107986145,0.023735877,0.030493371,0.04449327,1,2944,14.72,14.726820230484009,1,0.1102302074432373,0.8897697925567627,True
2946,14.73,-0.007508525,0.005444468,0.007438036,0.029437628,1,2944,14.72,14.726820230484009,1,0.1102302074432373,0.8897697925567627,True
2947,14.735,-0.0152083635,-0.008713418,-0.011125679,0.010490438,1,2944,14.72,14.726820230484009,1,0.1102302074432373,0.8897697925567627,True
2948,14.74,-0.011564644,-0.014249575,-0.019834254,-0.0058213966,1,2948,14.74,14.741188526153564,1,0.1721435189247131,0.8278564214706421,True
2949,14.745,-0.00020977913,-0.009413183,-0.01659438,-0.014554557,1,2948,14.74,14.741188526153564,1,0.1721435189247131,0.8278564214706421,True
2950,14.75,0.012227497,0.0020284778,-0.0052360687,-0.016673794,1,2948,14.74,14.741188526153564,1,0.1721435189247131,0.8278564214706421,True
2951,14.755,0.019194815,0.011863119,0.0057426766,-0.018032482,1,2948,14.74,14.741188526153564,1,0.1721435189247131,0.8278564214706421,True
2952,14.76,0.017393013,0.012684768,0.00871387,-0.02340169,1,2952,14.76,14.772613286972046,1,0.2047127187252044,0.7952872514724731,True
2953,14.765,0.007823616,0.0031145306,0.00217894,-0.031398505,1,2952,14.76,14.772613286972046,1,0.2047127187252044,0.7952872514724731,True
2954,14.77,-0.0056385803,-0.011396719,-0.008918754,-0.0353532,1,2952,14.76,14.772613286972046,1,0.2047127187252044,0.7952872514724731,True
2955,14.775,-0.018392771,-0.02255634,-0.017657783,-0.029161392,1,2952,14.76,14.772613286972046,1,0.2047127187252044,0.7952872514724731,True
2956,14.78,-0.026430475,-0.024589151,-0.019971125,-0.012574555,1,2956,14.78,14.792477130889893,1,0.3539210557937622,0.6460790038108826,True
2957,14.785,-0.027075298,-0.017208796,-0.016051242,0.008477294,1,2956,14.78,14.792477130889893,1,0.3539210557937622,0.6460790038108826,True
2958,14.79,-0.020015828,-0.0048690042,-0.008482419,0.026088359,1,2956,14.78,14.792477130889893,1,0.3539210557937622,0.6460790038108826,True
2959,14.795,-0.008140622,0.0064390935,4.619948e-05,0.035155732,1,2956,14.78,14.792477130889893,1,0.3539210557937622,0.6460790038108826,True
2960,14.8,0.0033303825,0.012453751,0.007409163,0.03521194,1,2960,14.8,14.807563543319702,1,0.1823088526725769,0.8176912069320679,True
2961,14.805,0.009554129,0.012067435,0.011571321,0.02878494,1,2960,14.8,14.807563543319702,1,0.1823088526725769,0.8176912069320679,True
2962,14.81,0.008531361,0.0065523367,0.010634428,0.018457687,1,2960,14.8,14.807563543319702,1,0.1823088526725769,0.8176912069320679,True
2963,14.815,0.0014135127,-0.0020782228,0.0040422026,0.0053900396,1,2960,14.8,14.807563543319702,1,0.1823088526725769,0.8176912069320679,True
2964,14.82,-0.008662001,-0.011717843,-0.0060858773,-0.009558934,1,2964,14.82,14.82660436630249,1,0.4716857373714447,0.5283142328262329,True
2965,14.825,-0.017214853,-0.019416343,-0.015048298,-0.023585534,1,2964,14.82,14.82660436630249,1,0.4716857373714447,0.5283142328262329,True
2966,14.83,-0.018725766,-0.02107295,-0.017725727,-0.031586464,1,2964,14.82,14.82660436630249,1,0.4716857373714447,0.5283142328262329,True
2967,14.835,-0.009068928,-0.013678336,-0.011905505,-0.029361458,1,2964,14.82,14.82660436630249,1,0.4716857373714447,0.5283142328262329,True
2968,14.84,0.009755809,0.00084872975,-0.00052892923,-0.018206446,1,2968,14.84,14.842390775680542,0,0.6615837812423706,0.338416188955307,False
2969,14.845,0.02758139,0.014629513,0.00949545,-0.005908113,1,2968,14.84,14.842390775680542,0,0.6615837812423706,0.338416188955307,False
2970,14.85,0.03197496,0.018821066,0.01213582,-0.0013198173,1,2968,14.84,14.842390775680542,0,0.6615837812423706,0.338416188955307,False
2971,14.855,0.019326072,0.011527202,0.0073321806,-0.0062403157,1,2968,14.84,14.842390775680542,0,0.6615837812423706,0.338416188955307,False
2972,14.86,0.0002362344,0.00067239953,0.0014334902,-0.012645381,1,2972,14.86,14.8725106716156,0,0.813411295413971,0.1865887492895126,False
2973,14.865,-0.008514337,-0.002509162,0.0016639368,-0.0093758,1,2972,14.86,14.8725106716156,0,0.813411295413971,0.1865887492895126,False
2974,14.87,0.00055985944,0.006022718,0.009387892,0.007167785,1,2972,14.86,14.8725106716156,0,0.813411295413971,0.1865887492895126,False
2975,14.875,0.018134125,0.019153,0.018769858,0.028761161,1,2972,14.86,14.8725106716156,0,0.813411295413971,0.1865887492895126,False
2976,14.88,0.026947344,0.025508085,0.02217592,0.04209153,1,2976,14.88,14.892338514328005,0,0.862447202205658,0.1375528573989868,False
2977,14.885,0.018448532,0.020175274,0.016800674,0.040054183,1,2976,14.88,14.892338514328005,0,0.862447202205658,0.1375528573989868,False
2978,14.89,0.00014209075,0.008318622,0.006143112,0.026783,1,2976,14.88,14.892338514328005,0,0.862447202205658,0.1375528573989868,False
2979,14.895,-0.013622545,-0.0014187021,-0.0042667873,0.012266397,1,2976,14.88,14.892338514328005,0,0.862447202205658,0.1375528573989868,False
2980,14.9,-0.017113205,-0.006116361,-0.0117985485,0.0026973423,1,2980,14.9,14.90761375427246,0,0.8791421055793762,0.1208578869700431,False
2981,14.905,-0.018273633,-0.010603684,-0.017464744,-0.0039148387,1,2980,14.9,14.90761375427246,0,0.8791421055793762,0.1208578869700431,False
2982,14.91,-0.028117295,-0.02055767,-0.022636555,-0.013390239,1,2980,14.9,14.90761375427246,0,0.8791421055793762,0.1208578869700431,False
2983,14.915,-0.045924783,-0.034248736,-0.025889285,-0.027393352,1,2980,14.9,14.90761375427246,0,0.8791421055793762,0.1208578869700431,False
2984,14.92,-0.056263145,-0.041762665,-0.023438388,-0.03982461,1,2984,14.92,14.927048683166504,0,0.8869543671607971,0.1130456328392028,False
2985,14.925,-0.041905068,-0.033002097,-0.012695255,-0.040971313,1,2984,14.92,14.927048683166504,0,0.8869543671607971,0.1130456328392028,False
2986,14.93,-0.00078905263,-0.007215674,0.004527123,-0.025698984,1,2984,14.92,14.927048683166504,0,0.8869543671607971,0.1130456328392028,False
2987,14.935,0.04899176,0.024647228,0.022111349,0.001293712,1,2984,14.92,14.927048683166504,0,0.8869543671607971,0.1130456328392028,False
2988,14.94,0.08113233,0.046909362,0.032960307,0.027436063,1,2988,14.94,14.941662311553957,0,0.8883222341537476,0.111677773296833,False
2989,14.945,0.07983387,0.049608152,0.032973718,0.040018298,1,2988,14.94,14.941662311553957,0,0.8883222341537476,0.111677773296833,False
2990,14.95,0.04984342,0.034209725,0.02301632,0.03408781,1,2988,14.94,14.941662311553957,0,0.8883222341537476,0.111677773296833,False
2991,14.955,0.010645794,0.01092395,0.007894178,0.014952891,1,2988,14.94,14.941662311553957,0,0.8883222341537476,0.111677773296833,False
2992,14.96,-0.01891181,-0.00935065,-0.006846692,-0.006334554,1,2992,14.96,14.9762864112854,0,0.883411705493927,0.116588294506073,False
2993,14.965,-0.032473527,-0.02193684,-0.018291902,-0.020956833,1,2992,14.96,14.9762864112854,0,0.883411705493927,0.116588294506073,False
2994,14.97,-0.036059193,-0.029221617,-0.027247924,-0.02742472,1,2992,14.96,14.9762864112854,0,0.883411705493927,0.116588294506073,False
2995,14.975,-0.038397897,-0.03546692,-0.035698894,-0.029736811,1,2992,14.96,14.9762864112854,0,0.883411705493927,0.116588294506073,False
2996,14.98,-0.041546438,-0.040487956,-0.042373333,-0.03077531,1,2996,14.98,14.992748022079468,0,0.8856222033500671,0.1143778711557388,False
2997,14.985,-0.039862245,-0.038250808,-0.04098915,-0.02779927,1,2996,14.98,14.992748022079468,0,0.8856222033500671,0.1143778711557388,False
2998,14.99,-0.026976282,-0.02229995,-0.024467437,-0.014955827,1,2996,14.98,14.992748022079468,0,0.8856222033500671,0.1143778711557388,False
2999,14.995,-0.0033485636,0.0066020153,0.007328284,0.00947624,1,2996,14.98,14.992748022079468,0,0.8856222033500671,0.1143778711557388,False
3000,15.0,0.022606542,0.038020715,0.043555416,0.03847919,1,3000,15.0,15.00789499282837,0,0.8902219533920288,0.1097780242562294,False
3001,15.005,0.04023853,0.057652343,0.06723794,0.059230242,1,3000,15.0,15.00789499282837,0,0.8902219533920288,0.1097780242562294,False
3002,15.01,0.04368178,0.056834966,0.066256955,0.061238717,1,3000,15.0,15.00789499282837,0,0.8902219533920288,0.1097780242562294,False
3003,15.015,0.034539565,0.03784526,0.04166925,0.042900167,1,3000,15.0,15.00789499282837,0,0.8902219533920288,0.1097780242562294,False
3004,15.02,0.019220578,0.011126991,0.0065780915,0.011842989,1,3004,15.02,15.02688694000244,0,0.8903627395629883,0.1096372604370117,False
3005,15.025,0.0042221947,-0.012236916,-0.022999283,-0.020001873,1,3004,15.02,15.02688694000244,0,0.8903627395629883,0.1096372604370117,False
3006,15.03,-0.0067557604,-0.026178809,-0.037395798,-0.042264137,1,3004,15.02,15.02688694000244,0,0.8903627395629883,0.1096372604370117,False
3007,15.035,-0.012525491,-0.029827228,-0.035953544,-0.04942261,1,3004,15.02,15.02688694000244,0,0.8903627395629883,0.1096372604370117,False
3008,15.04,-0.01258311,-0.024288485,-0.023222359,-0.04106594,1,3008,15.04,15.041758060455322,0,0.8849097490310669,0.1150902956724166,False
3009,15.045,-0.0064156074,-0.010756025,-0.0043732473,-0.020831324,1,3008,15.04,15.041758060455322,0,0.8849097490310669,0.1150902956724166,False
3010,15.05,0.0049718414,0.007914863,0.01554377,0.004504985,1,3008,15.04,15.041758060455322,0,0.8849097490310669,0.1150902956724166,False
3011,15.055,0.017054064,0.02484571,0.02973688,0.02608333,1,3008,15.04,15.041758060455322,0,0.8849097490310669,0.1150902956724166,False
3012,15.06,0.022330778,0.03046886,0.030268263,0.03548859,1,3012,15.06,15.0727858543396,0,0.8895004391670227,0.1104995459318161,False
3013,15.065,0.014465177,0.018529978,0.0132989,0.028782312,1,3012,15.06,15.0727858543396,0,0.8895004391670227,0.1104995459318161,False
3014,15.07,-0.0066131502,-0.007810773,-0.015400883,0.009540953,1,3012,15.06,15.0727858543396,0,0.8895004391670227,0.1104995459318161,False
3015,15.075,-0.03299812,-0.035967838,-0.04149913,-0.012262789,1,3012,15.06,15.0727858543396,0,0.8895004391670227,0.1104995459318161,False
3016,15.08,-0.052554015,-0.05139515,-0.05096867,-0.025821641,1,3016,15.08,15.092757940292358,0,0.8854900598526001,0.1145098954439163,False
3017,15.085,-0.05571533,-0.046890907,-0.039737333,-0.025685675,1,3016,15.08,15.092757940292358,0,0.8854900598526001,0.1145098954439163,False
3018,15.09,-0.04047957,-0.026093319,-0.015389346,-0.013872308,1,3016,15.08,15.092757940292358,0,0.8854900598526001,0.1145098954439163,False
3019,15.095,-0.012598464,0.0009751332,0.01021661,0.0030668706,1,3016,15.08,15.092757940292358,0,0.8854900598526001,0.1145098954439163,False
3020,15.1,0.017955638,0.025055205,0.029558623,0.018416936,1,3020,15.1,15.110193252563477,0,0.889336347579956,0.1106636747717857,False
3021,15.105,0.041134447,0.0408703,0.04107492,0.0271766,1,3020,15.1,15.110193252563477,0,0.889336347579956,0.1106636747717857,False
3022,15.11,0.049913883,0.045574997,0.044227306,0.025574354,1,3020,15.1,15.110193252563477,0,0.889336347579956,0.1106636747717857,False
3023,15.115,0.042711537,0.037279062,0.035986803,0.011569208,1,3020,15.1,15.110193252563477,0,0.889336347579956,0.1106636747717857,False
3024,15.12,0.024834154,0.017186366,0.014295381,-0.012241841,1,3024,15.12,15.12628698348999,0,0.8909542560577393,0.1090457215905189,False
3025,15.125,0.006662831,-0.007465999,-0.015425554,-0.036644172,1,3024,15.12,15.12628698348999,0,0.8909542560577393,0.1090457215905189,False
3026,15.13,-0.0026429037,-0.025367133,-0.03973161,-0.04921363,1,3024,15.12,15.12628698348999,0,0.8909542560577393,0.1090457215905189,False
3027,15.135,-0.0021923548,-0.028677866,-0.045783713,-0.042497728,1,3024,15.12,15.12628698348999,0,0.8909542560577393,0.1090457215905189,False
3028,15.14,-0.00029775183,-0.019515496,-0.031884536,-0.020262746,1,3028,15.14,15.141098737716677,0,0.8857836723327637,0.1142163053154945,False
3029,15.145,-0.006769518,-0.008248433,-0.009411437,0.0046323985,1,3028,15.14,15.141098737716677,0,0.8857836723327637,0.1142163053154945,False
3030,15.15,-0.02295462,-0.004376716,0.0063822027,0.019768218,1,3028,15.14,15.141098737716677,0,0.8857836723327637,0.1142163053154945,False
3031,15.155,-0.03937141,-0.008523348,0.008433077,0.021989694,1,3028,15.14,15.141098737716677,0,0.8857836723327637,0.1142163053154945,False
3032,15.16,-0.043587342,-0.012881811,0.0022135465,0.018090598,1,3032,15.16,15.167186260223389,0,0.8867881298065186,0.1132117956876754,False
3033,15.165,-0.030437188,-0.008830317,-0.0004255649,0.017635753,1,3032,15.16,15.167186260223389,0,0.8867881298065186,0.1132117956876754,False
3034,15.17,-0.004843925,0.0059250817,0.008461624,0.024872575,1,3032,15.16,15.167186260223389,0,0.8867881298065186,0.1132117956876754,False
3035,15.175,0.023713093,0.026211787,0.02687661,0.036146633,1,3032,15.16,15.167186260223389,0,0.8867881298065186,0.1132117956876754,False
3036,15.18,0.04743032,0.043198887,0.044458333,0.043397516,1,3036,15.18,15.192392349243164,0,0.8896788954734802,0.1103210598230362,False
3037,15.185,0.06097422,0.048860475,0.04928549,0.0397208,1,3036,15.18,15.192392349243164,0,0.8896788954734802,0.1103210598230362,False
3038,15.19,0.059256233,0.038902156,0.035251036,0.023151511,1,3036,15.18,15.192392349243164,0,0.8896788954734802,0.1103210598230362,False
3039,15.195,0.038677678,0.014708123,0.00615405,-0.002404222,1,3036,15.18,15.192392349243164,0,0.8896788954734802,0.1103210598230362,False
3040,15.2,0.002750956,-0.015678516,-0.025555693,-0.028520035,1,3040,15.2,15.213377475738524,0,0.889175295829773,0.110824666917324,False
3041,15.205,-0.034855466,-0.03960835,-0.045214072,-0.045515936,1,3040,15.2,15.213377475738524,0,0.889175295829773,0.110824666917324,False
3042,15.21,-0.056416318,-0.046200987,-0.044558164,-0.047198553,1,3040,15.2,15.213377475738524,0,0.889175295829773,0.110824666917324,False
3043,15.215,-0.052558307,-0.033934474,-0.027253853,-0.034982868,1,3040,15.2,15.213377475738524,0,0.889175295829773,0.110824666917324,False
3044,15.22,-0.029978225,-0.0129514355,-0.0067979693,-0.017919289,1,3044,15.22,15.227338314056396,0,0.8898877501487732,0.110112264752388,False
3045,15.225,-0.006356341,0.00164817,0.002895338,-0.007037423,1,3044,15.22,15.227338314056396,0,0.8898877501487732,0.110112264752388,False
3046,15.23,0.0037001919,0.0012768797,-0.0023074884,-0.0073732487,1,3044,15.22,15.227338314056396,0,0.8898877501487732,0.110112264752388,False
3047,15.235,-0.0008980507,-0.009671724,-0.01417449,-0.014314273,1,3044,15.22,15.227338314056396,0,0.8898877501487732,0.110112264752388,False
3048,15.24,-0.009691208,-0.018406112,-0.019722573,-0.017922211,1,3048,15.24,15.242775440216064,0,0.8900961875915527,0.1099037900567054,False
3049,15.245,-0.011578427,-0.015094448,-0.012344671,-0.011530342,1,3048,15.24,15.242775440216064,0,0.8900961875915527,0.1099037900567054,False
3050,15.25,-0.003499754,-0.0003663752,0.0036781316,0.003231324,1,3048,15.24,15.242775440216064,0,0.8900961875915527,0.1099037900567054,False
3051,15.255,0.009876598,0.017062321,0.018618394,0.018914044,1,3048,15.24,15.242775440216064,0,0.8900961875915527,0.1099037900567054,False
3052,15.26,0.021971066,0.02834748,0.025905566,0.028496938,1,3052,15.26,15.268213987350464,0,0.8904170989990234,0.1095829308032989,False
3053,15.265,0.028044181,0.029447515,0.024942167,0.028978173,1,3052,15.26,15.268213987350464,0,0.8904170989990234,0.1095829308032989,False
3054,15.27,0.024821248,0.020190142,0.01721806,0.020604724,1,3052,15.26,15.268213987350464,0,0.8904170989990234,0.1095829308032989,False
3055,15.275,0.010473754,0.0022258488,0.0029501438,0.0054505873,1,3052,15.26,15.268213987350464,0,0.8904170989990234,0.1095829308032989,False
3056,15.28,-0.011924444,-0.019702014,-0.016341448,-0.011733192,1,3056,15.28,15.282387971878052,0,0.8847885727882385,0.115211471915245,False
3057,15.285,-0.03146911,-0.035728943,-0.033096727,-0.02266077,1,3056,15.28,15.282387971878052,0,0.8847885727882385,0.115211471915245,False
3058,15.29,-0.033669215,-0.0341535,-0.03516494,-0.018804388,1,3056,15.28,15.282387971878052,0,0.8847885727882385,0.115211471915245,False
3059,15.295,-0.011646665,-0.010503366,-0.015318366,0.0016600438,1,3056,15.28,15.282387971878052,0,0.8847885727882385,0.115211471915245,False
3060,15.3,0.025192175,0.025564225,0.019649165,0.029504612,1,3060,15.3,15.307783126831056,0,0.8886319398880005,0.1113681197166442,False
3061,15.305,0.054869875,0.054015767,0.05062133,0.048401017,1,3060,15.3,15.307783126831056,0,0.8886319398880005,0.1113681197166442,False
3062,15.31,0.058113232,0.057917364,0.059311923,0.045666642,1,3060,15.3,15.307783126831056,0,0.8886319398880005,0.1113681197166442,False
3063,15.315,0.032909356,0.035792366,0.041976284,0.02159095,1,3060,15.3,15.307783126831056,0,0.8886319398880005,0.1113681197166442,False
3064,15.32,-0.0042102775,0.0022436234,0.011563718,-0.0102989795,1,3064,15.32,15.322724342346191,0,0.8900234699249268,0.109976515173912,False
3065,15.325,-0.031055603,-0.023365142,-0.013240962,-0.032347903,1,3064,15.32,15.322724342346191,0,0.8900234699249268,0.109976515173912,False
3066,15.33,-0.035530023,-0.030203205,-0.021920115,-0.03423801,1,3064,15.32,15.322724342346191,0,0.8900234699249268,0.109976515173912,False
3067,15.335,-0.021682823,-0.020884093,-0.017283762,-0.01855955,1,3064,15.32,15.322724342346191,0,0.8900234699249268,0.109976515173912,False
3068,15.34,-0.003201419,-0.0061189267,-0.009364769,0.002629564,1,3068,15.34,15.342649221420288,0,0.8889744877815247,0.1110254526138305,False
3069,15.345,0.008032884,0.0043992545,-0.0055336594,0.016636483,1,3068,15.34,15.342649221420288,0,0.8889744877815247,0.1110254526138305,False
3070,15.35,0.008585854,0.007203887,-0.0059651,0.017539786,1,3068,15.34,15.342649221420288,0,0.8889744877815247,0.1110254526138305,False
3071,15.355,0.0018187942,0.003880194,-0.00692898,0.007469648,1,3068,15.34,15.342649221420288,0,0.8889744877815247,0.1110254526138305,False
3072,15.36,-0.007973115,-0.0032158175,-0.006900871,-0.007665827,1,3072,15.36,15.37278437614441,0,0.8891894817352295,0.1108105480670929,False
3073,15.365,-0.01919706,-0.013483827,-0.008904394,-0.023309045,1,3072,15.36,15.37278437614441,0,0.8891894817352295,0.1108105480670929,False
3074,15.37,-0.03167444,-0.026871197,-0.01710596,-0.037808586,1,3072,15.36,15.37278437614441,0,0.8891894817352295,0.1108105480670929,False
3075,15.375,-0.043152075,-0.041005034,-0.03140475,-0.05006258,1,3072,15.36,15.37278437614441,0,0.8891894817352295,0.1108105480670929,False
3076,15.38,-0.04821985,-0.05024323,-0.045397535,-0.056749802,1,3076,15.38,15.395383358001707,0,0.8874232769012451,0.1125767230987548,False
3077,15.385,-0.041261684,-0.048136704,-0.049740694,-0.05263173,1,3076,15.38,15.395383358001707,0,0.8874232769012451,0.1125767230987548,False
3078,15.39,-0.020750273,-0.031485833,-0.03817412,-0.03401526,1,3076,15.38,15.395383358001707,0,0.8874232769012451,0.1125767230987548,False
3079,15.395,0.008970664,-0.0028804634,-0.011639791,-0.0024080595,1,3076,15.38,15.395383358001707,0,0.8874232769012451,0.1125767230987548,False
3080,15.4,0.039604053,0.029877627,0.02197905,0.034615204,1,3080,15.4,15.408998012542725,0,0.8907017111778259,0.109298288822174,False
3081,15.405,0.062572785,0.056802545,0.051625095,0.06603496,1,3080,15.4,15.408998012542725,0,0.8907017111778259,0.109298288822174,False
3082,15.41,0.07198737,0.0695833,0.06783662,0.08203358,1,3080,15.4,15.408998012542725,0,0.8907017111778259,0.109298288822174,False
3083,15.415,0.06605347,0.06491591,0.06646566,0.07836465,1,3080,15.4,15.408998012542725,0,0.8907017111778259,0.109298288822174,False
3084,15.42,0.04731672,0.046167362,0.050242662,0.05833764,1,3084,15.42,15.4274160861969,0,0.8904677033424377,0.1095323115587234,False
3085,15.425,0.021995824,0.022242587,0.027577603,0.03123416,1,3084,15.42,15.4274160861969,0,0.8904677033424377,0.1095323115587234,False
3086,15.43,-0.001827395,0.003401144,0.008622124,0.007665373,1,3084,15.42,15.4274160861969,0,0.8904677033424377,0.1095323115587234,False
3087,15.435,-0.017069932,-0.0041838386,8.147992e-05,-0.005713084,1,3084,15.42,15.4274160861969,0,0.8904677033424377,0.1095323115587234,False
3088,15.44,-0.020576393,-0.0017181427,0.0017099609,-0.008992315,1,3088,15.44,15.442776679992676,0,0.879787266254425,0.1202127262949943,False
3089,15.445,-0.014627973,0.0036053641,0.007015189,-0.007612364,1,3088,15.44,15.442776679992676,0,0.879787266254425,0.1202127262949943,False
3090,15.45,-0.005930503,0.003889878,0.007917971,-0.007938853,1,3088,15.44,15.442776679992676,0,0.879787266254425,0.1202127262949943,False
3091,15.455,-0.0021269738,-0.004183597,3.5364996e-05,-0.013085618,1,3088,15.44,15.442776679992676,0,0.879787266254425,0.1202127262949943,False
3092,15.46,-0.007411634,-0.017919248,-0.015189837,-0.021830283,1,3092,15.46,15.474304437637327,0,0.8873965740203857,0.1126033812761306,False
3093,15.465,-0.019961143,-0.031580623,-0.032504037,-0.030828241,1,3092,15.46,15.474304437637327,0,0.8873965740203857,0.1126033812761306,False
3094,15.47,-0.033366833,-0.040829204,-0.046624977,-0.037739564,1,3092,15.46,15.474304437637327,0,0.8873965740203857,0.1126033812761306,False
3095,15.475,-0.04146782,-0.04496717,-0.054588,-0.04250362,1,3092,15.46,15.474304437637327,0,0.8873965740203857,0.1126033812761306,False
3096,15.48,-0.04271155,-0.04563323,-0.05550719,-0.045943275,1,3096,15.48,15.484798192977903,0,0.8898387551307678,0.1101612225174903,False
3097,15.485,-0.03990596,-0.043653965,-0.049132496,-0.047338895,1,3096,15.48,15.484798192977903,0,0.8898387551307678,0.1101612225174903,False
3098,15.49,-0.035457764,-0.037183613,-0.03528243,-0.043564767,1,3096,15.48,15.484798192977903,0,0.8898387551307678,0.1101612225174903,False
3099,15.495,-0.027312081,-0.023164261,-0.014887154,-0.031090038,1,3096,15.48,15.484798192977903,0,0.8898387551307678,0.1101612225174903,False
3100,15.5,-0.010821068,-0.0011916029,0.008558315,-0.0095350975,1,3100,15.5,15.519882440567017,0,0.8902981281280518,0.1097018867731094,False
3101,15.505,0.014600511,0.023797955,0.029169884,0.016384669,1,3100,15.5,15.519882440567017,0,0.8902981281280518,0.1097018867731094,False
3102,15.51,0.041410513,0.043322723,0.041375242,0.038894694,1,3100,15.5,15.519882440567017,0,0.8902981281280518,0.1097018867731094,False
3103,15.515,0.05817913,0.051038653,0.043529768,0.052174583,1,3100,15.5,15.519882440567017,0,0.8902981281280518,0.1097018867731094,False
3104,15.52,0.058988396,0.04746133,0.039189547,0.056212038,1,3104,15.52,15.532738447189333,0,0.8913523554801941,0.1086476519703865,False
3105,15.525,0.048503276,0.03905124,0.034209114,0.05583032,1,3104,15.52,15.532738447189333,0,0.8913523554801941,0.1086476519703865,False
3106,15.53,0.03719841,0.032329336,0.031806875,0.0555563,1,3104,15.52,15.532738447189333,0,0.8913523554801941,0.1086476519703865,False
3107,15.535,0.031611346,0.02886669,0.030361146,0.055192858,1,3104,15.52,15.532738447189333,0,0.8913523554801941,0.1086476519703865,False
3108,15.54,0.029579684,0.025938604,0.02633616,0.05039502,1,3108,15.54,15.552720069885254,0,0.8851212859153748,0.1148786395788192,False
3109,15.545,0.024433216,0.02106584,0.018995177,0.03730788,1,3108,15.54,15.552720069885254,0,0.8851212859153748,0.1148786395788192,False
3110,15.55,0.012222567,0.014220399,0.010941922,0.015985027,1,3108,15.54,15.552720069885254,0,0.8851212859153748,0.1148786395788192,False
3111,15.555,-0.0061805486,0.0049090446,0.0031963722,-0.010930891,1,3108,15.54,15.552720069885254,0,0.8851212859153748,0.1148786395788192,False
3112,15.56,-0.028766045,-0.011121376,-0.009017719,-0.04163694,1,3112,15.56,15.577793598175049,0,0.8785181641578674,0.1214818730950355,False
3113,15.565,-0.054913037,-0.038846806,-0.03263838,-0.07504566,1,3112,15.56,15.577793598175049,0,0.8785181641578674,0.1214818730950355,False
3114,15.57,-0.08180497,-0.075239636,-0.066616714,-0.105989315,1,3112,15.56,15.577793598175049,0,0.8785181641578674,0.1214818730950355,False
3115,15.575,-0.09914878,-0.10430989,-0.09582778,-0.12192065,1,3112,15.56,15.577793598175049,0,0.8785181641578674,0.1214818730950355,False
3116,15.58,-0.09152104,-0.10447155,-0.09824599,-0.10800952,1,3116,15.58,15.59242033958435,0,0.8865214586257935,0.1134785562753677,False
3117,15.585,-0.050536405,-0.06505139,-0.062032662,-0.059162393,1,3116,15.58,15.59242033958435,0,0.8865214586257935,0.1134785562753677,False
3118,15.59,0.013453568,0.0021888197,0.0021843389,0.011568461,1,3116,15.58,15.59242033958435,0,0.8865214586257935,0.1134785562753677,False
3119,15.595,0.07357436,0.06833482,0.06608745,0.07776146,1,3116,15.58,15.59242033958435,0,0.8865214586257935,0.1134785562753677,False
3120,15.6,0.10387335,0.10635583,0.102560915,0.11554669,1,3120,15.6,15.611432313919067,0,0.8761687874794006,0.1238312721252441,False
3121,15.605,0.0973646,0.10780749,0.10262497,0.11767456,1,3120,15.6,15.611432313919067,0,0.8761687874794006,0.1238312721252441,False
3122,15.61,0.067968614,0.08344693,0.07666741,0.094103456,1,3120,15.6,15.611432313919067,0,0.8761687874794006,0.1238312721252441,False
3123,15.615,0.03519029,0.049634356,0.041572914,0.060250685,1,3120,15.6,15.611432313919067,0,0.8761687874794006,0.1238312721252441,False
3124,15.62,0.0075337244,0.015203212,0.0077175046,0.025133705,1,3124,15.62,15.622704029083252,0,0.8840505480766296,0.1159494146704673,False
3125,15.625,-0.019173715,-0.019433608,-0.022999687,-0.010175525,1,3124,15.62,15.622704029083252,0,0.8840505480766296,0.1159494146704673,False
3126,15.63,-0.04916785,-0.05348007,-0.050145596,-0.045188785,1,3124,15.62,15.622704029083252,0,0.8840505480766296,0.1159494146704673,False
3127,15.635,-0.07554523,-0.07941085,-0.06925809,-0.07382197,1,3124,15.62,15.622704029083252,0,0.8840505480766296,0.1159494146704673,False
3128,15.64,-0.08349342,-0.08672062,-0.07409895,-0.086558454,1,3128,15.64,15.643146514892578,0,0.86644047498703,0.1335594952106475,False
3129,15.645,-0.064572126,-0.071419716,-0.062947065,-0.078295775,1,3128,15.64,15.643146514892578,0,0.86644047498703,0.1335594952106475,False
3130,15.65,-0.026847119,-0.040983908,-0.041310646,-0.05355264,1,3128,15.64,15.643146514892578,0,0.86644047498703,0.1335594952106475,False
3131,15.655,0.009678026,-0.009716334,-0.018328818,-0.024075903,1,3128,15.64,15.643146514892578,0,0.86644047498703,0.1335594952106475,False
3132,15.66,0.028052429,0.011063777,-0.00071588735,-0.0012665438,1,3132,15.66,15.677740573883057,0,0.8881295323371887,0.1118705198168754,False
3133,15.665,0.026223613,0.019654935,0.01060549,0.010389054,1,3132,15.66,15.677740573883057,0,0.8881295323371887,0.1118705198168754,False
3134,15.67,0.016465213,0.023052871,0.019604627,0.014718105,1,3132,15.66,15.677740573883057,0,0.8881295323371887,0.1118705198168754,False
3135,15.675,0.014674032,0.030544005,0.03171385,0.020157686,1,3132,15.66,15.677740573883057,0,0.8881295323371887,0.1118705198168754,False
3136,15.68,0.028938362,0.0468193,0.0499205,0.033638794,1,3136,15.68,15.692570447921751,0,0.8885691165924072,0.1114308387041091,False
3137,15.685,0.05479114,0.068329364,0.07160101,0.055296514,1,3136,15.68,15.692570447921751,0,0.8885691165924072,0.1114308387041091,False
3138,15.69,0.078246124,0.08425606,0.087697305,0.076922536,1,3136,15.68,15.692570447921751,0,0.8885691165924072,0.1114308387041091,False
3139,15.695,0.08350833,0.08193127,0.08626672,0.085810274,1,3136,15.68,15.692570447921751,0,0.8885691165924072,0.1114308387041091,False
3140,15.7,0.061450712,0.054720018,0.060074348,0.07258966,1,3140,15.7,15.699585676193236,0,0.8897171020507812,0.1102828830480575,False
3141,15.705,0.015211554,0.007871654,0.013417641,0.038093526,1,3140,15.7,15.699585676193236,0,0.8897171020507812,0.1102828830480575,False
3142,15.71,-0.040173974,-0.042587698,-0.038116556,-0.0061602746,1,3140,15.7,15.699585676193236,0,0.8897171020507812,0.1102828830480575,False
3143,15.715,-0.08476678,-0.07854786,-0.07627464,-0.044807434,1,3140,15.7,15.699585676193236,0,0.8897171020507812,0.1102828830480575,False
3144,15.72,-0.10374153,-0.09022748,-0.090810366,-0.06762436,1,3144,15.72,15.726430654525757,0,0.8784604072570801,0.1215396076440811,False
3145,15.725,-0.0942071,-0.080315664,-0.08366566,-0.07370293,1,3144,15.72,15.726430654525757,0,0.8784604072570801,0.1215396076440811,False
3146,15.73,-0.064780414,-0.059189923,-0.064241424,-0.0684699,1,3144,15.72,15.726430654525757,0,0.8784604072570801,0.1215396076440811,False
3147,15.735,-0.029290628,-0.0364226,-0.041447718,-0.05761863,1,3144,15.72,15.726430654525757,0,0.8784604072570801,0.1215396076440811,False
3148,15.74,0.00032896717,-0.016166614,-0.019791983,-0.04377397,1,3148,15.74,15.748580932617188,0,0.8864394426345825,0.113560564815998,False
3149,15.745,0.017868837,0.0010919352,-0.0010326973,-0.027676668,1,3148,15.74,15.748580932617188,0,0.8864394426345825,0.113560564815998,False
3150,15.75,0.022896413,0.014457137,0.012870002,-0.010882052,1,3148,15.74,15.748580932617188,0,0.8864394426345825,0.113560564815998,False
3151,15.755,0.018941298,0.021458838,0.019630378,0.0036417895,1,3148,15.74,15.748580932617188,0,0.8864394426345825,0.113560564815998,False
3152,15.76,0.01156282,0.020731121,0.019035533,0.0134717645,1,3152,15.76,15.760815620422363,0,0.8888561129570007,0.1111439019441604,False
3153,15.765,0.006756083,0.015027756,0.014575887,0.018871337,1,3152,15.76,15.760815620422363,0,0.8888561129570007,0.1111439019441604,False
3154,15.77,0.009326054,0.010815884,0.012080206,0.02283356,1,3152,15.76,15.760815620422363,0,0.8888561129570007,0.1111439019441604,False
3155,15.775,0.020935679,0.014107443,0.016130269,0.028825827,1,3152,15.76,15.760815620422363,0,0.8888561129570007,0.1111439019441604,False
3156,15.78,0.038356308,0.025724256,0.026891999,0.03789003,1,3156,15.78,15.795171737670898,0,0.8857331871986389,0.1142668202519416,False
3157,15.785,0.053462747,0.039878465,0.03960184,0.04718643,1,3156,15.78,15.795171737670898,0,0.8857331871986389,0.1142668202519416,False
3158,15.79,0.05641387,0.047415677,0.047014415,0.05111441,1,3156,15.78,15.795171737670898,0,0.8857331871986389,0.1142668202519416,False
3159,15.795,0.041310243,0.041479453,0.043176427,0.044458885,1,3156,15.78,15.795171737670898,0,0.8857331871986389,0.1142668202519416,False
3160,15.8,0.01081164,0.021654755,0.02633763,0.025654174,1,3160,15.8,15.808168411254885,0,0.8851020932197571,0.1148979514837265,False
3161,15.805,-0.024154466,-0.0059119705,-0.00016723442,-0.0017946649,1,3160,15.8,15.808168411254885,0,0.8851020932197571,0.1148979514837265,False
3162,15.81,-0.050068174,-0.031831075,-0.028870754,-0.03039502,1,3160,15.8,15.808168411254885,0,0.8851020932197571,0.1148979514837265,False
3163,15.815,-0.057988536,-0.04761584,-0.050326202,-0.051371247,1,3160,15.8,15.808168411254885,0,0.8851020932197571,0.1148979514837265,False
3164,15.82,-0.04728995,-0.048444573,-0.056147043,-0.057575714,1,3164,15.82,15.822733163833618,0,0.8863950371742249,0.1136049181222915,False
3165,15.825,-0.024291955,-0.03415236,-0.04256063,-0.045836374,1,3164,15.82,15.822733163833618,0,0.8863950371742249,0.1136049181222915,False
3166,15.83,0.0018264282,-0.009252117,-0.013225852,-0.018672656,1,3164,15.82,15.822733163833618,0,0.8863950371742249,0.1136049181222915,False
3167,15.835,0.02249774,0.017678095,0.020690244,0.015050435,1,3164,15.82,15.822733163833618,0,0.8863950371742249,0.1136049181222915,False
3168,15.84,0.031537373,0.036018144,0.04448022,0.041925173,1,3168,15.84,15.843800067901611,0,0.8880012631416321,0.1119987294077873,False
3169,15.845,0.02628657,0.03719207,0.046868116,0.04930487,1,3168,15.84,15.843800067901611,0,0.8880012631416321,0.1119987294077873,False
3170,15.85,0.0088489195,0.019520747,0.02640572,0.03245541,1,3168,15.84,15.843800067901611,0,0.8880012631416321,0.1119987294077873,False
3171,15.855,-0.013662037,-0.009447852,-0.006914236,-0.001124583,1,3168,15.84,15.843800067901611,0,0.8880012631416321,0.1119987294077873,False
3172,15.86,-0.0313839,-0.0358334,-0.03662262,-0.034504935,1,3172,15.86,15.878499746322632,0,0.8847777843475342,0.1152222827076911,False
3173,15.865,-0.036098957,-0.046651762,-0.04876795,-0.050633546,1,3172,15.86,15.878499746322632,0,0.8847777843475342,0.1152222827076911,False
3174,15.87,-0.025221007,-0.036840715,-0.039269432,-0.04205238,1,3172,15.86,15.878499746322632,0,0.8847777843475342,0.1152222827076911,False
3175,15.875,-0.0029402992,-0.011505287,-0.014963178,-0.014329682,1,3172,15.86,15.878499746322632,0,0.8847777843475342,0.1152222827076911,False
3176,15.88,0.021690235,0.017419558,0.011567647,0.01828963,1,3176,15.88,15.892478227615356,0,0.8896659016609192,0.1103340685367584,False
3177,15.885,0.038208887,0.037089266,0.028890235,0.040719494,1,3176,15.88,15.892478227615356,0,0.8896659016609192,0.1103340685367584,False
3178,15.89,0.038534302,0.038878743,0.030860456,0.043169364,1,3176,15.88,15.892478227615356,0,0.8896659016609192,0.1103340685367584,False
3179,15.895,0.02069739,0.021502854,0.017316993,0.023959098,1,3176,15.88,15.892478227615356,0,0.8896659016609192,0.1103340685367584,False
3180,15.9,-0.008720129,-0.0079442365,-0.006501407,-0.009891471,1,3180,15.9,15.90237307548523,0,0.8895896673202515,0.1104103177785873,False
3181,15.905,-0.036118705,-0.03596749,-0.030809592,-0.044236965,1,3180,15.9,15.90237307548523,0,0.8895896673202515,0.1104103177785873,False
3182,15.91,-0.047686435,-0.048603248,-0.04400672,-0.063075006,1,3180,15.9,15.90237307548523,0,0.8895896673202515,0.1104103177785873,False
3183,15.915,-0.038061578,-0.03925635,-0.038281493,-0.05684812,1,3180,15.9,15.90237307548523,0,0.8895896673202515,0.1104103177785873,False
3184,15.92,-0.014048736,-0.01306814,-0.015092519,-0.028583948,1,3184,15.92,15.922414064407349,0,0.8893790245056152,0.1106209531426429,False
3185,15.925,0.0105606215,0.016449044,0.014700727,0.007945536,1,3184,15.92,15.922414064407349,0,0.8893790245056152,0.1106209531426429,False
3186,15.93,0.02536155,0.036695708,0.03771815,0.03775334,1,3184,15.92,15.922414064407349,0,0.8893790245056152,0.1106209531426429,False
3187,15.935,0.03013523,0.043844983,0.047005754,0.05415308,1,3184,15.92,15.922414064407349,0,0.8893790245056152,0.1106209531426429,False
3188,15.94,0.0323516,0.042891152,0.045454293,0.060097393,1,3188,15.94,15.94380235671997,0,0.8901590704917908,0.1098409295082092,False
3189,15.945,0.038200576,0.04055242,0.040831104,0.06103027,1,3188,15.94,15.94380235671997,0,0.8901590704917908,0.1098409295082092,False
3190,15.95,0.045764744,0.038137782,0.03740706,0.057290748,1,3188,15.94,15.94380235671997,0,0.8901590704917908,0.1098409295082092,False
3191,15.955,0.046500657,0.031066615,0.03228552,0.044130776,1,3188,15.94,15.94380235671997,0,0.8901590704917908,0.1098409295082092,False
3192,15.96,0.03319314,0.014959763,0.019688845,0.018999357,1,3192,15.96,15.976582050323486,0,0.8857335448265076,0.1142664030194282,False
3193,15.965,0.0068118107,-0.0081695225,-0.0015141948,-0.012204852,1,3192,15.96,15.976582050323486,0,0.8857335448265076,0.1142664030194282,False
3194,15.97,-0.0236493,-0.029935922,-0.024808146,-0.037314203,1,3192,15.96,15.976582050323486,0,0.8857335448265076,0.1142664030194282,False
3195,15.975,-0.047508996,-0.041883033,-0.040597335,-0.04719343,1,3192,15.96,15.976582050323486,0,0.8857335448265076,0.1142664030194282,False
3196,15.98,-0.058994886,-0.042148888,-0.043951154,-0.043406527,1,3196,15.98,15.993509531021118,0,0.8835358023643494,0.1164642125368118,False
3197,15.985,-0.059063848,-0.036467046,-0.038354922,-0.036777638,1,3196,15.98,15.993509531021118,0,0.8835358023643494,0.1164642125368118,False
3198,15.99,-0.05235773,-0.032838047,-0.0323117,-0.03788461,1,3196,15.98,15.993509531021118,0,0.8835358023643494,0.1164642125368118,False
3199,15.995,-0.04303567,-0.034755312,-0.032106586,-0.047946904,1,3196,15.98,15.993509531021118,0,0.8835358023643494,0.1164642125368118,False
3200,16.0,-0.032938138,-0.038797896,-0.037050717,-0.058092114,1,3200,16.0,16.002397060394287,0,0.8903773427009583,0.1096226945519447,False
3201,16.005,-0.02243105,-0.0382908,-0.040881027,-0.057304617,1,3200,16.0,16.002397060394287,0,0.8903773427009583,0.1096226945519447,False
3202,16.01,-0.011736109,-0.029322665,-0.03742239,-0.04159241,1,3200,16.0,16.002397060394287,0,0.8903773427009583,0.1096226945519447,False
3203,16.015,-0.0008071963,-0.013493367,-0.025127277,-0.016158313,1,3200,16.0,16.002397060394287,0,0.8903773427009583,0.1096226945519447,False
3204,16.02,0.01169754,0.0047661765,-0.006798708,0.010664706,1,3204,16.02,16.026862144470215,0,0.8897309899330139,0.1102689802646637,False
3205,16.025,0.027951894,0.022844646,0.014098133,0.0349491,1,3204,16.02,16.026862144470215,0,0.8897309899330139,0.1102689802646637,False
3206,16.03,0.04802708,0.041259456,0.03595658,0.058402997,1,3204,16.02,16.026862144470215,0,0.8897309899330139,0.1102689802646637,False
3207,16.035,0.06719939,0.06044559,0.05790392,0.082602024,1,3204,16.02,16.026862144470215,0,0.8897309899330139,0.1102689802646637,False
3208,16.04,0.07754344,0.07728536,0.07724006,0.10316897,1,3208,16.04,16.046186685562134,0,0.890563428401947,0.1094365641474723,False
3209,16.045,0.073865175,0.08587239,0.08920102,0.11074936,1,3208,16.04,16.046186685562134,0,0.890563428401947,0.1094365641474723,False
3210,16.05,0.058413506,0.08174422,0.08952938,0.098043695,1,3208,16.04,16.046186685562134,0,0.890563428401947,0.1094365641474723,False
3211,16.055,0.038738996,0.064650714,0.07668706,0.06566484,1,3208,16.04,16.046186685562134,0,0.890563428401947,0.1094365641474723,False
3212,16.06,0.020080222,0.037084628,0.0513528,0.02128194,1,3212,16.06,16.07462763786316,0,0.8723002672195435,0.1276997327804565,False
3213,16.065,0.00032442913,0.001434942,0.01492046,-0.026009409,1,3212,16.06,16.07462763786316,0,0.8723002672195435,0.1276997327804565,False
3214,16.07,-0.02632674,-0.039657064,-0.029668234,-0.06962165,1,3212,16.06,16.07462763786316,0,0.8723002672195435,0.1276997327804565,False
3215,16.075,-0.060163125,-0.07984813,-0.07494381,-0.10446136,1,3212,16.06,16.07462763786316,0,0.8723002672195435,0.1276997327804565,False
3216,16.08,-0.09111351,-0.10794213,-0.10835948,-0.12431292,1,3216,16.08,16.093782901763916,0,0.8746506571769714,0.1253493428230285,False
3217,16.085,-0.10449203,-0.11316409,-0.117794655,-0.12292721,1,3216,16.08,16.093782901763916,0,0.8746506571769714,0.1253493428230285,False
3218,16.09,-0.09294322,-0.09363091,-0.10021688,-0.09914287,1,3216,16.08,16.093782901763916,0,0.8746506571769714,0.1253493428230285,False
3219,16.095,-0.06332913,-0.059559617,-0.06548655,-0.060417928,1,3216,16.08,16.093782901763916,0,0.8746506571769714,0.1253493428230285,False
3220,16.1,-0.031485274,-0.026496999,-0.030233467,-0.019592956,1,3220,16.1,16.10946750640869,0,0.8854969143867493,0.1145030483603477,False
3221,16.105,-0.009271468,-0.0037429265,-0.0060341144,0.013301327,1,3220,16.1,16.10946750640869,0,0.8854969143867493,0.1145030483603477,False
3222,16.11,0.0040645655,0.011233022,0.0076455222,0.036541145,1,3220,16.1,16.10946750640869,0,0.8854969143867493,0.1145030483603477,False
3223,16.115,0.018294914,0.027054297,0.01940615,0.054210294,1,3220,16.1,16.10946750640869,0,0.8854969143867493,0.1145030483603477,False
3224,16.12,0.040504336,0.04758147,0.035404064,0.06889184,1,3224,16.12,16.12252187728882,0,0.8866114020347595,0.1133886128664016,False
3225,16.125,0.06716835,0.067364484,0.053298,0.077892944,1,3224,16.12,16.12252187728882,0,0.8866114020347595,0.1133886128664016,False
3226,16.13,0.08735587,0.07769531,0.06617779,0.07699783,1,3224,16.12,16.12252187728882,0,0.8866114020347595,0.1133886128664016,False
3227,16.135,0.09254485,0.075781465,0.07077971,0.066687964,1,3224,16.12,16.12252187728882,0,0.8866114020347595,0.1133886128664016,False
3228,16.14,0.082381435,0.066409886,0.069885194,0.05267855,1,3228,16.14,16.14239192008972,0,0.8867553472518921,0.1132446676492691,False
3229,16.145,0.06153042,0.05452602,0.06620552,0.039458696,1,3228,16.14,16.14239192008972,0,0.8867553472518921,0.1132446676492691,False
3230,16.15,0.033144694,0.03799084,0.05571518,0.024420526,1,3228,16.14,16.14239192008972,0,0.8867553472518921,0.1132446676492691,False
3231,16.155,-0.0025789926,0.00989376,0.029858848,0.00040191988,1,3228,16.14,16.14239192008972,0,0.8867553472518921,0.1132446676492691,False
3232,16.16,-0.043400545,-0.03112474,-0.013848304,-0.03484104,1,3232,16.16,16.16165041923523,0,0.862189769744873,0.1378102600574493,False
3233,16.165,-0.08044617,-0.07387006,-0.06379533,-0.07224901,1,3232,16.16,16.16165041923523,0,0.862189769744873,0.1378102600574493,False
3234,16.17,-0.100788236,-0.09980178,-0.098842755,-0.09597472,1,3232,16.16,16.16165041923523,0,0.862189769744873,0.1378102600574493,False
3235,16.175,-0.09609912,-0.09689033,-0.10319931,-0.09545344,1,3232,16.16,16.16165041923523,0,0.862189769744873,0.1378102600574493,False
3236,16.18,-0.06948024,-0.069217,-0.0783333,-0.073478475,1,3236,16.18,16.192479610443115,0,0.883710503578186,0.1162894368171691,False
3237,16.185,-0.033815894,-0.033145152,-0.04082581,-0.042535506,1,3236,16.18,16.192479610443115,0,0.883710503578186,0.1162894368171691,False
3238,16.19,-0.002739643,-0.0039050903,-0.0085185,-0.013590238,1,3236,16.18,16.192479610443115,0,0.883710503578186,0.1162894368171691,False
3239,16.195,0.01806762,0.014668927,0.01185291,0.011139627,1,3236,16.18,16.192479610443115,0,0.883710503578186,0.1162894368171691,False
3240,16.2,0.03202621,0.028499901,0.024993036,0.0348779,1,3240,16.2,16.209831476211548,0,0.8835043907165527,0.1164956390857696,False
3241,16.205,0.04496444,0.04311535,0.037364285,0.05750275,1,3240,16.2,16.209831476211548,0,0.8835043907165527,0.1164956390857696,False
3242,16.21,0.057304464,0.05607296,0.04860671,0.071903594,1,3240,16.2,16.209831476211548,0,0.8835043907165527,0.1164956390857696,False
3243,16.215,0.06260126,0.059235092,0.05230272,0.06992468,1,3240,16.2,16.209831476211548,0,0.8835043907165527,0.1164956390857696,False
3244,16.22,0.053719096,0.047696095,0.043850277,0.051480163,1,3244,16.22,16.224730730056763,0,0.890198826789856,0.1098011657595634,False
3245,16.225,0.0305629,0.02580267,0.026343111,0.026637953,1,3244,16.22,16.224730730056763,0,0.890198826789856,0.1098011657595634,False
3246,16.23,0.0017851451,0.0041500786,0.008319903,0.0076476103,1,3244,16.22,16.224730730056763,0,0.890198826789856,0.1098011657595634,False
3247,16.235,-0.021243092,-0.009363743,-0.0039308816,-0.0015450782,1,3244,16.22,16.224730730056763,0,0.890198826789856,0.1098011657595634,False
3248,16.24,-0.032469478,-0.015531405,-0.011312834,-0.007731513,1,3248,16.24,16.24269461631775,0,0.8776110410690308,0.1223889738321304,False
3249,16.245,-0.033867683,-0.021077473,-0.019046102,-0.020056833,1,3248,16.24,16.24269461631775,0,0.8776110410690308,0.1223889738321304,False
3250,16.25,-0.031125473,-0.030211158,-0.029291054,-0.039048266,1,3248,16.24,16.24269461631775,0,0.8776110410690308,0.1223889738321304,False
3251,16.255,-0.027517792,-0.039308604,-0.037446152,-0.054330636,1,3248,16.24,16.24269461631775,0,0.8776110410690308,0.1223889738321304,False
3252,16.26,-0.022213362,-0.040249716,-0.03635157,-0.053885836,1,3252,16.26,16.27850866317749,0,0.8845292925834656,0.1154706478118896,False
3253,16.265,-0.013792273,-0.028906344,-0.023984095,-0.035977934,1,3252,16.26,16.27850866317749,0,0.8845292925834656,0.1154706478118896,False
3254,16.27,-0.004031145,-0.009979716,-0.006338626,-0.011819533,1,3252,16.26,16.27850866317749,0,0.8845292925834656,0.1154706478118896,False
3255,16.275,0.0027774856,0.0066519487,0.007591321,0.003897236,1,3252,16.26,16.27850866317749,0,0.8845292925834656,0.1154706478118896,False
3256,16.28,0.00420294,0.014160623,0.013357142,0.0054979715,1,3256,16.28,16.292527675628662,0,0.890212893486023,0.1097871214151382,False
3257,16.285,0.0026136169,0.013483035,0.013445964,6.866646e-05,1,3256,16.28,16.292527675628662,0,0.890212893486023,0.1097871214151382,False
3258,16.29,0.0031055599,0.010702708,0.012877284,-0.0003606688,1,3256,16.28,16.292527675628662,0,0.890212893486023,0.1097871214151382,False
3259,16.295,0.008375618,0.010689755,0.013545623,0.0099660475,1,3256,16.28,16.292527675628662,0,0.890212893486023,0.1097871214151382,False
3260,16.3,0.015820442,0.013373414,0.013339968,0.026166486,1,3260,16.3,16.307626485824585,0,0.8905361890792847,0.1094637811183929,False
3261,16.305,0.019869994,0.015347978,0.01013827,0.037888415,1,3260,16.3,16.307626485824585,0,0.8905361890792847,0.1094637811183929,False
3262,16.31,0.01732976,0.014188582,0.0055662147,0.038093697,1,3260,16.3,16.307626485824585,0,0.8905361890792847,0.1094637811183929,False
3263,16.315,0.010671777,0.0110771125,0.004270336,0.027825225,1,3260,16.3,16.307626485824585,0,0.8905361890792847,0.1094637811183929,False
3264,16.32,0.006258499,0.009681268,0.009529827,0.014244622,1,3264,16.32,16.33576798439026,0,0.8900511860847473,0.1099488511681556,False
3265,16.325,0.009047177,0.012608171,0.019530898,0.0048356247,1,3264,16.32,16.33576798439026,0,0.8900511860847473,0.1099488511681556,False
3266,16.33,0.018146584,0.018400706,0.027574524,0.002464353,1,3264,16.32,16.33576798439026,0,0.8900511860847473,0.1099488511681556,False
3267,16.335,0.026638718,0.02146456,0.025934944,0.0041763117,1,3264,16.32,16.33576798439026,0,0.8900511860847473,0.1099488511681556,False
3268,16.34,0.025771383,0.015381559,0.010641885,0.0038032057,1,3268,16.34,16.35257601737976,0,0.889619767665863,0.1103802546858787,False
3269,16.345,0.010775217,-0.002205137,-0.015566646,-0.0035385462,1,3268,16.34,16.35257601737976,0,0.889619767665863,0.1103802546858787,False
3270,16.35,-0.015302197,-0.026485085,-0.043618735,-0.017792298,1,3268,16.34,16.35257601737976,0,0.889619767665863,0.1103802546858787,False
3271,16.355,-0.04232569,-0.047052853,-0.0619663,-0.0335032,1,3268,16.34,16.35257601737976,0,0.889619767665863,0.1103802546858787,False
3272,16.36,-0.058530055,-0.054094274,-0.06259288,-0.043156896,1,3272,16.36,16.37653684616089,0,0.8868222832679749,0.1131777763366699,False
3273,16.365,-0.05771564,-0.045198318,-0.04604552,-0.042253967,1,3272,16.36,16.37653684616089,0,0.8868222832679749,0.1131777763366699,False
3274,16.37,-0.04311415,-0.027249977,-0.0216245,-0.032282077,1,3272,16.36,16.37653684616089,0,0.8868222832679749,0.1131777763366699,False
3275,16.375,-0.024408095,-0.011039585,-0.0012441817,-0.018915528,1,3272,16.36,16.37653684616089,0,0.8868222832679749,0.1131777763366699,False
3276,16.38,-0.009776227,-0.0024660819,0.009363664,-0.0067947707,1,3276,16.38,16.39439582824707,0,0.8902707099914551,0.1097292974591255,False
3277,16.385,0.00021020877,0.0019660364,0.014798593,0.0042290594,1,3276,16.38,16.39439582824707,0,0.8902707099914551,0.1097292974591255,False
3278,16.39,0.0110327,0.010751429,0.024867652,0.0174148,1,3276,16.38,16.39439582824707,0,0.8902707099914551,0.1097292974591255,False
3279,16.395,0.026444742,0.027699718,0.043824725,0.03341683,1,3276,16.38,16.39439582824707,0,0.8902707099914551,0.1097292974591255,False
3280,16.4,0.042480253,0.046254482,0.06394564,0.046651587,1,3280,16.4,16.407400369644165,0,0.8910717368125916,0.1089282631874084,False
3281,16.405,0.0499022,0.054011345,0.070521705,0.048513934,1,3280,16.4,16.407400369644165,0,0.8910717368125916,0.1089282631874084,False
3282,16.41,0.043166418,0.04392781,0.054713603,0.0353327,1,3280,16.4,16.407400369644165,0,0.8910717368125916,0.1089282631874084,False
3283,16.415,0.026901321,0.021712746,0.022492846,0.013376337,1,3280,16.4,16.407400369644165,0,0.8910717368125916,0.1089282631874084,False
3284,16.42,0.012893095,0.0018917511,-0.009129418,-0.0047954083,1,3284,16.42,16.435797214508057,0,0.8885141611099243,0.111485831439495,False
3285,16.425,0.00984935,-0.0043712654,-0.025564343,-0.010137823,1,3284,16.42,16.435797214508057,0,0.8885141611099243,0.111485831439495,False
3286,16.43,0.015454966,0.0013276115,-0.025716046,-0.004315107,1,3284,16.42,16.435797214508057,0,0.8885141611099243,0.111485831439495,False
3287,16.435,0.018192213,0.0064910734,-0.021162499,0.0022674096,1,3284,16.42,16.435797214508057,0,0.8885141611099243,0.111485831439495,False
3288,16.44,0.007232561,-0.001171861,-0.025135083,-0.00047168505,1,3288,16.44,16.45255947113037,0,0.8879473209381104,0.1120526865124702,False
3289,16.445,-0.018484345,-0.023473926,-0.041484788,-0.014487088,1,3288,16.44,16.45255947113037,0,0.8879473209381104,0.1120526865124702,False
3290,16.45,-0.049409498,-0.050623797,-0.06221936,-0.033335116,1,3288,16.44,16.45255947113037,0,0.8879473209381104,0.1120526865124702,False
3291,16.455,-0.072288595,-0.06872398,-0.07381576,-0.04807952,1,3288,16.44,16.45255947113037,0,0.8879473209381104,0.1120526865124702,False
3292,16.46,-0.07811153,-0.06866044,-0.06617535,-0.05302388,1,3292,16.46,16.456568479537964,0,0.8852455615997314,0.1147544085979461,False
3293,16.465,-0.0653171,-0.050054006,-0.038240902,-0.04693448,1,3292,16.46,16.456568479537964,0,0.8852455615997314,0.1147544085979461,False
3294,16.47,-0.038098842,-0.019545106,0.0018260725,-0.030976657,1,3292,16.46,16.456568479537964,0,0.8852455615997314,0.1147544085979461,False
3295,16.475,-0.0034962574,0.013381626,0.040864393,-0.0072584455,1,3292,16.46,16.456568479537964,0,0.8852455615997314,0.1147544085979461,False
3296,16.48,0.030233521,0.040123966,0.06699196,0.020450445,1,3296,16.48,16.492610454559326,0,0.8896827697753906,0.1103172525763511,False
3297,16.485,0.054856684,0.05542178,0.07501824,0.04591555,1,3296,16.48,16.492610454559326,0,0.8896827697753906,0.1103172525763511,False
3298,16.49,0.06477113,0.058584504,0.06810586,0.062121682,1,3296,16.48,16.492610454559326,0,0.8896827697753906,0.1103172525763511,False
3299,16.495,0.060155183,0.05306416,0.054573752,0.06500826,1,3296,16.48,16.492610454559326,0,0.8896827697753906,0.1103172525763511,False
3300,16.5,0.047463637,0.044087026,0.041972894,0.05604378,1,3300,16.5,16.51019787788391,0,0.8900086283683777,0.109991431236267,False
3301,16.505,0.03545994,0.035450824,0.032719105,0.04108071,1,3300,16.5,16.51019787788391,0,0.8900086283683777,0.109991431236267,False
3302,16.51,0.02908985,0.02762356,0.024247032,0.026232386,1,3300,16.5,16.51019787788391,0,0.8900086283683777,0.109991431236267,False
3303,16.515,0.025980571,0.018339323,0.012677534,0.014012832,1,3300,16.5,16.51019787788391,0,0.8900086283683777,0.109991431236267,False
3304,16.52,0.018560125,0.0048502027,-0.003775765,0.0025534718,1,3304,16.52,16.524683237075806,0,0.8884781002998352,0.1115218698978424,False
3305,16.525,0.00047561812,-0.0138153555,-0.02412992,-0.01171651,1,3304,16.52,16.524683237075806,0,0.8884781002998352,0.1115218698978424,False
3306,16.53,-0.027233377,-0.035406034,-0.045585252,-0.02989092,1,3304,16.52,16.524683237075806,0,0.8884781002998352,0.1115218698978424,False
3307,16.535,-0.054899536,-0.054167993,-0.06385426,-0.048018105,1,3304,16.52,16.524683237075806,0,0.8884781002998352,0.1115218698978424,False
3308,16.54,-0.0697353,-0.0627619,-0.07325262,-0.058684945,1,3308,16.54,16.54283905029297,0,0.8886864185333252,0.1113136261701583,False
3309,16.545,-0.06505891,-0.05687034,-0.06903016,-0.05653993,1,3308,16.54,16.54283905029297,0,0.8886864185333252,0.1113136261701583,False
3310,16.55,-0.04626843,-0.0398296,-0.05186088,-0.04370538,1,3308,16.54,16.54283905029297,0,0.8886864185333252,0.1113136261701583,False
3311,16.555,-0.027657624,-0.022284871,-0.029923422,-0.029681329,1,3308,16.54,16.54283905029297,0,0.8886864185333252,0.1113136261701583,False
3312,16.56,-0.021256132,-0.014919346,-0.014301825,-0.024224252,1,3312,16.56,16.578290224075317,0,0.889470636844635,0.1105294376611709,False
3313,16.565,-0.026495192,-0.019227037,-0.009949619,-0.02835454,1,3312,16.56,16.578290224075317,0,0.889470636844635,0.1105294376611709,False
3314,16.57,-0.02993304,-0.02473666,-0.010353603,-0.031656936,1,3312,16.56,16.578290224075317,0,0.889470636844635,0.1105294376611709,False
3315,16.575,-0.016128995,-0.01643266,-0.0020491385,-0.019592378,1,3312,16.56,16.578290224075317,0,0.889470636844635,0.1105294376611709,False
3316,16.58,0.018840063,0.012756793,0.023651574,0.014012975,1,3316,16.58,16.592504501342773,0,0.8897350430488586,0.1102649122476577,False
3317,16.585,0.062240805,0.05440755,0.061512504,0.059301823,1,3316,16.58,16.592504501342773,0,0.8897350430488586,0.1102649122476577,False
3318,16.59,0.09243686,0.088575944,0.09413885,0.09462126,1,3316,16.58,16.592504501342773,0,0.8897350430488586,0.1102649122476577,False
3319,16.595,0.09402995,0.097083785,0.10399835,0.10072108,1,3316,16.58,16.592504501342773,0,0.8897350430488586,0.1102649122476577,False
3320,16.6,0.069047295,0.07649031,0.08629696,0.074758776,1,3320,16.6,16.60240912437439,0,0.8904040455818176,0.1095959544181823,False
3321,16.605,0.035476428,0.040755875,0.052306887,0.033154625,1,3320,16.6,16.60240912437439,0,0.8904040455818176,0.1095959544181823,False
3322,16.61,0.013841835,0.010994066,0.020441009,0.00029324522,1,3320,16.6,16.60240912437439,0,0.8904040455818176,0.1095959544181823,False
3323,16.615,0.011856682,-0.0002224042,0.002337963,-0.008847956,1,3320,16.6,16.60240912437439,0,0.8904040455818176,0.1095959544181823,False
3324,16.62,0.019086296,0.0022720958,-0.0048979674,0.0012140094,1,3324,16.62,16.628620386123657,0,0.8798731565475464,0.1201268136501312,False
3325,16.625,0.015951643,0.0014342074,-0.01445276,0.0115324445,1,3324,16.62,16.628620386123657,0,0.8798731565475464,0.1201268136501312,False
3326,16.63,-0.010042513,-0.016939737,-0.037514172,0.004539742,1,3324,16.62,16.628620386123657,0,0.8798731565475464,0.1201268136501312,False
3327,16.635,-0.053887293,-0.051880904,-0.07312372,-0.022551492,1,3324,16.62,16.628620386123657,0,0.8798731565475464,0.1201268136501312,False
3328,16.64,-0.09663592,-0.08785418,-0.10813933,-0.05730296,1,3328,16.64,16.642637729644775,0,0.8860474228858948,0.1139525920152664,False
3329,16.645,-0.11932387,-0.10708923,-0.12662484,-0.08334059,1,3328,16.64,16.642637729644775,0,0.8860474228858948,0.1139525920152664,False
3330,16.65,-0.11509013,-0.10216902,-0.120221086,-0.09211058,1,3328,16.64,16.642637729644775,0,0.8860474228858948,0.1139525920152664,False
3331,16.655,-0.08989131,-0.07809309,-0.0910375,-0.084953494,1,3328,16.64,16.642637729644775,0,0.8860474228858948,0.1139525920152664,False
3332,16.66,-0.05342566,-0.04395185,-0.046345502,-0.06605637,1,3332,16.66,16.65270495414734,0,0.8887128829956055,0.1112871021032333,False
3333,16.665,-0.010816894,-0.0043467116,0.007798189,-0.03589446,1,3332,16.66,16.65270495414734,0,0.8887128829956055,0.1112871021032333,False
3334,16.67,0.036657974,0.04045046,0.066972665,0.0070159086,1,3332,16.66,16.65270495414734,0,0.8887128829956055,0.1112871021032333,False
3335,16.675,0.084329106,0.087116726,0.12353558,0.0583546,1,3332,16.66,16.65270495414734,0,0.8887128829956055,0.1112871021032333,False
3336,16.68,0.120429374,0.12432786,0.16374828,0.10380514,1,3336,16.68,16.6955349445343,0,0.8874397873878479,0.1125601902604103,False
3337,16.685,0.13185012,0.1370363,0.17228591,0.1247872,1,3336,16.68,16.6955349445343,0,0.8874397873878479,0.1125601902604103,False
3338,16.69,0.114181854,0.11669752,0.141564,0.11042549,1,3336,16.68,16.6955349445343,0,0.8874397873878479,0.1125601902604103,False
3339,16.695,0.07552624,0.06809539,0.07811475,0.06569897,1,3336,16.68,16.6955349445343,0,0.8874397873878479,0.1125601902604103,False
3340,16.7,0.030236455,0.007241298,0.0008973503,0.009098819,1,3340,16.7,16.7025306224823,0,0.8640390038490295,0.1359610557556152,False
3341,16.705,-0.0104354285,-0.046793927,-0.066879846,-0.037832577,1,3340,16.7,16.7025306224823,0,0.8640390038490295,0.1359610557556152,False
3342,16.71,-0.041638818,-0.079609945,-0.107154705,-0.061055195,1,3340,16.7,16.7025306224823,0,0.8640390038490295,0.1359610557556152,False
3343,16.715,-0.061548073,-0.08552846,-0.113540016,-0.05862534,1,3340,16.7,16.7025306224823,0,0.8640390038490295,0.1359610557556152,False
3344,16.72,-0.06857447,-0.068715945,-0.0931813,-0.038947944,1,3344,16.72,16.724597692489624,0,0.8745670318603516,0.1254329681396484,False
3345,16.725,-0.0636728,-0.04176638,-0.06291069,-0.015566629,1,3344,16.72,16.724597692489624,0,0.8745670318603516,0.1254329681396484,False
3346,16.73,-0.053242985,-0.02024661,-0.040036973,-0.0009963237,1,3344,16.72,16.724597692489624,0,0.8745670318603516,0.1254329681396484,False
3347,16.735,-0.04575242,-0.013833533,-0.03205854,-0.0012768054,1,3344,16.72,16.724597692489624,0,0.8745670318603516,0.1254329681396484,False
3348,16.74,-0.043443017,-0.019778019,-0.03267749,-0.013419899,1,3348,16.74,16.752789974212646,0,0.8840310573577881,0.1159688755869865,False
3349,16.745,-0.038718056,-0.025253518,-0.02826264,-0.027715392,1,3348,16.74,16.752789974212646,0,0.8840310573577881,0.1159688755869865,False
3350,16.75,-0.021432286,-0.018189784,-0.010147108,-0.034048706,1,3348,16.74,16.752789974212646,0,0.8840310573577881,0.1159688755869865,False
3351,16.755,0.009000989,0.0023112986,0.017779507,-0.027996566,1,3348,16.74,16.752789974212646,0,0.8840310573577881,0.1159688755869865,False
3352,16.76,0.039694555,0.025440361,0.042864397,-0.012377834,1,3352,16.76,16.772642612457275,0,0.8872545957565308,0.1127454340457916,False
3353,16.765,0.054169003,0.038516063,0.05499878,0.0062121786,1,3352,16.76,16.772642612457275,0,0.8872545957565308,0.1127454340457916,False
3354,16.77,0.04719163,0.037901416,0.054761015,0.022300795,1,3352,16.76,16.772642612457275,0,0.8872545957565308,0.1127454340457916,False
3355,16.775,0.029874004,0.031007556,0.051304415,0.033939864,1,3352,16.76,16.772642612457275,0,0.8872545957565308,0.1127454340457916,False
3356,16.78,0.019726217,0.028339185,0.05291972,0.04183762,1,3356,16.78,16.792433977127075,0,0.8851457834243774,0.1148542165756225,False
3357,16.785,0.025306819,0.03388631,0.0596087,0.047351204,1,3356,16.78,16.792433977127075,0,0.8851457834243774,0.1148542165756225,False
3358,16.79,0.03998407,0.042663928,0.06397625,0.05126366,1,3356,16.78,16.792433977127075,0,0.8851457834243774,0.1148542165756225,False
3359,16.795,0.049461223,0.046152327,0.058104984,0.053124335,1,3356,16.78,16.792433977127075,0,0.8851457834243774,0.1148542165756225,False
3360,16.8,0.044101566,0.038837574,0.038887218,0.05022704,1,3360,16.8,16.802745819091797,0,0.8864720463752747,0.1135279238224029,False
3361,16.805,0.023981595,0.019701045,0.0074596913,0.03709038,1,3360,16.8,16.802745819091797,0,0.8864720463752747,0.1135279238224029,False
3362,16.81,-0.005870158,-0.0104372,-0.034239285,0.007768372,1,3360,16.8,16.802745819091797,0,0.8864720463752747,0.1135279238224029,False
3363,16.815,-0.041839093,-0.050009932,-0.08370715,-0.03857442,1,3360,16.8,16.802745819091797,0,0.8864720463752747,0.1135279238224029,False
3364,16.82,-0.0811941,-0.09339887,-0.13351011,-0.092490144,1,3364,16.82,16.825970888137817,0,0.8876131176948547,0.1123868599534034,False
3365,16.825,-0.115808,-0.12730362,-0.16790701,-0.13485777,1,3364,16.82,16.825970888137817,0,0.8876131176948547,0.1123868599534034,False
3366,16.83,-0.12959164,-0.13351083,-0.16717052,-0.14521675,1,3364,16.82,16.825970888137817,0,0.8876131176948547,0.1123868599534034,False
3367,16.835,-0.10654117,-0.099537306,-0.11961326,-0.11362403,1,3364,16.82,16.825970888137817,0,0.8876131176948547,0.1123868599534034,False
3368,16.84,-0.044936083,-0.030150488,-0.033059943,-0.04822975,1,3368,16.84,16.840583324432373,0,0.8881918787956238,0.1118081361055374,False
3369,16.845,0.03534908,0.050561305,0.06435836,0.027249841,1,3368,16.84,16.840583324432373,0,0.8881918787956238,0.1118081361055374,False
3370,16.85,0.1016357,0.11091601,0.13730274,0.08564428,1,3368,16.84,16.840583324432373,0,0.8881918787956238,0.1118081361055374,False
3371,16.855,0.12863217,0.13030148,0.16275041,0.11087176,1,3368,16.84,16.840583324432373,0,0.8881918787956238,0.1118081361055374,False
3372,16.86,0.114181794,0.11101163,0.14245375,0.10533698,1,3372,16.86,16.872622966766357,0,0.8826446533203125,0.1173553615808487,False
3373,16.865,0.077599004,0.07385583,0.09901624,0.08493889,1,3372,16.86,16.872622966766357,0,0.8826446533203125,0.1173553615808487,False
3374,16.87,0.042580016,0.041156407,0.058444727,0.06550977,1,3372,16.86,16.872622966766357,0,0.8826446533203125,0.1173553615808487,False
3375,16.875,0.01987061,0.021293053,0.032798592,0.05151034,1,3372,16.86,16.872622966766357,0,0.8826446533203125,0.1173553615808487,False
3376,16.88,0.004029115,0.007210467,0.016367594,0.036100604,1,3376,16.88,16.89517855644226,0,0.8489594459533691,0.1510406136512756,False
3377,16.885,-0.015047831,-0.011521954,-0.0030222773,0.011719089,1,3376,16.88,16.89517855644226,0,0.8489594459533691,0.1510406136512756,False
3378,16.89,-0.03850298,-0.03566206,-0.029288102,-0.019346068,1,3376,16.88,16.89517855644226,0,0.8489594459533691,0.1510406136512756,False
3379,16.895,-0.05620232,-0.054898147,-0.0540584,-0.044943903,1,3376,16.88,16.89517855644226,0,0.8489594459533691,0.1510406136512756,False
3380,16.9,-0.057246182,-0.058756247,-0.06637524,-0.053960938,1,3380,16.9,16.90908432006836,0,0.8745855093002319,0.1254145056009292,False
3381,16.905,-0.04210986,-0.04815591,-0.06530638,-0.04754124,1,3380,16.9,16.90908432006836,0,0.8745855093002319,0.1254145056009292,False
3382,16.91,-0.023888558,-0.03549347,-0.061763365,-0.039139032,1,3380,16.9,16.90908432006836,0,0.8745855093002319,0.1254145056009292,False
3383,16.915,-0.017146982,-0.032888293,-0.06695214,-0.04243676,1,3380,16.9,16.90908432006836,0,0.8745855093002319,0.1254145056009292,False
3384,16.92,-0.025067547,-0.040221598,-0.07887145,-0.058092486,1,3384,16.92,16.92461109161377,0,0.8861079216003418,0.1138921156525611,False
3385,16.925,-0.03693019,-0.044763103,-0.08097625,-0.071887426,1,3384,16.92,16.92461109161377,0,0.8861079216003418,0.1138921156525611,False
3386,16.93,-0.037753627,-0.03278153,-0.055751428,-0.06643657,1,3384,16.92,16.92461109161377,0,0.8861079216003418,0.1138921156525611,False
3387,16.935,-0.02090055,-0.002330278,-0.0016331896,-0.036233608,1,3384,16.92,16.92461109161377,0,0.8861079216003418,0.1138921156525611,False
3388,16.94,0.0070853718,0.03405881,0.061907046,0.0069917054,1,3388,16.94,16.96078610420227,0,0.8868903517723083,0.1131096929311752,False
3389,16.945,0.032310117,0.058544256,0.1061967,0.042839274,1,3388,16.94,16.96078610420227,0,0.8868903517723083,0.1131096929311752,False
3390,16.95,0.044156853,0.06091117,0.11284238,0.057162173,1,3388,16.94,16.96078610420227,0,0.8868903517723083,0.1131096929311752,False
3391,16.955,0.042251494,0.045088977,0.085508496,0.05123342,1,3388,16.94,16.96078610420227,0,0.8868903517723083,0.1131096929311752,False
3392,16.96,0.035217702,0.02504698,0.04546278,0.038705025,1,3392,16.96,16.97816777229309,0,0.8833483457565308,0.1166516467928886,False
3393,16.965,0.03293102,0.014147979,0.015602484,0.0340497,1,3392,16.96,16.97816777229309,0,0.8833483457565308,0.1166516467928886,False
3394,16.97,0.038435783,0.016348265,0.005988042,0.042213257,1,3392,16.96,16.97816777229309,0,0.8833483457565308,0.1166516467928886,False
3395,16.975,0.045830224,0.02531917,0.010873665,0.056864794,1,3392,16.96,16.97816777229309,0,0.8833483457565308,0.1166516467928886,False
3396,16.98,0.045763314,0.03086983,0.016654357,0.066820644,1,3396,16.98,16.99280548095703,0,0.8777422308921814,0.1222577542066574,False
3397,16.985,0.033603255,0.026489647,0.0121079665,0.06399456,1,3396,16.98,16.99280548095703,0,0.8777422308921814,0.1222577542066574,False
3398,16.99,0.012653829,0.0120047685,-0.006667641,0.04658473,1,3396,16.98,16.99280548095703,0,0.8777422308921814,0.1222577542066574,False
3399,16.995,-0.010397917,-0.00920967,-0.037039854,0.016908927,1,3396,16.98,16.99280548095703,0,0.8777422308921814,0.1222577542066574,False
3400,17.0,-0.032362174,-0.033795647,-0.0718194,-0.021629365,1,3400,17.0,17.01040005683899,0,0.8844543099403381,0.1155456379055976,False
3401,17.005,-0.054620568,-0.058387056,-0.09979667,-0.06436737,1,3400,17.0,17.01040005683899,0,0.8844543099403381,0.1155456379055976,False
3402,17.01,-0.07694352,-0.076899596,-0.10721474,-0.1028437,1,3400,17.0,17.01040005683899,0,0.8844543099403381,0.1155456379055976,False
3403,17.015,-0.091598205,-0.08018619,-0.083515,-0.124560766,1,3400,17.0,17.01040005683899,0,0.8844543099403381,0.1155456379055976,False
3404,17.02,-0.0860535,-0.06105882,-0.029606488,-0.118110456,1,3404,17.02,17.024757862091064,0,0.8887658715248108,0.1112341061234474,False
3405,17.025,-0.053614262,-0.021343587,0.038387347,-0.081116796,1,3404,17.02,17.024757862091064,0,0.8887658715248108,0.1112341061234474,False
3406,17.03,-0.002291779,0.025913147,0.09536745,-0.024527675,1,3404,17.02,17.024757862091064,0,0.8887658715248108,0.1112341061234474,False
3407,17.035,0.04711471,0.062412243,0.12067412,0.031278446,1,3404,17.02,17.024757862091064,0,0.8887658715248108,0.1112341061234474,False
3408,17.04,0.07323749,0.07481504,0.10899794,0.06678846,1,3408,17.04,17.0446457862854,0,0.881917417049408,0.1180825382471084,False
3409,17.045,0.06737407,0.061624914,0.07093548,0.07318372,1,3408,17.04,17.0446457862854,0,0.881917417049408,0.1180825382471084,False
3410,17.05,0.03804548,0.032308884,0.024134848,0.055330962,1,3408,17.04,17.0446457862854,0,0.881917417049408,0.1180825382471084,False
3411,17.055,0.004363786,0.0005135271,-0.017009981,0.0269013,1,3408,17.04,17.0446457862854,0,0.881917417049408,0.1180825382471084,False
3412,17.06,-0.016227711,-0.023133572,-0.04598474,0.0020390633,1,3412,17.06,17.078224897384644,0,0.873826265335083,0.1261737197637558,False
3413,17.065,-0.01719928,-0.034303002,-0.0622621,-0.010658936,1,3412,17.06,17.078224897384644,0,0.873826265335083,0.1261737197637558,False
3414,17.07,-0.0037027479,-0.033722788,-0.067024715,-0.009167338,1,3412,17.06,17.078224897384644,0,0.873826265335083,0.1261737197637558,False
3415,17.075,0.014107911,-0.023873985,-0.060715146,0.0043585924,1,3412,17.06,17.078224897384644,0,0.873826265335083,0.1261737197637558,False
3416,17.08,0.02897679,-0.0068551623,-0.043674745,0.025850102,1,3416,17.08,17.094813585281372,0,0.8831712603569031,0.1168287470936775,False
3417,17.085,0.039161775,0.0148133645,-0.018550873,0.049332112,1,3416,17.08,17.094813585281372,0,0.8831712603569031,0.1168287470936775,False
3418,17.09,0.044328563,0.035476383,0.007836689,0.06565766,1,3416,17.08,17.094813585281372,0,0.8831712603569031,0.1168287470936775,False
3419,17.095,0.03993578,0.045183674,0.025343163,0.06312486,1,3416,17.08,17.094813585281372,0,0.8831712603569031,0.1168287470936775,False
3420,17.1,0.017580701,0.03339572,0.025038606,0.032416306,1,3420,17.1,17.108784914016724,0,0.8887355923652649,0.1112644001841545,False
3421,17.105,-0.02651294,-0.0028573452,0.00582485,-0.025366891,1,3420,17.1,17.108784914016724,0,0.8887355923652649,0.1112644001841545,False
3422,17.11,-0.08170628,-0.051943183,-0.021405738,-0.0931377,1,3420,17.1,17.108784914016724,0,0.8887355923652649,0.1112644001841545,False
3423,17.115,-0.12267281,-0.089151576,-0.03694774,-0.14132163,1,3420,17.1,17.108784914016724,0,0.8887355923652649,0.1112644001841545,False
3424,17.12,-0.122855954,-0.08930978,-0.023383792,-0.14202671,1,3424,17.12,17.129615306854248,0,0.8861678242683411,0.1138321533799171,False
3425,17.125,-0.07328752,-0.04374679,0.021610351,-0.08670566,1,3424,17.12,17.129615306854248,0,0.8861678242683411,0.1138321533799171,False
3426,17.13,0.008325388,0.030921314,0.080422685,0.0051748306,1,3424,17.12,17.129615306854248,0,0.8861678242683411,0.1138321533799171,False
3427,17.135,0.0866641,0.10040595,0.12394483,0.09452035,1,3424,17.12,17.129615306854248,0,0.8861678242683411,0.1138321533799171,False
3428,17.14,0.12967582,0.13269335,0.1287555,0.14390288,1,3428,17.14,17.145652532577515,0,0.8809022903442383,0.1190976947546005,False
3429,17.145,0.12569454,0.11631031,0.09121065,0.1375747,1,3428,17.14,17.145652532577515,0,0.8809022903442383,0.1190976947546005,False
3430,17.15,0.08568806,0.06432118,0.028511899,0.08709696,1,3428,17.14,17.145652532577515,0,0.8809022903442383,0.1190976947546005,False
3431,17.155,0.0323228,0.0029810783,-0.033337012,0.02073184,1,3428,17.14,17.145652532577515,0,0.8809022903442383,0.1190976947546005,False
3432,17.16,-0.013727133,-0.044823635,-0.0752248,-0.033866376,1,3432,17.16,17.177608251571655,0,0.8547854423522949,0.1452145129442215,False
3433,17.165,-0.04156739,-0.06960223,-0.093278505,-0.061895195,1,3432,17.16,17.177608251571655,0,0.8547854423522949,0.1452145129442215,False
3434,17.17,-0.05082194,-0.074677534,-0.095850825,-0.06369696,1,3432,17.16,17.177608251571655,0,0.8547854423522949,0.1452145129442215,False
3435,17.175,-0.04873247,-0.069473185,-0.09399548,-0.050133392,1,3432,17.16,17.177608251571655,0,0.8547854423522949,0.1452145129442215,False
3436,17.18,-0.045892496,-0.063175134,-0.09355424,-0.03606048,1,3436,17.18,17.194197177886963,0,0.8818168044090271,0.1181831657886505,False
3437,17.185,-0.050652076,-0.061273027,-0.09318779,-0.03391742,1,3436,17.18,17.194197177886963,0,0.8818168044090271,0.1181831657886505,False
3438,17.19,-0.063367814,-0.06374635,-0.08690188,-0.047529988,1,3436,17.18,17.194197177886963,0,0.8818168044090271,0.1181831657886505,False
3439,17.195,-0.07441579,-0.064222835,-0.06753044,-0.06822029,1,3436,17.18,17.194197177886963,0,0.8818168044090271,0.1181831657886505,False
3440,17.2,-0.0690937,-0.05187491,-0.029677141,-0.07732361,1,3440,17.2,17.202568292617798,0,0.8881676197052002,0.1118324100971221,False
3441,17.205,-0.03730202,-0.017388016,0.027272183,-0.05636468,1,3440,17.2,17.202568292617798,0,0.8881676197052002,0.1118324100971221,False
3442,17.21,0.018632896,0.039475035,0.09618816,0.00029054887,1,3440,17.2,17.202568292617798,0,0.8881676197052002,0.1118324100971221,False
3443,17.215,0.08350449,0.10607684,0.16149572,0.07898469,1,3440,17.2,17.202568292617798,0,0.8881676197052002,0.1118324100971221,False
3444,17.22,0.13602632,0.16055413,0.20304497,0.15160728,1,3444,17.22,17.224744081497192,0,0.8809349536895752,0.1190650910139083,False
3445,17.225,0.1581028,0.18151738,0.20409478,0.18906215,1,3444,17.22,17.224744081497192,0,0.8809349536895752,0.1190650910139083,False
3446,17.23,0.14156434,0.15829514,0.15961719,0.1752959,1,3444,17.22,17.224744081497192,0,0.8809349536895752,0.1190650910139083,False
3447,17.235,0.09029937,0.09607326,0.080101594,0.11430478,1,3444,17.22,17.224744081497192,0,0.8809349536895752,0.1190650910139083,False
3448,17.24,0.018423436,0.013587433,-0.011799888,0.027365958,1,3448,17.24,17.25249671936035,0,0.8654835224151611,0.134516492486,False
3449,17.245,-0.05412745,-0.06488698,-0.09047637,-0.056959137,1,3448,17.24,17.25249671936035,0,0.8654835224151611,0.134516492486,False
3450,17.25,-0.107592106,-0.11903182,-0.13776971,-0.11459629,1,3448,17.24,17.25249671936035,0,0.8654835224151611,0.134516492486,False
3451,17.255,-0.12887144,-0.13920604,-0.14923172,-0.13427642,1,3448,17.24,17.25249671936035,0,0.8654835224151611,0.134516492486,False
3452,17.26,-0.11636854,-0.12796758,-0.13322581,-0.11961385,1,3452,17.26,17.266905784606934,0,0.8180807828903198,0.1819191724061966,False
3453,17.265,-0.08043955,-0.09659328,-0.10403781,-0.08517303,1,3452,17.26,17.266905784606934,0,0.8180807828903198,0.1819191724061966,False
3454,17.27,-0.038248613,-0.05898202,-0.07365199,-0.048936047,1,3452,17.26,17.266905784606934,0,0.8180807828903198,0.1819191724061966,False
3455,17.275,-0.0053065415,-0.026125807,-0.04728632,-0.024481919,1,3452,17.26,17.266905784606934,0,0.8180807828903198,0.1819191724061966,False
3456,17.28,0.011284961,-0.0034186146,-0.024613263,-0.01601313,1,3456,17.28,17.29245400428772,0,0.8744291663169861,0.1255708187818527,False
3457,17.285,0.013831562,0.008954029,-0.004108509,-0.018175684,1,3456,17.28,17.29245400428772,0,0.8744291663169861,0.1255708187818527,False
3458,17.29,0.009720491,0.014060386,0.014035829,-0.020425776,1,3456,17.28,17.29245400428772,0,0.8744291663169861,0.1255708187818527,False
3459,17.295,0.006186592,0.016421849,0.028674051,-0.013355471,1,3456,17.28,17.29245400428772,0,0.8744291663169861,0.1255708187818527,False
3460,17.3,0.008092429,0.020787887,0.040149156,0.006505565,1,3460,17.3,17.31272053718567,0,0.8836497068405151,0.1163502931594848,False
3461,17.305,0.018391887,0.030727778,0.050795566,0.03559492,1,3460,17.3,17.31272053718567,0,0.8836497068405151,0.1163502931594848,False
3462,17.31,0.037930816,0.04669545,0.06249437,0.065683596,1,3460,17.3,17.31272053718567,0,0.8836497068405151,0.1163502931594848,False
3463,17.315,0.06302441,0.06468812,0.07387909,0.08773569,1,3460,17.3,17.31272053718567,0,0.8836497068405151,0.1163502931594848,False
3464,17.32,0.083641335,0.07714519,0.08024546,0.09518794,1,3464,17.32,17.327538013458252,0,0.8893425464630127,0.1106574386358261,False
3465,17.325,0.08647496,0.07639032,0.076402776,0.08564464,1,3464,17.32,17.327538013458252,0,0.8893425464630127,0.1106574386358261,False
3466,17.33,0.06316714,0.058905024,0.060087595,0.0611398,1,3464,17.32,17.327538013458252,0,0.8893425464630127,0.1106574386358261,False
3467,17.335,0.01801986,0.027811855,0.03353973,0.02746783,1,3464,17.32,17.327538013458252,0,0.8893425464630127,0.1106574386358261,False
3468,17.34,-0.032058854,-0.008205268,0.002515658,-0.0073631774,1,3468,17.34,17.34259796142578,0,0.8653191328048706,0.1346808969974517,False
3469,17.345,-0.06717964,-0.03918921,-0.02646326,-0.035699993,1,3468,17.34,17.34259796142578,0,0.8653191328048706,0.1346808969974517,False
3470,17.35,-0.07712028,-0.058818296,-0.048995774,-0.05311954,1,3468,17.34,17.34259796142578,0,0.8653191328048706,0.1346808969974517,False
3471,17.355,-0.0670003,-0.06667168,-0.06405223,-0.05986079,1,3468,17.34,17.34259796142578,0,0.8653191328048706,0.1346808969974517,False
3472,17.36,-0.051414184,-0.06648693,-0.07283147,-0.059586085,1,3472,17.36,17.369553804397583,0,0.8846669793128967,0.1153329610824585,False
3473,17.365,-0.042249396,-0.06221277,-0.0763237,-0.056328747,1,3472,17.36,17.369553804397583,0,0.8846669793128967,0.1153329610824585,False
3474,17.37,-0.040423874,-0.05513591,-0.07371429,-0.051914535,1,3472,17.36,17.369553804397583,0,0.8846669793128967,0.1153329610824585,False
3475,17.375,-0.037483186,-0.043824133,-0.062816024,-0.045335118,1,3472,17.36,17.369553804397583,0,0.8846669793128967,0.1153329610824585,False
3476,17.38,-0.024091506,-0.026024343,-0.04186864,-0.03372175,1,3476,17.38,17.38474130630493,0,0.8886837959289551,0.1113162115216255,False
3477,17.385,0.0024678218,-0.0006789536,-0.011218755,-0.0139397485,1,3476,17.38,17.38474130630493,0,0.8886837959289551,0.1113162115216255,False
3478,17.39,0.036977597,0.030845387,0.025972778,0.015445768,1,3476,17.38,17.38474130630493,0,0.8886837959289551,0.1113162115216255,False
3479,17.395,0.07004258,0.064118885,0.06380706,0.051740844,1,3476,17.38,17.38474130630493,0,0.8886837959289551,0.1113162115216255,False
3480,17.4,0.09225343,0.09135172,0.09393783,0.086122744,1,3480,17.4,17.40275263786316,0,0.889115571975708,0.1108844056725502,False
3481,17.405,0.09586287,0.102032,0.10622183,0.104246214,1,3480,17.4,17.40275263786316,0,0.889115571975708,0.1108844056725502,False
3482,17.41,0.07537282,0.0859187,0.09115261,0.09147917,1,3480,17.4,17.40275263786316,0,0.889115571975708,0.1108844056725502,False
3483,17.415,0.030254116,0.039198745,0.0454092,0.04219227,1,3480,17.4,17.40275263786316,0,0.889115571975708,0.1108844056725502,False
3484,17.42,-0.030186452,-0.028548459,-0.0213864,-0.03181629,1,3484,17.42,17.422680854797363,0,0.882194995880127,0.1178050264716148,False
3485,17.425,-0.08511156,-0.092861995,-0.085034624,-0.10149103,1,3484,17.42,17.422680854797363,0,0.882194995880127,0.1178050264716148,False
3486,17.43,-0.1097021,-0.124066055,-0.11621391,-0.13372731,1,3484,17.42,17.422680854797363,0,0.882194995880127,0.1178050264716148,False
3487,17.435,-0.090569615,-0.10545008,-0.09848781,-0.11200325,1,3484,17.42,17.422680854797363,0,0.882194995880127,0.1178050264716148,False
3488,17.44,-0.03767451,-0.047017336,-0.041890632,-0.04948044,1,3488,17.44,17.442397356033325,0,0.8715149760246277,0.1284850388765335,False
3489,17.445,0.019617736,0.018666388,0.02127642,0.01816334,1,3488,17.44,17.442397356033325,0,0.8715149760246277,0.1284850388765335,False
3490,17.45,0.052229542,0.058269132,0.05807455,0.057256505,1,3488,17.44,17.442397356033325,0,0.8715149760246277,0.1284850388765335,False
3491,17.455,0.05127212,0.060238402,0.05726608,0.058931146,0,3488,17.44,17.442397356033325,0,0.8715149760246277,0.1284850388765335,True
3492,17.46,0.030812176,0.039079875,0.0336699,0.041134246,0,3492,17.46,17.472517013549805,0,0.8853541016578674,0.1146458536386489,True
3493,17.465,0.011839222,0.018765155,0.011893386,0.029088954,0,3492,17.46,17.472517013549805,0,0.8853541016578674,0.1146458536386489,True
3494,17.47,0.0036363371,0.011802908,0.005461357,0.03292666,0,3492,17.46,17.472517013549805,0,0.8853541016578674,0.1146458536386489,True
3495,17.475,0.00011648871,0.012972141,0.009897173,0.04252364,0,3492,17.46,17.472517013549805,0,0.8853541016578674,0.1146458536386489,True
3496,17.48,-0.0076922504,0.010697389,0.013014174,0.041817293,0,3496,17.48,17.494863271713257,0,0.8849572539329529,0.1150427535176277,True
3497,17.485,-0.018211324,0.0019127883,0.009291465,0.026495244,0,3496,17.48,17.494863271713257,0,0.8849572539329529,0.1150427535176277,True
3498,17.49,-0.019607434,-0.004941516,0.0039286967,0.0077569243,0,3496,17.48,17.494863271713257,0,0.8849572539329529,0.1150427535176277,True
3499,17.495,-0.0030172195,-0.00031856247,0.00479363,3.2154174e-05,0,3496,17.48,17.494863271713257,0,0.8849572539329529,0.1150427535176277,True
3500,17.5,0.025447834,0.014412449,0.012260209,0.0057327226,0,3500,17.5,17.507591247558594,0,0.8874644041061401,0.1125356703996658,True
3501,17.505,0.04631488,0.025443632,0.017070584,0.011512327,0,3500,17.5,17.507591247558594,0,0.8874644041061401,0.1125356703996658,True
3502,17.51,0.041093927,0.017039986,0.0076263864,-0.00081925525,0,3500,17.5,17.507591247558594,0,0.8874644041061401,0.1125356703996658,True
3503,17.515,0.007351463,-0.014752283,-0.019702084,-0.038015354,0,3500,17.5,17.507591247558594,0,0.8874644041061401,0.1125356703996658,True
3504,17.52,-0.03744536,-0.056132454,-0.05509856,-0.086804956,0,3504,17.52,17.528377056121826,0,0.8900601863861084,0.1099398136138916,True
3505,17.525,-0.06633307,-0.08240353,-0.078967124,-0.12006249,0,3504,17.52,17.528377056121826,0,0.8900601863861084,0.1099398136138916,True
3506,17.53,-0.060646728,-0.07401748,-0.07366051,-0.11431869,0,3504,17.52,17.528377056121826,0,0.8900601863861084,0.1099398136138916,True
3507,17.535,-0.023483371,-0.03147903,-0.036732156,-0.06690189,0,3504,17.52,17.528377056121826,0,0.8900601863861084,0.1099398136138916,True
3508,17.54,0.020751527,0.022020731,0.013858399,-6.8235226e-05,0,3508,17.54,17.542611598968506,0,0.888404905796051,0.1115950793027877,True
3509,17.545,0.04191573,0.054337967,0.048912752,0.05243351,0,3508,17.54,17.542611598968506,0,0.888404905796051,0.1115950793027877,True
3510,17.55,0.025359202,0.04663923,0.04776868,0.0680712,0,3508,17.54,17.542611598968506,0,0.888404905796051,0.1115950793027877,True
3511,17.555,-0.0162729,0.008148322,0.014805588,0.051015638,0,3508,17.54,17.542611598968506,0,0.888404905796051,0.1115950793027877,True
3512,17.56,-0.050461844,-0.028980985,-0.021415902,0.028066568,0,3512,17.56,17.561196088790894,0,0.8864998817443848,0.1135000884532928,True
3513,17.565,-0.04740121,-0.032464564,-0.028103141,0.027347911,0,3512,17.56,17.561196088790894,0,0.8864998817443848,0.1135000884532928,True
3514,17.57,-0.0017932364,0.0060241744,0.0067484886,0.05583116,0,3512,17.56,17.561196088790894,0,0.8864998817443848,0.1135000884532928,True
3515,17.575,0.062109303,0.063672714,0.06370105,0.09306952,0,3512,17.56,17.561196088790894,0,0.8864998817443848,0.1135000884532928,True
3516,17.58,0.106015526,0.101951875,0.10460554,0.10610434,0,3516,17.58,17.59491753578186,0,0.8890495896339417,0.1109504327178001,True
3517,17.585,0.10257546,0.09330827,0.099501185,0.07421553,0,3516,17.58,17.59491753578186,0,0.8890495896339417,0.1109504327178001,True
3518,17.59,0.05230827,0.039502975,0.047286067,0.0048051816,0,3516,17.58,17.59491753578186,0,0.8890495896339417,0.1109504327178001,True
3519,17.595,-0.018566238,-0.031231161,-0.025059484,-0.07117614,0,3516,17.58,17.59491753578186,0,0.8890495896339417,0.1109504327178001,True
3520,17.6,-0.07627202,-0.0846219,-0.08263202,-0.12001302,0,3520,17.6,17.608829498291016,0,0.8583285212516785,0.1416714191436767,True
3521,17.605,-0.09953416,-0.10193462,-0.10524305,-0.12606555,0,3520,17.6,17.608829498291016,0,0.8583285212516785,0.1416714191436767,True
3522,17.61,-0.08801235,-0.087206416,-0.09558248,-0.09784986,0,3520,17.6,17.608829498291016,0,0.8583285212516785,0.1416714191436767,True
3523,17.615,-0.056224942,-0.057761643,-0.06974304,-0.05724989,0,3520,17.6,17.608829498291016,0,0.8583285212516785,0.1416714191436767,True
3524,17.62,-0.021054773,-0.028830433,-0.04147928,-0.022600781,0,3524,17.62,17.622698545455933,0,0.8844886422157288,0.1155113205313682,True
3525,17.625,0.006879512,-0.00526588,-0.01427247,0.0009752863,0,3524,17.62,17.622698545455933,0,0.8844886422157288,0.1155113205313682,True
3526,17.63,0.024306731,0.015592324,0.014505687,0.018832628,0,3524,17.62,17.622698545455933,0,0.8844886422157288,0.1155113205313682,True
3527,17.635,0.03249543,0.036185425,0.04470681,0.03722002,0,3524,17.62,17.622698545455933,0,0.8844886422157288,0.1155113205313682,True
3528,17.64,0.035202682,0.054730613,0.06991715,0.05642964,0,3528,17.64,17.643980026245117,0,0.8859955072402954,0.1140044778585434,True
3529,17.645,0.03768022,0.06737207,0.08214704,0.07145107,0,3528,17.64,17.643980026245117,0,0.8859955072402954,0.1140044778585434,True
3530,17.65,0.04408267,0.07188485,0.07853211,0.077050105,0,3528,17.64,17.643980026245117,0,0.8859955072402954,0.1140044778585434,True
3531,17.655,0.053082325,0.067832895,0.0625169,0.0710534,0,3528,17.64,17.643980026245117,0,0.8859955072402954,0.1140044778585434,True
3532,17.66,0.056015667,0.053827744,0.038992286,0.053532124,0,3532,17.66,17.67688822746277,0,0.8834713101387024,0.116528645157814,True
3533,17.665,0.04190543,0.027173702,0.010012308,0.025285857,0,3532,17.66,17.67688822746277,0,0.8834713101387024,0.116528645157814,True
3534,17.67,0.0074901725,-0.011386588,-0.023293769,-0.010528134,0,3532,17.66,17.67688822746277,0,0.8834713101387024,0.116528645157814,True
3535,17.675,-0.036193617,-0.052419763,-0.055178933,-0.045244128,0,3532,17.66,17.67688822746277,0,0.8834713101387024,0.116528645157814,True
3536,17.68,-0.06841318,-0.079775274,-0.07434503,-0.065979525,0,3536,17.68,17.69244694709778,0,0.8717800974845886,0.1282199323177337,True
3537,17.685,-0.073117316,-0.08129888,-0.071553834,-0.06391807,0,3536,17.68,17.69244694709778,0,0.8717800974845886,0.1282199323177337,True
3538,17.69,-0.05187029,-0.059722126,-0.049400374,-0.043435697,0,3536,17.68,17.69244694709778,0,0.8717800974845886,0.1282199323177337,True
3539,17.695,-0.023532048,-0.03248649,-0.023325458,-0.021977158,0,3536,17.68,17.69244694709778,0,0.8717800974845886,0.1282199323177337,True
3540,17.7,-0.009568424,-0.018523283,-0.010483083,-0.01769703,0,3540,17.7,17.708287715911865,0,0.8887648582458496,0.1112351566553115,True
3541,17.705,-0.016785897,-0.022784302,-0.015542689,-0.034119807,0,3540,17.7,17.708287715911865,0,0.8887648582458496,0.1112351566553115,True
3542,17.71,-0.03217239,-0.032360215,-0.026562411,-0.05560957,0,3540,17.7,17.708287715911865,0,0.8887648582458496,0.1112351566553115,True
3543,17.715,-0.03417887,-0.02769548,-0.025019264,-0.05862259,0,3540,17.7,17.708287715911865,0,0.8887648582458496,0.1112351566553115,True
3544,17.72,-0.010665357,0.0010729387,-0.0011245314,-0.029803175,0,3544,17.72,17.7283935546875,0,0.8894116878509521,0.110588327050209,True
3545,17.725,0.031283937,0.046225414,0.038474444,0.023621062,0,3544,17.72,17.7283935546875,0,0.8894116878509521,0.110588327050209,True
3546,17.73,0.07063169,0.08800724,0.075696975,0.07844195,0,3544,17.72,17.7283935546875,0,0.8894116878509521,0.110588327050209,True
3547,17.735,0.08708477,0.10734312,0.09298176,0.110150814,0,3544,17.72,17.7283935546875,0,0.8894116878509521,0.110588327050209,True
3548,17.74,0.07336172,0.095747344,0.08261333,0.106516294,0,3548,17.74,17.742611408233643,0,0.8909910917282104,0.1090089455246925,True
3549,17.745,0.037339143,0.057465475,0.04855536,0.0721057,0,3548,17.74,17.742611408233643,0,0.8909910917282104,0.1090089455246925,True
3550,17.75,-0.004610095,0.0057451744,0.0027088353,0.023501491,0,3548,17.74,17.742611408233643,0,0.8909910917282104,0.1090089455246925,True
3551,17.755,-0.036384564,-0.04254043,-0.04003675,-0.019753743,0,3548,17.74,17.742611408233643,0,0.8909910917282104,0.1090089455246925,True
3552,17.76,-0.047893897,-0.07195977,-0.0659219,-0.04328393,0,3552,17.76,17.76095485687256,0,0.8430221080780029,0.156977891921997,True
3553,17.765,-0.037318338,-0.073589675,-0.06631985,-0.042593624,0,3552,17.76,17.76095485687256,0,0.8430221080780029,0.156977891921997,True
3554,17.77,-0.011429907,-0.04939295,-0.041831885,-0.023915494,0,3552,17.76,17.76095485687256,0,0.8430221080780029,0.156977891921997,True
3555,17.775,0.016269136,-0.012701705,-0.0038864375,-0.0010348009,0,3552,17.76,17.76095485687256,0,0.8430221080780029,0.156977891921997,True
3556,17.78,0.031118676,0.017913042,0.02946878,0.011560126,0,3556,17.78,17.79330611228943,0,0.8868563771247864,0.113143540918827,True
3557,17.785,0.025360433,0.029125072,0.043006845,0.0065407054,0,3556,17.78,17.79330611228943,0,0.8868563771247864,0.113143540918827,True
3558,17.79,0.0032633857,0.020423047,0.033042915,-0.012269745,0,3556,17.78,17.79330611228943,0,0.8868563771247864,0.113143540918827,True
3559,17.795,-0.021720191,0.0026308426,0.008721463,-0.03310751,0,3556,17.78,17.79330611228943,0,0.8868563771247864,0.113143540918827,True
3560,17.8,-0.036418624,-0.011285422,-0.015136346,-0.04456103,0,3560,17.8,17.807225942611694,0,0.8878035545349121,0.1121964827179908,True
3561,17.805,-0.036453135,-0.015217638,-0.02780857,-0.042517245,0,3560,17.8,17.807225942611694,0,0.8878035545349121,0.1121964827179908,True
3562,17.81,-0.027078543,-0.011918703,-0.027992921,-0.03087585,0,3560,17.8,17.807225942611694,0,0.8878035545349121,0.1121964827179908,True
3563,17.815,-0.016841976,-0.008266781,-0.022238193,-0.016912311,0,3560,17.8,17.807225942611694,0,0.8878035545349121,0.1121964827179908,True
3564,17.82,-0.010543052,-0.009259577,-0.019123567,-0.00607315,0,3564,17.82,17.822672843933105,0,0.8901907801628113,0.1098091527819633,True
3565,17.825,-0.0071596787,-0.015186704,-0.023264004,0.00021407651,0,3564,17.82,17.822672843933105,0,0.8901907801628113,0.1098091527819633,True
3566,17.83,-0.0028643506,-0.022295216,-0.032070614,0.0037614484,0,3564,17.82,17.822672843933105,0,0.8901907801628113,0.1098091527819633,True
3567,17.835,0.0048314366,-0.025060562,-0.036826883,0.0077862977,0,3564,17.82,17.822672843933105,0,0.8901907801628113,0.1098091527819633,True
3568,17.84,0.015295402,-0.018698141,-0.027939927,0.015295608,0,3568,17.84,17.84480381011963,0,0.8901750445365906,0.1098249554634094,True
3569,17.845,0.0258295,-0.001343881,-0.0015384897,0.027881209,0,3568,17.84,17.84480381011963,0,0.8901750445365906,0.1098249554634094,True
3570,17.85,0.033870168,0.024744933,0.037090752,0.044886563,0,3568,17.84,17.84480381011963,0,0.8901750445365906,0.1098249554634094,True
3571,17.855,0.038442403,0.05348803,0.075742796,0.063021034,0,3568,17.84,17.84480381011963,0,0.8901750445365906,0.1098249554634094,True
3572,17.86,0.03983777,0.07644293,0.101207525,0.07646084,0,3572,17.86,17.87714123725891,0,0.8898411393165588,0.1101588308811187,True
3573,17.865,0.03772881,0.08471912,0.10443059,0.07768408,0,3572,17.86,17.87714123725891,0,0.8898411393165588,0.1101588308811187,True
3574,17.87,0.029490877,0.07146232,0.08261174,0.05976722,0,3572,17.86,17.87714123725891,0,0.8898411393165588,0.1101588308811187,True
3575,17.875,0.011308153,0.035462037,0.039502263,0.02045313,0,3572,17.86,17.87714123725891,0,0.8898411393165588,0.1101588308811187,True
3576,17.88,-0.017267555,-0.015337445,-0.014510598,-0.033766232,0,3576,17.88,17.886375665664673,0,0.8792169690132141,0.12078308314085,True
3577,17.885,-0.048865214,-0.06416753,-0.06384567,-0.08730821,0,3576,17.88,17.886375665664673,0,0.8792169690132141,0.12078308314085,True
3578,17.89,-0.069608614,-0.092472166,-0.09315516,-0.12145151,0,3576,17.88,17.886375665664673,0,0.8792169690132141,0.12078308314085,True
3579,17.895,-0.0677062,-0.0908279,-0.0954135,-0.124189906,0,3576,17.88,17.886375665664673,0,0.8792169690132141,0.12078308314085,True
3580,17.9,-0.04307832,-0.06542736,-0.07645559,-0.0971023,0,3580,17.9,17.90186357498169,0,0.8847616910934448,0.1152382642030716,True
3581,17.905,-0.008882342,-0.033542436,-0.050674934,-0.053584892,0,3580,17.9,17.90186357498169,0,0.8847616910934448,0.1152382642030716,True
3582,17.91,0.017589446,-0.010663537,-0.030274607,-0.009757024,0,3580,17.9,17.90186357498169,0,0.8847616910934448,0.1152382642030716,True
3583,17.915,0.02699486,-0.00014500455,-0.017262358,0.0244241,0,3580,17.9,17.90186357498169,0,0.8847616910934448,0.1152382642030716,True
3584,17.92,0.022511374,0.0058219237,-0.0052692033,0.04722805,0,3584,17.92,17.922858238220215,0,0.8857276439666748,0.1142723485827446,True
3585,17.925,0.01409297,0.015973592,0.011361976,0.06086579,0,3584,17.92,17.922858238220215,0,0.8857276439666748,0.1142723485827446,True
3586,17.93,0.009393698,0.031160409,0.030827105,0.066925436,0,3584,17.92,17.922858238220215,0,0.8857276439666748,0.1142723485827446,True
3587,17.935,0.009827574,0.044992983,0.045892138,0.06598669,0,3584,17.92,17.922858238220215,0,0.8857276439666748,0.1142723485827446,True
3588,17.94,0.013086381,0.05140203,0.05141609,0.059751075,0,3588,17.94,17.942596197128296,0,0.8897554278373718,0.1102445647120475,True
3589,17.945,0.016793605,0.049877197,0.048659265,0.051067933,0,3588,17.94,17.942596197128296,0,0.8897554278373718,0.1102445647120475,True
3590,17.95,0.018904539,0.043182157,0.04219719,0.04075697,0,3588,17.94,17.942596197128296,0,0.8897554278373718,0.1102445647120475,True
3591,17.955,0.016217973,0.031637046,0.03395622,0.025344243,0,3588,17.94,17.942596197128296,0,0.8897554278373718,0.1102445647120475,True
3592,17.96,0.0051425626,0.011845371,0.021701774,-4.4653643e-05,0,3592,17.96,17.97791051864624,0,0.8790652751922607,0.120934672653675,True
3593,17.965,-0.01438138,-0.017807642,0.003541905,-0.03499576,0,3592,17.96,17.97791051864624,0,0.8790652751922607,0.120934672653675,True
3594,17.97,-0.035742816,-0.050850786,-0.0172119,-0.06986739,0,3592,17.96,17.97791051864624,0,0.8790652751922607,0.120934672653675,True
3595,17.975,-0.04776923,-0.073461436,-0.032914992,-0.089850925,0,3592,17.96,17.97791051864624,0,0.8790652751922607,0.120934672653675,True
3596,17.98,-0.041850112,-0.07337486,-0.037714873,-0.08501264,0,3596,17.98,17.987105131149292,0,0.8746175169944763,0.1253824979066848,True
3597,17.985,-0.018561713,-0.04950175,-0.032415338,-0.057899557,0,3596,17.98,17.987105131149292,0,0.8746175169944763,0.1253824979066848,True
3598,17.99,0.012085354,-0.013216013,-0.022807483,-0.021572309,0,3596,17.98,17.987105131149292,0,0.8746175169944763,0.1253824979066848,True
3599,17.995,0.03724427,0.020102208,-0.013406971,0.010410915,0,3596,17.98,17.987105131149292,0,0.8746175169944763,0.1253824979066848,True
3600,18.0,0.049047988,0.04133969,-0.0036982296,0.03273374,0,3600,18.0,18.010584831237793,0,0.8880094885826111,0.1119905039668083,True
3601,18.005,0.04741112,0.050608736,0.00890028,0.047935117,0,3600,18.0,18.010584831237793,0,0.8880094885826111,0.1119905039668083,True
3602,18.01,0.036982108,0.052009128,0.023095584,0.058841288,0,3600,18.0,18.010584831237793,0,0.8880094885826111,0.1119905039668083,True
3603,18.015,0.022768654,0.04767838,0.03243993,0.063327365,0,3600,18.0,18.010584831237793,0,0.8880094885826111,0.1119905039668083,True
3604,18.02,0.008563332,0.0376657,0.03114253,0.057465456,0,3604,18.02,18.02571392059326,0,0.890341579914093,0.1096584200859069,True
3605,18.025,-0.0025453323,0.02366613,0.0206164,0.042362932,0,3604,18.02,18.02571392059326,0,0.890341579914093,0.1096584200859069,True
3606,18.03,-0.009007684,0.009550243,0.008483915,0.024838796,0,3604,18.02,18.02571392059326,0,0.890341579914093,0.1096584200859069,True
3607,18.035,-0.013440676,-0.0034569383,-3.7677193e-05,0.009512396,0,3604,18.02,18.02571392059326,0,0.890341579914093,0.1096584200859069,True
3608,18.04,-0.022876386,-0.020396879,-0.008847289,-0.008340184,0,3608,18.04,18.040547132492065,0,0.8862963318824768,0.1137036308646202,True
3609,18.045,-0.04309548,-0.047742035,-0.026798468,-0.03842408,0,3608,18.04,18.040547132492065,0,0.8862963318824768,0.1137036308646202,True
3610,18.05,-0.07030854,-0.08266865,-0.055317126,-0.08140379,0,3608,18.04,18.040547132492065,0,0.8862963318824768,0.1137036308646202,True
3611,18.055,-0.089021064,-0.10835169,-0.080990165,-0.12014381,0,3608,18.04,18.040547132492065,0,0.8862963318824768,0.1137036308646202,True
3612,18.06,-0.08138994,-0.10376622,-0.083243996,-0.12861502,0,3612,18.06,18.075451850891117,0,0.8816859722137451,0.118314079940319,True
3613,18.065,-0.04225494,-0.061784092,-0.05214623,-0.09323649,0,3612,18.06,18.075451850891117,0,0.8816859722137451,0.118314079940319,True
3614,18.07,0.01360783,0.0013072985,0.00035453835,-0.026937073,0,3612,18.06,18.075451850891117,0,0.8816859722137451,0.118314079940319,True
3615,18.075,0.06027762,0.055675678,0.047698114,0.038665157,0,3612,18.06,18.075451850891117,0,0.8816859722137451,0.118314079940319,True
3616,18.08,0.0793067,0.07992269,0.069053344,0.07695807,0,3616,18.08,18.083797931671143,0,0.8872044682502747,0.1127955317497253,True
3617,18.085,0.072269745,0.07589043,0.06460744,0.0847238,0,3616,18.08,18.083797931671143,0,0.8872044682502747,0.1127955317497253,True
3618,18.09,0.05661282,0.063537724,0.052436013,0.07959295,0,3616,18.08,18.083797931671143,0,0.8872044682502747,0.1127955317497253,True
3619,18.095,0.049354408,0.061568428,0.05071865,0.08082515,0,3616,18.08,18.083797931671143,0,0.8872044682502747,0.1127955317497253,True
3620,18.1,0.0533492,0.07153483,0.061663702,0.0917444,0,3620,18.1,18.102659463882446,0,0.8857834935188293,0.114216461777687,True
3621,18.105,0.056962214,0.07819934,0.07051359,0.09822313,0,3620,18.1,18.102659463882446,0,0.8857834935188293,0.114216461777687,True
3622,18.11,0.04549586,0.06378832,0.059019767,0.08215535,0,3620,18.1,18.102659463882446,0,0.8857834935188293,0.114216461777687,True
3623,18.115,0.013804788,0.023145499,0.021190206,0.037206743,0,3620,18.1,18.102659463882446,0,0.8857834935188293,0.114216461777687,True
3624,18.12,-0.029457128,-0.031774636,-0.03125783,-0.025405187,0,3624,18.12,18.129591464996334,0,0.8815951347351074,0.1184048056602478,True
3625,18.125,-0.06785383,-0.08006065,-0.07705977,-0.084116384,0,3624,18.12,18.129591464996334,0,0.8815951347351074,0.1184048056602478,True
3626,18.13,-0.08791139,-0.10537952,-0.099812664,-0.12058454,0,3624,18.12,18.129591464996334,0,0.8815951347351074,0.1184048056602478,True
3627,18.135,-0.08645291,-0.104651764,-0.097126104,-0.12925549,0,3624,18.12,18.129591464996334,0,0.8815951347351074,0.1184048056602478,True
3628,18.14,-0.06971017,-0.08624608,-0.07824097,-0.11656252,0,3628,18.14,18.142789363861084,0,0.8862903714179993,0.1137096360325813,True
3629,18.145,-0.04630102,-0.06079719,-0.053979676,-0.09209708,0,3628,18.14,18.142789363861084,0,0.8862903714179993,0.1137096360325813,True
3630,18.15,-0.02117437,-0.033527676,-0.028965743,-0.060553107,0,3628,18.14,18.142789363861084,0,0.8862903714179993,0.1137096360325813,True
3631,18.155,0.0041443957,-0.0044527664,-0.0024715594,-0.021610508,0,3628,18.14,18.142789363861084,0,0.8862903714179993,0.1137096360325813,True
3632,18.16,0.026876673,0.025570128,0.025053453,0.023413394,0,3632,18.16,18.17764616012573,0,0.8856608867645264,0.1143390536308288,True
3633,18.165,0.040802985,0.050697975,0.048011698,0.06615614,0,3632,18.16,18.17764616012573,0,0.8856608867645264,0.1143390536308288,True
3634,18.17,0.04057028,0.062911294,0.058782145,0.09368001,0,3632,18.16,18.17764616012573,0,0.8856608867645264,0.1143390536308288,True
3635,18.175,0.028569523,0.05907949,0.05458985,0.097470984,0,3632,18.16,18.17764616012573,0,0.8856608867645264,0.1143390536308288,True
3636,18.18,0.016259212,0.045001876,0.041035164,0.08084934,0,3636,18.18,18.19636583328247,0,0.8878433108329773,0.1121567636728286,True
3637,18.185,0.016295878,0.031838663,0.028523697,0.057333574,0,3636,18.18,18.19636583328247,0,0.8878433108329773,0.1121567636728286,True
3638,18.19,0.030956551,0.027214738,0.024178201,0.040077608,0,3636,18.18,18.19636583328247,0,0.8878433108329773,0.1121567636728286,True
3639,18.195,0.047268234,0.028212199,0.025624357,0.030731255,0,3636,18.18,18.19636583328247,0,0.8878433108329773,0.1121567636728286,True
3640,18.2,0.044831816,0.022640448,0.021942135,0.01780647,0,3640,18.2,18.202404499053955,0,0.8801136612892151,0.1198863089084625,True
3641,18.205,0.011744016,-0.0011385954,0.00209531,-0.012593473,0,3640,18.2,18.202404499053955,0,0.8801136612892151,0.1198863089084625,True
3642,18.21,-0.043711267,-0.042727396,-0.03467874,-0.06178497,0,3640,18.2,18.202404499053955,0,0.8801136612892151,0.1198863089084625,True
3643,18.215,-0.095606305,-0.08598381,-0.07467991,-0.11233718,0,3640,18.2,18.202404499053955,0,0.8801136612892151,0.1198863089084625,True
3644,18.22,-0.1160501,-0.10737786,-0.09638946,-0.1372905,0,3644,18.22,18.226810932159424,0,0.8778977394104004,0.1221022829413414,True
3645,18.225,-0.09237484,-0.09113403,-0.08429803,-0.118299484,0,3644,18.22,18.226810932159424,0,0.8778977394104004,0.1221022829413414,True
3646,18.23,-0.03346306,-0.039910574,-0.039754085,-0.058455896,0,3644,18.22,18.226810932159424,0,0.8778977394104004,0.1221022829413414,True
3647,18.235,0.037667796,0.026814323,0.019564614,0.019743398,0,3644,18.22,18.226810932159424,0,0.8778977394104004,0.1221022829413414,True
3648,18.24,0.097164825,0.08441291,0.07062872,0.08824272,0,3648,18.24,18.242681980133057,0,0.8774921298027039,0.1225078627467155,True
3649,18.245,0.12933135,0.11526553,0.09734007,0.12752955,0,3648,18.24,18.242681980133057,0,0.8774921298027039,0.1225078627467155,True
3650,18.25,0.12804258,0.1137789,0.09571783,0.13206193,0,3648,18.24,18.242681980133057,0,0.8774921298027039,0.1225078627467155,True
3651,18.255,0.09501619,0.08451661,0.07142191,0.10734177,0,3648,18.24,18.242681980133057,0,0.8774921298027039,0.1225078627467155,True
3652,18.26,0.03957688,0.038431652,0.034821708,0.06462804,0,3652,18.26,18.26156783103943,0,0.8844392895698547,0.1155606806278228,True
3653,18.265,-0.021455647,-0.010133127,-0.0026147221,0.017122034,0,3652,18.26,18.26156783103943,0,0.8844392895698547,0.1155606806278228,True
3654,18.27,-0.06847628,-0.047165755,-0.031148063,-0.023244103,0,3652,18.26,18.26156783103943,0,0.8844392895698547,0.1155606806278228,True
3655,18.275,-0.08863152,-0.06441694,-0.0459459,-0.049723152,0,3652,18.26,18.26156783103943,0,0.8844392895698547,0.1155606806278228,True
3656,18.28,-0.08332794,-0.063432164,-0.048883364,-0.06328846,0,3656,18.28,18.292792320251465,0,0.8555079698562622,0.1444920599460601,True
3657,18.285,-0.066377066,-0.053891454,-0.04644945,-0.0704935,0,3656,18.28,18.292792320251465,0,0.8555079698562622,0.1444920599460601,True
3658,18.29,-0.05325932,-0.046410747,-0.044628825,-0.077160455,0,3656,18.28,18.292792320251465,0,0.8555079698562622,0.1444920599460601,True
3659,18.295,-0.05012754,-0.04530587,-0.04495977,-0.08302544,0,3656,18.28,18.292792320251465,0,0.8555079698562622,0.1444920599460601,True
3660,18.3,-0.051226277,-0.046985503,-0.04485407,-0.08217221,0,3660,18.3,18.31163096427917,0,0.888189971446991,0.1118100434541702,True
3661,18.305,-0.045614343,-0.044386767,-0.040930875,-0.06866747,0,3660,18.3,18.31163096427917,0,0.888189971446991,0.1118100434541702,True
3662,18.31,-0.026363626,-0.03269889,-0.031515595,-0.04185322,0,3660,18.3,18.31163096427917,0,0.888189971446991,0.1118100434541702,True
3663,18.315,0.005241238,-0.011571055,-0.016250165,-0.006458218,0,3660,18.3,18.31163096427917,0,0.888189971446991,0.1118100434541702,True
3664,18.32,0.042122945,0.016513638,0.0054172305,0.03169787,0,3664,18.32,18.32254838943481,0,0.8872814178466797,0.1127185821533203,True
3665,18.325,0.07627442,0.048197653,0.033732552,0.06909882,0,3664,18.32,18.32254838943481,0,0.8872814178466797,0.1127185821533203,True
3666,18.33,0.10143993,0.0788895,0.06570072,0.10315296,0,3664,18.32,18.32254838943481,0,0.8872814178466797,0.1127185821533203,True
3667,18.335,0.1129126,0.10141058,0.092980295,0.12805316,0,3664,18.32,18.32254838943481,0,0.8872814178466797,0.1127185821533203,True
3668,18.34,0.1069967,0.10704598,0.10417306,0.13375513,0,3668,18.34,18.34447741508484,0,0.8905361890792847,0.1094638109207153,True
3669,18.345,0.08218251,0.09002103,0.091241956,0.11133731,0,3668,18.34,18.34447741508484,0,0.8905361890792847,0.1094638109207153,True
3670,18.35,0.041361734,0.052332908,0.055575818,0.061279718,0,3668,18.34,18.34447741508484,0,0.8905361890792847,0.1094638109207153,True
3671,18.355,-0.0072312173,0.0046017673,0.0087614115,-0.0028516725,0,3668,18.34,18.34447741508484,0,0.8905361890792847,0.1094638109207153,True
3672,18.36,-0.051916827,-0.038512744,-0.033127915,-0.059871778,0,3672,18.36,18.37891221046448,0,0.8235419392585754,0.1764580607414245,True
3673,18.365,-0.081807025,-0.065513454,-0.058109198,-0.09252554,0,3672,18.36,18.37891221046448,0,0.8235419392585754,0.1764580607414245,True
3674,18.37,-0.09117047,-0.07308881,-0.06395091,-0.09662875,0,3672,18.36,18.37891221046448,0,0.8235419392585754,0.1764580607414245,True
3675,18.375,-0.08149866,-0.06595985,-0.057296712,-0.0811894,0,3672,18.36,18.37891221046448,0,0.8235419392585754,0.1764580607414245,True
3676,18.38,-0.06027352,-0.05251818,-0.047588725,-0.060431212,0,3676,18.38,18.39481544494629,0,0.8844970464706421,0.1155029982328414,True
3677,18.385,-0.037356608,-0.039930433,-0.040827997,-0.044733968,0,3676,18.38,18.39481544494629,0,0.8844970464706421,0.1155029982328414,True
3678,18.39,-0.020792918,-0.031638574,-0.03741433,-0.03674179,0,3676,18.38,18.39481544494629,0,0.8844970464706421,0.1155029982328414,True
3679,18.395,-0.013529826,-0.027360808,-0.03416564,-0.03315194,0,3676,18.38,18.39481544494629,0,0.8844970464706421,0.1155029982328414,True
3680,18.4,-0.012300176,-0.02417598,-0.027610602,-0.02854624,0,3680,18.4,18.40286874771118,0,0.8873531222343445,0.1126469001173973,True
3681,18.405,-0.009834441,-0.018119007,-0.016206684,-0.018375464,0,3680,18.4,18.40286874771118,0,0.8873531222343445,0.1126469001173973,True
3682,18.41,-5.8618545e-05,-0.006457379,-0.0010516654,-0.00078871864,0,3680,18.4,18.40286874771118,0,0.8873531222343445,0.1126469001173973,True
3683,18.415,0.017080115,0.01036547,0.014869474,0.022561155,0,3680,18.4,18.40286874771118,0,0.8873531222343445,0.1126469001173973,True
3684,18.42,0.035562083,0.029104792,0.02892178,0.047480486,0,3684,18.42,18.428416967391968,0,0.8894180059432983,0.1105820462107658,True
3685,18.425,0.048595995,0.046418846,0.04107084,0.06973467,0,3684,18.42,18.428416967391968,0,0.8894180059432983,0.1105820462107658,True
3686,18.43,0.0542474,0.060871817,0.05331825,0.08667431,0,3684,18.42,18.428416967391968,0,0.8894180059432983,0.1105820462107658,True
3687,18.435,0.05564139,0.07167615,0.06576444,0.09608301,0,3684,18.42,18.428416967391968,0,0.8894180059432983,0.1105820462107658,True
3688,18.44,0.05575479,0.075849175,0.0732808,0.094012216,0,3688,18.44,18.44881558418274,0,0.8880507349967957,0.1119492873549461,True
3689,18.445,0.052740645,0.06806978,0.067519136,0.07544526,0,3688,18.44,18.44881558418274,0,0.8880507349967957,0.1119492873549461,True
3690,18.45,0.04103725,0.044697866,0.04367179,0.038671892,0,3688,18.44,18.44881558418274,0,0.8880507349967957,0.1119492873549461,True
3691,18.455,0.017217219,0.008376604,0.0058259745,-0.010568747,0,3688,18.44,18.44881558418274,0,0.8880507349967957,0.1119492873549461,True
3692,18.46,-0.015258256,-0.031551648,-0.034326177,-0.059881963,0,3692,18.46,18.45281791687012,1,0.068766139447689,0.9312338829040528,False
3693,18.465,-0.04687519,-0.06367788,-0.06431463,-0.09622239,0,3692,18.46,18.45281791687012,1,0.068766139447689,0.9312338829040528,False
3694,18.47,-0.06773374,-0.08055485,-0.07749757,-0.11253408,0,3692,18.46,18.45281791687012,1,0.068766139447689,0.9312338829040528,False
3695,18.475,-0.07342238,-0.081699714,-0.074946605,-0.110001385,0,3692,18.46,18.45281791687012,1,0.068766139447689,0.9312338829040528,False
3696,18.48,-0.066797435,-0.07203427,-0.06265078,-0.09480703,0,3696,18.48,18.49387788772583,0,0.8863705992698669,0.1136293560266494,True
3697,18.485,-0.05477259,-0.057632297,-0.04708248,-0.07265514,0,3696,18.48,18.49387788772583,0,0.8863705992698669,0.1136293560266494,True
3698,18.49,-0.04284393,-0.042002767,-0.032020517,-0.045529403,0,3696,18.48,18.49387788772583,0,0.8863705992698669,0.1136293560266494,True
3699,18.495,-0.031491548,-0.02509686,-0.017813794,-0.012758316,0,3696,18.48,18.49387788772583,0,0.8863705992698669,0.1136293560266494,True
3700,18.5,-0.016984286,-0.005050849,-0.0027526817,0.025191724,0,3700,18.5,18.502751111984253,0,0.8885424137115479,0.1114576086401939,True
3701,18.505,0.0043314635,0.01902441,0.014636782,0.063766,0,3700,18.5,18.502751111984253,0,0.8885424137115479,0.1114576086401939,True
3702,18.51,0.031833258,0.045209143,0.033846922,0.09485394,0,3700,18.5,18.502751111984253,0,0.8885424137115479,0.1114576086401939,True
3703,18.515,0.05983434,0.06896492,0.052259397,0.110615425,0,3700,18.5,18.502751111984253,0,0.8885424137115479,0.1114576086401939,True
3704,18.52,0.08063162,0.08505527,0.066572115,0.107910104,0,3704,18.52,18.522931337356567,0,0.889680027961731,0.1103200167417526,True
3705,18.525,0.08880288,0.08991164,0.074507356,0.09017246,0,3704,18.52,18.522931337356567,0,0.889680027961731,0.1103200167417526,True
3706,18.53,0.0834919,0.08294591,0.075265445,0.0652567,0,3704,18.52,18.522931337356567,0,0.889680027961731,0.1103200167417526,True
3707,18.535,0.0673209,0.06592362,0.068287775,0.040349472,0,3704,18.52,18.522931337356567,0,0.889680027961731,0.1103200167417526,True
3708,18.54,0.043256626,0.04082068,0.051622454,0.017048525,0,3708,18.54,18.54459309577942,0,0.8821791410446167,0.1178208217024803,True
3709,18.545,0.01227328,0.008063309,0.022144962,-0.009795844,0,3708,18.54,18.54459309577942,0,0.8821791410446167,0.1178208217024803,True
3710,18.55,-0.025915684,-0.032598037,-0.021115458,-0.047500603,0,3708,18.54,18.54459309577942,0,0.8821791410446167,0.1178208217024803,True
3711,18.555,-0.06924707,-0.07834524,-0.0722399,-0.09711208,0,3708,18.54,18.54459309577942,0,0.8821791410446167,0.1178208217024803,True
3712,18.56,-0.109930165,-0.11991565,-0.116787635,-0.14721712,0,3712,18.56,18.577881574630737,0,0.8647437691688538,0.1352562457323074,True
3713,18.565,-0.1352415,-0.14314197,-0.13708186,-0.17655128,0,3712,18.56,18.577881574630737,0,0.8647437691688538,0.1352562457323074,True
3714,18.57,-0.13345028,-0.13632262,-0.12275212,-0.16596918,0,3712,18.56,18.577881574630737,0,0.8647437691688538,0.1352562457323074,True
3715,18.575,-0.10098025,-0.098279804,-0.07873678,-0.11171571,0,3712,18.56,18.577881574630737,0,0.8647437691688538,0.1352562457323074,True
3716,18.58,-0.045094986,-0.040052842,-0.023113811,-0.029223703,0,3716,18.58,18.593233108520508,1,0.1257822960615158,0.8742177486419678,False
3717,18.585,0.019874498,0.021545941,0.024634283,0.055972822,0,3716,18.58,18.593233108520508,1,0.1257822960615158,0.8742177486419678,False
3718,18.59,0.07911673,0.072929524,0.055426367,0.12259096,0,3716,18.58,18.593233108520508,1,0.1257822960615158,0.8742177486419678,False
3719,18.595,0.12161735,0.10807141,0.072803386,0.16183078,0,3716,18.58,18.593233108520508,1,0.1257822960615158,0.8742177486419678,False
3720,18.6,0.14072625,0.12629557,0.08489648,0.17493768,0,3720,18.6,18.60270619392395,0,0.8823079466819763,0.1176920905709266,True
3721,18.605,0.13355727,0.12766664,0.09442057,0.16537042,0,3720,18.6,18.60270619392395,0,0.8823079466819763,0.1176920905709266,True
3722,18.61,0.10157237,0.11105029,0.095571324,0.1341371,0,3720,18.6,18.60270619392395,0,0.8823079466819763,0.1176920905709266,True
3723,18.615,0.051754653,0.0763001,0.07977754,0.0819559,0,3720,18.6,18.60270619392395,0,0.8823079466819763,0.1176920905709266,True
3724,18.62,-0.0037972403,0.02812094,0.044874076,0.014785033,0,3724,18.62,18.62718915939331,1,0.1128494814038276,0.8871505260467529,False
3725,18.625,-0.050962448,-0.022360496,-0.00010322372,-0.05372696,0,3724,18.62,18.62718915939331,1,0.1128494814038276,0.8871505260467529,False
3726,18.63,-0.07863721,-0.06103943,-0.038903117,-0.106520414,0,3724,18.62,18.62718915939331,1,0.1128494814038276,0.8871505260467529,False
3727,18.635,-0.08360936,-0.07835325,-0.05855872,-0.13187473,0,3724,18.62,18.62718915939331,1,0.1128494814038276,0.8871505260467529,False
3728,18.64,-0.07230801,-0.07573103,-0.058544293,-0.13002001,0,3728,18.64,18.644752264022827,0,0.8584147095680237,0.1415853202342987,True
3729,18.645,-0.057135526,-0.06503606,-0.05089158,-0.11202836,0,3728,18.64,18.644752264022827,0,0.8584147095680237,0.1415853202342987,True
3730,18.65,-0.04850657,-0.060009364,-0.050482616,-0.09149083,0,3728,18.64,18.644752264022827,0,0.8584147095680237,0.1415853202342987,True
3731,18.655,-0.047890577,-0.06578743,-0.06302239,-0.07541228,0,3728,18.64,18.644752264022827,0,0.8584147095680237,0.1415853202342987,True
3732,18.66,-0.04740631,-0.074787766,-0.08020921,-0.060986094,0,3732,18.66,18.66044592857361,1,0.1157105043530464,0.8842895030975342,False
3733,18.665,-0.036392946,-0.07211681,-0.08545554,-0.039586738,0,3732,18.66,18.66044592857361,1,0.1157105043530464,0.8842895030975342,False
3734,18.67,-0.009648974,-0.046181433,-0.06523945,-0.004056462,0,3732,18.66,18.66044592857361,1,0.1157105043530464,0.8842895030975342,False
3735,18.675,0.028623564,0.0029109055,-0.018071165,0.04543199,0,3732,18.66,18.66044592857361,1,0.1157105043530464,0.8842895030975342,False
3736,18.68,0.06693385,0.06200548,0.043813486,0.09934145,0,3736,18.68,18.69270086288452,0,0.8852798938751221,0.1147200912237167,True
3737,18.685,0.09238129,0.11089798,0.10001365,0.14128602,0,3736,18.68,18.69270086288452,0,0.8852798938751221,0.1147200912237167,True
3738,18.69,0.09697307,0.1324735,0.13160612,0.15506661,0,3736,18.68,18.69270086288452,0,0.8852798938751221,0.1147200912237167,True
3739,18.695,0.081552885,0.12167134,0.13023043,0.13388346,0,3736,18.68,18.69270086288452,0,0.8852798938751221,0.1147200912237167,True
3740,18.7,0.055105593,0.087794244,0.1017534,0.08600529,0,3740,18.7,18.709558963775635,1,0.1602337956428527,0.839766263961792,False
3741,18.705,0.029171128,0.04816053,0.06198109,0.031430095,0,3740,18.7,18.709558963775635,1,0.1602337956428527,0.839766263961792,False
3742,18.71,0.010785841,0.01724481,0.026879294,-0.009692316,0,3740,18.7,18.709558963775635,1,0.1602337956428527,0.839766263961792,False
3743,18.715,-0.000785749,-0.00094408006,0.0037990133,-0.028904906,0,3740,18.7,18.709558963775635,1,0.1602337956428527,0.839766263961792,False
3744,18.72,-0.011419393,-0.012462205,-0.010715296,-0.032944225,0,3744,18.72,18.72459316253662,0,0.8684200048446655,0.131579965353012,True
3745,18.725,-0.026819132,-0.026952667,-0.026134606,-0.037120458,0,3744,18.72,18.72459316253662,0,0.8684200048446655,0.131579965353012,True
3746,18.73,-0.049177162,-0.050784055,-0.0504007,-0.054258052,0,3744,18.72,18.72459316253662,0,0.8684200048446655,0.131579965353012,True
3747,18.735,-0.076852344,-0.08360828,-0.08447248,-0.08655176,0,3744,18.72,18.72459316253662,0,0.8684200048446655,0.131579965353012,True
3748,18.74,-0.104762785,-0.11833184,-0.1212244,-0.12404574,0,3748,18.74,18.73244047164917,0,0.8868144154548645,0.1131855547428131,True
3749,18.745,-0.12425931,-0.1430924,-0.14809088,-0.14919749,0,3748,18.74,18.73244047164917,0,0.8868144154548645,0.1131855547428131,True
3750,18.75,-0.12433583,-0.1448062,-0.15163706,-0.14495996,0,3748,18.74,18.73244047164917,0,0.8868144154548645,0.1131855547428131,True
3751,18.755,-0.096174754,-0.11439672,-0.122676335,-0.10328775,0,3748,18.74,18.73244047164917,0,0.8868144154548645,0.1131855547428131,True
3752,18.76,-0.039541382,-0.052483592,-0.061135847,-0.03063005,0,3752,18.76,18.777884006500244,1,0.1048759967088699,0.8951240181922913,False
3753,18.765,0.033634875,0.027704738,0.020968309,0.052822508,0,3752,18.76,18.777884006500244,1,0.1048759967088699,0.8951240181922913,False
3754,18.77,0.10253822,0.103726745,0.10158552,0.121296026,0,3752,18.76,18.777884006500244,1,0.1048759967088699,0.8951240181922913,False
3755,18.775,0.14729048,0.15402088,0.15765706,0.1559801,0,3752,18.76,18.777884006500244,1,0.1048759967088699,0.8951240181922913,False
3756,18.78,0.1597409,0.16951376,0.17750524,0.15486433,0,3756,18.78,18.792874097824097,0,0.8830873966217041,0.1169125512242317,True
3757,18.785,0.14743508,0.15817994,0.16750452,0.13265319,0,3756,18.78,18.792874097824097,0,0.8830873966217041,0.1169125512242317,True
3758,18.79,0.12675124,0.13761401,0.14588788,0.109488726,0,3756,18.78,18.792874097824097,0,0.8830873966217041,0.1169125512242317,True
3759,18.795,0.1094228,0.120179504,0.1268689,0.09586077,0,3756,18.78,18.792874097824097,0,0.8830873966217041,0.1169125512242317,True
3760,18.8,0.09272932,0.10250891,0.1079818,0.08502767,0,3760,18.8,18.807846546173096,1,0.0561758652329444,0.9438241720199584,False
3761,18.805,0.061451472,0.06845549,0.0722124,0.05902437,0,3760,18.8,18.807846546173096,1,0.0561758652329444,0.9438241720199584,False
3762,18.81,0.00055692956,0.0036111104,0.0040128496,0.0037648845,0,3760,18.8,18.807846546173096,1,0.0561758652329444,0.9438241720199584,False
3763,18.815,-0.090587534,-0.08998989,-0.09395846,-0.078092545,0,3760,18.8,18.807846546173096,1,0.0561758652329444,0.9438241720199584,False
3764,18.82,-0.19245388,-0.19018054,-0.19713831,-0.16550142,0,3764,18.82,18.839695692062374,1,0.0373965352773666,0.9626034498214722,False
3765,18.825,-0.2719975,-0.26442125,-0.27110943,-0.22898844,0,3764,18.82,18.839695692062374,1,0.0373965352773666,0.9626034498214722,False
3766,18.83,-0.29806253,-0.28609836,-0.28996393,-0.24521786,0,3764,18.82,18.839695692062374,1,0.0373965352773666,0.9626034498214722,False
3767,18.835,-0.25705427,-0.24719146,-0.24836905,-0.20770185,0,3764,18.82,18.839695692062374,1,0.0373965352773666,0.9626034498214722,False
3768,18.84,-0.160045,-0.16062345,-0.16120166,-0.12877351,0,3768,18.84,18.85626792907715,1,0.0707041397690773,0.9292958974838256,False
3769,18.845,-0.036967043,-0.052260846,-0.053690106,-0.0329365,0,3768,18.84,18.85626792907715,1,0.0707041397690773,0.9292958974838256,False
3770,18.85,0.07863629,0.05171075,0.05021535,0.054394227,0,3768,18.84,18.85626792907715,1,0.0707041397690773,0.9292958974838256,False
3771,18.855,0.1644137,0.13434097,0.13473323,0.11687358,0,3768,18.84,18.85626792907715,1,0.0707041397690773,0.9292958974838256,False
3772,18.86,0.2142564,0.18964893,0.19259629,0.15093483,0,3772,18.86,18.87272000312805,1,0.046847641468048,0.953152358531952,False
3773,18.865,0.23247518,0.21790147,0.22166483,0.16217591,0,3772,18.86,18.87272000312805,1,0.046847641468048,0.953152358531952,False
3774,18.87,0.22488832,0.22045814,0.2223387,0.15835018,0,3772,18.86,18.87272000312805,1,0.046847641468048,0.953152358531952,False
3775,18.875,0.1956866,0.19925213,0.19810937,0.14482807,0,3772,18.86,18.87272000312805,1,0.046847641468048,0.953152358531952,False
3776,18.88,0.15110277,0.16011117,0.1573406,0.12505871,0,3776,18.88,18.895325660705566,1,0.071909412741661,0.9280905723571776,False
3777,18.885,0.10244209,0.11409588,0.11202159,0.102877,0,3776,18.88,18.895325660705566,1,0.071909412741661,0.9280905723571776,False
3778,18.89,0.061235126,0.0723065,0.0715754,0.08148016,0,3776,18.88,18.895325660705566,1,0.071909412741661,0.9280905723571776,False
3779,18.895,0.028518135,0.036630694,0.035300843,0.058338773,0,3776,18.88,18.895325660705566,1,0.071909412741661,0.9280905723571776,False
3780,18.9,-0.010905034,-0.004945523,-0.009439013,0.021955343,0,3780,18.9,18.907623767852783,1,0.0268741808831691,0.9731258153915404,False
3781,18.905,-0.07979608,-0.07121821,-0.078790836,-0.042495586,0,3780,18.9,18.907623767852783,1,0.0268741808831691,0.9731258153915404,False
3782,18.91,-0.18799408,-0.17074396,-0.17712767,-0.13904193,0,3780,18.9,18.907623767852783,1,0.0268741808831691,0.9731258153915404,False
3783,18.915,-0.31506145,-0.28670883,-0.28547484,-0.24863969,0,3780,18.9,18.907623767852783,1,0.0268741808831691,0.9731258153915404,False
3784,18.92,-0.41203168,-0.37721735,-0.36423066,-0.33131325,0,3784,18.92,18.92280077934265,1,0.0375877544283866,0.962412178516388,False
3785,18.925,-0.4253357,-0.39489675,-0.37194866,-0.345535,0,3784,18.92,18.92280077934265,1,0.0375877544283866,0.962412178516388,False
3786,18.93,-0.3287599,-0.31490055,-0.2897601,-0.27314392,0,3784,18.92,18.92280077934265,1,0.0375877544283866,0.962412178516388,False
3787,18.935,-0.14183317,-0.15230471,-0.13503641,-0.13188043,0,3784,18.92,18.92280077934265,1,0.0375877544283866,0.962412178516388,False
3788,18.94,0.078064635,0.04369621,0.045783572,0.033695888,0,3788,18.94,18.9425745010376,1,0.0358600541949272,0.964139997959137,False
3789,18.945,0.264286,0.21478473,0.20056425,0.17568384,0,3788,18.94,18.9425745010376,1,0.0358600541949272,0.964139997959137,False
3790,18.95,0.37149236,0.32061902,0.29525357,0.26390603,0,3788,18.94,18.9425745010376,1,0.0358600541949272,0.964139997959137,False
3791,18.955,0.39089462,0.35185125,0.3239105,0.29272285,0,3788,18.94,18.9425745010376,1,0.0358600541949272,0.964139997959137,False
3792,18.96,0.34524503,0.3251738,0.30260798,0.2746342,0,3792,18.96,18.961790323257446,1,0.055080484598875,0.9449195265769958,False
3793,18.965,0.27089387,0.26825216,0.25541508,0.22957587,0,3792,18.96,18.961790323257446,1,0.055080484598875,0.9449195265769958,False
3794,18.97,0.19845462,0.20506582,0.20204595,0.17654674,0,3792,18.96,18.961790323257446,1,0.055080484598875,0.9449195265769958,False
3795,18.975,0.14067373,0.14751597,0.15146968,0.12815559,0,3792,18.96,18.961790323257446,1,0.055080484598875,0.9449195265769958,False
3796,18.98,0.09101806,0.094135426,0.101321094,0.08694447,0,3796,18.98,18.99249911308289,1,0.0246211364865303,0.9753788113594056,False
3797,18.985,0.032097757,0.03474962,0.042219955,0.044991888,0,3796,18.98,18.99249911308289,1,0.0246211364865303,0.9753788113594056,False
3798,18.99,-0.050696228,-0.040891293,-0.03415769,-0.010748068,0,3796,18.98,18.99249911308289,1,0.0246211364865303,0.9753788113594056,False
3799,18.995,-0.15756293,-0.13427563,-0.12684233,-0.08867827,0,3796,18.98,18.99249911308289,1,0.0246211364865303,0.9753788113594056,False
3800,19.0,-0.27127624,-0.23414046,-0.22274081,-0.18427269,0,3800,19.0,19.01019406318665,1,0.0249557588249444,0.9750442504882812,False
3801,19.005,-0.36450604,-0.32021508,-0.30205628,-0.2791033,0,3800,19.0,19.01019406318665,1,0.0249557588249444,0.9750442504882812,False
3802,19.01,-0.41249797,-0.37216663,-0.34807396,-0.34777844,0,3800,19.0,19.01019406318665,1,0.0249557588249444,0.9750442504882812,False
3803,19.015,-0.4025775,-0.37710923,-0.35318056,-0.36791795,0,3800,19.0,19.01019406318665,1,0.0249557588249444,0.9750442504882812,False
3804,19.02,-0.33500284,-0.3308379,-0.31659764,-0.32745227,0,3804,19.02,19.02552437782288,1,0.0477088838815689,0.9522911310195924,False
3805,19.025,-0.21748836,-0.23462789,-0.23810664,-0.22727367,0,3804,19.02,19.02552437782288,1,0.0477088838815689,0.9522911310195924,False
3806,19.03,-0.06123476,-0.09408885,-0.11682729,-0.08104272,0,3804,19.02,19.02552437782288,1,0.0477088838815689,0.9522911310195924,False
3807,19.035,0.11655825,0.07656295,0.041190613,0.08616123,0,3804,19.02,19.02552437782288,1,0.0477088838815689,0.9522911310195924,False
3808,19.04,0.28781006,0.24961072,0.21349744,0.24150771,0,3808,19.04,19.04072952270508,1,0.0345653966069221,0.9654346108436584,False
3809,19.045,0.41582248,0.38694787,0.36147603,0.35237414,0,3808,19.04,19.04072952270508,1,0.0345653966069221,0.9654346108436584,False
3810,19.05,0.46866927,0.4538415,0.44463253,0.3970988,0,3808,19.04,19.04072952270508,1,0.0345653966069221,0.9654346108436584,False
3811,19.055,0.4359527,0.4356398,0.4407927,0.37292722,0,3808,19.04,19.04072952270508,1,0.0345653966069221,0.9654346108436584,False
3812,19.06,0.3356996,0.34561515,0.35821703,0.29603723,0,3812,19.06,19.05964469909668,1,0.0787327587604522,0.9212672114372252,False
3813,19.065,0.20517825,0.21825925,0.23128861,0.19367227,0,3812,19.06,19.05964469909668,1,0.0787327587604522,0.9212672114372252,False
3814,19.07,0.08188401,0.09236101,0.10257626,0.09303986,0,3812,19.06,19.05964469909668,1,0.0787327587604522,0.9212672114372252,False
3815,19.075,-0.012960699,-0.0063875676,0.0018462194,0.011898391,0,3812,19.06,19.05964469909668,1,0.0787327587604522,0.9212672114372252,False
3816,19.08,-0.08005773,-0.07480031,-0.06660233,-0.04663827,0,3816,19.08,19.09279227256775,1,0.0231697242707014,0.976830244064331,False
3817,19.085,-0.13633084,-0.12964083,-0.1215153,-0.09383711,0,3816,19.08,19.09279227256775,1,0.0231697242707014,0.976830244064331,False
3818,19.09,-0.2019773,-0.19399184,-0.18808752,-0.14835736,0,3816,19.08,19.09279227256775,1,0.0231697242707014,0.976830244064331,False
3819,19.095,-0.28546727,-0.2785948,-0.27640566,-0.22315343,0,3816,19.08,19.09279227256775,1,0.0231697242707014,0.976830244064331,False
3820,19.1,-0.3728055,-0.36861008,-0.36865535,-0.3119159,0,3820,19.1,19.102930068969727,1,0.0324830189347267,0.9675169587135316,False
3821,19.105,-0.4284648,-0.4259025,-0.42491448,-0.38479155,0,3820,19.1,19.102930068969727,1,0.0324830189347267,0.9675169587135316,False
3822,19.11,-0.41171488,-0.4087892,-0.40555876,-0.4002329,0,3820,19.1,19.102930068969727,1,0.0324830189347267,0.9675169587135316,False
3823,19.115,-0.30171794,-0.2985959,-0.29628372,-0.32901642,0,3820,19.1,19.102930068969727,1,0.0324830189347267,0.9675169587135316,False
3824,19.12,-0.11506734,-0.11507897,-0.119009465,-0.17531165,0,3824,19.12,19.12536597251892,1,0.0357232242822647,0.9642767310142516,False
3825,19.125,0.098402396,0.0911299,0.07843886,0.021033935,0,3824,19.12,19.12536597251892,1,0.0357232242822647,0.9642767310142516,False
3826,19.13,0.28012568,0.26425672,0.24598777,0.20399134,0,3824,19.12,19.12536597251892,1,0.0357232242822647,0.9642767310142516,False
3827,19.135,0.39029005,0.36902398,0.352043,0.32914752,0,3824,19.12,19.12536597251892,1,0.0357232242822647,0.9642767310142516,False
3828,19.14,0.41995764,0.39981192,0.38976842,0.38091555,0,3828,19.14,19.15169620513916,1,0.0371508859097957,0.9628490805625916,False
3829,19.145,0.38395092,0.37189296,0.36996788,0.37040973,0,3828,19.14,19.15169620513916,1,0.0371508859097957,0.9628490805625916,False
3830,19.15,0.30551767,0.3064181,0.31009242,0.3204506,0,3828,19.14,19.15169620513916,1,0.0371508859097957,0.9628490805625916,False
3831,19.155,0.20556499,0.22085264,0.22705202,0.2507367,0,3828,19.14,19.15169620513916,1,0.0371508859097957,0.9628490805625916,False
3832,19.16,0.099902205,0.12711683,0.13446286,0.17131615,0,3832,19.16,19.154321432113647,1,0.0242285691201686,0.9757713675498962,False
3833,19.165,-0.00012149916,0.032857824,0.0415717,0.08426411,0,3832,19.16,19.154321432113647,1,0.0242285691201686,0.9757713675498962,False
3834,19.17,-0.08761443,-0.057380438,-0.046757028,-0.010476837,0,3832,19.16,19.154321432113647,1,0.0242285691201686,0.9757713675498962,False
3835,19.175,-0.15982908,-0.1402515,-0.1275611,-0.10895075,0,3832,19.16,19.154321432113647,1,0.0242285691201686,0.9757713675498962,False
3836,19.18,-0.21523926,-0.21029963,-0.19560818,-0.19995657,0,3836,19.18,19.1961612701416,1,0.0228884648531675,0.977111518383026,False
3837,19.185,-0.24959353,-0.2582239,-0.24182296,-0.2673513,0,3836,19.18,19.1961612701416,1,0.0228884648531675,0.977111518383026,False
3838,19.19,-0.25589573,-0.27439594,-0.25759494,-0.29769433,0,3836,19.18,19.1961612701416,1,0.0228884648531675,0.977111518383026,False
3839,19.195,-0.23046847,-0.2562539,-0.24220817,-0.28831416,0,3836,19.18,19.1961612701416,1,0.0228884648531675,0.977111518383026,False
3840,19.2,-0.17994048,-0.21242669,-0.20575236,-0.24875697,0,3840,19.2,19.20852470397949,1,0.0480620674788951,0.9519378542900084,False
3841,19.205,-0.12042086,-0.15753086,-0.16248582,-0.1929829,0,3840,19.2,19.20852470397949,1,0.0480620674788951,0.9519378542900084,False
3842,19.21,-0.06636779,-0.10042625,-0.11876349,-0.12820858,0,3840,19.2,19.20852470397949,1,0.0480620674788951,0.9519378542900084,False
3843,19.215,-0.018189061,-0.03690008,-0.066710815,-0.05081383,0,3840,19.2,19.20852470397949,1,0.0480620674788951,0.9519378542900084,False
3844,19.22,0.038130708,0.044444133,0.008430858,0.04570904,0,3844,19.22,19.22577118873596,1,0.0352084934711456,0.964791476726532,False
3845,19.225,0.11606709,0.14663598,0.111621,0.15738063,0,3844,19.22,19.22577118873596,1,0.0352084934711456,0.964791476726532,False
3846,19.23,0.21064377,0.25326958,0.22628857,0.26393214,0,3844,19.22,19.22577118873596,1,0.0352084934711456,0.964791476726532,False
3847,19.235,0.2946881,0.333242,0.31886458,0.3372975,0,3844,19.22,19.22577118873596,1,0.0352084934711456,0.964791476726532,False
3848,19.24,0.33383957,0.35813388,0.3567479,0.3575488,0,3848,19.24,19.25415086746216,1,0.047284822911024,0.9527152180671692,False
3849,19.245,0.30744815,0.3174123,0.3251826,0.32219464,0,3848,19.24,19.25415086746216,1,0.047284822911024,0.9527152180671692,False
3850,19.25,0.21814728,0.21979012,0.23085104,0.24157928,0,3848,19.24,19.25415086746216,1,0.047284822911024,0.9527152180671692,False
3851,19.255,0.08538593,0.08332367,0.09333105,0.12714483,0,3848,19.24,19.25415086746216,1,0.047284822911024,0.9527152180671692,False
3852,19.26,-0.06667109,-0.07320303,-0.064357884,-0.013985827,0,3852,19.26,19.272937059402462,1,0.0242369547486305,0.9757630825042723,False
3853,19.265,-0.21446112,-0.2294378,-0.21784735,-0.17217283,0,3852,19.26,19.272937059402462,1,0.0242369547486305,0.9757630825042723,False
3854,19.27,-0.33246323,-0.3578331,-0.33892417,-0.32407025,0,3852,19.26,19.272937059402462,1,0.0242369547486305,0.9757630825042723,False
3855,19.275,-0.39237756,-0.424689,-0.39742628,-0.43097055,0,3852,19.26,19.272937059402462,1,0.0242369547486305,0.9757630825042723,False
3856,19.28,-0.372017,-0.40301588,-0.37169507,-0.45290253,0,3856,19.28,19.29272747039795,1,0.0235104393213987,0.9764896035194396,False
3857,19.285,-0.27021995,-0.28993064,-0.26195624,-0.3709184,0,3856,19.28,19.29272747039795,1,0.0235104393213987,0.9764896035194396,False
3858,19.29,-0.11498952,-0.1150798,-0.09635092,-0.20240945,0,3856,19.28,19.29272747039795,1,0.0235104393213987,0.9764896035194396,False
3859,19.295,0.04499987,0.06815288,0.076539926,0.001673461,0,3856,19.28,19.29272747039795,1,0.0235104393213987,0.9764896035194396,False
3860,19.3,0.1627735,0.20527396,0.20636293,0.17754218,0,3860,19.3,19.30768895149231,1,0.0347243882715702,0.9652755856513976,False
3861,19.305,0.21538644,0.26481634,0.2619745,0.27670926,0,3860,19.3,19.30768895149231,1,0.0347243882715702,0.9652755856513976,False
3862,19.31,0.21192288,0.25072855,0.24421866,0.28687742,0,3860,19.3,19.30768895149231,1,0.0347243882715702,0.9652755856513976,False
3863,19.315,0.18297662,0.19634694,0.18331258,0.23423938,0,3860,19.3,19.30768895149231,1,0.0347243882715702,0.9652755856513976,False
3864,19.32,0.15949194,0.14333645,0.121015094,0.16534352,0,3864,19.32,19.32640314102173,1,0.0911756232380867,0.908824384212494,False
3865,19.325,0.15441483,0.11753366,0.08670619,0.11864122,0,3864,19.32,19.32640314102173,1,0.0911756232380867,0.908824384212494,False
3866,19.33,0.15753347,0.116067275,0.08182331,0.10343209,0,3864,19.32,19.32640314102173,1,0.0911756232380867,0.908824384212494,False
3867,19.335,0.14557506,0.113885134,0.08324375,0.100268684,0,3864,19.32,19.32640314102173,1,0.0911756232380867,0.908824384212494,False
3868,19.34,0.100716636,0.08514665,0.06340777,0.08187958,0,3868,19.34,19.34150528907776,1,0.0271906144917011,0.972809374332428,False
3869,19.345,0.025122527,0.023839764,0.012026692,0.037516665,0,3868,19.34,19.34150528907776,1,0.0271906144917011,0.972809374332428,False
3870,19.35,-0.059437778,-0.05235317,-0.05758672,-0.019721268,0,3868,19.34,19.34150528907776,1,0.0271906144917011,0.972809374332428,False
3871,19.355,-0.12794158,-0.118143864,-0.12203382,-0.06864146,0,3868,19.34,19.34150528907776,1,0.0271906144917011,0.972809374332428,False
3872,19.36,-0.17204942,-0.1627833,-0.16845104,-0.103555486,0,3872,19.36,19.372891664505005,1,0.0280922744423151,0.971907675266266,False
3873,19.365,-0.2054739,-0.19757235,-0.20269313,-0.14149429,0,3872,19.36,19.372891664505005,1,0.0280922744423151,0.971907675266266,False
3874,19.37,-0.2469363,-0.23968709,-0.23643476,-0.20256415,0,3872,19.36,19.372891664505005,1,0.0280922744423151,0.971907675266266,False
3875,19.375,-0.293705,-0.28561845,-0.26492888,-0.27948558,0,3872,19.36,19.372891664505005,1,0.0280922744423151,0.971907675266266,False
3876,19.38,-0.3113447,-0.30071053,-0.2587244,-0.32718647,0,3876,19.38,19.39358639717102,1,0.0579629689455032,0.942037045955658,False
3877,19.385,-0.25456905,-0.24027583,-0.18262331,-0.28930086,0,3876,19.38,19.39358639717102,1,0.0579629689455032,0.942037045955658,False
3878,19.39,-0.10616518,-0.08905007,-0.029798957,-0.14472188,0,3876,19.38,19.39358639717102,1,0.0579629689455032,0.942037045955658,False
3879,19.395,0.09874544,0.11476778,0.15892248,0.06519121,0,3876,19.38,19.39358639717102,1,0.0579629689455032,0.942037045955658,False
3880,19.4,0.2866807,0.29524028,0.3119334,0.25565374,0,3880,19.4,19.40845561027527,1,0.0356364250183105,0.9643635749816896,False
3881,19.405,0.38979232,0.38510883,0.3707921,0.3518144,0,3880,19.4,19.40845561027527,1,0.0356364250183105,0.9643635749816896,False
3882,19.41,0.3860421,0.36677283,0.327303,0.33472085,0,3880,19.4,19.40845561027527,1,0.0356364250183105,0.9643635749816896,False
3883,19.415,0.30558637,0.27646315,0.2244085,0.24513935,0,3880,19.4,19.40845561027527,1,0.0356364250183105,0.9643635749816896,False
3884,19.42,0.20214735,0.17182857,0.12193224,0.14666991,0,3884,19.42,19.42273998260498,1,0.0517094545066356,0.948290467262268,False
3885,19.425,0.115088485,0.09178891,0.056168213,0.08093635,0,3884,19.42,19.42273998260498,1,0.0517094545066356,0.948290467262268,False
3886,19.43,0.050797362,0.038856085,0.023521565,0.0480308,0,3884,19.42,19.42273998260498,1,0.0517094545066356,0.948290467262268,False
3887,19.435,-0.00782552,-0.008697336,-0.0048153503,0.019960105,0,3884,19.42,19.42273998260498,1,0.0517094545066356,0.948290467262268,False
3888,19.44,-0.07759016,-0.07105173,-0.054424763,-0.030349432,0,3888,19.44,19.442743062973022,1,0.024733830243349,0.9752662181854248,False
3889,19.445,-0.1579856,-0.14913547,-0.12832817,-0.107585445,0,3888,19.44,19.442743062973022,1,0.024733830243349,0.9752662181854248,False
3890,19.45,-0.23164065,-0.22476898,-0.20702995,-0.19146968,0,3888,19.44,19.442743062973022,1,0.024733830243349,0.9752662181854248,False
3891,19.455,-0.27724627,-0.27336493,-0.26236027,-0.24979825,0,3888,19.44,19.442743062973022,1,0.024733830243349,0.9752662181854248,False
3892,19.46,-0.28204465,-0.27759162,-0.272925,-0.25660357,0,3892,19.46,19.47031593322754,1,0.0337166786193847,0.9662833213806152,False
3893,19.465,-0.2451656,-0.23396364,-0.23255336,-0.20536035,0,3892,19.46,19.47031593322754,1,0.0337166786193847,0.9662833213806152,False
3894,19.47,-0.17307363,-0.15151834,-0.15024139,-0.11138594,0,3892,19.46,19.47031593322754,1,0.0337166786193847,0.9662833213806152,False
3895,19.475,-0.07456797,-0.046485588,-0.044717047,-0.0032774354,0,3892,19.46,19.47031593322754,1,0.0337166786193847,0.9662833213806152,False
3896,19.48,0.039406408,0.062825345,0.062495086,0.09108314,0,3896,19.48,19.487574338912964,1,0.0371923372149467,0.9628076553344728,False
3897,19.485,0.15275314,0.159133,0.15287955,0.15551735,0,3896,19.48,19.487574338912964,1,0.0371923372149467,0.9628076553344728,False
3898,19.49,0.24375312,0.22785263,0.21422014,0.18757294,0,3896,19.48,19.487574338912964,1,0.0371923372149467,0.9628076553344728,False
3899,19.495,0.29056278,0.25861037,0.24099293,0.19243315,0,3896,19.48,19.487574338912964,1,0.0371923372149467,0.9628076553344728,False
3900,19.5,0.2804501,0.24725643,0.23288557,0.17548616,0,3900,19.5,19.507691383361816,1,0.0487257614731788,0.9512742161750792,False
3901,19.505,0.21694183,0.19789073,0.19359651,0.14010635,0,3900,19.5,19.507691383361816,1,0.0487257614731788,0.9512742161750792,False
3902,19.51,0.119896755,0.12322002,0.13107876,0.09086135,0,3900,19.5,19.507691383361816,1,0.0487257614731788,0.9512742161750792,False
3903,19.515,0.017487409,0.04121693,0.057496406,0.036165804,0,3900,19.5,19.507691383361816,1,0.0487257614731788,0.9512742161750792,False
3904,19.52,-0.06610261,-0.03194615,-0.013980981,-0.014810041,0,3904,19.52,19.522736072540283,1,0.0273774359375238,0.972622573375702,False
3905,19.525,-0.12021747,-0.08884505,-0.07507174,-0.05874144,0,3904,19.52,19.522736072540283,1,0.0273774359375238,0.972622573375702,False
3906,19.53,-0.14865778,-0.13208242,-0.12584291,-0.100363925,0,3904,19.52,19.522736072540283,1,0.0273774359375238,0.972622573375702,False
3907,19.535,-0.16227917,-0.16822763,-0.17110486,-0.14591458,0,3904,19.52,19.522736072540283,1,0.0273774359375238,0.972622573375702,False
3908,19.54,-0.16969411,-0.19931214,-0.21171209,-0.19298622,0,3908,19.54,19.545064449310303,1,0.040287971496582,0.9597120881080629,False
3909,19.545,-0.17245099,-0.21885541,-0.23845388,-0.22673456,0,3908,19.54,19.545064449310303,1,0.040287971496582,0.9597120881080629,False
3910,19.55,-0.165443,-0.21472035,-0.23446225,-0.22673458,0,3908,19.54,19.545064449310303,1,0.040287971496582,0.9597120881080629,False
3911,19.555,-0.139542,-0.17555289,-0.18489553,-0.17922863,0,3908,19.54,19.545064449310303,1,0.040287971496582,0.9597120881080629,False
3912,19.56,-0.08544068,-0.09699471,-0.08746606,-0.08602907,0,3912,19.56,19.57172060012817,1,0.0482757985591888,0.9517241716384888,False
3913,19.565,-0.00010372334,0.0136942845,0.04230822,0.03449873,0,3912,19.56,19.57172060012817,1,0.0482757985591888,0.9517241716384888,False
3914,19.57,0.10596237,0.13591875,0.1740144,0.15357143,0,3912,19.56,19.57172060012817,1,0.0482757985591888,0.9517241716384888,False
3915,19.575,0.20759715,0.2401014,0.2730119,0.24228089,0,3912,19.56,19.57172060012817,1,0.0482757985591888,0.9517241716384888,False
3916,19.58,0.27496788,0.29922014,0.31485173,0.282349,0,3916,19.58,19.587770462036133,1,0.0405645407736301,0.9594354629516602,False
3917,19.585,0.2893578,0.30169195,0.29584157,0.2723423,0,3916,19.58,19.587770462036133,1,0.0405645407736301,0.9594354629516602,False
3918,19.59,0.2521031,0.25566587,0.23239292,0.22510114,0,3916,19.58,19.587770462036133,1,0.0405645407736301,0.9594354629516602,False
3919,19.595,0.17931402,0.18050964,0.14868404,0.15758196,0,3916,19.58,19.587770462036133,1,0.0405645407736301,0.9594354629516602,False
3920,19.6,0.08838649,0.092639774,0.06144332,0.08074581,0,3920,19.6,19.607879638671875,1,0.0297203697264194,0.9702796339988708,False
3921,19.605,-0.010587241,-0.0018969566,-0.02641516,-0.0025043234,0,3920,19.6,19.607879638671875,1,0.0297203697264194,0.9702796339988708,False
3922,19.61,-0.1118747,-0.1023216,-0.11867393,-0.0904961,0,3920,19.6,19.607879638671875,1,0.0297203697264194,0.9702796339988708,False
3923,19.615,-0.20538634,-0.20161064,-0.21189563,-0.1742678,0,3920,19.6,19.607879638671875,1,0.0297203697264194,0.9702796339988708,False
3924,19.62,-0.273276,-0.2804942,-0.2873391,-0.23599856,0,3924,19.62,19.628263473510746,1,0.0254107359796762,0.9745893478393556,False
3925,19.625,-0.29696295,-0.31405446,-0.3172,-0.25706986,0,3924,19.62,19.628263473510746,1,0.0254107359796762,0.9745893478393556,False
3926,19.63,-0.26925972,-0.28724232,-0.28245094,-0.2303597,0,3924,19.62,19.628263473510746,1,0.0254107359796762,0.9745893478393556,False
3927,19.635,-0.20092562,-0.20738846,-0.18923068,-0.16715482,0,3924,19.62,19.628263473510746,1,0.0254107359796762,0.9745893478393556,False
3928,19.64,-0.11489421,-0.10255119,-0.0696298,-0.09190459,0,3928,19.64,19.64263319969177,1,0.0418283715844154,0.9581716656684875,False
3929,19.645,-0.031702247,-0.005018114,0.036285058,-0.0270209,0,3928,19.64,19.64263319969177,1,0.0418283715844154,0.9581716656684875,False
3930,19.65,0.041975178,0.06789402,0.10464159,0.021003794,0,3928,19.64,19.64263319969177,1,0.0418283715844154,0.9581716656684875,False
3931,19.655,0.11153419,0.12012518,0.13911559,0.06231907,0,3928,19.64,19.64263319969177,1,0.0418283715844154,0.9581716656684875,False
3932,19.66,0.18122552,0.16548745,0.16075024,0.110115625,0,3932,19.66,19.66279983520508,1,0.0412249602377414,0.9587751030921936,False
3933,19.665,0.24266212,0.20975319,0.18598182,0.1647031,0,3932,19.66,19.66279983520508,1,0.0412249602377414,0.9587751030921936,False
3934,19.67,0.27678484,0.24268056,0.21196437,0.20974895,0,3932,19.66,19.66279983520508,1,0.0412249602377414,0.9587751030921936,False
3935,19.675,0.26752657,0.24601088,0.22021692,0.2237609,0,3932,19.66,19.66279983520508,1,0.0412249602377414,0.9587751030921936,False
3936,19.68,0.21391137,0.20843945,0.19294311,0.19590618,0,3936,19.68,19.69649720191956,1,0.1015335321426391,0.8984665274620056,False
3937,19.685,0.12984534,0.13391128,0.12702242,0.13250107,0,3936,19.68,19.69649720191956,1,0.1015335321426391,0.8984665274620056,False
3938,19.69,0.033811435,0.03814846,0.035562884,0.050561413,0,3936,19.68,19.69649720191956,1,0.1015335321426391,0.8984665274620056,False
3939,19.695,-0.06043888,-0.06061138,-0.061086085,-0.033609618,0,3936,19.68,19.69649720191956,1,0.1015335321426391,0.8984665274620056,False
3940,19.7,-0.14480183,-0.14804374,-0.14562324,-0.11068555,0,3940,19.7,19.710256814956665,1,0.0244907960295677,0.9755092859268188,False
3941,19.705,-0.21205568,-0.214429,-0.20811625,-0.17632867,0,3940,19.7,19.710256814956665,1,0.0244907960295677,0.9755092859268188,False
3942,19.71,-0.25284418,-0.25256786,-0.24383397,-0.22531071,0,3940,19.7,19.710256814956665,1,0.0244907960295677,0.9755092859268188,False
3943,19.715,-0.25780493,-0.25656277,-0.24898702,-0.24783581,0,3940,19.7,19.710256814956665,1,0.0244907960295677,0.9755092859268188,False
3944,19.72,-0.2223212,-0.22271541,-0.21926045,-0.2313444,0,3944,19.72,19.722774744033813,1,0.0685572698712349,0.9314427375793456,False
3945,19.725,-0.15021324,-0.1522254,-0.15315081,-0.16751884,0,3944,19.72,19.722774744033813,1,0.0685572698712349,0.9314427375793456,False
3946,19.73,-0.055019796,-0.05464766,-0.05785112,-0.061138783,0,3944,19.72,19.722774744033813,1,0.0685572698712349,0.9314427375793456,False
3947,19.735,0.04154336,0.050511234,0.047770202,0.065122835,0,3944,19.72,19.722774744033813,1,0.0685572698712349,0.9314427375793456,False
3948,19.74,0.11525477,0.13767514,0.13772382,0.17568374,0,3948,19.74,19.744140625,1,0.0363477505743503,0.9636521935462952,False
3949,19.745,0.14920746,0.18535824,0.19011056,0.23710807,0,3948,19.74,19.744140625,1,0.0363477505743503,0.9636521935462952,False
3950,19.75,0.14312825,0.18739583,0.1979561,0.23521875,0,3948,19.74,19.744140625,1,0.0363477505743503,0.9636521935462952,False
3951,19.755,0.11452897,0.1566435,0.17170294,0.18239447,0,3948,19.74,19.744140625,1,0.0363477505743503,0.9636521935462952,False
3952,19.76,0.088205576,0.11673201,0.13133019,0.10899353,0,3952,19.76,19.77267980575561,1,0.1085067838430404,0.8914932012557983,False
3953,19.765,0.0801551,0.08692451,0.093980476,0.044753157,0,3952,19.76,19.77267980575561,1,0.1085067838430404,0.8914932012557983,False
3954,19.77,0.08791777,0.07128976,0.06589023,0.0036822576,0,3952,19.76,19.77267980575561,1,0.1085067838430404,0.8914932012557983,False
3955,19.775,0.09479212,0.059888754,0.04301168,-0.017796619,0,3952,19.76,19.77267980575561,1,0.1085067838430404,0.8914932012557983,False
3956,19.78,0.083732285,0.03939913,0.017455997,-0.03133284,0,3956,19.78,19.794854640960693,1,0.028413500636816,0.971586525440216,False
3957,19.785,0.04902733,0.0033763994,-0.016474774,-0.046071563,0,3956,19.78,19.794854640960693,1,0.028413500636816,0.971586525440216,False
3958,19.79,-0.002702902,-0.045302127,-0.060088463,-0.06523513,0,3956,19.78,19.794854640960693,1,0.028413500636816,0.971586525440216,False
3959,19.795,-0.06016381,-0.09880707,-0.11051868,-0.08907475,0,3956,19.78,19.794854640960693,1,0.028413500636816,0.971586525440216,False
3960,19.8,-0.11476115,-0.14904909,-0.1606075,-0.11743491,0,3960,19.8,19.808621644973755,1,0.0561613030731678,0.9438387155532836,False
3961,19.805,-0.16135927,-0.1883471,-0.1985407,-0.14769459,0,3960,19.8,19.808621644973755,1,0.0561613030731678,0.9438387155532836,False
3962,19.81,-0.19405392,-0.20768388,-0.2099027,-0.17084533,0,3960,19.8,19.808621644973755,1,0.0561613030731678,0.9438387155532836,False
3963,19.815,-0.20337851,-0.19706124,-0.18342814,-0.17184201,0,3960,19.8,19.808621644973755,1,0.0561613030731678,0.9438387155532836,False
3964,19.82,-0.17910384,-0.14988132,-0.11775739,-0.13670091,0,3964,19.82,19.82836937904358,1,0.0562281496822834,0.9437718987464904,False
3965,19.825,-0.11700817,-0.068666585,-0.024456758,-0.062176406,0,3964,19.82,19.82836937904358,1,0.0562281496822834,0.9437718987464904,False
3966,19.83,-0.02447947,0.03248442,0.07526918,0.039173104,0,3964,19.82,19.82836937904358,1,0.0562281496822834,0.9437718987464904,False
3967,19.835,0.0792208,0.13118082,0.15844895,0.1425404,0,3964,19.82,19.82836937904358,1,0.0562281496822834,0.9437718987464904,False
3968,19.84,0.16872755,0.2044217,0.20842426,0.22092916,0,3968,19.84,19.843220710754395,1,0.0399808511137962,0.9600191712379456,False
3969,19.845,0.22188278,0.23688908,0.21944349,0.2557849,0,3968,19.84,19.843220710754395,1,0.0399808511137962,0.9600191712379456,False
3970,19.85,0.2283911,0.22608407,0.19667324,0.24303295,0,3968,19.84,19.843220710754395,1,0.0399808511137962,0.9600191712379456,False
3971,19.855,0.19357021,0.18216564,0.15260394,0.19275363,0,3968,19.84,19.843220710754395,1,0.0399808511137962,0.9600191712379456,False
3972,19.86,0.1348692,0.12251593,0.10144529,0.12362055,0,3972,19.86,19.8579695224762,1,0.05545674264431,0.9445433020591736,False
3973,19.865,0.07260193,0.06338438,0.05328238,0.054639503,0,3972,19.86,19.8579695224762,1,0.05545674264431,0.9445433020591736,False
3974,19.87,0.020064127,0.0128636435,0.010388025,-0.0024984204,0,3972,19.86,19.8579695224762,1,0.05545674264431,0.9445433020591736,False
3975,19.875,-0.021063007,-0.030646274,-0.031843852,-0.046905592,0,3972,19.86,19.8579695224762,1,0.05545674264431,0.9445433020591736,False
3976,19.88,-0.057528526,-0.073503576,-0.07908409,-0.08583356,0,3976,19.88,19.893757820129395,1,0.0269015897065401,0.9730983376502992,False
3977,19.885,-0.09633581,-0.119051926,-0.13097157,-0.12735707,0,3976,19.88,19.893757820129395,1,0.0269015897065401,0.9730983376502992,False
3978,19.89,-0.13754633,-0.16286376,-0.17827064,-0.172969,0,3976,19.88,19.893757820129395,1,0.0269015897065401,0.9730983376502992,False
3979,19.895,-0.17282698,-0.19435322,-0.20700179,-0.214565,0,3976,19.88,19.893757820129395,1,0.0269015897065401,0.9730983376502992,False
3980,19.9,-0.19009571,-0.2029074,-0.20652829,-0.23722617,0,3980,19.9,19.910298347473145,1,0.0909577682614326,0.909042239189148,False
3981,19.905,-0.1804601,-0.18346763,-0.17527704,-0.22593519,0,3980,19.9,19.910298347473145,1,0.0909577682614326,0.909042239189148,False
3982,19.91,-0.14266375,-0.13794777,-0.12016385,-0.1730002,0,3980,19.9,19.910298347473145,1,0.0909577682614326,0.909042239189148,False
3983,19.915,-0.08278222,-0.07304268,-0.051426373,-0.083154224,0,3980,19.9,19.910298347473145,1,0.0909577682614326,0.909042239189148,False
3984,19.92,-0.010628097,0.0024581344,0.022067973,0.026052218,0,3984,19.92,19.925883769989014,1,0.03915561363101,0.9608443975448608,False
3985,19.925,0.06373062,0.07879664,0.09359975,0.12957571,0,3984,19.92,19.925883769989014,1,0.03915561363101,0.9608443975448608,False
3986,19.93,0.13102433,0.14542165,0.15629877,0.2041765,0,3984,19.92,19.925883769989014,1,0.03915561363101,0.9608443975448608,False
3987,19.935,0.1819875,0.19197413,0.20134187,0.23712152,0,3984,19.92,19.925883769989014,1,0.03915561363101,0.9608443975448608,False
3988,19.94,0.2074447,0.21079068,0.21951938,0.22964886,0,3988,19.94,19.937777996063232,1,0.0528406016528606,0.9471594095230104,False
3989,19.945,0.20133309,0.19992062,0.20593868,0.19390643,0,3988,19.94,19.937777996063232,1,0.0528406016528606,0.9471594095230104,False
3990,19.95,0.16528457,0.16460873,0.16439335,0.14594106,0,3988,19.94,19.937777996063232,1,0.0528406016528606,0.9471594095230104,False
3991,19.955,0.11023185,0.11538981,0.10705715,0.098534666,0,3988,19.94,19.937777996063232,1,0.0528406016528606,0.9471594095230104,False
3992,19.96,0.0516243,0.06289932,0.048280474,0.056575205,0,3992,19.96,19.97080636024475,1,0.027820760384202,0.9721792340278624,False
3993,19.965,0.00054402725,0.012564497,-0.0033678145,0.016481843,0,3992,19.96,19.97080636024475,1,0.027820760384202,0.9721792340278624,False
3994,19.97,-0.04208648,-0.036498804,-0.048279468,-0.029713215,0,3992,19.96,19.97080636024475,1,0.027820760384202,0.9721792340278624,False
3995,19.975,-0.08280596,-0.0871597,-0.09160593,-0.08709461,0,3992,19.96,19.97080636024475,1,0.027820760384202,0.9721792340278624,False
3996,19.98,-0.12657894,-0.13824433,-0.13577482,-0.15152149,0,3996,19.98,19.987622261047363,1,0.02914984151721,0.9708502292633056,False
3997,19.985,-0.16934031,-0.18203707,-0.17621252,-0.20860063,0,3996,19.98,19.987622261047363,1,0.02914984151721,0.9708502292633056,False
3998,19.99,-0.19831364,-0.20704603,-0.20286192,-0.23910566,0,3996,19.98,19.987622261047363,1,0.02914984151721,0.9708502292633056,False
3999,19.995,-0.19943413,-0.2034633,-0.20509808,-0.22793129,0,3996,19.98,19.987622261047363,1,0.02914984151721,0.9708502292633056,False
4000,20.0,-0.16604732,-0.16784546,-0.17665549,-0.17203595,0,4000,20.0,20.00254774093628,1,0.0647773742675781,0.9352225661277772,False
4001,20.005,-0.10317841,-0.10526107,-0.11902865,-0.083650865,0,4000,20.0,20.00254774093628,1,0.0647773742675781,0.9352225661277772,False
4002,20.01,-0.025291506,-0.028350228,-0.042495806,0.0132654235,0,4000,20.0,20.00254774093628,1,0.0647773742675781,0.9352225661277772,False
4003,20.015,0.050623864,0.04692217,0.03666888,0.0928475,0,4000,20.0,20.00254774093628,1,0.0647773742675781,0.9352225661277772,False
4004,20.02,0.112303875,0.1075478,0.102799304,0.13918354,0,4004,20.02,20.025872707366943,1,0.0381533652544021,0.961846649646759,False
4005,20.025,0.15537722,0.14817221,0.1475557,0.15316877,0,4004,20.02,20.025872707366943,1,0.0381533652544021,0.961846649646759,False
4006,20.03,0.1809605,0.17071246,0.17161673,0.14927082,0,4004,20.02,20.025872707366943,1,0.0381533652544021,0.961846649646759,False
4007,20.035,0.19051065,0.17934684,0.18012688,0.14403634,0,4004,20.02,20.025872707366943,1,0.0381533652544021,0.961846649646759,False
4008,20.04,0.1826244,0.17538263,0.17635828,0.14444475,0,4008,20.04,20.04249739646912,1,0.1177280023694038,0.8822720050811768,False
4009,20.045,0.15403189,0.15614367,0.15915737,0.14399165,0,4008,20.04,20.04249739646912,1,0.1177280023694038,0.8822720050811768,False
4010,20.05,0.103174604,0.11792318,0.12536892,0.1281637,0,4008,20.04,20.04249739646912,1,0.1177280023694038,0.8822720050811768,False
4011,20.055,0.033481274,0.060022335,0.07396994,0.084701,0,4008,20.04,20.04249739646912,1,0.1177280023694038,0.8822720050811768,False
4012,20.06,-0.04531882,-0.012659233,0.008512494,0.012170573,0,4012,20.06,20.072943210601807,1,0.0277534313499927,0.9722466468811036,False
4013,20.065,-0.118598156,-0.089355156,-0.06284071,-0.07760827,0,4012,20.06,20.072943210601807,1,0.0277534313499927,0.9722466468811036,False
4014,20.07,-0.17141716,-0.15576781,-0.12883107,-0.16419756,0,4012,20.06,20.072943210601807,1,0.0277534313499927,0.9722466468811036,False
4015,20.075,-0.19488345,-0.1987317,-0.17764816,-0.22732228,0,4012,20.06,20.072943210601807,1,0.0277534313499927,0.9722466468811036,False
4016,20.08,-0.18997256,-0.21108496,-0.20015082,-0.2542673,0,4016,20.08,20.09516787528992,1,0.0324573218822479,0.9675427079200744,False
4017,20.085,-0.16493303,-0.19342822,-0.19259898,-0.2415329,0,4016,20.08,20.09516787528992,1,0.0324573218822479,0.9675427079200744,False
4018,20.09,-0.12786257,-0.15156849,-0.15746108,-0.19161114,0,4016,20.08,20.09516787528992,1,0.0324573218822479,0.9675427079200744,False
4019,20.095,-0.081264675,-0.09244196,-0.1020803,-0.110219985,0,4016,20.08,20.09516787528992,1,0.0324573218822479,0.9675427079200744,False
4020,20.1,-0.023814688,-0.02251968,-0.036352966,-0.007689637,0,4020,20.1,20.102801084518436,1,0.041904617100954,0.958095371723175,False
4021,20.105,0.042867035,0.050639916,0.029448092,0.09826825,0,4020,20.1,20.102801084518436,1,0.041904617100954,0.958095371723175,False
4022,20.11,0.10982825,0.117016956,0.08649355,0.18476078,0,4020,20.1,20.102801084518436,1,0.041904617100954,0.958095371723175,False
4023,20.115,0.16345811,0.16604611,0.12889054,0.23281646,0,4020,20.1,20.102801084518436,1,0.041904617100954,0.958095371723175,False
4024,20.12,0.19256921,0.190774,0.1542117,0.23714736,0,4024,20.12,20.12764358520508,1,0.0436957851052284,0.9563042521476746,False
4025,20.125,0.19331586,0.19016269,0.16229092,0.20771502,0,4024,20.12,20.12764358520508,1,0.0436957851052284,0.9563042521476746,False
4026,20.13,0.16844535,0.1672522,0.15289597,0.16095704,0,4024,20.12,20.12764358520508,1,0.0436957851052284,0.9563042521476746,False
4027,20.135,0.123348765,0.1255291,0.12459316,0.108144656,0,4024,20.12,20.12764358520508,1,0.0436957851052284,0.9563042521476746,False
4028,20.14,0.06375812,0.067881055,0.07681131,0.05095168,0,4028,20.14,20.14250612258911,1,0.0462991446256637,0.9537009000778198,False
4029,20.145,-0.003175327,-0.0005955374,0.014128573,-0.012879272,0,4028,20.14,20.14250612258911,1,0.0462991446256637,0.9537009000778198,False
4030,20.15,-0.067279145,-0.06958487,-0.051344633,-0.080609664,0,4028,20.14,20.14250612258911,1,0.0462991446256637,0.9537009000778198,False
4031,20.155,-0.1170395,-0.12511623,-0.103279054,-0.14169604,0,4028,20.14,20.14250612258911,1,0.0462991446256637,0.9537009000778198,False
4032,20.16,-0.14477436,-0.15617946,-0.12938605,-0.1837055,0,4032,20.16,20.175777912139893,1,0.0272022616118192,0.9727977514266968,False
4033,20.165,-0.15124027,-0.16135487,-0.12889752,-0.20074147,0,4032,20.16,20.175777912139893,1,0.0272022616118192,0.9727977514266968,False
4034,20.17,-0.14502093,-0.14934033,-0.11299658,-0.19604738,0,4032,20.16,20.175777912139893,1,0.0272022616118192,0.9727977514266968,False
4035,20.175,-0.13585898,-0.13191956,-0.09679874,-0.17649156,0,4032,20.16,20.175777912139893,1,0.0272022616118192,0.9727977514266968,False
4036,20.18,-0.1262512,-0.114302255,-0.087966375,-0.14445607,0,4036,20.18,20.185758113861084,1,0.0678034797310829,0.9321964979171752,False
4037,20.185,-0.10803736,-0.090534456,-0.08021725,-0.09508561,0,4036,20.18,20.185758113861084,1,0.0678034797310829,0.9321964979171752,False
4038,20.19,-0.06795339,-0.04844706,-0.057434544,-0.022195728,0,4036,20.18,20.185758113861084,1,0.0678034797310829,0.9321964979171752,False
4039,20.195,0.000721105,0.018636497,-0.0068475287,0.071505934,0,4036,20.18,20.185758113861084,1,0.0678034797310829,0.9321964979171752,False
4040,20.2,0.08914419,0.102249935,0.06783507,0.16869561,0,4040,20.2,20.202964067459103,1,0.0449156239628791,0.9550843238830566,False
4041,20.205,0.17425703,0.17950155,0.14416054,0.24235916,0,4040,20.2,20.202964067459103,1,0.0449156239628791,0.9550843238830566,False
4042,20.21,0.23002395,0.22465907,0.19287105,0.26919237,0,4040,20.2,20.202964067459103,1,0.0449156239628791,0.9550843238830566,False
4043,20.215,0.24002525,0.22316119,0.19562311,0.2420419,0,4040,20.2,20.202964067459103,1,0.0449156239628791,0.9550843238830566,False
4044,20.22,0.20298012,0.17791471,0.15483773,0.1725019,0,4044,20.22,20.229493856430054,1,0.1060913279652595,0.893908679485321,False
4045,20.225,0.13030009,0.10493482,0.08905377,0.08290565,0,4044,20.22,20.229493856430054,1,0.1060913279652595,0.893908679485321,False
4046,20.23,0.040697657,0.023959206,0.019673193,-0.0050878716,0,4044,20.22,20.229493856430054,1,0.1060913279652595,0.893908679485321,False
4047,20.235,-0.044663128,-0.048693337,-0.03942065,-0.077509776,0,4044,20.22,20.229493856430054,1,0.1060913279652595,0.893908679485321,False
4048,20.24,-0.10748826,-0.102757305,-0.08344865,-0.12867467,0,4048,20.24,20.242719650268555,1,0.0271533001214265,0.9728466868400574,False
4049,20.245,-0.1388386,-0.13427427,-0.11255693,-0.15845042,0,4048,20.24,20.242719650268555,1,0.0271533001214265,0.9728466868400574,False
4050,20.25,-0.14278409,-0.14501597,-0.12784971,-0.16940239,0,4048,20.24,20.242719650268555,1,0.0271533001214265,0.9728466868400574,False
4051,20.255,-0.13229565,-0.14028265,-0.1299872,-0.16445556,0,4048,20.24,20.242719650268555,1,0.0271533001214265,0.9728466868400574,False
4052,20.26,-0.11895177,-0.12494348,-0.11901549,-0.14491948,0,4052,20.26,20.25274157524109,1,0.0833053067326545,0.916694700717926,False
4053,20.265,-0.10501064,-0.10047395,-0.094438836,-0.110056594,0,4052,20.26,20.25274157524109,1,0.0833053067326545,0.916694700717926,False
4054,20.27,-0.08482004,-0.0660562,-0.05644524,-0.059591144,0,4052,20.26,20.25274157524109,1,0.0833053067326545,0.916694700717926,False
4055,20.275,-0.053285204,-0.022944005,-0.008618855,0.0020057005,0,4052,20.26,20.25274157524109,1,0.0833053067326545,0.916694700717926,False
4056,20.28,-0.01236194,0.022534141,0.040197916,0.06339302,0,4056,20.28,20.286055326461792,1,0.0459562093019485,0.954043745994568,False
4057,20.285,0.030360704,0.060950737,0.07795213,0.1095893,0,4056,20.28,20.286055326461792,1,0.0459562093019485,0.954043745994568,False
4058,20.29,0.0678882,0.085190974,0.095173866,0.12928137,0,4056,20.28,20.286055326461792,1,0.0459562093019485,0.954043745994568,False
4059,20.295,0.097122274,0.09407618,0.090277284,0.12090714,0,4056,20.28,20.286055326461792,1,0.0459562093019485,0.954043745994568,False
4060,20.3,0.11615645,0.0909518,0.06994544,0.092864834,0,4060,20.3,20.302583694458008,1,0.0788435935974121,0.9211563467979432,False
4061,20.305,0.12053511,0.079474136,0.044489983,0.058153108,0,4060,20.3,20.302583694458008,1,0.0788435935974121,0.9211563467979432,False
4062,20.31,0.10507118,0.06156868,0.022370027,0.028029315,0,4060,20.3,20.302583694458008,1,0.0788435935974121,0.9211563467979432,False
4063,20.315,0.07073776,0.03936652,0.007870655,0.008750045,0,4060,20.3,20.302583694458008,1,0.0788435935974121,0.9211563467979432,False
4064,20.32,0.028677184,0.017687803,0.0020329738,0.0014673044,0,4064,20.32,20.32280397415161,1,0.0619243420660495,0.938075602054596,False
4065,20.325,-0.0050688516,0.0027322618,0.004001347,0.0028529135,0,4064,20.32,20.32280397415161,1,0.0619243420660495,0.938075602054596,False
4066,20.33,-0.020834722,-0.0027637107,0.01086276,0.005462409,0,4064,20.32,20.32280397415161,1,0.0619243420660495,0.938075602054596,False
4067,20.335,-0.02230839,-0.0030352194,0.01690557,-0.0005193496,0,4064,20.32,20.32280397415161,1,0.0619243420660495,0.938075602054596,False
4068,20.34,-0.022578483,-0.0073426063,0.014491215,-0.022672147,0,4068,20.34,20.342568397521973,1,0.1467150449752807,0.853285014629364,False
4069,20.345,-0.032983385,-0.023502596,-0.0025586034,-0.060492247,0,4068,20.34,20.342568397521973,1,0.1467150449752807,0.853285014629364,False
4070,20.35,-0.054565214,-0.051720273,-0.034406364,-0.10246787,0,4068,20.34,20.342568397521973,1,0.1467150449752807,0.853285014629364,False
4071,20.355,-0.07835185,-0.08307465,-0.072427005,-0.12944819,0,4068,20.34,20.342568397521973,1,0.1467150449752807,0.853285014629364,False
4072,20.36,-0.092480645,-0.10366087,-0.101237826,-0.12393256,0,4072,20.36,20.37810707092285,1,0.204906553030014,0.7950934767723083,False
4073,20.365,-0.08958106,-0.10204118,-0.106164426,-0.080661036,0,4072,20.36,20.37810707092285,1,0.204906553030014,0.7950934767723083,False
4074,20.37,-0.06959785,-0.07573531,-0.08230556,-0.011835021,0,4072,20.36,20.37810707092285,1,0.204906553030014,0.7950934767723083,False
4075,20.375,-0.037867136,-0.032672428,-0.038369875,0.057574622,0,4072,20.36,20.37810707092285,1,0.204906553030014,0.7950934767723083,False
4076,20.38,-0.0013108745,0.01357383,0.008749195,0.102869675,0,4076,20.38,20.39263319969177,1,0.0767834261059761,0.9232165813446044,False
4077,20.385,0.03435955,0.051521346,0.045000974,0.11309728,0,4076,20.38,20.39263319969177,1,0.0767834261059761,0.9232165813446044,False
4078,20.39,0.065305926,0.076831795,0.06673909,0.0957697,0,4076,20.38,20.39263319969177,1,0.0767834261059761,0.9232165813446044,False
4079,20.395,0.08873813,0.09131074,0.078810714,0.06954119,0,4076,20.38,20.39263319969177,1,0.0767834261059761,0.9232165813446044,False
4080,20.4,0.102002494,0.09775227,0.08618345,0.050490327,0,4080,20.4,20.40272164344788,1,0.1393314003944397,0.8606685996055603,False
4081,20.405,0.102587454,0.09583358,0.08785749,0.04229412,0,4080,20.4,20.40272164344788,1,0.1393314003944397,0.8606685996055603,False
4082,20.41,0.08901769,0.082561105,0.078500964,0.036882892,0,4080,20.4,20.40272164344788,1,0.1393314003944397,0.8606685996055603,False
4083,20.415,0.0618438,0.056088854,0.054981515,0.02336464,0,4080,20.4,20.40272164344788,1,0.1393314003944397,0.8606685996055603,False
4084,20.42,0.024030657,0.018836778,0.020673191,-0.0031067342,0,4084,20.42,20.42709732055664,1,0.1398930251598358,0.8601070046424866,False
4085,20.425,-0.01935367,-0.022841377,-0.016227687,-0.039140847,0,4084,20.42,20.42709732055664,1,0.1398930251598358,0.8601070046424866,False
4086,20.43,-0.0619476,-0.061636236,-0.04784076,-0.07706706,0,4084,20.42,20.42709732055664,1,0.1398930251598358,0.8601070046424866,False
4087,20.435,-0.097289406,-0.09200506,-0.070129715,-0.10931408,0,4084,20.42,20.42709732055664,1,0.1398930251598358,0.8601070046424866,False
4088,20.44,-0.120125435,-0.110680416,-0.08252305,-0.12912479,0,4088,20.44,20.441436767578125,1,0.0952972993254661,0.9047027230262756,False
4089,20.445,-0.12712267,-0.11549929,-0.08544211,-0.12933275,0,4088,20.44,20.441436767578125,1,0.0952972993254661,0.9047027230262756,False
4090,20.45,-0.11649654,-0.10459366,-0.078832656,-0.103828855,0,4088,20.44,20.441436767578125,1,0.0952972993254661,0.9047027230262756,False
4091,20.455,-0.08736561,-0.077311955,-0.06285324,-0.052822318,0,4088,20.44,20.441436767578125,1,0.0952972993254661,0.9047027230262756,False
4092,20.46,-0.040572535,-0.036252946,-0.039367713,0.012839137,0,4092,20.46,20.475937843322757,1,0.1058406978845596,0.8941592574119568,False
4093,20.465,0.018673297,0.01165942,-0.012214035,0.07413998,0,4092,20.46,20.475937843322757,1,0.1058406978845596,0.8941592574119568,False
4094,20.47,0.079062484,0.05683422,0.014485317,0.11352219,0,4092,20.46,20.475937843322757,1,0.1058406978845596,0.8941592574119568,False
4095,20.475,0.12615708,0.09123537,0.038842347,0.1252433,0,4092,20.46,20.475937843322757,1,0.1058406978845596,0.8941592574119568,False
4096,20.48,0.15003163,0.11252308,0.062290736,0.11845989,0,4096,20.48,20.483736991882324,1,0.0690571665763855,0.9309428930282592,False
4097,20.485,0.15151082,0.12429451,0.08732754,0.10992002,0,4096,20.48,20.483736991882324,1,0.0690571665763855,0.9309428930282592,False
4098,20.49,0.13978818,0.13065943,0.11226854,0.11050633,0,4096,20.48,20.483736991882324,1,0.0690571665763855,0.9309428930282592,False
4099,20.495,0.121564396,0.12855318,0.12686303,0.11470509,0,4096,20.48,20.483736991882324,1,0.0690571665763855,0.9309428930282592,False
4100,20.5,0.09157718,0.10534308,0.1143034,0.10135042,0,4100,20.5,20.503029823303223,1,0.1252782493829727,0.8747217655181885,False
4101,20.505,0.03550747,0.04693707,0.06166343,0.047345795,0,4100,20.5,20.503029823303223,1,0.1252782493829727,0.8747217655181885,False
4102,20.51,-0.054551255,-0.047437847,-0.026905049,-0.05328722,0,4100,20.5,20.503029823303223,1,0.1252782493829727,0.8747217655181885,False
4103,20.515,-0.1647595,-0.15564355,-0.12502475,-0.17819302,0,4100,20.5,20.503029823303223,1,0.1252782493829727,0.8747217655181885,False
4104,20.52,-0.25890824,-0.23838744,-0.19392821,-0.28273663,0,4104,20.52,20.530260801315308,1,0.0333355478942394,0.966664493083954,False
4105,20.525,-0.29569674,-0.25912666,-0.20301235,-0.32139507,0,4104,20.52,20.530260801315308,1,0.0333355478942394,0.966664493083954,False
4106,20.53,-0.25288504,-0.20544776,-0.1477509,-0.27190587,0,4104,20.52,20.530260801315308,1,0.0333355478942394,0.966664493083954,False
4107,20.535,-0.14202888,-0.09738482,-0.05267908,-0.14761652,0,4104,20.52,20.530260801315308,1,0.0333355478942394,0.966664493083954,False
4108,20.54,-0.0040218076,0.022994725,0.04250424,0.008936409,0,4108,20.54,20.5445408821106,1,0.0468151718378067,0.9531848430633544,False
4109,20.545,0.11191587,0.113951355,0.104391396,0.14680555,0,4108,20.54,20.5445408821106,1,0.0468151718378067,0.9531848430633544,False
4110,20.55,0.17303504,0.15423219,0.12132414,0.22940926,0,4108,20.54,20.5445408821106,1,0.0468151718378067,0.9531848430633544,False
4111,20.555,0.17683223,0.1491419,0.1042938,0.24690205,0,4108,20.54,20.5445408821106,1,0.0468151718378067,0.9531848430633544,False
4112,20.56,0.14640172,0.1208016,0.075005546,0.21339284,0,4112,20.56,20.57692575454712,1,0.0546605512499809,0.9453395009040833,False
4113,20.565,0.1122752,0.091624044,0.051119793,0.15425144,0,4112,20.56,20.57692575454712,1,0.0546605512499809,0.9453395009040833,False
4114,20.57,0.09394622,0.07299132,0.03880298,0.09335672,0,4112,20.56,20.57692575454712,1,0.0546605512499809,0.9453395009040833,False
4115,20.575,0.09224435,0.0642932,0.03485784,0.04624143,0,4112,20.56,20.57692575454712,1,0.0546605512499809,0.9453395009040833,False
4116,20.58,0.09411028,0.05820215,0.032546148,0.01805263,0,4116,20.58,20.59712100028992,1,0.0409532040357589,0.9590468406677246,False
4117,20.585,0.08320846,0.045547687,0.024751151,0.0031485427,0,4116,20.58,20.59712100028992,1,0.0409532040357589,0.9590468406677246,False
4118,20.59,0.048995584,0.018036729,0.004488114,-0.013109449,0,4116,20.58,20.59712100028992,1,0.0409532040357589,0.9590468406677246,False
4119,20.595,-0.009058202,-0.028639002,-0.03290172,-0.047362514,0,4116,20.58,20.59712100028992,1,0.0409532040357589,0.9590468406677246,False
4120,20.6,-0.081911586,-0.090685956,-0.084799334,-0.107028976,0,4120,20.6,20.61094093322754,1,0.0442796945571899,0.9557202458381652,False
4121,20.605,-0.15460768,-0.154666,-0.13837466,-0.18192925,0,4120,20.6,20.61094093322754,1,0.0442796945571899,0.9557202458381652,False
4122,20.61,-0.21095681,-0.20152703,-0.17435321,-0.2458991,0,4120,20.6,20.61094093322754,1,0.0442796945571899,0.9557202458381652,False
4123,20.615,-0.23683718,-0.21406458,-0.17580485,-0.26839113,0,4120,20.6,20.61094093322754,1,0.0442796945571899,0.9557202458381652,False
4124,20.62,-0.22173887,-0.18293431,-0.13567455,-0.22904511,0,4124,20.62,20.625358819961548,1,0.150155708193779,0.8498442769050598,False
4125,20.625,-0.16117242,-0.10930349,-0.059107777,-0.12764832,0,4124,20.62,20.625358819961548,1,0.150155708193779,0.8498442769050598,False
4126,20.63,-0.061837126,-0.0058519505,0.038209263,0.013860801,0,4124,20.62,20.625358819961548,1,0.150155708193779,0.8498442769050598,False
4127,20.635,0.054150686,0.10353141,0.1332707,0.15733297,0,4124,20.62,20.625358819961548,1,0.150155708193779,0.8498442769050598,False
4128,20.64,0.15354781,0.18881144,0.20095204,0.26128745,0,4128,20.64,20.64597082138061,1,0.0379992090165615,0.9620007276535034,False
4129,20.645,0.20712832,0.22573163,0.22250022,0.2976466,0,4128,20.64,20.64597082138061,1,0.0379992090165615,0.9620007276535034,False
4130,20.65,0.20644313,0.20895697,0.1945698,0.2647964,0,4128,20.64,20.64597082138061,1,0.0379992090165615,0.9620007276535034,False
4131,20.655,0.16781487,0.15557039,0.13202432,0.18781148,0,4128,20.64,20.64597082138061,1,0.0379992090165615,0.9620007276535034,False
4132,20.66,0.11878979,0.09392188,0.060384925,0.10344322,0,4132,20.66,20.67508339881897,1,0.0549371652305126,0.945062816143036,False
4133,20.665,0.07843458,0.045706384,0.0021284528,0.039191514,0,4132,20.66,20.67508339881897,1,0.0549371652305126,0.945062816143036,False
4134,20.67,0.04830329,0.015382752,-0.0335898,0.0011005843,0,4132,20.66,20.67508339881897,1,0.0549371652305126,0.945062816143036,False
4135,20.675,0.019393515,-0.006409517,-0.05160568,-0.022633946,0,4132,20.66,20.67508339881897,1,0.0549371652305126,0.945062816143036,False
4136,20.68,-0.015130087,-0.031541463,-0.06376106,-0.048362896,0,4136,20.68,20.6864492893219,1,0.0282848458737134,0.9717151522636414,False
4137,20.685,-0.054432906,-0.06587095,-0.080664076,-0.08577879,0,4136,20.68,20.6864492893219,1,0.0282848458737134,0.9717151522636414,False
4138,20.69,-0.09372727,-0.10786057,-0.10659944,-0.13477251,0,4136,20.68,20.6864492893219,1,0.0282848458737134,0.9717151522636414,False
4139,20.695,-0.12897132,-0.1508906,-0.13805126,-0.18758775,0,4136,20.68,20.6864492893219,1,0.0282848458737134,0.9717151522636414,False
4140,20.7,-0.15611593,-0.18499276,-0.16488265,-0.23136899,0,4140,20.7,20.702592611312863,1,0.0947953537106514,0.9052045941352844,False
4141,20.705,-0.16770352,-0.19807236,-0.17372291,-0.25025067,0,4140,20.7,20.702592611312863,1,0.0947953537106514,0.9052045941352844,False
4142,20.71,-0.15370485,-0.17898206,-0.15284209,-0.22914761,0,4140,20.7,20.702592611312863,1,0.0947953537106514,0.9052045941352844,False
4143,20.715,-0.10800174,-0.122476265,-0.09672347,-0.159706,0,4140,20.7,20.702592611312863,1,0.0947953537106514,0.9052045941352844,False
4144,20.72,-0.034667958,-0.033136755,-0.008739952,-0.045772985,0,4144,20.72,20.722888469696045,1,0.0421657860279083,0.957834243774414,False
4145,20.725,0.051868282,0.07415625,0.09804966,0.094565175,0,4144,20.72,20.722888469696045,1,0.0421657860279083,0.957834243774414,False
4146,20.73,0.13227439,0.17695309,0.20146628,0.23137598,0,4144,20.72,20.722888469696045,1,0.0421657860279083,0.957834243774414,False
4147,20.735,0.1882719,0.2499554,0.2734572,0.3295752,0,4144,20.72,20.722888469696045,1,0.0421657860279083,0.957834243774414,False
4148,20.74,0.20617853,0.27179572,0.2885008,0.35965407,0,4148,20.74,20.74543070793152,1,0.0438557229936122,0.9561443328857422,False
4149,20.745,0.179839,0.23375073,0.23620552,0.31023544,0,4148,20.74,20.74543070793152,1,0.0438557229936122,0.9561443328857422,False
4150,20.75,0.114772,0.14667693,0.13072045,0.19630428,0,4148,20.74,20.74543070793152,1,0.0438557229936122,0.9561443328857422,False
4151,20.755,0.030320212,0.03958988,0.0076693897,0.0557464,0,4148,20.74,20.74543070793152,1,0.0438557229936122,0.9561443328857422,False
4152,20.76,-0.046013523,-0.053092,-0.09308571,-0.067322336,0,4152,20.76,20.77482271194458,1,0.0252882931381464,0.9747117161750792,False
4153,20.765,-0.09229809,-0.10937395,-0.14854309,-0.14389557,0,4152,20.76,20.77482271194458,1,0.0252882931381464,0.9747117161750792,False
4154,20.77,-0.10490241,-0.12997396,-0.16229494,-0.17214054,0,4152,20.76,20.77482271194458,1,0.0252882931381464,0.9747117161750792,False
4155,20.775,-0.0988135,-0.13267724,-0.15576035,-0.17174199,0,4152,20.76,20.77482271194458,1,0.0252882931381464,0.9747117161750792,False
4156,20.78,-0.093545355,-0.13493699,-0.14841607,-0.16518298,0,4156,20.78,20.79054975509644,1,0.0348910503089427,0.9651089310646056,False
4157,20.785,-0.09590316,-0.13890529,-0.14292444,-0.16063397,0,4156,20.78,20.79054975509644,1,0.0348910503089427,0.9651089310646056,False
4158,20.79,-0.09473862,-0.13113666,-0.12619913,-0.14929143,0,4156,20.78,20.79054975509644,1,0.0348910503089427,0.9651089310646056,False
4159,20.795,-0.07250418,-0.09660408,-0.08395962,-0.117563695,0,4156,20.78,20.79054975509644,1,0.0348910503089427,0.9651089310646056,False
4160,20.8,-0.0231289,-0.03443592,-0.015751999,-0.062163502,0,4160,20.8,20.804582357406616,1,0.0522940941154956,0.947705864906311,False
4161,20.805,0.039958302,0.03827308,0.061829455,0.005189864,0,4160,20.8,20.804582357406616,1,0.0522940941154956,0.947705864906311,False
4162,20.81,0.092509225,0.09738518,0.12536748,0.06629919,0,4160,20.8,20.804582357406616,1,0.0522940941154956,0.947705864906311,False
4163,20.815,0.11650036,0.12748526,0.15902884,0.10906793,0,4160,20.8,20.804582357406616,1,0.0522940941154956,0.947705864906311,False
4164,20.82,0.110659376,0.12941022,0.16174527,0.13265279,0,4164,20.82,20.822866678237915,1,0.0430509038269519,0.9569490551948548,False
4165,20.825,0.0870589,0.11486288,0.14313853,0.14228556,0,4164,20.82,20.822866678237915,1,0.0430509038269519,0.9569490551948548,False
4166,20.83,0.059330992,0.094760045,0.11361549,0.14079766,0,4164,20.82,20.822866678237915,1,0.0430509038269519,0.9569490551948548,False
4167,20.835,0.033850536,0.07189399,0.07749418,0.12557073,0,4164,20.82,20.822866678237915,1,0.0430509038269519,0.9569490551948548,False
4168,20.84,0.009943788,0.042842094,0.03381654,0.09294182,0,4168,20.84,20.83426070213318,1,0.0852789580821991,0.9147210717201232,False
4169,20.845,-0.014068127,0.005450324,-0.017479816,0.044840906,0,4168,20.84,20.83426070213318,1,0.0852789580821991,0.9147210717201232,False
4170,20.85,-0.036311466,-0.0356983,-0.070324905,-0.008844971,0,4168,20.84,20.83426070213318,1,0.0852789580821991,0.9147210717201232,False
4171,20.855,-0.052397314,-0.070602536,-0.11318494,-0.054413386,0,4168,20.84,20.83426070213318,1,0.0852789580821991,0.9147210717201232,False
4172,20.86,-0.060119558,-0.09061652,-0.13555396,-0.08204802,0,4172,20.86,20.85993313789368,1,0.0374056734144687,0.9625943303108216,False
4173,20.865,-0.062480673,-0.094799064,-0.13510607,-0.091646254,0,4172,20.86,20.85993313789368,1,0.0374056734144687,0.9625943303108216,False
4174,20.87,-0.06530227,-0.090140775,-0.11918409,-0.09242885,0,4172,20.86,20.85993313789368,1,0.0374056734144687,0.9625943303108216,False
4175,20.875,-0.07085614,-0.084966436,-0.09865685,-0.09594655,0,4172,20.86,20.85993313789368,1,0.0374056734144687,0.9625943303108216,False
4176,20.88,-0.0734908,-0.08098286,-0.078969106,-0.10688558,0,4176,20.88,20.88288640975952,1,0.1037661135196685,0.896233856678009,False
4177,20.885,-0.06253752,-0.071216546,-0.056186177,-0.11828678,0,4176,20.88,20.88288640975952,1,0.1037661135196685,0.896233856678009,False
4178,20.89,-0.031324945,-0.04607845,-0.021601817,-0.11504944,0,4176,20.88,20.88288640975952,1,0.1037661135196685,0.896233856678009,False
4179,20.895,0.015374671,-0.002382556,0.029147154,-0.08362571,0,4176,20.88,20.88288640975952,1,0.1037661135196685,0.896233856678009,False
4180,20.9,0.06261451,0.052332364,0.090089746,-0.02153094,0,4180,20.9,20.907806634902958,1,0.0620009899139404,0.9379990696907043,False
4181,20.905,0.094569296,0.103164524,0.14628375,0.059132934,0,4180,20.9,20.907806634902958,1,0.0620009899139404,0.9379990696907043,False
4182,20.91,0.10388255,0.13542305,0.18072318,0.13594091,0,4180,20.9,20.907806634902958,1,0.0620009899139404,0.9379990696907043,False
4183,20.915,0.09383879,0.141045,0.18211284,0.18600303,0,4180,20.9,20.907806634902958,1,0.0620009899139404,0.9379990696907043,False
4184,20.92,0.07351983,0.12131362,0.14998363,0.19679245,0,4184,20.92,20.922770738601685,1,0.1397017240524292,0.860298216342926,False
4185,20.925,0.05175826,0.0860493,0.09546623,0.17224357,0,4184,20.92,20.922770738601685,1,0.1397017240524292,0.860298216342926,False
4186,20.93,0.03428352,0.049474947,0.03680646,0.12959066,0,4184,20.92,20.922770738601685,1,0.1397017240524292,0.860298216342926,False
4187,20.935,0.023311049,0.022970155,-0.009744953,0.08746024,0,4184,20.92,20.922770738601685,1,0.1397017240524292,0.860298216342926,False
4188,20.94,0.016828138,0.0076604364,-0.03938766,0.0528186,0,4188,20.94,20.94283127784729,1,0.0425627119839191,0.95743727684021,False
4189,20.945,0.007698896,-0.0073452285,-0.06160898,0.017100882,0,4188,20.94,20.94283127784729,1,0.0425627119839191,0.95743727684021,False
4190,20.95,-0.014351694,-0.03745358,-0.092362694,-0.034472134,0,4188,20.94,20.94283127784729,1,0.0425627119839191,0.95743727684021,False
4191,20.955,-0.05637475,-0.08965808,-0.13974994,-0.107574284,0,4188,20.94,20.94283127784729,1,0.0425627119839191,0.95743727684021,False
4192,20.96,-0.11467038,-0.15386842,-0.19390579,-0.19010381,0,4192,20.96,20.973772764205933,1,0.0810105055570602,0.9189895391464232,False
4193,20.965,-0.17195815,-0.20581278,-0.22971517,-0.25682262,0,4192,20.96,20.973772764205933,1,0.0810105055570602,0.9189895391464232,False
4194,20.97,-0.20277317,-0.21979189,-0.22117767,-0.28256714,0,4192,20.96,20.973772764205933,1,0.0810105055570602,0.9189895391464232,False
4195,20.975,-0.18527381,-0.18229346,-0.15728442,-0.25374675,0,4192,20.96,20.973772764205933,1,0.0810105055570602,0.9189895391464232,False
4196,20.98,-0.1133267,-0.09814962,-0.04886472,-0.17214468,0,4196,20.98,20.989967584609985,1,0.0727488994598388,0.9272511005401612,False
4197,20.985,-0.0020097669,0.012500988,0.07659451,-0.0526228,0,4196,20.98,20.989967584609985,1,0.0727488994598388,0.9272511005401612,False
4198,20.99,0.11716534,0.12251465,0.1870435,0.081001885,0,4196,20.98,20.989967584609985,1,0.0727488994598388,0.9272511005401612,False
4199,20.995,0.20939936,0.20651458,0.2573428,0.20052636,0,4196,20.98,20.989967584609985,1,0.0727488994598388,0.9272511005401612,False
4200,21.0,0.251092,0.2475032,0.27563342,0.27963924,0,4200,21.0,21.002569437026978,1,0.0406368300318717,0.9593631625175476,False
4201,21.005,0.23764892,0.24038173,0.24418996,0.3017097,0,4200,21.0,21.002569437026978,1,0.0406368300318717,0.9593631625175476,False
4202,21.01,0.18122542,0.19195104,0.17632616,0.2657179,0,4200,21.0,21.002569437026978,1,0.0406368300318717,0.9593631625175476,False
4203,21.015,0.10206477,0.11770643,0.091178425,0.18660833,0,4200,21.0,21.002569437026978,1,0.0406368300318717,0.9593631625175476,False
4204,21.02,0.020400336,0.036881942,0.008060272,0.08950151,0,4204,21.02,21.01918029785156,1,0.0414191633462905,0.9585808515548706,False
4205,21.025,-0.047437727,-0.032689836,-0.058270723,0.0005168152,0,4204,21.02,21.01918029785156,1,0.0414191633462905,0.9585808515548706,False
4206,21.03,-0.090857185,-0.07936726,-0.10079874,-0.062179916,0,4204,21.02,21.01918029785156,1,0.0414191633462905,0.9585808515548706,False
4207,21.035,-0.10812741,-0.10171342,-0.12158172,-0.094308645,0,4204,21.02,21.01918029785156,1,0.0414191633462905,0.9585808515548706,False
4208,21.04,-0.109270595,-0.1095449,-0.13035226,-0.10617313,0,4208,21.04,21.0409471988678,1,0.0303727630525827,0.9696272611618042,False
4209,21.045,-0.11281755,-0.118847884,-0.13928851,-0.11651344,0,4208,21.04,21.0409471988678,1,0.0303727630525827,0.9696272611618042,False
4210,21.05,-0.13380235,-0.14065544,-0.15485866,-0.14053498,0,4208,21.04,21.0409471988678,1,0.0303727630525827,0.9696272611618042,False
4211,21.055,-0.1698344,-0.17037167,-0.17130493,-0.17789769,0,4208,21.04,21.0409471988678,1,0.0303727630525827,0.9696272611618042,False
4212,21.06,-0.19771928,-0.18707584,-0.17181778,-0.20939766,0,4212,21.06,21.07747602462769,1,0.0883950516581535,0.911604940891266,False
4213,21.065,-0.18679954,-0.16649543,-0.13922511,-0.20728588,0,4212,21.06,21.07747602462769,1,0.0883950516581535,0.911604940891266,False
4214,21.07,-0.120760374,-0.09949652,-0.069791,-0.15403338,0,4212,21.06,21.07747602462769,1,0.0883950516581535,0.911604940891266,False
4215,21.075,-0.010798182,-0.0011093557,0.021058375,-0.056003235,0,4212,21.06,21.07747602462769,1,0.0883950516581535,0.911604940891266,False
4216,21.08,0.11040955,0.09818921,0.10711325,0.058934838,0,4216,21.08,21.081932306289676,1,0.0419944338500499,0.9580055475234984,False
4217,21.085,0.20811673,0.17172533,0.16769575,0.15786938,0,4216,21.08,21.081932306289676,1,0.0419944338500499,0.9580055475234984,False
4218,21.09,0.26230308,0.2100677,0.19815263,0.2199287,1,4216,21.08,21.081932306289676,1,0.0419944338500499,0.9580055475234984,True
4219,21.095,0.27110147,0.21901457,0.2063145,0.24168287,1,4216,21.08,21.081932306289676,1,0.0419944338500499,0.9580055475234984,True
4220,21.1,0.24354252,0.20771205,0.20031025,0.23050031,1,4220,21.1,21.109899520874023,1,0.1284985989332199,0.8715013861656189,True
4221,21.105,0.19152856,0.18018727,0.18065713,0.19543457,1,4220,21.1,21.109899520874023,1,0.1284985989332199,0.8715013861656189,True
4222,21.11,0.12675148,0.13693765,0.14343938,0.14388746,1,4220,21.1,21.109899520874023,1,0.1284985989332199,0.8715013861656189,True
4223,21.115,0.060311295,0.081248306,0.08898339,0.08333737,1,4220,21.1,21.109899520874023,1,0.1284985989332199,0.8715013861656189,True
4224,21.12,0.0006338843,0.02097294,0.025348237,0.021882033,1,4224,21.12,21.126734733581543,1,0.0271500442177057,0.97284996509552,True
4225,21.125,-0.050218023,-0.0365135,-0.037143454,-0.035202283,1,4224,21.12,21.126734733581543,1,0.0271500442177057,0.97284996509552,True
4226,21.13,-0.09740606,-0.08979343,-0.09376167,-0.0886237,1,4224,21.12,21.126734733581543,1,0.0271500442177057,0.97284996509552,True
4227,21.135,-0.14836842,-0.14233881,-0.14666724,-0.14230357,1,4224,21.12,21.126734733581543,1,0.0271500442177057,0.97284996509552,True
4228,21.14,-0.20479435,-0.19531447,-0.19813839,-0.19544701,1,4228,21.14,21.140979528427124,1,0.0486161038279533,0.9513839483261108,True
4229,21.145,-0.25780246,-0.24130426,-0.24273157,-0.23703915,1,4228,21.14,21.140979528427124,1,0.0486161038279533,0.9513839483261108,True
4230,21.15,-0.29008612,-0.2649903,-0.26615414,-0.24927826,1,4228,21.14,21.140979528427124,1,0.0486161038279533,0.9513839483261108,True
4231,21.155,-0.28318432,-0.25028533,-0.2520103,-0.21822251,1,4228,21.14,21.140979528427124,1,0.0486161038279533,0.9513839483261108,True
4232,21.16,-0.2253918,-0.18879011,-0.1912369,-0.14332709,1,4232,21.16,21.17283844947815,1,0.0488820150494575,0.9511180520057678,True
4233,21.165,-0.117629886,-0.08520315,-0.08840223,-0.03909022,1,4232,21.16,21.17283844947815,1,0.0488820150494575,0.9511180520057678,True
4234,21.17,0.02348875,0.041827753,0.037688926,0.07102185,1,4232,21.16,21.17283844947815,1,0.0488820150494575,0.9511180520057678,True
4235,21.175,0.16722894,0.16379893,0.15892847,0.16333064,1,4232,21.16,21.17283844947815,1,0.0488820150494575,0.9511180520057678,True
4236,21.18,0.27749676,0.25133905,0.2470216,0.22084041,1,4236,21.18,21.19368267059326,1,0.0382329560816288,0.9617670178413392,True
4237,21.185,0.32723773,0.28541917,0.28377613,0.23664582,1,4236,21.18,21.19368267059326,1,0.0382329560816288,0.9617670178413392,True
4238,21.19,0.31045243,0.26476017,0.2675816,0.2139311,1,4236,21.18,21.19368267059326,1,0.0382329560816288,0.9617670178413392,True
4239,21.195,0.24307953,0.2042592,0.21193865,0.16307905,1,4236,21.18,21.19368267059326,1,0.0382329560816288,0.9617670178413392,True
4240,21.2,0.15204681,0.12552336,0.13688998,0.09720892,1,4240,21.2,21.205860376358032,1,0.0390793308615684,0.9609206914901732,True
4241,21.205,0.061335217,0.046728604,0.059552368,0.028422862,1,4240,21.2,21.205860376358032,1,0.0390793308615684,0.9609206914901732,True
4242,21.21,-0.014981294,-0.021416323,-0.009863594,-0.03356596,1,4240,21.2,21.205860376358032,1,0.0390793308615684,0.9609206914901732,True
4243,21.215,-0.070992425,-0.07347807,-0.06587676,-0.08111098,1,4240,21.2,21.205860376358032,1,0.0390793308615684,0.9609206914901732,True
4244,21.22,-0.10505841,-0.106514335,-0.10465835,-0.10904592,1,4244,21.22,21.223002672195435,1,0.0248000621795654,0.9751998782157898,True
4245,21.225,-0.11971698,-0.12103991,-0.12494471,-0.11700255,1,4244,21.22,21.223002672195435,1,0.0248000621795654,0.9751998782157898,True
4246,21.23,-0.12344945,-0.12341924,-0.13128951,-0.11128144,1,4244,21.22,21.223002672195435,1,0.0248000621795654,0.9751998782157898,True
4247,21.235,-0.12752613,-0.123483226,-0.13299316,-0.10219831,1,4244,21.22,21.223002672195435,1,0.0248000621795654,0.9751998782157898,True
4248,21.24,-0.13641366,-0.12587352,-0.13580087,-0.09629331,1,4248,21.24,21.24288296699524,1,0.0656836405396461,0.934316337108612,True
4249,21.245,-0.14024529,-0.12270632,-0.13327037,-0.08930923,1,4248,21.24,21.24288296699524,1,0.0656836405396461,0.934316337108612,True
4250,21.25,-0.11988864,-0.09749798,-0.10890027,-0.06808395,1,4248,21.24,21.24288296699524,1,0.0656836405396461,0.934316337108612,True
4251,21.255,-0.064073905,-0.040556118,-0.051196843,-0.02267037,1,4248,21.24,21.24288296699524,1,0.0656836405396461,0.934316337108612,True
4252,21.26,0.015759083,0.037063383,0.030619161,0.040800765,1,4252,21.26,21.258981943130493,1,0.0432631485164165,0.9567368030548096,True
4253,21.265,0.08815302,0.10561337,0.10648983,0.09923448,1,4252,21.26,21.258981943130493,1,0.0432631485164165,0.9567368030548096,True
4254,21.27,0.122158244,0.13569705,0.14422208,0.12680563,1,4252,21.26,21.258981943130493,1,0.0432631485164165,0.9567368030548096,True
4255,21.275,0.10929187,0.11916694,0.13234799,0.113400824,1,4252,21.26,21.258981943130493,1,0.0432631485164165,0.9567368030548096,True
4256,21.28,0.068650775,0.07433651,0.08772585,0.071779735,1,4256,21.28,21.282896280288696,1,0.0854193046689033,0.9145806431770324,True
4257,21.285,0.03151163,0.03158795,0.041771144,0.027667608,1,4256,21.28,21.282896280288696,1,0.0854193046689033,0.9145806431770324,True
4258,21.29,0.018789515,0.011894638,0.017599395,0.0016389805,1,4256,21.28,21.282896280288696,1,0.0854193046689033,0.9145806431770324,True
4259,21.295,0.029112458,0.015232166,0.016786339,-0.0024056733,1,4256,21.28,21.282896280288696,1,0.0854193046689033,0.9145806431770324,True
4260,21.3,0.044690836,0.025809724,0.024263242,0.0052626505,1,4260,21.3,21.3079731464386,1,0.0447417460381984,0.9552582502365112,True
4261,21.305,0.047365192,0.026910786,0.023875343,0.011525232,1,4260,21.3,21.3079731464386,1,0.0447417460381984,0.9552582502365112,True
4262,21.31,0.030959051,0.012304727,0.010053666,0.009454187,1,4260,21.3,21.3079731464386,1,0.0447417460381984,0.9552582502365112,True
4263,21.315,0.00200317,-0.0129810115,-0.012313508,-0.00096680975,1,4260,21.3,21.3079731464386,1,0.0447417460381984,0.9552582502365112,True
4264,21.32,-0.02822047,-0.039566055,-0.035715945,-0.017255418,1,4264,21.32,21.32281255722046,1,0.181463822722435,0.8185362219810486,True
4265,21.325,-0.051696647,-0.06048066,-0.056083232,-0.03725419,1,4264,21.32,21.32281255722046,1,0.181463822722435,0.8185362219810486,True
4266,21.33,-0.06609531,-0.073090956,-0.07239093,-0.058048397,1,4264,21.32,21.32281255722046,1,0.181463822722435,0.8185362219810486,True
4267,21.335,-0.07240143,-0.07726759,-0.083018824,-0.07438623,1,4264,21.32,21.32281255722046,1,0.181463822722435,0.8185362219810486,True
4268,21.34,-0.07176773,-0.07321183,-0.0843632,-0.08020597,1,4268,21.34,21.34363865852356,1,0.1652567684650421,0.8347432613372803,True
4269,21.345,-0.0640789,-0.060656723,-0.073006116,-0.07227542,1,4268,21.34,21.34363865852356,1,0.1652567684650421,0.8347432613372803,True
4270,21.35,-0.048121322,-0.03911363,-0.048357435,-0.051908888,1,4268,21.34,21.34363865852356,1,0.1652567684650421,0.8347432613372803,True
4271,21.355,-0.022692218,-0.008738538,-0.013107457,-0.022987073,1,4268,21.34,21.34363865852356,1,0.1652567684650421,0.8347432613372803,True
4272,21.36,0.0114117,0.028111111,0.027772166,0.011012355,1,4272,21.36,21.37295174598694,1,0.0873461589217186,0.9126538038253784,True
4273,21.365,0.0491878,0.06537594,0.06749274,0.047232818,1,4272,21.36,21.37295174598694,1,0.0873461589217186,0.9126538038253784,True
4274,21.37,0.08118682,0.09381168,0.09759792,0.080860764,1,4272,21.36,21.37295174598694,1,0.0873461589217186,0.9126538038253784,True
4275,21.375,0.09701444,0.10459845,0.109847374,0.10360363,1,4272,21.36,21.37295174598694,1,0.0873461589217186,0.9126538038253784,True
4276,21.38,0.0910194,0.09407308,0.1001196,0.10640269,1,4276,21.38,21.39166522026062,1,0.189484491944313,0.8105155229568481,True
4277,21.385,0.06568044,0.06576265,0.0713528,0.08502474,1,4276,21.38,21.39166522026062,1,0.189484491944313,0.8105155229568481,True
4278,21.39,0.029676873,0.027987288,0.032417476,0.043958295,1,4276,21.38,21.39166522026062,1,0.189484491944313,0.8105155229568481,True
4279,21.395,-0.0073684985,-0.01049523,-0.0064021875,-0.004517549,1,4276,21.38,21.39166522026062,1,0.189484491944313,0.8105155229568481,True
4280,21.4,-0.038490985,-0.042813603,-0.037396856,-0.04525072,1,4280,21.4,21.40485429763794,1,0.0546157285571098,0.9453842639923096,True
4281,21.405,-0.058981664,-0.06338415,-0.05622804,-0.06609169,1,4280,21.4,21.40485429763794,1,0.0546157285571098,0.9453842639923096,True
4282,21.41,-0.06476499,-0.06746021,-0.060896393,-0.062402193,1,4280,21.4,21.40485429763794,1,0.0546157285571098,0.9453842639923096,True
4283,21.415,-0.053607527,-0.05360991,-0.05186088,-0.039046604,1,4280,21.4,21.40485429763794,1,0.0546157285571098,0.9453842639923096,True
4284,21.42,-0.028924644,-0.027393198,-0.03361979,-0.00884112,1,4284,21.42,21.422627210617065,1,0.1490395218133926,0.8509604334831238,True
4285,21.425,-0.0013882234,-0.0013426591,-0.0148755815,0.012964237,1,4284,21.42,21.422627210617065,1,0.1490395218133926,0.8509604334831238,True
4286,21.43,0.015481982,0.011103067,-0.005029838,0.016188653,1,4284,21.42,21.422627210617065,1,0.1490395218133926,0.8509604334831238,True
4287,21.435,0.013704142,0.0041168793,-0.008601121,0.0009513784,1,4284,21.42,21.422627210617065,1,0.1490395218133926,0.8509604334831238,True
4288,21.44,-0.0033245254,-0.016157655,-0.021771407,-0.02276546,1,4288,21.44,21.442517042160038,1,0.0715636238455772,0.9284363389015198,True
4289,21.445,-0.022543386,-0.03502553,-0.033937063,-0.04086069,1,4288,21.44,21.442517042160038,1,0.0715636238455772,0.9284363389015198,True
4290,21.45,-0.029646238,-0.038209982,-0.03358117,-0.04259272,1,4288,21.44,21.442517042160038,1,0.0715636238455772,0.9284363389015198,True
4291,21.455,-0.018403556,-0.020560974,-0.015196898,-0.025928564,1,4288,21.44,21.442517042160038,1,0.0715636238455772,0.9284363389015198,True
4292,21.46,0.0054064477,0.010707148,0.016518848,0.0014620329,1,4292,21.46,21.45926260948181,1,0.1583003401756286,0.8416996598243713,True
4293,21.465,0.028080044,0.04013673,0.047988467,0.026079308,1,4292,21.46,21.45926260948181,1,0.1583003401756286,0.8416996598243713,True
4294,21.47,0.037384417,0.053298414,0.06390932,0.03603624,1,4292,21.46,21.45926260948181,1,0.1583003401756286,0.8416996598243713,True
4295,21.475,0.03074659,0.04565818,0.056682117,0.028337976,1,4292,21.46,21.45926260948181,1,0.1583003401756286,0.8416996598243713,True
4296,21.48,0.016199078,0.024990935,0.031688683,0.010939486,1,4296,21.48,21.49150061607361,1,0.2260984629392624,0.7739015221595764,True
4297,21.485,0.0053230138,0.005241541,0.0037746646,-0.0028934686,1,4296,21.48,21.49150061607361,1,0.2260984629392624,0.7739015221595764,True
4298,21.49,0.0038823457,-0.0037882908,-0.01315286,-0.004449947,1,4296,21.48,21.49150061607361,1,0.2260984629392624,0.7739015221595764,True
4299,21.495,0.007863946,-0.002863345,-0.015452746,0.0040663844,1,4296,21.48,21.49150061607361,1,0.2260984629392624,0.7739015221595764,True
4300,21.5,0.008047352,-0.00073403906,-0.010491268,0.012250049,1,4300,21.5,21.502601385116577,1,0.1662727743387222,0.8337271809577942,True
4301,21.505,-0.0010080972,-0.0049620946,-0.008470073,0.011291513,1,4300,21.5,21.502601385116577,1,0.1662727743387222,0.8337271809577942,True
4302,21.51,-0.01520568,-0.014212583,-0.012687067,0.0024126982,1,4300,21.5,21.502601385116577,1,0.1662727743387222,0.8337271809577942,True
4303,21.515,-0.02321439,-0.018904272,-0.016850542,-0.003833345,1,4300,21.5,21.502601385116577,1,0.1662727743387222,0.8337271809577942,True
4304,21.52,-0.015262202,-0.009964604,-0.011705032,0.0026440334,1,4304,21.52,21.524141788482662,1,0.279971182346344,0.720028817653656,True
4305,21.525,0.008184054,0.011810201,0.0052215583,0.021097213,1,4304,21.52,21.524141788482662,1,0.279971182346344,0.720028817653656,True
4306,21.53,0.0346818,0.03431521,0.025848903,0.038746163,1,4304,21.52,21.524141788482662,1,0.279971182346344,0.720028817653656,True
4307,21.535,0.047023233,0.04249408,0.037325628,0.040554274,1,4304,21.52,21.524141788482662,1,0.279971182346344,0.720028817653656,True
4308,21.54,0.034682617,0.02957524,0.032001626,0.021465752,1,4308,21.54,21.55064797401428,1,0.179405853152275,0.8205941319465637,True
4309,21.545,0.0012355241,0.0015996051,0.012566324,-0.00989189,1,4308,21.54,21.55064797401428,1,0.179405853152275,0.8205941319465637,True
4310,21.55,-0.037720956,-0.028054195,-0.011503853,-0.038830698,1,4308,21.54,21.55064797401428,1,0.179405853152275,0.8205941319465637,True
4311,21.555,-0.06444209,-0.048385825,-0.03161765,-0.05566163,1,4308,21.54,21.55064797401428,1,0.179405853152275,0.8205941319465637,True
4312,21.56,-0.069344044,-0.056156453,-0.044365395,-0.060049493,1,4312,21.56,21.56571912765503,1,0.398128867149353,0.601871132850647,True
4313,21.565,-0.054767527,-0.05387631,-0.04983149,-0.056398183,1,4312,21.56,21.56571912765503,1,0.398128867149353,0.601871132850647,True
4314,21.57,-0.030755393,-0.044544056,-0.047790878,-0.046976984,1,4312,21.56,21.56571912765503,1,0.398128867149353,0.601871132850647,True
4315,21.575,-0.0071948767,-0.028930176,-0.036724813,-0.030311042,1,4312,21.56,21.56571912765503,1,0.398128867149353,0.601871132850647,True
4316,21.58,0.011566357,-0.0070890794,-0.016297085,-0.00543606,1,4316,21.58,21.589995622634888,0,0.5867730975151062,0.4132268726825714,False
4317,21.585,0.026365248,0.01858501,0.0099543305,0.023635529,1,4316,21.58,21.589995622634888,0,0.5867730975151062,0.4132268726825714,False
4318,21.59,0.038655333,0.04210072,0.034609675,0.04823844,1,4316,21.58,21.589995622634888,0,0.5867730975151062,0.4132268726825714,False
4319,21.595,0.046483796,0.055666003,0.04918961,0.059751496,1,4316,21.58,21.589995622634888,0,0.5867730975151062,0.4132268726825714,False
4320,21.6,0.045131724,0.053690683,0.048238844,0.054536458,1,4320,21.6,21.602769136428837,0,0.7251884341239929,0.2748115658760071,False
4321,21.605,0.032220285,0.036847252,0.03280948,0.035867594,1,4320,21.6,21.602769136428837,0,0.7251884341239929,0.2748115658760071,False
4322,21.61,0.012343584,0.0132764755,0.01118708,0.012411122,1,4320,21.6,21.602769136428837,0,0.7251884341239929,0.2748115658760071,False
4323,21.615,-0.0042635966,-0.005193044,-0.004952449,-0.0057111727,1,4320,21.6,21.602769136428837,0,0.7251884341239929,0.2748115658760071,False
4324,21.62,-0.009239054,-0.010487612,-0.007866898,-0.011894724,1,4324,21.62,21.62462019920349,0,0.8130520582199097,0.1869478970766067,False
4325,21.625,-0.0032907673,-0.0039963005,0.0006316072,-0.0067883274,1,4324,21.62,21.62462019920349,0,0.8130520582199097,0.1869478970766067,False
4326,21.63,0.0043557277,0.0048874966,0.010760421,0.0021335464,1,4324,21.62,21.62462019920349,0,0.8130520582199097,0.1869478970766067,False
4327,21.635,0.004632014,0.0070197056,0.013201197,0.00600116,1,4324,21.62,21.62462019920349,0,0.8130520582199097,0.1869478970766067,False
4328,21.64,-0.0027280133,0.0013595059,0.0069699483,0.0013896434,1,4328,21.64,21.650602102279663,0,0.8616970777511597,0.1383029073476791,False
4329,21.645,-0.009417081,-0.0051587448,-0.0009489515,-0.0072772657,1,4328,21.64,21.650602102279663,0,0.8616970777511597,0.1383029073476791,False
4330,21.65,-0.007699391,-0.005670665,-0.0037935958,-0.012168914,1,4328,21.64,21.650602102279663,0,0.8616970777511597,0.1383029073476791,False
4331,21.655,0.0009371672,-0.0009899108,-0.0023002003,-0.009293674,1,4328,21.64,21.650602102279663,0,0.8616970777511597,0.1383029073476791,False
4332,21.66,0.0067900275,0.0013399635,-0.0031806608,-0.0017746005,1,4332,21.66,21.66852211952209,0,0.8809903860092163,0.1190096661448478,False
4333,21.665,0.0016461475,-0.0045051067,-0.010659861,0.0035087417,1,4332,21.66,21.66852211952209,0,0.8809903860092163,0.1190096661448478,False
4334,21.67,-0.013004185,-0.0160199,-0.020864716,0.002011823,1,4332,21.66,21.66852211952209,0,0.8809903860092163,0.1190096661448478,False
4335,21.675,-0.02763257,-0.024899444,-0.025712045,-0.0055585727,1,4332,21.66,21.66852211952209,0,0.8809903860092163,0.1190096661448478,False
4336,21.68,-0.033861045,-0.025733117,-0.02198915,-0.015229631,1,4336,21.68,21.683926105499268,0,0.884373128414154,0.1156268268823623,False
4337,21.685,-0.031172836,-0.021084012,-0.015164668,-0.023293879,1,4336,21.68,21.683926105499268,0,0.884373128414154,0.1156268268823623,False
4338,21.69,-0.0248533,-0.017622784,-0.013416905,-0.027695673,1,4336,21.68,21.683926105499268,0,0.884373128414154,0.1156268268823623,False
4339,21.695,-0.019011172,-0.018308274,-0.01858341,-0.027393257,1,4336,21.68,21.683926105499268,0,0.884373128414154,0.1156268268823623,False
4340,21.7,-0.013157086,-0.019652573,-0.024137478,-0.02226461,1,4340,21.7,21.70253849029541,0,0.8880165815353394,0.1119833663105964,False
4341,21.705,-0.005236548,-0.016497703,-0.022078129,-0.01416389,1,4340,21.7,21.70253849029541,0,0.8880165815353394,0.1119833663105964,False
4342,21.71,0.004125691,-0.007873284,-0.010658835,-0.0066799764,1,4340,21.7,21.70253849029541,0,0.8880165815353394,0.1119833663105964,False
4343,21.715,0.012153009,0.0030337686,0.0053212517,-0.0019669735,1,4340,21.7,21.70253849029541,0,0.8880165815353394,0.1119833663105964,False
4344,21.72,0.018375674,0.014023606,0.020845706,0.0027130623,1,4344,21.72,21.727262258529663,0,0.8905740976333618,0.1094258800148963,False
4345,21.725,0.026719786,0.02712585,0.035512198,0.014025299,1,4344,21.72,21.727262258529663,0,0.8905740976333618,0.1094258800148963,False
4346,21.73,0.04142357,0.045370214,0.051308,0.03619449,1,4344,21.72,21.727262258529663,0,0.8905740976333618,0.1094258800148963,False
4347,21.735,0.06034037,0.066325255,0.06641769,0.064389236,1,4344,21.72,21.727262258529663,0,0.8905740976333618,0.1094258800148963,False
4348,21.74,0.07306739,0.07990736,0.07284875,0.08478064,1,4348,21.74,21.74090838432312,0,0.8907930254936218,0.1092069745063781,False
4349,21.745,0.06740635,0.07420822,0.061619084,0.082978174,1,4348,21.74,21.74090838432312,0,0.8907930254936218,0.1092069745063781,False
4350,21.75,0.039514203,0.04514129,0.031139033,0.054784983,1,4348,21.74,21.74090838432312,0,0.8907930254936218,0.1092069745063781,False
4351,21.755,-0.0013958875,0.0013316033,-0.009345144,0.010259452,1,4348,21.74,21.74090838432312,0,0.8907930254936218,0.1092069745063781,False
4352,21.76,-0.038796306,-0.040625192,-0.04499192,-0.03272449,1,4352,21.76,21.76849389076233,0,0.8742672204971313,0.125732809305191,False
4353,21.765,-0.060358718,-0.06673178,-0.06478923,-0.060116835,1,4352,21.76,21.76849389076233,0,0.8742672204971313,0.125732809305191,False
4354,21.77,-0.06489647,-0.07297486,-0.06691038,-0.068805635,1,4352,21.76,21.76849389076233,0,0.8742672204971313,0.125732809305191,False
4355,21.775,-0.059190907,-0.064237356,-0.056410667,-0.064303845,1,4352,21.76,21.76849389076233,0,0.8742672204971313,0.125732809305191,False
4356,21.78,-0.049673527,-0.048040126,-0.039546587,-0.05329723,1,4356,21.78,21.784146070480347,0,0.8872315287590027,0.1127685159444809,False
4357,21.785,-0.038397063,-0.030312384,-0.0212059,-0.039246023,1,4356,21.78,21.784146070480347,0,0.8872315287590027,0.1127685159444809,False
4358,21.79,-0.026178915,-0.015779437,-0.006393635,-0.024144085,1,4356,21.78,21.784146070480347,0,0.8872315287590027,0.1127685159444809,False
4359,21.795,-0.01656591,-0.008964343,-0.00078971195,-0.011886312,1,4356,21.78,21.784146070480347,0,0.8872315287590027,0.1127685159444809,False
4360,21.8,-0.013779983,-0.011660566,-0.006748074,-0.0073133265,1,4360,21.8,21.802624464035038,0,0.8893684148788452,0.1106316521763801,False
4361,21.805,-0.01632697,-0.018794838,-0.018117143,-0.010930592,1,4360,21.8,21.802624464035038,0,0.8893684148788452,0.1106316521763801,False
4362,21.81,-0.014604136,-0.018733013,-0.021061832,-0.015306505,1,4360,21.8,21.802624464035038,0,0.8893684148788452,0.1106316521763801,False
4363,21.815,0.0026312743,-0.00068693067,-0.00334071,-0.0085038105,1,4360,21.8,21.802624464035038,0,0.8893684148788452,0.1106316521763801,False
4364,21.82,0.037676044,0.03563349,0.034376193,0.016686434,1,4364,21.82,21.82301664352417,0,0.8908784985542297,0.1091215386986732,False
4365,21.825,0.07894248,0.07657293,0.07537807,0.054959387,1,4364,21.82,21.82301664352417,0,0.8908784985542297,0.1091215386986732,False
4366,21.83,0.1067458,0.101459906,0.09643799,0.089240275,1,4364,21.82,21.82301664352417,0,0.8908784985542297,0.1091215386986732,False
4367,21.835,0.10558536,0.095617175,0.08369622,0.10060867,1,4364,21.82,21.82301664352417,0,0.8908784985542297,0.1091215386986732,False
4368,21.84,0.07365334,0.0599711,0.042522028,0.08060804,1,4368,21.84,21.843027114868164,0,0.8908716440200806,0.1091283783316612,False
4369,21.845,0.023325657,0.010341156,-0.006472201,0.036945153,1,4368,21.84,21.843027114868164,0,0.8908716440200806,0.1091283783316612,False
4370,21.85,-0.026389806,-0.0325443,-0.04165108,-0.011403587,1,4368,21.84,21.843027114868164,0,0.8908716440200806,0.1091283783316612,False
4371,21.855,-0.059603352,-0.054766197,-0.053285424,-0.045700293,1,4368,21.84,21.843027114868164,0,0.8908716440200806,0.1091283783316612,False
4372,21.86,-0.070022,-0.055110797,-0.046203565,-0.057353754,1,4372,21.86,21.86650967597961,0,0.8617498874664307,0.1382500678300857,False
4373,21.865,-0.062026486,-0.04285864,-0.0326939,-0.050352745,1,4372,21.86,21.86650967597961,0,0.8617498874664307,0.1382500678300857,False
4374,21.87,-0.046930518,-0.030489499,-0.023117043,-0.03621359,1,4372,21.86,21.86650967597961,0,0.8617498874664307,0.1382500678300857,False
4375,21.875,-0.036238033,-0.026132755,-0.02081914,-0.025838511,1,4372,21.86,21.86650967597961,0,0.8617498874664307,0.1382500678300857,False
4376,21.88,-0.034823034,-0.029521063,-0.022621028,-0.023421897,1,4376,21.88,21.88299250602722,0,0.8880828022956848,0.1119172498583793,False
4377,21.885,-0.038002178,-0.03323874,-0.022485666,-0.025530824,1,4376,21.88,21.88299250602722,0,0.8880828022956848,0.1119172498583793,False
4378,21.89,-0.035277937,-0.028629117,-0.015763067,-0.025304327,1,4376,21.88,21.88299250602722,0,0.8880828022956848,0.1119172498583793,False
4379,21.895,-0.019053858,-0.0128235845,-0.0023227944,-0.018609427,1,4376,21.88,21.88299250602722,0,0.8880828022956848,0.1119172498583793,False
4380,21.9,0.008092226,0.008202883,0.012828267,-0.0075812014,1,4380,21.9,21.906922817230225,0,0.8898791670799255,0.1101208105683326,False
4381,21.905,0.034016162,0.023466134,0.022277368,0.0012651392,1,4380,21.9,21.906922817230225,0,0.8898791670799255,0.1101208105683326,False
4382,21.91,0.04595864,0.025352946,0.021212496,0.0029340736,1,4380,21.9,21.906922817230225,0,0.8898791670799255,0.1101208105683326,False
4383,21.915,0.040986158,0.016142074,0.011530489,-0.0009624342,1,4380,21.9,21.906922817230225,0,0.8898791670799255,0.1101208105683326,False
4384,21.92,0.02909735,0.0072758025,0.0018132022,-0.0022690035,1,4384,21.92,21.92270231246948,0,0.8909317255020142,0.109068289399147,False
4385,21.925,0.025806842,0.011484211,0.0024951198,0.008227928,1,4384,21.92,21.92270231246948,0,0.8909317255020142,0.109068289399147,False
4386,21.93,0.03967337,0.03328751,0.018885134,0.033781905,1,4384,21.92,21.92270231246948,0,0.8909317255020142,0.109068289399147,False
4387,21.935,0.06450383,0.064522564,0.0463775,0.06796252,1,4384,21.92,21.92270231246948,0,0.8909317255020142,0.109068289399147,False
4388,21.94,0.08233036,0.0879348,0.071156375,0.096572004,1,4388,21.94,21.941224098205566,0,0.8904635906219482,0.1095363795757293,False
4389,21.945,0.07504843,0.08662313,0.07669766,0.10408574,1,4388,21.94,21.941224098205566,0,0.8904635906219482,0.1095363795757293,False
4390,21.95,0.03652389,0.053766757,0.05300607,0.081347466,1,4388,21.94,21.941224098205566,0,0.8904635906219482,0.1095363795757293,False
4391,21.955,-0.022824451,-0.0028614388,0.0034733021,0.030872775,1,4388,21.94,21.941224098205566,0,0.8904635906219482,0.1095363795757293,False
4392,21.96,-0.081528805,-0.064158715,-0.055161703,-0.032989167,1,4392,21.96,21.969597339630127,0,0.8780988454818726,0.1219011917710304,False
4393,21.965,-0.11880179,-0.10907083,-0.10068368,-0.089740515,1,4392,21.96,21.969597339630127,0,0.8780988454818726,0.1219011917710304,False
4394,21.97,-0.12515977,-0.12485032,-0.11699853,-0.121932305,1,4392,21.96,21.969597339630127,0,0.8780988454818726,0.1219011917710304,False
4395,21.975,-0.10571149,-0.11215431,-0.10221766,-0.12296233,1,4392,21.96,21.969597339630127,0,0.8780988454818726,0.1219011917710304,False
4396,21.98,-0.074609526,-0.08203152,-0.06778953,-0.098770164,1,4396,21.98,21.983015298843384,0,0.8860316872596741,0.1139683425426483,False
4397,21.985,-0.04475962,-0.04735505,-0.02957576,-0.062517114,1,4396,21.98,21.983015298843384,0,0.8860316872596741,0.1139683425426483,False
4398,21.99,-0.020013556,-0.015212819,0.002085619,-0.02627599,1,4396,21.98,21.983015298843384,0,0.8860316872596741,0.1139683425426483,False
4399,21.995,0.004615107,0.014327363,0.02586479,0.004278905,1,4396,21.98,21.983015298843384,0,0.8860316872596741,0.1139683425426483,False
4400,22.0,0.03519818,0.04325132,0.045062985,0.029100142,1,4400,22.0,22.00254440307617,0,0.8867170810699463,0.1132829114794731,False
4401,22.005,0.070308074,0.06986672,0.06090632,0.049099933,1,4400,22.0,22.00254440307617,0,0.8867170810699463,0.1132829114794731,False
4402,22.01,0.09927131,0.08784506,0.07021434,0.06262336,1,4400,22.0,22.00254440307617,0,0.8867170810699463,0.1132829114794731,False
4403,22.015,0.10906033,0.090573676,0.068808034,0.06613989,1,4400,22.0,22.00254440307617,0,0.8867170810699463,0.1132829114794731,False
4404,22.02,0.09393879,0.07633776,0.056118697,0.057781197,1,4404,22.02,22.023834228515625,0,0.8902377486228943,0.1097622066736221,False
4405,22.025,0.05976237,0.049676053,0.036038306,0.03990885,1,4404,22.02,22.023834228515625,0,0.8902377486228943,0.1097622066736221,False
4406,22.03,0.01998318,0.018465443,0.013807708,0.018454075,1,4404,22.02,22.023834228515625,0,0.8902377486228943,0.1097622066736221,False
4407,22.035,-0.012549866,-0.009968217,-0.0070953,7.4787255e-05,1,4404,22.02,22.023834228515625,0,0.8902377486228943,0.1097622066736221,False
4408,22.04,-0.031519335,-0.03070826,-0.024921834,-0.010359163,1,4408,22.04,22.04282164573669,0,0.8732298016548157,0.1267701536417007,False
4409,22.045,-0.03760076,-0.041064482,-0.037499662,-0.010740382,1,4408,22.04,22.04282164573669,0,0.8732298016548157,0.1267701536417007,False
4410,22.05,-0.0350159,-0.040220723,-0.041430015,-0.0018297775,1,4408,22.04,22.04282164573669,0,0.8732298016548157,0.1267701536417007,False
4411,22.055,-0.027880132,-0.02973047,-0.034282126,0.012611604,1,4408,22.04,22.04282164573669,0,0.8732298016548157,0.1267701536417007,False
4412,22.06,-0.018906597,-0.014023143,-0.017771013,0.026020197,1,4412,22.06,22.06733107566833,0,0.8860019445419312,0.1139980778098106,False
4413,22.065,-0.010382373,0.0004749721,0.001542279,0.030704772,1,4412,22.06,22.06733107566833,0,0.8860019445419312,0.1139980778098106,False
4414,22.07,-0.0052842563,0.007886419,0.015391024,0.02123877,1,4412,22.06,22.06733107566833,0,0.8860019445419312,0.1139980778098106,False
4415,22.075,-0.0064387885,0.0058048754,0.018676031,-0.0020820003,1,4412,22.06,22.06733107566833,0,0.8860019445419312,0.1139980778098106,False
4416,22.08,-0.013959259,-0.003457203,0.012226843,-0.032370973,1,4416,22.08,22.0830819606781,0,0.8882977962493896,0.1117022857069969,False
4417,22.085,-0.023854597,-0.0146306995,0.0010861965,-0.059311826,1,4416,22.08,22.0830819606781,0,0.8882977962493896,0.1117022857069969,False
4418,22.09,-0.030454399,-0.023428444,-0.010305481,-0.07480335,1,4416,22.08,22.0830819606781,0,0.8882977962493896,0.1117022857069969,False
4419,22.095,-0.031243177,-0.029487733,-0.021547928,-0.07705639,1,4416,22.08,22.0830819606781,0,0.8882977962493896,0.1117022857069969,False
4420,22.1,-0.028891517,-0.035126712,-0.034564078,-0.06972673,1,4420,22.1,22.102651119232178,0,0.8890677094459534,0.110932245850563,False
4421,22.105,-0.027164154,-0.040385604,-0.04792863,-0.056752626,1,4420,22.1,22.102651119232178,0,0.8890677094459534,0.110932245850563,False
4422,22.11,-0.024483146,-0.039494608,-0.05355442,-0.037870824,1,4420,22.1,22.102651119232178,0,0.8890677094459534,0.110932245850563,False
4423,22.115,-0.013215606,-0.024076408,-0.041239846,-0.009717853,1,4420,22.1,22.102651119232178,0,0.8890677094459534,0.110932245850563,False
4424,22.12,0.012455972,0.008083034,-0.008726722,0.0280227,1,4424,22.12,22.123303413391117,0,0.8915418386459351,0.1084581613540649,False
4425,22.125,0.047560275,0.047161154,0.032584764,0.06780572,1,4424,22.12,22.123303413391117,0,0.8915418386459351,0.1084581613540649,False
4426,22.13,0.0768966,0.07591709,0.06385756,0.096699655,1,4424,22.12,22.123303413391117,0,0.8915418386459351,0.1084581613540649,False
4427,22.135,0.086318366,0.08220665,0.07280444,0.104842395,1,4424,22.12,22.123303413391117,0,0.8915418386459351,0.1084581613540649,False
4428,22.14,0.073770836,0.067719474,0.06223645,0.09195117,1,4428,22.14,22.14519476890564,0,0.8908326625823975,0.1091673225164413,False
4429,22.145,0.04880867,0.044338387,0.044811312,0.06571642,1,4428,22.14,22.14519476890564,0,0.8908326625823975,0.1091673225164413,False
4430,22.15,0.021997685,0.022401592,0.030055717,0.034520842,1,4428,22.14,22.14519476890564,0,0.8908326625823975,0.1091673225164413,False
4431,22.155,-0.0034580047,0.0034356108,0.017571988,0.0026191487,1,4428,22.14,22.14519476890564,0,0.8908326625823975,0.1091673225164413,False
4432,22.16,-0.029186359,-0.015919872,0.0025385963,-0.027858458,1,4432,22.16,22.158605575561523,0,0.8784844279289246,0.121515616774559,False
4433,22.165,-0.052971456,-0.035002764,-0.014525298,-0.052227102,1,4432,22.16,22.158605575561523,0,0.8784844279289246,0.121515616774559,False
4434,22.17,-0.065662175,-0.046422422,-0.025835708,-0.06304711,1,4432,22.16,22.158605575561523,0,0.8784844279289246,0.121515616774559,False
4435,22.175,-0.058276523,-0.042807665,-0.024446115,-0.055781115,1,4432,22.16,22.158605575561523,0,0.8784844279289246,0.121515616774559,False
4436,22.18,-0.031908218,-0.025413971,-0.012923265,-0.034363654,1,4436,22.18,22.190794944763184,0,0.8851426243782043,0.1148573979735374,False
4437,22.185,0.00012584483,-0.0052861446,-0.0028230634,-0.010396685,1,4436,22.18,22.190794944763184,0,0.8851426243782043,0.1148573979735374,False
4438,22.19,0.020418659,0.004305507,-0.005348649,0.0038053722,1,4436,22.18,22.190794944763184,0,0.8851426243782043,0.1148573979735374,False
4439,22.195,0.018852908,-0.0027578906,-0.022262665,0.0023968513,1,4436,22.18,22.190794944763184,0,0.8851426243782043,0.1148573979735374,False
4440,22.2,-0.001526476,-0.021699497,-0.044807028,-0.011732225,1,4440,22.2,22.209121465682983,0,0.8897614479064941,0.110238529741764,False
4441,22.205,-0.02714032,-0.040400635,-0.06021273,-0.029664194,1,4440,22.2,22.209121465682983,0,0.8897614479064941,0.110238529741764,False
4442,22.21,-0.041870207,-0.04661384,-0.05955141,-0.0409663,1,4440,22.2,22.209121465682983,0,0.8897614479064941,0.110238529741764,False
4443,22.215,-0.035539187,-0.03434135,-0.041715354,-0.0378301,1,4440,22.2,22.209121465682983,0,0.8897614479064941,0.110238529741764,False
4444,22.22,-0.0092593,-0.006829673,-0.012835479,-0.018578487,1,4444,22.22,22.22133779525757,0,0.8903135061264038,0.1096864193677902,False
4445,22.225,0.024682565,0.02472498,0.016932456,0.010329422,1,4444,22.22,22.22133779525757,0,0.8903135061264038,0.1096864193677902,False
4446,22.23,0.04920004,0.046620432,0.037710376,0.036315024,1,4444,22.22,22.22133779525757,0,0.8903135061264038,0.1096864193677902,False
4447,22.235,0.052460972,0.05021527,0.04437595,0.047751117,1,4444,22.22,22.22133779525757,0,0.8903135061264038,0.1096864193677902,False
4448,22.24,0.035418894,0.03732867,0.039420247,0.042162996,1,4448,22.24,22.26792287826538,0,0.8909279704093933,0.1090719848871231,False
4449,22.245,0.011003236,0.01923097,0.031641122,0.028474059,1,4448,22.24,22.26792287826538,0,0.8909279704093933,0.1090719848871231,False
4450,22.25,-0.0052065975,0.008804483,0.030013885,0.019807057,1,4448,22.24,22.26792287826538,0,0.8909279704093933,0.1090719848871231,False
4451,22.255,-0.0062896204,0.010859883,0.036231548,0.021825587,1,4448,22.24,22.26792287826538,0,0.8909279704093933,0.1090719848871231,False
4452,22.26,0.0013733519,0.018169574,0.042102452,0.02698974,1,4452,22.26,22.271923065185547,0,0.8812631368637085,0.1187368333339691,False
4453,22.265,0.004268288,0.017484622,0.035541352,0.021137562,1,4452,22.26,22.271923065185547,0,0.8812631368637085,0.1187368333339691,False
4454,22.27,-0.005467522,0.0018848842,0.011802719,-0.0022074003,1,4452,22.26,22.271923065185547,0,0.8812631368637085,0.1187368333339691,False
4455,22.275,-0.021186704,-0.020832332,-0.019456623,-0.032675654,1,4452,22.26,22.271923065185547,0,0.8812631368637085,0.1187368333339691,False
4456,22.28,-0.025758136,-0.03253235,-0.039121863,-0.048820447,1,4456,22.28,22.28590178489685,0,0.8814579844474792,0.1185420528054237,False
4457,22.285,-0.0069650486,-0.02010647,-0.03352091,-0.035503097,1,4456,22.28,22.28590178489685,0,0.8814579844474792,0.1185420528054237,False
4458,22.29,0.028718306,0.011114729,-0.007137428,0.0018814949,1,4456,22.28,22.28590178489685,0,0.8814579844474792,0.1185420528054237,False
4459,22.295,0.057631113,0.038906418,0.01885239,0.039424423,1,4456,22.28,22.28590178489685,0,0.8814579844474792,0.1185420528054237,False
4460,22.3,0.056229793,0.040655643,0.02222672,0.051846202,1,4460,22.3,22.302683115005493,0,0.889717698097229,0.1102823466062545,False
4461,22.305,0.019660708,0.010786843,-0.0033997984,0.030301867,1,4460,22.3,22.302683115005493,0,0.889717698097229,0.1102823466062545,False
4462,22.31,-0.034382265,-0.03566219,-0.044417925,-0.013242419,1,4460,22.3,22.302683115005493,0,0.889717698097229,0.1102823466062545,False
4463,22.315,-0.07872039,-0.074808374,-0.077851444,-0.056241028,1,4460,22.3,22.302683115005493,0,0.889717698097229,0.1102823466062545,False
4464,22.32,-0.09426483,-0.089275666,-0.086322874,-0.079721645,1,4464,22.32,22.3226957321167,0,0.8878167867660522,0.1121832355856895,False
4465,22.325,-0.07836928,-0.07507143,-0.06576988,-0.07576079,1,4464,22.32,22.3226957321167,0,0.8878167867660522,0.1121832355856895,False
4466,22.33,-0.041106015,-0.03858213,-0.023544393,-0.046869706,1,4464,22.32,22.3226957321167,0,0.8878167867660522,0.1121832355856895,False
4467,22.335,0.0031899114,0.009044772,0.027193973,-0.0026927188,1,4464,22.32,22.3226957321167,0,0.8878167867660522,0.1121832355856895,False
4468,22.34,0.04149624,0.05447366,0.07141787,0.0423006,1,4468,22.34,22.34870386123657,0,0.8864578008651733,0.1135422065854072,False
4469,22.345,0.0638642,0.08336192,0.095002845,0.07181257,1,4468,22.34,22.34870386123657,0,0.8864578008651733,0.1135422065854072,False
4470,22.35,0.06489225,0.08466172,0.08927792,0.073927395,1,4468,22.34,22.34870386123657,0,0.8864578008651733,0.1135422065854072,False
4471,22.355,0.046457037,0.05767646,0.056522798,0.048284814,1,4468,22.34,22.34870386123657,0,0.8864578008651733,0.1135422065854072,False
4472,22.36,0.018836904,0.015499201,0.0112606995,0.008117087,1,4472,22.36,22.36556434631348,0,0.8863633871078491,0.1136365681886673,False
4473,22.365,-0.0033012636,-0.020702148,-0.026279544,-0.026312781,1,4472,22.36,22.36556434631348,0,0.8863633871078491,0.1136365681886673,False
4474,22.37,-0.009277731,-0.03433977,-0.041543953,-0.039282735,1,4472,22.36,22.36556434631348,0,0.8863633871078491,0.1136365681886673,False
4475,22.375,0.00050558685,-0.023812259,-0.033903778,-0.028194161,1,4472,22.36,22.36556434631348,0,0.8863633871078491,0.1136365681886673,False
4476,22.38,0.014759306,-0.0023775946,-0.015562043,-0.0035285663,1,4476,22.38,22.384087324142456,0,0.8790186643600464,0.1209813207387924,False
4477,22.385,0.019648653,0.0124787185,-0.0019779115,0.018908119,1,4476,22.38,22.384087324142456,0,0.8790186643600464,0.1209813207387924,False
4478,22.39,0.009341764,0.011668807,-0.0010887751,0.027568305,1,4476,22.38,22.384087324142456,0,0.8790186643600464,0.1209813207387924,False
4479,22.395,-0.0097945705,-0.00074103044,-0.009290782,0.020537216,1,4476,22.38,22.384087324142456,0,0.8790186643600464,0.1209813207387924,False
4480,22.4,-0.025217107,-0.013601996,-0.016657664,0.004282376,1,4480,22.4,22.402617692947388,0,0.886847198009491,0.113152839243412,False
4481,22.405,-0.029410228,-0.0193366,-0.016474904,-0.012238028,1,4480,22.4,22.402617692947388,0,0.886847198009491,0.113152839243412,False
4482,22.41,-0.026033396,-0.01942617,-0.010691586,-0.02342308,1,4480,22.4,22.402617692947388,0,0.886847198009491,0.113152839243412,False
4483,22.415,-0.025008125,-0.02027671,-0.006503072,-0.028611075,1,4480,22.4,22.402617692947388,0,0.886847198009491,0.113152839243412,False
4484,22.42,-0.03116676,-0.0242868,-0.0074628014,-0.028889088,1,4484,22.42,22.425945043563843,0,0.8897782564163208,0.1102217212319374,False
4485,22.425,-0.03785417,-0.025570387,-0.008204934,-0.023161152,1,4484,22.42,22.425945043563843,0,0.8897782564163208,0.1102217212319374,False
4486,22.43,-0.032392826,-0.015239561,0.0008929698,-0.008544179,1,4484,22.42,22.425945043563843,0,0.8897782564163208,0.1102217212319374,False
4487,22.435,-0.008545505,0.008450515,0.022520054,0.014370981,1,4484,22.42,22.425945043563843,0,0.8897782564163208,0.1102217212319374,False
4488,22.44,0.026018756,0.03521566,0.045852944,0.03710091,1,4488,22.44,22.442715644836422,0,0.8902081847190857,0.1097917929291725,False
4489,22.445,0.05442486,0.048911564,0.052884877,0.04626878,1,4488,22.44,22.442715644836422,0,0.8902081847190857,0.1097917929291725,False
4490,22.45,0.063046716,0.04025904,0.033846572,0.033710837,1,4488,22.44,22.442715644836422,0,0.8902081847190857,0.1097917929291725,False
4491,22.455,0.050713155,0.015106166,-0.0020786312,0.0051309187,1,4488,22.44,22.442715644836422,0,0.8902081847190857,0.1097917929291725,False
4492,22.46,0.0277024,-0.009291238,-0.031774428,-0.021744542,1,4492,22.46,22.459891319274902,0,0.8846215009689331,0.1153784841299057,False
4493,22.465,0.0069636353,-0.017183002,-0.03599036,-0.02960434,1,4492,22.46,22.459891319274902,0,0.8846215009689331,0.1153784841299057,False
4494,22.47,-0.00440655,-0.005876496,-0.014811629,-0.014633149,1,4492,22.46,22.459891319274902,0,0.8846215009689331,0.1153784841299057,False
4495,22.475,-0.0074286778,0.01318309,0.012730575,0.01083566,1,4492,22.46,22.459891319274902,0,0.8846215009689331,0.1153784841299057,False
4496,22.48,-0.007402964,0.023958132,0.024348473,0.028077556,1,4496,22.48,22.485453844070435,0,0.8887045979499817,0.1112954393029213,False
4497,22.485,-0.008584697,0.017694965,0.011627537,0.025562406,1,4496,22.48,22.485453844070435,0,0.8887045979499817,0.1112954393029213,False
4498,22.49,-0.011762104,-0.002088967,-0.0154912425,0.005518326,1,4496,22.48,22.485453844070435,0,0.8887045979499817,0.1112954393029213,False
4499,22.495,-0.015552724,-0.02409583,-0.038778447,-0.020141186,1,4496,22.48,22.485453844070435,0,0.8887045979499817,0.1112954393029213,False
4500,22.5,-0.018931953,-0.0380671,-0.04590262,-0.039148655,1,4500,22.5,22.504178285598755,0,0.8861439228057861,0.113856092095375,False
4501,22.505,-0.022150958,-0.04056522,-0.03693192,-0.045499764,1,4500,22.5,22.504178285598755,0,0.8861439228057861,0.113856092095375,False
4502,22.51,-0.025508644,-0.03448462,-0.020300312,-0.039936595,1,4500,22.5,22.504178285598755,0,0.8861439228057861,0.113856092095375,False
4503,22.515,-0.027810756,-0.024700826,-0.0045703514,-0.026667178,1,4500,22.5,22.504178285598755,0,0.8861439228057861,0.113856092095375,False
4504,22.52,-0.026488228,-0.014352176,0.006457425,-0.010314667,1,4504,22.52,22.522999048233032,0,0.8904880881309509,0.109511874616146,False
4505,22.525,-0.019424027,-0.0041198577,0.013270771,0.005312845,1,4504,22.52,22.522999048233032,0,0.8904880881309509,0.109511874616146,False
4506,22.53,-0.0067606336,0.0063243415,0.017892966,0.017568786,1,4504,22.52,22.522999048233032,0,0.8904880881309509,0.109511874616146,False
4507,22.535,0.008875737,0.016796231,0.022097072,0.025444534,1,4504,22.52,22.522999048233032,0,0.8904880881309509,0.109511874616146,False
4508,22.54,0.023670549,0.026193364,0.02694139,0.029814778,1,4508,22.54,22.542694091796875,0,0.8909904360771179,0.1090096235275268,False
4509,22.545,0.03423377,0.033040393,0.032412887,0.03263234,1,4508,22.54,22.542694091796875,0,0.8909904360771179,0.1090096235275268,False
4510,22.55,0.03862022,0.036265235,0.03697815,0.035257127,1,4508,22.54,22.542694091796875,0,0.8909904360771179,0.1090096235275268,False
4511,22.555,0.03658106,0.03554356,0.03793389,0.037032597,1,4508,22.54,22.542694091796875,0,0.8909904360771179,0.1090096235275268,False
4512,22.56,0.029036434,0.030792616,0.032628268,0.034971826,1,4512,22.56,22.573346376419067,0,0.8873133659362793,0.1126866191625595,False
4513,22.565,0.016992692,0.021163037,0.019403985,0.024795784,1,4512,22.56,22.573346376419067,0,0.8873133659362793,0.1126866191625595,False
4514,22.57,0.0010829009,0.005091926,-0.0020970453,0.003511549,1,4512,22.56,22.573346376419067,0,0.8873133659362793,0.1126866191625595,False
4515,22.575,-0.016933745,-0.017138796,-0.029910112,-0.026754448,1,4512,22.56,22.573346376419067,0,0.8873133659362793,0.1126866191625595,False
4516,22.58,-0.03172153,-0.03976659,-0.057520714,-0.056030713,1,4516,22.58,22.58479475975037,0,0.8807889819145203,0.1192109733819961,False
4517,22.585,-0.03472825,-0.05144876,-0.07342314,-0.06896486,1,4516,22.58,22.58479475975037,0,0.8807889819145203,0.1192109733819961,False
4518,22.59,-0.019702327,-0.04186323,-0.06630139,-0.053974222,1,4516,22.58,22.58479475975037,0,0.8807889819145203,0.1192109733819961,False
4519,22.595,0.01017211,-0.01134775,-0.034325253,-0.01376752,1,4516,22.58,22.58479475975037,0,0.8807889819145203,0.1192109733819961,False
4520,22.6,0.040940862,0.025538867,0.0096513545,0.032415662,1,4520,22.6,22.61816668510437,0,0.890283465385437,0.1097164824604988,False
4521,22.605,0.055723656,0.04820132,0.044272207,0.059652783,1,4520,22.6,22.61816668510437,0,0.890283465385437,0.1097164824604988,False
4522,22.61,0.046185654,0.044778317,0.05438671,0.05447346,1,4520,22.6,22.61816668510437,0,0.890283465385437,0.1097164824604988,False
4523,22.615,0.017821603,0.020856723,0.04191884,0.024269028,1,4520,22.6,22.61816668510437,0,0.890283465385437,0.1097164824604988,False
4524,22.62,-0.0153535055,-0.0060258606,0.022637079,-0.009453898,1,4524,22.62,22.61816668510437,0,0.8897690176963806,0.110230952501297,False
4525,22.625,-0.04148848,-0.021333026,0.01144795,-0.028318627,1,4524,22.62,22.61816668510437,0,0.8897690176963806,0.110230952501297,False
4526,22.63,-0.057563238,-0.024469528,0.009768597,-0.029981224,1,4524,22.62,22.61816668510437,0,0.8897690176963806,0.110230952501297,False
4527,22.635,-0.0673818,-0.026336309,0.0063442187,-0.02635996,1,4524,22.62,22.61816668510437,0,0.8897690176963806,0.110230952501297,False
4528,22.64,-0.07437627,-0.036787856,-0.010141425,-0.030331498,1,4528,22.64,22.64000964164734,0,0.8896167278289795,0.1103832498192787,False
4529,22.645,-0.07647328,-0.054112095,-0.039040208,-0.04350913,1,4528,22.64,22.64000964164734,0,0.8896167278289795,0.1103832498192787,False
4530,22.65,-0.06723326,-0.06574926,-0.0670252,-0.055158135,1,4528,22.64,22.64000964164734,0,0.8896167278289795,0.1103832498192787,False
4531,22.655,-0.041545004,-0.058631226,-0.078172795,-0.051566835,1,4528,22.64,22.64000964164734,0,0.8896167278289795,0.1103832498192787,False
4532,22.66,-0.00071538036,-0.029431686,-0.06508927,-0.026791042,1,4532,22.66,22.6727991104126,0,0.888521134853363,0.1114788129925727,False
4533,22.665,0.047023043,0.013540349,-0.032176416,0.013709598,1,4532,22.66,22.6727991104126,0,0.888521134853363,0.1114788129925727,False
4534,22.67,0.09051411,0.05679329,0.009496744,0.057653315,1,4532,22.66,22.6727991104126,0,0.888521134853363,0.1114788129925727,False
4535,22.675,0.12068426,0.08964212,0.04931753,0.093181156,1,4532,22.66,22.6727991104126,0,0.888521134853363,0.1114788129925727,False
4536,22.68,0.1328528,0.10728837,0.08023014,0.112716116,1,4536,22.68,22.698660612106323,0,0.8900763988494873,0.1099235489964485,False
4537,22.685,0.12563124,0.10849067,0.09746103,0.112278,1,4536,22.68,22.698660612106323,0,0.8900763988494873,0.1099235489964485,False
4538,22.69,0.09901878,0.09246823,0.096969314,0.08991212,1,4536,22.68,22.698660612106323,0,0.8900763988494873,0.1099235489964485,False
4539,22.695,0.054663807,0.059265256,0.07685255,0.04687243,1,4536,22.68,22.698660612106323,0,0.8900763988494873,0.1099235489964485,False
4540,22.7,-0.0017705217,0.012975972,0.040495403,-0.009251882,1,4540,22.7,22.702686548233032,0,0.875408947467804,0.1245910376310348,False
4541,22.705,-0.059365198,-0.036554847,-0.0025832679,-0.06402593,1,4540,22.7,22.702686548233032,0,0.875408947467804,0.1245910376310348,False
4542,22.71,-0.104638234,-0.07664262,-0.040290456,-0.10128041,1,4540,22.7,22.702686548233032,0,0.875408947467804,0.1245910376310348,False
4543,22.715,-0.12709904,-0.09754059,-0.063462466,-0.1111452,1,4540,22.7,22.702686548233032,0,0.875408947467804,0.1245910376310348,False
4544,22.72,-0.12347579,-0.09636493,-0.06884753,-0.09463639,1,4544,22.72,22.73417377471924,0,0.8780694007873535,0.1219305396080017,False
4545,22.725,-0.09770507,-0.07655921,-0.058059428,-0.06125446,1,4544,22.72,22.73417377471924,0,0.8780694007873535,0.1219305396080017,False
4546,22.73,-0.057998456,-0.04488521,-0.03538853,-0.02259712,1,4544,22.72,22.73417377471924,0,0.8780694007873535,0.1219305396080017,False
4547,22.735,-0.014446976,-0.009608913,-0.0077307513,0.011977534,1,4544,22.72,22.73417377471924,0,0.8780694007873535,0.1219305396080017,False
4548,22.74,0.021766786,0.019446854,0.01430757,0.035313353,1,4548,22.74,22.74265766143799,0,0.8795483708381653,0.1204516813158989,False
4549,22.745,0.04002205,0.031971324,0.018403828,0.041432377,1,4548,22.74,22.74265766143799,0,0.8795483708381653,0.1204516813158989,False
4550,22.75,0.034860592,0.021759732,-0.0025110645,0.027651321,1,4548,22.74,22.74265766143799,0,0.8795483708381653,0.1204516813158989,False
4551,22.755,0.011182474,-0.007361098,-0.04257548,-0.0010120238,1,4548,22.74,22.74265766143799,0,0.8795483708381653,0.1204516813158989,False
4552,22.76,-0.015363288,-0.039863724,-0.08192001,-0.03047556,1,4552,22.76,22.760043144226078,0,0.8865054249763489,0.1134945973753929,False
4553,22.765,-0.025478883,-0.054666467,-0.09548117,-0.043039743,1,4552,22.76,22.760043144226078,0,0.8865054249763489,0.1134945973753929,False
4554,22.77,-0.0071999663,-0.036636528,-0.06721589,-0.027271645,1,4552,22.76,22.760043144226078,0,0.8865054249763489,0.1134945973753929,False
4555,22.775,0.03644964,0.013597796,-0.00063046534,0.014382296,1,4552,22.76,22.760043144226078,0,0.8865054249763489,0.1134945973753929,False
4556,22.78,0.0879901,0.07789239,0.08115471,0.065485835,1,4556,22.78,22.787976026535038,0,0.8868780732154846,0.1131219267845153,False
4557,22.785,0.123523764,0.12826599,0.14577423,0.10298449,1,4556,22.78,22.787976026535038,0,0.8868780732154846,0.1131219267845153,False
4558,22.79,0.12373186,0.14006978,0.16652112,0.10785569,1,4556,22.78,22.787976026535038,0,0.8868780732154846,0.1131219267845153,False
4559,22.795,0.082884,0.104148045,0.13437665,0.07405132,1,4556,22.78,22.787976026535038,0,0.8868780732154846,0.1131219267845153,False
4560,22.8,0.01233426,0.032120686,0.06201778,0.01205971,1,4560,22.8,22.799827814102173,0,0.8737813234329224,0.1262187510728836,False
4561,22.805,-0.06331892,-0.0481798,-0.021715986,-0.054816093,1,4560,22.8,22.799827814102173,0,0.8737813234329224,0.1262187510728836,False
4562,22.81,-0.11672033,-0.10563037,-0.08471767,-0.10075686,1,4560,22.8,22.799827814102173,0,0.8737813234329224,0.1262187510728836,False
4563,22.815,-0.13044786,-0.1207865,-0.10618731,-0.109724194,1,4560,22.8,22.799827814102173,0,0.8737813234329224,0.1262187510728836,False
4564,22.82,-0.104770236,-0.09432524,-0.08534672,-0.08255819,1,4564,22.82,22.82257652282715,0,0.8675779104232788,0.1324221342802047,False
4565,22.825,-0.05536455,-0.043804616,-0.039226696,-0.034156498,1,4564,22.82,22.82257652282715,0,0.8675779104232788,0.1324221342802047,False
4566,22.83,-0.0028237894,0.008279542,0.008576244,0.016671201,1,4564,22.82,22.82257652282715,0,0.8675779104232788,0.1324221342802047,False
4567,22.835,0.037844013,0.045753848,0.03986863,0.05624304,1,4564,22.82,22.82257652282715,0,0.8675779104232788,0.1324221342802047,False
4568,22.84,0.06026272,0.061803274,0.046802215,0.07756746,1,4568,22.84,22.83679676055908,0,0.8716241717338562,0.128375843167305,False
4569,22.845,0.0627139,0.055122036,0.029625064,0.07655657,1,4568,22.84,22.83679676055908,0,0.8716241717338562,0.128375843167305,False
4570,22.85,0.044654354,0.02713645,-0.0062949103,0.050776836,1,4568,22.84,22.83679676055908,0,0.8716241717338562,0.128375843167305,False
4571,22.855,0.009463566,-0.015028685,-0.04965018,0.0045645107,1,4568,22.84,22.83679676055908,0,0.8716241717338562,0.128375843167305,False
4572,22.86,-0.030053858,-0.05478848,-0.08213656,-0.04556803,1,4572,22.86,22.876655101776123,0,0.8827551007270813,0.1172448843717575,False
4573,22.865,-0.05297615,-0.07059536,-0.08430512,-0.07521113,1,4572,22.86,22.876655101776123,0,0.8827551007270813,0.1172448843717575,False
4574,22.87,-0.042599723,-0.049899314,-0.048482094,-0.06747863,1,4572,22.86,22.876655101776123,0,0.8827551007270813,0.1172448843717575,False
4575,22.875,-0.0014583347,-0.0016183899,0.0115889665,-0.027801357,1,4572,22.86,22.876655101776123,0,0.8827551007270813,0.1172448843717575,False
4576,22.88,0.045571182,0.04614665,0.06571242,0.016786851,1,4576,22.88,22.892566919326782,0,0.8872737288475037,0.1127262637019157,False
4577,22.885,0.06625484,0.06437468,0.08609691,0.036236536,1,4576,22.88,22.892566919326782,0,0.8872737288475037,0.1127262637019157,False
4578,22.89,0.043977607,0.04345788,0.06579782,0.019506725,1,4576,22.88,22.892566919326782,0,0.8872737288475037,0.1127262637019157,False
4579,22.895,-0.009669684,-0.000989455,0.021797355,-0.018379724,1,4576,22.88,22.892566919326782,0,0.8872737288475037,0.1127262637019157,False
4580,22.9,-0.06281788,-0.040694658,-0.018697228,-0.049295243,1,4580,22.9,22.907146215438843,0,0.8723616003990173,0.1276384443044662,False
4581,22.905,-0.08486932,-0.05406022,-0.03614528,-0.05264208,1,4580,22.9,22.907146215438843,0,0.8723616003990173,0.1276384443044662,False
4582,22.91,-0.06483944,-0.037165433,-0.027175738,-0.026749078,1,4580,22.9,22.907146215438843,0,0.8723616003990173,0.1276384443044662,False
4583,22.915,-0.014600704,-0.0012107105,-0.0010993453,0.014949643,1,4580,22.9,22.907146215438843,0,0.8723616003990173,0.1276384443044662,False
4584,22.92,0.04171301,0.037194796,0.028158223,0.05531421,1,4584,22.92,22.938422918319706,0,0.8878697156906128,0.1121302619576454,False
4585,22.925,0.08194696,0.06396547,0.047562536,0.08169012,1,4584,22.92,22.938422918319706,0,0.8878697156906128,0.1121302619576454,False
4586,22.93,0.09462766,0.070647255,0.04767937,0.08752193,1,4584,22.92,22.938422918319706,0,0.8878697156906128,0.1121302619576454,False
4587,22.935,0.07984276,0.05524227,0.02583582,0.07153037,1,4584,22.92,22.938422918319706,0,0.8878697156906128,0.1121302619576454,False
4588,22.94,0.045518566,0.022937853,-0.010567752,0.038335513,1,4588,22.94,22.952722787857056,0,0.8894627690315247,0.1105372086167335,False
4589,22.945,0.003049562,-0.014635942,-0.04526728,-0.001001681,1,4588,22.94,22.952722787857056,0,0.8894627690315247,0.1105372086167335,False
4590,22.95,-0.03604759,-0.04379631,-0.061484307,-0.032478113,1,4588,22.94,22.952722787857056,0,0.8894627690315247,0.1105372086167335,False
4591,22.955,-0.06268852,-0.055560093,-0.05269167,-0.046657793,1,4588,22.94,22.952722787857056,0,0.8894627690315247,0.1105372086167335,False
4592,22.96,-0.07225208,-0.050056886,-0.026871776,-0.044588476,1,4592,22.96,22.973037004470825,0,0.8775838613510132,0.1224162131547927,False
4593,22.965,-0.065532,-0.035032198,-5.986589e-05,-0.036354173,1,4592,22.96,22.973037004470825,0,0.8775838613510132,0.1224162131547927,False
4594,22.97,-0.04792096,-0.01979564,0.015430615,-0.03270576,1,4592,22.96,22.973037004470825,0,0.8775838613510132,0.1224162131547927,False
4595,22.975,-0.02692573,-0.009614871,0.018024629,-0.03666833,1,4592,22.96,22.973037004470825,0,0.8775838613510132,0.1224162131547927,False
4596,22.98,-0.009007498,-0.0044228085,0.01411269,-0.04217853,1,4596,22.98,22.991718530654907,0,0.8887031078338623,0.1112968996167182,False
4597,22.985,0.0028165735,-0.0015093888,0.009785519,-0.04048994,1,4596,22.98,22.991718530654907,0,0.8887031078338623,0.1112968996167182,False
4598,22.99,0.009373423,0.0010815752,0.0055720825,-0.028292416,1,4596,22.98,22.991718530654907,0,0.8887031078338623,0.1112968996167182,False
4599,22.995,0.01358552,0.003353694,-0.0015711002,-0.010301389,1,4596,22.98,22.991718530654907,0,0.8887031078338623,0.1112968996167182,False
4600,23.0,0.018024297,0.004809452,-0.012222318,0.0057039913,1,4600,23.0,23.00456595420837,0,0.8890969753265381,0.1109030321240425,False
4601,23.005,0.023753721,0.0066677043,-0.021020921,0.016473798,1,4600,23.0,23.00456595420837,0,0.8890969753265381,0.1109030321240425,False
4602,23.01,0.03084922,0.012171558,-0.019487038,0.0260442,1,4600,23.0,23.00456595420837,0,0.8890969753265381,0.1109030321240425,False
4603,23.015,0.038865164,0.02376346,-0.0030505524,0.040562965,1,4600,23.0,23.00456595420837,0,0.8890969753265381,0.1109030321240425,False
4604,23.02,0.045830816,0.039053187,0.02358772,0.05981225,1,4604,23.02,23.019883394241333,0,0.8910030126571655,0.1089969351887703,False
4605,23.025,0.04710895,0.049729936,0.047598675,0.07393401,1,4604,23.02,23.019883394241333,0,0.8910030126571655,0.1089969351887703,False
4606,23.03,0.03694194,0.045950253,0.055490606,0.06962308,1,4604,23.02,23.019883394241333,0,0.8910030126571655,0.1089969351887703,False
4607,23.035,0.013036455,0.023805391,0.04167003,0.04121069,1,4604,23.02,23.019883394241333,0,0.8910030126571655,0.1089969351887703,False
4608,23.04,-0.019441864,-0.01011422,0.012006275,-0.002868037,1,4608,23.04,23.0429961681366,0,0.8876131176948547,0.1123869270086288,False
4609,23.045,-0.048672937,-0.04126257,-0.01968303,-0.043885905,1,4608,23.04,23.0429961681366,0,0.8876131176948547,0.1123869270086288,False
4610,23.05,-0.062128317,-0.055318855,-0.039239828,-0.06393002,1,4608,23.04,23.0429961681366,0,0.8876131176948547,0.1123869270086288,False
4611,23.055,-0.053738136,-0.046377853,-0.039109133,-0.056104854,1,4608,23.04,23.0429961681366,0,0.8876131176948547,0.1123869270086288,False
4612,23.06,-0.027641539,-0.020135377,-0.021637484,-0.027566604,1,4612,23.06,23.072660207748413,0,0.8876436352729797,0.1123563349246978,False
4613,23.065,0.0035826748,0.0092764795,0.0020611628,0.0052206423,1,4612,23.06,23.072660207748413,0,0.8876436352729797,0.1123563349246978,False
4614,23.07,0.02519249,0.026772961,0.017465914,0.025382165,1,4612,23.06,23.072660207748413,0,0.8876436352729797,0.1123563349246978,False
4615,23.075,0.02784771,0.024254085,0.01464241,0.02389043,1,4612,23.06,23.072660207748413,0,0.8876436352729797,0.1123563349246978,False
4616,23.08,0.012343822,0.00472768,-0.0053153085,0.003264494,1,4616,23.08,23.099254608154297,0,0.8897361755371094,0.1102637872099876,False
4617,23.085,-0.011338051,-0.019961147,-0.030399282,-0.02487002,1,4616,23.08,23.099254608154297,0,0.8897361755371094,0.1102637872099876,False
4618,23.09,-0.029976767,-0.036407795,-0.045362793,-0.046508312,1,4616,23.08,23.099254608154297,0,0.8897361755371094,0.1102637872099876,False
4619,23.095,-0.03408236,-0.03698173,-0.04163713,-0.05197038,1,4616,23.08,23.099254608154297,0,0.8897361755371094,0.1102637872099876,False
4620,23.1,-0.021933304,-0.022664195,-0.022033405,-0.03912231,1,4620,23.1,23.10270667076111,0,0.8883029222488403,0.111697070300579,False
4621,23.105,0.00045210024,-0.00088618905,0.0025924428,-0.012917035,1,4620,23.1,23.10270667076111,0,0.8883029222488403,0.111697070300579,False
4622,23.11,0.022332547,0.01882854,0.021002375,0.01693901,1,4620,23.1,23.10270667076111,0,0.8883029222488403,0.111697070300579,False
4623,23.115,0.03313399,0.028925227,0.027757676,0.03927627,1,4620,23.1,23.10270667076111,0,0.8883029222488403,0.111697070300579,False
4624,23.12,0.028108738,0.026931847,0.024937527,0.045966633,1,4624,23.12,23.12475538253784,0,0.8908326625823975,0.1091673225164413,False
4625,23.125,0.012053891,0.016993629,0.019795762,0.03653184,1,4624,23.12,23.12475538253784,0,0.8908326625823975,0.1091673225164413,False
4626,23.13,-0.0025226113,0.008072926,0.019981451,0.019383378,1,4624,23.12,23.12475538253784,0,0.8908326625823975,0.1091673225164413,False
4627,23.135,-0.0034099137,0.008221772,0.028315937,0.0070340927,1,4624,23.12,23.12475538253784,0,0.8908326625823975,0.1091673225164413,False
4628,23.14,0.011978543,0.018138614,0.03996714,0.007426887,1,4628,23.14,23.14304041862488,0,0.8887608051300049,0.1112391799688339,False
4629,23.145,0.03326175,0.029422374,0.044632014,0.017828783,1,4628,23.14,23.14304041862488,0,0.8887608051300049,0.1112391799688339,False
4630,23.15,0.043201286,0.03003267,0.033344027,0.026631242,1,4628,23.14,23.14304041862488,0,0.8887608051300049,0.1112391799688339,False
4631,23.155,0.029579027,0.013500857,0.005589437,0.022231592,1,4628,23.14,23.14304041862488,0,0.8887608051300049,0.1112391799688339,False
4632,23.16,-0.005340078,-0.015075265,-0.028609337,0.002312831,1,4632,23.16,23.15288782119751,0,0.8874552845954895,0.1125447526574134,False
4633,23.165,-0.044549048,-0.041150652,-0.053758252,-0.023688775,1,4632,23.16,23.15288782119751,0,0.8874552845954895,0.1125447526574134,False
4634,23.17,-0.06612742,-0.050020244,-0.05826989,-0.0410257,1,4632,23.16,23.15288782119751,0,0.8874552845954895,0.1125447526574134,False
4635,23.175,-0.057404503,-0.03708498,-0.04222253,-0.040377323,1,4632,23.16,23.15288782119751,0,0.8874552845954895,0.1125447526574134,False
4636,23.18,-0.024185535,-0.01177747,-0.01814404,-0.024893213,1,4636,23.18,23.183146715164185,0,0.885666012763977,0.1143340021371841,False
4637,23.185,0.011994091,0.008258975,-0.0034612347,-0.008014758,1,4636,23.18,23.183146715164185,0,0.885666012763977,0.1143340021371841,False
4638,23.19,0.027942624,0.009339587,-0.008765595,-0.0033406813,1,4636,23.18,23.183146715164185,0,0.885666012763977,0.1143340021371841,False
4639,23.195,0.015017658,-0.008232664,-0.029699428,-0.0140516125,1,4636,23.18,23.183146715164185,0,0.885666012763977,0.1143340021371841,False
4640,23.2,-0.014467233,-0.029879168,-0.04877475,-0.030097937,1,4640,23.2,23.202965021133423,0,0.8894551396369934,0.1105448305606842,False
4641,23.205,-0.036101274,-0.036843803,-0.04673849,-0.035487104,1,4640,23.2,23.202965021133423,0,0.8894551396369934,0.1105448305606842,False
4642,23.21,-0.031281892,-0.019389909,-0.01580239,-0.02009104,1,4640,23.2,23.202965021133423,0,0.8894551396369934,0.1105448305606842,False
4643,23.215,-0.0003911246,0.016632715,0.034734603,0.013005382,1,4640,23.2,23.202965021133423,0,0.8894551396369934,0.1105448305606842,False
4644,23.22,0.038877554,0.054295808,0.08424212,0.04967271,1,4644,23.22,23.22464084625244,0,0.8901191353797913,0.1098808869719505,False
4645,23.225,0.06564734,0.07688554,0.11301582,0.07384477,1,4644,23.22,23.22464084625244,0,0.8901191353797913,0.1098808869719505,False
4646,23.23,0.06974554,0.0769365,0.1119297,0.07632699,1,4644,23.22,23.22464084625244,0,0.8901191353797913,0.1098808869719505,False
4647,23.235,0.054371987,0.057191614,0.08392338,0.057863217,1,4644,23.22,23.22464084625244,0,0.8901191353797913,0.1098808869719505,False
4648,23.24,0.028404597,0.025443839,0.039173853,0.026563322,1,4648,23.24,23.25165843963623,0,0.8896995782852173,0.1103004515171051,False
4649,23.245,-0.0013489266,-0.010233105,-0.010165004,-0.006569879,1,4648,23.24,23.25165843963623,0,0.8896995782852173,0.1103004515171051,False
4650,23.25,-0.030336604,-0.04215901,-0.052270923,-0.031224715,1,4648,23.24,23.25165843963623,0,0.8896995782852173,0.1103004515171051,False
4651,23.255,-0.05203259,-0.0621501,-0.07676811,-0.04063352,1,4648,23.24,23.25165843963623,0,0.8896995782852173,0.1103004515171051,False
4652,23.26,-0.058093756,-0.063702576,-0.07789859,-0.03454493,1,4652,23.26,23.26680064201355,0,0.878951907157898,0.1210481226444244,False
4653,23.265,-0.045514822,-0.04738423,-0.05916144,-0.02086112,1,4652,23.26,23.26680064201355,0,0.878951907157898,0.1210481226444244,False
4654,23.27,-0.023002533,-0.023754409,-0.03438887,-0.012781528,1,4652,23.26,23.26680064201355,0,0.878951907157898,0.1210481226444244,False
4655,23.275,-0.007147082,-0.008362214,-0.021125298,-0.020730393,1,4652,23.26,23.26680064201355,0,0.878951907157898,0.1210481226444244,False
4656,23.28,-0.009127783,-0.010624272,-0.028881228,-0.043709967,1,4656,23.28,23.283764600753784,0,0.8887289762496948,0.1112710312008857,False
4657,23.285,-0.02392678,-0.02561931,-0.05108067,-0.06747488,1,4656,23.28,23.283764600753784,0,0.8887289762496948,0.1112710312008857,False
4658,23.29,-0.033476144,-0.03691725,-0.06824405,-0.072853796,1,4656,23.28,23.283764600753784,0,0.8887289762496948,0.1112710312008857,False
4659,23.295,-0.022163004,-0.029130764,-0.06104715,-0.049069297,1,4656,23.28,23.283764600753784,0,0.8887289762496948,0.1112710312008857,False
4660,23.3,0.00935131,0.00021880021,-0.023419464,-0.0018363325,1,4660,23.3,23.30277299880981,0,0.8888220191001892,0.1111780330538749,False
4661,23.305,0.044788763,0.03937269,0.033951744,0.05014316,1,4660,23.3,23.30277299880981,0,0.8888220191001892,0.1111780330538749,False
4662,23.31,0.06613443,0.07159906,0.09091622,0.0870687,1,4660,23.3,23.30277299880981,0,0.8888220191001892,0.1111780330538749,False
4663,23.315,0.06712867,0.08609255,0.12903751,0.098782204,1,4660,23.3,23.30277299880981,0,0.8888220191001892,0.1111780330538749,False
4664,23.32,0.054584283,0.081932954,0.13893759,0.087324716,1,4664,23.32,23.32394027709961,0,0.890464723110199,0.1095352694392204,False
4665,23.325,0.038794708,0.06441361,0.121258646,0.062038142,1,4664,23.32,23.32394027709961,0,0.890464723110199,0.1095352694392204,False
4666,23.33,0.024179135,0.039427623,0.08350857,0.03304127,1,4664,23.32,23.32394027709961,0,0.890464723110199,0.1095352694392204,False
4667,23.335,0.008589651,0.011017892,0.03603195,0.0076642805,1,4664,23.32,23.32394027709961,0,0.890464723110199,0.1095352694392204,False
4668,23.34,-0.010591705,-0.01757588,-0.011086077,-0.009968478,1,4668,23.34,23.34967994689941,0,0.8785640597343445,0.1214359253644943,False
4669,23.345,-0.03140796,-0.042253982,-0.049792852,-0.01850115,1,4668,23.34,23.34967994689941,0,0.8785640597343445,0.1214359253644943,False
4670,23.35,-0.047943823,-0.058196247,-0.0749418,-0.019438481,1,4668,23.34,23.34967994689941,0,0.8785640597343445,0.1214359253644943,False
4671,23.355,-0.054577004,-0.061970167,-0.08497541,-0.01711691,1,4668,23.34,23.34967994689941,0,0.8785640597343445,0.1214359253644943,False
4672,23.36,-0.04942143,-0.05399549,-0.08247633,-0.017304698,1,4672,23.36,23.367053985595703,0,0.8865221738815308,0.1134778559207916,False
4673,23.365,-0.03503177,-0.039264172,-0.073459014,-0.02440128,1,4672,23.36,23.367053985595703,0,0.8865221738815308,0.1134778559207916,False
4674,23.37,-0.017137859,-0.025144685,-0.06438428,-0.038784575,1,4672,23.36,23.367053985595703,0,0.8865221738815308,0.1134778559207916,False
4675,23.375,-0.0023353253,-0.017225185,-0.05812017,-0.056199756,1,4672,23.36,23.367053985595703,0,0.8865221738815308,0.1134778559207916,False
4676,23.38,0.004846084,-0.01609306,-0.05215463,-0.06978567,1,4676,23.38,23.383723974227905,0,0.8886209726333618,0.1113790124654769,False
4677,23.385,0.004249168,-0.017651705,-0.041166157,-0.07343539,1,4676,23.38,23.383723974227905,0,0.8886209726333618,0.1113790124654769,False
4678,23.39,-0.00013956122,-0.016673084,-0.02199846,-0.06431353,1,4676,23.38,23.383723974227905,0,0.8886209726333618,0.1113790124654769,False
4679,23.395,-0.003150454,-0.010355073,0.0035354947,-0.043254912,1,4676,23.38,23.383723974227905,0,0.8886209726333618,0.1113790124654769,False
4680,23.4,-0.0015942578,0.0011274703,0.030509999,-0.013542147,1,4680,23.4,23.406895875930783,0,0.8901887536048889,0.1098112612962722,False
4681,23.405,0.005025371,0.016710723,0.055078376,0.0204694,1,4680,23.4,23.406895875930783,0,0.8901887536048889,0.1098112612962722,False
4682,23.41,0.015899284,0.03591614,0.07637425,0.053963337,1,4680,23.4,23.406895875930783,0,0.8901887536048889,0.1098112612962722,False
4683,23.415,0.029733645,0.057449207,0.09425707,0.081811406,1,4680,23.4,23.406895875930783,0,0.8901887536048889,0.1098112612962722,False
4684,23.42,0.043799754,0.076600045,0.105837755,0.099136285,1,4684,23.42,23.42495346069336,0,0.8912085890769958,0.1087913960218429,False
4685,23.425,0.053198516,0.08543133,0.105321154,0.10267359,1,4684,23.42,23.42495346069336,0,0.8912085890769958,0.1087913960218429,False
4686,23.43,0.05266216,0.077247664,0.08823828,0.092280574,1,4684,23.42,23.42495346069336,0,0.8912085890769958,0.1087913960218429,False
4687,23.435,0.039912462,0.051822145,0.056122188,0.07121822,1,4684,23.42,23.42495346069336,0,0.8912085890769958,0.1087913960218429,False
4688,23.44,0.017078836,0.01610124,0.016545076,0.044305753,1,4688,23.44,23.45078754425049,0,0.8851569890975952,0.1148429587483406,False
4689,23.445,-0.011278573,-0.020664109,-0.022117572,0.014922397,1,4688,23.44,23.45078754425049,0,0.8851569890975952,0.1148429587483406,False
4690,23.45,-0.040769305,-0.05247522,-0.056128345,-0.016377784,1,4688,23.44,23.45078754425049,0,0.8851569890975952,0.1148429587483406,False
4691,23.455,-0.066970184,-0.0772561,-0.08633128,-0.049631797,1,4688,23.44,23.45078754425049,0,0.8851569890975952,0.1148429587483406,False
4692,23.46,-0.083222695,-0.09286315,-0.11262994,-0.08126033,1,4692,23.46,23.47282600402832,0,0.8811306357383728,0.1188692972064018,False
4693,23.465,-0.080958635,-0.09430554,-0.12923607,-0.10258466,1,4692,23.46,23.47282600402832,0,0.8811306357383728,0.1188692972064018,False
4694,23.47,-0.055014726,-0.07672063,-0.12661663,-0.10415436,1,4692,23.46,23.47282600402832,0,0.8811306357383728,0.1188692972064018,False
4695,23.475,-0.010319048,-0.04172852,-0.09923638,-0.08330269,1,4692,23.46,23.47282600402832,0,0.8811306357383728,0.1188692972064018,False
4696,23.48,0.036848433,-0.0002453665,-0.05203518,-0.048220903,1,4696,23.48,23.49198269844055,0,0.8878337740898132,0.1121661961078643,False
4697,23.485,0.06620251,0.032263786,0.0005669403,-0.013994876,1,4696,23.48,23.49198269844055,0,0.8878337740898132,0.1121661961078643,False
4698,23.49,0.06543263,0.045064747,0.04271303,0.0070632393,1,4696,23.48,23.49198269844055,0,0.8878337740898132,0.1121661961078643,False
4699,23.495,0.038549665,0.038854383,0.06600157,0.013244584,1,4696,23.48,23.49198269844055,0,0.8878337740898132,0.1121661961078643,False
4700,23.5,0.004202398,0.024823088,0.072818585,0.013184107,1,4700,23.5,23.504697799682617,0,0.8879290223121643,0.1120710372924804,False
4701,23.505,-0.015907718,0.016675625,0.072245955,0.017874332,1,4700,23.5,23.504697799682617,0,0.8879290223121643,0.1120710372924804,False
4702,23.51,-0.011325082,0.02113169,0.072054476,0.031559985,1,4700,23.5,23.504697799682617,0,0.8879290223121643,0.1120710372924804,False
4703,23.515,0.0102848755,0.03368667,0.07295414,0.04886853,1,4700,23.5,23.504697799682617,0,0.8879290223121643,0.1120710372924804,False
4704,23.52,0.02944832,0.042946562,0.0694729,0.060184494,1,4704,23.52,23.5190851688385,0,0.8885493874549866,0.111450619995594,False
4705,23.525,0.03008759,0.0402248,0.056376822,0.060164426,1,4704,23.52,23.5190851688385,0,0.8885493874549866,0.111450619995594,False
4706,23.53,0.011379373,0.026258225,0.0344965,0.05151366,1,4704,23.52,23.5190851688385,0,0.8885493874549866,0.111450619995594,False
4707,23.535,-0.013644587,0.009021731,0.010172663,0.040580504,1,4704,23.52,23.5190851688385,0,0.8885493874549866,0.111450619995594,False
4708,23.54,-0.030824019,-0.0050322507,-0.011138906,0.029399462,1,4708,23.54,23.541067361831665,0,0.8831086158752441,0.1168914511799812,False
4709,23.545,-0.036601223,-0.0172334,-0.030210804,0.0128319375,1,4708,23.54,23.541067361831665,0,0.8831086158752441,0.1168914511799812,False
4710,23.55,-0.03798573,-0.033648886,-0.05205778,-0.015216053,1,4708,23.54,23.541067361831665,0,0.8831086158752441,0.1168914511799812,False
4711,23.555,-0.041988928,-0.05560742,-0.07796256,-0.051991258,1,4708,23.54,23.541067361831665,0,0.8831086158752441,0.1168914511799812,False
4712,23.56,-0.04599039,-0.07387386,-0.09971383,-0.08278932,1,4712,23.56,23.566357135772705,0,0.8860906958580017,0.1139092892408371,False
4713,23.565,-0.038899403,-0.07350787,-0.1029003,-0.089380115,1,4712,23.56,23.566357135772705,0,0.8860906958580017,0.1139092892408371,False
4714,23.57,-0.011905703,-0.04598065,-0.07757867,-0.06383222,1,4712,23.56,23.566357135772705,0,0.8860906958580017,0.1139092892408371,False
4715,23.575,0.031475466,0.0021634144,-0.02742803,-0.015926944,1,4712,23.56,23.566357135772705,0,0.8860906958580017,0.1139092892408371,False
4716,23.58,0.075112395,0.051790476,0.030418588,0.032285724,1,4716,23.58,23.583075761795044,0,0.8874727487564087,0.1125272735953331,False
4717,23.585,0.09961342,0.08259906,0.07473753,0.060134582,1,4716,23.58,23.583075761795044,0,0.8874727487564087,0.1125272735953331,False
4718,23.59,0.09350578,0.084251255,0.09149479,0.059356138,1,4716,23.58,23.583075761795044,0,0.8874727487564087,0.1125272735953331,False
4719,23.595,0.05852607,0.059703194,0.07937956,0.03547926,1,4716,23.58,23.583075761795044,0,0.8874727487564087,0.1125272735953331,False
4720,23.6,0.007357579,0.020669255,0.047529098,0.0013805866,1,4720,23.6,23.604949235916138,0,0.8851050734519958,0.1148949936032295,False
4721,23.605,-0.04257418,-0.019240286,0.009269076,-0.030008662,1,4720,23.6,23.604949235916138,0,0.8851050734519958,0.1148949936032295,False
4722,23.61,-0.0752666,-0.048771095,-0.023041116,-0.049048737,1,4720,23.6,23.604949235916138,0,0.8851050734519958,0.1148949936032295,False
4723,23.615,-0.08098131,-0.060322184,-0.040279932,-0.049685184,1,4720,23.6,23.604949235916138,0,0.8851050734519958,0.1148949936032295,False
4724,23.62,-0.05980297,-0.050960593,-0.03775492,-0.030355724,1,4724,23.62,23.62309598922729,0,0.8838174939155579,0.1161824539303779,False
4725,23.625,-0.022593198,-0.024345089,-0.01706216,0.003448929,1,4724,23.62,23.62309598922729,0,0.8838174939155579,0.1161824539303779,False
4726,23.63,0.012943815,0.008692094,0.012675682,0.038366828,1,4724,23.62,23.62309598922729,0,0.8838174939155579,0.1161824539303779,False
4727,23.635,0.030890243,0.03378418,0.037192643,0.058011945,1,4724,23.62,23.62309598922729,0,0.8838174939155579,0.1161824539303779,False
4728,23.64,0.025833473,0.040225465,0.043690212,0.05241793,1,4728,23.64,23.64273452758789,0,0.8873476982116699,0.11265230178833,False
4729,23.645,0.00551552,0.027047038,0.027993638,0.025307832,1,4728,23.64,23.64273452758789,0,0.8873476982116699,0.11265230178833,False
4730,23.65,-0.014879301,0.0033047455,-0.0029053122,-0.0074816123,1,4728,23.64,23.64273452758789,0,0.8873476982116699,0.11265230178833,False
4731,23.655,-0.022731138,-0.017784748,-0.034917645,-0.028224625,1,4728,23.64,23.64273452758789,0,0.8873476982116699,0.11265230178833,False
4732,23.66,-0.015077793,-0.026640585,-0.05465692,-0.028582398,1,4732,23.66,23.665841579437256,0,0.8848495483398438,0.1151504963636398,False
4733,23.665,0.0015809473,-0.021867631,-0.05578679,-0.013523817,1,4732,23.66,23.665841579437256,0,0.8848495483398438,0.1151504963636398,False
4734,23.67,0.01720941,-0.009272806,-0.040495634,0.0041276375,1,4732,23.66,23.665841579437256,0,0.8848495483398438,0.1151504963636398,False
4735,23.675,0.024694785,0.0030218814,-0.016448762,0.013184581,1,4732,23.66,23.665841579437256,0,0.8848495483398438,0.1151504963636398,False
4736,23.68,0.022788554,0.0096552875,0.0077946307,0.01035223,1,4736,23.68,23.683215856552124,0,0.8886148929595947,0.1113851740956306,False
4737,23.685,0.015098926,0.0102105765,0.025989957,-3.6372908e-06,1,4736,23.68,23.683215856552124,0,0.8886148929595947,0.1113851740956306,False
4738,23.69,0.007026985,0.0078108874,0.035129566,-0.010517182,1,4736,23.68,23.683215856552124,0,0.8886148929595947,0.1113851740956306,False
4739,23.695,0.0025419914,0.005840729,0.035021044,-0.015693294,1,4736,23.68,23.683215856552124,0,0.8886148929595947,0.1113851740956306,False
4740,23.7,0.0020568417,0.005429885,0.027706292,-0.014233659,1,4740,23.7,23.702836275100708,0,0.8851771354675293,0.1148227974772453,False
4741,23.705,0.002468145,0.005302587,0.016857933,-0.008594142,1,4740,23.7,23.702836275100708,0,0.8851771354675293,0.1148227974772453,False
4742,23.71,-0.00027478425,0.0035603717,0.006556238,-0.0029095018,1,4740,23.7,23.702836275100708,0,0.8851771354675293,0.1148227974772453,False
4743,23.715,-0.0075521246,-0.00036008752,-0.000506598,-0.00046187142,1,4740,23.7,23.702836275100708,0,0.8851771354675293,0.1148227974772453,False
4744,23.72,-0.016284842,-0.005012009,-0.004145846,-0.0016680611,1,4744,23.72,23.72282695770264,0,0.890606164932251,0.1093937903642654,False
4745,23.725,-0.020797271,-0.0077645136,-0.0059454786,-0.003660329,1,4744,23.72,23.72282695770264,0,0.890606164932251,0.1093937903642654,False
4746,23.73,-0.017157625,-0.0064852987,-0.00726265,-0.0022723859,1,4744,23.72,23.72282695770264,0,0.890606164932251,0.1093937903642654,False
4747,23.735,-0.0066266605,-0.0012692669,-0.008124446,0.0042516147,1,4744,23.72,23.72282695770264,0,0.890606164932251,0.1093937903642654,False
4748,23.74,0.004645335,0.0047885533,-0.008211189,0.012648532,1,4748,23.74,23.74370813369751,0,0.8906819224357605,0.109318122267723,False
4749,23.745,0.009880159,0.007017956,-0.008295504,0.01635488,1,4748,23.74,23.74370813369751,0,0.8906819224357605,0.109318122267723,False
4750,23.75,0.007138982,0.0029754725,-0.009436538,0.011548358,1,4748,23.74,23.74370813369751,0,0.8906819224357605,0.109318122267723,False
4751,23.755,0.0017152786,-0.0039707655,-0.010139074,0.002506285,1,4748,23.74,23.74370813369751,0,0.8906819224357605,0.109318122267723,False
4752,23.76,0.0025694717,-0.005542863,-0.005489271,-7.8815225e-05,1,4752,23.76,23.772846460342407,0,0.8899498581886292,0.1100501418113708,False
4753,23.765,0.014471138,0.004730739,0.0085892705,0.011473064,1,4752,23.76,23.772846460342407,0,0.8899498581886292,0.1100501418113708,False
4754,23.77,0.03215454,0.02389034,0.028830763,0.032401953,1,4752,23.76,23.772846460342407,0,0.8899498581886292,0.1100501418113708,False
4755,23.775,0.042448517,0.038755998,0.043138232,0.045938864,1,4752,23.76,23.772846460342407,0,0.8899498581886292,0.1100501418113708,False
4756,23.78,0.03375927,0.034590773,0.037884347,0.035355486,1,4756,23.78,23.79284930229187,0,0.8902424573898315,0.109757475554943,False
4757,23.785,0.005289898,0.0068909437,0.009055244,-0.0017886856,1,4756,23.78,23.79284930229187,0,0.8902424573898315,0.109757475554943,False
4758,23.79,-0.03167038,-0.033627182,-0.032433253,-0.049571835,1,4756,23.78,23.79284930229187,0,0.8902424573898315,0.109757475554943,False
4759,23.795,-0.06098398,-0.06719872,-0.06644557,-0.08365915,1,4756,23.78,23.79284930229187,0,0.8902424573898315,0.109757475554943,False
4760,23.8,-0.07123561,-0.07751718,-0.07633606,-0.08737192,1,4760,23.8,23.802857398986816,0,0.877953052520752,0.1220469325780868,False
4761,23.805,-0.061074466,-0.06136252,-0.05922649,-0.06167726,1,4760,23.8,23.802857398986816,0,0.877953052520752,0.1220469325780868,False
4762,23.81,-0.03829582,-0.029262878,-0.026789587,-0.022746148,1,4760,23.8,23.802857398986816,0,0.877953052520752,0.1220469325780868,False
4763,23.815,-0.014546779,0.0021774976,0.0033466797,0.009644353,1,4760,23.8,23.802857398986816,0,0.877953052520752,0.1220469325780868,False
4764,23.82,0.0013695076,0.020653648,0.019189933,0.024136337,1,4764,23.82,23.8270902633667,0,0.8891007900238037,0.1108992472290992,False
4765,23.825,0.008504584,0.024765061,0.021108506,0.022938281,1,4764,23.82,23.8270902633667,0,0.8891007900238037,0.1108992472290992,False
4766,23.83,0.013948228,0.023175621,0.019564116,0.018193623,1,4764,23.82,23.8270902633667,0,0.8891007900238037,0.1108992472290992,False
4767,23.835,0.026960416,0.027257252,0.026014287,0.022768619,1,4764,23.82,23.8270902633667,0,0.8891007900238037,0.1108992472290992,False
4768,23.84,0.050404374,0.04218927,0.043757964,0.04116295,1,4768,23.84,23.8410747051239,0,0.890715479850769,0.1092845126986503,False
4769,23.845,0.07630179,0.062559575,0.06520057,0.06588391,1,4768,23.84,23.8410747051239,0,0.890715479850769,0.1092845126986503,False
4770,23.85,0.09002871,0.075547196,0.07707112,0.081674285,1,4768,23.84,23.8410747051239,0,0.890715479850769,0.1092845126986503,False
4771,23.855,0.08044519,0.06945659,0.069369644,0.07526054,1,4768,23.84,23.8410747051239,0,0.890715479850769,0.1092845126986503,False
4772,23.86,0.0478765,0.041583285,0.041628685,0.04426678,1,4772,23.86,23.8671612739563,0,0.8875712156295776,0.1124287545680999,False
4773,23.865,0.003838207,0.00012462285,0.0027301412,-0.00097353203,1,4772,23.86,23.8671612739563,0,0.8875712156295776,0.1124287545680999,False
4774,23.87,-0.036375433,-0.040577807,-0.0345896,-0.04387467,1,4772,23.86,23.8671612739563,0,0.8875712156295776,0.1124287545680999,False
4775,23.875,-0.061904095,-0.06765741,-0.060231857,-0.071210474,1,4772,23.86,23.8671612739563,0,0.8875712156295776,0.1124287545680999,False
4776,23.88,-0.07008122,-0.07538101,-0.07038138,-0.078931995,1,4776,23.88,23.893031358718872,0,0.871254563331604,0.128745436668396,False
4777,23.885,-0.065241426,-0.066454686,-0.06734769,-0.07136412,1,4776,23.88,23.893031358718872,0,0.871254563331604,0.128745436668396,False
4778,23.89,-0.05513694,-0.049533583,-0.057086296,-0.056517698,1,4776,23.88,23.893031358718872,0,0.871254563331604,0.128745436668396,False
4779,23.895,-0.04700366,-0.034596693,-0.046113677,-0.04174877,1,4776,23.88,23.893031358718872,0,0.871254563331604,0.128745436668396,False
4780,23.9,-0.0437932,-0.02763129,-0.038420968,-0.031179255,1,4780,23.9,23.904075622558597,0,0.8894752264022827,0.1105247661471366,False
4781,23.905,-0.04146609,-0.026524177,-0.032841913,-0.023931079,1,4780,23.9,23.904075622558597,0,0.8894752264022827,0.1105247661471366,False
4782,23.91,-0.029962925,-0.02124694,-0.022745358,-0.013578237,1,4780,23.9,23.904075622558597,0,0.8894752264022827,0.1105247661471366,False
4783,23.915,-4.725366e-05,-0.0006152841,-0.0003843412,0.008465761,1,4780,23.9,23.904075622558597,0,0.8894752264022827,0.1105247661471366,False
4784,23.92,0.046452757,0.036887947,0.03498081,0.044828903,1,4784,23.92,23.9417097568512,0,0.8887162804603577,0.1112837120890617,False
4785,23.925,0.09125259,0.07657101,0.07137181,0.08474583,1,4784,23.92,23.9417097568512,0,0.8887162804603577,0.1112837120890617,False
4786,23.93,0.10728398,0.09374301,0.088355355,0.10622043,1,4784,23.92,23.9417097568512,0,0.8887162804603577,0.1112837120890617,False
4787,23.935,0.07820342,0.07199174,0.071919225,0.090730704,1,4784,23.92,23.9417097568512,0,0.8887162804603577,0.1112837120890617,False
4788,23.94,0.015690276,0.02018613,0.029279577,0.040733404,1,4788,23.94,23.942718744277958,0,0.8908509612083435,0.1091490760445594,False
4789,23.945,-0.042798117,-0.028770428,-0.011534745,-0.016754948,1,4788,23.94,23.942718744277958,0,0.8908509612083435,0.1091490760445594,False
4790,23.95,-0.05942987,-0.04142811,-0.021905024,-0.048121102,1,4788,23.94,23.942718744277958,0,0.8908509612083435,0.1091490760445594,False
4791,23.955,-0.026329,-0.012181995,0.0021687548,-0.040061723,1,4788,23.94,23.942718744277958,0,0.8908509612083435,0.1091490760445594,False
4792,23.96,0.026279168,0.029702783,0.033828918,-0.011046257,1,4792,23.96,23.96869802474976,0,0.8688626289367676,0.1311373263597488,False
4793,23.965,0.054170188,0.044010226,0.03744049,0.0052207867,1,4792,23.96,23.96869802474976,0,0.8688626289367676,0.1311373263597488,False
4794,23.97,0.035454996,0.0143414615,0.0007012459,-0.009926294,1,4792,23.96,23.96869802474976,0,0.8688626289367676,0.1311373263597488,False
4795,23.975,-0.013757298,-0.038681958,-0.053692065,-0.044771064,1,4792,23.96,23.96869802474976,0,0.8688626289367676,0.1311373263597488,False
4796,23.98,-0.05753381,-0.077761985,-0.088490725,-0.0707103,1,4796,23.98,23.99272632598877,0,0.8720536231994629,0.1279463917016983,False
4797,23.985,-0.072317906,-0.08166452,-0.08431424,-0.069409005,1,4796,23.98,23.99272632598877,0,0.8720536231994629,0.1279463917016983,False
4798,23.99,-0.061783016,-0.05857368,-0.052769266,-0.046160925,1,4796,23.98,23.99272632598877,0,0.8720536231994629,0.1279463917016983,False
4799,23.995,-0.043793265,-0.030559668,-0.020010736,-0.018702269,1,4796,23.98,23.99272632598877,0,0.8720536231994629,0.1279463917016983,False
4800,24.0,-0.0277453,-0.009154141,-0.00018960943,0.0033904973,1,4800,24.0,24.003990650177,0,0.8886633515357971,0.1113366112112999,False
4801,24.005,-0.006911537,0.012388345,0.014387674,0.026231084,1,4800,24.0,24.003990650177,0,0.8886633515357971,0.1113366112112999,False
4802,24.01,0.028839832,0.045254596,0.03930712,0.059881523,1,4800,24.0,24.003990650177,0,0.8886633515357971,0.1113366112112999,False
4803,24.015,0.07598166,0.08697463,0.07704529,0.10149369,1,4800,24.0,24.003990650177,0,0.8886633515357971,0.1113366112112999,False
4804,24.02,0.114199184,0.118176445,0.11018459,0.13143556,1,4804,24.02,24.027064085006717,0,0.8876441121101379,0.1123558655381202,False
4805,24.025,0.11993883,0.116700515,0.11433941,0.12663198,1,4804,24.02,24.027064085006717,0,0.8876441121101379,0.1123558655381202,False
4806,24.03,0.08383119,0.075316824,0.077991016,0.078979015,1,4804,24.02,24.027064085006717,0,0.8876441121101379,0.1123558655381202,False
4807,24.035,0.017537287,0.007803953,0.01205476,0.0028916807,1,4804,24.02,24.027064085006717,0,0.8876441121101379,0.1123558655381202,False
4808,24.04,-0.05369909,-0.0601555,-0.057339415,-0.07350457,1,4808,24.04,24.0428466796875,0,0.8733268976211548,0.1266730576753616,False
4809,24.045,-0.105200306,-0.10634039,-0.10530261,-0.12521653,1,4808,24.04,24.0428466796875,0,0.8733268976211548,0.1266730576753616,False
4810,24.05,-0.12350135,-0.12179698,-0.120783694,-0.14197151,1,4808,24.04,24.0428466796875,0,0.8733268976211548,0.1266730576753616,False
4811,24.055,-0.10883867,-0.110223584,-0.10782817,-0.1279604,1,4808,24.04,24.0428466796875,0,0.8733268976211548,0.1266730576753616,False
4812,24.06,-0.07144722,-0.08104748,-0.07803638,-0.09380268,1,4812,24.06,24.07712960243225,0,0.8834115862846375,0.1165884286165237,False
4813,24.065,-0.025891341,-0.043483,-0.04231432,-0.04951426,1,4812,24.06,24.07712960243225,0,0.8834115862846375,0.1165884286165237,False
4814,24.07,0.013995032,-0.005072292,-0.0077130934,-0.0031930464,1,4812,24.06,24.07712960243225,0,0.8834115862846375,0.1165884286165237,False
4815,24.075,0.038931474,0.027343938,0.021160446,0.037014995,1,4812,24.06,24.07712960243225,0,0.8834115862846375,0.1165884286165237,False
4816,24.08,0.046453077,0.047980458,0.040539503,0.062891155,1,4816,24.08,24.092628479003903,0,0.88540118932724,0.1145987436175346,False
4817,24.085,0.040897027,0.054637708,0.048522703,0.069814034,1,4816,24.08,24.092628479003903,0,0.88540118932724,0.1145987436175346,False
4818,24.09,0.030820914,0.05069764,0.047279295,0.06071118,1,4816,24.08,24.092628479003903,0,0.88540118932724,0.1145987436175346,False
4819,24.095,0.0247701,0.04364665,0.042953808,0.045604978,1,4816,24.08,24.092628479003903,0,0.88540118932724,0.1145987436175346,False
4820,24.1,0.027197156,0.040348697,0.04199816,0.035777282,1,4820,24.1,24.106661796569824,0,0.8835470080375671,0.116453044116497,False
4821,24.105,0.036316182,0.042468924,0.046479188,0.036474872,1,4820,24.1,24.106661796569824,0,0.8835470080375671,0.116453044116497,False
4822,24.11,0.04505435,0.045615274,0.052325983,0.043656398,1,4820,24.1,24.106661796569824,0,0.8835470080375671,0.116453044116497,False
4823,24.115,0.04516197,0.042939913,0.052221503,0.04731763,1,4820,24.1,24.106661796569824,0,0.8835470080375671,0.116453044116497,False
4824,24.12,0.032660075,0.03053898,0.041088205,0.038928773,1,4824,24.12,24.1258225440979,0,0.8845759630203247,0.1154240742325782,False
4825,24.125,0.010949207,0.010543341,0.020001858,0.017373944,1,4824,24.12,24.1258225440979,0,0.8845759630203247,0.1154240742325782,False
4826,24.13,-0.011501937,-0.010599967,-0.00454473,-0.011008163,1,4824,24.12,24.1258225440979,0,0.8845759630203247,0.1154240742325782,False
4827,24.135,-0.027804412,-0.027397716,-0.025571972,-0.037876874,1,4824,24.12,24.1258225440979,0,0.8845759630203247,0.1154240742325782,False
4828,24.14,-0.037998457,-0.03966159,-0.04076983,-0.058822934,1,4828,24.14,24.158939361572266,0,0.8851315975189209,0.1148683652281761,False
4829,24.145,-0.047717474,-0.051728882,-0.05326709,-0.074442245,1,4828,24.14,24.158939361572266,0,0.8851315975189209,0.1148683652281761,False
4830,24.15,-0.060813185,-0.06659906,-0.066826284,-0.085841164,1,4828,24.14,24.158939361572266,0,0.8851315975189209,0.1148683652281761,False
4831,24.155,-0.0729184,-0.080120444,-0.07960134,-0.08952688,1,4828,24.14,24.158939361572266,0,0.8851315975189209,0.1148683652281761,False
4832,24.16,-0.072922125,-0.08150432,-0.083012566,-0.077867,1,4832,24.16,24.176335096359253,0,0.8895972967147827,0.1104027330875396,False
4833,24.165,-0.052299175,-0.06154401,-0.06841927,-0.046208553,1,4832,24.16,24.176335096359253,0,0.8895972967147827,0.1104027330875396,False
4834,24.17,-0.014415414,-0.022357449,-0.036472153,-0.00050211186,1,4832,24.16,24.176335096359253,0,0.8895972967147827,0.1104027330875396,False
4835,24.175,0.025213338,0.020710967,0.00020731997,0.042919952,1,4832,24.16,24.176335096359253,0,0.8895972967147827,0.1104027330875396,False
4836,24.18,0.049363628,0.048771907,0.025455251,0.067512944,1,4836,24.18,24.183884859085083,0,0.8887247443199158,0.1112752109766006,False
4837,24.185,0.052034758,0.053708594,0.032794397,0.06892457,1,4836,24.18,24.183884859085083,0,0.8887247443199158,0.1112752109766006,False
4838,24.19,0.042496726,0.044498257,0.031151608,0.058254696,1,4836,24.18,24.183884859085083,0,0.8887247443199158,0.1112752109766006,False
4839,24.195,0.036491826,0.039006736,0.036675774,0.052161165,1,4836,24.18,24.183884859085083,0,0.8887247443199158,0.1112752109766006,False
4840,24.2,0.04230937,0.047961574,0.057347395,0.05806392,1,4840,24.2,24.20301365852356,0,0.8832208514213562,0.116779126226902,False
4841,24.205,0.054178756,0.06544433,0.08443021,0.06778264,1,4840,24.2,24.20301365852356,0,0.8832208514213562,0.116779126226902,False
4842,24.21,0.05837228,0.07432776,0.09874539,0.06526939,1,4840,24.2,24.20301365852356,0,0.8832208514213562,0.116779126226902,False
4843,24.215,0.045581646,0.06121975,0.086081855,0.04099412,1,4840,24.2,24.20301365852356,0,0.8832208514213562,0.116779126226902,False
4844,24.22,0.018165212,0.027290354,0.048192225,-5.8641257e-05,1,4844,24.22,24.227662086486816,0,0.8864630460739136,0.1135368943214416,False
4845,24.225,-0.013091576,-0.013653708,0.0008309516,-0.0428563,1,4844,24.22,24.227662086486816,0,0.8864630460739136,0.1135368943214416,False
4846,24.23,-0.03799074,-0.046285,-0.03780856,-0.07354797,1,4844,24.22,24.227662086486816,0,0.8864630460739136,0.1135368943214416,False
4847,24.235,-0.052924503,-0.06340507,-0.057901002,-0.08700078,1,4844,24.22,24.227662086486816,0,0.8864630460739136,0.1135368943214416,False
4848,24.24,-0.059799206,-0.0671364,-0.0608019,-0.08588015,1,4848,24.24,24.23356294631958,0,0.8868831992149353,0.1131168156862258,False
4849,24.245,-0.06121125,-0.06348815,-0.054601803,-0.07516733,1,4848,24.24,24.23356294631958,0,0.8868831992149353,0.1131168156862258,False
4850,24.25,-0.05762146,-0.05679249,-0.047716178,-0.058509313,1,4848,24.24,24.23356294631958,0,0.8868831992149353,0.1131168156862258,False
4851,24.255,-0.048411302,-0.048013415,-0.044572458,-0.038279224,1,4848,24.24,24.23356294631958,0,0.8868831992149353,0.1131168156862258,False
4852,24.26,-0.034041174,-0.036121406,-0.044386808,-0.01657251,1,4852,24.26,24.274270057678223,0,0.8891624808311462,0.1108375042676925,False
4853,24.265,-0.016390352,-0.020119272,-0.042756118,0.0050444845,1,4852,24.26,24.274270057678223,0,0.8891624808311462,0.1108375042676925,False
4854,24.27,0.0022494514,-0.00074620434,-0.03546226,0.02576472,1,4852,24.26,24.274270057678223,0,0.8891624808311462,0.1108375042676925,False
4855,24.275,0.01942992,0.018438807,-0.022341574,0.044067968,1,4852,24.26,24.274270057678223,0,0.8891624808311462,0.1108375042676925,False
4856,24.28,0.03216581,0.031933654,-0.0077042473,0.05624733,1,4856,24.28,24.284910917282104,0,0.8895356059074402,0.1104643791913986,False
4857,24.285,0.038073868,0.03601459,0.003969662,0.058257006,1,4856,24.28,24.284910917282104,0,0.8895356059074402,0.1104643791913986,False
4858,24.29,0.03810436,0.032776114,0.013171429,0.050375134,1,4856,24.28,24.284910917282104,0,0.8895356059074402,0.1104643791913986,False
4859,24.295,0.037311915,0.029721472,0.025353342,0.039266694,1,4856,24.28,24.284910917282104,0,0.8895356059074402,0.1104643791913986,False
4860,24.3,0.040928483,0.033589065,0.0446615,0.0333323,1,4860,24.3,24.31158137321472,0,0.8824571967124939,0.1175427734851837,False
4861,24.305,0.04863986,0.04366446,0.06759899,0.034699585,1,4860,24.3,24.31158137321472,0,0.8824571967124939,0.1175427734851837,False
4862,24.31,0.05341317,0.051578168,0.08379739,0.03621367,1,4860,24.3,24.31158137321472,0,0.8824571967124939,0.1175427734851837,False
4863,24.315,0.047124602,0.04837147,0.083811216,0.02751303,1,4860,24.3,24.31158137321472,0,0.8824571967124939,0.1175427734851837,False
4864,24.32,0.027714439,0.031996377,0.066358544,0.0047963574,1,4864,24.32,24.323076963424683,0,0.88694828748703,0.1130517050623893,False
4865,24.325,0.00066562736,0.008139285,0.03829652,-0.025190331,1,4864,24.32,24.323076963424683,0,0.88694828748703,0.1130517050623893,False
4866,24.33,-0.026190931,-0.015439275,0.0085644405,-0.050468735,1,4864,24.32,24.323076963424683,0,0.88694828748703,0.1130517050623893,False
4867,24.335,-0.048445113,-0.034445394,-0.017058406,-0.062733136,1,4864,24.32,24.323076963424683,0,0.88694828748703,0.1130517050623893,False
4868,24.34,-0.06550812,-0.048288397,-0.03622282,-0.06159043,1,4868,24.34,24.34282350540161,0,0.8884289264678955,0.1115711256861686,False
4869,24.345,-0.076469906,-0.056609318,-0.04781979,-0.051854946,1,4868,24.34,24.34282350540161,0,0.8884289264678955,0.1115711256861686,False
4870,24.35,-0.0774651,-0.057560626,-0.05187321,-0.038564187,1,4868,24.34,24.34282350540161,0,0.8884289264678955,0.1115711256861686,False
4871,24.355,-0.064483896,-0.050155178,-0.05150403,-0.024894139,1,4868,24.34,24.34282350540161,0,0.8884289264678955,0.1115711256861686,False
4872,24.36,-0.03891926,-0.037297536,-0.052615453,-0.013165496,1,4872,24.36,24.370362043380737,0,0.8901161551475525,0.1098837777972221,False
4873,24.365,-0.009502842,-0.024931438,-0.05915584,-0.005513449,1,4872,24.36,24.370362043380737,0,0.8901161551475525,0.1098837777972221,False
4874,24.37,0.01250352,-0.017344594,-0.06803168,-0.0024585086,1,4872,24.36,24.370362043380737,0,0.8901161551475525,0.1098837777972221,False
4875,24.375,0.02133498,-0.013397782,-0.069781005,-0.0014146155,1,4872,24.36,24.370362043380737,0,0.8901161551475525,0.1098837777972221,False
4876,24.38,0.021005742,-0.007694181,-0.0556751,0.002208315,1,4876,24.38,24.38701748847961,0,0.8895598649978638,0.1104401871562004,False
4877,24.385,0.02194272,0.0045371656,-0.02494025,0.011796746,1,4876,24.38,24.38701748847961,0,0.8895598649978638,0.1104401871562004,False
4878,24.39,0.03265638,0.023708493,0.014647648,0.027293013,1,4876,24.38,24.38701748847961,0,0.8895598649978638,0.1104401871562004,False
4879,24.395,0.053126555,0.04626153,0.052818436,0.04573693,1,4876,24.38,24.38701748847961,0,0.8895598649978638,0.1104401871562004,False
4880,24.4,0.074611396,0.067359194,0.08303941,0.063144565,1,4880,24.4,24.40029978752136,0,0.8899420499801636,0.11005799472332,False
4881,24.405,0.08512939,0.082222715,0.10312075,0.07527365,1,4880,24.4,24.40029978752136,0,0.8899420499801636,0.11005799472332,False
4882,24.41,0.07624047,0.08553956,0.11118576,0.07720069,1,4880,24.4,24.40029978752136,0,0.8899420499801636,0.11005799472332,False
4883,24.415,0.047332592,0.07204205,0.1032456,0.06403719,1,4880,24.4,24.40029978752136,0,0.8899420499801636,0.11005799472332,False
4884,24.42,0.0060806605,0.040332608,0.07643791,0.034070108,1,4884,24.42,24.42270374298096,0,0.8867716789245605,0.113228291273117,False
4885,24.425,-0.034784943,-0.0029631283,0.03479107,-0.007903841,1,4884,24.42,24.42270374298096,0,0.8867716789245605,0.113228291273117,False
4886,24.43,-0.063405305,-0.044139467,-0.009587753,-0.05084262,1,4884,24.42,24.42270374298096,0,0.8867716789245605,0.113228291273117,False
4887,24.435,-0.074629694,-0.06971277,-0.042849723,-0.08230981,1,4884,24.42,24.42270374298096,0,0.8867716789245605,0.113228291273117,False
4888,24.44,-0.07169,-0.0745526,-0.05826372,-0.094546504,1,4888,24.44,24.44283533096313,0,0.883029580116272,0.1169703975319862,False
4889,24.445,-0.06200658,-0.063829996,-0.05968009,-0.08732119,1,4888,24.44,24.44283533096313,0,0.883029580116272,0.1169703975319862,False
4890,24.45,-0.05070054,-0.04767517,-0.05696231,-0.06634947,1,4888,24.44,24.44283533096313,0,0.883029580116272,0.1169703975319862,False
4891,24.455,-0.037953455,-0.034129042,-0.058155317,-0.0397375,1,4888,24.44,24.44283533096313,0,0.883029580116272,0.1169703975319862,False
4892,24.46,-0.022364832,-0.026162792,-0.06482655,-0.015114149,1,4892,24.46,24.477888345718384,0,0.8886772990226746,0.111322745680809,False
4893,24.465,-0.0057075657,-0.02295737,-0.07242002,0.002323624,1,4892,24.46,24.477888345718384,0,0.8886772990226746,0.111322745680809,False
4894,24.47,0.007154252,-0.02160456,-0.07306431,0.011711005,1,4892,24.46,24.477888345718384,0,0.8886772990226746,0.111322745680809,False
4895,24.475,0.013524354,-0.017354697,-0.058725186,0.017404469,1,4892,24.46,24.477888345718384,0,0.8886772990226746,0.111322745680809,False
4896,24.48,0.016920418,-0.0046858243,-0.025166852,0.026441472,1,4896,24.48,24.493141174316406,0,0.8895817399024963,0.1104182600975036,False
4897,24.485,0.024268515,0.01875526,0.023473471,0.042600714,1,4896,24.48,24.493141174316406,0,0.8895817399024963,0.1104182600975036,False
4898,24.49,0.03852476,0.048086274,0.07325911,0.061659433,1,4896,24.48,24.493141174316406,0,0.8895817399024963,0.1104182600975036,False
4899,24.495,0.05480287,0.072287545,0.106235415,0.0731648,1,4896,24.48,24.493141174316406,0,0.8895817399024963,0.1104182600975036,False
4900,24.5,0.064455256,0.08130826,0.11135297,0.06836879,1,4900,24.5,24.501969814300537,0,0.8893688321113586,0.1106311306357383,False
4901,24.505,0.06252971,0.07306306,0.09179356,0.047338452,1,4900,24.5,24.501969814300537,0,0.8893688321113586,0.1106311306357383,False
4902,24.51,0.050512996,0.053507857,0.061528716,0.018505126,1,4900,24.5,24.501969814300537,0,0.8893688321113586,0.1106311306357383,False
4903,24.515,0.032433856,0.03021015,0.033850215,-0.008478225,1,4900,24.5,24.501969814300537,0,0.8893688321113586,0.1106311306357383,False
4904,24.52,0.010255896,0.006622734,0.01251002,-0.029124497,1,4904,24.52,24.52676510810852,0,0.8753851056098938,0.1246148943901062,False
4905,24.525,-0.01573144,-0.01744761,-0.0070149098,-0.044128872,1,4904,24.52,24.52676510810852,0,0.8753851056098938,0.1246148943901062,False
4906,24.53,-0.043124408,-0.04142593,-0.029315421,-0.054983083,1,4904,24.52,24.52676510810852,0,0.8753851056098938,0.1246148943901062,False
4907,24.535,-0.0662619,-0.061904818,-0.053323347,-0.061257843,1,4904,24.52,24.52676510810852,0,0.8753851056098938,0.1246148943901062,False
4908,24.54,-0.07975628,-0.075072676,-0.07390721,-0.06194056,1,4908,24.54,24.54463267326355,0,0.8873425126075745,0.1126574501395225,False
4909,24.545,-0.08202446,-0.0794383,-0.08662838,-0.057281137,1,4908,24.54,24.54463267326355,0,0.8873425126075745,0.1126574501395225,False
4910,24.55,-0.07389301,-0.0745137,-0.08894292,-0.047294226,1,4908,24.54,24.54463267326355,0,0.8873425126075745,0.1126574501395225,False
4911,24.555,-0.054114666,-0.05728339,-0.07734591,-0.02864095,1,4908,24.54,24.54463267326355,0,0.8873425126075745,0.1126574501395225,False
4912,24.56,-0.018732624,-0.022651216,-0.046514127,0.0044338694,1,4912,24.56,24.576760292053223,0,0.8887643218040466,0.1112357079982757,False
4913,24.565,0.03240312,0.029633947,0.0051692924,0.052963972,1,4912,24.56,24.576760292053223,0,0.8887643218040466,0.1112357079982757,False
4914,24.57,0.08767021,0.08740045,0.06770503,0.10563963,1,4912,24.56,24.576760292053223,0,0.8887643218040466,0.1112357079982757,False
4915,24.575,0.12408157,0.12705256,0.11844988,0.13962543,1,4912,24.56,24.576760292053223,0,0.8887643218040466,0.1112357079982757,False
4916,24.58,0.11950537,0.1259071,0.13258383,0.1325544,1,4916,24.58,24.59303998947144,0,0.8864632844924927,0.1135367006063461,False
4917,24.585,0.068809465,0.0779183,0.09905063,0.078083865,1,4916,24.58,24.59303998947144,0,0.8864632844924927,0.1135367006063461,False
4918,24.59,-0.009087158,0.0004585703,0.029863011,-0.006997756,1,4916,24.58,24.59303998947144,0,0.8864632844924927,0.1135367006063461,False
4919,24.595,-0.079941906,-0.073745996,-0.044861954,-0.09007641,1,4916,24.58,24.59303998947144,0,0.8864632844924927,0.1135367006063461,False
4920,24.6,-0.113192044,-0.11411851,-0.09297663,-0.13949573,1,4920,24.6,24.609379529953003,0,0.790042519569397,0.209957480430603,False
4921,24.605,-0.098197795,-0.10743981,-0.09672629,-0.13970506,1,4920,24.6,24.609379529953003,0,0.790042519569397,0.209957480430603,False
4922,24.61,-0.047511324,-0.062033374,-0.0598635,-0.096387334,1,4920,24.6,24.609379529953003,0,0.790042519569397,0.209957480430603,False
4923,24.615,0.013075768,-0.0006301441,-0.0031509819,-0.030903747,1,4920,24.6,24.609379529953003,0,0.790042519569397,0.209957480430603,False
4924,24.62,0.059180077,0.05168587,0.047013488,0.030644204,1,4924,24.62,24.636826515197757,0,0.8815701603889465,0.1184298992156982,False
4925,24.625,0.07744007,0.07720642,0.06991762,0.06754084,1,4924,24.62,24.636826515197757,0,0.8815701603889465,0.1184298992156982,False
4926,24.63,0.0664831,0.069662586,0.057264715,0.07032577,1,4924,24.62,24.636826515197757,0,0.8815701603889465,0.1184298992156982,False
4927,24.635,0.03289645,0.03374417,0.014492876,0.042123955,1,4924,24.62,24.636826515197757,0,0.8815701603889465,0.1184298992156982,False
4928,24.64,-0.012194157,-0.017297946,-0.042014502,-0.0033736299,1,4928,24.64,24.65278506278992,0,0.8863270878791809,0.1136729046702385,False
4929,24.645,-0.054415148,-0.06496739,-0.09046559,-0.046370868,1,4928,24.64,24.65278506278992,0,0.8863270878791809,0.1136729046702385,False
4930,24.65,-0.07839941,-0.0906464,-0.11102227,-0.067555726,1,4928,24.64,24.65278506278992,0,0.8863270878791809,0.1136729046702385,False
4931,24.655,-0.07359225,-0.08271589,-0.09345926,-0.055803917,1,4928,24.64,24.65278506278992,0,0.8863270878791809,0.1136729046702385,False
4932,24.66,-0.041030988,-0.042853355,-0.042186774,-0.014003157,1,4932,24.66,24.677018642425537,0,0.8798965215682983,0.1201034113764762,False
4933,24.665,0.0051866034,0.013232831,0.024658965,0.04103383,1,4932,24.66,24.677018642425537,0,0.8798965215682983,0.1201034113764762,False
4934,24.67,0.04523893,0.0631269,0.08311798,0.08630176,1,4932,24.66,24.677018642425537,0,0.8798965215682983,0.1201034113764762,False
4935,24.675,0.06564076,0.089828946,0.11507103,0.10459236,1,4932,24.66,24.677018642425537,0,0.8798965215682983,0.1201034113764762,False
4936,24.68,0.066772975,0.09074607,0.11695115,0.09337225,1,4936,24.68,24.69472932815552,0,0.8869741559028625,0.1130258291959762,False
4937,24.685,0.05952145,0.07675892,0.09946466,0.06439327,1,4936,24.68,24.69472932815552,0,0.8869741559028625,0.1130258291959762,False
4938,24.69,0.05380494,0.0617282,0.07793025,0.034213956,1,4936,24.68,24.69472932815552,0,0.8869741559028625,0.1130258291959762,False
4939,24.695,0.049003575,0.05056617,0.05996848,0.012511843,1,4936,24.68,24.69472932815552,0,0.8869741559028625,0.1130258291959762,False
4940,24.7,0.034778245,0.035623804,0.04007224,-0.0033067253,1,4940,24.7,24.707391262054443,0,0.8777923583984375,0.1222076117992401,False
4941,24.705,0.0016878934,0.0046971245,0.0058786403,-0.023510301,1,4940,24.7,24.707391262054443,0,0.8777923583984375,0.1222076117992401,False
4942,24.71,-0.04753742,-0.04561801,-0.048326302,-0.05528298,1,4940,24.7,24.707391262054443,0,0.8777923583984375,0.1222076117992401,False
4943,24.715,-0.095920965,-0.10240116,-0.11186752,-0.09421565,1,4940,24.7,24.707391262054443,0,0.8777923583984375,0.1222076117992401,False
4944,24.72,-0.12182674,-0.1418719,-0.16062878,-0.12485711,1,4944,24.72,24.73558640480041,0,0.8847852945327759,0.1152146980166435,False
4945,24.725,-0.11332443,-0.14474279,-0.17177,-0.13039793,1,4944,24.72,24.73558640480041,0,0.8847852945327759,0.1152146980166435,False
4946,24.73,-0.07632409,-0.109779425,-0.13929147,-0.1043963,1,4944,24.72,24.73558640480041,0,0.8847852945327759,0.1152146980166435,False
4947,24.735,-0.02987542,-0.054449733,-0.07805321,-0.05544815,1,4944,24.72,24.73558640480041,0,0.8847852945327759,0.1152146980166435,False
4948,24.74,0.007885358,-0.0018380609,-0.012994873,-0.0011235769,1,4948,24.74,24.75280833244324,0,0.8791401982307434,0.1208597719669342,False
4949,24.745,0.03167897,0.03521783,0.037415948,0.043625526,1,4948,24.74,24.75280833244324,0,0.8791401982307434,0.1208597719669342,False
4950,24.75,0.048929732,0.05938771,0.07002716,0.07388349,1,4948,24.74,24.75280833244324,0,0.8791401982307434,0.1208597719669342,False
4951,24.755,0.068269126,0.08003652,0.09218439,0.09265372,1,4948,24.74,24.75280833244324,0,0.8791401982307434,0.1208597719669342,False
4952,24.76,0.08807996,0.10000264,0.10966846,0.10296525,1,4952,24.76,24.75280833244324,0,0.8847305178642273,0.115269511938095,False
4953,24.765,0.09643059,0.11110619,0.11932355,0.10281947,1,4952,24.76,24.75280833244324,0,0.8847305178642273,0.115269511938095,False
4954,24.77,0.08242073,0.10201165,0.11230157,0.087567225,1,4952,24.76,24.75280833244324,0,0.8847305178642273,0.115269511938095,False
4955,24.775,0.04746313,0.06963438,0.08317694,0.056166425,1,4952,24.76,24.75280833244324,0,0.8847305178642273,0.115269511938095,False
4956,24.78,0.0052147643,0.02272955,0.035748433,0.014338004,1,4956,24.78,24.79310941696167,0,0.8588142991065979,0.1411856710910797,False
4957,24.785,-0.029413808,-0.024609001,-0.01857032,-0.02808787,1,4956,24.78,24.79310941696167,0,0.8588142991065979,0.1411856710910797,False
4958,24.79,-0.050864507,-0.06176666,-0.06634131,-0.062117945,1,4956,24.78,24.79310941696167,0,0.8588142991065979,0.1411856710910797,False
4959,24.795,-0.06312525,-0.08454569,-0.09654915,-0.08221866,1,4956,24.78,24.79310941696167,0,0.8588142991065979,0.1411856710910797,False
4960,24.8,-0.070948966,-0.09203344,-0.102741644,-0.086008355,1,4960,24.8,24.80955696105957,0,0.8546081781387329,0.1453917920589447,False
4961,24.805,-0.07248979,-0.083436094,-0.08454583,-0.07356242,1,4960,24.8,24.80955696105957,0,0.8546081781387329,0.1453917920589447,False
4962,24.81,-0.061059024,-0.05895634,-0.048587836,-0.047687843,1,4960,24.8,24.80955696105957,0,0.8546081781387329,0.1453917920589447,False
4963,24.815,-0.033378713,-0.022716587,-0.0066853883,-0.013931153,1,4960,24.8,24.80955696105957,0,0.8546081781387329,0.1453917920589447,False
4964,24.82,0.0046542822,0.016602265,0.029022556,0.020769997,1,4964,24.82,24.825059175491333,0,0.8822706341743469,0.117729365825653,False
4965,24.825,0.04016874,0.048569895,0.05067743,0.049698994,1,4964,24.82,24.825059175491333,0,0.8822706341743469,0.117729365825653,False
4966,24.83,0.060812656,0.064812645,0.05567064,0.066817865,1,4964,24.82,24.825059175491333,0,0.8822706341743469,0.117729365825653,False
4967,24.835,0.06104467,0.061508637,0.04481312,0.066973574,1,4964,24.82,24.825059175491333,0,0.8822706341743469,0.117729365825653,False
4968,24.84,0.043637283,0.040532228,0.02138647,0.04797284,1,4968,24.84,24.85283851623535,0,0.885230302810669,0.1147696450352668,False
4969,24.845,0.017335605,0.009663615,-0.007724093,0.014055019,1,4968,24.84,24.85283851623535,0,0.885230302810669,0.1147696450352668,False
4970,24.85,-0.007051792,-0.01921038,-0.03198284,-0.023146393,1,4968,24.84,24.85283851623535,0,0.885230302810669,0.1147696450352668,False
4971,24.855,-0.02084703,-0.03486132,-0.041253265,-0.049158104,1,4968,24.84,24.85283851623535,0,0.885230302810669,0.1147696450352668,False
4972,24.86,-0.020859318,-0.032397524,-0.03184701,-0.05443067,1,4972,24.86,24.87885594367981,0,0.8789367079734802,0.1210632994771003,False
4973,24.865,-0.010194619,-0.015610596,-0.009002659,-0.03929592,1,4972,24.86,24.87885594367981,0,0.8789367079734802,0.1210632994771003,False
4974,24.87,0.004141319,0.0059921267,0.01672481,-0.012555958,1,4972,24.86,24.87885594367981,0,0.8789367079734802,0.1210632994771003,False
4975,24.875,0.01506245,0.02281526,0.03564441,0.014136505,1,4972,24.86,24.87885594367981,0,0.8789367079734802,0.1210632994771003,False
4976,24.88,0.018065944,0.029165888,0.042476118,0.031436827,1,4976,24.88,24.894479036331177,0,0.8885101079940796,0.1114898771047592,False
4977,24.885,0.011970778,0.024014981,0.036151618,0.034726307,1,4976,24.88,24.894479036331177,0,0.8885101079940796,0.1114898771047592,False
4978,24.89,-0.0013349128,0.009936286,0.018683773,0.024491386,1,4976,24.88,24.894479036331177,0,0.8885101079940796,0.1114898771047592,False
4979,24.895,-0.017569127,-0.008316232,-0.0050235,0.005533913,1,4976,24.88,24.894479036331177,0,0.8885101079940796,0.1114898771047592,False
4980,24.9,-0.031419795,-0.025414914,-0.02773999,-0.015076346,1,4980,24.9,24.90279769897461,0,0.8867458701133728,0.1132541000843048,False
4981,24.905,-0.0383364,-0.037026875,-0.042384945,-0.030803155,0,4980,24.9,24.90279769897461,0,0.8867458701133728,0.1132541000843048,True
4982,24.91,-0.03577897,-0.040522445,-0.045192808,-0.037601117,0,4980,24.9,24.90279769897461,0,0.8867458701133728,0.1132541000843048,True
4983,24.915,-0.023733236,-0.034889724,-0.037048418,-0.03427691,0,4980,24.9,24.90279769897461,0,0.8867458701133728,0.1132541000843048,True
4984,24.92,-0.0052700397,-0.02119009,-0.022390028,-0.022344971,0,4984,24.92,24.9244122505188,0,0.8895804286003113,0.1104195490479469,True
4985,24.925,0.013104781,-0.0037591993,-0.007074554,-0.0061947852,0,4984,24.92,24.9244122505188,0,0.8895804286003113,0.1104195490479469,True
4986,24.93,0.023329398,0.010286624,0.0038908795,0.007844024,0,4984,24.92,24.9244122505188,0,0.8895804286003113,0.1104195490479469,True
4987,24.935,0.020782772,0.015328478,0.008834108,0.015126081,0,4984,24.92,24.9244122505188,0,0.8895804286003113,0.1104195490479469,True
4988,24.94,0.009110725,0.0127282385,0.011040709,0.016985158,0,4988,24.94,24.951209545135494,0,0.8905833959579468,0.1094166338443756,True
4989,24.945,-0.0005734482,0.011381325,0.016980717,0.020688621,0,4988,24.94,24.951209545135494,0,0.8905833959579468,0.1094166338443756,True
4990,24.95,0.0024446242,0.020610735,0.03068961,0.03293333,0,4988,24.94,24.951209545135494,0,0.8905833959579468,0.1094166338443756,True
4991,24.955,0.019313348,0.040780902,0.048528127,0.05182616,0,4988,24.94,24.951209545135494,0,0.8905833959579468,0.1094166338443756,True
4992,24.96,0.039516557,0.06075945,0.05991444,0.065523945,0,4992,24.96,24.965439796447757,0,0.8893261551856995,0.1106738075613975,True
4993,24.965,0.04846932,0.06556556,0.05461522,0.060291514,0,4992,24.96,24.965439796447757,0,0.8893261551856995,0.1106738075613975,True
4994,24.97,0.038545795,0.04774968,0.030574698,0.031563222,0,4992,24.96,24.965439796447757,0,0.8893261551856995,0.1106738075613975,True
4995,24.975,0.014173122,0.012593726,-0.004531141,-0.011698038,0,4992,24.96,24.965439796447757,0,0.8893261551856995,0.1106738075613975,True
4996,24.98,-0.012654649,-0.026504036,-0.038778745,-0.052923277,0,4996,24.98,24.99262380599976,0,0.8752036094665527,0.1247963681817054,True
4997,24.985,-0.031540915,-0.05714237,-0.06300094,-0.07858519,0,4996,24.98,24.99262380599976,0,0.8752036094665527,0.1247963681817054,True
4998,24.99,-0.0395439,-0.07360891,-0.07363157,-0.084824115,0,4996,24.98,24.99262380599976,0,0.8752036094665527,0.1247963681817054,True
4999,24.995,-0.0400882,-0.07622223,-0.0708368,-0.07610897,0,4996,24.98,24.99262380599976,0,0.8752036094665527,0.1247963681817054,True
5000,25.0,-0.03769944,-0.06748761,-0.055691205,-0.059032682,0,5000,25.0,25.006929636001587,0,0.8878692388534546,0.1121307611465454,True
5001,25.005,-0.03372013,-0.049449727,-0.029619956,-0.037146606,0,5000,25.0,25.006929636001587,0,0.8878692388534546,0.1121307611465454,True
5002,25.01,-0.025772018,-0.023535075,0.0042416644,-0.010236692,0,5000,25.0,25.006929636001587,0,0.8878692388534546,0.1121307611465454,True
5003,25.015,-0.010333903,0.008477584,0.040212326,0.022686288,0,5000,25.0,25.006929636001587,0,0.8878692388534546,0.1121307611465454,True
5004,25.02,0.013568887,0.043445595,0.07101382,0.05959013,0,5004,25.02,25.024664402008057,0,0.8863843083381653,0.1136156693100929,True
5005,25.025,0.041456763,0.07576111,0.08960628,0.093463436,0,5004,25.02,25.024664402008057,0,0.8863843083381653,0.1136156693100929,True
5006,25.03,0.06318241,0.09676711,0.09068634,0.113529615,0,5004,25.02,25.024664402008057,0,0.8863843083381653,0.1136156693100929,True
5007,25.035,0.06687329,0.09666497,0.07188704,0.10944606,0,5004,25.02,25.024664402008057,0,0.8863843083381653,0.1136156693100929,True
5008,25.04,0.045945838,0.06971244,0.03515457,0.07664714,0,5008,25.04,25.05614471435547,0,0.8907457590103149,0.1092542558908462,True
5009,25.045,0.004661991,0.019712683,-0.012408929,0.019888455,0,5008,25.04,25.05614471435547,0,0.8907457590103149,0.1092542558908462,True
5010,25.05,-0.042599652,-0.039249357,-0.0597616,-0.047249857,0,5008,25.04,25.05614471435547,0,0.8907457590103149,0.1092542558908462,True
5011,25.055,-0.078613885,-0.08873436,-0.09544106,-0.106750585,0,5008,25.04,25.05614471435547,0,0.8907457590103149,0.1092542558908462,True
5012,25.06,-0.09193672,-0.11473682,-0.111545235,-0.14223784,0,5012,25.06,25.0777645111084,0,0.8609774112701416,0.1390226334333419,True
5013,25.065,-0.08102021,-0.11320645,-0.10599363,-0.14439756,0,5012,25.06,25.0777645111084,0,0.8609774112701416,0.1390226334333419,True
5014,25.07,-0.052409425,-0.089419626,-0.08246884,-0.114245035,0,5012,25.06,25.0777645111084,0,0.8609774112701416,0.1390226334333419,True
5015,25.075,-0.016097184,-0.053258322,-0.048709832,-0.063006885,0,5012,25.06,25.0777645111084,0,0.8609774112701416,0.1390226334333419,True
5016,25.08,0.01853877,-0.014292956,-0.013652618,-0.0076052095,0,5016,25.08,25.092977046966556,0,0.8879348039627075,0.1120651438832283,True
5017,25.085,0.045241676,0.021128086,0.016244661,0.037263952,0,5016,25.08,25.092977046966556,0,0.8879348039627075,0.1120651438832283,True
5018,25.09,0.062225413,0.050702006,0.03998532,0.06623119,0,5016,25.08,25.092977046966556,0,0.8879348039627075,0.1120651438832283,True
5019,25.095,0.07201317,0.07531044,0.0617886,0.08437563,0,5016,25.08,25.092977046966556,0,0.8879348039627075,0.1120651438832283,True
5020,25.1,0.07890633,0.0966497,0.08663872,0.10093251,0,5020,25.1,25.11112189292908,0,0.8880805373191833,0.1119194403290748,True
5021,25.105,0.084830806,0.114201255,0.11436729,0.12005654,0,5020,25.1,25.11112189292908,0,0.8880805373191833,0.1119194403290748,True
5022,25.11,0.08655986,0.12354166,0.13713557,0.1358202,0,5020,25.1,25.11112189292908,0,0.8880805373191833,0.1119194403290748,True
5023,25.115,0.07713299,0.117722854,0.1428628,0.13535124,0,5020,25.1,25.11112189292908,0,0.8880805373191833,0.1119194403290748,True
5024,25.12,0.050920725,0.09120075,0.122157894,0.10752887,0,5024,25.12,25.12503409385681,0,0.8873846530914307,0.1126153171062469,True
5025,25.125,0.008310832,0.04357276,0.073555805,0.05065981,0,5024,25.12,25.12503409385681,0,0.8873846530914307,0.1126153171062469,True
5026,25.13,-0.04372142,-0.019352015,0.003983705,-0.025790857,0,5024,25.12,25.12503409385681,0,0.8873846530914307,0.1126153171062469,True
5027,25.135,-0.09489434,-0.08712713,-0.074213624,-0.10522836,0,5024,25.12,25.12503409385681,0,0.8873846530914307,0.1126153171062469,True
5028,25.14,-0.1352113,-0.14703213,-0.14643613,-0.1699448,0,5028,25.14,25.142934322357178,0,0.8563056588172913,0.1436943858861923,True
5029,25.145,-0.15642013,-0.18617629,-0.19791417,-0.20587462,0,5028,25.14,25.142934322357178,0,0.8563056588172913,0.1436943858861923,True
5030,25.15,-0.15252687,-0.1941381,-0.21614154,-0.20548372,0,5028,25.14,25.142934322357178,0,0.8563056588172913,0.1436943858861923,True
5031,25.155,-0.12168111,-0.1667616,-0.19485493,-0.16943839,0,5028,25.14,25.142934322357178,0,0.8563056588172913,0.1436943858861923,True
5032,25.16,-0.06889517,-0.109376095,-0.13798453,-0.106813736,0,5032,25.16,25.160578966140747,0,0.8857564926147461,0.1142435222864151,True
5033,25.165,-0.0062931557,-0.036392245,-0.06022935,-0.03283091,0,5032,25.16,25.160578966140747,0,0.8857564926147461,0.1142435222864151,True
5034,25.17,0.051037632,0.033760507,0.017574027,0.035867494,0,5032,25.16,25.160578966140747,0,0.8857564926147461,0.1142435222864151,True
5035,25.175,0.09138049,0.08586107,0.07666379,0.08665076,0,5032,25.16,25.160578966140747,0,0.8857564926147461,0.1142435222864151,True
5036,25.18,0.11058583,0.11328348,0.10802862,0.11469962,0,5036,25.18,25.18063378334045,0,0.8588750958442688,0.1411248743534088,True
5037,25.185,0.11176926,0.11900223,0.11536889,0.123554334,0,5036,25.18,25.18063378334045,0,0.8588750958442688,0.1411248743534088,True
5038,25.19,0.10164379,0.112203345,0.11132224,0.12195231,0,5036,25.18,25.18063378334045,0,0.8588750958442688,0.1411248743534088,True
5039,25.195,0.08642094,0.102457546,0.1086513,0.11807071,0,5036,25.18,25.18063378334045,0,0.8588750958442688,0.1411248743534088,True
5040,25.2,0.06969006,0.0946341,0.11184883,0.11433208,0,5040,25.2,25.20286536216736,0,0.8598687052726746,0.1401313245296478,True
5041,25.205,0.052867576,0.08759604,0.11522775,0.10657779,0,5040,25.2,25.20286536216736,0,0.8598687052726746,0.1401313245296478,True
5042,25.21,0.036734264,0.07712461,0.10885177,0.088503994,0,5040,25.2,25.20286536216736,0,0.8598687052726746,0.1401313245296478,True
5043,25.215,0.02166326,0.059844375,0.086753875,0.05745922,0,5040,25.2,25.20286536216736,0,0.8598687052726746,0.1401313245296478,True
5044,25.22,0.005846138,0.03423829,0.049900863,0.016235711,0,5044,25.22,25.224639177322388,0,0.8424413204193115,0.1575586944818496,True
5045,25.225,-0.015880793,-0.0011923487,0.002329775,-0.030193293,0,5044,25.22,25.224639177322388,0,0.8424413204193115,0.1575586944818496,True
5046,25.23,-0.049107064,-0.048326816,-0.05334864,-0.07839095,0,5044,25.22,25.224639177322388,0,0.8424413204193115,0.1575586944818496,True
5047,25.235,-0.093206406,-0.10536843,-0.11448165,-0.12574795,0,5044,25.22,25.224639177322388,0,0.8424413204193115,0.1575586944818496,True
5048,25.24,-0.13665986,-0.16153066,-0.17228092,-0.16619243,0,5048,25.24,25.243030548095703,0,0.8820620775222778,0.1179379522800445,True
5049,25.245,-0.16038024,-0.19752476,-0.2095474,-0.18830892,0,5048,25.24,25.243030548095703,0,0.8820620775222778,0.1179379522800445,True
5050,25.25,-0.1487514,-0.19490364,-0.20814312,-0.18021496,0,5048,25.24,25.243030548095703,0,0.8820620775222778,0.1179379522800445,True
5051,25.255,-0.10065089,-0.14858477,-0.16198845,-0.13842076,0,5048,25.24,25.243030548095703,0,0.8820620775222778,0.1179379522800445,True
5052,25.26,-0.03152578,-0.072261125,-0.08428123,-0.07272263,0,5052,25.26,25.253008127212524,0,0.8745617270469666,0.1254382729530334,True
5053,25.265,0.035673436,0.008793151,-0.0013698254,-0.0016658708,0,5052,25.26,25.253008127212524,0,0.8745617270469666,0.1254382729530334,True
5054,25.27,0.08389825,0.072614335,0.06291062,0.058586095,0,5052,25.26,25.253008127212524,0,0.8745617270469666,0.1254382729530334,True
5055,25.275,0.10953399,0.11160694,0.100206055,0.10276447,0,5052,25.26,25.253008127212524,0,0.8745617270469666,0.1254382729530334,True
5056,25.28,0.11903291,0.13155779,0.11793883,0.1350724,0,5056,25.28,25.292766332626343,0,0.871529757976532,0.1284702122211456,True
5057,25.285,0.11891899,0.14086816,0.12789619,0.15948042,0,5056,25.28,25.292766332626343,0,0.871529757976532,0.1284702122211456,True
5058,25.29,0.108769946,0.14058834,0.13400967,0.17138378,0,5056,25.28,25.292766332626343,0,0.871529757976532,0.1284702122211456,True
5059,25.295,0.083534114,0.124489985,0.13025674,0.1594917,0,5056,25.28,25.292766332626343,0,0.871529757976532,0.1284702122211456,True
5060,25.3,0.04253892,0.08849822,0.109619945,0.11721974,0,5060,25.3,25.30301713943481,0,0.8533565998077393,0.1466433852910995,True
5061,25.305,-0.004217598,0.03944148,0.0742491,0.052971996,0,5060,25.3,25.30301713943481,0,0.8533565998077393,0.1466433852910995,True
5062,25.31,-0.040014174,-0.0066690673,0.03584884,-0.011658785,0,5060,25.3,25.30301713943481,0,0.8533565998077393,0.1466433852910995,True
5063,25.315,-0.05361934,-0.036464997,0.0053186426,-0.056105062,0,5060,25.3,25.30301713943481,0,0.8533565998077393,0.1466433852910995,True
5064,25.32,-0.049102068,-0.050278284,-0.017910343,-0.07560395,0,5064,25.32,25.32474184036255,0,0.7841549515724182,0.2158450633287429,True
5065,25.325,-0.043343052,-0.06127046,-0.04525185,-0.08303089,0,5064,25.32,25.32474184036255,0,0.7841549515724182,0.2158450633287429,True
5066,25.33,-0.051916175,-0.08233012,-0.0862712,-0.09564211,0,5064,25.32,25.32474184036255,0,0.7841549515724182,0.2158450633287429,True
5067,25.335,-0.074990414,-0.11225408,-0.13546188,-0.11851596,0,5064,25.32,25.32474184036255,0,0.7841549515724182,0.2158450633287429,True
5068,25.34,-0.09573975,-0.13404699,-0.1716099,-0.13948612,0,5068,25.34,25.35262680053711,0,0.8851034045219421,0.1148966327309608,True
5069,25.345,-0.09316392,-0.12752338,-0.17178549,-0.13951589,0,5068,25.34,25.35262680053711,0,0.8851034045219421,0.1148966327309608,True
5070,25.35,-0.0587479,-0.08565166,-0.12859885,-0.108470194,0,5068,25.34,25.35262680053711,0,0.8851034045219421,0.1148966327309608,True
5071,25.355,-0.0033040775,-0.020915227,-0.056231532,-0.052473843,0,5068,25.34,25.35262680053711,0,0.8851034045219421,0.1148966327309608,True
5072,25.36,0.050866097,0.04304493,0.019265583,0.01183128,0,5072,25.36,25.373100519180294,0,0.862160861492157,0.137839138507843,True
5073,25.365,0.0849929,0.08670034,0.07642581,0.0687886,0,5072,25.36,25.373100519180294,0,0.862160861492157,0.137839138507843,True
5074,25.37,0.09368973,0.10431514,0.10815095,0.110415116,0,5072,25.36,25.373100519180294,0,0.862160861492157,0.137839138507843,True
5075,25.375,0.08350365,0.10210523,0.11921551,0.13485011,0,5072,25.36,25.373100519180294,0,0.862160861492157,0.137839138507843,True
5076,25.38,0.064467214,0.08947535,0.11714534,0.14173119,0,5076,25.38,25.39263319969177,0,0.8842390775680542,0.115760937333107,True
5077,25.385,0.0435114,0.07229164,0.10590669,0.13082615,0,5076,25.38,25.39263319969177,0,0.8842390775680542,0.115760937333107,True
5078,25.39,0.024071135,0.052600842,0.08633591,0.10445896,0,5076,25.38,25.39263319969177,0,0.8842390775680542,0.115760937333107,True
5079,25.395,0.00880847,0.032018267,0.059992127,0.06929307,0,5076,25.38,25.39263319969177,0,0.8842390775680542,0.115760937333107,True
5080,25.4,0.0002066829,0.0135535905,0.031266697,0.034153566,0,5080,25.4,25.402791500091556,0,0.8302092552185059,0.1697907596826553,True
5081,25.405,-0.0019631502,-0.00013306027,0.005824133,0.005271462,0,5080,25.4,25.402791500091556,0,0.8302092552185059,0.1697907596826553,True
5082,25.41,-0.0026033958,-0.009791755,-0.01301612,-0.017126763,0,5080,25.4,25.402791500091556,0,0.8302092552185059,0.1697907596826553,True
5083,25.415,-0.009272448,-0.0204518,-0.027137397,-0.038417697,0,5080,25.4,25.402791500091556,0,0.8302092552185059,0.1697907596826553,True
5084,25.42,-0.027116613,-0.038508307,-0.04330808,-0.06566419,0,5084,25.42,25.42786383628845,0,0.88175368309021,0.1182462871074676,True
5085,25.425,-0.054866888,-0.066482544,-0.06869218,-0.102122515,0,5084,25.42,25.42786383628845,0,0.88175368309021,0.1182462871074676,True
5086,25.43,-0.08491507,-0.0990902,-0.104047544,-0.14285073,0,5084,25.42,25.42786383628845,0,0.88175368309021,0.1182462871074676,True
5087,25.435,-0.10688413,-0.124088235,-0.13952187,-0.1744029,0,5084,25.42,25.42786383628845,0,0.88175368309021,0.1182462871074676,True
5088,25.44,-0.11188312,-0.12839395,-0.15775427,-0.18027195,0,5088,25.44,25.443119049072266,0,0.889016330242157,0.1109836921095848,True
5089,25.445,-0.09532102,-0.10583387,-0.14387853,-0.15002081,0,5088,25.44,25.443119049072266,0,0.889016330242157,0.1109836921095848,True
5090,25.45,-0.057951964,-0.060927972,-0.09557386,-0.08629105,0,5088,25.44,25.443119049072266,0,0.889016330242157,0.1109836921095848,True
5091,25.455,-0.005519434,-0.0056020706,-0.024928717,-0.0041609164,0,5088,25.44,25.443119049072266,0,0.889016330242157,0.1109836921095848,True
5092,25.46,0.052919805,0.04871209,0.049770467,0.07722389,0,5092,25.46,25.46942687034607,0,0.8794333934783936,0.1205666437745094,True
5093,25.465,0.10757521,0.096977696,0.115169525,0.14432749,0,5092,25.46,25.46942687034607,0,0.8794333934783936,0.1205666437745094,True
5094,25.47,0.14992444,0.13921152,0.16688827,0.19243608,0,5092,25.46,25.46942687034607,0,0.8794333934783936,0.1205666437745094,True
5095,25.475,0.17285338,0.1732677,0.20355947,0.22056063,0,5092,25.46,25.46942687034607,0,0.8794333934783936,0.1205666437745094,True
5096,25.48,0.17004406,0.18945687,0.21855557,0.22446616,0,5096,25.48,25.487255573272705,0,0.8863699436187744,0.1136300340294838,True
5097,25.485,0.13765737,0.17425282,0.20015177,0.1966602,0,5096,25.48,25.487255573272705,0,0.8863699436187744,0.1136300340294838,True
5098,25.49,0.079200305,0.12205773,0.1423001,0.1351785,0,5096,25.48,25.487255573272705,0,0.8863699436187744,0.1136300340294838,True
5099,25.495,0.009127451,0.044823263,0.05604478,0.052581884,0,5096,25.48,25.487255573272705,0,0.8863699436187744,0.1136300340294838,True
5100,25.5,-0.051397983,-0.031304672,-0.031458143,-0.026306666,0,5100,25.5,25.508591413497925,0,0.6845500469207764,0.3154499232769012,True
5101,25.505,-0.087146714,-0.08268421,-0.09303034,-0.07984013,0,5100,25.5,25.508591413497925,0,0.6845500469207764,0.3154499232769012,True
5102,25.51,-0.10054596,-0.105497904,-0.12067708,-0.10608938,0,5100,25.5,25.508591413497925,0,0.6845500469207764,0.3154499232769012,True
5103,25.515,-0.110460915,-0.118052445,-0.13100927,-0.12451797,0,5100,25.5,25.508591413497925,0,0.6845500469207764,0.3154499232769012,True
5104,25.52,-0.13601463,-0.1441809,-0.150594,-0.15886891,0,5104,25.52,25.527555227279663,0,0.8722894787788391,0.1277105063199997,True
5105,25.525,-0.1778185,-0.19062814,-0.19223349,-0.2147455,0,5104,25.52,25.527555227279663,0,0.8722894787788391,0.1277105063199997,True
5106,25.53,-0.21307763,-0.23743287,-0.24148805,-0.27096272,0,5104,25.52,25.527555227279663,0,0.8722894787788391,0.1277105063199997,True
5107,25.535,-0.20974652,-0.24967244,-0.26440728,-0.29185098,0,5104,25.52,25.527555227279663,0,0.8722894787788391,0.1277105063199997,True
5108,25.54,-0.14875041,-0.20121387,-0.23005547,-0.2500959,0,5108,25.54,25.54441523551941,0,0.8807220458984375,0.1192779392004013,True
5109,25.545,-0.037285514,-0.092211895,-0.13049467,-0.1427848,0,5108,25.54,25.54441523551941,0,0.8807220458984375,0.1192779392004013,True
5110,25.55,0.095254436,0.0511996,0.01498052,0.008505303,0,5108,25.54,25.54441523551941,0,0.8807220458984375,0.1192779392004013,True
5111,25.555,0.2132948,0.19183591,0.1709097,0.16944009,0,5108,25.54,25.54441523551941,0,0.8807220458984375,0.1192779392004013,True
5112,25.56,0.29062095,0.29832834,0.30137938,0.3060753,0,5112,25.56,25.57292413711548,1,0.0482825338840484,0.9517174363136292,False
5113,25.565,0.31685144,0.35352805,0.3804779,0.3926861,0,5112,25.56,25.57292413711548,1,0.0482825338840484,0.9517174363136292,False
5114,25.57,0.29495648,0.353459,0.3954887,0.41466895,0,5112,25.56,25.57292413711548,1,0.0482825338840484,0.9517174363136292,False
5115,25.575,0.23527548,0.30276373,0.3466336,0.36998352,0,5112,25.56,25.57292413711548,1,0.0482825338840484,0.9517174363136292,False
5116,25.58,0.150667,0.21196087,0.24635233,0.27017248,0,5116,25.58,25.593973875045776,0,0.7220194339752197,0.277980625629425,True
5117,25.585,0.05386512,0.096704885,0.117137834,0.13852078,0,5116,25.58,25.593973875045776,0,0.7220194339752197,0.277980625629425,True
5118,25.59,-0.043885425,-0.023983687,-0.014236253,0.0032058798,0,5116,25.58,25.593973875045776,0,0.7220194339752197,0.277980625629425,True
5119,25.595,-0.13356495,-0.13210382,-0.12529497,-0.11260458,0,5116,25.58,25.593973875045776,0,0.7220194339752197,0.277980625629425,True
5120,25.6,-0.20850626,-0.21575448,-0.20501848,-0.19820671,0,5120,25.6,25.60904049873352,1,0.023067183792591,0.9769328832626344,False
5121,25.605,-0.26401848,-0.27143684,-0.2552319,-0.25579754,0,5120,25.6,25.60904049873352,1,0.023067183792591,0.9769328832626344,False
5122,25.61,-0.29678237,-0.3018397,-0.28527582,-0.29409903,0,5120,25.6,25.60904049873352,1,0.023067183792591,0.9769328832626344,False
5123,25.615,-0.3040929,-0.3106083,-0.30317596,-0.3197016,0,5120,25.6,25.60904049873352,1,0.023067183792591,0.9769328832626344,False
5124,25.62,-0.28304267,-0.29763663,-0.30857298,-0.33117336,0,5124,25.62,25.62800908088684,1,0.0578581169247627,0.942141890525818,False
5125,25.625,-0.23036341,-0.25793153,-0.29148835,-0.31837323,0,5124,25.62,25.62800908088684,1,0.0578581169247627,0.942141890525818,False
5126,25.63,-0.14406112,-0.18481638,-0.23765199,-0.2668171,0,5124,25.62,25.62800908088684,1,0.0578581169247627,0.942141890525818,False
5127,25.635,-0.027051225,-0.07588833,-0.13773666,-0.1657907,0,5124,25.62,25.62800908088684,1,0.0578581169247627,0.942141890525818,False
5128,25.64,0.10911996,0.061272215,0.0040453523,-0.017676713,0,5128,25.64,25.64290475845337,1,0.0359294936060905,0.9640704989433287,False
5129,25.645,0.24377768,0.206967,0.16654511,0.15625583,0,5128,25.64,25.64290475845337,1,0.0359294936060905,0.9640704989433287,False
5130,25.65,0.3518041,0.33305773,0.3161402,0.31893265,0,5128,25.64,25.64290475845337,1,0.0359294936060905,0.9640704989433287,False
5131,25.655,0.41177484,0.4118602,0.41803938,0.4305068,0,5128,25.64,25.64290475845337,1,0.0359294936060905,0.9640704989433287,False
5132,25.66,0.41300178,0.42627373,0.4493686,0.46512693,0,5132,25.66,25.669437646865845,1,0.0448579341173172,0.955142080783844,False
5133,25.665,0.35781658,0.37586805,0.40735158,0.42143634,0,5132,25.66,25.669437646865845,1,0.0448579341173172,0.955142080783844,False
5134,25.67,0.2589974,0.27587953,0.3084834,0.32072803,0,5132,25.66,25.669437646865845,1,0.0448579341173172,0.955142080783844,False
5135,25.675,0.13477747,0.15018538,0.17991179,0.19502096,0,5132,25.66,25.669437646865845,1,0.0448579341173172,0.955142080783844,False
5136,25.68,0.003550823,0.022190016,0.04836699,0.07279651,0,5136,25.68,25.683100938797,1,0.0231494568288326,0.9768505096435548,False
5137,25.685,-0.12079145,-0.09233559,-0.06791562,-0.030671613,0,5136,25.68,25.683100938797,1,0.0231494568288326,0.9768505096435548,False
5138,25.69,-0.23159432,-0.18805929,-0.1619495,-0.11558575,0,5136,25.68,25.683100938797,1,0.0231494568288326,0.9768505096435548,False
5139,25.695,-0.32802117,-0.26788238,-0.23616768,-0.19279842,0,5136,25.68,25.683100938797,1,0.0231494568288326,0.9768505096435548,False
5140,25.7,-0.408824,-0.33658168,-0.29760972,-0.27375168,0,5140,25.7,25.70290279388428,1,0.0235286764800548,0.9764713048934937,False
5141,25.705,-0.4649003,-0.39298305,-0.35130727,-0.35908234,0,5140,25.7,25.70290279388428,1,0.0235286764800548,0.9764713048934937,False
5142,25.71,-0.477105,-0.42505267,-0.39359623,-0.4321231,0,5140,25.7,25.70290279388428,1,0.0235286764800548,0.9764713048934937,False
5143,25.715,-0.42323613,-0.41199455,-0.40877405,-0.46273556,0,5140,25.7,25.70290279388428,1,0.0235286764800548,0.9764713048934937,False
5144,25.72,-0.29133266,-0.3339498,-0.3729012,-0.42119643,0,5144,25.72,25.722949981689453,1,0.0397766605019569,0.9602233171463012,False
5145,25.725,-0.091189735,-0.18493323,-0.26551676,-0.29489067,0,5144,25.72,25.722949981689453,1,0.0397766605019569,0.9602233171463012,False
5146,25.73,0.14327152,0.01819689,-0.084664956,-0.09830332,0,5144,25.72,25.722949981689453,1,0.0397766605019569,0.9602233171463012,False
5147,25.735,0.3626927,0.23651169,0.1433712,0.12905712,0,5144,25.72,25.722949981689453,1,0.0397766605019569,0.9602233171463012,False
5148,25.74,0.5184046,0.42057738,0.367348,0.33556792,0,5148,25.74,25.743133544921875,1,0.0338982678949832,0.9661017060279846,False
5149,25.745,0.5795674,0.5284196,0.5286419,0.47551328,0,5148,25.74,25.743133544921875,1,0.0338982678949832,0.9661017060279846,False
5150,25.75,0.54435337,0.54172075,0.58562905,0.52508175,0,5148,25.74,25.743133544921875,1,0.0338982678949832,0.9661017060279846,False
5151,25.755,0.43931958,0.47186103,0.531872,0.4896806,0,5148,25.74,25.743133544921875,1,0.0338982678949832,0.9661017060279846,False
5152,25.76,0.30525228,0.35185543,0.39739594,0.39844507,0,5152,25.76,25.76737856864929,1,0.0392158702015876,0.9607841372489928,False
5153,25.765,0.17538463,0.21805991,0.23180014,0.28748092,0,5152,25.76,25.76737856864929,1,0.0392158702015876,0.9607841372489928,False
5154,25.77,0.058710158,0.09215722,0.07867932,0.18042223,0,5152,25.76,25.76737856864929,1,0.0392158702015876,0.9607841372489928,False
5155,25.775,-0.059815943,-0.025793385,-0.044103377,0.078014486,0,5152,25.76,25.76737856864929,1,0.0392158702015876,0.9607841372489928,False
5156,25.78,-0.20112118,-0.1494718,-0.14729501,-0.03636536,0,5156,25.78,25.79271697998047,1,0.0223625153303146,0.977637529373169,False
5157,25.785,-0.36806676,-0.28919512,-0.25494254,-0.1786464,0,5156,25.78,25.79271697998047,1,0.0223625153303146,0.977637529373169,False
5158,25.79,-0.53259593,-0.43636492,-0.3798998,-0.345061,0,5156,25.78,25.79271697998047,1,0.0223625153303146,0.977637529373169,False
5159,25.795,-0.6431258,-0.55864054,-0.5050129,-0.5041422,0,5156,25.78,25.79271697998047,1,0.0223625153303146,0.977637529373169,False
5160,25.8,-0.6479586,-0.60930425,-0.58304846,-0.6050518,0,5160,25.8,25.802846431732178,1,0.0269786156713962,0.973021388053894,False
5161,25.805,-0.52162874,-0.54794216,-0.5587607,-0.59910476,0,5160,25.8,25.802846431732178,1,0.0269786156713962,0.973021388053894,False
5162,25.81,-0.2808268,-0.3638903,-0.4027749,-0.46486843,0,5160,25.8,25.802846431732178,1,0.0269786156713962,0.973021388053894,False
5163,25.815,0.017802622,-0.090126805,-0.13707224,-0.22426517,0,5160,25.8,25.802846431732178,1,0.0269786156713962,0.973021388053894,False
5164,25.82,0.29762304,0.20289133,0.16608502,0.06048873,0,5164,25.82,25.82310104370117,1,0.032115776091814,0.9678842425346376,False
5165,25.825,0.49100593,0.43398228,0.41457272,0.3102323,0,5164,25.82,25.82310104370117,1,0.032115776091814,0.9678842425346376,False
5166,25.83,0.5634096,0.545663,0.5395136,0.46156833,0,5164,25.82,25.82310104370117,1,0.032115776091814,0.9678842425346376,False
5167,25.835,0.5210125,0.52691853,0.52532125,0.49145254,0,5164,25.82,25.82310104370117,1,0.032115776091814,0.9678842425346376,False
5168,25.84,0.400403,0.41201222,0.4096841,0.42101845,0,5168,25.84,25.84611296653748,1,0.0510776750743389,0.948922336101532,False
5169,25.845,0.24905744,0.25833508,0.25652382,0.29887664,0,5168,25.84,25.84611296653748,1,0.0510776750743389,0.948922336101532,False
5170,25.85,0.107734084,0.117941625,0.121091746,0.17537352,0,5168,25.84,25.84611296653748,1,0.0510776750743389,0.948922336101532,False
5171,25.855,0.0005106335,0.018029673,0.027839113,0.08184085,0,5168,25.84,25.84611296653748,1,0.0510776750743389,0.948922336101532,False
5172,25.86,-0.06775581,-0.042447135,-0.029918449,0.023328459,0,5172,25.86,25.8671555519104,1,0.0224205087870359,0.9775795340538024,False
5173,25.865,-0.10807268,-0.082286075,-0.073924296,-0.014903715,0,5172,25.86,25.8671555519104,1,0.0224205087870359,0.9775795340538024,False
5174,25.87,-0.13863412,-0.12168255,-0.121629216,-0.05308327,0,5172,25.86,25.8671555519104,1,0.0224205087870359,0.9775795340538024,False
5175,25.875,-0.17304476,-0.16911383,-0.17514113,-0.1031428,0,5172,25.86,25.8671555519104,1,0.0224205087870359,0.9775795340538024,False
5176,25.88,-0.21129085,-0.21749005,-0.22240204,-0.16211858,0,5176,25.88,25.893022537231445,1,0.0237313844263553,0.9762686491012572,False
5177,25.885,-0.23942403,-0.24973549,-0.24637516,-0.21460526,0,5176,25.88,25.893022537231445,1,0.0237313844263553,0.9762686491012572,False
5178,25.89,-0.23834215,-0.24864039,-0.2344647,-0.24105681,0,5176,25.88,25.893022537231445,1,0.0237313844263553,0.9762686491012572,False
5179,25.895,-0.19564646,-0.20494361,-0.18318269,-0.22683585,0,5176,25.88,25.893022537231445,1,0.0237313844263553,0.9762686491012572,False
5180,25.9,-0.11334664,-0.121214375,-0.09876087,-0.16879001,0,5180,25.9,25.905248641967773,1,0.0382907763123512,0.9617092609405518,False
5181,25.905,-0.008190185,-0.012482823,0.0031915074,-0.0783744,0,5180,25.9,25.905248641967773,1,0.0382907763123512,0.9617092609405518,False
5182,25.91,0.09421305,0.096045405,0.09900615,0.019954886,0,5180,25.9,25.905248641967773,1,0.0382907763123512,0.9617092609405518,False
5183,25.915,0.16853324,0.17599028,0.1628943,0.097038865,0,5180,25.9,25.905248641967773,1,0.0382907763123512,0.9617092609405518,False
5184,25.92,0.19885524,0.20749733,0.17863758,0.1326829,0,5184,25.92,25.938870906829838,1,0.0353048369288444,0.964695155620575,False
5185,25.925,0.18410012,0.18969877,0.15034795,0.12697384,0,5184,25.92,25.938870906829838,1,0.0353048369288444,0.964695155620575,False
5186,25.93,0.13667944,0.14099978,0.101636946,0.099452645,0,5184,25.92,25.938870906829838,1,0.0353048369288444,0.964695155620575,False
5187,25.935,0.07467732,0.086236835,0.059775934,0.07408629,0,5184,25.92,25.938870906829838,1,0.0353048369288444,0.964695155620575,False
5188,25.94,0.012388369,0.039293315,0.035450835,0.060632132,0,5188,25.94,25.958394289016724,1,0.048293799161911,0.9517062306404114,False
5189,25.945,-0.04428329,-0.004284948,0.015652988,0.048240777,0,5188,25.94,25.958394289016724,1,0.048293799161911,0.9517062306404114,False
5190,25.95,-0.09456057,-0.057316843,-0.022088384,0.01798197,0,5188,25.94,25.958394289016724,1,0.048293799161911,0.9517062306404114,False
5191,25.955,-0.13503891,-0.12166649,-0.08487643,-0.035677273,0,5188,25.94,25.958394289016724,1,0.048293799161911,0.9517062306404114,False
5192,25.96,-0.15486182,-0.17718706,-0.15078275,-0.09335263,0,5192,25.96,25.96720051765442,1,0.0304086618125438,0.9695913791656494,False
5193,25.965,-0.13939217,-0.19074099,-0.1799487,-0.12055375,0,5192,25.96,25.96720051765442,1,0.0304086618125438,0.9695913791656494,False
5194,25.97,-0.081246704,-0.14026839,-0.14330105,-0.092484854,0,5192,25.96,25.96720051765442,1,0.0304086618125438,0.9695913791656494,False
5195,25.975,0.009156803,-0.03540261,-0.0465769,-0.014805883,0,5192,25.96,25.96720051765442,1,0.0304086618125438,0.9695913791656494,False
5196,25.98,0.10294666,0.08259845,0.06948591,0.076141514,0,5196,25.98,25.99491500854492,1,0.0627201497554779,0.9372798800468444,False
5197,25.985,0.16565786,0.16375154,0.15368089,0.1349758,0,5196,25.98,25.99491500854492,1,0.0627201497554779,0.9372798800468444,False
5198,25.99,0.17694134,0.17981714,0.17592488,0.13596852,0,5196,25.98,25.99491500854492,1,0.0627201497554779,0.9372798800468444,False
5199,25.995,0.14312053,0.14044623,0.14329255,0.08837705,0,5196,25.98,25.99491500854492,1,0.0627201497554779,0.9372798800468444,False
5200,26.0,0.09167407,0.082894005,0.089781865,0.027241362,0,5200,26.0,26.010433435440063,1,0.0867917016148567,0.913208305835724,False
5201,26.005,0.05034938,0.043108735,0.04888473,-0.013293751,0,5200,26.0,26.010433435440063,1,0.0867917016148567,0.913208305835724,False
5202,26.01,0.027343074,0.030851498,0.030690089,-0.023304293,0,5200,26.0,26.010433435440063,1,0.0867917016148567,0.913208305835724,False
5203,26.015,0.009308199,0.028143069,0.02053326,-0.018996846,0,5200,26.0,26.010433435440063,1,0.0867917016148567,0.913208305835724,False
5204,26.02,-0.02171416,0.0102145085,-0.0024277093,-0.023622418,0,5204,26.02,26.0260021686554,1,0.0720079094171524,0.9279921054840088,False
5205,26.025,-0.06906809,-0.031286538,-0.044946697,-0.0461145,0,5204,26.02,26.0260021686554,1,0.0720079094171524,0.9279921054840088,False
5206,26.03,-0.11835155,-0.08345328,-0.09553626,-0.07675682,0,5204,26.02,26.0260021686554,1,0.0720079094171524,0.9279921054840088,False
5207,26.035,-0.15198506,-0.12715597,-0.13737753,-0.10110114,0,5204,26.02,26.0260021686554,1,0.0720079094171524,0.9279921054840088,False
5208,26.04,-0.16499124,-0.1541792,-0.16278568,-0.1149283,0,5208,26.04,26.042950868606567,1,0.1480501294136047,0.8519498109817505,False
5209,26.045,-0.16522768,-0.16866937,-0.17408599,-0.12351236,0,5208,26.04,26.042950868606567,1,0.1480501294136047,0.8519498109817505,False
5210,26.05,-0.15883978,-0.17343193,-0.17185667,-0.12712923,0,5208,26.04,26.042950868606567,1,0.1480501294136047,0.8519498109817505,False
5211,26.055,-0.13785844,-0.15824586,-0.14580134,-0.11119273,0,5208,26.04,26.042950868606567,1,0.1480501294136047,0.8519498109817505,False
5212,26.06,-0.08460727,-0.104968205,-0.080809765,-0.05537437,0,5212,26.06,26.070566415786743,1,0.0776223167777061,0.9223776459693908,False
5213,26.065,0.009949278,-0.0061825984,0.02575312,0.044475835,0,5212,26.06,26.070566415786743,1,0.0776223167777061,0.9223776459693908,False
5214,26.07,0.13097836,0.120295756,0.15221024,0.1629348,0,5212,26.06,26.070566415786743,1,0.0776223167777061,0.9223776459693908,False
5215,26.075,0.2419804,0.23544492,0.25883248,0.2550533,0,5212,26.06,26.070566415786743,1,0.0776223167777061,0.9223776459693908,False
5216,26.08,0.30335066,0.29942396,0.30871013,0.2833409,0,5216,26.08,26.08315372467041,1,0.042162112891674,0.9578378796577454,False
5217,26.085,0.29356083,0.29287955,0.28756458,0.2402192,0,5216,26.08,26.08315372467041,1,0.042162112891674,0.9578378796577454,False
5218,26.09,0.21921815,0.22480772,0.20901887,0.14955229,0,5216,26.08,26.08315372467041,1,0.042162112891674,0.9578378796577454,False
5219,26.095,0.10979814,0.12434872,0.10417368,0.0490682,0,5216,26.08,26.08315372467041,1,0.042162112891674,0.9578378796577454,False
5220,26.1,0.002252204,0.024435325,0.004664233,-0.03112825,0,5220,26.1,26.102945566177368,1,0.0278069470077753,0.9721931219100952,False
5221,26.105,-0.075761855,-0.052702285,-0.07048709,-0.08023789,0,5220,26.1,26.102945566177368,1,0.0278069470077753,0.9721931219100952,False
5222,26.11,-0.11650216,-0.10232984,-0.119301416,-0.10570573,0,5220,26.1,26.102945566177368,1,0.0278069470077753,0.9721931219100952,False
5223,26.115,-0.13212745,-0.13496387,-0.15286693,-0.124479264,0,5220,26.1,26.102945566177368,1,0.0278069470077753,0.9721931219100952,False
5224,26.12,-0.14382753,-0.16643888,-0.18545899,-0.15188932,0,5224,26.12,26.12288212776184,1,0.0314554348587989,0.9685445427894592,False
5225,26.125,-0.16562338,-0.20444566,-0.22258504,-0.19102567,0,5224,26.12,26.12288212776184,1,0.0314554348587989,0.9685445427894592,False
5226,26.13,-0.19289608,-0.23918602,-0.25311723,-0.22647764,0,5224,26.12,26.12288212776184,1,0.0314554348587989,0.9685445427894592,False
5227,26.135,-0.20424674,-0.24606471,-0.25231436,-0.22871488,0,5224,26.12,26.12288212776184,1,0.0314554348587989,0.9685445427894592,False
5228,26.14,-0.17650297,-0.20148559,-0.19714513,-0.17163715,0,5228,26.14,26.142778635025024,1,0.0541661828756332,0.9458338618278505,False
5229,26.145,-0.10236131,-0.101897374,-0.08523851,-0.05450312,0,5228,26.14,26.142778635025024,1,0.0541661828756332,0.9458338618278505,False
5230,26.15,0.0026738762,0.028901111,0.057196707,0.08915755,0,5228,26.14,26.142778635025024,1,0.0541661828756332,0.9458338618278505,False
5231,26.155,0.10919191,0.15154901,0.1870039,0.20691009,0,5228,26.14,26.142778635025024,1,0.0541661828756332,0.9458338618278505,False
5232,26.16,0.19103163,0.23387957,0.26843965,0.2590269,0,5232,26.16,26.160573720932007,1,0.037191841751337,0.9628081917762756,False
5233,26.165,0.23701513,0.26702398,0.29214144,0.24275781,0,5232,26.16,26.160573720932007,1,0.037191841751337,0.9628081917762756,False
5234,26.17,0.24941409,0.26299345,0.27438417,0.18976666,0,5232,26.16,26.160573720932007,1,0.037191841751337,0.9628081917762756,False
5235,26.175,0.23347022,0.23794875,0.23862614,0.13898158,0,5232,26.16,26.160573720932007,1,0.037191841751337,0.9628081917762756,False
5236,26.18,0.18964443,0.19715273,0.19580989,0.107455485,0,5236,26.18,26.19414567947388,1,0.0497877262532711,0.950212299823761,False
5237,26.185,0.11631141,0.13460232,0.13967432,0.082638286,0,5236,26.18,26.19414567947388,1,0.0497877262532711,0.950212299823761,False
5238,26.19,0.01933936,0.04583493,0.059036974,0.040257122,0,5236,26.18,26.19414567947388,1,0.0497877262532711,0.950212299823761,False
5239,26.195,-0.082650386,-0.059828907,-0.045977328,-0.029875629,0,5236,26.18,26.19414567947388,1,0.0497877262532711,0.950212299823761,False
5240,26.2,-0.16483921,-0.16001241,-0.15881191,-0.113153175,0,5240,26.2,26.20925283432007,1,0.024428118020296,0.975571870803833,False
5241,26.205,-0.2103363,-0.23230623,-0.25559658,-0.18244225,0,5240,26.2,26.20925283432007,1,0.024428118020296,0.975571870803833,False
5242,26.21,-0.21952677,-0.2671508,-0.31820565,-0.21998674,0,5240,26.2,26.20925283432007,1,0.024428118020296,0.975571870803833,False
5243,26.215,-0.20616536,-0.2690228,-0.3391763,-0.22779457,0,5240,26.2,26.20925283432007,1,0.024428118020296,0.975571870803833,False
5244,26.22,-0.18381405,-0.24634737,-0.31692055,-0.21774562,0,5244,26.22,26.22305464744568,1,0.0664226412773132,0.9335773587226868,False
5245,26.225,-0.15468232,-0.20129345,-0.2503678,-0.19313887,0,5244,26.22,26.22305464744568,1,0.0664226412773132,0.9335773587226868,False
5246,26.23,-0.11012965,-0.12979573,-0.14149897,-0.14207979,0,5244,26.22,26.22305464744568,1,0.0664226412773132,0.9335773587226868,False
5247,26.235,-0.041466292,-0.031327594,-0.0034697354,-0.0511421,0,5244,26.22,26.22305464744568,1,0.0664226412773132,0.9335773587226868,False
5248,26.24,0.048835486,0.08194795,0.13646388,0.07351896,0,5248,26.24,26.245729684829712,1,0.0367074385285377,0.9632925987243652,False
5249,26.245,0.14489478,0.18659237,0.24633099,0.19962709,0,5248,26.24,26.245729684829712,1,0.0367074385285377,0.9632925987243652,False
5250,26.25,0.22524261,0.25971508,0.30573726,0.28587,0,5248,26.24,26.245729684829712,1,0.0367074385285377,0.9632925987243652,False
5251,26.255,0.27339995,0.29105598,0.31543714,0.30881307,0,5248,26.24,26.245729684829712,1,0.0367074385285377,0.9632925987243652,False
5252,26.26,0.2827532,0.28497583,0.2917471,0.2760246,0,5252,26.26,26.267882108688354,1,0.0598461590707302,0.9401538372039796,False
5253,26.265,0.25396633,0.25176817,0.25113842,0.21479592,0,5252,26.26,26.267882108688354,1,0.0598461590707302,0.9401538372039796,False
5254,26.27,0.19051094,0.19754297,0.19877194,0.14817011,0,5252,26.26,26.267882108688354,1,0.0598461590707302,0.9401538372039796,False
5255,26.275,0.09809199,0.12195618,0.12954612,0.07965216,0,5252,26.26,26.267882108688354,1,0.0598461590707302,0.9401538372039796,False
5256,26.28,-0.012707028,0.024126653,0.037757926,-0.0024643643,0,5256,26.28,26.294556617736816,1,0.0248321369290351,0.9751678109169006,False
5257,26.285,-0.12593001,-0.09046696,-0.07477185,-0.10795281,0,5256,26.28,26.294556617736816,1,0.0248321369290351,0.9751678109169006,False
5258,26.29,-0.22438756,-0.20802736,-0.19714177,-0.22965367,0,5256,26.28,26.294556617736816,1,0.0248321369290351,0.9751678109169006,False
5259,26.295,-0.29465455,-0.3089344,-0.3112904,-0.34046325,0,5256,26.28,26.294556617736816,1,0.0248321369290351,0.9751678109169006,False
5260,26.3,-0.32805562,-0.37141812,-0.39354086,-0.40267515,0,5260,26.3,26.305126905441284,1,0.0244386475533247,0.9755613207817078,False
5261,26.305,-0.3182405,-0.37589493,-0.41768354,-0.38443032,0,5260,26.3,26.305126905441284,1,0.0244386475533247,0.9755613207817078,False
5262,26.31,-0.2606122,-0.31158164,-0.36385372,-0.27632675,0,5260,26.3,26.305126905441284,1,0.0244386475533247,0.9755613207817078,False
5263,26.315,-0.15655923,-0.18403475,-0.23134838,-0.10045982,0,5260,26.3,26.305126905441284,1,0.0244386475533247,0.9755613207817078,False
5264,26.32,-0.019054297,-0.018050551,-0.04598996,0.094634436,0,5264,26.32,26.333319902420044,1,0.0361270569264888,0.9638729095458984,False
5265,26.325,0.12656331,0.14851049,0.14618942,0.2533197,0,5264,26.32,26.333319902420044,1,0.0361270569264888,0.9638729095458984,False
5266,26.33,0.24901862,0.2778337,0.29698887,0.33706877,0,5264,26.32,26.333319902420044,1,0.0361270569264888,0.9638729095458984,False
5267,26.335,0.32138494,0.34474725,0.37466383,0.3391789,0,5264,26.32,26.333319902420044,1,0.0361270569264888,0.9638729095458984,False
5268,26.34,0.32984084,0.34258804,0.37256056,0.28137475,0,5268,26.34,26.359144926071167,1,0.0390800908207893,0.9609199166297911,False
5269,26.345,0.27776638,0.28182602,0.30583245,0.19660504,0,5268,26.34,26.359144926071167,1,0.0390800908207893,0.9609199166297911,False
5270,26.35,0.18474303,0.18488416,0.20198424,0.11148855,0,5268,26.34,26.359144926071167,1,0.0390800908207893,0.9609199166297911,False
5271,26.355,0.080600694,0.0797338,0.091458745,0.039361324,0,5268,26.34,26.359144926071167,1,0.0390800908207893,0.9609199166297911,False
5272,26.36,-0.005287574,-0.007888102,-7.250604e-05,-0.016161477,0,5272,26.36,26.37434458732605,1,0.0243547447025775,0.9756453037261964,False
5273,26.365,-0.056848764,-0.06362973,-0.05886546,-0.055738457,0,5272,26.36,26.37434458732605,1,0.0243547447025775,0.9756453037261964,False
5274,26.37,-0.07959931,-0.09127806,-0.088511914,-0.0837651,0,5272,26.36,26.37434458732605,1,0.0243547447025775,0.9756453037261964,False
5275,26.375,-0.0968759,-0.11068504,-0.10852977,-0.11041549,0,5272,26.36,26.37434458732605,1,0.0243547447025775,0.9756453037261964,False
5276,26.38,-0.13293071,-0.14412008,-0.14229934,-0.14832304,0,5276,26.38,26.38679361343384,1,0.0256360284984111,0.9743639230728148,False
5277,26.385,-0.19257048,-0.19768682,-0.19868211,-0.20111918,0,5276,26.38,26.38679361343384,1,0.0256360284984111,0.9743639230728148,False
5278,26.39,-0.2527402,-0.25157508,-0.26010302,-0.25235993,0,5276,26.38,26.38679361343384,1,0.0256360284984111,0.9743639230728148,False
5279,26.395,-0.27470693,-0.26922905,-0.2888483,-0.26806805,0,5276,26.38,26.38679361343384,1,0.0256360284984111,0.9743639230728148,False
5280,26.4,-0.22969075,-0.22138962,-0.2505341,-0.21664445,0,5280,26.4,26.401203155517575,1,0.0710777938365936,0.9289222359657288,False
5281,26.405,-0.11925541,-0.10788929,-0.13896954,-0.093485735,0,5280,26.4,26.401203155517575,1,0.0710777938365936,0.9289222359657288,False
5282,26.41,0.024434071,0.039343916,0.016198132,0.06948525,0,5280,26.4,26.401203155517575,1,0.0710777938365936,0.9289222359657288,False
5283,26.415,0.15721643,0.17388624,0.16487677,0.21853909,0,5280,26.4,26.401203155517575,1,0.0710777938365936,0.9289222359657288,False
5284,26.42,0.24532333,0.25916216,0.26335457,0.30692548,0,5284,26.42,26.427704334259037,1,0.0352161712944507,0.964783787727356,False
5285,26.425,0.27672076,0.28283218,0.2939641,0.31720218,0,5284,26.42,26.427704334259037,1,0.0352161712944507,0.964783787727356,False
5286,26.43,0.2582985,0.25512156,0.266983,0.2636708,0,5284,26.42,26.427704334259037,1,0.0352161712944507,0.964783787727356,False
5287,26.435,0.20643021,0.1973597,0.20815538,0.17767012,0,5284,26.42,26.427704334259037,1,0.0352161712944507,0.964783787727356,False
5288,26.44,0.13916294,0.13051605,0.14299448,0.0888852,0,5288,26.44,26.442718029022217,1,0.0557132624089717,0.9442867040634156,False
5289,26.445,0.07188344,0.068513416,0.08662967,0.013932035,0,5288,26.44,26.442718029022217,1,0.0557132624089717,0.9442867040634156,False
5290,26.45,0.01381146,0.01565479,0.04110147,-0.045058206,0,5288,26.44,26.442718029022217,1,0.0557132624089717,0.9442867040634156,False
5291,26.455,-0.03526856,-0.03294879,-0.0019175273,-0.095189914,0,5288,26.44,26.442718029022217,1,0.0557132624089717,0.9442867040634156,False
5292,26.46,-0.08422176,-0.08693386,-0.054644316,-0.14485367,0,5292,26.46,26.47804355621338,1,0.0249123591929674,0.9750876426696776,False
5293,26.465,-0.14249507,-0.15202704,-0.124179386,-0.19587384,0,5292,26.46,26.47804355621338,1,0.0249123591929674,0.9750876426696776,False
5294,26.47,-0.20841242,-0.22149843,-0.20447001,-0.23891951,0,5292,26.46,26.47804355621338,1,0.0249123591929674,0.9750876426696776,False
5295,26.475,-0.26354608,-0.27484012,-0.27486688,-0.25572285,0,5292,26.46,26.47804355621338,1,0.0249123591929674,0.9750876426696776,False
5296,26.48,-0.28023598,-0.28691217,-0.30829257,-0.2286753,0,5296,26.48,26.493096590042114,1,0.0499215796589851,0.9500784277915956,False
5297,26.485,-0.2387072,-0.24248545,-0.28515792,-0.15269369,0,5296,26.48,26.493096590042114,1,0.0499215796589851,0.9500784277915956,False
5298,26.49,-0.14130835,-0.1460839,-0.20410839,-0.04113119,0,5296,26.48,26.493096590042114,1,0.0499215796589851,0.9500784277915956,False
5299,26.495,-0.012985457,-0.02034231,-0.08266239,0.07897505,0,5296,26.48,26.493096590042114,1,0.0499215796589851,0.9500784277915956,False
5300,26.5,0.11198157,0.1051495,0.05164469,0.17916867,0,5300,26.5,26.508052110672,1,0.0375061444938182,0.962493896484375,False
5301,26.505,0.20658259,0.20606428,0.17252262,0.24088763,0,5300,26.5,26.508052110672,1,0.0375061444938182,0.962493896484375,False
5302,26.51,0.2595419,0.26906562,0.2614252,0.25919366,0,5300,26.5,26.508052110672,1,0.0375061444938182,0.962493896484375,False
5303,26.515,0.2722938,0.2900899,0.3077054,0.23908477,0,5300,26.5,26.508052110672,1,0.0375061444938182,0.962493896484375,False
5304,26.52,0.2506347,0.2701978,0.30647534,0.18981095,0,5304,26.52,26.526021003723145,1,0.0686889365315437,0.931311011314392,False
5305,26.525,0.19997358,0.2142648,0.25879344,0.12201541,0,5304,26.52,26.526021003723145,1,0.0686889365315437,0.931311011314392,False
5306,26.53,0.12745002,0.13287833,0.17442484,0.047848187,0,5304,26.52,26.526021003723145,1,0.0686889365315437,0.931311011314392,False
5307,26.535,0.046015963,0.043130256,0.0729515,-0.01928462,0,5304,26.52,26.526021003723145,1,0.0686889365315437,0.931311011314392,False
5308,26.54,-0.026959043,-0.035600588,-0.020876918,-0.067852095,0,5308,26.54,26.541239023208615,1,0.025379778817296,0.9746202230453492,False
5309,26.545,-0.07811788,-0.08970857,-0.0868754,-0.09311,0,5308,26.54,26.541239023208615,1,0.025379778817296,0.9746202230453492,False
5310,26.55,-0.10668055,-0.117525235,-0.11845738,-0.10000776,0,5308,26.54,26.541239023208615,1,0.025379778817296,0.9746202230453492,False
5311,26.555,-0.12437286,-0.12851848,-0.12454636,-0.10092934,0,5308,26.54,26.541239023208615,1,0.025379778817296,0.9746202230453492,False
5312,26.56,-0.14544146,-0.13596652,-0.12273851,-0.10860162,0,5312,26.56,26.576997995376587,1,0.0570075884461402,0.9429924488067628,False
5313,26.565,-0.17492704,-0.1486279,-0.12839137,-0.12822695,0,5312,26.56,26.576997995376587,1,0.0570075884461402,0.9429924488067628,False
5314,26.57,-0.20479275,-0.166746,-0.1466289,-0.1538203,0,5312,26.56,26.576997995376587,1,0.0570075884461402,0.9429924488067628,False
5315,26.575,-0.21963106,-0.1830556,-0.17091677,-0.17092647,0,5312,26.56,26.576997995376587,1,0.0570075884461402,0.9429924488067628,False
5316,26.58,-0.20544504,-0.185865,-0.18686587,-0.16373584,0,5316,26.58,26.58805632591248,1,0.051105111837387,0.9488948583602904,False
5317,26.585,-0.15493372,-0.16243537,-0.17822729,-0.12259852,0,5316,26.58,26.58805632591248,1,0.051105111837387,0.9488948583602904,False
5318,26.59,-0.068953834,-0.10378844,-0.13355315,-0.04887243,0,5316,26.58,26.58805632591248,1,0.051105111837387,0.9488948583602904,False
5319,26.595,0.04254883,-0.011225044,-0.052477267,0.04429902,0,5316,26.58,26.58805632591248,1,0.051105111837387,0.9488948583602904,False
5320,26.6,0.15980235,0.099508785,0.051344093,0.13579191,0,5320,26.6,26.60557723045349,1,0.0414283238351345,0.9585716128349304,False
5321,26.605,0.25626418,0.20173076,0.15391058,0.20407014,0,5320,26.6,26.60557723045349,1,0.0414283238351345,0.9585716128349304,False
5322,26.61,0.30738974,0.26889038,0.23037456,0.23525956,0,5320,26.6,26.60557723045349,1,0.0414283238351345,0.9585716128349304,False
5323,26.615,0.30121875,0.28624472,0.26480082,0.22737211,0,5320,26.6,26.60557723045349,1,0.0414283238351345,0.9585716128349304,False
5324,26.62,0.24386224,0.25561276,0.25468707,0.18878639,0,5324,26.62,26.62749671936035,1,0.1180115789175033,0.8819884657859802,False
5325,26.625,0.1561321,0.19161303,0.20922704,0.13307196,0,5324,26.62,26.62749671936035,1,0.1180115789175033,0.8819884657859802,False
5326,26.63,0.06357423,0.11355831,0.14395809,0.073650256,0,5324,26.62,26.62749671936035,1,0.1180115789175033,0.8819884657859802,False
5327,26.635,-0.014182204,0.03796293,0.07453643,0.019958453,0,5324,26.62,26.62749671936035,1,0.1180115789175033,0.8819884657859802,False
5328,26.64,-0.069496684,-0.025929146,0.011314255,-0.02491363,0,5328,26.64,26.64198398590088,1,0.0255325231701135,0.9744675159454346,False
5329,26.645,-0.106234506,-0.077101,-0.04336142,-0.06446974,0,5328,26.64,26.64198398590088,1,0.0255325231701135,0.9744675159454346,False
5330,26.65,-0.13413395,-0.12014703,-0.093107656,-0.105370186,0,5328,26.64,26.64198398590088,1,0.0255325231701135,0.9744675159454346,False
5331,26.655,-0.16140547,-0.15989776,-0.14123383,-0.15070711,0,5328,26.64,26.64198398590088,1,0.0255325231701135,0.9744675159454346,False
5332,26.66,-0.18922429,-0.1960403,-0.18463802,-0.1942749,0,5332,26.66,26.674447059631348,1,0.0390515774488449,0.960948407649994,False
5333,26.665,-0.21053247,-0.22131805,-0.213084,-0.22117102,0,5332,26.66,26.674447059631348,1,0.0390515774488449,0.960948407649994,False
5334,26.67,-0.21323726,-0.22461645,-0.21479325,-0.21558666,0,5332,26.66,26.674447059631348,1,0.0390515774488449,0.960948407649994,False
5335,26.675,-0.18572952,-0.19655104,-0.18370661,-0.17032279,0,5332,26.66,26.674447059631348,1,0.0390515774488449,0.960948407649994,False
5336,26.68,-0.122173816,-0.13395919,-0.122735634,-0.091022514,0,5336,26.68,26.684446573257446,1,0.0450377278029918,0.9549622535705566,False
5337,26.685,-0.026109716,-0.041855045,-0.041750237,0.00693637,0,5336,26.68,26.684446573257446,1,0.0450377278029918,0.9549622535705566,False
5338,26.69,0.088291176,0.06643507,0.046303295,0.10494088,0,5336,26.68,26.684446573257446,1,0.0450377278029918,0.9549622535705566,False
5339,26.695,0.19818488,0.17071456,0.12773213,0.18603624,0,5336,26.68,26.684446573257446,1,0.0450377278029918,0.9549622535705566,False
5340,26.7,0.27778974,0.2480085,0.18891357,0.23690575,0,5340,26.7,26.702888011932373,1,0.0392990186810493,0.9607009291648864,False
5341,26.705,0.30657905,0.27952215,0.21793105,0.24907924,0,5340,26.7,26.702888011932373,1,0.0392990186810493,0.9607009291648864,False
5342,26.71,0.27673137,0.2580383,0.2082464,0.22125405,0,5340,26.7,26.702888011932373,1,0.0392990186810493,0.9607009291648864,False
5343,26.715,0.19655329,0.19173065,0.16273978,0.16157317,0,5340,26.7,26.702888011932373,1,0.0392990186810493,0.9607009291648864,False
5344,26.72,0.0879451,0.10134617,0.094552696,0.0863263,0,5344,26.72,26.727146863937374,1,0.0544213987886905,0.945578634738922,False
5345,26.725,-0.022061484,0.010869588,0.022162508,0.012909055,0,5344,26.72,26.727146863937374,1,0.0544213987886905,0.945578634738922,False
5346,26.73,-0.11260283,-0.06388403,-0.039695807,-0.04978483,0,5344,26.72,26.727146863937374,1,0.0544213987886905,0.945578634738922,False
5347,26.735,-0.17659523,-0.12120322,-0.086947076,-0.10547027,0,5344,26.72,26.727146863937374,1,0.0544213987886905,0.945578634738922,False
5348,26.74,-0.21845596,-0.1684756,-0.124500446,-0.16305844,0,5348,26.74,26.741591215133667,1,0.0278462618589401,0.9721537828445436,False
5349,26.745,-0.2427291,-0.20905714,-0.15628368,-0.22174588,0,5348,26.74,26.741591215133667,1,0.0278462618589401,0.9721537828445436,False
5350,26.75,-0.24341579,-0.23219836,-0.17573579,-0.26204103,0,5348,26.74,26.741591215133667,1,0.0278462618589401,0.9721537828445436,False
5351,26.755,-0.2052147,-0.21672043,-0.16685978,-0.2540007,0,5348,26.74,26.741591215133667,1,0.0278462618589401,0.9721537828445436,False
5352,26.76,-0.11808572,-0.1480521,-0.117273666,-0.17959781,0,5352,26.76,26.77781701087952,1,0.0658529177308082,0.93414705991745,False
5353,26.765,0.006391827,-0.035616904,-0.033137545,-0.052068394,0,5352,26.76,26.77781701087952,1,0.0658529177308082,0.93414705991745,False
5354,26.77,0.13218567,0.08491489,0.0578248,0.0850085,0,5352,26.76,26.77781701087952,1,0.0658529177308082,0.93414705991745,False
5355,26.775,0.21514648,0.16919345,0.12046057,0.18100257,0,5352,26.76,26.77781701087952,1,0.0658529177308082,0.93414705991745,False
5356,26.78,0.22868904,0.19051124,0.13442795,0.20808892,0,5356,26.78,26.78376126289368,1,0.0391149073839187,0.9608851671218872,False
5357,26.785,0.18038142,0.15583014,0.10748103,0.17606151,0,5356,26.78,26.78376126289368,1,0.0391149073839187,0.9608851671218872,False
5358,26.79,0.10651882,0.099177144,0.068676084,0.12163611,0,5356,26.78,26.78376126289368,1,0.0391149073839187,0.9608851671218872,False
5359,26.795,0.047766943,0.056995347,0.04631626,0.08107629,0,5356,26.78,26.78376126289368,1,0.0391149073839187,0.9608851671218872,False
5360,26.8,0.023368215,0.044010065,0.048083097,0.06709433,0,5360,26.8,26.81282329559326,1,0.0369952172040939,0.9630048274993896,False
5361,26.805,0.022565331,0.04747867,0.05875867,0.06624194,0,5360,26.8,26.81282329559326,1,0.0369952172040939,0.9630048274993896,False
5362,26.81,0.018304735,0.042468067,0.05576002,0.0556901,0,5360,26.8,26.81282329559326,1,0.0369952172040939,0.9630048274993896,False
5363,26.815,-0.009090156,0.013973684,0.028111838,0.023419337,0,5360,26.8,26.81282329559326,1,0.0369952172040939,0.9630048274993896,False
5364,26.82,-0.057208363,-0.03223255,-0.016574675,-0.024209995,0,5364,26.82,26.82910680770874,1,0.0321918502449989,0.967808187007904,False
5365,26.825,-0.10561571,-0.07662968,-0.060357153,-0.07041559,0,5364,26.82,26.82910680770874,1,0.0321918502449989,0.967808187007904,False
5366,26.83,-0.13261421,-0.10204252,-0.08873652,-0.10141471,0,5364,26.82,26.82910680770874,1,0.0321918502449989,0.967808187007904,False
5367,26.835,-0.12992449,-0.104499936,-0.09808296,-0.11360693,0,5364,26.82,26.82910680770874,1,0.0321918502449989,0.967808187007904,False
5368,26.84,-0.104990356,-0.09194915,-0.09322594,-0.111309,0,5368,26.84,26.84310221672058,1,0.10939272493124,0.8906072974205017,False
5369,26.845,-0.07210475,-0.07518338,-0.080718614,-0.10037198,0,5368,26.84,26.84310221672058,1,0.10939272493124,0.8906072974205017,False
5370,26.85,-0.041381996,-0.05994615,-0.06463322,-0.08411238,0,5368,26.84,26.84310221672058,1,0.10939272493124,0.8906072974205017,False
5371,26.855,-0.013662558,-0.045119878,-0.04645769,-0.0631556,0,5368,26.84,26.84310221672058,1,0.10939272493124,0.8906072974205017,False
5372,26.86,0.016849991,-0.025584696,-0.02606986,-0.036701355,0,5372,26.86,26.87607049942017,1,0.0463245138525962,0.9536755084991456,False
5373,26.865,0.05562586,0.0037954922,-0.0016422538,-0.0032782732,0,5372,26.86,26.87607049942017,1,0.0463245138525962,0.9536755084991456,False
5374,26.87,0.10122671,0.044619784,0.029885199,0.038086463,0,5372,26.86,26.87607049942017,1,0.0463245138525962,0.9536755084991456,False
5375,26.875,0.14277953,0.09201573,0.06944092,0.08500619,0,5372,26.86,26.87607049942017,1,0.0463245138525962,0.9536755084991456,False
5376,26.88,0.16355628,0.1339453,0.11129999,0.12900475,0,5376,26.88,26.88784503936768,1,0.070922240614891,0.9290778040885924,False
5377,26.885,0.14991914,0.15528715,0.14272305,0.15687475,0,5376,26.88,26.88784503936768,1,0.070922240614891,0.9290778040885924,False
5378,26.89,0.10076809,0.14597028,0.15042438,0.15713923,0,5376,26.88,26.88784503936768,1,0.070922240614891,0.9290778040885924,False
5379,26.895,0.030349988,0.10734767,0.1292482,0.12687334,0,5376,26.88,26.88784503936768,1,0.070922240614891,0.9290778040885924,False
5380,26.9,-0.039272264,0.0506183,0.08475116,0.072448626,0,5380,26.9,26.901791095733643,1,0.0904239639639854,0.9095760583877563,False
5381,26.905,-0.091722496,-0.012203239,0.026715321,0.0033181696,0,5380,26.9,26.901791095733643,1,0.0904239639639854,0.9095760583877563,False
5382,26.91,-0.12547214,-0.076458775,-0.039677553,-0.07444745,0,5380,26.9,26.901791095733643,1,0.0904239639639854,0.9095760583877563,False
5383,26.915,-0.1506921,-0.14342944,-0.11470722,-0.15703765,0,5380,26.9,26.901791095733643,1,0.0904239639639854,0.9095760583877563,False
5384,26.92,-0.17560145,-0.20941736,-0.19431697,-0.23409453,0,5384,26.92,26.94302225112915,1,0.0356721989810466,0.9643277525901794,False
5385,26.925,-0.19354343,-0.25588956,-0.2591423,-0.2817215,0,5384,26.92,26.94302225112915,1,0.0356721989810466,0.9643277525901794,False
5386,26.93,-0.18282458,-0.25296426,-0.2761482,-0.268238,0,5384,26.92,26.94302225112915,1,0.0356721989810466,0.9643277525901794,False
5387,26.935,-0.1218357,-0.17815785,-0.21717292,-0.1737015,0,5384,26.92,26.94302225112915,1,0.0356721989810466,0.9643277525901794,False
5388,26.94,-0.009090767,-0.037831064,-0.0827864,-0.010602355,0,5388,26.94,26.95013928413391,1,0.0559445284307003,0.9440554976463318,False
5389,26.945,0.12778066,0.12673798,0.087925866,0.17183864,0,5388,26.94,26.95013928413391,1,0.0559445284307003,0.9440554976463318,False
5390,26.95,0.24289875,0.25695547,0.23267059,0.30769095,0,5388,26.94,26.95013928413391,1,0.0559445284307003,0.9440554976463318,False
5391,26.955,0.29677436,0.3084294,0.29882154,0.3486619,0,5388,26.94,26.95013928413391,1,0.0559445284307003,0.9440554976463318,False
5392,26.96,0.2778254,0.27501208,0.27237722,0.2905646,0,5392,26.96,26.96284556388855,1,0.042520273476839,0.95747971534729,False
5393,26.965,0.20589264,0.18856792,0.18319453,0.1734543,0,5392,26.96,26.96284556388855,1,0.042520273476839,0.95747971534729,False
5394,26.97,0.11621043,0.095225856,0.083054654,0.054941464,0,5392,26.96,26.96284556388855,1,0.042520273476839,0.95747971534729,False
5395,26.975,0.03648402,0.02590448,0.0123331705,-0.024648966,0,5392,26.96,26.96284556388855,1,0.042520273476839,0.95747971534729,False
5396,26.98,-0.026145047,-0.017761549,-0.021155683,-0.061029285,0,5396,26.98,26.99407196044922,1,0.025985924527049,0.9740141034126282,False
5397,26.985,-0.08030417,-0.05385378,-0.037485506,-0.077263035,0,5396,26.98,26.99407196044922,1,0.025985924527049,0.9740141034126282,False
5398,26.99,-0.1342978,-0.097455174,-0.060705088,-0.09767045,0,5396,26.98,26.99407196044922,1,0.025985924527049,0.9740141034126282,False
5399,26.995,-0.18363157,-0.1446618,-0.0965875,-0.12680356,0,5396,26.98,26.99407196044922,1,0.025985924527049,0.9740141034126282,False
5400,27.0,-0.21272665,-0.17587726,-0.12959063,-0.1494592,0,5400,27.0,27.001319408416748,1,0.0308225210756063,0.9691774845123292,False
5401,27.005,-0.20836286,-0.17377833,-0.13900037,-0.14857681,0,5400,27.0,27.001319408416748,1,0.0308225210756063,0.9691774845123292,False
5402,27.01,-0.17205761,-0.13924614,-0.11813053,-0.12307971,0,5400,27.0,27.001319408416748,1,0.0308225210756063,0.9691774845123292,False
5403,27.015,-0.11994125,-0.091424234,-0.07957992,-0.08953231,0,5400,27.0,27.001319408416748,1,0.0308225210756063,0.9691774845123292,False
5404,27.02,-0.0702982,-0.05254623,-0.043522526,-0.06710154,0,5404,27.02,27.021730184555054,1,0.0447156503796577,0.9552843570709229,False
5405,27.025,-0.030108085,-0.031201769,-0.021298176,-0.060249805,0,5404,27.02,27.021730184555054,1,0.0447156503796577,0.9552843570709229,False
5406,27.03,0.007553693,-0.018138511,-0.009262918,-0.054875776,0,5404,27.02,27.021730184555054,1,0.0447156503796577,0.9552843570709229,False
5407,27.035,0.053649507,0.003068189,0.0034555716,-0.03095251,0,5404,27.02,27.021730184555054,1,0.0447156503796577,0.9552843570709229,False
5408,27.04,0.11039673,0.040951665,0.023000212,0.019904437,0,5408,27.04,27.04275131225586,1,0.0443196147680282,0.9556804299354552,False
5409,27.045,0.16700277,0.08966808,0.04664015,0.08703397,0,5408,27.04,27.04275131225586,1,0.0443196147680282,0.9556804299354552,False
5410,27.05,0.2069886,0.13504873,0.06868288,0.14873967,0,5408,27.04,27.04275131225586,1,0.0443196147680282,0.9556804299354552,False
5411,27.055,0.21984796,0.16585702,0.08801934,0.1875599,0,5408,27.04,27.04275131225586,1,0.0443196147680282,0.9556804299354552,False
5412,27.06,0.20669281,0.1795963,0.10825108,0.19971481,0,5412,27.06,27.077921390533447,1,0.1571953147649765,0.8428047299385071,False
5413,27.065,0.17571023,0.17883126,0.13030037,0.19237503,0,5412,27.06,27.077921390533447,1,0.1571953147649765,0.8428047299385071,False
5414,27.07,0.13263908,0.16342129,0.14584303,0.1733791,0,5412,27.06,27.077921390533447,1,0.1571953147649765,0.8428047299385071,False
5415,27.075,0.07564233,0.12740348,0.13931258,0.14328453,0,5412,27.06,27.077921390533447,1,0.1571953147649765,0.8428047299385071,False
5416,27.08,-0.0006351339,0.063940346,0.09780107,0.09575467,0,5416,27.08,27.09297204017639,1,0.0410911999642849,0.9589087963104248,False
5417,27.085,-0.09585534,-0.026431998,0.02068843,0.024381576,0,5416,27.08,27.09297204017639,1,0.0410911999642849,0.9589087963104248,False
5418,27.09,-0.19816361,-0.13177174,-0.07844021,-0.070174314,0,5416,27.08,27.09297204017639,1,0.0410911999642849,0.9589087963104248,False
5419,27.095,-0.28644186,-0.23158304,-0.17746253,-0.17682452,0,5416,27.08,27.09297204017639,1,0.0410911999642849,0.9589087963104248,False
5420,27.1,-0.33790287,-0.30295333,-0.252893,-0.27459112,0,5420,27.1,27.10011887550354,1,0.0293176043778657,0.9706823825836182,False
5421,27.105,-0.3353117,-0.32576826,-0.28425297,-0.33632642,0,5420,27.1,27.10011887550354,1,0.0293176043778657,0.9706823825836182,False
5422,27.11,-0.27142608,-0.28709486,-0.25740507,-0.33652386,0,5420,27.1,27.10011887550354,1,0.0293176043778657,0.9706823825836182,False
5423,27.115,-0.15203749,-0.18685685,-0.17032674,-0.26315024,0,5420,27.1,27.10011887550354,1,0.0293176043778657,0.9706823825836182,False
5424,27.12,0.0019175841,-0.043161117,-0.03943987,-0.1283127,0,5424,27.12,27.127761840820312,1,0.0407207161188125,0.9592792987823486,False
5425,27.125,0.15621603,0.1086975,0.10069632,0.0310351,0,5424,27.12,27.127761840820312,1,0.0407207161188125,0.9592792987823486,False
5426,27.13,0.27234858,0.22740792,0.20889047,0.16686293,0,5424,27.12,27.127761840820312,1,0.0407207161188125,0.9592792987823486,False
5427,27.135,0.32186761,0.2829125,0.25545552,0.24226534,0,5424,27.12,27.127761840820312,1,0.0407207161188125,0.9592792987823486,False
5428,27.14,0.29878342,0.26963216,0.23584461,0.24841559,0,5428,27.14,27.14428949356079,1,0.039812721312046,0.9601872563362122,False
5429,27.145,0.22212656,0.20721011,0.17096062,0.20532008,0,5428,27.14,27.14428949356079,1,0.039812721312046,0.9601872563362122,False
5430,27.15,0.12610619,0.128303,0.09416347,0.14660528,0,5428,27.14,27.14428949356079,1,0.039812721312046,0.9601872563362122,False
5431,27.155,0.042852595,0.060948044,0.033208676,0.099103004,0,5428,27.14,27.14428949356079,1,0.039812721312046,0.9601872563362122,False
5432,27.16,-0.012400707,0.015907735,-0.002285982,0.070153356,0,5432,27.16,27.177781343460083,1,0.0276296939700841,0.9723702669143676,False
5433,27.165,-0.04485984,-0.014066942,-0.021219227,0.048989598,0,5432,27.16,27.177781343460083,1,0.0276296939700841,0.9723702669143676,False
5434,27.17,-0.07054295,-0.043672152,-0.040138908,0.019059088,0,5432,27.16,27.177781343460083,1,0.0276296939700841,0.9723702669143676,False
5435,27.175,-0.10072743,-0.081150055,-0.06906009,-0.028028658,0,5432,27.16,27.177781343460083,1,0.0276296939700841,0.9723702669143676,False
5436,27.18,-0.13250323,-0.121314004,-0.10411599,-0.08607035,0,5436,27.18,27.19298505783081,1,0.026264252141118,0.9737357497215272,False
5437,27.185,-0.15278073,-0.15042728,-0.13210608,-0.13868096,0,5436,27.18,27.19298505783081,1,0.026264252141118,0.9737357497215272,False
5438,27.19,-0.15130949,-0.15795408,-0.14223655,-0.17003079,0,5436,27.18,27.19298505783081,1,0.026264252141118,0.9737357497215272,False
5439,27.195,-0.1298106,-0.14411332,-0.13395515,-0.17309363,0,5436,27.18,27.19298505783081,1,0.026264252141118,0.9737357497215272,False
5440,27.2,-0.098421015,-0.116501756,-0.11372232,-0.14978857,0,5440,27.2,27.199991464614868,1,0.0734088122844696,0.9265912175178528,False
5441,27.205,-0.06406939,-0.0804225,-0.08509753,-0.10553824,0,5440,27.2,27.199991464614868,1,0.0734088122844696,0.9265912175178528,False
5442,27.21,-0.023994116,-0.034169193,-0.04384894,-0.045613755,0,5440,27.2,27.199991464614868,1,0.0734088122844696,0.9265912175178528,False
5443,27.215,0.02832072,0.02524621,0.015625836,0.023133392,0,5440,27.2,27.199991464614868,1,0.0734088122844696,0.9265912175178528,False
5444,27.22,0.09141331,0.09245819,0.08903068,0.089309365,0,5444,27.22,27.22818613052368,1,0.0407552048563957,0.9592447876930236,False
5445,27.225,0.1511811,0.15146871,0.15845121,0.13899072,0,5444,27.22,27.22818613052368,1,0.0407552048563957,0.9592447876930236,False
5446,27.23,0.18829173,0.18419358,0.20112285,0.16260764,0,5444,27.22,27.22818613052368,1,0.0407552048563957,0.9592447876930236,False
5447,27.235,0.1903659,0.18206355,0.20329525,0.15998416,0,5444,27.22,27.22818613052368,1,0.0407552048563957,0.9592447876930236,False
5448,27.24,0.15830049,0.15048397,0.16775294,0.13840784,0,5448,27.24,27.248783826828003,1,0.0957221612334251,0.904277801513672,False
5449,27.245,0.10348124,0.103716455,0.11054474,0.10636015,0,5448,27.24,27.248783826828003,1,0.0957221612334251,0.904277801513672,False
5450,27.25,0.040774405,0.05607669,0.051466573,0.06965355,0,5448,27.24,27.248783826828003,1,0.0957221612334251,0.904277801513672,False
5451,27.255,-0.017156467,0.01600921,0.005080736,0.032305796,0,5448,27.24,27.248783826828003,1,0.0957221612334251,0.904277801513672,False
5452,27.26,-0.06311528,-0.015524774,-0.024584092,-0.00224874,0,5452,27.26,27.252753734588623,1,0.0397428460419178,0.9602571725845336,False
5453,27.265,-0.09720238,-0.044286806,-0.045341652,-0.033886418,0,5452,27.26,27.252753734588623,1,0.0397428460419178,0.9602571725845336,False
5454,27.27,-0.12603603,-0.080139086,-0.07323226,-0.069571756,0,5452,27.26,27.252753734588623,1,0.0397428460419178,0.9602571725845336,False
5455,27.275,-0.15712686,-0.13107863,-0.12287691,-0.12051821,0,5452,27.26,27.252753734588623,1,0.0397428460419178,0.9602571725845336,False
5456,27.28,-0.19012094,-0.1946522,-0.19466233,-0.19021621,0,5456,27.28,27.29425883293152,1,0.0900951847434043,0.9099047780036926,False
5457,27.285,-0.21185642,-0.25238964,-0.267037,-0.26190433,0,5456,27.28,27.29425883293152,1,0.0900951847434043,0.9099047780036926,False
5458,27.29,-0.20156738,-0.27424127,-0.30237755,-0.29912823,0,5456,27.28,27.29425883293152,1,0.0900951847434043,0.9099047780036926,False
5459,27.295,-0.1447411,-0.23411797,-0.2668255,-0.2647958,0,5456,27.28,27.29425883293152,1,0.0900951847434043,0.9099047780036926,False
5460,27.3,-0.045855496,-0.12811296,-0.15312111,-0.14811328,0,5460,27.3,27.308998346328732,1,0.0688506364822387,0.9311493635177612,False
5461,27.305,0.07044221,0.017914308,0.009756158,0.02101864,0,5460,27.3,27.308998346328732,1,0.0688506364822387,0.9311493635177612,False
5462,27.31,0.17180414,0.15920462,0.1692698,0.18401653,0,5460,27.3,27.308998346328732,1,0.0688506364822387,0.9311493635177612,False
5463,27.315,0.23559566,0.25583255,0.27758485,0.28632995,0,5460,27.3,27.308998346328732,1,0.0688506364822387,0.9311493635177612,False
5464,27.32,0.2583673,0.29285553,0.31608227,0.30803815,0,5464,27.32,27.32718157768249,1,0.0405073650181293,0.9594926238059998,False
5465,27.325,0.25099656,0.28236455,0.29894805,0.27005237,0,5464,27.32,27.32718157768249,1,0.0405073650181293,0.9594926238059998,False
5466,27.33,0.22525454,0.24748969,0.25511277,0.21272014,0,5464,27.32,27.32718157768249,1,0.0405073650181293,0.9594926238059998,False
5467,27.335,0.18444619,0.20309353,0.20484827,0.16530097,0,5464,27.32,27.32718157768249,1,0.0405073650181293,0.9594926238059998,False
5468,27.34,0.12566616,0.14907756,0.14986579,0.1301946,0,5468,27.34,27.342992544174194,1,0.0308146309107542,0.9691854119300842,False
5469,27.345,0.049184192,0.07920814,0.08203426,0.09100326,0,5468,27.34,27.342992544174194,1,0.0308146309107542,0.9691854119300842,False
5470,27.35,-0.036073294,-0.0057709184,-0.00084762386,0.033028092,0,5468,27.34,27.342992544174194,1,0.0308146309107542,0.9691854119300842,False
5471,27.355,-0.116670266,-0.09399091,-0.08820592,-0.042989474,0,5468,27.34,27.342992544174194,1,0.0308146309107542,0.9691854119300842,False
5472,27.36,-0.18343942,-0.17001775,-0.16409108,-0.12325877,0,5472,27.36,27.37274670600891,1,0.0244961604475975,0.9755038022994996,False
5473,27.365,-0.23528509,-0.22517806,-0.21962729,-0.1928611,0,5472,27.36,27.37274670600891,1,0.0244961604475975,0.9755038022994996,False
5474,27.37,-0.2740307,-0.25992355,-0.25688848,-0.24373378,0,5472,27.36,27.37274670600891,1,0.0244961604475975,0.9755038022994996,False
5475,27.375,-0.29575172,-0.27639124,-0.28001758,-0.2723249,0,5472,27.36,27.37274670600891,1,0.0244961604475975,0.9755038022994996,False
5476,27.38,-0.28786927,-0.26971924,-0.28322348,-0.27278495,0,5476,27.38,27.395113229751587,1,0.0664191767573356,0.9335808157920836,False
5477,27.385,-0.23616014,-0.22837646,-0.24966174,-0.23615442,0,5476,27.38,27.395113229751587,1,0.0664191767573356,0.9335808157920836,False
5478,27.39,-0.13670766,-0.14490598,-0.16516563,-0.15863198,0,5476,27.38,27.395113229751587,1,0.0664191767573356,0.9335808157920836,False
5479,27.395,-0.0030557718,-0.027586035,-0.035618946,-0.050896198,0,5476,27.38,27.395113229751587,1,0.0664191767573356,0.9335808157920836,False
5480,27.4,0.13728215,0.098449856,0.10847136,0.062270034,0,5480,27.4,27.4098858833313,1,0.0362547226250171,0.9637453556060792,False
5481,27.405,0.2540893,0.20279977,0.22611876,0.15389694,0,5480,27.4,27.4098858833313,1,0.0362547226250171,0.9637453556060792,False
5482,27.41,0.32531524,0.26484647,0.28815418,0.20877731,0,5480,27.4,27.4098858833313,1,0.0362547226250171,0.9637453556060792,False
5483,27.415,0.3418006,0.28072432,0.29043087,0.22795378,0,5480,27.4,27.4098858833313,1,0.0362547226250171,0.9637453556060792,False
5484,27.42,0.3064184,0.2589489,0.24955778,0.22146222,0,5484,27.42,27.43816065788269,1,0.073394700884819,0.9266053438186646,False
5485,27.425,0.23137811,0.2112508,0.18775633,0.19770439,0,5484,27.42,27.43816065788269,1,0.073394700884819,0.9266053438186646,False
5486,27.43,0.13542289,0.14711903,0.12040635,0.15937175,0,5484,27.42,27.43816065788269,1,0.073394700884819,0.9266053438186646,False
5487,27.435,0.039687518,0.07448986,0.054062266,0.10774795,0,5484,27.42,27.43816065788269,1,0.073394700884819,0.9266053438186646,False
5488,27.44,-0.038589183,0.0023209318,-0.008223924,0.04848325,0,5488,27.44,27.45502734184265,1,0.025224657729268,0.9747753739356996,False
5489,27.445,-0.09223988,-0.060119707,-0.062701575,-0.008773599,0,5488,27.44,27.45502734184265,1,0.025224657729268,0.9747753739356996,False
5490,27.45,-0.12620564,-0.10764846,-0.10617047,-0.057128884,0,5488,27.44,27.45502734184265,1,0.025224657729268,0.9747753739356996,False
5491,27.455,-0.15305707,-0.14243622,-0.139208,-0.09816634,0,5488,27.44,27.45502734184265,1,0.025224657729268,0.9747753739356996,False
5492,27.46,-0.183552,-0.17111592,-0.16511624,-0.13918135,0,5492,27.46,27.47627902030945,1,0.0293981879949569,0.9706018567085266,False
5493,27.465,-0.21751507,-0.19643408,-0.1837125,-0.18267909,0,5492,27.46,27.47627902030945,1,0.0293981879949569,0.9706018567085266,False
5494,27.47,-0.24140535,-0.2108212,-0.18675579,-0.21773228,0,5492,27.46,27.47627902030945,1,0.0293981879949569,0.9706018567085266,False
5495,27.475,-0.2355437,-0.19944455,-0.16235675,-0.22305283,0,5492,27.46,27.47627902030945,1,0.0293981879949569,0.9706018567085266,False
5496,27.48,-0.18704847,-0.15202355,-0.1067414,-0.18167579,0,5496,27.48,27.493911266326904,1,0.0517224296927452,0.9482776522636414,False
5497,27.485,-0.09928917,-0.07336643,-0.032198682,-0.095781244,0,5496,27.48,27.493911266326904,1,0.0517224296927452,0.9482776522636414,False
5498,27.49,0.009229308,0.017490216,0.03847744,0.011287436,0,5496,27.48,27.493911266326904,1,0.0517224296927452,0.9482776522636414,False
5499,27.495,0.11493626,0.0991491,0.08786158,0.10812797,0,5496,27.48,27.493911266326904,1,0.0517224296927452,0.9482776522636414,False
5500,27.5,0.19938439,0.15974355,0.115660414,0.17290257,0,5500,27.5,27.509002447128296,1,0.0396099723875522,0.9603899717330932,False
5501,27.505,0.25227186,0.19847901,0.13496922,0.20175374,0,5500,27.5,27.509002447128296,1,0.0396099723875522,0.9603899717330932,False
5502,27.51,0.26838377,0.21752453,0.15656972,0.20333557,0,5500,27.5,27.509002447128296,1,0.0396099723875522,0.9603899717330932,False
5503,27.515,0.24539998,0.21446459,0.17639914,0.18684454,0,5500,27.5,27.509002447128296,1,0.0396099723875522,0.9603899717330932,False
5504,27.52,0.18661505,0.183666,0.17786252,0.15491192,0,5504,27.52,27.523059606552124,1,0.1028927564620971,0.8971073031425476,False
5505,27.525,0.10484285,0.124548964,0.14626683,0.106169015,0,5504,27.52,27.523059606552124,1,0.1028927564620971,0.8971073031425476,False
5506,27.53,0.020533461,0.047332928,0.081927046,0.042642724,0,5504,27.52,27.523059606552124,1,0.1028927564620971,0.8971073031425476,False
5507,27.535,-0.04745525,-0.030346496,0.0009724927,-0.026460484,0,5504,27.52,27.523059606552124,1,0.1028927564620971,0.8971073031425476,False
5508,27.54,-0.09165456,-0.09323745,-0.07542565,-0.08827416,0,5508,27.54,27.542734384536743,1,0.0276535805314779,0.9723464846611024,False
5509,27.545,-0.11755305,-0.1358878,-0.1333651,-0.1333339,0,5508,27.54,27.542734384536743,1,0.0276535805314779,0.9723464846611024,False
5510,27.55,-0.13518259,-0.16157067,-0.17049482,-0.15952064,0,5508,27.54,27.542734384536743,1,0.0276535805314779,0.9723464846611024,False
5511,27.555,-0.14836237,-0.17479496,-0.19078629,-0.16988443,0,5508,27.54,27.542734384536743,1,0.0276535805314779,0.9723464846611024,False
5512,27.56,-0.1515892,-0.17510363,-0.19616866,-0.16728877,0,5512,27.56,27.560850858688354,1,0.079423688352108,0.9205763339996338,False
5513,27.565,-0.13723417,-0.15793775,-0.18288502,-0.15128864,0,5512,27.56,27.560850858688354,1,0.079423688352108,0.9205763339996338,False
5514,27.57,-0.10560467,-0.12113213,-0.1453331,-0.11985147,0,5512,27.56,27.560850858688354,1,0.079423688352108,0.9205763339996338,False
5515,27.575,-0.067443006,-0.070124045,-0.08340219,-0.073661216,0,5512,27.56,27.560850858688354,1,0.079423688352108,0.9205763339996338,False
5516,27.58,-0.035737194,-0.016339453,-0.0065612313,-0.018501619,0,5516,27.58,27.595110416412357,1,0.0421258322894573,0.9578741788864136,False
5517,27.585,-0.014352955,0.03006797,0.068990536,0.036675762,0,5516,27.58,27.595110416412357,1,0.0421258322894573,0.9578741788864136,False
5518,27.59,0.005544769,0.066549525,0.12807004,0.08435554,0,5516,27.58,27.595110416412357,1,0.0421258322894573,0.9578741788864136,False
5519,27.595,0.0375085,0.098008916,0.16357324,0.12192709,0,5516,27.58,27.595110416412357,1,0.0421258322894573,0.9578741788864136,False
5520,27.6,0.087218456,0.13063985,0.1782207,0.15144345,0,5520,27.6,27.607675313949585,1,0.0661836192011833,0.933816373348236,False
5521,27.605,0.14610733,0.16521773,0.18031488,0.17607546,0,5520,27.6,27.607675313949585,1,0.0661836192011833,0.933816373348236,False
5522,27.61,0.19584857,0.1949298,0.17668393,0.19575918,0,5520,27.6,27.607675313949585,1,0.0661836192011833,0.933816373348236,False
5523,27.615,0.21880639,0.208382,0.16742076,0.20465721,0,5520,27.6,27.607675313949585,1,0.0661836192011833,0.933816373348236,False
5524,27.62,0.20571506,0.19463888,0.14556788,0.19194876,0,5524,27.62,27.627590894699097,1,0.0871621370315551,0.9128379225730896,False
5525,27.625,0.15629758,0.14710924,0.10172989,0.14611128,0,5524,27.62,27.627590894699097,1,0.0871621370315551,0.9128379225730896,False
5526,27.63,0.07575172,0.06564096,0.030773368,0.061422814,0,5524,27.62,27.627590894699097,1,0.0871621370315551,0.9128379225730896,False
5527,27.635,-0.02717767,-0.0420692,-0.06306932,-0.05605909,0,5524,27.62,27.627590894699097,1,0.0871621370315551,0.9128379225730896,False
5528,27.64,-0.13840123,-0.15951532,-0.16513944,-0.18641032,0,5528,27.64,27.642908573150635,1,0.0294065214693546,0.9705934524536132,False
5529,27.645,-0.23645192,-0.2626357,-0.2537264,-0.2997187,0,5528,27.64,27.642908573150635,1,0.0294065214693546,0.9705934524536132,False
5530,27.65,-0.29556313,-0.32530287,-0.30666256,-0.3651361,0,5528,27.64,27.642908573150635,1,0.0294065214693546,0.9705934524536132,False
5531,27.655,-0.29534087,-0.32850394,-0.30896872,-0.36171576,0,5528,27.64,27.642908573150635,1,0.0294065214693546,0.9705934524536132,False
5532,27.66,-0.23216388,-0.26911134,-0.25867754,-0.28676182,0,5532,27.66,27.661557912826535,1,0.0769687667489051,0.9230312705039978,False
5533,27.665,-0.124098584,-0.16275083,-0.16786963,-0.15814172,0,5532,27.66,27.661557912826535,1,0.0769687667489051,0.9230312705039978,False
5534,27.67,-0.0042062155,-0.037920143,-0.057710644,-0.008856859,0,5532,27.66,27.661557912826535,1,0.0769687667489051,0.9230312705039978,False
5535,27.675,0.09489447,0.075987026,0.05008987,0.124775,0,5532,27.66,27.661557912826535,1,0.0769687667489051,0.9230312705039978,False
5536,27.68,0.15554374,0.15975557,0.14020866,0.21630158,0,5536,27.68,27.694965600967407,1,0.0371893122792243,0.962810754776001,False
5537,27.685,0.17935388,0.20821787,0.20519555,0.25697532,0,5536,27.68,27.694965600967407,1,0.0371893122792243,0.962810754776001,False
5538,27.69,0.17976975,0.22616972,0.2425542,0.2543527,0,5536,27.68,27.694965600967407,1,0.0371893122792243,0.962810754776001,False
5539,27.695,0.16986464,0.22121799,0.25193706,0.22381213,0,5536,27.68,27.694965600967407,1,0.0371893122792243,0.962810754776001,False
5540,27.7,0.15452366,0.1992623,0.2353305,0.17953959,0,5540,27.7,27.70810866355896,1,0.1021682471036911,0.8978317379951477,False
5541,27.705,0.13106304,0.16432784,0.19852245,0.13046703,0,5540,27.7,27.70810866355896,1,0.1021682471036911,0.8978317379951477,False
5542,27.71,0.09536128,0.12021176,0.15017529,0.08146998,0,5540,27.7,27.70810866355896,1,0.1021682471036911,0.8978317379951477,False
5543,27.715,0.047404025,0.070773154,0.09761459,0.03583552,0,5540,27.7,27.70810866355896,1,0.1021682471036911,0.8978317379951477,False
5544,27.72,-0.007914142,0.018338114,0.04250869,-0.0046888986,0,5544,27.72,27.72309947013855,1,0.0252110138535499,0.9747889637947084,False
5545,27.725,-0.06426213,-0.037548393,-0.019462395,-0.041887123,0,5544,27.72,27.72309947013855,1,0.0252110138535499,0.9747889637947084,False
5546,27.73,-0.11740158,-0.09845591,-0.09363261,-0.08123693,0,5544,27.72,27.72309947013855,1,0.0252110138535499,0.9747889637947084,False
5547,27.735,-0.16468045,-0.16237277,-0.17859727,-0.12739882,0,5544,27.72,27.72309947013855,1,0.0252110138535499,0.9747889637947084,False
5548,27.74,-0.20085934,-0.21940412,-0.2606904,-0.1773784,0,5548,27.74,27.74272966384888,1,0.041397888213396,0.9586020708084106,False
5549,27.745,-0.21555862,-0.2527105,-0.3155872,-0.21788421,0,5548,27.74,27.74272966384888,1,0.041397888213396,0.9586020708084106,False
5550,27.75,-0.19724287,-0.24633838,-0.31842723,-0.2312077,0,5548,27.74,27.74272966384888,1,0.041397888213396,0.9586020708084106,False
5551,27.755,-0.14210367,-0.19542792,-0.25783613,-0.20630826,0,5548,27.74,27.74272966384888,1,0.041397888213396,0.9586020708084106,False
5552,27.76,-0.060104508,-0.110976554,-0.14489426,-0.14628306,0,5552,27.76,27.761181831359863,1,0.040797621011734,0.9592024087905884,False
5553,27.765,0.028010199,-0.015046545,-0.0101980325,-0.0662531,0,5552,27.76,27.761181831359863,1,0.040797621011734,0.9592024087905884,False
5554,27.77,0.10095126,0.070016414,0.10980915,0.015797196,0,5552,27.76,27.761181831359863,1,0.040797621011734,0.9592024087905884,False
5555,27.775,0.14657097,0.1306297,0.1887001,0.08732225,0,5552,27.76,27.761181831359863,1,0.040797621011734,0.9592024087905884,False
5556,27.78,0.1648158,0.16439612,0.219035,0.14329323,0,5556,27.78,27.79486608505249,1,0.0425203964114189,0.9574795961380004,False
5557,27.785,0.1639327,0.17678666,0.21098918,0.183098,0,5556,27.78,27.79486608505249,1,0.0425203964114189,0.9574795961380004,False
5558,27.79,0.15397514,0.1758039,0.18340227,0.20666517,0,5556,27.78,27.79486608505249,1,0.0425203964114189,0.9574795961380004,False
5559,27.795,0.1413469,0.16734225,0.15285946,0.2127058,0,5556,27.78,27.79486608505249,1,0.0425203964114189,0.9574795961380004,False
5560,27.8,0.12625954,0.1524993,0.12620242,0.1991981,0,5560,27.8,27.80298447608948,1,0.0444537512958049,0.955546259880066,False
5561,27.805,0.10391218,0.12797135,0.09998165,0.16525966,0,5560,27.8,27.80298447608948,1,0.0444537512958049,0.955546259880066,False
5562,27.81,0.069008976,0.089943945,0.066759445,0.11354125,0,5560,27.8,27.80298447608948,1,0.0444537512958049,0.955546259880066,False
5563,27.815,0.020886365,0.039078385,0.02351028,0.051479433,0,5560,27.8,27.80298447608948,1,0.0444537512958049,0.955546259880066,False
5564,27.82,-0.034915674,-0.01801647,-0.02479541,-0.010831869,0,5564,27.82,27.826369285583496,1,0.0272621307522058,0.9727378487586976,False
5565,27.825,-0.09040204,-0.073074006,-0.0695791,-0.0662609,0,5564,27.82,27.826369285583496,1,0.0272621307522058,0.9727378487586976,False
5566,27.83,-0.1406903,-0.122384004,-0.10654411,-0.11553984,0,5564,27.82,27.826369285583496,1,0.0272621307522058,0.9727378487586976,False
5567,27.835,-0.18516952,-0.16775212,-0.13846394,-0.16545875,0,5564,27.82,27.826369285583496,1,0.0272621307522058,0.9727378487586976,False
5568,27.84,-0.22197811,-0.20954889,-0.1689234,-0.21913774,0,5568,27.84,27.853639364242557,1,0.0785141214728355,0.9214859008789062,False
5569,27.845,-0.24130468,-0.238284,-0.19292887,-0.2657511,0,5568,27.84,27.853639364242557,1,0.0785141214728355,0.9214859008789062,False
5570,27.85,-0.22630607,-0.23502088,-0.19516583,-0.28070655,0,5568,27.84,27.853639364242557,1,0.0785141214728355,0.9214859008789062,False
5571,27.855,-0.1642471,-0.18378754,-0.16023956,-0.24004005,0,5568,27.84,27.853639364242557,1,0.0785141214728355,0.9214859008789062,False
5572,27.86,-0.059823994,-0.08681889,-0.086952135,-0.13963068,0,5572,27.86,27.87305951118469,1,0.0422841198742389,0.9577159285545348,False
5573,27.865,0.061473303,0.031274643,0.0067216544,-0.0034334026,0,5572,27.86,27.87305951118469,1,0.0422841198742389,0.9577159285545348,False
5574,27.87,0.16450627,0.1354912,0.09331323,0.1272591,0,5572,27.86,27.87305951118469,1,0.0422841198742389,0.9577159285545348,False
5575,27.875,0.22236551,0.19943331,0.15187925,0.21597694,0,5572,27.86,27.87305951118469,1,0.0422841198742389,0.9577159285545348,False
5576,27.88,0.22813028,0.21667023,0.17684722,0.24831226,0,5576,27.88,27.89318370819092,1,0.0453832074999809,0.9546167850494384,False
5577,27.885,0.19395493,0.19788292,0.17443146,0.23343533,0,5576,27.88,27.89318370819092,1,0.0453832074999809,0.9546167850494384,False
5578,27.89,0.14121473,0.15967233,0.15343814,0.19246899,0,5576,27.88,27.89318370819092,1,0.0453832074999809,0.9546167850494384,False
5579,27.895,0.08992117,0.11545525,0.12030105,0.14477146,0,5576,27.88,27.89318370819092,1,0.0453832074999809,0.9546167850494384,False
5580,27.9,0.05241552,0.07317646,0.08058671,0.10086473,0,5580,27.9,27.90291929244995,1,0.0313845537602901,0.968615472316742,False
5581,27.905,0.031426836,0.036907446,0.041188665,0.062791064,0,5580,27.9,27.90291929244995,1,0.0313845537602901,0.968615472316742,False
5582,27.91,0.02113697,0.0077796835,0.008040247,0.027673518,0,5580,27.9,27.90291929244995,1,0.0313845537602901,0.968615472316742,False
5583,27.915,0.010897376,-0.016448714,-0.018702313,-0.008866648,0,5580,27.9,27.90291929244995,1,0.0313845537602901,0.968615472316742,False
5584,27.92,-0.009046555,-0.040724102,-0.045624766,-0.049776137,0,5584,27.92,27.927314043045044,1,0.0286496728658676,0.971350371837616,False
5585,27.925,-0.042360194,-0.06945989,-0.08007863,-0.09373579,0,5584,27.92,27.927314043045044,1,0.0286496728658676,0.971350371837616,False
5586,27.93,-0.0849129,-0.102396086,-0.12134932,-0.13373613,0,5584,27.92,27.927314043045044,1,0.0286496728658676,0.971350371837616,False
5587,27.935,-0.12712428,-0.13280706,-0.15676692,-0.15924923,0,5584,27.92,27.927314043045044,1,0.0286496728658676,0.971350371837616,False
5588,27.94,-0.15816227,-0.14999963,-0.16734576,-0.16199951,0,5588,27.94,27.942028045654297,1,0.0828173235058784,0.917182683944702,False
5589,27.945,-0.16939893,-0.1450085,-0.14005314,-0.14161712,0,5588,27.94,27.942028045654297,1,0.0828173235058784,0.917182683944702,False
5590,27.95,-0.15621318,-0.115871236,-0.078046136,-0.10623544,0,5588,27.94,27.942028045654297,1,0.0828173235058784,0.917182683944702,False
5591,27.955,-0.11878644,-0.068940796,-0.0010230986,-0.06675054,0,5588,27.94,27.942028045654297,1,0.0828173235058784,0.917182683944702,False
5592,27.96,-0.062661916,-0.015677458,0.06495183,-0.029416185,0,5592,27.96,27.977943181991577,1,0.0400979556143283,0.959902048110962,False
5593,27.965,0.0012364801,0.032323927,0.100959845,0.00638076,0,5592,27.96,27.977943181991577,1,0.0400979556143283,0.959902048110962,False
5594,27.97,0.058604572,0.06693427,0.103149965,0.043212626,0,5592,27.96,27.977943181991577,1,0.0400979556143283,0.959902048110962,False
5595,27.975,0.096861735,0.08502387,0.08152365,0.07918308,0,5592,27.96,27.977943181991577,1,0.0400979556143283,0.959902048110962,False
5596,27.98,0.11155685,0.088908,0.05272982,0.107361495,0,5596,27.98,27.993103504180908,1,0.0762247294187545,0.9237752556800842,False
5597,27.985,0.10911001,0.085539296,0.03208413,0.12173446,0,5596,27.98,27.993103504180908,1,0.0762247294187545,0.9237752556800842,False
5598,27.99,0.10195308,0.08299833,0.027751679,0.1225289,0,5596,27.98,27.993103504180908,1,0.0762247294187545,0.9237752556800842,False
5599,27.995,0.09848947,0.08485186,0.03801643,0.11436225,0,5596,27.98,27.993103504180908,1,0.0762247294187545,0.9237752556800842,False
5600,28.0,0.09625083,0.08664757,0.052649427,0.09940312,0,5600,28.0,28.00505208969116,1,0.0578934513032436,0.942106544971466,False
5601,28.005,0.0848877,0.07875463,0.058761332,0.07412819,0,5600,28.0,28.00505208969116,1,0.0578934513032436,0.942106544971466,False
5602,28.01,0.056566603,0.0542447,0.04834453,0.03429806,0,5600,28.0,28.00505208969116,1,0.0578934513032436,0.942106544971466,False
5603,28.015,0.014064777,0.015063609,0.02223037,-0.017039103,0,5600,28.0,28.00505208969116,1,0.0578934513032436,0.942106544971466,False
5604,28.02,-0.030762324,-0.029105106,-0.012420216,-0.06769186,0,5604,28.02,28.026590585708615,1,0.0490390062332153,0.9509610533714294,False
5605,28.025,-0.06589987,-0.067828245,-0.04814162,-0.103276536,0,5604,28.02,28.026590585708615,1,0.0490390062332153,0.9509610533714294,False
5606,28.03,-0.08651115,-0.09578693,-0.08066602,-0.11626508,0,5604,28.02,28.026590585708615,1,0.0490390062332153,0.9509610533714294,False
5607,28.035,-0.09436279,-0.11231369,-0.10706905,-0.10870832,0,5604,28.02,28.026590585708615,1,0.0490390062332153,0.9509610533714294,False
5608,28.04,-0.091617875,-0.116399795,-0.12183929,-0.08745917,0,5608,28.04,28.043007850646973,1,0.1310998797416687,0.8689001798629761,False
5609,28.045,-0.07682066,-0.10385808,-0.11670439,-0.058303047,0,5608,28.04,28.043007850646973,1,0.1310998797416687,0.8689001798629761,False
5610,28.05,-0.047960117,-0.071025774,-0.08629685,-0.02510658,0,5608,28.04,28.043007850646973,1,0.1310998797416687,0.8689001798629761,False
5611,28.055,-0.009325768,-0.022023087,-0.035244185,0.0068936585,0,5608,28.04,28.043007850646973,1,0.1310998797416687,0.8689001798629761,False
5612,28.06,0.026016926,0.02840994,0.02057154,0.02969656,0,5612,28.06,28.073002576828003,1,0.0500207506120204,0.9499791860580444,False
5613,28.065,0.042591333,0.061460797,0.061698128,0.03656433,0,5612,28.06,28.073002576828003,1,0.0500207506120204,0.9499791860580444,False
5614,28.07,0.03336386,0.06633491,0.07692433,0.02809022,0,5612,28.06,28.073002576828003,1,0.0500207506120204,0.9499791860580444,False
5615,28.075,0.0057779723,0.047994483,0.06998401,0.013730552,0,5612,28.06,28.073002576828003,1,0.0500207506120204,0.9499791860580444,False
5616,28.08,-0.02241873,0.023683218,0.055603117,0.0062949886,0,5616,28.08,28.092899560928345,1,0.1317505240440368,0.8682494759559631,False
5617,28.085,-0.03419703,0.010882709,0.04813756,0.013609102,0,5616,28.08,28.092899560928345,1,0.1317505240440368,0.8682494759559631,False
5618,28.09,-0.022638738,0.01635489,0.051976725,0.033949975,0,5616,28.08,28.092899560928345,1,0.1317505240440368,0.8682494759559631,False
5619,28.095,0.00721605,0.034153678,0.0606854,0.058089886,0,5616,28.08,28.092899560928345,1,0.1317505240440368,0.8682494759559631,False
5620,28.1,0.043253656,0.052257013,0.063969426,0.075192004,0,5620,28.1,28.10961151123047,1,0.1421166211366653,0.8578833341598511,False
5621,28.105,0.07272193,0.06082118,0.05544598,0.07763948,0,5620,28.1,28.10961151123047,1,0.1421166211366653,0.8578833341598511,False
5622,28.11,0.086076446,0.055660494,0.03507107,0.062327307,0,5620,28.1,28.10961151123047,1,0.1421166211366653,0.8578833341598511,False
5623,28.115,0.07806331,0.036580235,0.006163988,0.029782694,0,5620,28.1,28.10961151123047,1,0.1421166211366653,0.8578833341598511,False
5624,28.12,0.048193492,0.004949024,-0.028162712,-0.016208325,0,5624,28.12,28.126660108566284,1,0.1788215637207031,0.8211784362792969,False
5625,28.125,0.0017416999,-0.03591484,-0.06511488,-0.06772741,0,5624,28.12,28.126660108566284,1,0.1788215637207031,0.8211784362792969,False
5626,28.13,-0.049793117,-0.0783741,-0.099505454,-0.11236964,0,5624,28.12,28.126660108566284,1,0.1788215637207031,0.8211784362792969,False
5627,28.135,-0.090535216,-0.109896764,-0.122253686,-0.13555002,0,5624,28.12,28.126660108566284,1,0.1788215637207031,0.8211784362792969,False
5628,28.14,-0.10507882,-0.1169308,-0.12311756,-0.12578382,0,5628,28.14,28.141079664230347,1,0.230296328663826,0.7697036862373352,False
5629,28.145,-0.08523648,-0.092105895,-0.09668097,-0.08091753,0,5628,28.14,28.141079664230347,1,0.230296328663826,0.7697036862373352,False
5630,28.15,-0.035722673,-0.040296618,-0.047363527,-0.011823495,0,5628,28.14,28.141079664230347,1,0.230296328663826,0.7697036862373352,False
5631,28.155,0.025270063,0.021305148,0.010663863,0.059713542,0,5628,28.14,28.141079664230347,1,0.230296328663826,0.7697036862373352,False
5632,28.16,0.07306125,0.07060704,0.059440557,0.10959867,0,5632,28.16,28.17617630958557,1,0.0521740317344665,0.9478260278701782,False
5633,28.165,0.08869786,0.09176161,0.08576488,0.122813195,0,5632,28.16,28.17617630958557,1,0.0521740317344665,0.9478260278701782,False
5634,28.17,0.069220796,0.08303701,0.08716661,0.10073655,0,5632,28.16,28.17617630958557,1,0.0521740317344665,0.9478260278701782,False
5635,28.175,0.028706174,0.056137133,0.071708284,0.059118953,0,5632,28.16,28.17617630958557,1,0.0521740317344665,0.9478260278701782,False
5636,28.18,-0.011252692,0.027498405,0.05188045,0.017657353,0,5636,28.18,28.193177938461304,1,0.1451549977064132,0.8548450469970703,False
5637,28.185,-0.03507201,0.007803535,0.036632564,-0.011513165,0,5636,28.18,28.193177938461304,1,0.1451549977064132,0.8548450469970703,False
5638,28.19,-0.040786434,-0.0027228298,0.026962887,-0.028129244,0,5636,28.18,28.193177938461304,1,0.1451549977064132,0.8548450469970703,False
5639,28.195,-0.03650721,-0.010232899,0.018045954,-0.038565118,0,5636,28.18,28.193177938461304,1,0.1451549977064132,0.8548450469970703,False
5640,28.2,-0.03012715,-0.018839601,0.0056100083,-0.046927195,0,5640,28.2,28.20316362380981,1,0.0836898609995842,0.91631019115448,False
5641,28.205,-0.02265182,-0.026241424,-0.009544822,-0.051269475,0,5640,28.2,28.20316362380981,1,0.0836898609995842,0.91631019115448,False
5642,28.21,-0.011407033,-0.027686363,-0.023130167,-0.04802003,0,5640,28.2,28.20316362380981,1,0.0836898609995842,0.91631019115448,False
5643,28.215,0.0014697344,-0.023695556,-0.032893397,-0.038806345,0,5640,28.2,28.20316362380981,1,0.0836898609995842,0.91631019115448,False
5644,28.22,0.0061260927,-0.022397408,-0.041596573,-0.031224746,0,5644,28.22,28.2269299030304,1,0.2042556703090667,0.7957443594932556,False
5645,28.225,-0.00703103,-0.032489702,-0.053642694,-0.03180508,0,5644,28.22,28.2269299030304,1,0.2042556703090667,0.7957443594932556,False
5646,28.23,-0.035295222,-0.052862145,-0.06847784,-0.038220283,0,5644,28.22,28.2269299030304,1,0.2042556703090667,0.7957443594932556,False
5647,28.235,-0.060229246,-0.06938174,-0.077674486,-0.039104365,0,5644,28.22,28.2269299030304,1,0.2042556703090667,0.7957443594932556,False
5648,28.24,-0.058510352,-0.06337519,-0.06934328,-0.022423236,0,5648,28.24,28.241432428359985,1,0.203761950135231,0.7962380051612854,False
5649,28.245,-0.01929968,-0.02555727,-0.036673088,0.014873676,0,5648,28.24,28.241432428359985,1,0.203761950135231,0.7962380051612854,False
5650,28.25,0.04639628,0.03606629,0.0163044,0.06405984,0,5648,28.24,28.241432428359985,1,0.203761950135231,0.7962380051612854,False
5651,28.255,0.112254545,0.100481816,0.07590038,0.110112116,0,5648,28.24,28.241432428359985,1,0.203761950135231,0.7962380051612854,False
5652,28.26,0.15307948,0.14571065,0.12499702,0.13967064,0,5652,28.26,28.27273416519165,1,0.0739519819617271,0.9260480403900146,False
5653,28.265,0.1574352,0.15863092,0.14915633,0.14497127,0,5652,28.26,28.27273416519165,1,0.0739519819617271,0.9260480403900146,False
5654,28.27,0.12818186,0.13690817,0.13980405,0.12300284,0,5652,28.26,28.27273416519165,1,0.0739519819617271,0.9260480403900146,False
5655,28.275,0.0748226,0.08587221,0.09594919,0.07451212,0,5652,28.26,28.27273416519165,1,0.0739519819617271,0.9260480403900146,False
5656,28.28,0.0076088384,0.016273815,0.0263207,0.0062441607,0,5656,28.28,28.292774200439453,1,0.0937211290001869,0.906278908252716,False
5657,28.285,-0.062034167,-0.05589969,-0.050052483,-0.06640193,0,5656,28.28,28.292774200439453,1,0.0937211290001869,0.906278908252716,False
5658,28.29,-0.11947,-0.111793675,-0.10903533,-0.122379735,0,5656,28.28,28.292774200439453,1,0.0937211290001869,0.906278908252716,False
5659,28.295,-0.15004733,-0.13702337,-0.1325307,-0.1451144,0,5656,28.28,28.292774200439453,1,0.0937211290001869,0.906278908252716,False
5660,28.3,-0.14739887,-0.12990938,-0.11874668,-0.13297856,0,5660,28.3,28.302783966064453,1,0.0463161841034889,0.953683853149414,False
5661,28.305,-0.1191727,-0.10289849,-0.082997136,-0.100729674,0,5660,28.3,28.302783966064453,1,0.0463161841034889,0.953683853149414,False
5662,28.31,-0.08328528,-0.074243724,-0.047277763,-0.069274224,0,5660,28.3,28.302783966064453,1,0.0463161841034889,0.953683853149414,False
5663,28.315,-0.05631508,-0.055837937,-0.026288433,-0.051347483,0,5660,28.3,28.302783966064453,1,0.0463161841034889,0.953683853149414,False
5664,28.32,-0.04314892,-0.046870094,-0.02043983,-0.044558164,0,5664,28.32,28.32647967338562,1,0.05909314006567,0.9409068822860718,False
5665,28.325,-0.03596137,-0.037746027,-0.019949995,-0.036798593,0,5664,28.32,28.32647967338562,1,0.05909314006567,0.9409068822860718,False
5666,28.33,-0.022304414,-0.019613145,-0.014663107,-0.018132197,0,5664,28.32,28.32647967338562,1,0.05909314006567,0.9409068822860718,False
5667,28.335,0.00531576,0.009346025,-0.00050881226,0.011845906,0,5664,28.32,28.32647967338562,1,0.05909314006567,0.9409068822860718,False
5668,28.34,0.045804683,0.045253478,0.021555047,0.046737872,0,5668,28.34,28.34214234352112,1,0.0602723360061645,0.9397276639938354,False
5669,28.345,0.092511185,0.08379185,0.050177265,0.081256084,0,5668,28.34,28.34214234352112,1,0.0602723360061645,0.9397276639938354,False
5670,28.35,0.1375947,0.12225774,0.084852345,0.11457916,0,5668,28.34,28.34214234352112,1,0.0602723360061645,0.9397276639938354,False
5671,28.355,0.17283523,0.15591386,0.121648036,0.14522184,0,5668,28.34,28.34214234352112,1,0.0602723360061645,0.9397276639938354,False
5672,28.36,0.18779309,0.17366885,0.14870416,0.16385151,0,5672,28.36,28.372902870178223,1,0.1726978570222854,0.8273021578788757,False
5673,28.365,0.1707116,0.16032572,0.14867117,0.15419152,0,5672,28.36,28.372902870178223,1,0.1726978570222854,0.8273021578788757,False
5674,28.37,0.1153409,0.10667377,0.109136514,0.10456378,0,5672,28.36,28.372902870178223,1,0.1726978570222854,0.8273021578788757,False
5675,28.375,0.029601702,0.020105697,0.033727374,0.020961897,0,5672,28.36,28.372902870178223,1,0.1726978570222854,0.8273021578788757,False
5676,28.38,-0.06266447,-0.0741288,-0.05565732,-0.07105102,0,5676,28.38,28.3942768573761,1,0.0318255051970481,0.9681745767593384,False
5677,28.385,-0.13164337,-0.14423704,-0.12855425,-0.13933004,0,5676,28.38,28.3942768573761,1,0.0318255051970481,0.9681745767593384,False
5678,28.39,-0.15786622,-0.16869856,-0.16130465,-0.16346228,0,5676,28.38,28.3942768573761,1,0.0318255051970481,0.9681745767593384,False
5679,28.395,-0.14292562,-0.14701352,-0.1480409,-0.14433904,0,5676,28.38,28.3942768573761,1,0.0318255051970481,0.9681745767593384,False
5680,28.4,-0.1065127,-0.09791412,-0.1016344,-0.099337555,0,5680,28.4,28.408159255981445,1,0.0773153081536293,0.9226846694946288,False
5681,28.405,-0.072782114,-0.047927767,-0.04616706,-0.049783114,0,5680,28.4,28.408159255981445,1,0.0773153081536293,0.9226846694946288,False
5682,28.41,-0.056742758,-0.018347481,-0.0059734257,-0.011401492,0,5680,28.4,28.408159255981445,1,0.0773153081536293,0.9226846694946288,False
5683,28.415,-0.059062976,-0.01684859,0.0046386546,0.008034973,0,5680,28.4,28.408159255981445,1,0.0773153081536293,0.9226846694946288,False
5684,28.42,-0.06930877,-0.03550354,-0.011883028,0.0077558756,0,5684,28.42,28.42894124984741,1,0.0497834458947181,0.9502165913581848,False
5685,28.425,-0.072368406,-0.054683298,-0.036470637,-0.005733647,0,5684,28.42,28.42894124984741,1,0.0497834458947181,0.9502165913581848,False
5686,28.43,-0.054481193,-0.05214028,-0.042846758,-0.018480783,0,5684,28.42,28.42894124984741,1,0.0497834458947181,0.9502165913581848,False
5687,28.435,-0.009086604,-0.015106905,-0.013467503,-0.013980268,0,5684,28.42,28.42894124984741,1,0.0497834458947181,0.9502165913581848,False
5688,28.44,0.057604637,0.0501717,0.04722209,0.016156623,0,5688,28.44,28.44280433654785,1,0.0695904865860939,0.9304094910621644,False
5689,28.445,0.12527697,0.11856534,0.11239596,0.06310379,0,5688,28.44,28.44280433654785,1,0.0695904865860939,0.9304094910621644,False
5690,28.45,0.1671625,0.1585621,0.14778198,0.10293136,0,5688,28.44,28.44280433654785,1,0.0695904865860939,0.9304094910621644,False
5691,28.455,0.16523084,0.15101321,0.13302843,0.111624904,0,5688,28.44,28.44280433654785,1,0.0695904865860939,0.9304094910621644,False
5692,28.46,0.12311297,0.10170576,0.074959114,0.08279106,0,5692,28.46,28.463006019592285,1,0.1714528053998947,0.8285472393035889,False
5693,28.465,0.06564607,0.03812353,0.0034555772,0.03348504,0,5692,28.46,28.463006019592285,1,0.1714528053998947,0.8285472393035889,False
5694,28.47,0.023049532,-0.00824271,-0.04699853,-0.007812483,0,5692,28.46,28.463006019592285,1,0.1714528053998947,0.8285472393035889,False
5695,28.475,0.010351666,-0.021848107,-0.057433233,-0.02228039,1,5692,28.46,28.463006019592285,1,0.1714528053998947,0.8285472393035889,True
5696,28.48,0.017623799,-0.011325324,-0.03345965,-0.014145601,1,5696,28.48,28.49575901031494,1,0.0363544337451458,0.9636455774307252,True
5697,28.485,0.018884065,-0.0007499882,0.001011458,-0.0056313444,1,5696,28.48,28.49575901031494,1,0.0363544337451458,0.9636455774307252,True
5698,28.49,-0.00692397,-0.010996041,0.019867204,-0.017686324,1,5696,28.48,28.49575901031494,1,0.0363544337451458,0.9636455774307252,True
5699,28.495,-0.058981266,-0.04479464,0.010229756,-0.052072644,1,5696,28.48,28.49575901031494,1,0.0363544337451458,0.9636455774307252,True
5700,28.5,-0.11457643,-0.08560914,-0.021597879,-0.0889639,1,5700,28.5,28.50321650505066,1,0.1504607051610946,0.8495393395423889,True
5701,28.505,-0.14558871,-0.11011932,-0.056306325,-0.10161017,1,5700,28.5,28.50321650505066,1,0.1504607051610946,0.8495393395423889,True
5702,28.51,-0.1383307,-0.10462894,-0.075163186,-0.07635792,1,5700,28.5,28.50321650505066,1,0.1504607051610946,0.8495393395423889,True
5703,28.515,-0.10159565,-0.07352154,-0.071616426,-0.022749953,1,5700,28.5,28.50321650505066,1,0.1504607051610946,0.8495393395423889,True
5704,28.52,-0.057626396,-0.034166217,-0.052859396,0.03333658,1,5704,28.52,28.526283025741577,1,0.088239312171936,0.9117607474327089,True
5705,28.525,-0.024271622,-0.0029059688,-0.03090974,0.06756672,1,5704,28.52,28.526283025741577,1,0.088239312171936,0.9117607474327089,True
5706,28.53,-0.0031056292,0.016418878,-0.011506871,0.07233254,1,5704,28.52,28.526283025741577,1,0.088239312171936,0.9117607474327089,True
5707,28.535,0.017266145,0.03208934,0.008878784,0.05845077,1,5704,28.52,28.526283025741577,1,0.088239312171936,0.9117607474327089,True
5708,28.54,0.046667103,0.05312778,0.035411034,0.04349548,1,5708,28.54,28.544341564178467,1,0.0594540499150753,0.9405459761619568,True
5709,28.545,0.08130409,0.0777776,0.064910784,0.037130132,1,5708,28.54,28.544341564178467,1,0.0594540499150753,0.9405459761619568,True
5710,28.55,0.10540092,0.09301051,0.08458799,0.035178285,1,5708,28.54,28.544341564178467,1,0.0594540499150753,0.9405459761619568,True
5711,28.555,0.10467804,0.08567111,0.08171324,0.02583678,1,5708,28.54,28.544341564178467,1,0.0594540499150753,0.9405459761619568,True
5712,28.56,0.078684814,0.054462325,0.054907866,0.0011166462,1,5712,28.56,28.579593658447266,1,0.1784304976463318,0.8215695023536682,True
5713,28.565,0.04078408,0.011449801,0.015821667,-0.036403157,1,5712,28.56,28.579593658447266,1,0.1784304976463318,0.8215695023536682,True
5714,28.57,0.0071834754,-0.027368616,-0.020116413,-0.075400226,1,5712,28.56,28.579593658447266,1,0.1784304976463318,0.8215695023536682,True
5715,28.575,-0.013664662,-0.052408766,-0.0442241,-0.10230615,1,5712,28.56,28.579593658447266,1,0.1784304976463318,0.8215695023536682,True
5716,28.58,-0.022619633,-0.062657654,-0.056539875,-0.10681021,1,5716,28.58,28.59275197982788,1,0.0558058507740497,0.9441941380500792,True
5717,28.585,-0.02445763,-0.060701784,-0.059646677,-0.0848163,1,5716,28.58,28.59275197982788,1,0.0558058507740497,0.9441941380500792,True
5718,28.59,-0.023620034,-0.048741207,-0.05334402,-0.040454462,1,5716,28.58,28.59275197982788,1,0.0558058507740497,0.9441941380500792,True
5719,28.595,-0.024482505,-0.02988928,-0.036449026,0.01324814,1,5716,28.58,28.59275197982788,1,0.0558058507740497,0.9441941380500792,True
5720,28.6,-0.03159645,-0.010325196,-0.011987871,0.058493767,1,5720,28.6,28.610325813293457,1,0.1896699965000152,0.8103300333023071,True
5721,28.605,-0.045333754,0.0037935842,0.01250252,0.082468495,1,5720,28.6,28.610325813293457,1,0.1896699965000152,0.8103300333023071,True
5722,28.61,-0.056675866,0.012750314,0.03113396,0.08609547,1,5720,28.6,28.610325813293457,1,0.1896699965000152,0.8103300333023071,True
5723,28.615,-0.0500999,0.024175316,0.044586245,0.08237461,1,5720,28.6,28.610325813293457,1,0.1896699965000152,0.8103300333023071,True
5724,28.62,-0.016614562,0.044292804,0.056683134,0.08330146,1,5724,28.62,28.62637710571289,1,0.1206670701503753,0.879332959651947,True
5725,28.625,0.03392325,0.067593805,0.06608596,0.08697219,1,5724,28.62,28.62637710571289,1,0.1206670701503753,0.879332959651947,True
5726,28.63,0.07533863,0.0776214,0.063923456,0.07862249,1,5724,28.62,28.62637710571289,1,0.1206670701503753,0.879332959651947,True
5727,28.635,0.083682954,0.06091561,0.04217167,0.046112042,1,5724,28.62,28.62637710571289,1,0.1206670701503753,0.879332959651947,True
5728,28.64,0.056086585,0.021029748,0.0044520427,-0.0053541893,1,5728,28.64,28.641245365142822,1,0.1396775692701339,0.8603224158287048,True
5729,28.645,0.012179046,-0.022455981,-0.03354307,-0.0550896,1,5728,28.64,28.641245365142822,1,0.1396775692701339,0.8603224158287048,True
5730,28.65,-0.023215901,-0.050166078,-0.05626022,-0.0846154,1,5728,28.64,28.641245365142822,1,0.1396775692701339,0.8603224158287048,True
5731,28.655,-0.0392901,-0.058584146,-0.06122772,-0.0936219,1,5728,28.64,28.641245365142822,1,0.1396775692701339,0.8603224158287048,True
5732,28.66,-0.042797048,-0.05962298,-0.05913929,-0.09766013,1,5732,28.66,28.66752052307129,1,0.2159729301929474,0.7840270400047302,True
5733,28.665,-0.04508806,-0.06512072,-0.060633913,-0.109314166,1,5732,28.66,28.66752052307129,1,0.2159729301929474,0.7840270400047302,True
5734,28.67,-0.04772297,-0.07245427,-0.063342065,-0.12159963,1,5732,28.66,28.66752052307129,1,0.2159729301929474,0.7840270400047302,True
5735,28.675,-0.041064035,-0.06587719,-0.05287919,-0.11089581,1,5732,28.66,28.66752052307129,1,0.2159729301929474,0.7840270400047302,True
5736,28.68,-0.015847078,-0.03238346,-0.017674077,-0.05832843,1,5736,28.68,28.69284701347351,1,0.2297995835542678,0.7702004313468933,True
5737,28.685,0.02457035,0.022943098,0.036257327,0.029113162,1,5736,28.68,28.69284701347351,1,0.2297995835542678,0.7702004313468933,True
5738,28.69,0.06290331,0.07643634,0.085032634,0.1170889,1,5736,28.68,28.69284701347351,1,0.2297995835542678,0.7702004313468933,True
5739,28.695,0.07866385,0.10125811,0.1027056,0.16490401,1,5736,28.68,28.69284701347351,1,0.2297995835542678,0.7702004313468933,True
5740,28.7,0.062184833,0.08627993,0.08039847,0.15292366,1,5740,28.7,28.71190094947815,1,0.0745386108756065,0.9254614114761353,True
5741,28.705,0.021340411,0.043430783,0.032864098,0.09506896,1,5740,28.7,28.71190094947815,1,0.0745386108756065,0.9254614114761353,True
5742,28.71,-0.023700055,-0.0018529776,-0.012851344,0.027321093,1,5740,28.7,28.71190094947815,1,0.0745386108756065,0.9254614114761353,True
5743,28.715,-0.05361352,-0.028959148,-0.037056677,-0.017827203,1,5740,28.7,28.71190094947815,1,0.0745386108756065,0.9254614114761353,True
5744,28.72,-0.061371483,-0.03469987,-0.039402794,-0.031034589,1,5744,28.72,28.724686861038208,1,0.0505848377943038,0.9494151473045348,True
5745,28.725,-0.05386922,-0.031123497,-0.034459136,-0.026341045,1,5744,28.72,28.724686861038208,1,0.0505848377943038,0.9494151473045348,True
5746,28.73,-0.04314694,-0.03179136,-0.036088042,-0.024650069,1,5744,28.72,28.724686861038208,1,0.0505848377943038,0.9494151473045348,True
5747,28.735,-0.03470396,-0.0386656,-0.044419885,-0.0353922,1,5744,28.72,28.724686861038208,1,0.0505848377943038,0.9494151473045348,True
5748,28.74,-0.022707373,-0.04036838,-0.04595581,-0.0505169,1,5748,28.74,28.7451388835907,1,0.1143951416015625,0.8856048583984375,True
5749,28.745,0.0036472066,-0.022768376,-0.02601362,-0.05355178,1,5748,28.74,28.7451388835907,1,0.1143951416015625,0.8856048583984375,True
5750,28.75,0.047579795,0.017056605,0.01698249,-0.034690466,1,5748,28.74,28.7451388835907,1,0.1143951416015625,0.8856048583984375,True
5751,28.755,0.09657571,0.06486574,0.066881396,0.00040295805,1,5748,28.74,28.7451388835907,1,0.1143951416015625,0.8856048583984375,True
5752,28.76,0.126648,0.096466556,0.09882868,0.034165572,1,5752,28.76,28.760477304458615,1,0.0897551253437995,0.9102448225021362,True
5753,28.765,0.11765072,0.09342248,0.095745884,0.049480483,1,5752,28.76,28.760477304458615,1,0.0897551253437995,0.9102448225021362,True
5754,28.77,0.06884887,0.056067385,0.060272906,0.041216675,1,5752,28.76,28.760477304458615,1,0.0897551253437995,0.9102448225021362,True
5755,28.775,0.0020538906,0.003923292,0.012860217,0.01863973,1,5752,28.76,28.760477304458615,1,0.0897551253437995,0.9102448225021362,True
5756,28.78,-0.051871765,-0.037536032,-0.023175856,-0.002537607,1,5756,28.78,28.79281854629517,1,0.1436025500297546,0.8563974499702454,True
5757,28.785,-0.07391662,-0.05415732,-0.038121443,-0.011844158,1,5756,28.78,28.79281854629517,1,0.1436025500297546,0.8563974499702454,True
5758,28.79,-0.06881138,-0.05094682,-0.040310137,-0.010202621,1,5756,28.78,28.79281854629517,1,0.1436025500297546,0.8563974499702454,True
5759,28.795,-0.05807174,-0.044471364,-0.045007184,-0.006265559,1,5756,28.78,28.79281854629517,1,0.1436025500297546,0.8563974499702454,True
5760,28.8,-0.060197458,-0.046974167,-0.058211647,-0.007218048,1,5760,28.8,28.810762405395508,1,0.1487172842025756,0.8512827157974243,True
5761,28.805,-0.07506142,-0.05621577,-0.07048967,-0.012673671,1,5760,28.8,28.810762405395508,1,0.1487172842025756,0.8512827157974243,True
5762,28.81,-0.08536849,-0.059133258,-0.06625862,-0.016509324,1,5760,28.8,28.810762405395508,1,0.1487172842025756,0.8512827157974243,True
5763,28.815,-0.07268635,-0.044707213,-0.039326724,-0.013728219,1,5760,28.8,28.810762405395508,1,0.1487172842025756,0.8512827157974243,True
5764,28.82,-0.033355426,-0.014017005,-6.6735985e-05,-0.005385616,1,5764,28.82,28.824646711349487,1,0.1741252094507217,0.8258747458457947,True
5765,28.825,0.018823547,0.02067694,0.03212451,0.002562326,1,5764,28.82,28.824646711349487,1,0.1741252094507217,0.8258747458457947,True
5766,28.83,0.063621916,0.04571213,0.044007096,0.0046463925,1,5764,28.82,28.824646711349487,1,0.1741252094507217,0.8258747458457947,True
5767,28.835,0.0882869,0.05552128,0.037986744,0.00038520814,1,5764,28.82,28.824646711349487,1,0.1741252094507217,0.8258747458457947,True
5768,28.84,0.0930395,0.0543451,0.02830947,-0.005547168,1,5768,28.84,28.8450984954834,1,0.0790822952985763,0.9209176898002625,True
5769,28.845,0.086049505,0.050290395,0.028166922,-0.0068221996,1,5768,28.84,28.8450984954834,1,0.0790822952985763,0.9209176898002625,True
5770,28.85,0.07474085,0.048028488,0.03912114,0.00047601797,1,5768,28.84,28.8450984954834,1,0.0790822952985763,0.9209176898002625,True
5771,28.855,0.061106924,0.046001956,0.050994482,0.015490826,1,5768,28.84,28.8450984954834,1,0.0790822952985763,0.9209176898002625,True
5772,28.86,0.042779665,0.038802076,0.05065803,0.032233264,1,5772,28.86,28.869049310684204,1,0.2677766382694244,0.732223391532898,True
5773,28.865,0.016597698,0.021483144,0.031530205,0.041156158,1,5772,28.86,28.869049310684204,1,0.2677766382694244,0.732223391532898,True
5774,28.87,-0.018253146,-0.0069192545,-0.0027295225,0.03334688,1,5772,28.86,28.869049310684204,1,0.2677766382694244,0.732223391532898,True
5775,28.875,-0.057978734,-0.041385192,-0.040700894,0.006796085,1,5772,28.86,28.869049310684204,1,0.2677766382694244,0.732223391532898,True
5776,28.88,-0.09332156,-0.07123899,-0.06866591,-0.029353423,1,5776,28.88,28.886255025863647,1,0.0850822851061821,0.9149177074432372,True
5777,28.885,-0.11218418,-0.084383704,-0.07653788,-0.057846103,1,5776,28.88,28.886255025863647,1,0.0850822851061821,0.9149177074432372,True
5778,28.89,-0.10615241,-0.07457113,-0.062651865,-0.063740365,1,5776,28.88,28.886255025863647,1,0.0850822851061821,0.9149177074432372,True
5779,28.895,-0.076559134,-0.046367344,-0.03484468,-0.04463494,1,5776,28.88,28.886255025863647,1,0.0850822851061821,0.9149177074432372,True
5780,28.9,-0.034115665,-0.012370158,-0.005665847,-0.011772553,1,5780,28.9,28.903184413909912,1,0.2220771461725235,0.7779228091239929,True
5781,28.905,0.008404696,0.015922187,0.015952174,0.018923325,1,5780,28.9,28.903184413909912,1,0.2220771461725235,0.7779228091239929,True
5782,28.91,0.04363376,0.03516027,0.029632283,0.03744615,1,5780,28.9,28.903184413909912,1,0.2220771461725235,0.7779228091239929,True
5783,28.915,0.07012193,0.048296046,0.040112555,0.042885955,1,5780,28.9,28.903184413909912,1,0.2220771461725235,0.7779228091239929,True
5784,28.92,0.08665276,0.05659954,0.04876502,0.038650554,1,5784,28.92,28.92500877380371,1,0.1098294109106063,0.8901705741882324,True
5785,28.925,0.08828676,0.05522527,0.04941175,0.027041648,1,5784,28.92,28.92500877380371,1,0.1098294109106063,0.8901705741882324,True
5786,28.93,0.06998431,0.038068775,0.033958934,0.009343013,1,5784,28.92,28.92500877380371,1,0.1098294109106063,0.8901705741882324,True
5787,28.935,0.034451842,0.0070029018,0.0029107213,-0.010194054,1,5784,28.92,28.92500877380371,1,0.1098294109106063,0.8901705741882324,True
5788,28.94,-0.0049483143,-0.024892613,-0.030234063,-0.023005212,1,5788,28.94,28.943660736083984,1,0.2245779782533645,0.7754219770431519,True
5789,28.945,-0.031044569,-0.0407906,-0.046562362,-0.020835863,1,5788,28.94,28.943660736083984,1,0.2245779782533645,0.7754219770431519,True
5790,28.95,-0.034419097,-0.0323071,-0.035732344,-0.002580891,1,5788,28.94,28.943660736083984,1,0.2245779782533645,0.7754219770431519,True
5791,28.955,-0.019763848,-0.00591509,-0.0044288896,0.023263477,1,5788,28.94,28.943660736083984,1,0.2245779782533645,0.7754219770431519,True
5792,28.96,-0.0019540486,0.021431504,0.02785356,0.043005653,1,5792,28.96,28.97563624382019,1,0.2178994715213775,0.7821004986763,True
5793,28.965,0.0041976306,0.033198852,0.041883275,0.045296084,1,5792,28.96,28.97563624382019,1,0.2178994715213775,0.7821004986763,True
5794,28.97,-0.0076369946,0.022278843,0.03015079,0.026257703,1,5792,28.96,28.97563624382019,1,0.2178994715213775,0.7821004986763,True
5795,28.975,-0.033293582,-0.006799999,-0.0007114626,-0.009838274,1,5792,28.96,28.97563624382019,1,0.2178994715213775,0.7821004986763,True
5796,28.98,-0.061125774,-0.041270956,-0.035654247,-0.052446425,1,5796,28.98,28.985689401626587,1,0.2562651634216308,0.7437348961830139,True
5797,28.985,-0.07671166,-0.06556058,-0.05915876,-0.0872424,1,5796,28.98,28.985689401626587,1,0.2562651634216308,0.7437348961830139,True
5798,28.99,-0.06824294,-0.067049384,-0.061093386,-0.09993937,1,5796,28.98,28.985689401626587,1,0.2562651634216308,0.7437348961830139,True
5799,28.995,-0.03276379,-0.04188564,-0.039995924,-0.08245852,1,5796,28.98,28.985689401626587,1,0.2562651634216308,0.7437348961830139,True
5800,29.0,0.019428404,0.0013668113,-0.0040010638,-0.038849648,1,5800,29.0,29.002790927886963,1,0.3413630425930023,0.6586369276046753,True
5801,29.005,0.06743167,0.044349693,0.032001447,0.014595951,1,5800,29.0,29.002790927886963,1,0.3413630425930023,0.6586369276046753,True
5802,29.01,0.09085138,0.068664275,0.05354251,0.05750793,1,5800,29.0,29.002790927886963,1,0.3413630425930023,0.6586369276046753,True
5803,29.015,0.082454786,0.06675037,0.054406427,0.07686853,1,5800,29.0,29.002790927886963,1,0.3413630425930023,0.6586369276046753,True
5804,29.02,0.051923085,0.045189623,0.03905428,0.07283894,1,5804,29.02,29.027767419815063,1,0.2610106170177459,0.7389893531799316,True
5805,29.025,0.017217746,0.017740935,0.017456736,0.05486093,1,5804,29.02,29.027767419815063,1,0.2610106170177459,0.7389893531799316,True
5806,29.03,-0.008633173,-0.0052550794,-0.0027784582,0.03280418,1,5804,29.02,29.027767419815063,1,0.2610106170177459,0.7389893531799316,True
5807,29.035,-0.023720698,-0.021587778,-0.019594908,0.011671478,1,5804,29.02,29.027767419815063,1,0.2610106170177459,0.7389893531799316,True
5808,29.04,-0.032479793,-0.033094347,-0.032865047,-0.0066435155,1,5808,29.04,29.04299116134644,1,0.2531475722789764,0.746852457523346,True
5809,29.045,-0.03689591,-0.03889525,-0.03935104,-0.018960671,1,5808,29.04,29.04299116134644,1,0.2531475722789764,0.746852457523346,True
5810,29.05,-0.033549607,-0.03417551,-0.03313898,-0.020465339,1,5808,29.04,29.04299116134644,1,0.2531475722789764,0.746852457523346,True
5811,29.055,-0.019061925,-0.016114406,-0.012081541,-0.009698351,1,5808,29.04,29.04299116134644,1,0.2531475722789764,0.746852457523346,True
5812,29.06,0.0028039939,0.00966379,0.016596738,0.0067335158,1,5812,29.06,29.060805559158325,1,0.2658817768096924,0.7341182231903076,True
5813,29.065,0.020865155,0.02996545,0.038574398,0.016198292,1,5812,29.06,29.060805559158325,1,0.2658817768096924,0.7341182231903076,True
5814,29.07,0.024327029,0.032912966,0.042012077,0.008916253,1,5812,29.06,29.060805559158325,1,0.2658817768096924,0.7341182231903076,True
5815,29.075,0.011505748,0.017267762,0.026296364,-0.013509405,1,5812,29.06,29.060805559158325,1,0.2658817768096924,0.7341182231903076,True
5816,29.08,-0.00869073,-0.00624173,0.002256792,-0.037778866,1,5816,29.08,29.08705186843872,1,0.3641042709350586,0.6358957290649414,True
5817,29.085,-0.023532722,-0.022674713,-0.015947305,-0.047774207,1,5816,29.08,29.08705186843872,1,0.3641042709350586,0.6358957290649414,True
5818,29.09,-0.024957381,-0.022838427,-0.019968571,-0.03564961,1,5816,29.08,29.08705186843872,1,0.3641042709350586,0.6358957290649414,True
5819,29.095,-0.012892865,-0.0077041592,-0.010553989,-0.006596824,1,5816,29.08,29.08705186843872,1,0.3641042709350586,0.6358957290649414,True
5820,29.1,0.0072735054,0.014410144,0.0055656,0.02541868,1,5820,29.1,29.10299849510193,1,0.4043604433536529,0.5956395268440247,True
5821,29.105,0.02849851,0.033524577,0.020527892,0.046419293,1,5820,29.1,29.10299849510193,1,0.4043604433536529,0.5956395268440247,True
5822,29.11,0.04353479,0.041747667,0.02782294,0.048953958,1,5820,29.1,29.10299849510193,1,0.4043604433536529,0.5956395268440247,True
5823,29.115,0.045171656,0.034352824,0.022582099,0.033349067,1,5820,29.1,29.10299849510193,1,0.4043604433536529,0.5956395268440247,True
5824,29.12,0.028535364,0.01060909,0.002567755,0.0054741427,1,5824,29.12,29.12554216384888,0,0.5242635607719421,0.4757364690303802,False
5825,29.125,-0.004403389,-0.024326839,-0.028979506,-0.025810253,1,5824,29.12,29.12554216384888,0,0.5242635607719421,0.4757364690303802,False
5826,29.13,-0.042400952,-0.05867347,-0.06145536,-0.050646894,1,5824,29.12,29.12554216384888,0,0.5242635607719421,0.4757364690303802,False
5827,29.135,-0.06890199,-0.077766225,-0.07999972,-0.060862336,1,5824,29.12,29.12554216384888,0,0.5242635607719421,0.4757364690303802,False
5828,29.14,-0.071380295,-0.07198542,-0.0736989,-0.053565394,1,5828,29.14,29.14278793334961,0,0.5940030813217163,0.4059968590736389,False
5829,29.145,-0.049449816,-0.043492086,-0.043327834,-0.03320812,1,5828,29.14,29.14278793334961,0,0.5940030813217163,0.4059968590736389,False
5830,29.15,-0.015087752,-0.005641726,-0.0018517852,-0.009269366,1,5828,29.14,29.14278793334961,0,0.5940030813217163,0.4059968590736389,False
5831,29.155,0.015600053,0.02555585,0.03368427,0.009869369,1,5828,29.14,29.14278793334961,0,0.5940030813217163,0.4059968590736389,False
5832,29.16,0.032729138,0.041551188,0.052854884,0.022255663,1,5832,29.16,29.152847051620483,0,0.8365199565887451,0.1634800285100937,False
5833,29.165,0.03717851,0.044923145,0.05678504,0.03219776,1,5832,29.16,29.152847051620483,0,0.8365199565887451,0.1634800285100937,False
5834,29.17,0.036485057,0.04417745,0.053991683,0.04450419,1,5832,29.16,29.152847051620483,0,0.8365199565887451,0.1634800285100937,False
5835,29.175,0.036494963,0.044934377,0.051575344,0.058252685,1,5832,29.16,29.152847051620483,0,0.8365199565887451,0.1634800285100937,False
5836,29.18,0.03635788,0.04545752,0.049687743,0.06598209,1,5836,29.18,29.19305920600891,0,0.8512409925460815,0.1487590223550796,False
5837,29.185,0.030961476,0.039948292,0.043519527,0.059525926,1,5836,29.18,29.19305920600891,0,0.8512409925460815,0.1487590223550796,False
5838,29.19,0.017906163,0.025709968,0.029839253,0.037618447,1,5836,29.18,29.19305920600891,0,0.8512409925460815,0.1487590223550796,False
5839,29.195,0.0018387215,0.006911907,0.011113381,0.008354658,1,5836,29.18,29.19305920600891,0,0.8512409925460815,0.1487590223550796,False
5840,29.2,-0.008651078,-0.008807214,-0.0068885507,-0.016340774,1,5840,29.2,29.20276188850403,0,0.8644170165061951,0.1355829238891601,False
5841,29.205,-0.009220488,-0.017617159,-0.021230277,-0.030050147,1,5840,29.2,29.20276188850403,0,0.8644170165061951,0.1355829238891601,False
5842,29.21,-0.0052208602,-0.023366885,-0.03484941,-0.036853135,1,5840,29.2,29.20276188850403,0,0.8644170165061951,0.1355829238891601,False
5843,29.215,-0.008224732,-0.033698086,-0.05261681,-0.046883345,1,5840,29.2,29.20276188850403,0,0.8644170165061951,0.1355829238891601,False
5844,29.22,-0.025476487,-0.051480323,-0.073836096,-0.065561056,1,5844,29.22,29.225635290145878,0,0.884816586971283,0.1151834204792976,False
5845,29.225,-0.051380377,-0.0696061,-0.08897418,-0.08592564,1,5844,29.22,29.225635290145878,0,0.884816586971283,0.1151834204792976,False
5846,29.23,-0.06937119,-0.07462787,-0.085027024,-0.091648005,1,5844,29.22,29.225635290145878,0,0.884816586971283,0.1151834204792976,False
5847,29.235,-0.06365445,-0.056755032,-0.055685084,-0.06919025,1,5844,29.22,29.225635290145878,0,0.884816586971283,0.1151834204792976,False
5848,29.24,-0.031394184,-0.017929109,-0.007541245,-0.019323967,1,5848,29.24,29.24432611465454,0,0.8875899314880371,0.1124100536108017,False
5849,29.245,0.014577464,0.028490636,0.042992026,0.041429956,1,5848,29.24,29.24432611465454,0,0.8875899314880371,0.1124100536108017,False
5850,29.25,0.05425086,0.06562944,0.079176925,0.09035999,1,5848,29.24,29.24432611465454,0,0.8875899314880371,0.1124100536108017,False
5851,29.255,0.07284575,0.08213622,0.09217249,0.11139847,1,5848,29.24,29.24432611465454,0,0.8875899314880371,0.1124100536108017,False
5852,29.26,0.06790545,0.076408505,0.0828849,0.10215384,1,5852,29.26,29.27834391593933,0,0.8876777291297913,0.1123222634196281,False
5853,29.265,0.04750349,0.05489512,0.05853871,0.07197627,1,5852,29.26,29.27834391593933,0,0.8876777291297913,0.1123222634196281,False
5854,29.27,0.023136986,0.02747683,0.028391898,0.034789734,1,5852,29.26,29.27834391593933,0,0.8876777291297913,0.1123222634196281,False
5855,29.275,0.0034095352,0.0033075945,0.0012719008,0.002510664,1,5852,29.26,29.27834391593933,0,0.8876777291297913,0.1123222634196281,False
5856,29.28,-0.008249231,-0.011699264,-0.01588615,-0.018084386,1,5856,29.28,29.29287075996399,0,0.8712527751922607,0.128747209906578,False
5857,29.285,-0.012761943,-0.016271109,-0.02020933,-0.02589764,1,5856,29.28,29.29287075996399,0,0.8712527751922607,0.128747209906578,False
5858,29.29,-0.013839824,-0.014238094,-0.015111054,-0.025077648,1,5856,29.28,29.29287075996399,0,0.8712527751922607,0.128747209906578,False
5859,29.295,-0.016473997,-0.013064275,-0.0096785845,-0.023514945,1,5856,29.28,29.29287075996399,0,0.8712527751922607,0.128747209906578,False
5860,29.3,-0.024746923,-0.01983515,-0.013652372,-0.029263983,1,5860,29.3,29.30320429801941,0,0.884255588054657,0.1157444342970848,False
5861,29.305,-0.03903679,-0.036416184,-0.030639924,-0.04561544,1,5860,29.3,29.30320429801941,0,0.884255588054657,0.1157444342970848,False
5862,29.31,-0.054601204,-0.057280388,-0.05484529,-0.06791983,1,5860,29.3,29.30320429801941,0,0.884255588054657,0.1157444342970848,False
5863,29.315,-0.06346403,-0.072140284,-0.07426734,-0.0850319,1,5860,29.3,29.30320429801941,0,0.884255588054657,0.1157444342970848,False
5864,29.32,-0.058796182,-0.07172642,-0.0778904,-0.0850111,1,5864,29.32,29.326590061187744,0,0.8880268335342407,0.1119731590151786,False
5865,29.325,-0.03853767,-0.052519523,-0.0612697,-0.061521973,1,5864,29.32,29.326590061187744,0,0.8880268335342407,0.1119731590151786,False
5866,29.33,-0.0058401087,-0.017552836,-0.027116299,-0.017151946,1,5864,29.32,29.326590061187744,0,0.8880268335342407,0.1119731590151786,False
5867,29.335,0.03292368,0.025956102,0.017640203,0.037659325,1,5864,29.32,29.326590061187744,0,0.8880268335342407,0.1119731590151786,False
5868,29.34,0.070133574,0.06927999,0.06446194,0.08876133,1,5868,29.34,29.34183645248413,0,0.8856595158576965,0.1143405064940452,False
5869,29.345,0.09793897,0.103547186,0.10377513,0.12322762,1,5868,29.34,29.34183645248413,0,0.8856595158576965,0.1143405064940452,False
5870,29.35,0.10954488,0.12069072,0.12541874,0.13325663,1,5868,29.34,29.34183645248413,0,0.8856595158576965,0.1143405064940452,False
5871,29.355,0.10153575,0.11539305,0.12152079,0.11796103,1,5868,29.34,29.34183645248413,0,0.8856595158576965,0.1143405064940452,False
5872,29.36,0.0756032,0.087530464,0.0911177,0.08265158,1,5872,29.36,29.374351978302,0,0.8882550597190857,0.1117449328303337,False
5873,29.365,0.037537545,0.043012593,0.042514693,0.03616025,1,5872,29.36,29.374351978302,0,0.8882550597190857,0.1117449328303337,False
5874,29.37,-0.0058676195,-0.008157128,-0.009837503,-0.012281521,1,5872,29.36,29.374351978302,0,0.8882550597190857,0.1117449328303337,False
5875,29.375,-0.04881093,-0.055395626,-0.052592196,-0.05504905,1,5872,29.36,29.374351978302,0,0.8882550597190857,0.1117449328303337,False
5876,29.38,-0.08568291,-0.09039912,-0.079632655,-0.08661876,1,5876,29.38,29.39289331436157,0,0.8422219157218933,0.1577780097723007,False
5877,29.385,-0.10968652,-0.10829002,-0.0925078,-0.10337339,1,5876,29.38,29.39289331436157,0,0.8422219157218933,0.1577780097723007,False
5878,29.39,-0.11419772,-0.10757329,-0.095366254,-0.103605054,1,5876,29.38,29.39289331436157,0,0.8422219157218933,0.1577780097723007,False
5879,29.395,-0.096726455,-0.08974105,-0.089256324,-0.08780228,1,5876,29.38,29.39289331436157,0,0.8422219157218933,0.1577780097723007,False
5880,29.4,-0.061646923,-0.058811553,-0.07119068,-0.0588477,1,5880,29.4,29.40287613868713,0,0.8874639868736267,0.1125359535217285,False
5881,29.405,-0.01874097,-0.020838296,-0.039094195,-0.022019077,1,5880,29.4,29.40287613868713,0,0.8874639868736267,0.1125359535217285,False
5882,29.41,0.021024486,0.016506722,0.0018909476,0.01512743,1,5880,29.4,29.40287613868713,0,0.8874639868736267,0.1125359535217285,False
5883,29.415,0.048760444,0.044583667,0.03829174,0.043459404,1,5880,29.4,29.40287613868713,0,0.8874639868736267,0.1125359535217285,False
5884,29.42,0.05872005,0.055681735,0.055068918,0.054591242,1,5884,29.42,29.42551040649414,0,0.8824480175971985,0.1175520047545433,False
5885,29.425,0.049383618,0.04672316,0.046068724,0.045048255,1,5884,29.42,29.42551040649414,0,0.8824480175971985,0.1175520047545433,False
5886,29.43,0.02600604,0.023106117,0.020006705,0.020218343,1,5884,29.42,29.42551040649414,0,0.8824480175971985,0.1175520047545433,False
5887,29.435,0.0017872408,-0.0010556506,-0.0034720437,-0.0055890894,1,5884,29.42,29.42551040649414,0,0.8824480175971985,0.1175520047545433,False
5888,29.44,-0.006727816,-0.008932887,-0.0057263114,-0.015205818,1,5888,29.44,29.44413471221924,0,0.8872410655021667,0.112758956849575,False
5889,29.445,0.010344012,0.008874556,0.018980326,0.0014179621,1,5888,29.44,29.44413471221924,0,0.8872410655021667,0.112758956849575,False
5890,29.45,0.04780731,0.04674763,0.0596662,0.039593868,1,5888,29.44,29.44413471221924,0,0.8872410655021667,0.112758956849575,False
5891,29.455,0.086249776,0.085319854,0.095075205,0.08056945,1,5888,29.44,29.44413471221924,0,0.8872410655021667,0.112758956849575,False
5892,29.46,0.10276657,0.10179493,0.10547665,0.101028316,1,5892,29.46,29.47807216644287,0,0.8883448243141174,0.1116551533341407,False
5893,29.465,0.0839829,0.082637966,0.08214577,0.085609764,1,5892,29.46,29.47807216644287,0,0.8883448243141174,0.1116551533341407,False
5894,29.47,0.032518256,0.030466678,0.029941658,0.034746453,1,5892,29.46,29.47807216644287,0,0.8883448243141174,0.1116551533341407,False
5895,29.475,-0.03589431,-0.038198534,-0.0362548,-0.036041252,1,5892,29.46,29.47807216644287,0,0.8883448243141174,0.1116551533341407,False
5896,29.48,-0.100584306,-0.10133895,-0.09768952,-0.1035385,1,5896,29.48,29.49321222305298,0,0.8567171692848206,0.1432828605175018,False
5897,29.485,-0.14364769,-0.14038816,-0.13771555,-0.1461276,1,5896,29.48,29.49321222305298,0,0.8567171692848206,0.1432828605175018,False
5898,29.49,-0.15438342,-0.1458152,-0.14646192,-0.1510161,1,5896,29.48,29.49321222305298,0,0.8567171692848206,0.1432828605175018,False
5899,29.495,-0.13083535,-0.11839218,-0.12329113,-0.11761282,1,5896,29.48,29.49321222305298,0,0.8567171692848206,0.1432828605175018,False
5900,29.5,-0.07951633,-0.06711259,-0.07606845,-0.056735165,1,5900,29.5,29.502894163131717,0,0.8860868215560913,0.1139131635427475,False
5901,29.505,-0.013747353,-0.0055666515,-0.017673181,0.013672255,1,5900,29.5,29.502894163131717,0,0.8860868215560913,0.1139131635427475,False
5902,29.51,0.04932225,0.051477574,0.03801211,0.07454701,1,5900,29.5,29.502894163131717,0,0.8860868215560913,0.1139131635427475,False
5903,29.515,0.09312193,0.0908865,0.078938685,0.11133539,1,5900,29.5,29.502894163131717,0,0.8860868215560913,0.1139131635427475,False
5904,29.52,0.107435755,0.10443307,0.09728857,0.11795923,1,5904,29.52,29.52572774887085,0,0.8787035942077637,0.1212963908910751,False
5905,29.525,0.09371995,0.092622235,0.09249479,0.09847482,1,5904,29.52,29.52572774887085,0,0.8787035942077637,0.1212963908910751,False
5906,29.53,0.06570335,0.06605982,0.07290114,0.065340824,1,5904,29.52,29.52572774887085,0,0.8787035942077637,0.1212963908910751,False
5907,29.535,0.04209032,0.040665265,0.05225355,0.033534702,1,5904,29.52,29.52572774887085,0,0.8787035942077637,0.1212963908910751,False
5908,29.54,0.03445222,0.027761724,0.04095638,0.01257585,1,5908,29.54,29.54539656639099,0,0.8794816136360168,0.1205184236168861,False
5909,29.545,0.03931718,0.02618458,0.038290765,0.0016239462,1,5908,29.54,29.54539656639099,0,0.8794816136360168,0.1205184236168861,False
5910,29.55,0.04153102,0.02362369,0.032917503,-0.008155311,1,5908,29.54,29.54539656639099,0,0.8794816136360168,0.1205184236168861,False
5911,29.555,0.026472082,0.0069018384,0.0123150665,-0.025426174,1,5908,29.54,29.54539656639099,0,0.8794816136360168,0.1205184236168861,False
5912,29.56,-0.0091052065,-0.027146157,-0.026377495,-0.051347136,1,5912,29.56,29.57796430587769,0,0.8807795643806458,0.1192204877734184,False
5913,29.565,-0.05588554,-0.06897495,-0.07297806,-0.078806065,1,5912,29.56,29.57796430587769,0,0.8807795643806458,0.1192204877734184,False
5914,29.57,-0.09937843,-0.103104666,-0.11051233,-0.09778556,1,5912,29.56,29.57796430587769,0,0.8807795643806458,0.1192204877734184,False
5915,29.575,-0.12789571,-0.11775838,-0.12537912,-0.101388626,1,5912,29.56,29.57796430587769,0,0.8807795643806458,0.1192204877734184,False
5916,29.58,-0.13510633,-0.109710336,-0.113737315,-0.087955095,1,5916,29.58,29.593021631240845,0,0.8840847611427307,0.1159152835607528,False
5917,29.585,-0.118353605,-0.08244127,-0.08090904,-0.059512388,1,5916,29.58,29.593021631240845,0,0.8840847611427307,0.1159152835607528,False
5918,29.59,-0.07782513,-0.041708544,-0.03635443,-0.019850971,1,5916,29.58,29.593021631240845,0,0.8840847611427307,0.1159152835607528,False
5919,29.595,-0.018633444,0.006739749,0.01113863,0.025795061,1,5916,29.58,29.593021631240845,0,0.8840847611427307,0.1159152835607528,False
5920,29.6,0.04749812,0.05659496,0.05544095,0.0704977,1,5920,29.6,29.600008726119995,0,0.8829587697982788,0.1170412376523017,False
5921,29.605,0.10506905,0.100222416,0.09257998,0.106640354,1,5920,29.6,29.600008726119995,0,0.8829587697982788,0.1170412376523017,False
5922,29.61,0.14147554,0.12975535,0.11924564,0.12807548,1,5920,29.6,29.600008726119995,0,0.8829587697982788,0.1170412376523017,False
5923,29.615,0.15218925,0.13937183,0.1315535,0.13165519,1,5920,29.6,29.600008726119995,0,0.8829587697982788,0.1170412376523017,False
5924,29.62,0.14016898,0.12689947,0.12512666,0.117086865,1,5924,29.62,29.6283221244812,0,0.8876294493675232,0.1123705059289932,False
5925,29.625,0.11085449,0.09404772,0.097161755,0.08590948,1,5924,29.62,29.6283221244812,0,0.8876294493675232,0.1123705059289932,False
5926,29.63,0.06808487,0.04589277,0.049594212,0.04096531,1,5924,29.62,29.6283221244812,0,0.8876294493675232,0.1123705059289932,False
5927,29.635,0.01462145,-0.009844968,-0.009213139,-0.013202905,1,5924,29.62,29.6283221244812,0,0.8876294493675232,0.1123705059289932,False
5928,29.64,-0.044225693,-0.063935526,-0.06642257,-0.06966497,1,5928,29.64,29.645056009292603,0,0.8503609299659729,0.1496390700340271,False
5929,29.645,-0.098545305,-0.107365906,-0.10961267,-0.11909016,1,5928,29.64,29.645056009292603,0,0.8503609299659729,0.1496390700340271,False
5930,29.65,-0.13617894,-0.1330678,-0.13115828,-0.15109998,1,5928,29.64,29.645056009292603,0,0.8503609299659729,0.1496390700340271,False
5931,29.655,-0.14790756,-0.1368792,-0.12913318,-0.15710942,1,5928,29.64,29.645056009292603,0,0.8503609299659729,0.1496390700340271,False
5932,29.66,-0.13169675,-0.11795911,-0.10544207,-0.13393316,1,5932,29.66,29.67909860610962,0,0.8820158839225769,0.1179840788245201,False
5933,29.665,-0.09366995,-0.07959311,-0.06465143,-0.08637787,1,5932,29.66,29.67909860610962,0,0.8820158839225769,0.1179840788245201,False
5934,29.67,-0.04585237,-0.03019512,-0.015165258,-0.026630148,1,5932,29.66,29.67909860610962,0,0.8820158839225769,0.1179840788245201,False
5935,29.675,-0.001690799,0.017602537,0.030089367,0.030279173,1,5932,29.66,29.67909860610962,0,0.8820158839225769,0.1179840788245201,False
5936,29.68,0.029362567,0.051525753,0.0575516,0.072740495,1,5936,29.68,29.69292640686035,0,0.8698829412460327,0.1301170289516449,False
5937,29.685,0.04597743,0.06616087,0.061016,0.09666836,1,5936,29.68,29.69292640686035,0,0.8698829412460327,0.1301170289516449,False
5938,29.69,0.054939218,0.06637316,0.04732041,0.1050207,1,5936,29.68,29.69292640686035,0,0.8698829412460327,0.1301170289516449,False
5939,29.695,0.06593321,0.06378493,0.033082455,0.10368975,1,5936,29.68,29.69292640686035,0,0.8698829412460327,0.1301170289516449,False
5940,29.7,0.08387464,0.067910165,0.03302867,0.0969678,1,5940,29.7,29.708256483078003,0,0.8834958672523499,0.1165041327476501,False
5941,29.705,0.10401906,0.07839605,0.04866368,0.085298955,1,5940,29.7,29.708256483078003,0,0.8834958672523499,0.1165041327476501,False
5942,29.71,0.11350509,0.08446964,0.066799395,0.06592181,1,5940,29.7,29.708256483078003,0,0.8834958672523499,0.1165041327476501,False
5943,29.715,0.09869507,0.07240992,0.0695141,0.03551443,1,5940,29.7,29.708256483078003,0,0.8834958672523499,0.1165041327476501,False
5944,29.72,0.054130808,0.03593415,0.04762302,-0.0063911206,1,5944,29.72,29.74019694328308,0,0.8679278492927551,0.1320721805095672,False
5945,29.725,-0.012140878,-0.017936865,0.007003823,-0.054852303,1,5944,29.72,29.74019694328308,0,0.8679278492927551,0.1320721805095672,False
5946,29.73,-0.080571264,-0.07198083,-0.0366468,-0.09980779,1,5944,29.72,29.74019694328308,0,0.8679278492927551,0.1320721805095672,False
5947,29.735,-0.12906471,-0.10866855,-0.06917182,-0.12978992,1,5944,29.72,29.74019694328308,0,0.8679278492927551,0.1320721805095672,False
5948,29.74,-0.14359102,-0.11928938,-0.08523897,-0.13673864,1,5948,29.74,29.75615382194519,0,0.8712142109870911,0.1287857592105865,False
5949,29.745,-0.123451166,-0.10557496,-0.086261265,-0.11847194,1,5948,29.74,29.75615382194519,0,0.8712142109870911,0.1287857592105865,False
5950,29.75,-0.07831506,-0.0740999,-0.07337401,-0.0777992,1,5948,29.74,29.75615382194519,0,0.8712142109870911,0.1287857592105865,False
5951,29.755,-0.021141093,-0.030514522,-0.044672884,-0.02075203,1,5948,29.74,29.75615382194519,0,0.8712142109870911,0.1287857592105865,False
5952,29.76,0.035955664,0.019922083,-0.00084228785,0.04316676,1,5952,29.76,29.776499032974243,0,0.8765817880630493,0.12341820448637,False
5953,29.765,0.0806026,0.06703826,0.046859365,0.09946886,1,5952,29.76,29.776499032974243,0,0.8765817880630493,0.12341820448637,False
5954,29.77,0.099116206,0.09421335,0.07704049,0.13036038,1,5952,29.76,29.776499032974243,0,0.8765817880630493,0.12341820448637,False
5955,29.775,0.08169469,0.08653189,0.07085108,0.12246194,1,5952,29.76,29.776499032974243,0,0.8765817880630493,0.12341820448637,False
5956,29.78,0.031940598,0.043725964,0.027754176,0.076705776,1,5956,29.78,29.79374670982361,0,0.8862190842628479,0.1137808486819267,False
5957,29.785,-0.029167373,-0.014504701,-0.030072788,0.011867216,1,5956,29.78,29.79374670982361,0,0.8862190842628479,0.1137808486819267,False
5958,29.79,-0.072136804,-0.05811575,-0.070255056,-0.04336686,1,5956,29.78,29.79374670982361,0,0.8862190842628479,0.1137808486819267,False
5959,29.795,-0.07613869,-0.06509833,-0.070440315,-0.06571589,1,5956,29.78,29.79374670982361,0,0.8862190842628479,0.1137808486819267,False
5960,29.8,-0.041271053,-0.034277257,-0.030825097,-0.04960567,1,5960,29.8,29.80838418006897,0,0.8461114764213562,0.1538884788751602,False
5961,29.805,0.013397545,0.016394682,0.028699238,-0.008517442,1,5960,29.8,29.80838418006897,0,0.8461114764213562,0.1538884788751602,False
5962,29.81,0.06280633,0.062244333,0.08149234,0.033930983,1,5960,29.8,29.80838418006897,0,0.8461114764213562,0.1538884788751602,False
5963,29.815,0.08874103,0.08430536,0.10651141,0.05612855,1,5960,29.8,29.80838418006897,0,0.8461114764213562,0.1538884788751602,False
5964,29.82,0.084976874,0.07512132,0.09457209,0.04741952,1,5964,29.82,29.82577013969421,0,0.8868098855018616,0.113190084695816,False
5965,29.825,0.055909675,0.038943518,0.049946535,0.011533942,1,5964,29.82,29.82577013969421,0,0.8868098855018616,0.113190084695816,False
5966,29.83,0.013415682,-0.01037179,-0.010732495,-0.03550365,1,5964,29.82,29.82577013969421,0,0.8868098855018616,0.113190084695816,False
5967,29.835,-0.026497327,-0.05349079,-0.06350713,-0.07242107,1,5964,29.82,29.82577013969421,0,0.8868098855018616,0.113190084695816,False
5968,29.84,-0.04892298,-0.07305131,-0.08707602,-0.08259378,1,5968,29.84,29.84285569190979,0,0.8842965960502625,0.1157034337520599,False
5969,29.845,-0.047142327,-0.06248487,-0.07388937,-0.062302586,1,5968,29.84,29.84285569190979,0,0.8842965960502625,0.1157034337520599,False
5970,29.85,-0.02724923,-0.030379659,-0.034849152,-0.022455342,1,5968,29.84,29.84285569190979,0,0.8842965960502625,0.1157034337520599,False
5971,29.855,-0.0054174243,0.0040243124,0.006915224,0.017715571,1,5968,29.84,29.84285569190979,0,0.8842965960502625,0.1157034337520599,False
5972,29.86,0.0017489691,0.021984959,0.02951642,0.04104107,1,5972,29.86,29.87006640434265,0,0.8845413327217102,0.1154586970806121,False
5973,29.865,-0.012688565,0.015482044,0.023775999,0.040332753,1,5972,29.86,29.87006640434265,0,0.8845413327217102,0.1154586970806121,False
5974,29.87,-0.042255152,-0.009836397,-0.0040139398,0.020038908,1,5972,29.86,29.87006640434265,0,0.8845413327217102,0.1154586970806121,False
5975,29.875,-0.07132376,-0.039381944,-0.037618812,-0.00737464,1,5972,29.86,29.87006640434265,0,0.8845413327217102,0.1154586970806121,False
5976,29.88,-0.083779596,-0.057658523,-0.059675045,-0.027249381,1,5976,29.88,29.883599281311035,0,0.8813447952270508,0.1186552345752716,False
5977,29.885,-0.07075719,-0.05485574,-0.05894419,-0.028501187,1,5976,29.88,29.883599281311035,0,0.8813447952270508,0.1186552345752716,False
5978,29.89,-0.033873823,-0.02981534,-0.03376032,-0.008108548,1,5976,29.88,29.883599281311035,0,0.8813447952270508,0.1186552345752716,False
5979,29.895,0.01641145,0.010361903,0.008172419,0.026886757,1,5976,29.88,29.883599281311035,0,0.8813447952270508,0.1186552345752716,False
5980,29.9,0.06539894,0.052989,0.052717883,0.061352637,1,5980,29.9,29.906036376953125,0,0.8894230723381042,0.1105769574642181,False
5981,29.905,0.09937426,0.08391675,0.084318794,0.07840497,1,5980,29.9,29.906036376953125,0,0.8894230723381042,0.1105769574642181,False
5982,29.91,0.10971926,0.09231343,0.091813564,0.06756965,1,5980,29.9,29.906036376953125,0,0.8894230723381042,0.1105769574642181,False
5983,29.915,0.09506689,0.07483151,0.07272395,0.030176569,1,5980,29.9,29.906036376953125,0,0.8894230723381042,0.1105769574642181,False
5984,29.92,0.061577085,0.03757993,0.034164745,-0.020973787,1,5984,29.92,29.94283676147461,0,0.883598804473877,0.1164011657238006,False
5985,29.925,0.021511089,-0.0053297365,-0.009752527,-0.06694525,1,5984,29.92,29.94283676147461,0,0.883598804473877,0.1164011657238006,False
5986,29.93,-0.010317582,-0.036796637,-0.042901237,-0.090072475,1,5984,29.92,29.94283676147461,0,0.883598804473877,0.1164011657238006,False
5987,29.935,-0.022229394,-0.043841023,-0.05287047,-0.08055629,1,5984,29.92,29.94283676147461,0,0.883598804473877,0.1164011657238006,False
5988,29.94,-0.011724328,-0.024050822,-0.035919745,-0.04051045,1,5988,29.94,29.94788789749145,0,0.884398877620697,0.1156011372804641,False
5989,29.945,0.011431859,0.011738738,3.1825708e-05,0.015358913,1,5988,29.94,29.94788789749145,0,0.884398877620697,0.1156011372804641,False
5990,29.95,0.02837911,0.042958353,0.03640039,0.06364073,1,5988,29.94,29.94788789749145,0,0.884398877620697,0.1156011372804641,False
5991,29.955,0.021274151,0.049168386,0.05147436,0.08179681,1,5988,29.94,29.94788789749145,0,0.884398877620697,0.1156011372804641,False
5992,29.96,-0.014431377,0.02210186,0.03310839,0.060662948,1,5992,29.96,29.97511625289917,0,0.8866877555847168,0.1133121997117996,False
5993,29.965,-0.06458626,-0.02795713,-0.011584986,0.011709356,1,5992,29.96,29.97511625289917,0,0.8866877555847168,0.1133121997117996,False
5994,29.97,-0.10391751,-0.07740156,-0.0588219,-0.038458493,1,5992,29.96,29.97511625289917,0,0.8866877555847168,0.1133121997117996,False
5995,29.975,-0.11284407,-0.1038516,-0.08371092,-0.06485985,1,5992,29.96,29.97511625289917,0,0.8866877555847168,0.1133121997117996,False
5996,29.98,-0.09102849,-0.099558994,-0.07761884,-0.06033212,1,5996,29.98,29.994261264801025,0,0.8825985789299011,0.117401398718357,False
5997,29.985,-0.055981196,-0.07318959,-0.052257188,-0.037639316,1,5996,29.98,29.994261264801025,0,0.8825985789299011,0.117401398718357,False
5998,29.99,-0.026973438,-0.03926644,-0.026097683,-0.015166626,1,5996,29.98,29.994261264801025,0,0.8825985789299011,0.117401398718357,False
5999,29.995,-0.008608081,-0.0058385213,-0.006538605,0.00016706216,1,5996,29.98,29.994261264801025,0,0.8825985789299011,0.117401398718357,False
