wall_time_sec,end_sample,end_time_sec,pred_label,prob_Eyes Open,prob_Eyes Closed,true_label,valid_true_label,correct
3.1157031059265137,400,2.0,0,0.8905695676803589,0.1094303578138351,0,True,True
3.120293378829956,404,2.02,0,0.8870992064476013,0.112900786101818,0,True,True
3.1243345737457275,408,2.04,0,0.8782658576965332,0.1217341572046279,0,True,True
3.1288530826568604,412,2.06,0,0.888045072555542,0.1119548752903938,0,True,True
3.132845640182495,416,2.08,0,0.8878322839736938,0.1121677309274673,0,True,True
3.1370937824249268,420,2.1,0,0.8884923458099365,0.1115076765418052,0,True,True
3.1409308910369877,424,2.12,0,0.8789284229278564,0.1210715547204017,0,True,True
3.145930767059326,428,2.14,0,0.8648555874824524,0.13514444231987,0,True,True
3.149930000305176,432,2.16,0,0.8836552500724792,0.1163447201251983,0,True,True
3.153930425643921,436,2.18,0,0.8824886679649353,0.1175113543868064,0,True,True
3.158178329467773,440,2.2,0,0.8874335885047913,0.1125663965940475,0,True,True
3.1635568141937256,444,2.22,0,0.8838515877723694,0.1161484122276306,0,True,True
3.1675362586975098,448,2.24,0,0.889766275882721,0.110233686864376,0,True,True
3.1675362586975098,452,2.26,0,0.8903568387031555,0.1096431910991668,0,True,True
3.1748597621917725,456,2.28,0,0.8901844620704651,0.1098155006766319,0,True,True
3.176986694335937,460,2.3,0,0.8551148176193237,0.1448852270841598,0,True,True
3.176986694335937,464,2.32,0,0.8799867033958435,0.1200132966041565,0,True,True
3.176986694335937,468,2.34,0,0.8889800906181335,0.1110199689865112,0,True,True
3.192559003829956,472,2.36,0,0.8682926297187805,0.1317073404788971,0,True,True
3.192559003829956,476,2.38,0,0.8715276718139648,0.1284723579883575,0,True,True
3.192559003829956,480,2.4,0,0.8585816621780396,0.141418382525444,0,True,True
3.192559003829956,484,2.42,0,0.8746790885925293,0.1253209114074707,0,True,True
3.207240104675293,488,2.44,0,0.8778074383735657,0.1221925541758537,0,True,True
3.209904670715332,492,2.46,0,0.8879184722900391,0.1120815128087997,0,True,True
3.209904670715332,496,2.48,0,0.8478337526321411,0.1521662324666977,0,True,True
3.209904670715332,500,2.5,0,0.8838304281234741,0.1161695420742034,0,True,True
3.209904670715332,504,2.52,0,0.8858685493469238,0.1141315251588821,0,True,True
3.2266781330108643,508,2.54,0,0.8882765173912048,0.1117235049605369,0,True,True
3.231309175491333,512,2.56,0,0.8819926381111145,0.1180074214935302,0,True,True
3.2343909740448,516,2.58,0,0.8892530798912048,0.1107469350099563,0,True,True
3.2343909740448,520,2.6,0,0.8897521495819092,0.1102478802204132,0,True,True
3.2427821159362797,524,2.62,0,0.8880320191383362,0.1119679361581802,0,True,True
3.24613881111145,528,2.64,0,0.8893730044364929,0.1106270253658294,0,True,True
3.250147581100464,532,2.66,0,0.8899499773979187,0.1100500002503395,0,True,True
3.2546226978302,536,2.68,0,0.8824369311332703,0.1175630912184715,0,True,True
3.259339570999145,540,2.7,0,0.889535665512085,0.1104643642902374,0,True,True
3.2633395195007324,544,2.72,0,0.8906843662261963,0.1093155816197395,0,True,True
3.2668817043304443,548,2.74,0,0.890198290348053,0.1098017245531082,0,True,True
3.272165536880493,552,2.76,0,0.890077531337738,0.1099224016070365,0,True,True
3.276228427886963,556,2.78,0,0.888758659362793,0.1112413182854652,0,True,True
3.279372453689575,560,2.8,0,0.8826491236686707,0.1173509135842323,0,True,True
3.2833800315856934,564,2.82,0,0.8904992341995239,0.1095007881522178,0,True,True
3.287388801574707,568,2.84,0,0.8904677033424377,0.1095323711633682,0,True,True
3.292792320251465,572,2.86,0,0.8906567692756653,0.1093431860208511,0,True,True
3.2968382835388184,576,2.88,0,0.8851220607757568,0.1148779690265655,0,True,True
3.3008453845977783,580,2.9,0,0.8858392238616943,0.1141607165336608,0,True,True
3.304852247238159,584,2.92,0,0.8882018327713013,0.1117981672286987,0,True,True
3.309144973754883,588,2.94,0,0.8904940485954285,0.1095059737563133,0,True,True
3.313097715377808,592,2.96,0,0.8908608555793762,0.1091391295194625,0,True,True
3.317051887512207,596,2.98,0,0.8902693390846252,0.1097307205200195,0,True,True
3.3182177543640137,600,3.0,0,0.8712510466575623,0.1287489682435989,0,True,True
3.325904130935669,604,3.02,0,0.8868219256401062,0.1131780743598938,0,True,True
3.3288934230804443,608,3.04,0,0.8869718313217163,0.1130281761288642,0,True,True
3.3343098163604736,612,3.06,0,0.8900419473648071,0.109958030283451,0,True,True
3.337960720062256,616,3.08,0,0.8341553211212158,0.1658447086811065,0,True,True
3.343124866485596,620,3.1,0,0.8840376138687134,0.1159623488783836,0,True,True
3.343124866485596,624,3.12,0,0.8863215446472168,0.1136785075068473,0,True,True
3.343124866485596,628,3.14,0,0.8876876831054688,0.1123122945427894,0,True,True
3.343124866485596,632,3.16,0,0.8855699896812439,0.1144300028681755,0,True,True
3.3603641986846924,636,3.18,0,0.8900164365768433,0.1099835634231567,0,True,True
3.3645219802856445,640,3.2,0,0.8865978121757507,0.1134021803736686,0,True,True
3.366004943847656,644,3.22,0,0.8885908126831055,0.1114091873168945,0,True,True
3.366004943847656,648,3.24,0,0.8905874490737915,0.1094125881791114,0,True,True
3.3760671615600586,652,3.26,0,0.8906013369560242,0.1093986257910728,0,True,True
3.3760671615600586,656,3.28,0,0.8868000507354736,0.1131999269127845,0,True,True
3.3760671615600586,660,3.3,0,0.8841633796691895,0.1158365607261657,0,True,True
3.3760671615600586,664,3.32,0,0.8896582126617432,0.1103417724370956,0,True,True
3.392127275466919,668,3.34,0,0.8909612894058228,0.1090387478470802,0,True,True
3.394883871078491,672,3.36,0,0.8899253606796265,0.1100746840238571,0,True,True
3.394883871078491,676,3.38,0,0.8749424815177917,0.1250574886798858,0,True,True
3.394883871078491,680,3.4,0,0.8871713876724243,0.1128286495804786,0,True,True
3.4091837406158447,684,3.42,0,0.8880556225776672,0.1119443550705909,0,True,True
3.451282501220703,688,3.44,0,0.8864908814430237,0.1135091334581375,0,True,True
3.466868162155152,692,3.46,0,0.8891724944114685,0.110827513039112,0,True,True
3.474872589111328,696,3.48,0,0.889938473701477,0.1100615337491035,0,True,True
3.507046222686768,700,3.5,0,0.8619343638420105,0.1380656659603119,0,True,True
3.5226094722747803,704,3.52,0,0.8835203647613525,0.1164796724915504,0,True,True
3.547635793685913,708,3.54,0,0.8810617327690125,0.1189382821321487,0,True,True
3.5683536529541016,712,3.56,0,0.8874598741531372,0.1125401780009269,0,True,True
3.581057071685791,716,3.58,0,0.8595355749130249,0.1404644101858139,0,True,True
3.5939722061157227,720,3.6,0,0.8332647681236267,0.1667352169752121,0,True,True
3.6105313301086426,724,3.62,0,0.8752394914627075,0.1247605234384536,0,True,True
3.651393175125122,728,3.64,0,0.8798785209655762,0.1201214864850044,0,True,True
3.673330307006836,732,3.66,0,0.8620426058769226,0.1379574388265609,0,True,True
3.683581829071045,736,3.68,0,0.8813314437866211,0.1186685413122177,0,True,True
3.692824363708496,740,3.7,0,0.8808744549751282,0.119125485420227,0,True,True
3.718360424041748,744,3.72,0,0.8880969882011414,0.111903004348278,0,True,True
3.7440106868743896,748,3.74,0,0.8862136006355286,0.1137863770127296,0,True,True
3.75715446472168,752,3.76,0,0.8507921099662781,0.1492079049348831,0,True,True
3.782019853591919,756,3.78,0,0.8806766271591187,0.1193233653903007,0,True,True
3.801129102706909,760,3.8,0,0.8874949812889099,0.1125050336122512,0,True,True
3.816023826599121,764,3.82,0,0.8885648846626282,0.1114350631833076,0,True,True
3.8405628204345694,768,3.84,0,0.8863233327865601,0.1136767044663429,0,True,True
3.862038612365722,772,3.86,0,0.8834588527679443,0.116541139781475,0,True,True
3.875979661941528,776,3.88,0,0.8888204097747803,0.1111795827746391,0,True,True
3.900424003601074,780,3.9,0,0.8892809152603149,0.110719159245491,0,True,True
3.916539430618286,784,3.92,0,0.8384721875190735,0.1615278124809265,0,True,True
3.942307949066162,788,3.94,0,0.8863874077796936,0.1136126518249511,0,True,True
3.957611560821533,792,3.96,0,0.8795486092567444,0.1204513907432556,0,True,True
3.9763360023498535,796,3.98,0,0.8803276419639587,0.1196722909808158,0,True,True
4.001632452011108,800,4.0,0,0.8774250149726868,0.1225749105215072,0,True,True
4.025996685028076,804,4.02,0,0.886155903339386,0.1138440445065498,0,True,True
4.052079200744629,808,4.04,0,0.8740403056144714,0.1259597092866897,0,True,True
4.061574459075928,812,4.06,0,0.8772255778312683,0.1227743998169899,0,True,True
4.083204507827759,816,4.08,0,0.8885487914085388,0.1114512234926223,0,True,True
4.098958015441895,820,4.1,0,0.8865163922309875,0.1134836375713348,0,True,True
4.1256725788116455,824,4.12,0,0.872915506362915,0.1270845085382461,0,True,True
4.149251937866211,828,4.14,0,0.8818960785865784,0.1181038916110992,0,True,True
4.168295860290527,832,4.16,0,0.852313220500946,0.1476867944002151,0,True,True
4.181986331939697,836,4.18,0,0.8734170198440552,0.1265830248594284,0,True,True
4.190731525421143,840,4.2,0,0.8793993592262268,0.1206006109714508,0,True,True
4.216619729995728,844,4.22,0,0.8857501745223999,0.1142497882246971,0,True,True
4.242947340011597,848,4.24,0,0.8898861408233643,0.1101138293743133,0,True,True
4.2574217319488525,852,4.26,0,0.890140175819397,0.1098598167300224,0,True,True
4.275875568389893,856,4.28,0,0.8902548551559448,0.1097451299428939,0,True,True
4.29486608505249,860,4.3,0,0.8861770629882812,0.1138228997588157,0,True,True
4.317850112915039,864,4.32,0,0.8741475343704224,0.1258525401353836,0,True,True
4.341841697692871,868,4.34,0,0.8852971792221069,0.1147027537226677,0,True,True
4.366846561431885,872,4.36,0,0.8864629864692688,0.1135370135307312,0,True,True
4.394639730453491,876,4.38,0,0.8396077156066895,0.1603922694921493,0,True,True
4.409903526306152,880,4.4,0,0.8777526021003723,0.1222474128007888,0,True,True
4.43316388130188,884,4.42,0,0.886063814163208,0.1139362305402755,0,True,True
4.441593647003174,888,4.44,0,0.8812718391418457,0.1187281161546707,0,True,True
4.458648681640625,892,4.46,0,0.8882759213447571,0.1117240935564041,0,True,True
4.474115371704102,896,4.48,0,0.8535867929458618,0.1464132219552993,0,True,True
4.49313759803772,900,4.5,0,0.8861870765686035,0.1138128936290741,0,True,True
4.515777587890625,904,4.52,0,0.8729928135871887,0.1270072311162948,0,True,True
4.545987844467163,908,4.54,0,0.8810268044471741,0.1189731657505035,0,True,True
4.567286014556885,912,4.56,0,0.8738765120506287,0.1261234730482101,0,True,True
4.580580234527588,916,4.58,0,0.8808429837226868,0.1191569790244102,0,True,True
4.600010871887207,920,4.6,0,0.8861480355262756,0.1138519868254661,0,True,True
4.609290599822998,924,4.62,0,0.8882433772087097,0.1117565855383873,0,True,True
4.642384767532349,928,4.64,0,0.8895346522331238,0.1104653924703598,0,True,True
4.65930700302124,932,4.66,0,0.8904747366905212,0.1095252186059951,0,True,True
4.682997226715088,936,4.68,0,0.8892711997032166,0.110728807747364,0,True,True
4.697589635848999,940,4.7,0,0.8821491003036499,0.1178508847951889,0,True,True
4.717845678329468,944,4.72,0,0.8881388306617737,0.1118611469864845,0,True,True
4.739478826522827,948,4.74,0,0.8905457854270935,0.1094542816281318,0,True,True
4.75889253616333,952,4.76,0,0.8910125494003296,0.1089874804019928,0,True,True
4.775774717330933,956,4.78,0,0.8891140818595886,0.1108859106898307,0,True,True
4.792472839355469,960,4.8,0,0.8839508891105652,0.1160491332411766,0,True,True
4.807189226150513,964,4.82,0,0.8858968615531921,0.1141031235456466,0,True,True
4.8422393798828125,968,4.84,0,0.8903262615203857,0.1096737310290336,0,True,True
4.85727334022522,972,4.86,0,0.8906964659690857,0.1093035191297531,0,True,True
4.88295578956604,976,4.88,0,0.8882787823677063,0.1117212027311325,0,True,True
4.908608675003052,980,4.9,0,0.8899855613708496,0.1100143939256668,0,True,True
4.917010307312012,984,4.92,0,0.8829891681671143,0.1170108169317245,0,True,True
4.950230121612549,988,4.94,0,0.8893042802810669,0.1106957793235778,0,True,True
4.958274841308594,992,4.96,0,0.8902887105941772,0.1097112894058227,0,True,True
4.990672111511231,996,4.98,0,0.8890829682350159,0.1109169870615005,0,True,True
4.990672111511231,1000,5.0,0,0.8693628907203674,0.1306370347738266,0,True,True
5.007312774658203,1004,5.02,0,0.8891134858131409,0.1108865290880203,0,True,True
5.050887823104858,1008,5.04,0,0.889114260673523,0.1108857989311218,0,True,True
5.060407638549805,1012,5.06,0,0.8896802067756653,0.1103198304772377,0,True,True
5.074176073074341,1016,5.08,0,0.8869562745094299,0.1130437031388282,0,True,True
5.092426300048828,1020,5.1,0,0.8897102475166321,0.1102898120880127,0,True,True
5.117612600326538,1024,5.12,0,0.8908270001411438,0.1091730222105979,0,True,True
5.151667356491089,1028,5.14,0,0.8861663937568665,0.1138335764408111,0,True,True
5.159579277038574,1032,5.16,0,0.8887025117874146,0.1112974882125854,0,True,True
5.1761016845703125,1036,5.18,0,0.890279233455658,0.1097207963466644,0,True,True
5.200941801071167,1040,5.2,0,0.885300874710083,0.1146991252899169,0,True,True
5.224240303039551,1044,5.22,0,0.8799476623535156,0.1200523823499679,0,True,True
5.240589380264282,1048,5.24,0,0.8871323466300964,0.1128676161170005,0,True,True
5.266280889511108,1052,5.26,0,0.888744056224823,0.1112559661269187,0,True,True
5.284194707870483,1056,5.28,0,0.8864009380340576,0.1135990843176841,0,True,True
5.29743242263794,1060,5.3,0,0.8875572681427002,0.1124427765607833,0,True,True
5.327409744262695,1064,5.32,0,0.8704357743263245,0.1295642107725143,0,True,True
5.342928171157837,1068,5.34,0,0.8786405324935913,0.1213594675064086,0,True,True
5.368350505828857,1072,5.36,0,0.8835325837135315,0.1164674684405326,0,True,True
5.390652656555176,1076,5.38,0,0.8757960796356201,0.1242039278149604,0,True,True
5.407650232315064,1080,5.4,0,0.8843666911125183,0.1156333461403846,0,True,True
5.407650232315064,1084,5.42,0,0.8784804344177246,0.1215195059776306,0,True,True
5.451439142227173,1088,5.44,0,0.8855642080307007,0.1144358217716217,0,True,True
5.466264963150024,1092,5.46,0,0.8860045671463013,0.1139954552054405,0,True,True
5.476454257965088,1096,5.48,0,0.889396607875824,0.1106033772230148,0,True,True
5.492504358291626,1100,5.5,0,0.8875365853309631,0.1124634221196174,0,True,True
5.51852297782898,1104,5.52,0,0.88352370262146,0.11647629737854,0,True,True
5.540741443634033,1108,5.54,0,0.8783699870109558,0.1216300278902053,0,True,True
5.557190418243408,1112,5.56,0,0.8880891799926758,0.1119107902050018,0,True,True
5.5827813148498535,1116,5.58,0,0.8898597955703735,0.1101401448249816,0,True,True
5.608381509780884,1120,5.6,0,0.8901097774505615,0.1098902225494384,0,True,True
5.616962194442749,1124,5.62,0,0.8817383050918579,0.1182616651058197,0,True,True
5.64451003074646,1128,5.64,0,0.8863922357559204,0.1136077716946601,0,True,True
5.669553995132446,1132,5.66,0,0.8857659101486206,0.114234060049057,0,True,True
5.68198823928833,1136,5.68,0,0.8892108798027039,0.1107891350984573,0,True,True
5.691968202590942,1140,5.7,0,0.8898675441741943,0.110132485628128,0,True,True
5.709197044372559,1144,5.72,0,0.8729413151741028,0.127058669924736,0,True,True
5.751011848449707,1148,5.74,0,0.8889890313148499,0.1110109761357307,0,True,True
5.759293079376221,1152,5.76,0,0.8897255063056946,0.1102745085954666,0,True,True
5.783314943313599,1156,5.78,0,0.890292763710022,0.109707236289978,0,True,True
5.809051036834717,1160,5.8,0,0.8805983662605286,0.119401641190052,0,True,True
5.824065685272217,1164,5.82,0,0.8860113024711609,0.1139887422323226,0,True,True
5.842645406723023,1168,5.84,0,0.8896018862724304,0.1103981360793113,0,True,True
5.85929799079895,1172,5.86,0,0.8907160758972168,0.1092839241027832,0,True,True
5.883246898651123,1176,5.88,0,0.8868831992149353,0.1131167933344841,0,True,True
5.909411430358887,1180,5.9,0,0.8880781531333923,0.1119218170642852,0,True,True
5.917418479919434,1184,5.92,0,0.8836759924888611,0.1163239851593971,0,True,True
5.952179908752441,1188,5.94,0,0.88999342918396,0.1100066006183624,0,True,True
5.967007875442505,1192,5.96,0,0.8907465934753418,0.1092533320188522,0,True,True
5.981785774230957,1196,5.98,0,0.8883051872253418,0.1116948276758194,0,True,True
6.00739860534668,1200,6.0,0,0.8898882269859314,0.1101117804646492,0,True,True
6.023920774459839,1204,6.02,0,0.883894145488739,0.1161059066653251,0,True,True
6.044468879699707,1208,6.04,0,0.8900871872901917,0.1099127754569053,0,True,True
6.059282541275024,1212,6.06,0,0.890487790107727,0.1095121800899505,0,True,True
6.0826256275177,1216,6.08,0,0.8799456357955933,0.1200543642044067,0,True,True
6.107343435287476,1220,6.1,0,0.8823407888412476,0.1176592111587524,0,True,True
6.1178367137908936,1224,6.12,0,0.8891481757164001,0.110851839184761,0,True,True
6.140806198120117,1228,6.14,0,0.8864924907684326,0.1135075315833091,0,True,True
6.15721869468689,1232,6.16,0,0.8851012587547302,0.1148987710475921,0,True,True
6.182859420776367,1236,6.18,0,0.8736560940742493,0.1263439059257507,0,True,True
6.200849533081055,1240,6.2,0,0.8885766863822937,0.111423335969448,0,True,True
6.224071025848389,1244,6.22,0,0.8871378898620605,0.1128621324896812,0,True,True
6.240589618682861,1248,6.24,0,0.8838317394256592,0.116168238222599,0,True,True
6.259225130081177,1252,6.26,0,0.8879992961883545,0.1120006516575813,0,True,True
6.285776615142822,1256,6.28,0,0.8858414888381958,0.1141585335135459,0,True,True
6.297959327697754,1260,6.3,0,0.8897839188575745,0.1102160289883613,0,True,True
6.310740947723389,1264,6.32,0,0.8607557415962219,0.1392442286014557,0,True,True
6.352117538452148,1268,6.34,0,0.8876553773880005,0.1123445779085159,0,True,True
6.361830711364746,1272,6.36,0,0.8856224417686462,0.1143775656819343,0,True,True
6.384319305419922,1276,6.38,0,0.889551043510437,0.1104488968849182,0,True,True
6.401035308837891,1280,6.4,0,0.8471442461013794,0.1528556942939758,0,True,True
6.427472114562988,1284,6.42,0,0.846223771572113,0.1537762284278869,0,True,True
6.450249195098877,1288,6.44,0,0.8835147023200989,0.1164853572845459,0,True,True
6.4681360721588135,1292,6.46,0,0.8865188956260681,0.1134810820221901,0,True,True
6.484036445617676,1296,6.48,0,0.8872197866439819,0.1127802357077598,0,True,True
6.496780872344971,1300,6.5,0,0.8882325887680054,0.1117674261331558,0,True,True
6.508601427078247,1304,6.52,0,0.8833222985267639,0.116677738726139,0,True,True
6.54296350479126,1308,6.54,0,0.8895999193191528,0.1104000955820083,0,True,True
6.56746244430542,1312,6.56,0,0.88991779088974,0.1100822612643241,0,True,True
6.580474138259888,1316,6.58,0,0.8904514908790588,0.1095484495162963,0,True,True
6.598251104354858,1320,6.6,0,0.8874981999397278,0.1125018149614334,0,True,True
6.609305143356323,1324,6.62,0,0.883201003074646,0.1167989894747734,0,True,True
6.650749444961548,1328,6.64,0,0.8873742818832397,0.1126257926225662,0,True,True
6.658030033111572,1332,6.66,0,0.888770341873169,0.1112296804785728,0,True,True
6.676754474639893,1336,6.68,0,0.8903704881668091,0.1096294373273849,0,True,True
6.7011027336120605,1340,6.7,0,0.8839892745018005,0.1160107925534248,0,True,True
6.7251060009002686,1344,6.72,0,0.889250636100769,0.1107493713498115,0,True,True
6.740589380264282,1348,6.74,0,0.8897994160652161,0.1102005764842033,0,True,True
6.759311199188232,1352,6.76,0,0.8902844190597534,0.1097155585885047,0,True,True
6.785481214523315,1356,6.78,0,0.882856011390686,0.1171439588069915,0,True,True
6.79828953742981,1360,6.8,0,0.888416588306427,0.111583411693573,0,True,True
6.822197675704956,1364,6.82,0,0.887402355670929,0.1125976964831352,0,True,True
6.843425512313843,1368,6.84,0,0.8890761733055115,0.1109238415956497,0,True,True
6.862998008728027,1372,6.86,0,0.8906266689300537,0.1093732863664627,0,True,True
6.8753342628479,1376,6.88,0,0.8906104564666748,0.1093895658850669,0,True,True
6.916062116622925,1380,6.9,0,0.890566349029541,0.1094336435198783,0,True,True
6.916062116622925,1384,6.92,0,0.8791503310203552,0.1208497136831283,0,True,True
6.9407713413238525,1388,6.94,0,0.8880245685577393,0.1119754314422607,0,True,True
6.960108041763306,1392,6.96,0,0.8892495036125183,0.110750526189804,0,True,True
6.986371278762817,1396,6.98,0,0.8897033333778381,0.110296681523323,0,True,True
6.999759435653687,1400,7.0,0,0.8888736963272095,0.1111263036727905,0,True,True
7.025490045547485,1404,7.02,0,0.8799831867218018,0.1200167909264564,0,True,True
7.043919801712036,1408,7.04,0,0.8886798620223999,0.1113202050328254,0,True,True
7.070775747299194,1412,7.06,0,0.8896869421005249,0.1103130578994751,0,True,True
7.078063011169434,1416,7.08,0,0.8843289017677307,0.1156711131334304,0,True,True
7.102940320968628,1420,7.1,0,0.8887202143669128,0.1112798005342483,0,True,True
7.114829778671265,1424,7.12,0,0.885414183139801,0.1145858317613601,0,True,True
7.142129182815552,1428,7.14,0,0.8895866274833679,0.110413372516632,0,True,True
7.16203236579895,1432,7.16,0,0.8912732601165771,0.108726754784584,0,True,True
7.185436010360718,1436,7.18,0,0.8892173767089844,0.110782615840435,0,True,True
7.200596332550049,1440,7.2,0,0.8886561989784241,0.1113437563180923,0,True,True
7.229688167572021,1444,7.22,0,0.8606504201889038,0.1393495798110962,0,True,True
7.251042366027832,1448,7.24,0,0.8870090842247009,0.1129909381270408,0,True,True
7.266157865524292,1452,7.26,0,0.8890865445137024,0.1109134927392005,0,True,True
7.275980949401855,1456,7.28,0,0.887679934501648,0.112320102751255,0,True,True
7.293913125991821,1460,7.3,0,0.8879349231719971,0.1120650768280029,0,True,True
7.309634923934936,1464,7.32,0,0.8847156763076782,0.1152842938899993,0,True,True
7.350812435150146,1468,7.34,0,0.8896060585975647,0.1103939786553382,0,True,True
7.366037130355835,1472,7.36,0,0.8887458443641663,0.1112542003393173,0,True,True
7.377722024917602,1476,7.38,0,0.8871710896492004,0.1128289327025413,0,True,True
7.393026828765869,1480,7.4,0,0.889197587966919,0.110802449285984,0,True,True
7.418259143829346,1484,7.42,0,0.8680257797241211,0.1319742351770401,0,True,True
7.447248697280884,1488,7.44,0,0.8868682384490967,0.1131317317485809,0,True,True
7.454915761947632,1492,7.46,0,0.8886479139328003,0.1113520935177803,0,True,True
7.476415634155273,1496,7.48,0,0.8895147442817688,0.1104852259159088,0,True,True
7.499831914901733,1500,7.5,0,0.8831521272659302,0.1168478578329086,0,True,True
7.53149938583374,1504,7.52,0,0.8898439407348633,0.1101560369133949,0,True,True
7.5488855838775635,1508,7.54,0,0.8893786668777466,0.1106212958693504,0,True,True
7.5673911571502686,1512,7.56,0,0.8905698657035828,0.109430156648159,0,True,True
7.575833082199097,1516,7.58,0,0.8892633318901062,0.1107366234064102,0,True,True
7.600904226303101,1520,7.6,0,0.8897961974143982,0.1102038323879242,0,True,True
7.629515409469604,1524,7.62,0,0.8824862241744995,0.117513783276081,0,True,True
7.6482508182525635,1528,7.64,0,0.8901038765907288,0.1098961010575294,0,True,True
7.659709692001343,1532,7.66,0,0.8904913067817688,0.1095087379217147,0,True,True
7.679683446884155,1536,7.68,0,0.8791950345039368,0.1208049580454826,0,True,True
7.702020645141602,1540,7.7,0,0.8888851404190063,0.1111149340867996,0,True,True
7.730923652648926,1544,7.72,0,0.8894006609916687,0.1105993688106536,0,True,True
7.733762741088867,1548,7.74,0,0.8863058090209961,0.1136942133307457,0,True,True
7.764107704162598,1552,7.76,0,0.8881499171257019,0.1118501052260398,0,True,True
7.790454149246216,1556,7.78,0,0.8907015919685364,0.1092983856797218,0,True,True
7.800824403762817,1560,7.8,0,0.8903252482414246,0.1096747815608978,0,True,True
7.817180395126343,1564,7.82,0,0.8802365064620972,0.1197634786367416,0,True,True
7.843871116638184,1568,7.84,0,0.8864208459854126,0.1135792136192321,0,True,True
7.865617752075195,1572,7.86,0,0.8902397155761719,0.1097602248191833,0,True,True
7.883672714233398,1576,7.88,0,0.8903297781944275,0.1096702441573143,0,True,True
7.893696546554565,1580,7.9,0,0.8778754472732544,0.1221245750784874,0,True,True
7.918919563293457,1584,7.92,0,0.8851942420005798,0.1148057132959365,0,True,True
7.94378662109375,1588,7.94,0,0.8898605704307556,0.1101394444704055,0,True,True
7.963888168334961,1592,7.96,0,0.8898972272872925,0.1101027578115463,0,True,True
7.983656167984009,1596,7.98,0,0.8880469799041748,0.1119530349969863,0,True,True
7.99831748008728,1600,8.0,0,0.8775283694267273,0.1224715858697891,0,True,True
8.027350902557373,1604,8.02,0,0.8896529674530029,0.1103470474481582,0,True,True
8.048568487167358,1608,8.04,0,0.8896785378456116,0.1103214621543884,0,True,True
8.060002565383911,1612,8.06,0,0.8900614976882935,0.1099385023117065,0,True,True
8.085563898086548,1616,8.08,0,0.8670315146446228,0.1329684853553772,0,True,True
8.103966236114502,1620,8.1,0,0.885830283164978,0.1141697466373443,0,True,True
8.118701457977295,1624,8.12,0,0.8891355395317078,0.1108644232153892,0,True,True
8.149630069732666,1628,8.14,0,0.889375627040863,0.1106243506073951,0,True,True
8.162248849868774,1632,8.16,0,0.8823457956314087,0.1176542416214943,0,True,True
8.184529304504395,1636,8.18,0,0.8742435574531555,0.1257564723491668,0,True,True
8.200924396514893,1640,8.2,0,0.8877884149551392,0.1122116073966026,0,True,True
8.216494083404541,1644,8.22,0,0.8888890743255615,0.1111109405755996,0,True,True
8.248015403747559,1648,8.24,0,0.890099287033081,0.1099007725715637,0,True,True
8.265851497650146,1652,8.26,0,0.8890390396118164,0.1109609976410865,0,True,True
8.283870697021484,1656,8.28,0,0.888131320476532,0.1118686944246292,0,True,True
8.307482242584229,1660,8.3,0,0.8822102546691895,0.1177897825837135,0,True,True
8.3255615234375,1664,8.32,0,0.8646345138549805,0.1353655010461807,0,True,True
8.343753814697266,1668,8.34,0,0.8876665830612183,0.1123334541916847,0,True,True
8.359682321548462,1672,8.36,0,0.8891264796257019,0.1108734980225563,0,True,True
8.38370418548584,1676,8.38,0,0.8872261643409729,0.1127738431096077,0,True,True
8.402129411697388,1680,8.4,0,0.8711639046669006,0.1288361400365829,0,True,True
8.432238578796387,1684,8.42,0,0.874721884727478,0.1252781599760055,0,True,True
8.44688105583191,1688,8.44,0,0.8892384767532349,0.1107615604996681,0,True,True
8.463830947875977,1692,8.46,0,0.8772773742675781,0.1227225810289383,0,True,True
8.485059976577759,1696,8.48,0,0.885988175868988,0.1140118315815925,0,True,True
8.501063823699951,1700,8.5,0,0.8723152279853821,0.1276847422122955,0,True,True
8.529749393463135,1704,8.52,0,0.8807951211929321,0.1192049011588096,0,True,True
8.54369306564331,1708,8.54,0,0.8863301873207092,0.1136697977781295,0,True,True
8.55888819694519,1712,8.56,0,0.8893799185752869,0.1106201633810997,0,True,True
8.590644836425781,1716,8.58,0,0.886883020401001,0.113116979598999,0,True,True
8.59878945350647,1720,8.6,0,0.8810009956359863,0.1189990192651748,0,True,True
8.614200592041016,1724,8.62,0,0.8712700605392456,0.1287299841642379,0,True,True
8.643773555755615,1728,8.64,0,0.8878201842308044,0.1121798381209373,0,True,True
8.66865611076355,1732,8.66,0,0.8866205811500549,0.1133794337511062,0,True,True
8.684826612472534,1736,8.68,0,0.8881896734237671,0.1118102744221687,0,True,True
8.70433521270752,1740,8.7,0,0.8259519934654236,0.174047976732254,0,True,True
8.71820855140686,1744,8.72,0,0.8873199224472046,0.1126800701022148,0,True,True
8.745692253112793,1748,8.74,0,0.8178960084915161,0.1821040511131286,0,True,True
8.768426418304443,1752,8.76,0,0.8360626697540283,0.1639373153448104,0,True,True
8.777570247650146,1756,8.78,1,0.1502814590930938,0.8497185111045837,0,True,False
8.798856496810913,1760,8.8,0,0.8733959197998047,0.1266040802001953,0,True,True
8.832710266113281,1764,8.82,1,0.0381181240081787,0.9618818163871764,0,True,False
8.848294258117676,1768,8.84,1,0.1068065315485,0.8931934833526611,0,True,False
8.860965251922607,1772,8.86,1,0.0242430977523326,0.975756824016571,0,True,False
8.88118290901184,1776,8.88,1,0.0320394560694694,0.9679604768753052,0,True,False
8.89961290359497,1780,8.9,1,0.0365573614835739,0.9634426236152648,0,True,False
8.934625625610352,1784,8.92,1,0.0425650440156459,0.9574350118637084,0,True,False
8.943760633468628,1788,8.94,1,0.0249882601201534,0.975011706352234,0,True,False
8.971009731292725,1792,8.96,1,0.0237509105354547,0.976249098777771,0,True,False
8.98398208618164,1796,8.98,1,0.0384387224912643,0.9615613222122192,0,True,False
8.999224424362183,1800,9.0,1,0.0355220437049865,0.9644779562950134,0,True,False
9.034006834030151,1804,9.02,1,0.0384360961616039,0.9615638256072998,0,True,False
9.044689178466797,1808,9.04,1,0.0231745708733797,0.976825475692749,0,True,False
9.0638587474823,1812,9.06,1,0.0393583998084068,0.960641622543335,0,True,False
9.086632251739502,1816,9.08,1,0.0345468632876873,0.9654531478881836,0,True,False
9.100619077682495,1820,9.1,1,0.0488506406545639,0.95114928483963,0,True,False
9.119282960891724,1824,9.12,1,0.0235919579863548,0.976408064365387,0,True,False
9.151907444000244,1828,9.14,1,0.0247441139072179,0.9752559065818788,0,True,False
9.16808295249939,1832,9.16,1,0.0376109629869461,0.9623889923095704,0,True,False
9.18796157836914,1836,9.18,1,0.0381104461848735,0.9618895649909972,0,True,False
9.20275855064392,1840,9.2,1,0.0271489601582288,0.9728509783744812,0,True,False
9.23378562927246,1844,9.22,1,0.0235634036362171,0.9764366149902344,0,True,False
9.252755403518677,1848,9.24,1,0.0405443049967289,0.959455668926239,0,True,False
9.26396369934082,1852,9.26,1,0.0393154770135879,0.9606845378875732,0,True,False
9.28582239151001,1856,9.28,1,0.0743185132741928,0.925681471824646,0,True,False
9.299988031387327,1860,9.3,1,0.0242146234959363,0.9757853150367736,0,True,False
9.314486503601074,1864,9.32,1,0.05612163990736,0.943878412246704,0,True,False
9.353933811187744,1868,9.34,1,0.0394182689487934,0.9605817794799804,0,True,False
9.371643781661987,1872,9.36,1,0.0383267551660537,0.9616732001304626,0,True,False
9.386088132858276,1876,9.38,1,0.0346923172473907,0.9653077125549316,0,True,False
9.400882720947266,1880,9.4,1,0.0660019963979721,0.9339980483055116,0,True,False
9.433892726898192,1884,9.42,1,0.0385043211281299,0.9614956378936768,0,True,False
9.451804399490356,1888,9.44,1,0.0423455648124218,0.957654356956482,0,True,False
9.468268871307371,1892,9.46,1,0.0267010834068059,0.9732988476753236,0,True,False
9.487813711166382,1896,9.48,1,0.0507284440100193,0.9492715001106262,0,True,False
9.502103805541992,1900,9.5,1,0.0399992652237415,0.9600006937980652,0,True,False
9.518850088119509,1904,9.52,1,0.0820555016398429,0.9179444909095764,1,True,True
9.543664455413818,1908,9.54,1,0.0246830396354198,0.9753170013427734,1,True,True
9.564944744110107,1912,9.56,1,0.0607523918151855,0.9392476081848145,1,True,True
9.583954334259031,1916,9.58,1,0.0355010144412517,0.9644989371299744,1,True,True
9.603931665420532,1920,9.6,1,0.0842998996376991,0.915700137615204,1,True,True
9.617966413497925,1924,9.62,1,0.0229009017348289,0.9770991206169128,1,True,True
9.642367839813232,1928,9.64,1,0.0271934922784566,0.9728065133094788,1,True,True
9.668505430221558,1932,9.66,1,0.034594289958477,0.9654057025909424,1,True,True
9.69095253944397,1936,9.68,1,0.0362350493669509,0.9637649059295654,1,True,True
9.703686237335203,1940,9.7,1,0.0256841145455837,0.9743158221244812,1,True,True
9.715677976608276,1944,9.72,1,0.0227166377007961,0.9772832989692688,1,True,True
9.75312852859497,1948,9.74,1,0.0588186420500278,0.9411813020706176,1,True,True
9.767483234405518,1952,9.76,1,0.0339514724910259,0.966048538684845,1,True,True
9.783782720565796,1956,9.78,1,0.0568914227187633,0.9431084990501404,1,True,True
9.802802324295044,1960,9.8,1,0.0233191270381212,0.9766809344291688,1,True,True
9.81831693649292,1964,9.82,1,0.0248272735625505,0.9751726984977722,1,True,True
9.853670120239258,1968,9.84,1,0.0373791977763175,0.9626207947731018,1,True,True
9.870832204818726,1972,9.86,1,0.0393202565610408,0.960679829120636,1,True,True
9.884081602096558,1976,9.88,1,0.0896627679467201,0.910337209701538,1,True,True
9.902948141098022,1980,9.9,1,0.0251834373921155,0.9748165011405944,1,True,True
9.93368935585022,1984,9.92,1,0.0699555426836013,0.930044412612915,1,True,True
9.94913935661316,1988,9.94,1,0.0383914820849895,0.9616084694862366,1,True,True
9.963980913162231,1992,9.96,1,0.046704638749361,0.953295350074768,1,True,True
9.985698461532593,1996,9.98,1,0.0316057503223419,0.9683942794799804,1,True,True
9.999460697174072,2000,10.0,1,0.0757869184017181,0.9242130517959596,1,True,True
10.019561529159546,2004,10.02,1,0.0373619347810745,0.9626380801200868,1,True,True
10.048438549041748,2008,10.04,1,0.0408457703888416,0.9591541886329652,1,True,True
10.059245347976685,2012,10.06,1,0.0245526600629091,0.9754472970962524,1,True,True
10.086289644241331,2016,10.08,1,0.067521795630455,0.932478129863739,1,True,True
10.102348804473875,2020,10.1,1,0.0369026064872741,0.9630973935127258,1,True,True
10.11847972869873,2024,10.12,1,0.0608720257878303,0.9391279220581056,1,True,True
10.15293574333191,2028,10.14,1,0.0255838111042976,0.974416196346283,1,True,True
10.170137643814089,2032,10.16,1,0.0262861475348472,0.9737138152122498,1,True,True
10.187973976135254,2036,10.18,1,0.0408004187047481,0.959199607372284,1,True,True
10.20441484451294,2040,10.2,1,0.0388703495264053,0.961129665374756,1,True,True
10.216405153274536,2044,10.22,1,0.0602917894721031,0.9397082328796388,1,True,True
10.247275352478027,2048,10.24,1,0.0247717443853616,0.9752282500267028,1,True,True
10.266157627105711,2052,10.26,1,0.0709564313292503,0.9290436506271362,1,True,True
10.281192302703856,2056,10.28,1,0.0381588414311409,0.9618411064147948,1,True,True
10.293808937072754,2060,10.3,1,0.0614186264574527,0.93858140707016,1,True,True
10.316632509231567,2064,10.32,1,0.0248219612985849,0.9751780033111572,1,True,True
10.35366916656494,2068,10.34,1,0.0410650596022605,0.9589349031448364,1,True,True
10.366636276245115,2072,10.36,1,0.0417578294873237,0.9582421779632568,1,True,True
10.384153366088867,2076,10.38,1,0.0380651801824569,0.9619348049163818,1,True,True
10.40373182296753,2080,10.4,1,0.0319926068186759,0.9680073857307434,1,True,True
10.41879153251648,2084,10.42,1,0.024958798661828,0.9750412106513976,1,True,True
10.45367193222046,2088,10.44,1,0.0769995599985122,0.9230003952980042,1,True,True
10.468433141708374,2092,10.46,1,0.0396499522030353,0.9603500962257384,1,True,True
10.48380446434021,2096,10.48,1,0.0735875517129898,0.9264124035835266,1,True,True
10.504002571105955,2100,10.5,1,0.0271464381366968,0.9728536009788512,1,True,True
10.516890525817873,2104,10.52,1,0.0482886470854282,0.9517112970352172,1,True,True
10.551756143569946,2108,10.54,1,0.0422478280961513,0.9577521085739136,1,True,True
10.565712451934814,2112,10.56,1,0.0445608757436275,0.9554390907287598,1,True,True
10.58410358428955,2116,10.58,1,0.0547569170594215,0.9452430605888368,1,True,True
10.603746891021729,2120,10.6,1,0.0282647516578435,0.9717352986335754,1,True,True
10.618952512741089,2124,10.62,1,0.1030844077467918,0.8969155550003052,1,True,True
10.652552127838137,2128,10.64,1,0.0433709248900413,0.9566290974617004,1,True,True
10.66451382637024,2132,10.66,1,0.0947642400860786,0.905235767364502,1,True,True
10.68598246574402,2136,10.68,1,0.0376166440546512,0.9623833894729614,1,True,True
10.70763349533081,2140,10.7,1,0.1329323947429657,0.8670675754547119,1,True,True
10.716820240020752,2144,10.72,1,0.0489250086247921,0.95107501745224,1,True,True
10.74617338180542,2148,10.74,1,0.093876264989376,0.906123697757721,1,True,True
10.760875701904297,2152,10.76,1,0.0311944894492626,0.9688055515289308,1,True,True
10.784173011779783,2156,10.78,1,0.0903022810816764,0.9096977114677428,1,True,True
10.80260181427002,2160,10.8,1,0.0400853529572486,0.9599146842956544,1,True,True
10.818713426589966,2164,10.82,1,0.0842812284827232,0.9157187938690186,1,True,True
10.844125986099243,2168,10.84,1,0.0296539608389139,0.9703460931777954,1,True,True
10.863856792449951,2172,10.86,1,0.0378945842385292,0.9621054530143738,1,True,True
10.883974313735962,2176,10.88,1,0.0521366111934185,0.9478633999824524,1,True,True
10.910061120986938,2180,10.9,1,0.0376891978085041,0.9623108506202698,1,True,True
10.916528701782228,2184,10.92,1,0.0294254589825868,0.9705745577812196,1,True,True
10.94989824295044,2188,10.94,1,0.0251995418220758,0.9748004078865052,1,True,True
10.966455459594728,2192,10.96,1,0.0736913233995437,0.9263086915016174,1,True,True
10.981976747512816,2196,10.98,1,0.0360212996602058,0.96397864818573,1,True,True
11.016625165939333,2200,11.0,1,0.0659688711166381,0.934031069278717,1,True,True
11.033095598220823,2204,11.02,1,0.0248843524605035,0.9751156568527222,1,True,True
11.04373550415039,2208,11.04,1,0.0848408043384552,0.9151591658592224,1,True,True
11.065333604812622,2212,11.06,1,0.0962759554386138,0.9037240743637084,1,True,True
11.100854873657228,2216,11.08,1,0.0356840156018734,0.9643160104751588,1,True,True
11.107383489608765,2220,11.1,1,0.0331373512744903,0.966862678527832,1,True,True
11.134167909622192,2224,11.12,1,0.0235035642981529,0.976496398448944,1,True,True
11.152580738067629,2228,11.14,1,0.0637680664658546,0.9362319111824036,1,True,True
11.175822019577026,2232,11.16,1,0.03664356097579,0.9633564352989196,1,True,True
11.18788480758667,2236,11.18,1,0.0431954264640808,0.9568045735359192,1,True,True
11.21256709098816,2240,11.2,1,0.024945231154561,0.9750548005104064,1,True,True
11.223120212554932,2244,11.22,1,0.0245484579354524,0.9754515290260316,1,True,True
11.244152069091797,2248,11.24,1,0.040055826306343,0.9599441289901732,1,True,True
11.264084339141846,2252,11.26,1,0.0382437109947204,0.9617563486099244,1,True,True
11.28388524055481,2256,11.28,1,0.088669016957283,0.911331057548523,1,True,True
11.303961277008057,2260,11.3,1,0.0239993780851364,0.9760006070137024,1,True,True
11.316612005233765,2264,11.32,1,0.0621046610176563,0.9378952980041504,1,True,True
11.352638959884644,2268,11.34,1,0.0374376475811004,0.962562382221222,1,True,True
11.36552882194519,2272,11.36,1,0.0476458892226219,0.9523540735244752,1,True,True
11.383017778396606,2276,11.38,1,0.0270231030881404,0.9729769229888916,1,True,True
11.398419857025146,2280,11.4,1,0.0294601377099752,0.9705398678779602,1,True,True
11.424715280532835,2284,11.42,1,0.0663570314645767,0.9336429238319396,1,True,True
11.448912382125854,2288,11.44,1,0.037654485553503,0.962345540523529,1,True,True
11.470384120941162,2292,11.46,1,0.0513728372752666,0.948627233505249,1,True,True
11.486038446426392,2296,11.48,1,0.0281248725950717,0.9718751311302184,1,True,True
11.505152940750122,2300,11.5,1,0.093776449561119,0.9062235951423644,1,True,True
11.516442775726318,2304,11.52,1,0.0437414981424808,0.9562585353851318,1,True,True
11.543906927108765,2308,11.54,1,0.1249319240450859,0.8750680685043335,0,True,False
11.56994342803955,2312,11.56,1,0.0327104404568672,0.9672895669937134,0,True,False
11.58479070663452,2316,11.58,1,0.0564816668629646,0.9435182809829712,0,True,False
11.594091653823853,2320,11.6,1,0.0620029903948307,0.937997043132782,0,True,False
11.617141485214232,2324,11.62,1,0.1456945240497589,0.8543054461479187,0,True,False
11.6416494846344,2328,11.64,1,0.0294630248099565,0.9705369472503662,0,True,False
11.670324802398682,2332,11.66,1,0.1061664596199989,0.8938335180282593,0,True,False
11.683719635009766,2336,11.68,1,0.0418502390384674,0.958149790763855,0,True,False
11.698962211608888,2340,11.7,1,0.0566895939409732,0.9433104395866394,0,True,False
11.725380182266235,2344,11.72,1,0.0298389215022325,0.9701610207557678,0,True,False
11.750150442123411,2348,11.74,1,0.0288036819547414,0.9711962938308716,0,True,False
11.766033411026,2352,11.76,1,0.0452536679804325,0.9547463059425354,0,True,False
11.79188108444214,2356,11.78,1,0.0383209064602851,0.9616791605949402,0,True,False
11.807430505752563,2360,11.8,1,0.0531500987708568,0.9468498826026917,0,True,False
11.8369243144989,2364,11.82,1,0.0241822954267263,0.9758176803588868,0,True,False
11.852041721343994,2368,11.84,1,0.0375391580164432,0.96246075630188,0,True,False
11.87017011642456,2372,11.86,1,0.0359585843980312,0.9640413522720336,0,True,False
11.884137868881226,2376,11.88,1,0.044875118881464,0.9551249146461488,0,True,False
11.904009819030762,2380,11.9,1,0.0278179887682199,0.972182035446167,0,True,False
11.921622037887571,2384,11.92,1,0.0300426594913005,0.9699572920799256,0,True,False
11.948742151260376,2388,11.94,1,0.0757913142442703,0.9242087006568908,0,True,False
11.964241027832031,2392,11.96,1,0.0378811210393905,0.962118923664093,0,True,False
11.981642246246338,2396,11.98,1,0.1170510649681091,0.8829489350318909,0,True,False
12.002079486846924,2400,12.0,1,0.0245803333818912,0.9754196405410768,0,True,False
12.02947998046875,2404,12.02,1,0.0561079420149326,0.9438920021057128,0,True,False
12.047263860702516,2408,12.04,1,0.0402825027704238,0.9597174525260924,0,True,False
12.065163850784302,2412,12.06,1,0.0380511321127414,0.9619488716125488,0,True,False
12.080182552337646,2416,12.08,1,0.0347557626664638,0.9652442932128906,0,True,False
12.110475063323976,2420,12.1,1,0.0235095638781785,0.9764904975891112,0,True,False
12.132391929626465,2424,12.12,1,0.0510625354945659,0.9489374756813048,0,True,False
12.14998698234558,2428,12.14,1,0.0348424725234508,0.9651575684547424,0,True,False
12.16420841217041,2432,12.16,1,0.0709919705986976,0.9290080070495604,0,True,False
12.184040546417236,2436,12.18,1,0.0293901804834604,0.9706098437309264,0,True,False
12.202474117279053,2440,12.2,1,0.0278257261961698,0.9721742868423462,0,True,False
12.21740174293518,2444,12.22,1,0.0407567135989666,0.9592432379722596,0,True,False
12.24399185180664,2448,12.24,1,0.0455285049974918,0.9544715285301208,0,True,False
12.264142751693726,2452,12.26,1,0.0277069266885519,0.9722930192947388,0,True,False
12.28377890586853,2456,12.28,1,0.0316441394388675,0.9683558344841005,0,True,False
12.3018901348114,2460,12.3,1,0.0574401281774044,0.9425598978996276,0,True,False
12.333946466445925,2464,12.32,1,0.0400307737290859,0.9599692821502686,0,True,False
12.34383487701416,2468,12.34,1,0.0625867769122123,0.937413215637207,0,True,False
12.36380648612976,2472,12.36,1,0.0251380633562803,0.9748619198799132,0,True,False
12.38516640663147,2476,12.38,1,0.0254498478025198,0.9745501279830932,0,True,False
12.400140047073364,2480,12.4,1,0.0387987606227397,0.9612012505531312,0,True,False
12.433837175369264,2484,12.42,1,0.0386645309627056,0.96133553981781,0,True,False
12.450448036193848,2488,12.44,1,0.0276581160724163,0.9723418354988098,0,True,False
12.461135625839232,2492,12.46,1,0.0236890874803066,0.9763109087944032,0,True,False
12.49194049835205,2496,12.48,1,0.0513118021190166,0.9486881494522096,0,True,False
12.507694244384766,2500,12.5,1,0.0358373075723648,0.9641627073287964,0,True,False
12.517186880111694,2504,12.52,1,0.058529183268547,0.9414708614349364,0,True,False
12.546989917755129,2508,12.54,1,0.0302347708493471,0.9697652459144592,0,True,False
12.56920051574707,2512,12.56,1,0.0514761209487915,0.9485239386558532,0,True,False
12.586108922958374,2516,12.58,1,0.0363777838647365,0.9636222124099731,0,True,False
12.603885412216188,2520,12.6,1,0.1008921861648559,0.8991078734397888,0,True,False
12.619765281677246,2524,12.62,1,0.0241350326687097,0.9758648872375488,0,True,False
12.649033546447754,2528,12.64,1,0.0638725087046623,0.9361274242401124,0,True,False
12.664999961853027,2532,12.66,1,0.0565694421529769,0.9434305429458618,0,True,False
12.684067964553831,2536,12.68,1,0.0378638766705989,0.9621361494064332,0,True,False
12.703991651535034,2540,12.7,1,0.1095028817653656,0.8904971480369568,0,True,False
12.720355749130247,2544,12.72,1,0.0244570039212703,0.9755429625511168,0,True,False
12.752138137817385,2548,12.74,1,0.0267841182649135,0.973215878009796,0,True,False
12.769556283950806,2552,12.76,1,0.0357416309416294,0.9642583727836608,0,True,False
12.790805101394652,2556,12.78,1,0.0373853594064712,0.96261465549469,0,True,False
12.803907871246338,2560,12.8,1,0.0235416051000356,0.9764584302902222,0,True,False
12.831144332885742,2564,12.82,1,0.0233723167330026,0.9766277074813844,0,True,False
12.848190784454346,2568,12.84,1,0.04214408993721,0.9578559398651124,0,True,False
12.864109754562378,2572,12.86,1,0.0352554656565189,0.964744508266449,0,True,False
12.893872261047363,2576,12.88,1,0.0991937592625618,0.9008062481880188,0,True,False
12.893872261047363,2580,12.9,1,0.0236837044358253,0.9763162732124328,0,True,False
12.917248964309692,2584,12.92,1,0.0293693244457244,0.970630705356598,0,True,False
12.943984031677246,2588,12.94,1,0.0366246439516544,0.9633753299713136,0,True,False
12.96378254890442,2592,12.96,1,0.0426488928496837,0.9573510885238647,0,True,False
12.984123468399048,2596,12.98,1,0.0272736046463251,0.9727264642715454,0,True,False
12.994094371795654,2600,13.0,1,0.0242684055119752,0.9757315516471864,0,True,False
13.0173442363739,2604,13.02,1,0.0773637071251869,0.9226362705230712,0,True,False
13.04396653175354,2608,13.04,1,0.0358235165476799,0.9641764760017396,0,True,False
13.064195394515991,2612,13.06,1,0.0472436137497425,0.9527563452720642,0,True,False
13.086699724197388,2616,13.08,1,0.0255980677902698,0.9744019508361816,0,True,False
13.0961172580719,2620,13.1,1,0.0259137377142906,0.9740862846374512,0,True,False
13.119474411010742,2624,13.12,1,0.0590289607644081,0.94097101688385,0,True,False
13.148375749588013,2628,13.14,1,0.052530962973833,0.9474689960479736,0,True,False
13.164722919464111,2632,13.16,1,0.0788508802652359,0.9211490750312804,0,True,False
13.180218935012816,2636,13.18,1,0.0688362643122673,0.931163728237152,0,True,False
13.198985815048218,2640,13.2,1,0.0576854087412357,0.942314624786377,0,True,False
13.23093867301941,2644,13.22,1,0.0444894097745418,0.9555105566978456,0,True,False
13.248382568359377,2648,13.24,1,0.1180803030729293,0.8819196224212646,0,True,False
13.26529598236084,2652,13.26,1,0.0425707176327705,0.9574293494224548,0,True,False
13.281707525253296,2656,13.28,1,0.0780547708272934,0.9219452142715454,0,True,False
13.304291009902954,2660,13.3,1,0.0428273193538188,0.957172691822052,0,True,False
13.32614040374756,2664,13.32,1,0.053141463547945,0.946858525276184,0,True,False
13.349358797073364,2668,13.34,1,0.024854252114892,0.975145697593689,0,True,False
13.359328031539915,2672,13.36,1,0.0330873057246208,0.9669127464294434,0,True,False
13.381221055984495,2676,13.38,1,0.0431995242834091,0.9568005204200744,0,True,False
13.404365301132202,2680,13.4,1,0.0412034913897514,0.9587964415550232,0,True,False
13.42615008354187,2684,13.42,1,0.1259805113077163,0.8740194439888,0,True,False
13.44780945777893,2688,13.44,1,0.0281269270926713,0.971873104572296,0,True,False
13.45972180366516,2692,13.46,1,0.0296011939644813,0.9703988432884216,0,True,False
13.490582942962646,2696,13.48,1,0.0360075980424881,0.9639924168586732,0,True,False
13.498276948928831,2700,13.5,1,0.053354050964117,0.9466459155082704,0,True,False
13.530951023101808,2704,13.52,1,0.025706835091114,0.9742932319641112,0,True,False
13.55176043510437,2708,13.54,1,0.0268044881522655,0.9731955528259276,0,True,False
13.55814266204834,2712,13.56,1,0.0505889691412448,0.9494109749794006,0,True,False
13.585865497589111,2716,13.58,1,0.0380120351910591,0.9619879722595216,0,True,False
13.599225521087646,2720,13.6,1,0.0697172656655311,0.9302827715873718,0,True,False
13.617352724075316,2724,13.62,1,0.0259662270545959,0.974033772945404,0,True,False
13.643901348114014,2728,13.64,1,0.0246876720339059,0.975312352180481,0,True,False
13.668958902359009,2732,13.66,1,0.0385705456137657,0.961429476737976,0,True,False
13.683956384658812,2736,13.68,1,0.0370504073798656,0.9629495739936828,0,True,False
13.6939058303833,2740,13.7,1,0.0304054263979196,0.9695945382118224,0,True,False
13.717318296432495,2744,13.72,1,0.0244251918047666,0.9755748510360718,0,True,False
13.747564315795898,2748,13.74,1,0.0684541314840316,0.931545913219452,0,True,False
13.770790338516235,2752,13.76,1,0.0464061610400676,0.9535938501358032,0,True,False
13.784225940704346,2756,13.78,1,0.0554650798439979,0.9445348978042604,0,True,False
13.794085264205933,2760,13.8,1,0.0790275782346725,0.9209724068641664,0,True,False
13.82040548324585,2764,13.82,1,0.0338885374367237,0.9661114811897278,0,True,False
13.854155778884888,2768,13.84,1,0.0510816499590873,0.948918342590332,0,True,False
13.863828420639038,2772,13.86,1,0.1020465418696403,0.8979535102844238,0,True,False
13.883966445922852,2776,13.88,1,0.1138288900256156,0.8861711025238037,0,True,False
13.90856146812439,2780,13.9,1,0.0546367540955543,0.945363223552704,0,True,False
13.925231218338013,2784,13.92,1,0.0728019475936889,0.9271979928016664,0,True,False
13.952406883239746,2788,13.94,1,0.1265566498041153,0.8734433650970459,0,True,False
13.964349746704102,2792,13.96,1,0.1883238404989242,0.8116761445999146,0,True,False
13.984334945678713,2796,13.98,1,0.2375819534063339,0.7624180316925049,0,True,False
14.011232614517212,2800,14.0,1,0.2129086107015609,0.7870913743972778,0,True,False
14.027178525924684,2804,14.02,1,0.0892160013318061,0.9107839465141296,0,True,False
14.04642391204834,2808,14.04,1,0.1855151355266571,0.8144848942756653,0,True,False
14.060655117034912,2812,14.06,1,0.0591455325484275,0.9408544898033142,0,True,False
14.087069272994995,2816,14.08,1,0.1527515053749084,0.8472484946250916,0,True,False
14.103940725326538,2820,14.1,1,0.1384472101926803,0.8615528345108032,0,True,False
14.11783242225647,2824,14.12,1,0.0429938919842243,0.9570060968399048,0,True,False
14.14088535308838,2828,14.14,1,0.0567089617252349,0.9432910680770874,0,True,False
14.164008140563965,2832,14.16,1,0.0262685436755418,0.9737314581871032,0,True,False
14.184119701385498,2836,14.18,1,0.0670219361782074,0.9329780340194702,0,True,False
14.204148054122925,2840,14.2,1,0.040453802794218,0.9595462083816528,0,True,False
14.220067977905272,2844,14.22,1,0.0893414691090583,0.910658597946167,0,True,False
14.247035264968872,2848,14.24,1,0.0302746146917343,0.9697254300117492,0,True,False
14.2707097530365,2852,14.26,1,0.0283312201499938,0.971668779850006,0,True,False
14.284101724624634,2856,14.28,1,0.0413080044090747,0.9586920142173768,0,True,False
14.302822351455688,2860,14.3,1,0.0404970832169055,0.959502935409546,0,True,False
14.32013702392578,2864,14.32,1,0.0556842610239982,0.9443157315254213,0,True,False
14.354942083358765,2868,14.34,1,0.0255766324698925,0.974423348903656,0,True,False
14.368382930755615,2872,14.36,1,0.0571908392012119,0.9428091645240784,0,True,False
14.382272005081177,2876,14.38,1,0.0362813100218772,0.9637186527252196,0,True,False
14.410370826721191,2880,14.4,1,0.0558637119829654,0.9441363215446472,0,True,False
14.42417573928833,2884,14.42,1,0.0256658867001533,0.9743340611457824,0,True,False
14.45126247406006,2888,14.44,1,0.0256030857563018,0.9743968844413756,0,True,False
14.465129137039185,2892,14.46,1,0.052307553589344,0.9476924538612366,0,True,False
14.486224889755247,2896,14.48,1,0.0375069007277488,0.9624931216239928,0,True,False
14.499679565429688,2900,14.5,1,0.0933353304862976,0.9066646099090576,0,True,False
14.525778770446776,2904,14.52,1,0.0264713279902935,0.9735286235809326,0,True,False
14.552363872528076,2908,14.54,1,0.0278175100684165,0.9721825122833252,0,True,False
14.56178855895996,2912,14.56,1,0.0409113951027393,0.9590886235237122,0,True,False
14.588868618011476,2916,14.58,1,0.0380732007324695,0.961926817893982,0,True,False
14.602856397628784,2920,14.6,1,0.0347394682466983,0.9652605056762696,0,True,False
14.623896598815918,2924,14.62,1,0.0248077772557735,0.9751921892166138,0,True,False
14.638141870498655,2928,14.64,1,0.0691661685705185,0.9308338165283204,0,True,False
14.669548988342283,2932,14.66,1,0.0379441939294338,0.962055802345276,0,True,False
14.683886766433716,2936,14.68,1,0.1217006891965866,0.878299355506897,0,True,False
14.70258331298828,2940,14.7,1,0.0262748580425977,0.9737251400947572,0,True,False
14.71838116645813,2944,14.72,1,0.0817049667239189,0.9182950854301452,0,True,False
14.744202136993408,2948,14.74,1,0.0398354940116405,0.9601645469665528,0,True,False
14.764119386672974,2952,14.76,1,0.0773210003972053,0.9226790070533752,0,True,False
14.791176319122314,2956,14.78,1,0.0255482904613018,0.9744516611099244,0,True,False
14.794273376464844,2960,14.8,1,0.0337075442075729,0.966292440891266,0,True,False
14.818263292312622,2964,14.82,1,0.038691159337759,0.9613088369369508,0,True,False
14.852271795272827,2968,14.84,1,0.0420506782829761,0.9579493403434752,0,True,False
14.86390209197998,2972,14.86,1,0.04552748426795,0.954472541809082,0,True,False
14.886385440826416,2976,14.88,1,0.0246649179607629,0.9753350615501404,0,True,False
14.893883228302002,2980,14.9,1,0.0394005589187145,0.9605994820594788,0,True,False
14.918539047241213,2984,14.92,1,0.0364677533507347,0.9635322093963624,0,True,False
14.94411301612854,2988,14.94,1,0.0468003489077091,0.9531996846199036,0,True,False
14.964202404022217,2992,14.96,1,0.026512561365962,0.973487377166748,0,True,False
14.98425793647766,2996,14.98,1,0.0264755189418792,0.9735244512557985,0,True,False
14.99411153793335,3000,15.0,1,0.0467397198081016,0.9532602429389954,0,True,False
15.021222591400146,3004,15.02,1,0.0427120812237262,0.9572879672050476,0,True,False
15.044479846954346,3008,15.04,1,0.0746504887938499,0.9253495335578918,0,True,False
15.066084623336792,3012,15.06,1,0.0281492341309785,0.97185081243515,0,True,False
15.08619236946106,3016,15.08,1,0.0555327981710433,0.9444672465324402,0,True,False
15.101381063461304,3020,15.1,1,0.0568821653723716,0.94311785697937,0,True,False
15.12860918045044,3024,15.12,1,0.0415045358240604,0.9584954977035522,0,True,False
15.144015312194824,3028,15.14,1,0.1124470829963684,0.8875529170036316,0,True,False
15.163885354995728,3032,15.16,1,0.0251799542456865,0.9748200178146362,0,True,False
15.185094833374023,3036,15.18,1,0.0500423870980739,0.949957549571991,0,True,False
15.201879024505615,3040,15.2,1,0.0400192625820636,0.9599807262420654,0,True,False
15.219996690750122,3044,15.22,1,0.0416829548776149,0.9583170413970948,0,True,False
15.240232706069946,3048,15.24,1,0.0395120605826377,0.960487961769104,0,True,False
15.26777982711792,3052,15.26,1,0.0264885444194078,0.9735114574432372,0,True,False
15.28396725654602,3056,15.28,1,0.0753302425146102,0.9246698021888732,0,True,False
15.293835401535034,3060,15.3,1,0.0369741953909397,0.9630258679389954,0,True,False
15.31936526298523,3064,15.32,1,0.0445365197956562,0.9554634690284728,0,True,False
15.34394359588623,3068,15.34,1,0.0271284859627485,0.9728715419769288,0,True,False
15.3678081035614,3072,15.36,1,0.02646697871387,0.973533034324646,0,True,False
15.38001036643982,3076,15.38,1,0.0757691711187362,0.9242308139801024,0,True,False
15.404263019561768,3080,15.4,1,0.0432078018784523,0.9567922353744508,0,True,False
15.4186532497406,3084,15.42,1,0.0427366085350513,0.9572633504867554,0,True,False
15.44303297996521,3088,15.44,1,0.0291561894118785,0.97084379196167,0,True,False
15.473878145217896,3092,15.46,1,0.0364820659160614,0.963517963886261,0,True,False
15.484081506729126,3096,15.48,1,0.078913427889347,0.9210865497589112,0,True,False
15.49948024749756,3100,15.5,1,0.0582041665911674,0.9417958855628968,0,True,False
15.519800662994385,3104,15.52,1,0.10806904733181,0.8919309377670288,0,True,False
15.55286192893982,3108,15.54,1,0.1408578753471374,0.8591421246528625,0,True,False
15.567347288131714,3112,15.56,1,0.2192266136407852,0.7807733416557312,0,True,False
15.574329376220703,3116,15.58,1,0.1380431652069091,0.8619568347930908,0,True,False
15.593867778778076,3120,15.6,1,0.23038050532341,0.7696195244789124,0,True,False
15.637941837310793,3124,15.62,1,0.3105449676513672,0.6894550323486328,0,True,False
15.644187688827516,3128,15.64,1,0.0834068655967712,0.9165931344032288,0,True,False
15.66425609588623,3132,15.66,1,0.161481037735939,0.8385189175605774,0,True,False
15.684065580368042,3136,15.68,1,0.2912913560867309,0.7087085843086243,0,True,False
15.694280862808228,3140,15.7,1,0.2243994027376175,0.7756006121635437,0,True,False
15.719719171524048,3144,15.72,1,0.3432744741439819,0.6567255258560181,0,True,False
15.744259357452393,3148,15.74,1,0.3506111204624176,0.64938884973526,0,True,False
15.763904571533203,3152,15.76,1,0.3858231008052826,0.614176869392395,0,True,False
15.784017324447632,3156,15.78,1,0.3083246350288391,0.6916753053665161,0,True,False
15.794305562973022,3160,15.8,0,0.6352701783180237,0.3647298514842987,0,True,True
15.833906412124634,3164,15.82,0,0.8469432592391968,0.1530566960573196,0,True,True
15.844162940979004,3168,15.84,0,0.8515218496322632,0.1484781801700592,0,True,True
15.8639497756958,3172,15.86,0,0.8833967447280884,0.1166032552719116,0,True,True
15.874295234680176,3176,15.88,0,0.8861575126647949,0.1138425022363662,0,True,True
15.903966665267944,3180,15.9,0,0.8784789443016052,0.1215210407972335,0,True,True
15.919909715652466,3184,15.92,0,0.8880003690719604,0.1119996607303619,0,True,True
15.934057712554932,3188,15.94,0,0.884113609790802,0.115886390209198,0,True,True
15.964109659194946,3192,15.96,0,0.8895396590232849,0.1104603558778762,0,True,True
15.98421597480774,3196,15.98,0,0.8860670924186707,0.1139328703284263,0,True,True
15.994279146194458,3200,16.0,0,0.8313913941383362,0.1686085760593414,0,True,True
16.01409077644348,3204,16.02,0,0.8845449090003967,0.1154550835490226,0,True,True
16.044107913970947,3208,16.04,0,0.8887054324150085,0.111294500529766,0,True,True
16.064059734344482,3212,16.06,0,0.8896082639694214,0.110391728579998,0,True,True
16.083850860595703,3216,16.08,0,0.8854562640190125,0.1145437061786651,0,True,True
16.094200134277344,3220,16.1,0,0.8837239146232605,0.1162760183215141,0,True,True
16.11403179168701,3224,16.12,0,0.8896586894989014,0.1103413328528404,0,True,True
16.143892765045166,3228,16.14,0,0.8851463198661804,0.1148536875844001,0,True,True
16.163994789123535,3232,16.16,0,0.889342188835144,0.1106578782200813,0,True,True
16.183937788009644,3236,16.18,0,0.8905140161514282,0.1094859689474105,0,True,True
16.193872690200806,3240,16.2,0,0.8877009749412537,0.1122990623116493,0,True,True
16.223880290985107,3244,16.22,0,0.8775995373725891,0.1224004402756691,0,True,True
16.243924617767334,3248,16.24,0,0.8903342485427856,0.1096658185124397,0,True,True
16.264296531677246,3252,16.26,0,0.8878438472747803,0.1121561452746391,0,True,True
16.276386499404907,3256,16.28,0,0.8868820667266846,0.1131179332733154,0,True,True
16.304086685180664,3260,16.3,0,0.8850902915000916,0.114909641444683,0,True,True
16.323928833007812,3264,16.32,0,0.8841487765312195,0.1158512160181999,0,True,True
16.334283590316772,3268,16.34,0,0.6739009022712708,0.3260990977287292,0,True,True
16.35411024093628,3272,16.36,0,0.8579481840133667,0.1420518159866333,0,True,True
16.38431215286255,3276,16.38,0,0.8246675133705139,0.1753324717283249,0,True,True
16.39402675628662,3280,16.4,0,0.8764974474906921,0.1235025525093078,0,True,True
16.41621685028076,3284,16.42,0,0.8818272352218628,0.1181727573275566,1,True,False
16.444105625152588,3288,16.44,0,0.858745813369751,0.1412542015314102,1,True,False
16.463958024978638,3292,16.46,0,0.8862428665161133,0.1137570962309837,1,True,False
16.484116315841675,3296,16.48,0,0.8865579962730408,0.1134420558810234,1,True,False
16.49429416656494,3300,16.5,0,0.8886697888374329,0.1113302782177925,1,True,False
16.513940811157227,3304,16.52,0,0.8735914826393127,0.1264085173606872,1,True,False
16.54393696784973,3308,16.54,0,0.8895179629325867,0.1104820743203163,1,True,False
16.564032554626465,3312,16.56,0,0.8744176626205444,0.1255823522806167,1,True,False
16.583998203277588,3316,16.58,0,0.8858840465545654,0.1141159310936927,1,True,False
16.59397578239441,3320,16.6,0,0.8850275278091431,0.1149724870920181,1,True,False
16.61413550376892,3324,16.62,0,0.8864142894744873,0.1135857626795768,1,True,False
16.644222259521484,3328,16.64,0,0.8844970464706421,0.1155029460787773,1,True,False
16.664008140563965,3332,16.66,0,0.8900901079177856,0.1099099367856979,1,True,False
16.68435001373291,3336,16.68,0,0.8789405822753906,0.1210593953728675,1,True,False
16.700857400894165,3340,16.7,0,0.879328191280365,0.120671771466732,1,True,False
16.713860988616943,3344,16.72,0,0.8881251811981201,0.1118748039007186,1,True,False
16.74424409866333,3348,16.74,0,0.8833622932434082,0.1166376620531082,1,True,False
16.764333963394165,3352,16.76,0,0.8897725343704224,0.1102274879813194,1,True,False
16.784119129180908,3356,16.78,0,0.8907155990600586,0.1092844456434249,1,True,False
16.794025897979736,3360,16.8,0,0.8870663046836853,0.1129337474703788,1,True,False
16.81431293487549,3364,16.82,0,0.8872168660163879,0.1127830892801284,1,True,False
16.853923320770264,3368,16.84,0,0.8820699453353882,0.11793003231287,1,True,False
16.86948585510254,3372,16.86,0,0.8902217149734497,0.109778307378292,1,True,False
16.884092092514038,3376,16.88,0,0.8904157876968384,0.109584204852581,1,True,False
16.894303560256958,3380,16.9,0,0.8906593918800354,0.1093406379222869,1,True,False
16.933945417404175,3384,16.92,0,0.887884259223938,0.1121157631278038,1,True,False
16.944302320480347,3388,16.94,0,0.886569619178772,0.1134304478764534,1,True,False
16.963932275772095,3392,16.96,0,0.8870300054550171,0.1129700541496276,1,True,False
16.983911514282227,3396,16.98,0,0.8885994553565979,0.1114005595445633,1,True,False
16.99397349357605,3400,17.0,0,0.8873163461685181,0.1126836240291595,1,True,False
17.01503014564514,3404,17.02,0,0.8789048194885254,0.121095135807991,1,True,False
17.054072856903076,3408,17.04,0,0.8899229764938354,0.1100770458579063,1,True,False
17.064019918441772,3412,17.06,0,0.8907370567321777,0.109262891113758,1,True,False
17.084108352661133,3416,17.08,0,0.8893016576766968,0.1106983870267868,1,True,False
17.103923320770264,3420,17.1,0,0.8839008808135986,0.1160991638898849,1,True,False
17.114120721817017,3424,17.12,0,0.8869004845619202,0.1130994856357574,1,True,False
17.150391340255737,3428,17.14,0,0.8674209713935852,0.1325789988040924,1,True,False
17.163933515548706,3432,17.16,0,0.8844118118286133,0.1155881732702255,1,True,False
17.18424129486084,3436,17.18,0,0.8892219662666321,0.1107780262827873,1,True,False
17.193995475769043,3440,17.2,0,0.8900136947631836,0.1099862977862358,1,True,False
17.217294454574585,3444,17.22,0,0.8864520192146301,0.1135480105876922,1,True,False
17.249502420425415,3448,17.24,0,0.8862197399139404,0.1137802526354789,1,True,False
17.26798105239868,3452,17.26,0,0.8906300067901611,0.1093700379133224,1,True,False
17.284820079803467,3456,17.28,0,0.8903945088386536,0.1096055209636688,1,True,False
17.298776149749756,3460,17.3,0,0.8880223631858826,0.1119776889681816,1,True,False
17.33415985107422,3464,17.32,0,0.8901605010032654,0.1098394766449928,1,True,False
17.349236249923706,3468,17.34,0,0.8905398845672607,0.1094600558280944,1,True,False
17.364283800125122,3472,17.36,0,0.8906909823417664,0.1093089506030082,1,True,False
17.38237714767456,3476,17.38,0,0.8896414637565613,0.1103585809469223,1,True,False
17.393982410430908,3480,17.4,0,0.885650634765625,0.1143494024872779,1,True,False
17.42686676979065,3484,17.42,0,0.8866006731987,0.1133993268013,1,True,False
17.444356679916382,3488,17.44,0,0.890302300453186,0.1096976622939109,1,True,False
17.460749626159668,3492,17.46,0,0.8910976648330688,0.1089023575186729,1,True,False
17.48430562019348,3496,17.48,0,0.890265703201294,0.1097342297434806,1,True,False
17.494248628616333,3500,17.5,0,0.8652009963989258,0.134798988699913,1,True,False
17.514236450195312,3504,17.52,0,0.8886664509773254,0.1113334894180297,1,True,False
17.54416251182556,3508,17.54,0,0.8856833577156067,0.1143166646361351,1,True,False
17.563895225524902,3512,17.56,0,0.8880912661552429,0.1119087114930152,1,True,False
17.574445009231567,3516,17.58,0,0.8894007205963135,0.1105993092060089,1,True,False
17.603901624679565,3520,17.6,0,0.8899068236351013,0.1100932136178016,1,True,False
17.621254444122314,3524,17.62,0,0.8852292895317078,0.1147707402706146,1,True,False
17.634214162826538,3528,17.64,0,0.8835656046867371,0.1164343655109405,1,True,False
17.67420220375061,3532,17.66,0,0.8896758556365967,0.1103240996599197,1,True,False
17.684265851974487,3536,17.68,0,0.8876155018806458,0.1123845651745796,1,True,False
17.70391058921814,3540,17.7,0,0.8826356530189514,0.1173643693327903,1,True,False
17.721097230911255,3544,17.72,0,0.8856900930404663,0.1143099591135978,1,True,False
17.744113445281982,3548,17.74,0,0.8735332489013672,0.1264667510986328,1,True,False
17.764203310012817,3552,17.76,0,0.8848220705986023,0.1151778995990753,1,True,False
17.783938884735107,3556,17.78,0,0.8879595398902893,0.1120404824614524,1,True,False
17.793936491012573,3560,17.8,0,0.8653079867362976,0.1346919685602188,1,True,False
17.836239337921143,3564,17.82,0,0.8869345784187317,0.1130654215812683,1,True,False
17.84632658958435,3568,17.84,0,0.8578599691390991,0.1421399712562561,1,True,False
17.8645122051239,3572,17.86,0,0.8860447406768799,0.1139553189277648,1,True,False
17.874027013778687,3576,17.88,0,0.8896126747131348,0.1103873252868652,1,True,False
17.894340991973877,3580,17.9,0,0.8900104761123657,0.1099895164370536,1,True,False
17.91420340538025,3584,17.92,0,0.8767024278640747,0.1232975125312805,1,True,False
17.944080591201782,3588,17.94,0,0.8862243294715881,0.11377564817667,1,True,False
17.967880487442017,3592,17.96,0,0.8890607953071594,0.110939159989357,1,True,False
17.984140157699585,3596,17.98,0,0.8903436660766602,0.109656348824501,1,True,False
17.994248628616333,3600,18.0,0,0.8879181146621704,0.1120818927884101,1,True,False
18.02420234680176,3604,18.02,0,0.8891369700431824,0.110863022506237,1,True,False
18.047357082366943,3608,18.04,0,0.8872764706611633,0.112723596394062,1,True,False
18.063968896865845,3612,18.06,0,0.8860872387886047,0.1139127537608146,1,True,False
18.080679178237915,3616,18.08,0,0.887534499168396,0.1124654859304428,1,True,False
18.107946395874023,3620,18.1,0,0.8898423314094543,0.1101575940847396,1,True,False
18.113917589187626,3624,18.12,0,0.8894014954566956,0.1105985268950462,1,True,False
18.144356727600098,3628,18.14,0,0.8639166355133057,0.1360833793878555,1,True,False
18.164047241210938,3632,18.16,0,0.8868869543075562,0.1131129786372184,1,True,False
18.18422269821167,3636,18.18,0,0.8893184065818787,0.1106816232204437,1,True,False
18.21409034729004,3640,18.2,0,0.8897440433502197,0.110255979001522,1,True,False
18.22447657585144,3644,18.22,0,0.8901345133781433,0.1098655313253402,1,True,False
18.249238967895508,3648,18.24,0,0.8707906007766724,0.1292094141244888,1,True,False
18.26825070381165,3652,18.26,0,0.8865845203399658,0.1134155392646789,1,True,False
18.28421282768249,3656,18.28,0,0.88698410987854,0.1130158901214599,1,True,False
18.294183015823364,3660,18.3,0,0.8867304921150208,0.1132695004343986,1,True,False
18.321189641952515,3664,18.32,0,0.8834606409072876,0.1165393441915512,1,True,False
18.344050407409668,3668,18.34,0,0.8168244361877441,0.1831755638122558,1,True,False
18.367276906967163,3672,18.36,0,0.885064423084259,0.1149355247616767,1,True,False
18.384405374526978,3676,18.38,0,0.8732702732086182,0.1267296820878982,1,True,False
18.394104957580566,3680,18.4,0,0.8886617422103882,0.1113381832838058,1,True,False
18.41407537460327,3684,18.42,0,0.8743771910667419,0.1256227493286132,1,True,False
18.444345235824585,3688,18.44,0,0.746475100517273,0.2535249292850494,1,True,False
18.46397876739502,3692,18.46,0,0.8802456259727478,0.1197543367743492,1,True,False
18.474173069000244,3696,18.48,0,0.8693124055862427,0.1306876093149185,1,True,False
18.494105577468872,3700,18.5,0,0.8846268057823181,0.1153731867671012,1,True,False
18.53411364555359,3704,18.52,0,0.830188512802124,0.1698114722967147,1,True,False
18.54436588287353,3708,18.54,0,0.8846616148948669,0.1153384149074554,1,True,False
18.570021629333496,3712,18.56,0,0.8860403895378113,0.1139595732092857,1,True,False
18.584256887435917,3716,18.58,0,0.8849397897720337,0.1150601655244827,1,True,False
18.600578546524048,3720,18.6,0,0.8640172481536865,0.1359827071428299,1,True,False
18.61908388137817,3724,18.62,0,0.8645318746566772,0.1354681402444839,1,True,False
18.65048360824585,3728,18.64,0,0.8858370780944824,0.1141628921031951,1,True,False
18.66407608985901,3732,18.66,0,0.866697371006012,0.1333026587963104,1,True,False
18.68216109275818,3736,18.68,0,0.8812671303749084,0.1187328919768333,1,True,False
18.6942150592804,3740,18.7,0,0.8587583303451538,0.1412416696548462,1,True,False
18.71427345275879,3744,18.72,0,0.8817262649536133,0.1182737797498703,1,True,False
18.74400234222412,3748,18.74,0,0.889680027961731,0.1103199943900108,1,True,False
18.76556825637817,3752,18.76,0,0.8855845928192139,0.1144153475761413,1,True,False
18.7744357585907,3756,18.78,0,0.8910834789276123,0.10891655087471,1,True,False
18.79442763328552,3760,18.8,0,0.8861658573150635,0.1138341575860977,1,True,False
18.83045864105225,3764,18.82,0,0.8877052664756775,0.1122947111725807,1,True,False
18.85146260261536,3768,18.84,0,0.8866645097732544,0.1133355051279068,1,True,False
18.86771321296692,3772,18.86,0,0.8884640336036682,0.1115359887480735,1,True,False
18.88400173187256,3776,18.88,0,0.8886836767196655,0.1113163009285926,1,True,False
18.8942666053772,3780,18.9,0,0.8901461362838745,0.1098538339138031,1,True,False
18.93397521972656,3784,18.92,0,0.8888095021247864,0.1111905425786972,1,True,False
18.947951555252075,3788,18.94,0,0.8037680983543396,0.1962319165468216,1,True,False
18.96011638641357,3792,18.96,0,0.8840882778167725,0.1159117445349693,1,True,False
18.98436951637268,3796,18.98,0,0.888780951499939,0.1112190559506416,1,True,False
18.994037866592407,3800,19.0,0,0.8858528137207031,0.1141471341252327,1,True,False
19.014418363571167,3804,19.02,0,0.8755871057510376,0.1244129091501236,1,True,False
19.05176043510437,3808,19.04,0,0.8853322267532349,0.1146677061915397,1,True,False
19.064119338989254,3812,19.06,0,0.8754631876945496,0.1245367676019668,1,True,False
19.074247121810917,3816,19.08,0,0.8739653825759888,0.1260346472263336,1,True,False
19.094077825546265,3820,19.1,0,0.8760453462600708,0.1239547058939933,1,True,False
19.130645513534542,3824,19.12,0,0.8880265951156616,0.1119734570384025,1,True,False
19.144009828567505,3828,19.14,0,0.8775257468223572,0.1224743127822876,1,True,False
19.16148805618286,3832,19.16,0,0.860987663269043,0.139012336730957,1,True,False
19.19405937194824,3836,19.18,0,0.8736986517906189,0.1263012886047363,1,True,False
19.20530128479004,3840,19.2,0,0.8856528401374817,0.1143470928072929,1,True,False
19.224081993103027,3844,19.22,0,0.872488796710968,0.1275112181901931,1,True,False
19.24106216430664,3848,19.24,0,0.8825729489326477,0.1174270361661911,1,True,False
19.264000177383423,3852,19.26,0,0.8872083425521851,0.1127916797995567,1,True,False
19.284444570541385,3856,19.28,0,0.889216959476471,0.1107830703258514,1,True,False
19.294286012649536,3860,19.3,0,0.8546282649040222,0.1453717499971389,1,True,False
19.326929569244385,3864,19.32,0,0.8868257403373718,0.1131742373108863,1,True,False
19.35399842262268,3868,19.34,0,0.8887924551963806,0.1112075522541999,1,True,False
19.36414933204651,3872,19.36,0,0.8903777003288269,0.1096223443746566,1,True,False
19.384141206741333,3876,19.38,0,0.8799631595611572,0.1200367882847786,1,True,False
19.39395833015442,3880,19.4,0,0.88288813829422,0.1171118915081024,1,True,False
19.41398286819458,3884,19.42,0,0.8783366680145264,0.1216633096337318,1,True,False
19.44407033920288,3888,19.44,0,0.8833097219467163,0.1166902184486389,1,True,False
19.46413493156433,3892,19.46,1,0.4368424713611603,0.5631574988365173,1,True,True
19.48420810699463,3896,19.48,0,0.8659768104553223,0.1340231597423553,1,True,False
19.4942147731781,3900,19.5,1,0.0397369749844074,0.9602630138397216,1,True,True
19.533997058868408,3904,19.52,1,0.0890901312232017,0.9109098315238952,1,True,True
19.54438066482544,3908,19.54,1,0.0234767775982618,0.976523220539093,1,True,True
19.564272165298465,3912,19.56,1,0.0388694293797016,0.9611305594444276,1,True,True
19.57427144050598,3916,19.58,1,0.0369392521679401,0.9630607962608336,1,True,True
19.59570550918579,3920,19.6,1,0.0376675389707088,0.9623324871063232,1,True,True
19.614429473876957,3924,19.62,1,0.0286210756748914,0.9713789224624634,1,True,True
19.644333362579346,3928,19.64,1,0.0233097709715366,0.9766902327537536,1,True,True
19.664005279541016,3932,19.66,1,0.0570271722972393,0.9429728388786316,1,True,True
19.68406581878662,3936,19.68,1,0.0357686802744865,0.9642313122749328,1,True,True
19.698197603225708,3940,19.7,1,0.043244544416666,0.9567554593086244,1,True,True
19.73424243927002,3944,19.72,1,0.0243448186665773,0.9756551384925842,1,True,True
19.744391918182373,3948,19.74,1,0.0241041723638772,0.9758958220481871,1,True,True
19.76416563987732,3952,19.76,1,0.0406727455556392,0.9593272805213928,1,True,True
19.784110069274902,3956,19.78,1,0.0350323878228664,0.9649676084518432,1,True,True
19.79440975189209,3960,19.8,1,0.0237867720425128,0.9762132167816162,1,True,True
19.8274028301239,3964,19.82,1,0.0259786322712898,0.9740213751792908,1,True,True
19.844441890716556,3968,19.84,1,0.0588338002562522,0.9411662220954896,1,True,True
19.858307361602783,3972,19.86,1,0.0368673875927925,0.9631326794624328,1,True,True
19.89433193206787,3976,19.88,1,0.0914937108755111,0.9085062742233276,1,True,True
19.904008626937863,3980,19.9,1,0.0239589400589466,0.97604101896286,1,True,True
19.927254915237427,3984,19.92,1,0.0370013862848281,0.962998628616333,1,True,True
19.94228863716125,3988,19.94,1,0.0348075777292251,0.965192437171936,0,True,False
19.959119081497192,3992,19.96,1,0.0945559740066528,0.9054439663887024,0,True,False
19.98442029953003,3996,19.98,1,0.0230684354901313,0.976931631565094,0,True,False
19.994298934936523,4000,20.0,1,0.0586786456406116,0.9413213729858398,0,True,False
20.01398205757141,4004,20.02,1,0.0381189435720443,0.9618810415267944,0,True,False
20.044145584106445,4008,20.04,1,0.0504357367753982,0.9495642185211182,0,True,False
20.06429433822632,4012,20.06,1,0.0311815924942493,0.9688183665275574,0,True,False
20.08443856239319,4016,20.08,1,0.0334682688117027,0.9665316939353944,0,True,False
20.09418892860413,4020,20.1,1,0.0492831841111183,0.95071679353714,0,True,False
20.12761092185974,4024,20.12,1,0.0459566116333007,0.9540433883666992,0,True,False
20.14721369743347,4028,20.14,1,0.048376128077507,0.9516238570213318,0,True,False
20.164228916168213,4032,20.16,1,0.0331880338490009,0.966812014579773,0,True,False
20.17422771453857,4036,20.18,1,0.0622335411608219,0.9377664923667908,0,True,False
20.20417809486389,4040,20.2,1,0.0405608490109443,0.9594391584396362,0,True,False
20.22787952423096,4044,20.22,1,0.0786396488547325,0.9213603138923644,0,True,False
20.24419450759888,4048,20.24,1,0.0248968657106161,0.975103199481964,0,True,False
20.25425791740417,4052,20.26,1,0.0730021446943283,0.9269979000091552,0,True,False
20.284008264541622,4056,20.28,1,0.0380673483014106,0.96193265914917,0,True,False
20.29521417617798,4060,20.3,1,0.0951294377446174,0.9048705697059632,0,True,False
20.314184427261356,4064,20.32,1,0.0303457751870155,0.9696542620658876,0,True,False
20.34409546852112,4068,20.34,1,0.0337238535284996,0.9662761092185974,0,True,False
20.36442351341248,4072,20.36,1,0.0466824769973754,0.9533175230026244,0,True,False
20.3842568397522,4076,20.38,1,0.046107780188322,0.953892171382904,0,True,False
20.394205808639526,4080,20.4,1,0.0722805261611938,0.9277194142341614,0,True,False
20.43417692184448,4084,20.42,1,0.0282081104815006,0.971791923046112,0,True,False
20.44444584846497,4088,20.44,1,0.0966705754399299,0.9033294320106506,0,True,False
20.46446633338928,4092,20.46,1,0.0558845959603786,0.944115400314331,0,True,False
20.48424005508423,4096,20.48,1,0.0505848638713359,0.9494151473045348,0,True,False
20.497848987579346,4100,20.5,1,0.0406103506684303,0.9593896865844728,0,True,False
20.534239768981934,4104,20.52,1,0.0619223602116107,0.9380776286125184,0,True,False
20.54442286491394,4108,20.54,1,0.0665973201394081,0.9334027171134948,0,True,False
20.564064502716064,4112,20.56,1,0.055948432534933,0.9440515637397766,0,True,False
20.58444619178772,4116,20.58,1,0.1651411354541778,0.8348588347434998,0,True,False
20.61411714553833,4120,20.6,1,0.0372942946851253,0.962705671787262,0,True,False
20.62846350669861,4124,20.62,1,0.1242560669779777,0.8757438659667969,0,True,False
20.645713329315186,4128,20.64,1,0.0659979358315467,0.9340021014213562,0,True,False
20.664251804351807,4132,20.66,1,0.0701697319746017,0.9298302531242372,0,True,False
20.676676750183105,4136,20.68,1,0.0926688909530639,0.907331109046936,0,True,False
20.71159052848816,4140,20.7,1,0.0710609778761863,0.9289389848709106,0,True,False
20.728434562683105,4144,20.72,1,0.1212768256664276,0.8787232041358948,0,True,False
20.744155168533325,4148,20.74,1,0.0487318038940429,0.9512681365013124,0,True,False
20.757848978042603,4152,20.76,1,0.1282315254211425,0.8717684745788574,0,True,False
20.784184217453003,4156,20.78,1,0.0723247602581977,0.9276752471923828,0,True,False
20.794281244277958,4160,20.8,1,0.1669362485408783,0.8330637812614441,0,True,False
20.834179639816284,4164,20.82,1,0.052855659276247,0.947144329547882,0,True,False
20.844459056854248,4168,20.84,1,0.1422483325004577,0.8577516674995422,0,True,False
20.86420464515686,4172,20.86,1,0.0703847184777259,0.9296152591705322,0,True,False
20.88431048393249,4176,20.88,1,0.1632254868745803,0.8367745280265808,0,True,False
20.89444184303284,4180,20.9,1,0.0478290989995002,0.9521708488464355,0,True,False
20.928788661956787,4184,20.92,1,0.1264919489622116,0.8735080361366272,0,True,False
20.949339628219604,4188,20.94,1,0.0313689485192298,0.9686310291290284,0,True,False
20.964017391204838,4192,20.96,1,0.1134857684373855,0.8865142464637756,0,True,False
20.984437704086304,4196,20.98,1,0.0567131824791431,0.9432867765426636,0,True,False
20.99433398246765,4200,21.0,1,0.0750366821885109,0.9249632954597472,0,True,False
21.019481420516968,4204,21.02,1,0.1451066583395004,0.8548933267593384,0,True,False
21.04403185844421,4208,21.04,1,0.0303154326975345,0.9696845412254332,0,True,False
21.064196348190308,4212,21.06,1,0.0848659127950668,0.9151341319084167,0,True,False
21.08222508430481,4216,21.08,1,0.0421615093946456,0.957838535308838,0,True,False
21.094428777694706,4220,21.1,1,0.1130136400461196,0.8869863748550415,0,True,False
21.13439083099365,4224,21.12,1,0.0467780642211437,0.95322185754776,0,True,False
21.1444354057312,4228,21.14,1,0.0459331832826137,0.9540668725967408,0,True,False
21.164159059524536,4232,21.16,1,0.0606767982244491,0.9393231868743896,0,True,False
21.17439985275269,4236,21.18,1,0.0586971417069435,0.9413028955459596,0,True,False
21.214131593704224,4240,21.2,1,0.0893712863326072,0.9106287360191344,0,True,False
21.22441363334656,4244,21.22,1,0.1434659361839294,0.8565340042114258,0,True,False
21.249236345291138,4248,21.24,1,0.2399074882268905,0.7600924968719482,0,True,False
21.26447415351868,4252,21.26,1,0.0868209674954414,0.9131790399551392,0,True,False
21.274481296539307,4256,21.28,1,0.247072547674179,0.7529274821281433,0,True,False
21.2971875667572,4260,21.3,1,0.05306938290596,0.9469305872917176,0,True,False
21.31415295600891,4264,21.32,1,0.1253587305545807,0.8746412396430969,0,True,False
21.346322774887085,4268,21.34,1,0.0439766906201839,0.9560232758522034,0,True,False
21.36423134803772,4272,21.36,1,0.1268012076616287,0.8731988072395325,0,True,False
21.376920223236084,4276,21.38,1,0.0313637480139732,0.9686362743377686,0,True,False
21.39443254470825,4280,21.4,1,0.0940823480486869,0.9059176445007324,0,True,False
21.415659189224243,4284,21.42,1,0.0433126352727413,0.9566873908042908,0,True,False
21.44414472579956,4288,21.44,1,0.0487794540822505,0.9512205719947816,0,True,False
21.46466898918152,4292,21.46,1,0.0367297977209091,0.9632702469825744,0,True,False
21.474330186843872,4296,21.48,1,0.0246576461941003,0.9753422737121582,0,True,False
21.49444890022278,4300,21.5,1,0.0653916075825691,0.9346084594726562,0,True,False
21.53433322906494,4304,21.52,1,0.0356911309063434,0.9643089175224304,0,True,False
21.544081449508667,4308,21.54,1,0.0916546285152435,0.9083454012870787,0,True,False
21.565237522125244,4312,21.56,1,0.0240016859024763,0.9759983420372008,0,True,False
21.584307432174683,4316,21.58,1,0.0293335542082786,0.9706664085388184,0,True,False
21.594159603118896,4320,21.6,1,0.0449422411620616,0.955057680606842,0,True,False
21.61719417572021,4324,21.62,1,0.0378879085183143,0.9621120691299438,0,True,False
21.64443349838257,4328,21.64,1,0.1024044007062912,0.8975955843925476,0,True,False
21.66431188583374,4332,21.66,1,0.0249843914061784,0.9750155806541444,0,True,False
21.674241065979004,4336,21.68,1,0.0519764199852943,0.948023557662964,0,True,False
21.694948196411133,4340,21.7,1,0.0384500809013843,0.9615499377250672,0,True,False
21.734517574310303,4344,21.72,1,0.0807793289422988,0.9192206263542176,0,True,False
21.744337558746334,4348,21.74,1,0.0309558846056461,0.9690441489219666,0,True,False
21.764411211013797,4352,21.76,1,0.1188410818576812,0.8811588883399963,0,True,False
21.78447294235229,4356,21.78,1,0.09621012955904,0.9037898778915404,0,True,False
21.794182777404785,4360,21.8,1,0.0402997508645057,0.9597002267837524,0,True,False
21.834161281585693,4364,21.82,1,0.0411281920969486,0.958871841430664,0,True,False
21.844208240509037,4368,21.84,1,0.0266263950616121,0.9733736515045166,0,True,False
21.864367961883545,4372,21.86,1,0.0744988247752189,0.9255012273788452,0,True,False
21.884994506835938,4376,21.88,1,0.0366908386349678,0.9633091688156128,0,True,False
21.90243411064148,4380,21.9,1,0.1076348274946212,0.8923651576042175,0,True,False
21.91429042816162,4384,21.92,1,0.0237402115017175,0.9762598276138306,0,True,False
21.94937896728516,4388,21.94,1,0.0321038104593753,0.9678961634635924,0,True,False
21.96414446830749,4392,21.96,1,0.0416797287762165,0.9583203196525574,0,True,False
21.974515438079838,4396,21.98,1,0.0380037352442741,0.9619961977005004,0,True,False
21.99419450759888,4400,22.0,1,0.1157549321651458,0.8842450380325317,0,True,False
22.03437447547913,4404,22.02,1,0.0253508910536766,0.9746491312980652,0,True,False
22.044480562210083,4408,22.04,1,0.0327000766992569,0.9672999382019044,0,True,False
22.06426429748535,4412,22.06,1,0.0379672646522522,0.9620327353477478,0,True,False
22.0842559337616,4416,22.08,1,0.05240348726511,0.947596549987793,0,True,False
22.09412980079651,4420,22.1,1,0.029468361288309,0.9705316424369812,0,True,False
22.114522218704224,4424,22.12,1,0.0604549199342727,0.9395450949668884,0,True,False
22.144123792648315,4428,22.14,1,0.114779345691204,0.8852207064628601,0,True,False
22.164193630218502,4432,22.16,1,0.0399580895900726,0.960041880607605,0,True,False
22.17450475692749,4436,22.18,1,0.1352816522121429,0.8647183179855347,0,True,False
22.199488162994385,4440,22.2,1,0.0330075025558471,0.9669925570487976,0,True,False
22.23634433746338,4444,22.22,1,0.0451439470052719,0.9548560380935668,0,True,False
22.244276762008667,4448,22.24,1,0.0569788590073585,0.9430211782455444,0,True,False
22.268226385116577,4452,22.26,1,0.0412568412721157,0.9587432146072388,0,True,False
22.284358739852905,4456,22.28,1,0.047154001891613,0.9528459310531616,0,True,False
22.302640914916992,4460,22.3,1,0.0290528796613216,0.9709470868110656,0,True,False
22.336289644241333,4464,22.32,1,0.0784033313393592,0.9215967059135436,0,True,False
22.353136777877808,4468,22.34,1,0.0415205843746662,0.9584794044494628,0,True,False
22.368213653564453,4472,22.36,1,0.1035241112112999,0.8964758515357971,0,True,False
22.384457111358643,4476,22.38,1,0.0405822694301605,0.959417760372162,0,True,False
22.395087480545044,4480,22.4,1,0.037056066095829,0.9629439115524292,0,True,False
22.434234142303467,4484,22.42,1,0.0409220419824123,0.9590779542922974,0,True,False
22.444319248199463,4488,22.44,1,0.0754380598664283,0.9245619773864746,0,True,False
22.464439868927,4492,22.46,1,0.0303439293056726,0.9696560502052308,0,True,False
22.484278917312626,4496,22.48,1,0.0561438649892807,0.943856120109558,0,True,False
22.502193927764893,4500,22.5,1,0.1050399243831634,0.8949601054191589,0,True,False
22.51855158805847,4504,22.52,1,0.0390777364373207,0.9609222412109376,0,True,False
22.553083658218384,4508,22.54,1,0.1025048270821571,0.8974951505661011,0,True,False
22.5681734085083,4512,22.56,1,0.0321539975702762,0.9678460359573364,0,True,False
22.584451913833615,4516,22.58,1,0.0293524973094463,0.9706474542617798,0,True,False
22.59408450126648,4520,22.6,1,0.0424606651067733,0.9575393795967102,0,True,False
22.618162155151367,4524,22.62,1,0.0402355603873729,0.9597644209861756,0,True,False
22.65266895294189,4528,22.64,1,0.0283680707216262,0.9716320037841796,0,True,False
22.66852617263794,4532,22.66,1,0.0314138270914554,0.9685861468315125,0,True,False
22.69057846069336,4536,22.68,1,0.0618623048067092,0.938137710094452,0,True,False
22.6969575881958,4540,22.7,1,0.0385924018919467,0.9614076018333436,0,True,False
22.714441061019897,4544,22.72,1,0.1140738576650619,0.8859261870384216,0,True,False
22.740431308746334,4548,22.74,1,0.024511694908142,0.9754882454872132,0,True,False
22.770871877670288,4552,22.76,1,0.0539278276264667,0.9460721611976624,0,True,False
22.784427881240845,4556,22.78,1,0.0409820824861526,0.9590178728103638,0,True,False
22.794408559799194,4560,22.8,1,0.0487433522939682,0.9512566328048706,0,True,False
22.81928300857544,4564,22.82,1,0.0403849631547927,0.9596149921417236,0,True,False
22.85180974006653,4568,22.84,1,0.0323101989924907,0.96768981218338,0,True,False
22.870248079299927,4572,22.86,1,0.0714405179023742,0.9285594820976256,0,True,False
22.884539127349854,4576,22.88,1,0.0505300462245941,0.9494699835777284,0,True,False
22.89413619041443,4580,22.9,1,0.1569010317325592,0.8430989980697632,0,True,False
22.919127941131592,4584,22.92,1,0.0595436915755271,0.9404563307762146,0,True,False
22.94449257850647,4588,22.94,1,0.1689348071813583,0.8310652375221252,0,True,False
22.967026472091675,4592,22.96,1,0.1284570842981338,0.8715428709983826,0,True,False
22.979043006896973,4596,22.98,1,0.1851533502340316,0.8148466348648071,0,True,False
22.994207620620728,4600,23.0,1,0.230737954378128,0.7692620754241943,0,True,False
23.019174337387085,4604,23.02,1,0.158321663737297,0.8416783213615417,0,True,False
23.044330596923828,4608,23.04,1,0.214026540517807,0.7859734296798706,0,True,False
23.070502519607544,4612,23.06,1,0.0960926637053489,0.903907299041748,0,True,False
23.085542917251587,4616,23.08,1,0.2111287117004394,0.7888712882995605,0,True,False
23.112818241119385,4620,23.1,1,0.187583714723587,0.8124163150787354,0,True,False
23.12545228004456,4624,23.12,1,0.1810567378997802,0.8189432621002197,0,True,False
23.152055740356445,4628,23.14,1,0.1658123880624771,0.8341876268386841,0,True,False
23.16808319091797,4632,23.16,1,0.3600648939609527,0.6399351358413696,0,True,False
23.18560552597046,4636,23.18,1,0.4782713055610657,0.5217286348342896,0,True,False
23.215471267700195,4640,23.2,0,0.5526193380355835,0.4473806917667389,0,True,True
23.23118472099304,4644,23.22,0,0.7567591667175293,0.2432408332824707,0,True,True
23.25066614151001,4648,23.24,1,0.331777274608612,0.6682227849960327,0,True,False
23.2709481716156,4652,23.26,0,0.7919714450836182,0.2080285549163818,0,True,True
23.28852868080139,4656,23.28,0,0.8043833374977112,0.1956166625022888,0,True,True
23.30883026123047,4660,23.3,0,0.8546762466430664,0.1453237831592559,0,True,True
23.32753849029541,4664,23.32,0,0.8852031230926514,0.114796906709671,0,True,True
23.34766674041748,4668,23.34,0,0.8803732395172119,0.1196268275380134,0,True,True
23.365759134292603,4672,23.36,0,0.8885511755943298,0.1114488318562507,0,True,True
23.38171124458313,4676,23.38,0,0.889937698841095,0.1100622564554214,0,True,True
23.407828092575077,4680,23.4,0,0.889847457408905,0.1101524978876113,0,True,True
23.414198637008667,4684,23.42,0,0.8889616131782532,0.1110383421182632,0,True,True
23.455646276474,4688,23.44,0,0.8888033628463745,0.1111966148018837,0,True,True
23.46634793281555,4692,23.46,0,0.8904500007629395,0.1095500215888023,0,True,True
23.47627091407776,4696,23.48,0,0.8907594680786133,0.1092405393719673,0,True,True
23.49412512779236,4700,23.5,0,0.8890926837921143,0.1109073013067245,0,True,True
23.514315843582157,4704,23.52,0,0.88841313123703,0.1115869358181953,0,True,True
23.544400930404663,4708,23.54,0,0.8857412934303284,0.1142586469650268,0,True,True
23.56457901000977,4712,23.56,0,0.8899383544921875,0.1100616306066513,0,True,True
23.58621573448181,4716,23.58,0,0.8908978700637817,0.1091021075844764,0,True,True
23.60079288482666,4720,23.6,0,0.8904770612716675,0.1095229387283325,0,True,True
23.63470029830933,4724,23.62,0,0.8889492750167847,0.1110507175326347,0,True,True
23.650508165359497,4728,23.64,0,0.8902015686035156,0.1097984760999679,0,True,True
23.66850209236145,4732,23.66,0,0.8785528540611267,0.1214471384882927,0,True,True
23.68416905403137,4736,23.68,0,0.8885484337806702,0.1114515960216522,0,True,True
23.700475931167603,4740,23.7,0,0.8875887393951416,0.1124112606048584,0,True,True
23.733561038970947,4744,23.72,0,0.8897525072097778,0.1102475151419639,0,True,True
23.750065326690677,4748,23.74,0,0.879630446434021,0.1203696131706237,0,True,True
23.767333984375,4752,23.76,0,0.8869953751564026,0.113004595041275,0,True,True
23.782453775405884,4756,23.78,0,0.8906600475311279,0.1093398928642273,0,True,True
23.79862189292908,4760,23.8,0,0.8895207643508911,0.1104791834950447,1,True,False
23.819443702697757,4764,23.82,0,0.8825231194496155,0.1174768581986427,1,True,False
23.84697461128235,4768,23.84,0,0.888805091381073,0.1111949458718299,1,True,False
23.864444971084595,4772,23.86,0,0.8898001909255981,0.1101998090744018,1,True,False
23.88447880744934,4776,23.88,0,0.8909085988998413,0.109091430902481,1,True,False
23.89690899848938,4780,23.9,0,0.8819605112075806,0.1180394738912582,1,True,False
23.919881343841556,4784,23.92,0,0.8891141414642334,0.1108858734369278,1,True,False
23.954411506652832,4788,23.94,0,0.8889003992080688,0.1110996454954147,1,True,False
23.96931028366089,4792,23.96,0,0.88788241147995,0.1121176183223724,1,True,False
23.98433017730713,4796,23.98,0,0.8841500878334045,0.1158499494194984,1,True,False
24.00430011749268,4800,24.0,0,0.8881093263626099,0.1118907481431961,1,True,False
24.01931071281433,4804,24.02,0,0.8883323669433594,0.1116675734519958,1,True,False
24.04834032058716,4808,24.04,0,0.889650285243988,0.1103496849536895,1,True,False
24.069311380386356,4812,24.06,0,0.8851042985916138,0.1148957014083862,1,True,False
24.08427762985229,4816,24.08,0,0.8869258761405945,0.1130741536617279,1,True,False
24.09652352333069,4820,24.1,0,0.8886541128158569,0.1113458648324012,1,True,False
24.119313955307007,4824,24.12,0,0.8871686458587646,0.1128313466906547,1,True,False
24.15419626235962,4828,24.14,0,0.8885964155197144,0.1114035323262214,1,True,False
24.169477224349976,4832,24.16,0,0.8887895345687866,0.1112104430794715,1,True,False
24.18502259254456,4836,24.18,0,0.8880603313446045,0.1119397208094596,1,True,False
24.199843883514404,4840,24.2,0,0.8841825723648071,0.1158174574375152,1,True,False
24.23314666748047,4844,24.22,0,0.8640903234481812,0.1359097212553024,1,True,False
24.24875807762146,4848,24.24,0,0.8825997710227966,0.1174002438783645,1,True,False
24.264251947402958,4852,24.26,0,0.8895228505134583,0.1104771792888641,1,True,False
24.287334442138672,4856,24.28,0,0.8901973366737366,0.109802708029747,1,True,False
24.297869205474854,4860,24.3,0,0.8887101411819458,0.1112898215651512,1,True,False
24.320528745651245,4864,24.32,0,0.8690893650054932,0.1309106051921844,1,True,False
24.35446190834045,4868,24.34,0,0.876400351524353,0.1235996559262275,1,True,False
24.3690128326416,4872,24.36,0,0.8841680288314819,0.115832008421421,1,True,False
24.37962245941162,4876,24.38,0,0.8859513401985168,0.1140486449003219,1,True,False
24.41055989265442,4880,24.4,0,0.886997640132904,0.1130023300647735,1,True,False
24.41579389572144,4884,24.42,0,0.8816328644752502,0.1183671578764915,1,True,False
24.451462745666504,4888,24.44,0,0.8898656964302063,0.1101343482732772,1,True,False
24.46634602546692,4892,24.46,0,0.8905014395713806,0.109498530626297,1,True,False
24.486644744873047,4896,24.48,0,0.878609836101532,0.1213902384042739,1,True,False
24.499549388885494,4900,24.5,0,0.8865634799003601,0.1134364604949951,1,True,False
24.51858925819397,4904,24.52,0,0.8886698484420776,0.1113301143050193,1,True,False
24.554287910461422,4908,24.54,0,0.8838052153587341,0.1161947473883628,1,True,False
24.570489406585693,4912,24.56,0,0.889473557472229,0.1105265021324157,1,True,False
24.58727502822876,4916,24.58,0,0.891141951084137,0.1088580563664436,1,True,False
24.60431790351868,4920,24.6,0,0.8891530632972717,0.11084695905447,1,True,False
24.620291471481323,4924,24.62,0,0.8779180645942688,0.1220819056034088,1,True,False
24.654258251190186,4928,24.64,0,0.8886780738830566,0.1113219633698463,1,True,False
24.66417169570923,4932,24.66,0,0.890152096748352,0.1098479703068733,1,True,False
24.68725824356079,4936,24.68,0,0.8854135274887085,0.1145864352583885,1,True,False
24.70431661605835,4940,24.7,0,0.8892633318901062,0.1107366755604744,1,True,False
24.72017502784729,4944,24.72,0,0.8887374401092529,0.1112625449895858,1,True,False
24.754377365112305,4948,24.74,0,0.8884561061859131,0.1115438789129257,1,True,False
24.77037763595581,4952,24.76,0,0.8870622515678406,0.1129377335309982,1,True,False
24.784403562545776,4956,24.78,0,0.8882305026054382,0.1117695122957229,1,True,False
24.80445003509521,4960,24.8,0,0.8900566101074219,0.1099433973431587,1,True,False
24.81433939933777,4964,24.82,0,0.8897289037704468,0.1102711409330368,1,True,False
24.85453987121582,4968,24.84,0,0.8890188932418823,0.1109811067581176,1,True,False
24.87060570716858,4972,24.86,0,0.8758612275123596,0.1241387948393821,1,True,False
24.8865225315094,4976,24.88,0,0.8841398358345032,0.1158602312207222,1,True,False
24.904412508010864,4980,24.9,0,0.8861433863639832,0.1138565987348556,1,True,False
24.919196844100952,4984,24.92,0,0.8888182640075684,0.1111816987395286,1,True,False
24.954317808151245,4988,24.94,0,0.8899056315422058,0.1100944280624389,1,True,False
24.97066378593445,4992,24.96,0,0.8557592034339905,0.1442407667636871,1,True,False
24.98120212554932,4996,24.98,0,0.8835721015930176,0.1164278984069824,1,True,False
25.002767086029053,5000,25.0,0,0.8815066814422607,0.1184933185577392,1,True,False
25.01816487312317,5004,25.02,0,0.8868263363838196,0.1131736785173416,1,True,False
25.045302152633667,5008,25.04,0,0.8899313807487488,0.1100686192512512,1,True,False
25.06135106086731,5012,25.06,0,0.8777247667312622,0.1222752034664154,1,True,False
25.081063508987427,5016,25.08,0,0.8831229209899902,0.1168770939111709,1,True,False
25.106311321258545,5020,25.1,0,0.8879867196083069,0.1120133250951767,1,True,False
25.119320392608643,5024,25.12,0,0.8880185484886169,0.1119814366102218,1,True,False
25.147255182266235,5028,25.14,0,0.8846451044082642,0.1153549477458,1,True,False
25.16131353378296,5032,25.16,0,0.8716238141059875,0.1283761411905288,1,True,False
25.18456077575684,5036,25.18,0,0.8885095715522766,0.1114904657006263,1,True,False
25.204432010650635,5040,25.2,0,0.8832862377166748,0.1167137399315834,1,True,False
25.220256328582764,5044,25.22,0,0.8865505456924438,0.1134493872523307,1,True,False
25.25002264976501,5048,25.24,0,0.8708651065826416,0.1291348785161972,1,True,False
25.269322395324707,5052,25.26,0,0.8874626755714417,0.1125372946262359,1,True,False
25.284151077270508,5056,25.28,0,0.8895272016525269,0.1104728430509567,1,True,False
25.304304838180546,5060,25.3,0,0.8900892734527588,0.1099107787013053,1,True,False
25.32710361480713,5064,25.32,0,0.8883395195007324,0.1116604804992675,1,True,False
25.344146013259888,5068,25.34,0,0.8893532752990723,0.1106467097997665,1,True,False
25.36441421508789,5072,25.36,0,0.888137698173523,0.1118622720241546,1,True,False
25.386664390563965,5076,25.38,0,0.886945366859436,0.1130546107888221,1,True,False
25.404398918151852,5080,25.4,0,0.8838063478469849,0.1161936745047569,1,True,False
25.430437326431274,5084,25.42,0,0.8771665096282959,0.122833527624607,1,True,False
25.45011949539185,5088,25.44,0,0.8830969929695129,0.1169029772281646,1,True,False
25.464232683181763,5092,25.46,0,0.8889967203140259,0.1110032945871353,1,True,False
25.484390258789062,5096,25.48,0,0.8886899948120117,0.1113099828362464,1,True,False
25.49421548843384,5100,25.5,0,0.8905649781227112,0.1094350814819336,1,True,False
25.51449155807495,5104,25.52,0,0.8719232678413391,0.1280767619609832,1,True,False
25.544343948364254,5108,25.54,0,0.8880876898765564,0.1119123101234436,1,True,False
25.564350605010983,5112,25.56,0,0.8901218771934509,0.1098781079053878,1,True,False
25.584428310394287,5116,25.58,0,0.890917181968689,0.1090828031301498,1,True,False
25.594288110733032,5120,25.6,0,0.8910203576087952,0.1089796274900436,1,True,False
25.619086265563965,5124,25.62,0,0.8846776485443115,0.1153223514556884,1,True,False
25.64431309700012,5128,25.64,0,0.8875946402549744,0.1124053746461868,1,True,False
25.664430618286133,5132,25.66,0,0.8894937038421631,0.1105063259601593,1,True,False
25.683189630508423,5136,25.68,0,0.8863419890403748,0.1136580929160118,1,True,False
25.6982741355896,5140,25.7,0,0.8838671445846558,0.1161328256130218,1,True,False
25.737094163894653,5144,25.72,0,0.8868131041526794,0.1131869405508041,1,True,False
25.75043559074402,5148,25.74,0,0.8876465559005737,0.112353391945362,1,True,False
25.7643301486969,5152,25.76,0,0.884545624256134,0.1154543757438659,1,True,False
25.7799289226532,5156,25.78,0,0.8859757781028748,0.1140242218971252,1,True,False
25.80419969558716,5160,25.8,0,0.8888691067695618,0.1111308634281158,1,True,False
25.814197063446045,5164,25.82,0,0.89035964012146,0.109640322625637,1,True,False
25.84719300270081,5168,25.84,0,0.8891715407371521,0.1108284592628479,1,True,False
25.8646457195282,5172,25.86,0,0.859850287437439,0.1401497423648834,1,True,False
25.88448548316956,5176,25.88,0,0.8860099911689758,0.1139900237321853,1,True,False
25.894454956054688,5180,25.9,0,0.889312207698822,0.1106877923011779,1,True,False
25.916951417922974,5184,25.92,0,0.8851950168609619,0.1148049533367157,1,True,False
25.954490661621094,5188,25.94,0,0.8899500966072083,0.1100499331951141,1,True,False
25.964439153671265,5192,25.96,0,0.8900607228279114,0.1099392995238304,1,True,False
25.984585285186768,5196,25.98,0,0.8896615505218506,0.1103384494781494,1,True,False
25.99436497688293,5200,26.0,0,0.8827863335609436,0.1172136664390564,1,True,False
26.03185200691223,5204,26.02,0,0.8873757719993591,0.1126242205500602,1,True,False
26.04833149909973,5208,26.04,0,0.8878818154335022,0.1121182069182396,1,True,False
26.065316200256348,5212,26.06,0,0.8868411183357239,0.1131589189171791,1,True,False
26.07524299621582,5216,26.08,0,0.889585018157959,0.1104149520397186,1,True,False
26.11438012123108,5220,26.1,0,0.8890135884284973,0.1109863370656967,1,True,False
26.13685607910156,5224,26.12,0,0.8876253366470337,0.1123746111989021,1,True,False
26.144184589385983,5228,26.14,0,0.8900370597839355,0.1099630072712898,1,True,False
26.17002558708191,5232,26.16,0,0.8858763575553894,0.1141235902905464,1,True,False
26.18442130088806,5236,26.18,0,0.8892133831977844,0.1107866242527961,1,True,False
26.194462060928345,5240,26.2,0,0.8901679515838623,0.1098320484161377,1,True,False
26.22039031982422,5244,26.22,0,0.8894415497779846,0.1105584800243377,1,True,False
26.252528190612797,5248,26.24,0,0.8890829682350159,0.1109170094132423,1,True,False
26.2688512802124,5252,26.26,0,0.8893713355064392,0.1106286644935607,1,True,False
26.28772354125977,5256,26.28,0,0.8902912139892578,0.1097088083624839,1,True,False
26.298534154891968,5260,26.3,0,0.8859030604362488,0.1140969097614288,1,True,False
26.331997632980347,5264,26.32,0,0.8882377743721008,0.1117622405290603,1,True,False
26.349539279937744,5268,26.34,0,0.8861009478569031,0.1138990148901939,1,True,False
26.364753246307373,5272,26.36,0,0.8907802104949951,0.1092197969555854,1,True,False
26.382139921188354,5276,26.38,0,0.8882695436477661,0.1117304861545562,1,True,False
26.41792249679565,5280,26.4,0,0.8853135704994202,0.1146863922476768,1,True,False
26.425313234329224,5284,26.42,0,0.8846369385719299,0.1153630837798118,1,True,False
26.44423246383667,5288,26.44,0,0.877067506313324,0.122932456433773,1,True,False
26.466551303863525,5292,26.46,0,0.8895528316497803,0.1104470863938331,1,True,False
26.48781108856201,5296,26.48,0,0.8892255425453186,0.1107744202017784,1,True,False
26.499485969543457,5300,26.5,0,0.8884334564208984,0.1115665286779403,1,True,False
26.519679307937626,5304,26.52,0,0.8733644485473633,0.1266355663537979,1,True,False
26.544480800628666,5308,26.54,0,0.8843757510185242,0.1156242191791534,1,True,False
26.566650390625,5312,26.56,0,0.8895332217216492,0.110466793179512,1,True,False
26.58428955078125,5316,26.58,0,0.8906614184379578,0.1093385964632034,1,True,False
26.594385385513306,5320,26.6,0,0.8863452672958374,0.1136547997593879,1,True,False
26.61945152282715,5324,26.62,0,0.8794177770614624,0.1205822080373764,1,True,False
26.64229655265808,5328,26.64,0,0.8747156858444214,0.1252843588590622,1,True,False
26.66464591026306,5332,26.66,0,0.8894618153572083,0.1105381548404693,1,True,False
26.68524169921875,5336,26.68,0,0.8903716206550598,0.1096283197402954,1,True,False
26.6942880153656,5340,26.7,0,0.8899973034858704,0.1100026965141296,1,True,False
26.717103481292725,5344,26.72,0,0.8890198469161987,0.110980212688446,1,True,False
26.754189491271973,5348,26.74,0,0.8894945383071899,0.1105054765939712,1,True,False
26.76804208755493,5352,26.76,0,0.8904419541358948,0.1095580607652664,1,True,False
26.77961039543152,5356,26.78,0,0.8888283967971802,0.1111715659499168,1,True,False
26.814634561538696,5360,26.8,0,0.8884339928627014,0.1115660443902015,1,True,False
26.831647634506226,5364,26.82,0,0.8870788812637329,0.1129211038351059,1,True,False
26.84461498260498,5368,26.84,0,0.8902620077133179,0.1097379103302955,1,True,False
26.86954665184021,5372,26.86,0,0.8845467567443848,0.1154532432556152,1,True,False
26.887559175491333,5376,26.88,0,0.8884769082069397,0.1115231066942215,1,True,False
26.90403532981873,5380,26.9,0,0.8896751999855042,0.1103247925639152,1,True,False
26.934465885162357,5384,26.92,0,0.8769686818122864,0.12303127348423,1,True,False
26.954223155975345,5388,26.94,0,0.8755968809127808,0.124403104186058,1,True,False
26.97137975692749,5392,26.96,0,0.8897036910057068,0.1102962791919708,1,True,False
26.97957754135132,5396,26.98,0,0.8825105428695679,0.1174893900752067,1,True,False
26.999903440475464,5400,27.0,0,0.8889470100402832,0.1110530048608779,1,True,False
27.01898717880249,5404,27.02,0,0.876865029335022,0.123135045170784,1,True,False
27.051756858825684,5408,27.04,0,0.8854438066482544,0.1145562008023262,1,True,False
27.060070276260376,5412,27.06,0,0.8888441324234009,0.1111558899283409,1,True,False
27.087696075439453,5416,27.08,0,0.8845561742782593,0.1154437810182571,1,True,False
27.101973056793213,5420,27.1,0,0.8896351456642151,0.1103649288415908,1,True,False
27.12127494812012,5424,27.12,0,0.8895858526229858,0.1104141399264335,1,True,False
27.15249991416931,5428,27.14,0,0.889594554901123,0.1104054972529411,1,True,False
27.16438055038452,5432,27.16,0,0.8884627223014832,0.1115373075008392,1,True,False
27.1892728805542,5436,27.18,0,0.8885422348976135,0.111457772552967,1,True,False
27.20444750785828,5440,27.2,0,0.8896840810775757,0.1103158891201019,1,True,False
27.21950888633728,5444,27.22,0,0.8892024755477905,0.1107974871993064,1,True,False
27.247466325759888,5448,27.24,0,0.8715804815292358,0.1284195929765701,1,True,False
27.2666494846344,5452,27.26,0,0.8888291716575623,0.1111707985401153,1,True,False
27.28440403938293,5456,27.28,0,0.8848431706428528,0.1151568070054054,1,True,False
27.30323553085327,5460,27.3,0,0.8877686858177185,0.1122313514351844,1,True,False
27.3345468044281,5464,27.32,0,0.8894706964492798,0.1105293184518814,1,True,False
27.35468888282776,5468,27.34,0,0.8839699625968933,0.1160300746560096,1,True,False
27.371169567108154,5472,27.36,0,0.8883354067802429,0.1116645634174346,1,True,False
27.387859344482425,5476,27.38,0,0.8904280066490173,0.1095720082521438,1,True,False
27.41432857513428,5480,27.4,0,0.8906068205833435,0.1093931645154953,1,True,False
27.42549467086792,5484,27.42,0,0.889345109462738,0.1106549501419067,1,True,False
27.444268703460693,5488,27.44,0,0.8901923894882202,0.109807550907135,1,True,False
27.466023445129395,5492,27.46,0,0.8877921104431152,0.1122079566121101,1,True,False
27.48435950279236,5496,27.48,0,0.8906748294830322,0.1093251779675483,1,True,False
27.49439811706543,5500,27.5,0,0.8877003788948059,0.1122995838522911,1,True,False
27.514809131622314,5504,27.52,0,0.8864667415618896,0.1135332360863685,1,True,False
27.5544011592865,5508,27.54,0,0.8897706270217896,0.1102293357253074,1,True,False
27.56457233428955,5512,27.56,0,0.8902567625045776,0.1097432971000671,1,True,False
27.587502241134644,5516,27.58,0,0.8878070116043091,0.1121929287910461,1,True,False
27.594480991363525,5520,27.6,0,0.8878728747367859,0.1121271103620529,1,True,False
27.618622303009037,5524,27.62,0,0.8894190192222595,0.110580988228321,1,True,False
27.644673347473145,5528,27.64,0,0.8903769254684448,0.1096230372786521,1,True,False
27.664405345916748,5532,27.66,0,0.88199383020401,0.1180061995983123,1,True,False
27.68453025817871,5536,27.68,0,0.8879522085189819,0.1120477840304374,1,True,False
27.703608989715576,5540,27.7,0,0.8896306753158569,0.1103692799806594,1,True,False
27.718615293502808,5544,27.72,0,0.8880014419555664,0.1119985729455947,1,True,False
27.7456648349762,5548,27.74,0,0.8859147429466248,0.1140852198004722,1,True,False
27.76579475402832,5552,27.76,0,0.8875678777694702,0.1124321371316909,1,True,False
27.784571647644043,5556,27.78,0,0.8863832354545593,0.1136167347431182,1,True,False
27.80563378334045,5560,27.8,0,0.8878511190414429,0.1121489182114601,1,True,False
27.820228815078732,5564,27.82,0,0.8883993625640869,0.1116005927324295,1,True,False
27.855714082717896,5568,27.84,0,0.8898149132728577,0.1101851314306259,1,True,False
27.867560148239136,5572,27.86,0,0.8882086873054504,0.1117913126945495,1,True,False
27.885286569595337,5576,27.88,0,0.8883056640625,0.1116943806409835,1,True,False
27.89926695823669,5580,27.9,0,0.8896040916442871,0.1103958711028099,1,True,False
27.914469480514526,5584,27.92,0,0.8901309370994568,0.1098690405488014,1,True,False
27.94454526901245,5588,27.94,0,0.890093207359314,0.1099067255854606,1,True,False
27.96432876586914,5592,27.96,0,0.8861327767372131,0.1138672307133674,1,True,False
27.98454070091248,5596,27.98,0,0.8876798152923584,0.1123202219605445,1,True,False
28.00502061843872,5600,28.0,0,0.8894679546356201,0.1105320081114769,1,True,False
28.01963758468628,5604,28.02,0,0.884226381778717,0.1157736256718635,1,True,False
28.051583766937256,5608,28.04,0,0.8887781500816345,0.1112219020724296,1,True,False
28.064673900604248,5612,28.06,0,0.8881057500839233,0.1118942573666572,1,True,False
28.084545135498047,5616,28.08,0,0.8901281952857971,0.1098717972636222,1,True,False
28.10457873344421,5620,28.1,0,0.8902579545974731,0.1097420081496238,1,True,False
28.12018346786499,5624,28.12,0,0.8829978108406067,0.1170021593570709,1,True,False
28.1500723361969,5628,28.14,0,0.8887448310852051,0.1112551838159561,1,True,False
28.165010929107662,5632,28.16,0,0.8900406360626221,0.1099593341350555,1,True,False
28.189863920211792,5636,28.18,0,0.8906659483909607,0.1093340963125228,1,True,False
28.203389883041385,5640,28.2,0,0.8847500681877136,0.1152499616146087,1,True,False
28.23036813735962,5644,28.22,0,0.8895007967948914,0.1104991659522056,1,True,False
28.25531911849976,5648,28.24,0,0.890091061592102,0.1099089756608009,1,True,False
28.26617741584778,5652,28.26,0,0.8846043348312378,0.1153957173228263,1,True,False
28.27974367141724,5656,28.28,0,0.8900092840194702,0.1099907532334327,1,True,False
28.315165519714355,5660,28.3,0,0.8876473307609558,0.1123526990413665,1,True,False
28.326984882354736,5664,28.32,0,0.8803712725639343,0.1196287423372268,1,True,False
28.343613862991333,5668,28.34,0,0.8798630237579346,0.1201370060443878,1,True,False
28.368601322174072,5672,28.36,0,0.8857952952384949,0.1142047569155693,1,True,False
28.38370084762573,5676,28.38,0,0.888873279094696,0.1111267432570457,1,True,False
28.40362572669983,5680,28.4,0,0.8905900120735168,0.1094099581241607,1,True,False
28.441123485565186,5684,28.42,0,0.8812278509140015,0.1187721416354179,1,True,False
28.447301387786865,5688,28.44,0,0.8874342441558838,0.112565778195858,1,True,False
28.478721857070923,5692,28.46,0,0.8887499570846558,0.1112500578165054,1,True,False
28.485255002975464,5696,28.48,0,0.8903801441192627,0.1096198782324791,1,True,False
28.50034499168396,5700,28.5,0,0.8909772634506226,0.109022781252861,1,True,False
28.52278423309326,5704,28.52,0,0.8899813294410706,0.110018715262413,1,True,False
28.55349826812744,5708,28.54,0,0.8850916028022766,0.1149083971977233,1,True,False
28.56873893737793,5712,28.56,0,0.885913610458374,0.1140864193439483,1,True,False
28.585542917251587,5716,28.58,0,0.889555811882019,0.1104441806674003,1,True,False
28.599584579467773,5720,28.6,0,0.8897696137428284,0.110230416059494,1,True,False
28.635707139968872,5724,28.62,0,0.8853715062141418,0.1146285086870193,1,True,False
28.65151286125183,5728,28.64,0,0.8849056363105774,0.1150943860411644,1,True,False
28.66653943061829,5732,28.66,0,0.8813542127609253,0.1186458021402359,1,True,False
28.692809581756592,5736,28.68,0,0.8865860104560852,0.1134139969944953,1,True,False
28.71578097343445,5740,28.7,0,0.8902115821838379,0.1097883656620979,1,True,False
28.73536515235901,5744,28.72,0,0.8871894478797913,0.1128105595707893,1,True,False
28.754311084747314,5748,28.74,0,0.8768761157989502,0.1231238916516304,1,True,False
28.769110679626465,5752,28.76,0,0.8819724917411804,0.1180275157094001,1,True,False
28.79147958755493,5756,28.78,0,0.883324146270752,0.1166758835315704,1,True,False
28.804295301437374,5760,28.8,0,0.8901275396347046,0.1098724752664566,1,True,False
28.81463742256165,5764,28.82,0,0.8711942434310913,0.1288057565689087,1,True,False
28.85471653938293,5768,28.84,0,0.8889708518981934,0.1110291481018066,1,True,False
28.86910915374756,5772,28.86,0,0.8889082074165344,0.1110918000340461,1,True,False
28.877973318099976,5776,28.88,0,0.8877834677696228,0.1122165620326995,1,True,False
28.90473675727844,5780,28.9,0,0.8897308707237244,0.1102691516280174,1,True,False
28.92076563835144,5784,28.92,0,0.8879096508026123,0.1120903491973877,1,True,False
28.95577073097229,5788,28.94,0,0.8896979689598083,0.1103020384907722,1,True,False
28.97027826309204,5792,28.96,0,0.8834676146507263,0.1165324300527572,1,True,False
28.986637830734253,5796,28.98,0,0.8899299502372742,0.1100700870156288,1,True,False
29.010854721069336,5800,29.0,0,0.8911667466163635,0.1088332384824752,1,True,False
29.020833730697632,5804,29.02,0,0.8864208459854126,0.1135792136192321,1,True,False
29.04226875305176,5808,29.04,0,0.8835121989250183,0.1164878606796264,1,True,False
29.06575870513916,5812,29.06,0,0.8895599246025085,0.1104400902986526,1,True,False
29.087132453918457,5816,29.08,0,0.8889139294624329,0.1110861077904701,1,True,False
29.09717702865601,5820,29.1,0,0.8883029222488403,0.1116970181465148,1,True,False
29.121819019317627,5824,29.12,0,0.8895062804222107,0.1104937419295311,1,True,False
29.15260148048401,5828,29.14,0,0.8846443295478821,0.1153556853532791,1,True,False
29.166792392730716,5832,29.16,0,0.8876201510429382,0.1123798042535781,1,True,False
29.18542194366455,5836,29.18,0,0.8883829712867737,0.1116169765591621,1,True,False
29.21051907539368,5840,29.2,0,0.8881779313087463,0.1118220686912536,1,True,False
29.22746729850769,5844,29.22,0,0.8900544047355652,0.1099455505609512,1,True,False
29.249664783477783,5848,29.24,0,0.8870289325714111,0.1129710599780082,1,True,False
29.269339323043823,5852,29.26,0,0.888769268989563,0.11123076826334,1,True,False
29.284722805023197,5856,29.28,0,0.8871289491653442,0.1128710061311721,1,True,False
29.31122136116028,5860,29.3,0,0.8897207975387573,0.1102791503071785,1,True,False
29.319355487823486,5864,29.32,0,0.8885170817375183,0.1114829257130622,1,True,False
29.35435175895691,5868,29.34,0,0.8896075487136841,0.1103923991322517,1,True,False
29.364280700683597,5872,29.36,0,0.8868134617805481,0.1131865233182907,1,True,False
29.384668350219727,5876,29.38,0,0.8907049894332886,0.1092950031161308,1,True,False
29.404577016830444,5880,29.4,0,0.8892250657081604,0.1107749491930008,1,True,False
29.420857429504395,5884,29.42,0,0.8804875016212463,0.1195124387741088,1,True,False
29.449032306671143,5888,29.44,0,0.8884561061859131,0.1115439087152481,1,True,False
29.469330549240112,5892,29.46,0,0.8889531493186951,0.1110468357801437,1,True,False
29.485795497894287,5896,29.48,0,0.8896608948707581,0.1103390827775001,1,True,False
29.503424167633057,5900,29.5,0,0.8894412517547607,0.1105587407946586,1,True,False
29.51876544952393,5904,29.52,0,0.8785598278045654,0.1214401423931121,1,True,False
29.546689987182617,5908,29.54,0,0.8892530798912048,0.1107468754053115,1,True,False
29.55994129180908,5912,29.56,0,0.8902944326400757,0.1097055673599243,1,True,False
29.58876919746399,5916,29.58,0,0.8884999752044678,0.1115000247955322,1,True,False
29.604437112808228,5920,29.6,0,0.8899564146995544,0.1100436225533485,1,True,False
29.6190984249115,5924,29.62,0,0.8835112452507019,0.1164887621998786,1,True,False
29.65446138381958,5928,29.64,0,0.8889332413673401,0.1110667511820793,1,True,False
29.66985273361206,5932,29.66,0,0.8891875743865967,0.1108123734593391,1,True,False
29.68648767471313,5936,29.68,0,0.8902845978736877,0.1097154170274734,1,True,False
29.703437328338623,5940,29.7,0,0.883795976638794,0.1162039786577224,1,True,False
29.719589471817017,5944,29.72,0,0.8781497478485107,0.1218502297997474,1,True,False
29.744460582733154,5948,29.74,0,0.8880422711372375,0.111957773566246,1,True,False
29.764610052108765,5952,29.76,0,0.8865231871604919,0.1134768277406692,1,True,False
29.78438234329224,5956,29.78,0,0.8845772743225098,0.1154227554798126,1,True,False
29.805052757263184,5960,29.8,0,0.8861696124076843,0.1138304322957992,1,True,False
29.82014489173889,5964,29.82,0,0.8832786083221436,0.1167214587330818,1,True,False
29.843445301055908,5968,29.84,0,0.8881023526191711,0.1118976175785064,1,True,False
29.86037826538086,5972,29.86,0,0.8837308883666992,0.1162690743803978,1,True,False
29.884554862976078,5976,29.88,0,0.8901878595352173,0.1098121255636215,1,True,False
29.90291547775269,5980,29.9,0,0.8903447985649109,0.1096552386879921,1,True,False
29.9345498085022,5984,29.92,0,0.8895266652107239,0.1104733273386955,1,True,False
29.943889141082764,5988,29.94,0,0.8889099955558777,0.1110899597406387,1,True,False
29.964446544647217,5992,29.96,0,0.8820165395736694,0.1179834380745887,1,True,False
29.98658013343811,5996,29.98,0,0.8900007605552673,0.109999194741249,1,True,False
30.001909255981445,6000,30.0,0,0.8906367421150208,0.1093633100390434,1,True,False
