wall_time_sec,end_sample,end_time_sec,pred_label,prob_Eyes Open,prob_Eyes Closed,true_label,valid_true_label,correct
1.9993772506713867,400,2.0,0,0.8659566044807434,0.1340434700250625,0,True,True
2.019686460494995,404,2.02,0,0.8751091361045837,0.1248908564448356,0,True,True
2.0445077419281006,408,2.04,0,0.8850454092025757,0.1149545684456825,0,True,True
2.0710315704345703,412,2.06,0,0.8705143332481384,0.1294856071472168,0,True,True
2.0866332054138184,416,2.08,0,0.8880958557128906,0.1119041815400123,0,True,True
2.10004997253418,420,2.1,0,0.8750500679016113,0.1249499022960662,0,True,True
2.1263813972473145,424,2.12,0,0.8848323822021484,0.1151676699519157,0,True,True
2.1418545246124268,428,2.14,0,0.8883873224258423,0.1116126477718353,0,True,True
2.166567802429199,432,2.16,0,0.8903518915176392,0.1096481084823608,0,True,True
2.182969331741333,436,2.18,0,0.8752312064170837,0.1247687935829162,0,True,True
2.2012171745300293,440,2.2,0,0.8877331614494324,0.1122667863965034,0,True,True
2.228570938110352,444,2.22,0,0.8885070085525513,0.1114929392933845,0,True,True
2.2408692836761475,448,2.24,0,0.8902531266212463,0.109746865928173,0,True,True
2.260594129562378,452,2.26,0,0.8835719227790833,0.1164280995726585,0,True,True
2.293853521347046,456,2.28,0,0.884206235408783,0.1157937422394752,0,True,True
2.3015265464782715,460,2.3,0,0.8844189047813416,0.1155810728669166,0,True,True
2.3232133388519287,464,2.32,0,0.8876529335975647,0.1123470887541771,0,True,True
2.3432648181915283,468,2.34,0,0.8877023458480835,0.1122976616024971,0,True,True
2.368983745574951,472,2.36,0,0.8838014006614685,0.1161986216902732,0,True,True
2.385287284851074,476,2.38,0,0.8671779036521912,0.1328220963478088,0,True,True
2.4030017852783203,480,2.4,0,0.8849467039108276,0.1150532588362693,0,True,True
2.4286556243896484,484,2.42,0,0.8785995244979858,0.1214005053043365,0,True,True
2.44944429397583,488,2.44,0,0.8850406408309937,0.1149593964219093,0,True,True
2.459214448928833,492,2.46,0,0.8352217674255371,0.1647782772779464,0,True,True
2.492934226989746,496,2.48,0,0.7189688086509705,0.2810312211513519,0,True,True
2.508572578430176,500,2.5,0,0.8738489151000977,0.1261510401964187,0,True,True
2.519191026687622,504,2.52,1,0.0569927208125591,0.9430072903633118,0,True,False
2.54311466217041,508,2.54,0,0.8487460613250732,0.1512539386749267,0,True,True
2.5694708824157715,512,2.56,0,0.7972314953804016,0.202768474817276,0,True,True
2.592112302780152,516,2.58,0,0.8717178702354431,0.1282821744680404,0,True,True
2.605607509613037,520,2.6,0,0.8494314551353455,0.1505684852600097,0,True,True
2.6340537071228027,524,2.62,0,0.8776242136955261,0.1223757788538932,0,True,True
2.6559183597564697,528,2.64,0,0.8023245930671692,0.1976754069328308,0,True,True
2.671727418899536,532,2.66,0,0.8831242322921753,0.1168757379055023,0,True,True
2.687027931213379,536,2.68,0,0.8840112090110779,0.1159887537360191,0,True,True
2.702173948287964,540,2.7,0,0.8893153071403503,0.1106847003102302,0,True,True
2.715144634246826,544,2.72,0,0.872089147567749,0.1279109120368957,0,True,True
2.7330989837646484,548,2.74,0,0.8678155541419983,0.1321844011545181,0,True,True
2.758809328079224,552,2.76,0,0.8880833387374878,0.1119166761636734,0,True,True
2.785632610321045,556,2.78,0,0.8884615898132324,0.1115384101867675,0,True,True
2.7984836101531982,560,2.8,0,0.8911325931549072,0.1088674515485763,0,True,True
2.817986249923706,564,2.82,0,0.8749192953109741,0.1250806897878646,0,True,True
2.8332741260528564,568,2.84,0,0.880806028842926,0.1191939339041709,0,True,True
2.859824657440185,572,2.86,0,0.8896018862724304,0.1103981360793113,0,True,True
2.89180588722229,576,2.88,0,0.8897852301597595,0.1102147325873375,0,True,True
2.902022123336792,580,2.9,0,0.8910650014877319,0.108934998512268,0,True,True
2.9265928268432617,584,2.92,0,0.8864487409591675,0.1135512068867683,0,True,True
2.9551424980163574,588,2.94,0,0.8691762089729309,0.1308238059282302,0,True,True
2.9750747680664062,592,2.96,0,0.8854783773422241,0.1145215928554534,0,True,True
2.987957239151001,596,2.98,0,0.8893559575080872,0.1106440052390098,0,True,True
3.002053022384644,600,3.0,0,0.8864663243293762,0.113533616065979,0,True,True
3.029104709625244,604,3.02,0,0.8679670095443726,0.1320330202579498,0,True,True
3.0332107543945312,608,3.04,0,0.8874613642692566,0.112538568675518,0,True,True
3.062239646911621,612,3.06,0,0.889282763004303,0.1107171848416328,0,True,True
3.0863516330718994,616,3.08,0,0.8799622654914856,0.1200377568602562,0,True,True
3.111736536026001,620,3.1,1,0.0821844488382339,0.9178155064582824,0,True,False
3.125034809112549,624,3.12,0,0.8589907288551331,0.1410092860460281,0,True,True
3.152414083480835,628,3.14,0,0.8873738050460815,0.1126261800527572,0,True,True
3.1681151390075684,632,3.16,0,0.8868061304092407,0.1131938770413398,0,True,True
3.1837825775146484,636,3.18,0,0.8765862584114075,0.1234136894345283,0,True,True
3.1981773376464844,640,3.2,0,0.8824061155319214,0.1175938546657562,0,True,True
3.216660499572754,644,3.22,0,0.8670228123664856,0.1329772025346756,0,True,True
3.2329258918762207,648,3.24,0,0.8699308037757874,0.1300692111253738,0,True,True
3.2609403133392334,652,3.26,0,0.856548011302948,0.1434520184993744,0,True,True
3.2854490280151367,656,3.28,0,0.8865616321563721,0.1134383305907249,0,True,True
3.2998783588409424,660,3.3,0,0.8880655169487,0.1119345650076866,0,True,True
3.3181638717651367,664,3.32,0,0.8904199600219727,0.1095800697803497,0,True,True
3.333130121231079,668,3.34,0,0.8811856508255005,0.1188143938779831,0,True,True
3.349549531936645,672,3.36,0,0.8846811056137085,0.1153189018368721,0,True,True
3.3850393295288086,676,3.38,0,0.8894922733306885,0.1105076819658279,0,True,True
3.399916648864746,680,3.4,0,0.8902531266212463,0.1097468137741088,0,True,True
3.415512084960937,684,3.42,0,0.8868008852005005,0.1131990849971771,0,True,True
3.4426515102386475,688,3.44,0,0.8782638311386108,0.1217361465096473,0,True,True
3.4747586250305176,692,3.46,0,0.8888505697250366,0.1111494824290275,0,True,True
3.488787651062012,696,3.48,0,0.8881206512451172,0.1118793338537216,0,True,True
3.512737989425659,700,3.5,0,0.8895601034164429,0.1104399040341377,0,True,True
3.5248255729675293,704,3.52,0,0.7754963040351868,0.224503681063652,0,True,True
3.540705919265747,708,3.54,0,0.6854446530342102,0.3145553171634674,0,True,True
3.570931434631348,712,3.56,0,0.8826575875282288,0.1173424869775772,0,True,True
3.588283061981201,716,3.58,0,0.8884528875350952,0.1115470677614212,0,True,True
3.6038060188293457,720,3.6,0,0.8899034261703491,0.1100965216755867,0,True,True
3.621042490005493,724,3.62,1,0.2453060448169708,0.7546939253807068,0,True,False
3.651865720748901,728,3.64,0,0.8827667832374573,0.1172331944108009,0,True,True
3.674410104751587,732,3.66,0,0.879831075668335,0.1201688572764396,0,True,True
3.6935126781463614,736,3.68,0,0.8883305191993713,0.111669547855854,0,True,True
3.701510429382324,740,3.7,0,0.831349790096283,0.1686501652002334,0,True,True
3.7166900634765625,744,3.72,0,0.8805922269821167,0.1194077730178833,0,True,True
3.7448012828826895,748,3.74,0,0.8802155256271362,0.1197845116257667,0,True,True
3.7598280906677246,752,3.76,0,0.8775945901870728,0.1224054247140884,0,True,True
3.7825851440429688,756,3.78,0,0.8350859880447388,0.1649140268564224,0,True,True
3.809490442276001,760,3.8,0,0.8539339900016785,0.1460660248994827,0,True,True
3.824374914169312,764,3.82,0,0.8847566843032837,0.1152432784438133,0,True,True
3.833078861236572,768,3.84,0,0.8778846263885498,0.1221154108643531,0,True,True
3.861518859863281,772,3.86,0,0.8856053352355957,0.1143946051597595,0,True,True
3.8813588619232178,776,3.88,0,0.6916784048080444,0.3083215355873108,0,True,True
3.9097604751586914,780,3.9,0,0.8732807040214539,0.1267192512750625,0,True,True
3.925037384033203,784,3.92,0,0.8749569654464722,0.1250430047512054,0,True,True
3.940882205963135,788,3.94,0,0.8839578628540039,0.1160421296954155,0,True,True
3.967256784439087,792,3.96,0,0.8762152791023254,0.1237847283482551,0,True,True
3.9808599948883057,796,3.98,0,0.8587242960929871,0.1412756592035293,0,True,True
4.014235258102417,800,4.0,0,0.8864071369171143,0.1135928407311439,0,True,True
4.029772520065308,804,4.02,0,0.8845242857933044,0.1154757514595985,0,True,True
4.04577112197876,808,4.04,0,0.88679039478302,0.1132095456123352,0,True,True
4.06747841835022,812,4.06,0,0.8107652068138123,0.1892347633838653,0,True,True
4.093476057052612,816,4.08,0,0.828766405582428,0.1712335348129272,0,True,True
4.108561277389526,820,4.1,0,0.8746513724327087,0.12534861266613,0,True,True
4.136235952377319,824,4.12,0,0.8776760101318359,0.1223239228129386,0,True,True
4.144307613372803,828,4.14,0,0.8853424191474915,0.1146575957536697,0,True,True
4.17504620552063,832,4.16,0,0.807985246181488,0.1920147389173507,0,True,True
4.191631555557251,836,4.18,0,0.882849931716919,0.1171500384807586,0,True,True
4.208624839782715,840,4.2,0,0.8786249756813049,0.1213750317692756,0,True,True
4.231867790222168,844,4.22,0,0.8866949677467346,0.1133050099015235,0,True,True
4.231867790222168,848,4.24,0,0.8061684966087341,0.1938315480947494,0,True,True
4.265920162200928,852,4.26,0,0.8840990662574768,0.1159009486436843,0,True,True
4.2934980392456055,856,4.28,0,0.8847878575325012,0.1152121126651763,0,True,True
4.308030605316162,860,4.3,0,0.8793843984603882,0.1206156238913536,0,True,True
4.323067665100098,864,4.32,0,0.646625280380249,0.353374719619751,0,True,True
4.343602895736694,868,4.34,0,0.8757009506225586,0.1242990642786026,0,True,True
4.359818458557129,872,4.36,0,0.8845288753509521,0.115471102297306,0,True,True
4.393011093139648,876,4.38,0,0.8816589117050171,0.1183411329984664,0,True,True
4.407628774642944,880,4.4,0,0.8755539655685425,0.1244460493326187,0,True,True
4.425210237503052,884,4.42,0,0.8718717098236084,0.1281283050775528,0,True,True
4.452256917953491,888,4.44,0,0.8885108828544617,0.1114891618490219,0,True,True
4.470458745956421,892,4.46,0,0.8894648551940918,0.110535092651844,0,True,True
4.490858316421509,896,4.48,0,0.8908743858337402,0.1091255694627761,0,True,True
4.512686729431152,900,4.5,0,0.8881767392158508,0.1118232533335685,0,True,True
4.527096271514893,904,4.52,0,0.882102906703949,0.117897093296051,0,True,True
4.552660703659058,908,4.54,0,0.8835235238075256,0.1164764836430549,0,True,True
4.56623649597168,912,4.56,0,0.8847309350967407,0.1152690723538398,0,True,True
4.592416048049927,916,4.58,0,0.8849902153015137,0.1150097921490669,0,True,True
4.610685586929321,920,4.6,0,0.8850548267364502,0.1149451434612274,0,True,True
4.625886678695679,924,4.62,0,0.8893311619758606,0.1106688901782035,0,True,True
4.653886556625366,928,4.64,0,0.8881337642669678,0.1118662878870964,0,True,True
4.664798021316528,932,4.66,0,0.8819624185562134,0.1180376335978508,0,True,True
4.688740015029907,936,4.68,0,0.8745042085647583,0.1254958361387252,0,True,True
4.7117297649383545,940,4.7,0,0.8873195648193359,0.1126804500818252,0,True,True
4.72426438331604,944,4.72,0,0.8890124559402466,0.110987477004528,0,True,True
4.745310544967651,948,4.74,0,0.8891901969909668,0.110809750854969,0,True,True
4.7611083984375,952,4.76,0,0.8546923398971558,0.1453076750040054,0,True,True
4.7822771072387695,956,4.78,0,0.8883334398269653,0.1116666197776794,0,True,True
4.799684524536133,960,4.8,0,0.8872182965278625,0.1127817630767822,0,True,True
4.816211700439453,964,4.82,0,0.8890534043312073,0.1109465956687927,0,True,True
4.8444414138793945,968,4.84,0,0.8498901724815369,0.1501098871231079,0,True,True
4.879695177078247,972,4.86,0,0.887906551361084,0.1120934635400772,0,True,True
4.893580913543701,976,4.88,0,0.8893274664878845,0.1106724888086319,0,True,True
4.89973258972168,980,4.9,0,0.8889632225036621,0.1110367625951767,0,True,True
4.9278483390808105,984,4.92,0,0.873854398727417,0.1261456459760666,0,True,True
4.9404380321502686,988,4.94,0,0.8865990042686462,0.1134010106325149,0,True,True
4.950073957443237,992,4.96,0,0.8907073736190796,0.1092926263809204,0,True,True
4.992844343185425,996,4.98,0,0.8911922574043274,0.1088077574968338,0,True,True
5.007785320281982,1000,5.0,0,0.8893156051635742,0.1106843948364257,0,True,True
5.025583505630493,1004,5.02,0,0.8683090806007385,0.1316908895969391,0,True,True
5.044226169586182,1008,5.04,0,0.888622522354126,0.1113774925470352,0,True,True
5.068927049636841,1012,5.06,1,0.1237323060631752,0.8762677311897278,0,True,False
5.08185625076294,1016,5.08,1,0.1902905404567718,0.8097094893455505,0,True,False
5.099913120269775,1020,5.1,0,0.8896494507789612,0.1103505715727806,0,True,True
5.12830376625061,1024,5.12,1,0.2600870132446289,0.7399129867553711,0,True,False
5.135893106460571,1028,5.14,1,0.270531415939331,0.7294685244560242,0,True,False
5.159574270248413,1032,5.16,1,0.1527657955884933,0.8472341895103455,0,True,False
5.184314727783203,1036,5.18,0,0.8900742530822754,0.1099257692694664,0,True,True
5.211283922195435,1040,5.2,1,0.4831891655921936,0.5168108344078064,0,True,False
5.2161524295806885,1044,5.22,0,0.8891498446464539,0.1108501479029655,0,True,True
5.231910705566406,1048,5.24,0,0.8859306573867798,0.1140692979097366,0,True,True
5.269798755645752,1052,5.26,0,0.8851281404495239,0.1148718819022178,0,True,True
5.281142950057983,1056,5.28,0,0.8900653719902039,0.1099346280097961,0,True,True
5.29948878288269,1060,5.3,0,0.8905488848686218,0.1094511151313781,0,True,True
5.316516637802124,1064,5.32,0,0.8861445188522339,0.1138555407524108,0,True,True
5.333198308944702,1068,5.34,0,0.8896300196647644,0.1103699803352356,0,True,True
5.362387657165527,1072,5.36,0,0.8881295919418335,0.1118704304099083,0,True,True
5.3854405879974365,1076,5.38,0,0.8906541466712952,0.109345905482769,0,True,True
5.400986433029175,1080,5.4,0,0.8873774409294128,0.1126225218176841,0,True,True
5.428373336791992,1084,5.42,0,0.888010561466217,0.1119893565773963,0,True,True
5.4445884227752686,1088,5.44,0,0.8903404474258423,0.1096594855189323,0,True,True
5.458847761154175,1092,5.46,0,0.8859768509864807,0.1140231564640998,0,True,True
5.486463069915772,1096,5.48,0,0.8904117345809937,0.1095882728695869,0,True,True
5.501398324966431,1100,5.5,0,0.8842857480049133,0.115714207291603,0,True,True
5.5268638134002686,1104,5.52,0,0.8871080279350281,0.1128920093178749,0,True,True
5.543128967285156,1108,5.54,0,0.8892054557800293,0.1107945591211319,0,True,True
5.562556505203247,1112,5.56,0,0.8892019987106323,0.1107979789376258,0,True,True
5.593152761459351,1116,5.58,0,0.8672176003456116,0.132782444357872,0,True,True
5.609969139099121,1120,5.6,0,0.8876655101776123,0.1123344600200653,0,True,True
5.625818490982056,1124,5.62,0,0.8881173133850098,0.1118826642632484,0,True,True
5.644800901412964,1128,5.64,0,0.8891188502311707,0.1108811199665069,0,True,True
5.661530494689941,1132,5.66,0,0.8756386637687683,0.1243612691760063,0,True,True
5.685196399688721,1136,5.68,0,0.8870006203651428,0.1129993423819542,0,True,True
5.702462673187256,1140,5.7,0,0.8864805698394775,0.1135193854570388,0,True,True
5.730093717575073,1144,5.72,0,0.8868067860603333,0.1131931766867637,0,True,True
5.74556303024292,1148,5.74,0,0.8768355846405029,0.1231644451618194,0,True,True
5.751630783081055,1152,5.76,0,0.888155460357666,0.1118445396423339,0,True,True
5.795457601547241,1156,5.78,0,0.890765905380249,0.1092340946197509,0,True,True
5.810456991195679,1160,5.8,0,0.8906090259552002,0.109390988945961,0,True,True
5.825852394104004,1164,5.82,0,0.8891350626945496,0.1108649522066116,0,True,True
5.844030857086182,1168,5.84,0,0.8896264433860779,0.1103735119104385,0,True,True
5.8772172927856445,1172,5.86,0,0.8697191476821899,0.1302808821201324,0,True,True
5.892467260360718,1176,5.88,0,0.8830446600914001,0.116955392062664,0,True,True
5.901767492294312,1180,5.9,0,0.876533031463623,0.1234669089317321,0,True,True
5.927316665649414,1184,5.92,0,0.8888043165206909,0.1111956983804702,0,True,True
5.948105573654175,1188,5.94,0,0.8834028840065002,0.1165971308946609,0,True,True
5.961456298828125,1192,5.96,0,0.8562805652618408,0.1437194645404815,0,True,True
5.993329048156738,1196,5.98,0,0.8879662156105042,0.1120337918400764,0,True,True
6.010867357254028,1200,6.0,0,0.8703840970993042,0.1296158730983734,0,True,True
6.02586817741394,1204,6.02,0,0.8856750130653381,0.1143249869346618,0,True,True
6.042871236801148,1208,6.04,0,0.8674529194831848,0.1325471252202987,0,True,True
6.072290658950806,1212,6.06,0,0.8689128756523132,0.1310871392488479,0,True,True
6.088881254196167,1216,6.08,0,0.8864597678184509,0.1135402396321296,0,True,True
6.107560873031616,1220,6.1,0,0.8826330304145813,0.1173669695854187,0,True,True
6.13605546951294,1224,6.12,0,0.8842989802360535,0.1157010421156883,0,True,True
6.143951892852783,1228,6.14,0,0.8195307850837708,0.1804691851139068,0,True,True
6.174844264984131,1232,6.16,0,0.8875932097434998,0.1124067977070808,0,True,True
6.193163871765137,1236,6.18,0,0.8836730122566223,0.1163270324468612,0,True,True
6.208569526672363,1240,6.2,0,0.8908113837242126,0.1091886237263679,0,True,True
6.232919454574585,1244,6.22,0,0.8755156397819519,0.1244843229651451,0,True,True
6.247136354446411,1248,6.24,0,0.8856601715087891,0.1143398135900497,0,True,True
6.260221242904663,1252,6.26,0,0.8896918296813965,0.1103081926703453,0,True,True
6.294759273529053,1256,6.28,0,0.8893958330154419,0.1106041297316551,0,True,True
6.308618545532227,1260,6.3,0,0.8900183439254761,0.1099817007780075,0,True,True
6.316995859146118,1264,6.32,0,0.8881398439407349,0.1118600964546203,0,True,True
6.331995487213135,1268,6.34,0,0.8902887105941772,0.1097112670540809,0,True,True
6.366291761398315,1272,6.36,0,0.8832213878631592,0.116778627038002,0,True,True
6.393583297729492,1276,6.38,0,0.888700008392334,0.1113000586628913,0,True,True
6.407881736755371,1280,6.4,0,0.8897877335548401,0.1102123260498046,0,True,True
6.423244476318359,1284,6.42,0,0.8865309953689575,0.1134690344333648,0,True,True
6.4325110912323,1288,6.44,0,0.8902243375778198,0.1097757071256637,0,True,True
6.449795961380005,1292,6.46,0,0.884581446647644,0.1154184937477111,0,True,True
6.489585638046265,1296,6.48,0,0.889341413974762,0.1106586307287216,0,True,True
6.505958318710327,1300,6.5,0,0.8885793089866638,0.1114207431674003,0,True,True
6.516361236572266,1304,6.52,0,0.8846592307090759,0.1153407469391822,0,True,True
6.543711423873901,1308,6.54,0,0.8897997736930847,0.1102002337574958,0,True,True
6.579700946807861,1312,6.56,0,0.8886353969573975,0.1113646477460861,0,True,True
6.585774421691895,1316,6.58,0,0.8890231251716614,0.1109768897294998,0,True,True
6.611617565155029,1320,6.6,0,0.8866151571273804,0.1133848279714584,0,True,True
6.627792835235596,1324,6.62,0,0.8843440413475037,0.1156559437513351,0,True,True
6.642802238464356,1328,6.64,0,0.8880972862243652,0.1119027212262153,0,True,True
6.661780595779419,1332,6.66,0,0.8843882083892822,0.1156118214130401,0,True,True
6.6948957443237305,1336,6.68,0,0.8894959092140198,0.1105041429400444,0,True,True
6.709310054779053,1340,6.7,0,0.8909589052200317,0.1090411469340324,0,True,True
6.724571466445923,1344,6.72,0,0.8824077844619751,0.1175922527909278,0,True,True
6.744372606277466,1348,6.74,0,0.8824748992919922,0.1175250709056854,0,True,True
6.76805853843689,1352,6.76,0,0.8896243572235107,0.110375627875328,0,True,True
6.781996488571167,1356,6.78,0,0.8893336057662964,0.1106664538383483,0,True,True
6.809488534927368,1360,6.8,0,0.8897321224212646,0.1102678328752517,0,True,True
6.82746434211731,1364,6.82,0,0.8874985575675964,0.1125014945864677,0,True,True
6.844943523406982,1368,6.84,0,0.8727561831474304,0.1272438019514084,0,True,True
6.861710071563721,1372,6.86,0,0.8882200717926025,0.111779972910881,0,True,True
6.883316993713379,1376,6.88,0,0.8906874060630798,0.1093125641345977,0,True,True
6.909845352172852,1380,6.9,0,0.8888017535209656,0.1111982390284538,0,True,True
6.928472280502319,1384,6.92,0,0.8781893849372864,0.121810644865036,0,True,True
6.942230224609375,1388,6.94,0,0.8855555057525635,0.1144444644451141,0,True,True
6.9520957469940186,1392,6.96,0,0.8895719051361084,0.1104280427098274,0,True,True
6.986949443817139,1396,6.98,0,0.8902214169502258,0.1097785830497741,0,True,True
7.002708196640015,1400,7.0,0,0.8879339098930359,0.1120660975575447,0,True,True
7.02241063117981,1404,7.02,0,0.8899573683738708,0.1100426390767097,0,True,True
7.044012784957886,1408,7.04,0,0.8885160684585571,0.1114839985966682,0,True,True
7.078423976898193,1412,7.06,0,0.8807501792907715,0.1192498654127121,0,True,True
7.0926008224487305,1416,7.08,0,0.8885837197303772,0.1114163026213646,0,True,True
7.102939605712891,1420,7.1,0,0.8887262344360352,0.1112737357616424,0,True,True
7.127518653869629,1424,7.12,0,0.8885014653205872,0.1114985197782516,0,True,True
7.143577337265015,1428,7.14,0,0.8893280029296875,0.1106719523668289,0,True,True
7.178146362304688,1432,7.16,0,0.8571119904518127,0.1428880244493484,0,True,True
7.192463636398315,1436,7.18,0,0.8884657025337219,0.111534334719181,0,True,True
7.2028679847717285,1440,7.2,0,0.8902810215950012,0.1097190082073211,0,True,True
7.228038311004639,1444,7.22,0,0.8904039859771729,0.1095960512757301,0,True,True
7.250159025192261,1448,7.24,0,0.8878483772277832,0.1121516749262809,0,True,True
7.252173900604248,1452,7.26,0,0.8858906030654907,0.1141093522310257,0,True,True
7.285273313522339,1456,7.28,0,0.8900129795074463,0.1099870428442955,0,True,True
7.307088136672974,1460,7.3,0,0.8675431609153748,0.1324568092823028,0,True,True
7.322232484817505,1464,7.32,0,0.8854568004608154,0.1145431622862815,0,True,True
7.342239618301392,1468,7.34,0,0.8696377277374268,0.130362257361412,0,True,True
7.360718727111816,1472,7.36,0,0.874616265296936,0.1253837496042251,0,True,True
7.392186164855957,1476,7.38,0,0.8691517114639282,0.1308483183383941,0,True,True
7.409643888473511,1480,7.4,0,0.8875436186790466,0.1124563515186309,0,True,True
7.424697399139404,1484,7.42,0,0.8886082768440247,0.1113917380571365,0,True,True
7.4521870613098145,1488,7.44,0,0.8888630867004395,0.1111368909478187,0,True,True
7.477548599243164,1492,7.46,0,0.882699728012085,0.1173002943396568,0,True,True
7.492289781570435,1496,7.48,0,0.8892030119895935,0.1107969209551811,0,True,True
7.510087013244629,1500,7.5,0,0.8893463015556335,0.110653705894947,0,True,True
7.5243980884552,1504,7.52,0,0.8883914947509766,0.1116084828972816,0,True,True
7.54075026512146,1508,7.54,0,0.8862810134887695,0.1137190386652946,0,True,True
7.57825493812561,1512,7.56,0,0.8858762979507446,0.1141236647963523,0,True,True
7.592130899429321,1516,7.58,0,0.8899115324020386,0.1100884675979614,0,True,True
7.602603197097778,1520,7.6,0,0.8903061747550964,0.1096938773989677,0,True,True
7.627400398254394,1524,7.62,0,0.8901068568229675,0.1098932102322578,0,True,True
7.642127275466919,1528,7.64,0,0.8813501596450806,0.1186498254537582,0,True,True
7.661427021026611,1532,7.66,0,0.8735507130622864,0.1264492273330688,0,True,True
7.692200660705566,1536,7.68,0,0.8890227675437927,0.1109772697091102,0,True,True
7.708441495895386,1540,7.7,0,0.8883556127548218,0.1116444021463394,0,True,True
7.723487854003906,1544,7.72,0,0.8871462941169739,0.1128537133336067,0,True,True
7.739713191986084,1548,7.74,0,0.8894351720809937,0.1105648800730705,0,True,True
7.761208772659302,1552,7.76,0,0.8844038844108582,0.1155961379408836,0,True,True
7.792489051818848,1556,7.78,0,0.8399397730827332,0.1600602567195892,0,True,True
7.807197332382202,1560,7.8,0,0.8793079853057861,0.1206920221447944,0,True,True
7.825914621353149,1564,7.82,0,0.8629921078681946,0.137007862329483,0,True,True
7.852219104766846,1568,7.84,0,0.8514930605888367,0.1485069841146469,0,True,True
7.867283344268799,1572,7.86,0,0.7547309398651123,0.2452691048383712,0,True,True
7.892431974411011,1576,7.88,0,0.8788045048713684,0.1211955174803733,0,True,True
7.902637004852295,1580,7.9,0,0.876800000667572,0.1231999397277832,0,True,True
7.925122022628784,1584,7.92,0,0.8842138051986694,0.1157861649990081,0,True,True
7.958749294281006,1588,7.94,0,0.8666595816612244,0.1333403438329696,0,True,True
7.966480493545532,1592,7.96,0,0.8862267732620239,0.1137732043862342,0,True,True
7.992198705673218,1596,7.98,0,0.8856090903282166,0.1143908575177192,0,True,True
8.009318113327026,1600,8.0,0,0.8898202776908875,0.1101797819137573,0,True,True
8.024433851242065,1604,8.02,0,0.8774659037590027,0.1225340813398361,0,True,True
8.033259391784668,1608,8.04,0,0.8761440515518188,0.1238558888435363,0,True,True
8.077970504760742,1612,8.06,0,0.8870102167129517,0.1129898130893707,0,True,True
8.092275142669678,1616,8.08,0,0.8885427117347717,0.11145731061697,0,True,True
8.10314130783081,1620,8.1,0,0.8797980546951294,0.1202019676566124,0,True,True
8.126939296722412,1624,8.12,0,0.8825927376747131,0.1174072846770286,0,True,True
8.14264178276062,1628,8.14,0,0.8837615251541138,0.1162384301424026,0,True,True
8.170834302902222,1632,8.16,0,0.8825852870941162,0.1174147129058837,0,True,True
8.182421684265137,1636,8.18,0,0.8872688412666321,0.1127311140298843,0,True,True
8.203064680099487,1640,8.2,0,0.8065420985221863,0.1934579014778137,0,True,True
8.227668046951294,1644,8.22,0,0.8817439079284668,0.118256077170372,0,True,True
8.242437601089478,1648,8.24,0,0.8483413457870483,0.1516585946083068,0,True,True
8.262483358383179,1652,8.26,0,0.8564328551292419,0.1435672044754028,1,True,False
8.294932126998901,1656,8.28,1,0.433619886636734,0.5663800835609436,1,True,True
8.307162761688232,1660,8.3,1,0.027908569201827,0.9720914959907532,1,True,True
8.32245922088623,1664,8.32,0,0.780462384223938,0.2195375710725784,1,True,False
8.344564437866211,1668,8.34,1,0.0369893722236156,0.9630106091499328,1,True,True
8.360700368881226,1672,8.36,1,0.0330693647265434,0.9669306874275208,1,True,True
8.392269372940063,1676,8.38,1,0.0238846410065889,0.9761154055595398,1,True,True
8.408634424209595,1680,8.4,1,0.0624397583305835,0.9375602006912231,1,True,True
8.423851251602173,1684,8.42,1,0.0347648411989212,0.96523517370224,1,True,True
8.443443536758423,1688,8.44,1,0.0818433836102485,0.9181566834449768,1,True,True
8.460838079452515,1692,8.46,1,0.0234328489750623,0.9765670895576476,1,True,True
8.494248867034912,1696,8.48,1,0.029655534774065,0.9703444242477416,1,True,True
8.506399631500244,1700,8.5,1,0.0405217595398426,0.9594782590866088,1,True,True
8.52227258682251,1704,8.52,1,0.0374915860593318,0.9625083804130554,1,True,True
8.544509410858154,1708,8.54,1,0.097837783396244,0.9021621942520142,1,True,True
8.562248468399048,1712,8.56,1,0.0235801134258508,0.9764199256896972,1,True,True
8.592411041259766,1716,8.58,1,0.0546002835035324,0.9453997015953064,1,True,True
8.60485029220581,1720,8.6,1,0.0369005277752876,0.963099479675293,1,True,True
8.62097716331482,1724,8.62,1,0.0498019196093082,0.9501980543136596,1,True,True
8.652397632598877,1728,8.64,1,0.0270480830222368,0.9729519486427308,1,True,True
8.659907341003418,1732,8.66,1,0.0262108277529478,0.9737890958786012,1,True,True
8.69405460357666,1736,8.68,1,0.0546515844762325,0.9453484416007996,1,True,True
8.70930790901184,1740,8.7,1,0.036300703883171,0.9636992812156676,1,True,True
8.725240707397461,1744,8.72,1,0.0400554165244102,0.9599445462226868,1,True,True
8.74374270439148,1748,8.74,1,0.0240574739873409,0.9759425520896912,1,True,True
8.772133827209473,1752,8.76,1,0.0546276159584522,0.9453724026679992,1,True,True
8.792486667633057,1756,8.78,1,0.0585228130221366,0.9414771795272828,1,True,True
8.80387806892395,1760,8.8,1,0.0309252254664897,0.9690747857093812,1,True,True
8.827350854873657,1764,8.82,1,0.0740222483873367,0.9259777069091796,1,True,True
8.842262744903564,1768,8.84,1,0.0581324398517608,0.9418675899505616,1,True,True
8.862276554107666,1772,8.86,1,0.0382011905312538,0.9617987871170044,1,True,True
8.893316984176636,1776,8.88,1,0.0376215539872646,0.9623783826828004,1,True,True
8.909783601760864,1780,8.9,1,0.0235144775360822,0.9764854907989502,1,True,True
8.925552606582642,1784,8.92,1,0.0571789033710956,0.9428210854530334,1,True,True
8.932412385940552,1788,8.94,1,0.0341870784759521,0.9658129811286926,1,True,True
8.96805739402771,1792,8.96,1,0.0400902479887008,0.959909737110138,1,True,True
8.984020471572876,1796,8.98,1,0.0229486990720033,0.977051317691803,1,True,True
9.00800323486328,1800,9.0,1,0.0588357523083686,0.9411641955375672,1,True,True
9.026464939117432,1804,9.02,1,0.035487376153469,0.964512586593628,1,True,True
9.042472124099731,1808,9.04,1,0.0421171896159648,0.957882821559906,1,True,True
9.072473764419556,1812,9.06,1,0.0249157641083002,0.9750842452049256,1,True,True
9.095427751541138,1816,9.08,1,0.0237017590552568,0.976298213005066,1,True,True
9.109990119934082,1820,9.1,1,0.0358669646084308,0.9641330242156982,1,True,True
9.12594985961914,1824,9.12,1,0.0456895343959331,0.954310417175293,1,True,True
9.143351793289185,1828,9.14,1,0.0246287286281585,0.975371241569519,1,True,True
9.17389702796936,1832,9.16,1,0.029189545661211,0.9708104133605956,1,True,True
9.184701204299929,1836,9.18,1,0.0610843338072299,0.9389156699180604,1,True,True
9.21108078956604,1840,9.2,1,0.0356639213860034,0.9643360376358032,1,True,True
9.226386070251465,1844,9.22,1,0.0652139335870742,0.934786021709442,1,True,True
9.2424955368042,1848,9.24,1,0.0242767296731472,0.9757232666015624,1,True,True
9.274014949798584,1852,9.26,1,0.0316924042999744,0.9683075547218324,1,True,True
9.285247325897217,1856,9.28,1,0.0347469709813594,0.9652530550956726,1,True,True
9.315158605575562,1860,9.3,1,0.0657564178109169,0.934243619441986,1,True,True
9.342571258544922,1864,9.32,1,0.0245872884988784,0.9754127264022828,1,True,True
9.348219394683838,1868,9.34,1,0.0301509946584701,0.9698489904403688,1,True,True
9.37758755683899,1872,9.36,1,0.050521396100521,0.949478566646576,1,True,True
9.393824577331545,1876,9.38,1,0.0392362512648105,0.9607637524604796,1,True,True
9.404622793197632,1880,9.4,1,0.1037511304020881,0.8962488770484924,1,True,True
9.428384065628052,1884,9.42,1,0.0248017683625221,0.975198209285736,1,True,True
9.442502498626707,1888,9.44,1,0.0460868664085865,0.9539130926132202,1,True,True
9.460877895355225,1892,9.46,1,0.0354956947267055,0.9645042419433594,1,True,True
9.493804931640623,1896,9.48,1,0.0971052572131156,0.9028947353363036,1,True,True
9.504653215408323,1900,9.5,1,0.0255629569292068,0.9744370579719543,1,True,True
9.527231693267822,1904,9.52,1,0.0454840213060379,0.9545159935951232,1,True,True
9.544069051742554,1908,9.54,1,0.0607370845973491,0.9392629265785216,1,True,True
9.577115058898926,1912,9.56,1,0.0381847321987152,0.9618152379989624,1,True,True
9.59255051612854,1916,9.58,1,0.0611911714076995,0.9388088583946228,1,True,True
9.60022783279419,1920,9.6,1,0.0242533050477504,0.975746750831604,1,True,True
9.622270584106444,1924,9.62,1,0.0553487576544284,0.9446512460708618,1,True,True
9.648616075515749,1928,9.64,1,0.0357902608811855,0.9642096757888794,1,True,True
9.6707022190094,1932,9.66,1,0.0409112088382244,0.9590888023376464,1,True,True
9.692407608032228,1936,9.68,1,0.0233389679342508,0.9766610264778136,1,True,True
9.70262360572815,1940,9.7,1,0.0526618361473083,0.9473381042480468,1,True,True
9.726258039474487,1944,9.72,1,0.0361716337502002,0.9638283848762512,1,True,True
9.74429726600647,1948,9.74,1,0.0438439287245273,0.9561560750007628,1,True,True
9.777249813079834,1952,9.76,1,0.0453585088253021,0.9546415209770204,1,True,True
9.79244065284729,1956,9.78,1,0.0247297566384077,0.9752702713012696,1,True,True
9.80748414993286,1960,9.8,1,0.068127766251564,0.9318722486495972,1,True,True
9.842377662658691,1964,9.82,1,0.0357172638177871,0.964282751083374,1,True,True
9.84826683998108,1968,9.84,1,0.0370164588093757,0.96298348903656,1,True,True
9.87251329421997,1972,9.86,1,0.0235732812434434,0.9764267206192015,1,True,True
9.894205570220947,1976,9.88,1,0.0703683868050575,0.9296315908432008,1,True,True
9.908625364303589,1980,9.9,1,0.0352765396237373,0.9647234678268432,1,True,True
9.93516755104065,1984,9.92,1,0.0620997175574302,0.9379002451896667,1,True,True
9.952488899230955,1988,9.94,1,0.0227397251874208,0.9772602915763856,1,True,True
9.972572565078735,1992,9.96,1,0.0275358092039823,0.9724641442298888,1,True,True
9.992517948150637,1996,9.98,1,0.0376721322536468,0.9623278379440308,1,True,True
10.009161710739136,2000,10.0,1,0.0343609824776649,0.9656389355659484,1,True,True
10.027264833450316,2004,10.02,1,0.0259979199618101,0.9740020036697388,1,True,True
10.042555809020996,2008,10.04,1,0.0227902941405773,0.977209746837616,1,True,True
10.072302341461182,2012,10.06,1,0.0338843539357185,0.9661155939102172,1,True,True
10.094578504562378,2016,10.08,1,0.0343486629426479,0.965651273727417,1,True,True
10.109232187271118,2020,10.1,1,0.0396193675696849,0.9603806734085084,1,True,True
10.137507677078249,2024,10.12,1,0.0261472035199403,0.9738527536392212,1,True,True
10.152569055557253,2028,10.14,1,0.0236593503504991,0.9763407111167908,1,True,True
10.172409057617188,2032,10.16,1,0.0411075688898563,0.9588924646377563,1,True,True
10.192522048950195,2036,10.18,1,0.049670398235321,0.950329601764679,1,True,True
10.206916093826294,2040,10.2,1,0.030020298436284,0.969979763031006,1,True,True
10.239218950271606,2044,10.22,1,0.0542719103395938,0.945728063583374,1,True,True
10.255367279052734,2048,10.24,1,0.054361380636692,0.9456385970115662,1,True,True
10.275748014450071,2052,10.26,1,0.0392855107784271,0.9607144594192504,1,True,True
10.293693780899048,2056,10.28,1,0.1190026551485061,0.8809973001480103,1,True,True
10.308751106262209,2060,10.3,1,0.0240760520100593,0.9759239554405212,1,True,True
10.336629867553713,2064,10.32,1,0.0314921401441097,0.9685078859329224,1,True,True
10.352625608444214,2068,10.34,1,0.035021424293518,0.964978575706482,1,True,True
10.372633457183838,2072,10.36,1,0.0511053167283535,0.948894739151001,1,True,True
10.39242672920227,2076,10.38,1,0.0250166784971952,0.974983274936676,1,True,True
10.40924334526062,2080,10.4,1,0.0285645239055156,0.971435546875,1,True,True
10.424831867218018,2084,10.42,1,0.0451419502496719,0.9548580050468444,1,True,True
10.442174434661863,2088,10.44,1,0.0387323088943958,0.9612676501274108,1,True,True
10.455848455429075,2092,10.46,1,0.0844921320676803,0.9155078530311584,1,True,True
10.49222731590271,2096,10.48,1,0.0254392232745885,0.974560797214508,1,True,True
10.50902509689331,2100,10.5,1,0.0602253526449203,0.9397746324539183,1,True,True
10.52556610107422,2104,10.52,1,0.0350139811635017,0.9649860262870787,1,True,True
10.559545040130615,2108,10.54,1,0.082015573978424,0.917984426021576,1,True,True
10.577119827270508,2112,10.56,1,0.0234159547835588,0.9765840768814088,1,True,True
10.592611074447632,2116,10.58,1,0.0309180282056331,0.9690819382667542,1,True,True
10.609434127807615,2120,10.6,1,0.0426140576601028,0.9573859572410583,1,True,True
10.624025344848633,2124,10.62,1,0.0357538126409053,0.964246153831482,1,True,True
10.642658710479736,2128,10.64,1,0.0767533108592033,0.9232466220855712,1,True,True
10.65254044532776,2132,10.66,1,0.0239794515073299,0.976020574569702,1,True,True
10.69231367111206,2136,10.68,1,0.0251233670860528,0.9748766422271729,1,True,True
10.704852819442747,2140,10.7,1,0.0352773740887641,0.9647226929664612,1,True,True
10.725266695022585,2144,10.72,1,0.0379489175975322,0.9620510339736938,1,True,True
10.7523455619812,2148,10.74,1,0.0241956319659948,0.9758043885231018,1,True,True
10.760823249816896,2152,10.76,1,0.0245294868946075,0.97547048330307,1,True,True
10.792555332183838,2156,10.78,1,0.0626860857009887,0.9373139142990112,1,True,True
10.81102180480957,2160,10.8,1,0.0350747033953666,0.9649252891540528,1,True,True
10.824129819869995,2164,10.82,1,0.0691900625824928,0.9308099150657654,1,True,True
10.846532344818115,2168,10.84,1,0.02334825694561,0.9766517281532288,1,True,True
10.853260040283203,2172,10.86,1,0.0270604267716407,0.9729395508766174,1,True,True
10.892669439315796,2176,10.88,1,0.0376541912555694,0.9623458385467528,1,True,True
10.904881238937378,2180,10.9,1,0.0371175557374954,0.9628824591636658,1,True,True
10.924142837524414,2184,10.92,1,0.0295637529343366,0.9704362154006958,1,True,True
10.952385663986206,2188,10.94,1,0.0238137543201446,0.9761862754821776,1,True,True
10.965361595153809,2192,10.96,1,0.0570359155535697,0.9429640173912048,1,True,True
10.992556810379028,2196,10.98,1,0.0405854769051075,0.9594144821166992,1,True,True
11.00502347946167,2200,11.0,1,0.0445908494293689,0.9554091691970824,1,True,True
11.023659944534302,2204,11.02,1,0.0285872612148523,0.9714126586914062,1,True,True
11.044147729873655,2208,11.04,1,0.0255830269306898,0.9744170308113098,1,True,True
11.07768702507019,2212,11.06,1,0.0630702301859855,0.9369298219680786,1,True,True
11.092278957366943,2216,11.08,1,0.0370306186378002,0.9629693627357484,1,True,True
11.10515832901001,2220,11.1,1,0.1063397750258445,0.8936602473258972,1,True,True
11.127582311630247,2224,11.12,1,0.0247110053896904,0.975288987159729,1,True,True
11.142330169677734,2228,11.14,1,0.0494095459580421,0.950590431690216,1,True,True
11.169673204421995,2232,11.16,1,0.0392484217882156,0.9607515335083008,1,True,True
11.192280530929564,2236,11.18,1,0.0480045899748802,0.9519954919815063,1,True,True
11.20541524887085,2240,11.2,1,0.0468204990029335,0.9531795382499696,1,True,True
11.22827124595642,2244,11.22,1,0.0290259048342704,0.9709740281105042,1,True,True
11.242290258407593,2248,11.24,1,0.0709527805447578,0.9290472269058228,1,True,True
11.2625470161438,2252,11.26,1,0.0370695441961288,0.96293044090271,1,True,True
11.294945001602173,2256,11.28,1,0.0907077565789222,0.909292221069336,1,True,True
11.30571150779724,2260,11.3,1,0.0254597067832946,0.9745402932167052,1,True,True
11.322433948516846,2264,11.32,1,0.0467360578477382,0.9532638788223268,1,True,True
11.343680381774902,2268,11.34,1,0.0492328815162181,0.9507671594619752,1,True,True
11.378015756607056,2272,11.36,1,0.0402112491428852,0.9597886800765992,1,True,True
11.392484426498411,2276,11.38,1,0.0614724420011043,0.938527524471283,1,True,True
11.405684232711792,2280,11.4,1,0.0250822883099317,0.9749176502227784,1,True,True
11.427177906036375,2284,11.42,1,0.0692794546484947,0.9307205677032472,1,True,True
11.442445039749146,2288,11.44,1,0.0356047563254833,0.96439528465271,1,True,True
11.471133947372437,2292,11.46,1,0.0948285013437271,0.905171513557434,1,True,True
11.48899531364441,2296,11.48,1,0.0232890881597995,0.9767109751701356,1,True,True
11.50559401512146,2300,11.5,1,0.0602100938558578,0.939789891242981,1,True,True
11.522552251815796,2304,11.52,1,0.0357096046209335,0.9642903804779052,1,True,True
11.54525065422058,2308,11.54,1,0.0508543513715267,0.9491456151008606,1,True,True
11.559849500656128,2312,11.56,1,0.0247700624167919,0.9752299189567566,1,True,True
11.592501163482666,2316,11.58,1,0.0238276328891515,0.9761723279953004,1,True,True
11.604435920715332,2320,11.6,1,0.0487225875258445,0.9512774348258972,1,True,True
11.632730960845947,2324,11.62,1,0.0348418354988098,0.9651581048965454,1,True,True
11.642332553863524,2328,11.64,1,0.0646966397762298,0.9353033900260924,1,True,True
11.669014930725098,2332,11.66,1,0.0233486499637365,0.97665137052536,1,True,True
11.684269189834597,2336,11.68,1,0.0435294285416603,0.9564704895019532,1,True,True
11.70004391670227,2340,11.7,1,0.0392290316522121,0.9607710242271424,1,True,True
11.729095220565796,2344,11.72,1,0.0399001613259315,0.9600998163223268,1,True,True
11.7475483417511,2348,11.74,1,0.0883127823472023,0.911687195301056,1,True,True
11.752237796783447,2352,11.76,1,0.0252099353820085,0.974790096282959,1,True,True
11.783832788467407,2356,11.78,1,0.0411816090345382,0.9588183760643004,1,True,True
11.808500528335571,2360,11.8,1,0.037319079041481,0.9626809358596802,1,True,True
11.828879594802856,2364,11.82,1,0.05170289427042,0.9482971429824828,1,True,True
11.84221124649048,2368,11.84,1,0.0246995855122804,0.975300431251526,1,True,True
11.857308149337769,2372,11.86,1,0.0304552447050809,0.9695447683334352,1,True,True
11.883790969848633,2376,11.88,1,0.0473342537879943,0.9526658058166504,1,True,True
11.90545392036438,2380,11.9,1,0.0381124876439571,0.961887538433075,1,True,True
11.928676843643188,2384,11.92,1,0.1097227931022644,0.8902771472930908,1,True,True
11.944555759429932,2388,11.94,1,0.0251034144312143,0.9748966097831726,1,True,True
11.974260568618774,2392,11.96,1,0.0516742728650569,0.9483257532119752,1,True,True
11.986871480941772,2396,11.98,1,0.0410508885979652,0.9589491486549376,1,True,True
12.001397132873535,2400,12.0,1,0.0529789738357067,0.9470210075378418,1,True,True
12.0335054397583,2404,12.02,1,0.0396600663661956,0.9603399634361268,1,True,True
12.042443990707396,2408,12.04,1,0.0348530858755111,0.9651468992233276,1,True,True
12.08027172088623,2412,12.06,1,0.0729679465293884,0.9270319938659668,1,True,True
12.094013214111328,2416,12.08,1,0.0408304147422313,0.9591695070266724,1,True,True
12.103517770767212,2420,12.1,1,0.1217939928174018,0.8782060146331787,1,True,True
12.126298904418944,2424,12.12,1,0.0248690210282802,0.9751309752464294,1,True,True
12.145365953445436,2428,12.14,1,0.0673211067914962,0.9326788783073424,1,True,True
12.15671968460083,2432,12.16,1,0.0399618297815322,0.9600381851196288,1,True,True
12.192608118057253,2436,12.18,1,0.070971556007862,0.9290283918380736,1,True,True
12.204238653182983,2440,12.2,1,0.0269749872386455,0.9730249643325806,1,True,True
12.222654342651367,2444,12.22,1,0.0489579252898693,0.951042115688324,1,True,True
12.24262285232544,2448,12.24,1,0.0565847307443618,0.9434152841567992,1,True,True
12.27754282951355,2452,12.26,1,0.0422573387622833,0.9577426314353944,1,True,True
12.29259157180786,2456,12.28,1,0.114018477499485,0.885981559753418,1,True,True
12.30242133140564,2460,12.3,1,0.0272610746324062,0.9727389812469482,1,True,True
12.326613187789915,2464,12.32,1,0.0751814395189285,0.924818515777588,1,True,True
12.344455480575562,2468,12.34,1,0.0434855930507183,0.9565143585205078,1,True,True
12.378031730651855,2472,12.36,1,0.1239452213048935,0.8760547637939453,1,True,True
12.39367127418518,2476,12.38,1,0.0364189073443412,0.9635810256004332,1,True,True
12.402246236801147,2480,12.4,1,0.1546136438846588,0.8453863263130188,1,True,True
12.427365779876707,2484,12.42,1,0.0484414622187614,0.951558530330658,1,True,True
12.44399642944336,2488,12.44,1,0.0498353242874145,0.9501647353172302,1,True,True
12.477935552597046,2492,12.46,1,0.0563850365579128,0.9436150193214417,1,True,True
12.492266178131104,2496,12.48,1,0.0255538839846849,0.9744461178779602,1,True,True
12.508718490600586,2500,12.5,1,0.0687963441014289,0.9312036037445068,1,True,True
12.535630702972412,2504,12.52,1,0.0383628718554973,0.9616371393203736,1,True,True
12.552693843841553,2508,12.54,1,0.1144341230392456,0.8855658769607544,1,True,True
12.55948805809021,2512,12.56,1,0.0330426841974258,0.9669573307037354,1,True,True
12.592535495758057,2516,12.58,1,0.1193821877241134,0.8806177377700806,1,True,True
12.610183477401732,2520,12.6,1,0.0791715905070304,0.9208284616470336,1,True,True
12.625551223754885,2524,12.62,1,0.0441680997610092,0.9558318853378296,1,True,True
12.65321397781372,2528,12.64,1,0.0606754049658775,0.9393245577812196,1,True,True
12.66539716720581,2532,12.66,1,0.0351666621863842,0.9648333191871644,1,True,True
12.692535877227783,2536,12.68,1,0.0831272676587104,0.91687273979187,1,True,True
12.7061665058136,2540,12.7,1,0.043256539851427,0.9567434787750244,1,True,True
12.724064111709597,2544,12.72,1,0.1353979408740997,0.8646020889282227,1,True,True
12.752477645874023,2548,12.74,1,0.0258969757705926,0.9741030335426332,1,True,True
12.761409521102903,2552,12.76,1,0.0778543949127197,0.9221456050872804,1,True,True
12.79226016998291,2556,12.78,1,0.0705421045422554,0.92945796251297,1,True,True
12.809780597686768,2560,12.8,1,0.047292236238718,0.9527077674865724,1,True,True
12.824524402618408,2564,12.82,1,0.1393765658140182,0.8606234788894653,1,True,True
12.83493709564209,2568,12.84,1,0.0267037916928529,0.9732961654663086,1,True,True
12.878682136535645,2572,12.86,1,0.0541218109428882,0.9458782076835632,1,True,True
12.892379522323608,2576,12.88,1,0.0427250005304813,0.9572750329971312,1,True,True
12.906231880187988,2580,12.9,1,0.0403593033552169,0.9596406817436218,1,True,True
12.927213668823242,2584,12.92,1,0.0285399332642555,0.9714600443840028,1,True,True
12.942758321762083,2588,12.94,1,0.025597246363759,0.9744027853012084,1,True,True
12.970947742462158,2592,12.96,1,0.0767173022031784,0.9232827425003052,1,True,True
12.99256706237793,2596,12.98,1,0.0400846302509307,0.9599153399467468,1,True,True
13.006201028823853,2600,13.0,1,0.0552219934761524,0.9447779655456544,1,True,True
13.025409460067747,2604,13.02,1,0.0735709145665168,0.9264290928840636,1,True,True
13.044350862503052,2608,13.04,1,0.0253950525075197,0.9746049642562866,1,True,True
13.078988313674929,2612,13.06,1,0.049401931464672,0.950598120689392,1,True,True
13.092691659927368,2616,13.08,1,0.0504830777645111,0.9495169520378112,1,True,True
13.10633397102356,2620,13.1,1,0.1414650231599807,0.8585349917411804,1,True,True
13.128214359283447,2624,13.12,1,0.0379211939871311,0.962078869342804,1,True,True
13.142744541168211,2628,13.14,1,0.1268637180328369,0.8731362819671631,1,True,True
13.152282953262327,2632,13.16,1,0.05716547742486,0.942834496498108,1,True,True
13.19407844543457,2636,13.18,1,0.0515954904258251,0.9484045505523682,1,True,True
13.206289052963257,2640,13.2,1,0.0683673098683357,0.9316326975822448,1,True,True
13.224411487579346,2644,13.22,1,0.0319277420639991,0.9680721759796144,1,True,True
13.244607210159302,2648,13.24,1,0.0983806923031807,0.9016192555427552,1,True,True
13.269169807434082,2652,13.26,1,0.0392332039773464,0.960766851902008,1,True,True
13.284198522567747,2656,13.28,1,0.1095635518431663,0.8904364705085754,1,True,True
13.3063645362854,2660,13.3,1,0.0399391464889049,0.9600608944892884,1,True,True
13.322627067565918,2664,13.32,1,0.0439360961318016,0.9560639262199402,1,True,True
13.342533588409424,2668,13.34,1,0.0491901002824306,0.950809895992279,1,True,True
13.372658252716064,2672,13.36,1,0.0497070737183094,0.9502928853034972,1,True,True
13.39409065246582,2676,13.38,1,0.0371716655790805,0.9628283381462096,1,True,True
13.406492233276367,2680,13.4,1,0.0314540974795818,0.9685459136962892,1,True,True
13.427814722061155,2684,13.42,1,0.0504195243120193,0.9495804309844972,1,True,True
13.4426007270813,2688,13.44,1,0.0390084087848663,0.9609915614128112,1,True,True
13.472404956817629,2692,13.46,1,0.0335414633154869,0.9664585590362548,1,True,True
13.493768692016602,2696,13.48,1,0.0239267405122518,0.9760732650756836,1,True,True
13.506468534469604,2700,13.5,1,0.0728308260440826,0.9271692037582396,1,True,True
13.527213335037231,2704,13.52,1,0.0358444899320602,0.9641554951667786,1,True,True
13.542485237121582,2708,13.54,1,0.0619550012052059,0.9380449652671814,1,True,True
13.572656393051147,2712,13.56,1,0.0240467470139265,0.975953221321106,1,True,True
13.59515905380249,2716,13.58,1,0.0276797078549861,0.972320318222046,1,True,True
13.606348037719728,2720,13.6,1,0.0373741686344146,0.9626258015632628,1,True,True
13.627521276474,2724,13.62,1,0.0490699335932731,0.950930118560791,1,True,True
13.642277717590332,2728,13.64,1,0.0345746763050556,0.9654253721237184,1,True,True
13.67268991470337,2732,13.66,1,0.0471784546971321,0.9528216123580932,1,True,True
13.692371368408203,2736,13.68,1,0.1095976531505584,0.8904023766517639,1,True,True
13.706228733062744,2740,13.7,1,0.0542980805039405,0.9457019567489624,1,True,True
13.727903604507446,2744,13.72,1,0.0866980627179145,0.913301944732666,1,True,True
13.742610454559326,2748,13.74,1,0.0354181192815303,0.9645819067955016,1,True,True
13.774431228637695,2752,13.76,1,0.0971444174647331,0.9028555750846864,1,True,True
13.786595821380615,2756,13.78,1,0.0556465461850166,0.944353461265564,1,True,True
13.800899267196655,2760,13.8,1,0.1135016679763794,0.8864982724189758,1,True,True
13.822702646255491,2764,13.82,1,0.1535607576370239,0.8464392423629761,1,True,True
13.842276811599731,2768,13.84,1,0.065294362604618,0.93470561504364,1,True,True
13.877277135849,2772,13.86,1,0.1377212107181549,0.8622787594795227,1,True,True
13.892529249191284,2776,13.88,1,0.0497598499059677,0.9502401351928712,1,True,True
13.899787902832031,2780,13.9,1,0.1464073807001114,0.8535926342010498,1,True,True
13.925991535186768,2784,13.92,1,0.0533657036721706,0.9466342329978944,1,True,True
13.943647861480711,2788,13.94,1,0.0678437799215316,0.9321562051773072,1,True,True
13.97867488861084,2792,13.96,1,0.0408562645316123,0.9591437578201294,1,True,True
13.99273419380188,2796,13.98,1,0.092506319284439,0.9074936509132384,1,True,True
14.00248670578003,2800,14.0,1,0.0392305441200733,0.9607694745063782,1,True,True
14.02264404296875,2804,14.02,1,0.0556705594062805,0.9443294405937196,1,True,True
14.044429779052734,2808,14.04,1,0.0666713342070579,0.9333286881446838,1,True,True
14.07695698738098,2812,14.06,1,0.0501380525529384,0.9498619437217712,1,True,True
14.09235143661499,2816,14.08,1,0.1378587186336517,0.8621413111686707,1,True,True
14.102483987808228,2820,14.1,1,0.0493118464946746,0.9506881833076476,1,True,True
14.127403259277344,2824,14.12,1,0.0468045882880687,0.9531954526901244,1,True,True
14.14855408668518,2828,14.14,1,0.0456427447497844,0.9543573260307312,1,True,True
14.152513027191162,2832,14.16,1,0.0454548820853233,0.9545450806617736,1,True,True
14.195003032684326,2836,14.18,1,0.0331509336829185,0.9668490886688232,1,True,True
14.20752763748169,2840,14.2,1,0.0266467556357383,0.9733532071113586,1,True,True
14.227976322174072,2844,14.22,1,0.0470869243144989,0.9529130458831788,1,True,True
14.244306564331056,2848,14.24,1,0.0462645813822746,0.9537353515625,1,True,True
14.274988889694214,2852,14.26,1,0.1058531999588012,0.8941468000411987,1,True,True
14.29466724395752,2856,14.28,1,0.0290270559489727,0.9709729552268982,1,True,True
14.310216188430786,2860,14.3,1,0.0682144239544868,0.931785523891449,0,True,False
14.326746940612791,2864,14.32,1,0.0399248637259006,0.9600750803947448,0,True,False
14.341434001922607,2868,14.34,1,0.1285300850868225,0.8714699149131775,0,True,False
14.372507572174072,2872,14.36,1,0.0351810343563556,0.9648189544677734,0,True,False
14.392560958862305,2876,14.38,1,0.1638037413358688,0.83619624376297,0,True,False
14.40723991394043,2880,14.4,1,0.0416247397661209,0.9583752751350404,0,True,False
14.434857368469238,2884,14.42,1,0.0942763015627861,0.9057236909866332,0,True,False
14.443594217300417,2888,14.44,1,0.0476070493459701,0.9523929953575134,0,True,False
14.47277331352234,2892,14.46,1,0.0774232596158981,0.9225767254829408,0,True,False
14.49386477470398,2896,14.48,1,0.0661830380558967,0.9338170289993286,0,True,False
14.509055614471436,2900,14.5,1,0.1706658750772476,0.8293340802192688,0,True,False
14.537010669708252,2904,14.52,1,0.0686858296394348,0.93131422996521,0,True,False
14.55259895324707,2908,14.54,1,0.1171260252594947,0.8828740119934082,0,True,False
14.576886177062988,2912,14.56,1,0.073673278093338,0.9263266921043396,0,True,False
14.59095287322998,2916,14.58,1,0.1386664062738418,0.8613336086273193,0,True,False
14.60640025138855,2920,14.6,1,0.0624939650297164,0.9375060200691224,0,True,False
14.622405767440796,2924,14.62,1,0.0915905758738517,0.9084094166755676,0,True,False
14.648441791534424,2928,14.64,1,0.0894536674022674,0.9105463027954102,0,True,False
14.665257453918455,2932,14.66,1,0.1104768440127372,0.8895231485366821,0,True,False
14.680730104446411,2936,14.68,1,0.1599733084440231,0.8400266766548157,0,True,False
14.707241296768188,2940,14.7,1,0.2049057781696319,0.7950941920280457,0,True,False
14.726820230484009,2944,14.72,1,0.1102302074432373,0.8897697925567627,0,True,False
14.741188526153564,2948,14.74,1,0.1721435189247131,0.8278564214706421,0,True,False
14.772613286972046,2952,14.76,1,0.2047127187252044,0.7952872514724731,0,True,False
14.792477130889893,2956,14.78,1,0.3539210557937622,0.6460790038108826,0,True,False
14.807563543319702,2960,14.8,1,0.1823088526725769,0.8176912069320679,0,True,False
14.82660436630249,2964,14.82,1,0.4716857373714447,0.5283142328262329,0,True,False
14.842390775680542,2968,14.84,0,0.6615837812423706,0.338416188955307,0,True,True
14.8725106716156,2972,14.86,0,0.813411295413971,0.1865887492895126,0,True,True
14.892338514328005,2976,14.88,0,0.862447202205658,0.1375528573989868,0,True,True
14.90761375427246,2980,14.9,0,0.8791421055793762,0.1208578869700431,0,True,True
14.927048683166504,2984,14.92,0,0.8869543671607971,0.1130456328392028,0,True,True
14.941662311553957,2988,14.94,0,0.8883222341537476,0.111677773296833,0,True,True
14.9762864112854,2992,14.96,0,0.883411705493927,0.116588294506073,0,True,True
14.992748022079468,2996,14.98,0,0.8856222033500671,0.1143778711557388,0,True,True
15.00789499282837,3000,15.0,0,0.8902219533920288,0.1097780242562294,0,True,True
15.02688694000244,3004,15.02,0,0.8903627395629883,0.1096372604370117,0,True,True
15.041758060455322,3008,15.04,0,0.8849097490310669,0.1150902956724166,0,True,True
15.0727858543396,3012,15.06,0,0.8895004391670227,0.1104995459318161,0,True,True
15.092757940292358,3016,15.08,0,0.8854900598526001,0.1145098954439163,0,True,True
15.110193252563477,3020,15.1,0,0.889336347579956,0.1106636747717857,0,True,True
15.12628698348999,3024,15.12,0,0.8909542560577393,0.1090457215905189,0,True,True
15.141098737716677,3028,15.14,0,0.8857836723327637,0.1142163053154945,0,True,True
15.167186260223389,3032,15.16,0,0.8867881298065186,0.1132117956876754,0,True,True
15.192392349243164,3036,15.18,0,0.8896788954734802,0.1103210598230362,0,True,True
15.213377475738524,3040,15.2,0,0.889175295829773,0.110824666917324,0,True,True
15.227338314056396,3044,15.22,0,0.8898877501487732,0.110112264752388,0,True,True
15.242775440216064,3048,15.24,0,0.8900961875915527,0.1099037900567054,0,True,True
15.268213987350464,3052,15.26,0,0.8904170989990234,0.1095829308032989,0,True,True
15.282387971878052,3056,15.28,0,0.8847885727882385,0.115211471915245,0,True,True
15.307783126831056,3060,15.3,0,0.8886319398880005,0.1113681197166442,0,True,True
15.322724342346191,3064,15.32,0,0.8900234699249268,0.109976515173912,0,True,True
15.342649221420288,3068,15.34,0,0.8889744877815247,0.1110254526138305,0,True,True
15.37278437614441,3072,15.36,0,0.8891894817352295,0.1108105480670929,0,True,True
15.395383358001707,3076,15.38,0,0.8874232769012451,0.1125767230987548,0,True,True
15.408998012542725,3080,15.4,0,0.8907017111778259,0.109298288822174,0,True,True
15.4274160861969,3084,15.42,0,0.8904677033424377,0.1095323115587234,0,True,True
15.442776679992676,3088,15.44,0,0.879787266254425,0.1202127262949943,1,True,False
15.474304437637327,3092,15.46,0,0.8873965740203857,0.1126033812761306,1,True,False
15.484798192977903,3096,15.48,0,0.8898387551307678,0.1101612225174903,1,True,False
15.519882440567017,3100,15.5,0,0.8902981281280518,0.1097018867731094,1,True,False
15.532738447189333,3104,15.52,0,0.8913523554801941,0.1086476519703865,1,True,False
15.552720069885254,3108,15.54,0,0.8851212859153748,0.1148786395788192,1,True,False
15.577793598175049,3112,15.56,0,0.8785181641578674,0.1214818730950355,1,True,False
15.59242033958435,3116,15.58,0,0.8865214586257935,0.1134785562753677,1,True,False
15.611432313919067,3120,15.6,0,0.8761687874794006,0.1238312721252441,1,True,False
15.622704029083252,3124,15.62,0,0.8840505480766296,0.1159494146704673,1,True,False
15.643146514892578,3128,15.64,0,0.86644047498703,0.1335594952106475,1,True,False
15.677740573883057,3132,15.66,0,0.8881295323371887,0.1118705198168754,1,True,False
15.692570447921751,3136,15.68,0,0.8885691165924072,0.1114308387041091,1,True,False
15.699585676193236,3140,15.7,0,0.8897171020507812,0.1102828830480575,1,True,False
15.726430654525757,3144,15.72,0,0.8784604072570801,0.1215396076440811,1,True,False
15.748580932617188,3148,15.74,0,0.8864394426345825,0.113560564815998,1,True,False
15.760815620422363,3152,15.76,0,0.8888561129570007,0.1111439019441604,1,True,False
15.795171737670898,3156,15.78,0,0.8857331871986389,0.1142668202519416,1,True,False
15.808168411254885,3160,15.8,0,0.8851020932197571,0.1148979514837265,1,True,False
15.822733163833618,3164,15.82,0,0.8863950371742249,0.1136049181222915,1,True,False
15.843800067901611,3168,15.84,0,0.8880012631416321,0.1119987294077873,1,True,False
15.878499746322632,3172,15.86,0,0.8847777843475342,0.1152222827076911,1,True,False
15.892478227615356,3176,15.88,0,0.8896659016609192,0.1103340685367584,1,True,False
15.90237307548523,3180,15.9,0,0.8895896673202515,0.1104103177785873,1,True,False
15.922414064407349,3184,15.92,0,0.8893790245056152,0.1106209531426429,1,True,False
15.94380235671997,3188,15.94,0,0.8901590704917908,0.1098409295082092,1,True,False
15.976582050323486,3192,15.96,0,0.8857335448265076,0.1142664030194282,1,True,False
15.993509531021118,3196,15.98,0,0.8835358023643494,0.1164642125368118,1,True,False
16.002397060394287,3200,16.0,0,0.8903773427009583,0.1096226945519447,1,True,False
16.026862144470215,3204,16.02,0,0.8897309899330139,0.1102689802646637,1,True,False
16.046186685562134,3208,16.04,0,0.890563428401947,0.1094365641474723,1,True,False
16.07462763786316,3212,16.06,0,0.8723002672195435,0.1276997327804565,1,True,False
16.093782901763916,3216,16.08,0,0.8746506571769714,0.1253493428230285,1,True,False
16.10946750640869,3220,16.1,0,0.8854969143867493,0.1145030483603477,1,True,False
16.12252187728882,3224,16.12,0,0.8866114020347595,0.1133886128664016,1,True,False
16.14239192008972,3228,16.14,0,0.8867553472518921,0.1132446676492691,1,True,False
16.16165041923523,3232,16.16,0,0.862189769744873,0.1378102600574493,1,True,False
16.192479610443115,3236,16.18,0,0.883710503578186,0.1162894368171691,1,True,False
16.209831476211548,3240,16.2,0,0.8835043907165527,0.1164956390857696,1,True,False
16.224730730056763,3244,16.22,0,0.890198826789856,0.1098011657595634,1,True,False
16.24269461631775,3248,16.24,0,0.8776110410690308,0.1223889738321304,1,True,False
16.27850866317749,3252,16.26,0,0.8845292925834656,0.1154706478118896,1,True,False
16.292527675628662,3256,16.28,0,0.890212893486023,0.1097871214151382,1,True,False
16.307626485824585,3260,16.3,0,0.8905361890792847,0.1094637811183929,1,True,False
16.33576798439026,3264,16.32,0,0.8900511860847473,0.1099488511681556,1,True,False
16.35257601737976,3268,16.34,0,0.889619767665863,0.1103802546858787,1,True,False
16.37653684616089,3272,16.36,0,0.8868222832679749,0.1131777763366699,1,True,False
16.39439582824707,3276,16.38,0,0.8902707099914551,0.1097292974591255,1,True,False
16.407400369644165,3280,16.4,0,0.8910717368125916,0.1089282631874084,1,True,False
16.435797214508057,3284,16.42,0,0.8885141611099243,0.111485831439495,1,True,False
16.45255947113037,3288,16.44,0,0.8879473209381104,0.1120526865124702,1,True,False
16.456568479537964,3292,16.46,0,0.8852455615997314,0.1147544085979461,1,True,False
16.492610454559326,3296,16.48,0,0.8896827697753906,0.1103172525763511,1,True,False
16.51019787788391,3300,16.5,0,0.8900086283683777,0.109991431236267,1,True,False
16.524683237075806,3304,16.52,0,0.8884781002998352,0.1115218698978424,1,True,False
16.54283905029297,3308,16.54,0,0.8886864185333252,0.1113136261701583,1,True,False
16.578290224075317,3312,16.56,0,0.889470636844635,0.1105294376611709,1,True,False
16.592504501342773,3316,16.58,0,0.8897350430488586,0.1102649122476577,1,True,False
16.60240912437439,3320,16.6,0,0.8904040455818176,0.1095959544181823,1,True,False
16.628620386123657,3324,16.62,0,0.8798731565475464,0.1201268136501312,1,True,False
16.642637729644775,3328,16.64,0,0.8860474228858948,0.1139525920152664,1,True,False
16.65270495414734,3332,16.66,0,0.8887128829956055,0.1112871021032333,1,True,False
16.6955349445343,3336,16.68,0,0.8874397873878479,0.1125601902604103,1,True,False
16.7025306224823,3340,16.7,0,0.8640390038490295,0.1359610557556152,1,True,False
16.724597692489624,3344,16.72,0,0.8745670318603516,0.1254329681396484,1,True,False
16.752789974212646,3348,16.74,0,0.8840310573577881,0.1159688755869865,1,True,False
16.772642612457275,3352,16.76,0,0.8872545957565308,0.1127454340457916,1,True,False
16.792433977127075,3356,16.78,0,0.8851457834243774,0.1148542165756225,1,True,False
16.802745819091797,3360,16.8,0,0.8864720463752747,0.1135279238224029,1,True,False
16.825970888137817,3364,16.82,0,0.8876131176948547,0.1123868599534034,1,True,False
16.840583324432373,3368,16.84,0,0.8881918787956238,0.1118081361055374,1,True,False
16.872622966766357,3372,16.86,0,0.8826446533203125,0.1173553615808487,1,True,False
16.89517855644226,3376,16.88,0,0.8489594459533691,0.1510406136512756,1,True,False
16.90908432006836,3380,16.9,0,0.8745855093002319,0.1254145056009292,1,True,False
16.92461109161377,3384,16.92,0,0.8861079216003418,0.1138921156525611,1,True,False
16.96078610420227,3388,16.94,0,0.8868903517723083,0.1131096929311752,1,True,False
16.97816777229309,3392,16.96,0,0.8833483457565308,0.1166516467928886,1,True,False
16.99280548095703,3396,16.98,0,0.8777422308921814,0.1222577542066574,1,True,False
17.01040005683899,3400,17.0,0,0.8844543099403381,0.1155456379055976,1,True,False
17.024757862091064,3404,17.02,0,0.8887658715248108,0.1112341061234474,1,True,False
17.0446457862854,3408,17.04,0,0.881917417049408,0.1180825382471084,1,True,False
17.078224897384644,3412,17.06,0,0.873826265335083,0.1261737197637558,1,True,False
17.094813585281372,3416,17.08,0,0.8831712603569031,0.1168287470936775,1,True,False
17.108784914016724,3420,17.1,0,0.8887355923652649,0.1112644001841545,1,True,False
17.129615306854248,3424,17.12,0,0.8861678242683411,0.1138321533799171,1,True,False
17.145652532577515,3428,17.14,0,0.8809022903442383,0.1190976947546005,1,True,False
17.177608251571655,3432,17.16,0,0.8547854423522949,0.1452145129442215,1,True,False
17.194197177886963,3436,17.18,0,0.8818168044090271,0.1181831657886505,1,True,False
17.202568292617798,3440,17.2,0,0.8881676197052002,0.1118324100971221,1,True,False
17.224744081497192,3444,17.22,0,0.8809349536895752,0.1190650910139083,1,True,False
17.25249671936035,3448,17.24,0,0.8654835224151611,0.134516492486,1,True,False
17.266905784606934,3452,17.26,0,0.8180807828903198,0.1819191724061966,1,True,False
17.29245400428772,3456,17.28,0,0.8744291663169861,0.1255708187818527,1,True,False
17.31272053718567,3460,17.3,0,0.8836497068405151,0.1163502931594848,1,True,False
17.327538013458252,3464,17.32,0,0.8893425464630127,0.1106574386358261,1,True,False
17.34259796142578,3468,17.34,0,0.8653191328048706,0.1346808969974517,1,True,False
17.369553804397583,3472,17.36,0,0.8846669793128967,0.1153329610824585,1,True,False
17.38474130630493,3476,17.38,0,0.8886837959289551,0.1113162115216255,1,True,False
17.40275263786316,3480,17.4,0,0.889115571975708,0.1108844056725502,1,True,False
17.422680854797363,3484,17.42,0,0.882194995880127,0.1178050264716148,1,True,False
17.442397356033325,3488,17.44,0,0.8715149760246277,0.1284850388765335,1,True,False
17.472517013549805,3492,17.46,0,0.8853541016578674,0.1146458536386489,1,True,False
17.494863271713257,3496,17.48,0,0.8849572539329529,0.1150427535176277,1,True,False
17.507591247558594,3500,17.5,0,0.8874644041061401,0.1125356703996658,1,True,False
17.528377056121826,3504,17.52,0,0.8900601863861084,0.1099398136138916,1,True,False
17.542611598968506,3508,17.54,0,0.888404905796051,0.1115950793027877,1,True,False
17.561196088790894,3512,17.56,0,0.8864998817443848,0.1135000884532928,1,True,False
17.59491753578186,3516,17.58,0,0.8890495896339417,0.1109504327178001,1,True,False
17.608829498291016,3520,17.6,0,0.8583285212516785,0.1416714191436767,1,True,False
17.622698545455933,3524,17.62,0,0.8844886422157288,0.1155113205313682,1,True,False
17.643980026245117,3528,17.64,0,0.8859955072402954,0.1140044778585434,1,True,False
17.67688822746277,3532,17.66,0,0.8834713101387024,0.116528645157814,1,True,False
17.69244694709778,3536,17.68,0,0.8717800974845886,0.1282199323177337,1,True,False
17.708287715911865,3540,17.7,0,0.8887648582458496,0.1112351566553115,1,True,False
17.7283935546875,3544,17.72,0,0.8894116878509521,0.110588327050209,1,True,False
17.742611408233643,3548,17.74,0,0.8909910917282104,0.1090089455246925,1,True,False
17.76095485687256,3552,17.76,0,0.8430221080780029,0.156977891921997,1,True,False
17.79330611228943,3556,17.78,0,0.8868563771247864,0.113143540918827,1,True,False
17.807225942611694,3560,17.8,0,0.8878035545349121,0.1121964827179908,1,True,False
17.822672843933105,3564,17.82,0,0.8901907801628113,0.1098091527819633,1,True,False
17.84480381011963,3568,17.84,0,0.8901750445365906,0.1098249554634094,1,True,False
17.87714123725891,3572,17.86,0,0.8898411393165588,0.1101588308811187,1,True,False
17.886375665664673,3576,17.88,0,0.8792169690132141,0.12078308314085,1,True,False
17.90186357498169,3580,17.9,0,0.8847616910934448,0.1152382642030716,1,True,False
17.922858238220215,3584,17.92,0,0.8857276439666748,0.1142723485827446,1,True,False
17.942596197128296,3588,17.94,0,0.8897554278373718,0.1102445647120475,1,True,False
17.97791051864624,3592,17.96,0,0.8790652751922607,0.120934672653675,1,True,False
17.987105131149292,3596,17.98,0,0.8746175169944763,0.1253824979066848,1,True,False
18.010584831237793,3600,18.0,0,0.8880094885826111,0.1119905039668083,1,True,False
18.02571392059326,3604,18.02,0,0.890341579914093,0.1096584200859069,1,True,False
18.040547132492065,3608,18.04,0,0.8862963318824768,0.1137036308646202,1,True,False
18.075451850891117,3612,18.06,0,0.8816859722137451,0.118314079940319,1,True,False
18.083797931671143,3616,18.08,0,0.8872044682502747,0.1127955317497253,1,True,False
18.102659463882446,3620,18.1,0,0.8857834935188293,0.114216461777687,1,True,False
18.129591464996334,3624,18.12,0,0.8815951347351074,0.1184048056602478,1,True,False
18.142789363861084,3628,18.14,0,0.8862903714179993,0.1137096360325813,1,True,False
18.17764616012573,3632,18.16,0,0.8856608867645264,0.1143390536308288,1,True,False
18.19636583328247,3636,18.18,0,0.8878433108329773,0.1121567636728286,1,True,False
18.202404499053955,3640,18.2,0,0.8801136612892151,0.1198863089084625,1,True,False
18.226810932159424,3644,18.22,0,0.8778977394104004,0.1221022829413414,1,True,False
18.242681980133057,3648,18.24,0,0.8774921298027039,0.1225078627467155,1,True,False
18.26156783103943,3652,18.26,0,0.8844392895698547,0.1155606806278228,1,True,False
18.292792320251465,3656,18.28,0,0.8555079698562622,0.1444920599460601,1,True,False
18.31163096427917,3660,18.3,0,0.888189971446991,0.1118100434541702,1,True,False
18.32254838943481,3664,18.32,0,0.8872814178466797,0.1127185821533203,1,True,False
18.34447741508484,3668,18.34,0,0.8905361890792847,0.1094638109207153,1,True,False
18.37891221046448,3672,18.36,0,0.8235419392585754,0.1764580607414245,1,True,False
18.39481544494629,3676,18.38,0,0.8844970464706421,0.1155029982328414,1,True,False
18.40286874771118,3680,18.4,0,0.8873531222343445,0.1126469001173973,1,True,False
18.428416967391968,3684,18.42,0,0.8894180059432983,0.1105820462107658,1,True,False
18.44881558418274,3688,18.44,0,0.8880507349967957,0.1119492873549461,1,True,False
18.45281791687012,3692,18.46,1,0.068766139447689,0.9312338829040528,0,True,False
18.49387788772583,3696,18.48,0,0.8863705992698669,0.1136293560266494,0,True,True
18.502751111984253,3700,18.5,0,0.8885424137115479,0.1114576086401939,0,True,True
18.522931337356567,3704,18.52,0,0.889680027961731,0.1103200167417526,0,True,True
18.54459309577942,3708,18.54,0,0.8821791410446167,0.1178208217024803,0,True,True
18.577881574630737,3712,18.56,0,0.8647437691688538,0.1352562457323074,0,True,True
18.593233108520508,3716,18.58,1,0.1257822960615158,0.8742177486419678,0,True,False
18.60270619392395,3720,18.6,0,0.8823079466819763,0.1176920905709266,0,True,True
18.62718915939331,3724,18.62,1,0.1128494814038276,0.8871505260467529,0,True,False
18.644752264022827,3728,18.64,0,0.8584147095680237,0.1415853202342987,0,True,True
18.66044592857361,3732,18.66,1,0.1157105043530464,0.8842895030975342,0,True,False
18.69270086288452,3736,18.68,0,0.8852798938751221,0.1147200912237167,0,True,True
18.709558963775635,3740,18.7,1,0.1602337956428527,0.839766263961792,0,True,False
18.72459316253662,3744,18.72,0,0.8684200048446655,0.131579965353012,0,True,True
18.73244047164917,3748,18.74,0,0.8868144154548645,0.1131855547428131,0,True,True
18.777884006500244,3752,18.76,1,0.1048759967088699,0.8951240181922913,0,True,False
18.792874097824097,3756,18.78,0,0.8830873966217041,0.1169125512242317,0,True,True
18.807846546173096,3760,18.8,1,0.0561758652329444,0.9438241720199584,0,True,False
18.839695692062374,3764,18.82,1,0.0373965352773666,0.9626034498214722,0,True,False
18.85626792907715,3768,18.84,1,0.0707041397690773,0.9292958974838256,0,True,False
18.87272000312805,3772,18.86,1,0.046847641468048,0.953152358531952,0,True,False
18.895325660705566,3776,18.88,1,0.071909412741661,0.9280905723571776,0,True,False
18.907623767852783,3780,18.9,1,0.0268741808831691,0.9731258153915404,0,True,False
18.92280077934265,3784,18.92,1,0.0375877544283866,0.962412178516388,0,True,False
18.9425745010376,3788,18.94,1,0.0358600541949272,0.964139997959137,0,True,False
18.961790323257446,3792,18.96,1,0.055080484598875,0.9449195265769958,0,True,False
18.99249911308289,3796,18.98,1,0.0246211364865303,0.9753788113594056,0,True,False
19.01019406318665,3800,19.0,1,0.0249557588249444,0.9750442504882812,0,True,False
19.02552437782288,3804,19.02,1,0.0477088838815689,0.9522911310195924,0,True,False
19.04072952270508,3808,19.04,1,0.0345653966069221,0.9654346108436584,0,True,False
19.05964469909668,3812,19.06,1,0.0787327587604522,0.9212672114372252,0,True,False
19.09279227256775,3816,19.08,1,0.0231697242707014,0.976830244064331,0,True,False
19.102930068969727,3820,19.1,1,0.0324830189347267,0.9675169587135316,0,True,False
19.12536597251892,3824,19.12,1,0.0357232242822647,0.9642767310142516,0,True,False
19.15169620513916,3828,19.14,1,0.0371508859097957,0.9628490805625916,0,True,False
19.154321432113647,3832,19.16,1,0.0242285691201686,0.9757713675498962,0,True,False
19.1961612701416,3836,19.18,1,0.0228884648531675,0.977111518383026,0,True,False
19.20852470397949,3840,19.2,1,0.0480620674788951,0.9519378542900084,0,True,False
19.22577118873596,3844,19.22,1,0.0352084934711456,0.964791476726532,0,True,False
19.25415086746216,3848,19.24,1,0.047284822911024,0.9527152180671692,0,True,False
19.272937059402462,3852,19.26,1,0.0242369547486305,0.9757630825042723,0,True,False
19.29272747039795,3856,19.28,1,0.0235104393213987,0.9764896035194396,0,True,False
19.30768895149231,3860,19.3,1,0.0347243882715702,0.9652755856513976,0,True,False
19.32640314102173,3864,19.32,1,0.0911756232380867,0.908824384212494,0,True,False
19.34150528907776,3868,19.34,1,0.0271906144917011,0.972809374332428,0,True,False
19.372891664505005,3872,19.36,1,0.0280922744423151,0.971907675266266,0,True,False
19.39358639717102,3876,19.38,1,0.0579629689455032,0.942037045955658,0,True,False
19.40845561027527,3880,19.4,1,0.0356364250183105,0.9643635749816896,0,True,False
19.42273998260498,3884,19.42,1,0.0517094545066356,0.948290467262268,0,True,False
19.442743062973022,3888,19.44,1,0.024733830243349,0.9752662181854248,0,True,False
19.47031593322754,3892,19.46,1,0.0337166786193847,0.9662833213806152,0,True,False
19.487574338912964,3896,19.48,1,0.0371923372149467,0.9628076553344728,0,True,False
19.507691383361816,3900,19.5,1,0.0487257614731788,0.9512742161750792,0,True,False
19.522736072540283,3904,19.52,1,0.0273774359375238,0.972622573375702,0,True,False
19.545064449310303,3908,19.54,1,0.040287971496582,0.9597120881080629,0,True,False
19.57172060012817,3912,19.56,1,0.0482757985591888,0.9517241716384888,0,True,False
19.587770462036133,3916,19.58,1,0.0405645407736301,0.9594354629516602,0,True,False
19.607879638671875,3920,19.6,1,0.0297203697264194,0.9702796339988708,0,True,False
19.628263473510746,3924,19.62,1,0.0254107359796762,0.9745893478393556,0,True,False
19.64263319969177,3928,19.64,1,0.0418283715844154,0.9581716656684875,0,True,False
19.66279983520508,3932,19.66,1,0.0412249602377414,0.9587751030921936,0,True,False
19.69649720191956,3936,19.68,1,0.1015335321426391,0.8984665274620056,0,True,False
19.710256814956665,3940,19.7,1,0.0244907960295677,0.9755092859268188,0,True,False
19.722774744033813,3944,19.72,1,0.0685572698712349,0.9314427375793456,0,True,False
19.744140625,3948,19.74,1,0.0363477505743503,0.9636521935462952,0,True,False
19.77267980575561,3952,19.76,1,0.1085067838430404,0.8914932012557983,0,True,False
19.794854640960693,3956,19.78,1,0.028413500636816,0.971586525440216,0,True,False
19.808621644973755,3960,19.8,1,0.0561613030731678,0.9438387155532836,0,True,False
19.82836937904358,3964,19.82,1,0.0562281496822834,0.9437718987464904,0,True,False
19.843220710754395,3968,19.84,1,0.0399808511137962,0.9600191712379456,0,True,False
19.8579695224762,3972,19.86,1,0.05545674264431,0.9445433020591736,0,True,False
19.893757820129395,3976,19.88,1,0.0269015897065401,0.9730983376502992,0,True,False
19.910298347473145,3980,19.9,1,0.0909577682614326,0.909042239189148,0,True,False
19.925883769989014,3984,19.92,1,0.03915561363101,0.9608443975448608,0,True,False
19.937777996063232,3988,19.94,1,0.0528406016528606,0.9471594095230104,0,True,False
19.97080636024475,3992,19.96,1,0.027820760384202,0.9721792340278624,0,True,False
19.987622261047363,3996,19.98,1,0.02914984151721,0.9708502292633056,0,True,False
20.00254774093628,4000,20.0,1,0.0647773742675781,0.9352225661277772,0,True,False
20.025872707366943,4004,20.02,1,0.0381533652544021,0.961846649646759,0,True,False
20.04249739646912,4008,20.04,1,0.1177280023694038,0.8822720050811768,0,True,False
20.072943210601807,4012,20.06,1,0.0277534313499927,0.9722466468811036,0,True,False
20.09516787528992,4016,20.08,1,0.0324573218822479,0.9675427079200744,0,True,False
20.102801084518436,4020,20.1,1,0.041904617100954,0.958095371723175,0,True,False
20.12764358520508,4024,20.12,1,0.0436957851052284,0.9563042521476746,0,True,False
20.14250612258911,4028,20.14,1,0.0462991446256637,0.9537009000778198,0,True,False
20.175777912139893,4032,20.16,1,0.0272022616118192,0.9727977514266968,0,True,False
20.185758113861084,4036,20.18,1,0.0678034797310829,0.9321964979171752,0,True,False
20.202964067459103,4040,20.2,1,0.0449156239628791,0.9550843238830566,0,True,False
20.229493856430054,4044,20.22,1,0.1060913279652595,0.893908679485321,0,True,False
20.242719650268555,4048,20.24,1,0.0271533001214265,0.9728466868400574,0,True,False
20.25274157524109,4052,20.26,1,0.0833053067326545,0.916694700717926,0,True,False
20.286055326461792,4056,20.28,1,0.0459562093019485,0.954043745994568,0,True,False
20.302583694458008,4060,20.3,1,0.0788435935974121,0.9211563467979432,0,True,False
20.32280397415161,4064,20.32,1,0.0619243420660495,0.938075602054596,0,True,False
20.342568397521973,4068,20.34,1,0.1467150449752807,0.853285014629364,0,True,False
20.37810707092285,4072,20.36,1,0.204906553030014,0.7950934767723083,0,True,False
20.39263319969177,4076,20.38,1,0.0767834261059761,0.9232165813446044,0,True,False
20.40272164344788,4080,20.4,1,0.1393314003944397,0.8606685996055603,0,True,False
20.42709732055664,4084,20.42,1,0.1398930251598358,0.8601070046424866,0,True,False
20.441436767578125,4088,20.44,1,0.0952972993254661,0.9047027230262756,0,True,False
20.475937843322757,4092,20.46,1,0.1058406978845596,0.8941592574119568,0,True,False
20.483736991882324,4096,20.48,1,0.0690571665763855,0.9309428930282592,0,True,False
20.503029823303223,4100,20.5,1,0.1252782493829727,0.8747217655181885,0,True,False
20.530260801315308,4104,20.52,1,0.0333355478942394,0.966664493083954,0,True,False
20.5445408821106,4108,20.54,1,0.0468151718378067,0.9531848430633544,0,True,False
20.57692575454712,4112,20.56,1,0.0546605512499809,0.9453395009040833,0,True,False
20.59712100028992,4116,20.58,1,0.0409532040357589,0.9590468406677246,0,True,False
20.61094093322754,4120,20.6,1,0.0442796945571899,0.9557202458381652,0,True,False
20.625358819961548,4124,20.62,1,0.150155708193779,0.8498442769050598,0,True,False
20.64597082138061,4128,20.64,1,0.0379992090165615,0.9620007276535034,0,True,False
20.67508339881897,4132,20.66,1,0.0549371652305126,0.945062816143036,0,True,False
20.6864492893219,4136,20.68,1,0.0282848458737134,0.9717151522636414,0,True,False
20.702592611312863,4140,20.7,1,0.0947953537106514,0.9052045941352844,0,True,False
20.722888469696045,4144,20.72,1,0.0421657860279083,0.957834243774414,0,True,False
20.74543070793152,4148,20.74,1,0.0438557229936122,0.9561443328857422,0,True,False
20.77482271194458,4152,20.76,1,0.0252882931381464,0.9747117161750792,0,True,False
20.79054975509644,4156,20.78,1,0.0348910503089427,0.9651089310646056,0,True,False
20.804582357406616,4160,20.8,1,0.0522940941154956,0.947705864906311,0,True,False
20.822866678237915,4164,20.82,1,0.0430509038269519,0.9569490551948548,0,True,False
20.83426070213318,4168,20.84,1,0.0852789580821991,0.9147210717201232,0,True,False
20.85993313789368,4172,20.86,1,0.0374056734144687,0.9625943303108216,0,True,False
20.88288640975952,4176,20.88,1,0.1037661135196685,0.896233856678009,0,True,False
20.907806634902958,4180,20.9,1,0.0620009899139404,0.9379990696907043,0,True,False
20.922770738601685,4184,20.92,1,0.1397017240524292,0.860298216342926,0,True,False
20.94283127784729,4188,20.94,1,0.0425627119839191,0.95743727684021,0,True,False
20.973772764205933,4192,20.96,1,0.0810105055570602,0.9189895391464232,0,True,False
20.989967584609985,4196,20.98,1,0.0727488994598388,0.9272511005401612,0,True,False
21.002569437026978,4200,21.0,1,0.0406368300318717,0.9593631625175476,0,True,False
21.01918029785156,4204,21.02,1,0.0414191633462905,0.9585808515548706,0,True,False
21.0409471988678,4208,21.04,1,0.0303727630525827,0.9696272611618042,0,True,False
21.07747602462769,4212,21.06,1,0.0883950516581535,0.911604940891266,0,True,False
21.081932306289676,4216,21.08,1,0.0419944338500499,0.9580055475234984,0,True,False
21.109899520874023,4220,21.1,1,0.1284985989332199,0.8715013861656189,0,True,False
21.126734733581543,4224,21.12,1,0.0271500442177057,0.97284996509552,0,True,False
21.140979528427124,4228,21.14,1,0.0486161038279533,0.9513839483261108,0,True,False
21.17283844947815,4232,21.16,1,0.0488820150494575,0.9511180520057678,0,True,False
21.19368267059326,4236,21.18,1,0.0382329560816288,0.9617670178413392,0,True,False
21.205860376358032,4240,21.2,1,0.0390793308615684,0.9609206914901732,0,True,False
21.223002672195435,4244,21.22,1,0.0248000621795654,0.9751998782157898,0,True,False
21.24288296699524,4248,21.24,1,0.0656836405396461,0.934316337108612,0,True,False
21.258981943130493,4252,21.26,1,0.0432631485164165,0.9567368030548096,0,True,False
21.282896280288696,4256,21.28,1,0.0854193046689033,0.9145806431770324,0,True,False
21.3079731464386,4260,21.3,1,0.0447417460381984,0.9552582502365112,0,True,False
21.32281255722046,4264,21.32,1,0.181463822722435,0.8185362219810486,0,True,False
21.34363865852356,4268,21.34,1,0.1652567684650421,0.8347432613372803,0,True,False
21.37295174598694,4272,21.36,1,0.0873461589217186,0.9126538038253784,0,True,False
21.39166522026062,4276,21.38,1,0.189484491944313,0.8105155229568481,0,True,False
21.40485429763794,4280,21.4,1,0.0546157285571098,0.9453842639923096,0,True,False
21.422627210617065,4284,21.42,1,0.1490395218133926,0.8509604334831238,0,True,False
21.442517042160038,4288,21.44,1,0.0715636238455772,0.9284363389015198,0,True,False
21.45926260948181,4292,21.46,1,0.1583003401756286,0.8416996598243713,0,True,False
21.49150061607361,4296,21.48,1,0.2260984629392624,0.7739015221595764,0,True,False
21.502601385116577,4300,21.5,1,0.1662727743387222,0.8337271809577942,0,True,False
21.524141788482662,4304,21.52,1,0.279971182346344,0.720028817653656,0,True,False
21.55064797401428,4308,21.54,1,0.179405853152275,0.8205941319465637,0,True,False
21.56571912765503,4312,21.56,1,0.398128867149353,0.601871132850647,0,True,False
21.589995622634888,4316,21.58,0,0.5867730975151062,0.4132268726825714,0,True,True
21.602769136428837,4320,21.6,0,0.7251884341239929,0.2748115658760071,0,True,True
21.62462019920349,4324,21.62,0,0.8130520582199097,0.1869478970766067,0,True,True
21.650602102279663,4328,21.64,0,0.8616970777511597,0.1383029073476791,0,True,True
21.66852211952209,4332,21.66,0,0.8809903860092163,0.1190096661448478,0,True,True
21.683926105499268,4336,21.68,0,0.884373128414154,0.1156268268823623,0,True,True
21.70253849029541,4340,21.7,0,0.8880165815353394,0.1119833663105964,0,True,True
21.727262258529663,4344,21.72,0,0.8905740976333618,0.1094258800148963,0,True,True
21.74090838432312,4348,21.74,0,0.8907930254936218,0.1092069745063781,0,True,True
21.76849389076233,4352,21.76,0,0.8742672204971313,0.125732809305191,0,True,True
21.784146070480347,4356,21.78,0,0.8872315287590027,0.1127685159444809,0,True,True
21.802624464035038,4360,21.8,0,0.8893684148788452,0.1106316521763801,0,True,True
21.82301664352417,4364,21.82,0,0.8908784985542297,0.1091215386986732,0,True,True
21.843027114868164,4368,21.84,0,0.8908716440200806,0.1091283783316612,0,True,True
21.86650967597961,4372,21.86,0,0.8617498874664307,0.1382500678300857,0,True,True
21.88299250602722,4376,21.88,0,0.8880828022956848,0.1119172498583793,0,True,True
21.906922817230225,4380,21.9,0,0.8898791670799255,0.1101208105683326,0,True,True
21.92270231246948,4384,21.92,0,0.8909317255020142,0.109068289399147,0,True,True
21.941224098205566,4388,21.94,0,0.8904635906219482,0.1095363795757293,0,True,True
21.969597339630127,4392,21.96,0,0.8780988454818726,0.1219011917710304,0,True,True
21.983015298843384,4396,21.98,0,0.8860316872596741,0.1139683425426483,0,True,True
22.00254440307617,4400,22.0,0,0.8867170810699463,0.1132829114794731,0,True,True
22.023834228515625,4404,22.02,0,0.8902377486228943,0.1097622066736221,0,True,True
22.04282164573669,4408,22.04,0,0.8732298016548157,0.1267701536417007,0,True,True
22.06733107566833,4412,22.06,0,0.8860019445419312,0.1139980778098106,0,True,True
22.0830819606781,4416,22.08,0,0.8882977962493896,0.1117022857069969,0,True,True
22.102651119232178,4420,22.1,0,0.8890677094459534,0.110932245850563,1,True,False
22.123303413391117,4424,22.12,0,0.8915418386459351,0.1084581613540649,1,True,False
22.14519476890564,4428,22.14,0,0.8908326625823975,0.1091673225164413,1,True,False
22.158605575561523,4432,22.16,0,0.8784844279289246,0.121515616774559,1,True,False
22.190794944763184,4436,22.18,0,0.8851426243782043,0.1148573979735374,1,True,False
22.209121465682983,4440,22.2,0,0.8897614479064941,0.110238529741764,1,True,False
22.22133779525757,4444,22.22,0,0.8903135061264038,0.1096864193677902,1,True,False
22.26792287826538,4448,22.24,0,0.8909279704093933,0.1090719848871231,1,True,False
22.271923065185547,4452,22.26,0,0.8812631368637085,0.1187368333339691,1,True,False
22.28590178489685,4456,22.28,0,0.8814579844474792,0.1185420528054237,1,True,False
22.302683115005493,4460,22.3,0,0.889717698097229,0.1102823466062545,1,True,False
22.3226957321167,4464,22.32,0,0.8878167867660522,0.1121832355856895,1,True,False
22.34870386123657,4468,22.34,0,0.8864578008651733,0.1135422065854072,1,True,False
22.36556434631348,4472,22.36,0,0.8863633871078491,0.1136365681886673,1,True,False
22.384087324142456,4476,22.38,0,0.8790186643600464,0.1209813207387924,1,True,False
22.402617692947388,4480,22.4,0,0.886847198009491,0.113152839243412,1,True,False
22.425945043563843,4484,22.42,0,0.8897782564163208,0.1102217212319374,1,True,False
22.442715644836422,4488,22.44,0,0.8902081847190857,0.1097917929291725,1,True,False
22.459891319274902,4492,22.46,0,0.8846215009689331,0.1153784841299057,1,True,False
22.485453844070435,4496,22.48,0,0.8887045979499817,0.1112954393029213,1,True,False
22.504178285598755,4500,22.5,0,0.8861439228057861,0.113856092095375,1,True,False
22.522999048233032,4504,22.52,0,0.8904880881309509,0.109511874616146,1,True,False
22.542694091796875,4508,22.54,0,0.8909904360771179,0.1090096235275268,1,True,False
22.573346376419067,4512,22.56,0,0.8873133659362793,0.1126866191625595,1,True,False
22.58479475975037,4516,22.58,0,0.8807889819145203,0.1192109733819961,1,True,False
22.61816668510437,4520,22.6,0,0.890283465385437,0.1097164824604988,1,True,False
22.61816668510437,4524,22.62,0,0.8897690176963806,0.110230952501297,1,True,False
22.64000964164734,4528,22.64,0,0.8896167278289795,0.1103832498192787,1,True,False
22.6727991104126,4532,22.66,0,0.888521134853363,0.1114788129925727,1,True,False
22.698660612106323,4536,22.68,0,0.8900763988494873,0.1099235489964485,1,True,False
22.702686548233032,4540,22.7,0,0.875408947467804,0.1245910376310348,1,True,False
22.73417377471924,4544,22.72,0,0.8780694007873535,0.1219305396080017,1,True,False
22.74265766143799,4548,22.74,0,0.8795483708381653,0.1204516813158989,1,True,False
22.760043144226078,4552,22.76,0,0.8865054249763489,0.1134945973753929,1,True,False
22.787976026535038,4556,22.78,0,0.8868780732154846,0.1131219267845153,1,True,False
22.799827814102173,4560,22.8,0,0.8737813234329224,0.1262187510728836,1,True,False
22.82257652282715,4564,22.82,0,0.8675779104232788,0.1324221342802047,1,True,False
22.83679676055908,4568,22.84,0,0.8716241717338562,0.128375843167305,1,True,False
22.876655101776123,4572,22.86,0,0.8827551007270813,0.1172448843717575,1,True,False
22.892566919326782,4576,22.88,0,0.8872737288475037,0.1127262637019157,1,True,False
22.907146215438843,4580,22.9,0,0.8723616003990173,0.1276384443044662,1,True,False
22.938422918319706,4584,22.92,0,0.8878697156906128,0.1121302619576454,1,True,False
22.952722787857056,4588,22.94,0,0.8894627690315247,0.1105372086167335,1,True,False
22.973037004470825,4592,22.96,0,0.8775838613510132,0.1224162131547927,1,True,False
22.991718530654907,4596,22.98,0,0.8887031078338623,0.1112968996167182,1,True,False
23.00456595420837,4600,23.0,0,0.8890969753265381,0.1109030321240425,1,True,False
23.019883394241333,4604,23.02,0,0.8910030126571655,0.1089969351887703,1,True,False
23.0429961681366,4608,23.04,0,0.8876131176948547,0.1123869270086288,1,True,False
23.072660207748413,4612,23.06,0,0.8876436352729797,0.1123563349246978,1,True,False
23.099254608154297,4616,23.08,0,0.8897361755371094,0.1102637872099876,1,True,False
23.10270667076111,4620,23.1,0,0.8883029222488403,0.111697070300579,1,True,False
23.12475538253784,4624,23.12,0,0.8908326625823975,0.1091673225164413,1,True,False
23.14304041862488,4628,23.14,0,0.8887608051300049,0.1112391799688339,1,True,False
23.15288782119751,4632,23.16,0,0.8874552845954895,0.1125447526574134,1,True,False
23.183146715164185,4636,23.18,0,0.885666012763977,0.1143340021371841,1,True,False
23.202965021133423,4640,23.2,0,0.8894551396369934,0.1105448305606842,1,True,False
23.22464084625244,4644,23.22,0,0.8901191353797913,0.1098808869719505,1,True,False
23.25165843963623,4648,23.24,0,0.8896995782852173,0.1103004515171051,1,True,False
23.26680064201355,4652,23.26,0,0.878951907157898,0.1210481226444244,1,True,False
23.283764600753784,4656,23.28,0,0.8887289762496948,0.1112710312008857,1,True,False
23.30277299880981,4660,23.3,0,0.8888220191001892,0.1111780330538749,1,True,False
23.32394027709961,4664,23.32,0,0.890464723110199,0.1095352694392204,1,True,False
23.34967994689941,4668,23.34,0,0.8785640597343445,0.1214359253644943,1,True,False
23.367053985595703,4672,23.36,0,0.8865221738815308,0.1134778559207916,1,True,False
23.383723974227905,4676,23.38,0,0.8886209726333618,0.1113790124654769,1,True,False
23.406895875930783,4680,23.4,0,0.8901887536048889,0.1098112612962722,1,True,False
23.42495346069336,4684,23.42,0,0.8912085890769958,0.1087913960218429,1,True,False
23.45078754425049,4688,23.44,0,0.8851569890975952,0.1148429587483406,1,True,False
23.47282600402832,4692,23.46,0,0.8811306357383728,0.1188692972064018,1,True,False
23.49198269844055,4696,23.48,0,0.8878337740898132,0.1121661961078643,1,True,False
23.504697799682617,4700,23.5,0,0.8879290223121643,0.1120710372924804,1,True,False
23.5190851688385,4704,23.52,0,0.8885493874549866,0.111450619995594,1,True,False
23.541067361831665,4708,23.54,0,0.8831086158752441,0.1168914511799812,1,True,False
23.566357135772705,4712,23.56,0,0.8860906958580017,0.1139092892408371,1,True,False
23.583075761795044,4716,23.58,0,0.8874727487564087,0.1125272735953331,1,True,False
23.604949235916138,4720,23.6,0,0.8851050734519958,0.1148949936032295,1,True,False
23.62309598922729,4724,23.62,0,0.8838174939155579,0.1161824539303779,1,True,False
23.64273452758789,4728,23.64,0,0.8873476982116699,0.11265230178833,1,True,False
23.665841579437256,4732,23.66,0,0.8848495483398438,0.1151504963636398,1,True,False
23.683215856552124,4736,23.68,0,0.8886148929595947,0.1113851740956306,1,True,False
23.702836275100708,4740,23.7,0,0.8851771354675293,0.1148227974772453,1,True,False
23.72282695770264,4744,23.72,0,0.890606164932251,0.1093937903642654,1,True,False
23.74370813369751,4748,23.74,0,0.8906819224357605,0.109318122267723,1,True,False
23.772846460342407,4752,23.76,0,0.8899498581886292,0.1100501418113708,1,True,False
23.79284930229187,4756,23.78,0,0.8902424573898315,0.109757475554943,1,True,False
23.802857398986816,4760,23.8,0,0.877953052520752,0.1220469325780868,1,True,False
23.8270902633667,4764,23.82,0,0.8891007900238037,0.1108992472290992,1,True,False
23.8410747051239,4768,23.84,0,0.890715479850769,0.1092845126986503,1,True,False
23.8671612739563,4772,23.86,0,0.8875712156295776,0.1124287545680999,1,True,False
23.893031358718872,4776,23.88,0,0.871254563331604,0.128745436668396,1,True,False
23.904075622558597,4780,23.9,0,0.8894752264022827,0.1105247661471366,1,True,False
23.9417097568512,4784,23.92,0,0.8887162804603577,0.1112837120890617,1,True,False
23.942718744277958,4788,23.94,0,0.8908509612083435,0.1091490760445594,1,True,False
23.96869802474976,4792,23.96,0,0.8688626289367676,0.1311373263597488,1,True,False
23.99272632598877,4796,23.98,0,0.8720536231994629,0.1279463917016983,1,True,False
24.003990650177,4800,24.0,0,0.8886633515357971,0.1113366112112999,1,True,False
24.027064085006717,4804,24.02,0,0.8876441121101379,0.1123558655381202,1,True,False
24.0428466796875,4808,24.04,0,0.8733268976211548,0.1266730576753616,1,True,False
24.07712960243225,4812,24.06,0,0.8834115862846375,0.1165884286165237,1,True,False
24.092628479003903,4816,24.08,0,0.88540118932724,0.1145987436175346,1,True,False
24.106661796569824,4820,24.1,0,0.8835470080375671,0.116453044116497,1,True,False
24.1258225440979,4824,24.12,0,0.8845759630203247,0.1154240742325782,1,True,False
24.158939361572266,4828,24.14,0,0.8851315975189209,0.1148683652281761,1,True,False
24.176335096359253,4832,24.16,0,0.8895972967147827,0.1104027330875396,1,True,False
24.183884859085083,4836,24.18,0,0.8887247443199158,0.1112752109766006,1,True,False
24.20301365852356,4840,24.2,0,0.8832208514213562,0.116779126226902,1,True,False
24.227662086486816,4844,24.22,0,0.8864630460739136,0.1135368943214416,1,True,False
24.23356294631958,4848,24.24,0,0.8868831992149353,0.1131168156862258,1,True,False
24.274270057678223,4852,24.26,0,0.8891624808311462,0.1108375042676925,1,True,False
24.284910917282104,4856,24.28,0,0.8895356059074402,0.1104643791913986,1,True,False
24.31158137321472,4860,24.3,0,0.8824571967124939,0.1175427734851837,1,True,False
24.323076963424683,4864,24.32,0,0.88694828748703,0.1130517050623893,1,True,False
24.34282350540161,4868,24.34,0,0.8884289264678955,0.1115711256861686,1,True,False
24.370362043380737,4872,24.36,0,0.8901161551475525,0.1098837777972221,1,True,False
24.38701748847961,4876,24.38,0,0.8895598649978638,0.1104401871562004,1,True,False
24.40029978752136,4880,24.4,0,0.8899420499801636,0.11005799472332,1,True,False
24.42270374298096,4884,24.42,0,0.8867716789245605,0.113228291273117,1,True,False
24.44283533096313,4888,24.44,0,0.883029580116272,0.1169703975319862,1,True,False
24.477888345718384,4892,24.46,0,0.8886772990226746,0.111322745680809,1,True,False
24.493141174316406,4896,24.48,0,0.8895817399024963,0.1104182600975036,1,True,False
24.501969814300537,4900,24.5,0,0.8893688321113586,0.1106311306357383,1,True,False
24.52676510810852,4904,24.52,0,0.8753851056098938,0.1246148943901062,1,True,False
24.54463267326355,4908,24.54,0,0.8873425126075745,0.1126574501395225,1,True,False
24.576760292053223,4912,24.56,0,0.8887643218040466,0.1112357079982757,1,True,False
24.59303998947144,4916,24.58,0,0.8864632844924927,0.1135367006063461,1,True,False
24.609379529953003,4920,24.6,0,0.790042519569397,0.209957480430603,1,True,False
24.636826515197757,4924,24.62,0,0.8815701603889465,0.1184298992156982,1,True,False
24.65278506278992,4928,24.64,0,0.8863270878791809,0.1136729046702385,1,True,False
24.677018642425537,4932,24.66,0,0.8798965215682983,0.1201034113764762,1,True,False
24.69472932815552,4936,24.68,0,0.8869741559028625,0.1130258291959762,1,True,False
24.707391262054443,4940,24.7,0,0.8777923583984375,0.1222076117992401,1,True,False
24.73558640480041,4944,24.72,0,0.8847852945327759,0.1152146980166435,1,True,False
24.75280833244324,4948,24.74,0,0.8791401982307434,0.1208597719669342,1,True,False
24.75280833244324,4952,24.76,0,0.8847305178642273,0.115269511938095,1,True,False
24.79310941696167,4956,24.78,0,0.8588142991065979,0.1411856710910797,1,True,False
24.80955696105957,4960,24.8,0,0.8546081781387329,0.1453917920589447,1,True,False
24.825059175491333,4964,24.82,0,0.8822706341743469,0.117729365825653,1,True,False
24.85283851623535,4968,24.84,0,0.885230302810669,0.1147696450352668,1,True,False
24.87885594367981,4972,24.86,0,0.8789367079734802,0.1210632994771003,1,True,False
24.894479036331177,4976,24.88,0,0.8885101079940796,0.1114898771047592,1,True,False
24.90279769897461,4980,24.9,0,0.8867458701133728,0.1132541000843048,1,True,False
24.9244122505188,4984,24.92,0,0.8895804286003113,0.1104195490479469,1,True,False
24.951209545135494,4988,24.94,0,0.8905833959579468,0.1094166338443756,1,True,False
24.965439796447757,4992,24.96,0,0.8893261551856995,0.1106738075613975,1,True,False
24.99262380599976,4996,24.98,0,0.8752036094665527,0.1247963681817054,1,True,False
25.006929636001587,5000,25.0,0,0.8878692388534546,0.1121307611465454,1,True,False
25.024664402008057,5004,25.02,0,0.8863843083381653,0.1136156693100929,1,True,False
25.05614471435547,5008,25.04,0,0.8907457590103149,0.1092542558908462,1,True,False
25.0777645111084,5012,25.06,0,0.8609774112701416,0.1390226334333419,1,True,False
25.092977046966556,5016,25.08,0,0.8879348039627075,0.1120651438832283,1,True,False
25.11112189292908,5020,25.1,0,0.8880805373191833,0.1119194403290748,1,True,False
25.12503409385681,5024,25.12,0,0.8873846530914307,0.1126153171062469,1,True,False
25.142934322357178,5028,25.14,0,0.8563056588172913,0.1436943858861923,1,True,False
25.160578966140747,5032,25.16,0,0.8857564926147461,0.1142435222864151,1,True,False
25.18063378334045,5036,25.18,0,0.8588750958442688,0.1411248743534088,1,True,False
25.20286536216736,5040,25.2,0,0.8598687052726746,0.1401313245296478,1,True,False
25.224639177322388,5044,25.22,0,0.8424413204193115,0.1575586944818496,1,True,False
25.243030548095703,5048,25.24,0,0.8820620775222778,0.1179379522800445,1,True,False
25.253008127212524,5052,25.26,0,0.8745617270469666,0.1254382729530334,1,True,False
25.292766332626343,5056,25.28,0,0.871529757976532,0.1284702122211456,1,True,False
25.30301713943481,5060,25.3,0,0.8533565998077393,0.1466433852910995,1,True,False
25.32474184036255,5064,25.32,0,0.7841549515724182,0.2158450633287429,1,True,False
25.35262680053711,5068,25.34,0,0.8851034045219421,0.1148966327309608,1,True,False
25.373100519180294,5072,25.36,0,0.862160861492157,0.137839138507843,1,True,False
25.39263319969177,5076,25.38,0,0.8842390775680542,0.115760937333107,1,True,False
25.402791500091556,5080,25.4,0,0.8302092552185059,0.1697907596826553,1,True,False
25.42786383628845,5084,25.42,0,0.88175368309021,0.1182462871074676,1,True,False
25.443119049072266,5088,25.44,0,0.889016330242157,0.1109836921095848,1,True,False
25.46942687034607,5092,25.46,0,0.8794333934783936,0.1205666437745094,1,True,False
25.487255573272705,5096,25.48,0,0.8863699436187744,0.1136300340294838,1,True,False
25.508591413497925,5100,25.5,0,0.6845500469207764,0.3154499232769012,1,True,False
25.527555227279663,5104,25.52,0,0.8722894787788391,0.1277105063199997,1,True,False
25.54441523551941,5108,25.54,0,0.8807220458984375,0.1192779392004013,1,True,False
25.57292413711548,5112,25.56,1,0.0482825338840484,0.9517174363136292,1,True,True
25.593973875045776,5116,25.58,0,0.7220194339752197,0.277980625629425,1,True,False
25.60904049873352,5120,25.6,1,0.023067183792591,0.9769328832626344,1,True,True
25.62800908088684,5124,25.62,1,0.0578581169247627,0.942141890525818,1,True,True
25.64290475845337,5128,25.64,1,0.0359294936060905,0.9640704989433287,1,True,True
25.669437646865845,5132,25.66,1,0.0448579341173172,0.955142080783844,1,True,True
25.683100938797,5136,25.68,1,0.0231494568288326,0.9768505096435548,1,True,True
25.70290279388428,5140,25.7,1,0.0235286764800548,0.9764713048934937,1,True,True
25.722949981689453,5144,25.72,1,0.0397766605019569,0.9602233171463012,1,True,True
25.743133544921875,5148,25.74,1,0.0338982678949832,0.9661017060279846,1,True,True
25.76737856864929,5152,25.76,1,0.0392158702015876,0.9607841372489928,1,True,True
25.79271697998047,5156,25.78,1,0.0223625153303146,0.977637529373169,1,True,True
25.802846431732178,5160,25.8,1,0.0269786156713962,0.973021388053894,1,True,True
25.82310104370117,5164,25.82,1,0.032115776091814,0.9678842425346376,1,True,True
25.84611296653748,5168,25.84,1,0.0510776750743389,0.948922336101532,1,True,True
25.8671555519104,5172,25.86,1,0.0224205087870359,0.9775795340538024,1,True,True
25.893022537231445,5176,25.88,1,0.0237313844263553,0.9762686491012572,1,True,True
25.905248641967773,5180,25.9,1,0.0382907763123512,0.9617092609405518,1,True,True
25.938870906829838,5184,25.92,1,0.0353048369288444,0.964695155620575,0,True,False
25.958394289016724,5188,25.94,1,0.048293799161911,0.9517062306404114,0,True,False
25.96720051765442,5192,25.96,1,0.0304086618125438,0.9695913791656494,0,True,False
25.99491500854492,5196,25.98,1,0.0627201497554779,0.9372798800468444,0,True,False
26.010433435440063,5200,26.0,1,0.0867917016148567,0.913208305835724,0,True,False
26.0260021686554,5204,26.02,1,0.0720079094171524,0.9279921054840088,0,True,False
26.042950868606567,5208,26.04,1,0.1480501294136047,0.8519498109817505,0,True,False
26.070566415786743,5212,26.06,1,0.0776223167777061,0.9223776459693908,0,True,False
26.08315372467041,5216,26.08,1,0.042162112891674,0.9578378796577454,0,True,False
26.102945566177368,5220,26.1,1,0.0278069470077753,0.9721931219100952,0,True,False
26.12288212776184,5224,26.12,1,0.0314554348587989,0.9685445427894592,0,True,False
26.142778635025024,5228,26.14,1,0.0541661828756332,0.9458338618278505,0,True,False
26.160573720932007,5232,26.16,1,0.037191841751337,0.9628081917762756,0,True,False
26.19414567947388,5236,26.18,1,0.0497877262532711,0.950212299823761,0,True,False
26.20925283432007,5240,26.2,1,0.024428118020296,0.975571870803833,0,True,False
26.22305464744568,5244,26.22,1,0.0664226412773132,0.9335773587226868,0,True,False
26.245729684829712,5248,26.24,1,0.0367074385285377,0.9632925987243652,0,True,False
26.267882108688354,5252,26.26,1,0.0598461590707302,0.9401538372039796,0,True,False
26.294556617736816,5256,26.28,1,0.0248321369290351,0.9751678109169006,0,True,False
26.305126905441284,5260,26.3,1,0.0244386475533247,0.9755613207817078,0,True,False
26.333319902420044,5264,26.32,1,0.0361270569264888,0.9638729095458984,0,True,False
26.359144926071167,5268,26.34,1,0.0390800908207893,0.9609199166297911,0,True,False
26.37434458732605,5272,26.36,1,0.0243547447025775,0.9756453037261964,0,True,False
26.38679361343384,5276,26.38,1,0.0256360284984111,0.9743639230728148,0,True,False
26.401203155517575,5280,26.4,1,0.0710777938365936,0.9289222359657288,0,True,False
26.427704334259037,5284,26.42,1,0.0352161712944507,0.964783787727356,0,True,False
26.442718029022217,5288,26.44,1,0.0557132624089717,0.9442867040634156,0,True,False
26.47804355621338,5292,26.46,1,0.0249123591929674,0.9750876426696776,0,True,False
26.493096590042114,5296,26.48,1,0.0499215796589851,0.9500784277915956,0,True,False
26.508052110672,5300,26.5,1,0.0375061444938182,0.962493896484375,0,True,False
26.526021003723145,5304,26.52,1,0.0686889365315437,0.931311011314392,0,True,False
26.541239023208615,5308,26.54,1,0.025379778817296,0.9746202230453492,0,True,False
26.576997995376587,5312,26.56,1,0.0570075884461402,0.9429924488067628,0,True,False
26.58805632591248,5316,26.58,1,0.051105111837387,0.9488948583602904,0,True,False
26.60557723045349,5320,26.6,1,0.0414283238351345,0.9585716128349304,0,True,False
26.62749671936035,5324,26.62,1,0.1180115789175033,0.8819884657859802,0,True,False
26.64198398590088,5328,26.64,1,0.0255325231701135,0.9744675159454346,0,True,False
26.674447059631348,5332,26.66,1,0.0390515774488449,0.960948407649994,0,True,False
26.684446573257446,5336,26.68,1,0.0450377278029918,0.9549622535705566,0,True,False
26.702888011932373,5340,26.7,1,0.0392990186810493,0.9607009291648864,0,True,False
26.727146863937374,5344,26.72,1,0.0544213987886905,0.945578634738922,0,True,False
26.741591215133667,5348,26.74,1,0.0278462618589401,0.9721537828445436,0,True,False
26.77781701087952,5352,26.76,1,0.0658529177308082,0.93414705991745,0,True,False
26.78376126289368,5356,26.78,1,0.0391149073839187,0.9608851671218872,0,True,False
26.81282329559326,5360,26.8,1,0.0369952172040939,0.9630048274993896,0,True,False
26.82910680770874,5364,26.82,1,0.0321918502449989,0.967808187007904,0,True,False
26.84310221672058,5368,26.84,1,0.10939272493124,0.8906072974205017,0,True,False
26.87607049942017,5372,26.86,1,0.0463245138525962,0.9536755084991456,0,True,False
26.88784503936768,5376,26.88,1,0.070922240614891,0.9290778040885924,0,True,False
26.901791095733643,5380,26.9,1,0.0904239639639854,0.9095760583877563,0,True,False
26.94302225112915,5384,26.92,1,0.0356721989810466,0.9643277525901794,0,True,False
26.95013928413391,5388,26.94,1,0.0559445284307003,0.9440554976463318,0,True,False
26.96284556388855,5392,26.96,1,0.042520273476839,0.95747971534729,0,True,False
26.99407196044922,5396,26.98,1,0.025985924527049,0.9740141034126282,0,True,False
27.001319408416748,5400,27.0,1,0.0308225210756063,0.9691774845123292,0,True,False
27.021730184555054,5404,27.02,1,0.0447156503796577,0.9552843570709229,0,True,False
27.04275131225586,5408,27.04,1,0.0443196147680282,0.9556804299354552,0,True,False
27.077921390533447,5412,27.06,1,0.1571953147649765,0.8428047299385071,0,True,False
27.09297204017639,5416,27.08,1,0.0410911999642849,0.9589087963104248,0,True,False
27.10011887550354,5420,27.1,1,0.0293176043778657,0.9706823825836182,0,True,False
27.127761840820312,5424,27.12,1,0.0407207161188125,0.9592792987823486,0,True,False
27.14428949356079,5428,27.14,1,0.039812721312046,0.9601872563362122,0,True,False
27.177781343460083,5432,27.16,1,0.0276296939700841,0.9723702669143676,0,True,False
27.19298505783081,5436,27.18,1,0.026264252141118,0.9737357497215272,0,True,False
27.199991464614868,5440,27.2,1,0.0734088122844696,0.9265912175178528,0,True,False
27.22818613052368,5444,27.22,1,0.0407552048563957,0.9592447876930236,0,True,False
27.248783826828003,5448,27.24,1,0.0957221612334251,0.904277801513672,0,True,False
27.252753734588623,5452,27.26,1,0.0397428460419178,0.9602571725845336,0,True,False
27.29425883293152,5456,27.28,1,0.0900951847434043,0.9099047780036926,0,True,False
27.308998346328732,5460,27.3,1,0.0688506364822387,0.9311493635177612,0,True,False
27.32718157768249,5464,27.32,1,0.0405073650181293,0.9594926238059998,0,True,False
27.342992544174194,5468,27.34,1,0.0308146309107542,0.9691854119300842,0,True,False
27.37274670600891,5472,27.36,1,0.0244961604475975,0.9755038022994996,0,True,False
27.395113229751587,5476,27.38,1,0.0664191767573356,0.9335808157920836,0,True,False
27.4098858833313,5480,27.4,1,0.0362547226250171,0.9637453556060792,0,True,False
27.43816065788269,5484,27.42,1,0.073394700884819,0.9266053438186646,0,True,False
27.45502734184265,5488,27.44,1,0.025224657729268,0.9747753739356996,0,True,False
27.47627902030945,5492,27.46,1,0.0293981879949569,0.9706018567085266,0,True,False
27.493911266326904,5496,27.48,1,0.0517224296927452,0.9482776522636414,0,True,False
27.509002447128296,5500,27.5,1,0.0396099723875522,0.9603899717330932,0,True,False
27.523059606552124,5504,27.52,1,0.1028927564620971,0.8971073031425476,0,True,False
27.542734384536743,5508,27.54,1,0.0276535805314779,0.9723464846611024,0,True,False
27.560850858688354,5512,27.56,1,0.079423688352108,0.9205763339996338,0,True,False
27.595110416412357,5516,27.58,1,0.0421258322894573,0.9578741788864136,0,True,False
27.607675313949585,5520,27.6,1,0.0661836192011833,0.933816373348236,0,True,False
27.627590894699097,5524,27.62,1,0.0871621370315551,0.9128379225730896,0,True,False
27.642908573150635,5528,27.64,1,0.0294065214693546,0.9705934524536132,0,True,False
27.661557912826535,5532,27.66,1,0.0769687667489051,0.9230312705039978,0,True,False
27.694965600967407,5536,27.68,1,0.0371893122792243,0.962810754776001,0,True,False
27.70810866355896,5540,27.7,1,0.1021682471036911,0.8978317379951477,0,True,False
27.72309947013855,5544,27.72,1,0.0252110138535499,0.9747889637947084,0,True,False
27.74272966384888,5548,27.74,1,0.041397888213396,0.9586020708084106,0,True,False
27.761181831359863,5552,27.76,1,0.040797621011734,0.9592024087905884,0,True,False
27.79486608505249,5556,27.78,1,0.0425203964114189,0.9574795961380004,0,True,False
27.80298447608948,5560,27.8,1,0.0444537512958049,0.955546259880066,0,True,False
27.826369285583496,5564,27.82,1,0.0272621307522058,0.9727378487586976,0,True,False
27.853639364242557,5568,27.84,1,0.0785141214728355,0.9214859008789062,0,True,False
27.87305951118469,5572,27.86,1,0.0422841198742389,0.9577159285545348,0,True,False
27.89318370819092,5576,27.88,1,0.0453832074999809,0.9546167850494384,0,True,False
27.90291929244995,5580,27.9,1,0.0313845537602901,0.968615472316742,0,True,False
27.927314043045044,5584,27.92,1,0.0286496728658676,0.971350371837616,0,True,False
27.942028045654297,5588,27.94,1,0.0828173235058784,0.917182683944702,0,True,False
27.977943181991577,5592,27.96,1,0.0400979556143283,0.959902048110962,0,True,False
27.993103504180908,5596,27.98,1,0.0762247294187545,0.9237752556800842,0,True,False
28.00505208969116,5600,28.0,1,0.0578934513032436,0.942106544971466,0,True,False
28.026590585708615,5604,28.02,1,0.0490390062332153,0.9509610533714294,0,True,False
28.043007850646973,5608,28.04,1,0.1310998797416687,0.8689001798629761,0,True,False
28.073002576828003,5612,28.06,1,0.0500207506120204,0.9499791860580444,0,True,False
28.092899560928345,5616,28.08,1,0.1317505240440368,0.8682494759559631,0,True,False
28.10961151123047,5620,28.1,1,0.1421166211366653,0.8578833341598511,0,True,False
28.126660108566284,5624,28.12,1,0.1788215637207031,0.8211784362792969,0,True,False
28.141079664230347,5628,28.14,1,0.230296328663826,0.7697036862373352,0,True,False
28.17617630958557,5632,28.16,1,0.0521740317344665,0.9478260278701782,0,True,False
28.193177938461304,5636,28.18,1,0.1451549977064132,0.8548450469970703,0,True,False
28.20316362380981,5640,28.2,1,0.0836898609995842,0.91631019115448,0,True,False
28.2269299030304,5644,28.22,1,0.2042556703090667,0.7957443594932556,0,True,False
28.241432428359985,5648,28.24,1,0.203761950135231,0.7962380051612854,0,True,False
28.27273416519165,5652,28.26,1,0.0739519819617271,0.9260480403900146,0,True,False
28.292774200439453,5656,28.28,1,0.0937211290001869,0.906278908252716,0,True,False
28.302783966064453,5660,28.3,1,0.0463161841034889,0.953683853149414,0,True,False
28.32647967338562,5664,28.32,1,0.05909314006567,0.9409068822860718,0,True,False
28.34214234352112,5668,28.34,1,0.0602723360061645,0.9397276639938354,0,True,False
28.372902870178223,5672,28.36,1,0.1726978570222854,0.8273021578788757,0,True,False
28.3942768573761,5676,28.38,1,0.0318255051970481,0.9681745767593384,0,True,False
28.408159255981445,5680,28.4,1,0.0773153081536293,0.9226846694946288,0,True,False
28.42894124984741,5684,28.42,1,0.0497834458947181,0.9502165913581848,0,True,False
28.44280433654785,5688,28.44,1,0.0695904865860939,0.9304094910621644,0,True,False
28.463006019592285,5692,28.46,1,0.1714528053998947,0.8285472393035889,0,True,False
28.49575901031494,5696,28.48,1,0.0363544337451458,0.9636455774307252,0,True,False
28.50321650505066,5700,28.5,1,0.1504607051610946,0.8495393395423889,0,True,False
28.526283025741577,5704,28.52,1,0.088239312171936,0.9117607474327089,0,True,False
28.544341564178467,5708,28.54,1,0.0594540499150753,0.9405459761619568,0,True,False
28.579593658447266,5712,28.56,1,0.1784304976463318,0.8215695023536682,0,True,False
28.59275197982788,5716,28.58,1,0.0558058507740497,0.9441941380500792,0,True,False
28.610325813293457,5720,28.6,1,0.1896699965000152,0.8103300333023071,0,True,False
28.62637710571289,5724,28.62,1,0.1206670701503753,0.879332959651947,0,True,False
28.641245365142822,5728,28.64,1,0.1396775692701339,0.8603224158287048,0,True,False
28.66752052307129,5732,28.66,1,0.2159729301929474,0.7840270400047302,0,True,False
28.69284701347351,5736,28.68,1,0.2297995835542678,0.7702004313468933,0,True,False
28.71190094947815,5740,28.7,1,0.0745386108756065,0.9254614114761353,0,True,False
28.724686861038208,5744,28.72,1,0.0505848377943038,0.9494151473045348,0,True,False
28.7451388835907,5748,28.74,1,0.1143951416015625,0.8856048583984375,0,True,False
28.760477304458615,5752,28.76,1,0.0897551253437995,0.9102448225021362,0,True,False
28.79281854629517,5756,28.78,1,0.1436025500297546,0.8563974499702454,0,True,False
28.810762405395508,5760,28.8,1,0.1487172842025756,0.8512827157974243,0,True,False
28.824646711349487,5764,28.82,1,0.1741252094507217,0.8258747458457947,0,True,False
28.8450984954834,5768,28.84,1,0.0790822952985763,0.9209176898002625,0,True,False
28.869049310684204,5772,28.86,1,0.2677766382694244,0.732223391532898,0,True,False
28.886255025863647,5776,28.88,1,0.0850822851061821,0.9149177074432372,0,True,False
28.903184413909912,5780,28.9,1,0.2220771461725235,0.7779228091239929,0,True,False
28.92500877380371,5784,28.92,1,0.1098294109106063,0.8901705741882324,0,True,False
28.943660736083984,5788,28.94,1,0.2245779782533645,0.7754219770431519,0,True,False
28.97563624382019,5792,28.96,1,0.2178994715213775,0.7821004986763,0,True,False
28.985689401626587,5796,28.98,1,0.2562651634216308,0.7437348961830139,0,True,False
29.002790927886963,5800,29.0,1,0.3413630425930023,0.6586369276046753,0,True,False
29.027767419815063,5804,29.02,1,0.2610106170177459,0.7389893531799316,0,True,False
29.04299116134644,5808,29.04,1,0.2531475722789764,0.746852457523346,0,True,False
29.060805559158325,5812,29.06,1,0.2658817768096924,0.7341182231903076,0,True,False
29.08705186843872,5816,29.08,1,0.3641042709350586,0.6358957290649414,0,True,False
29.10299849510193,5820,29.1,1,0.4043604433536529,0.5956395268440247,0,True,False
29.12554216384888,5824,29.12,0,0.5242635607719421,0.4757364690303802,0,True,True
29.14278793334961,5828,29.14,0,0.5940030813217163,0.4059968590736389,0,True,True
29.152847051620483,5832,29.16,0,0.8365199565887451,0.1634800285100937,0,True,True
29.19305920600891,5836,29.18,0,0.8512409925460815,0.1487590223550796,0,True,True
29.20276188850403,5840,29.2,0,0.8644170165061951,0.1355829238891601,0,True,True
29.225635290145878,5844,29.22,0,0.884816586971283,0.1151834204792976,0,True,True
29.24432611465454,5848,29.24,0,0.8875899314880371,0.1124100536108017,0,True,True
29.27834391593933,5852,29.26,0,0.8876777291297913,0.1123222634196281,0,True,True
29.29287075996399,5856,29.28,0,0.8712527751922607,0.128747209906578,0,True,True
29.30320429801941,5860,29.3,0,0.884255588054657,0.1157444342970848,0,True,True
29.326590061187744,5864,29.32,0,0.8880268335342407,0.1119731590151786,0,True,True
29.34183645248413,5868,29.34,0,0.8856595158576965,0.1143405064940452,0,True,True
29.374351978302,5872,29.36,0,0.8882550597190857,0.1117449328303337,0,True,True
29.39289331436157,5876,29.38,0,0.8422219157218933,0.1577780097723007,0,True,True
29.40287613868713,5880,29.4,0,0.8874639868736267,0.1125359535217285,0,True,True
29.42551040649414,5884,29.42,0,0.8824480175971985,0.1175520047545433,0,True,True
29.44413471221924,5888,29.44,0,0.8872410655021667,0.112758956849575,0,True,True
29.47807216644287,5892,29.46,0,0.8883448243141174,0.1116551533341407,0,True,True
29.49321222305298,5896,29.48,0,0.8567171692848206,0.1432828605175018,1,True,False
29.502894163131717,5900,29.5,0,0.8860868215560913,0.1139131635427475,1,True,False
29.52572774887085,5904,29.52,0,0.8787035942077637,0.1212963908910751,1,True,False
29.54539656639099,5908,29.54,0,0.8794816136360168,0.1205184236168861,1,True,False
29.57796430587769,5912,29.56,0,0.8807795643806458,0.1192204877734184,1,True,False
29.593021631240845,5916,29.58,0,0.8840847611427307,0.1159152835607528,1,True,False
29.600008726119995,5920,29.6,0,0.8829587697982788,0.1170412376523017,1,True,False
29.6283221244812,5924,29.62,0,0.8876294493675232,0.1123705059289932,1,True,False
29.645056009292603,5928,29.64,0,0.8503609299659729,0.1496390700340271,1,True,False
29.67909860610962,5932,29.66,0,0.8820158839225769,0.1179840788245201,1,True,False
29.69292640686035,5936,29.68,0,0.8698829412460327,0.1301170289516449,1,True,False
29.708256483078003,5940,29.7,0,0.8834958672523499,0.1165041327476501,1,True,False
29.74019694328308,5944,29.72,0,0.8679278492927551,0.1320721805095672,1,True,False
29.75615382194519,5948,29.74,0,0.8712142109870911,0.1287857592105865,1,True,False
29.776499032974243,5952,29.76,0,0.8765817880630493,0.12341820448637,1,True,False
29.79374670982361,5956,29.78,0,0.8862190842628479,0.1137808486819267,1,True,False
29.80838418006897,5960,29.8,0,0.8461114764213562,0.1538884788751602,1,True,False
29.82577013969421,5964,29.82,0,0.8868098855018616,0.113190084695816,1,True,False
29.84285569190979,5968,29.84,0,0.8842965960502625,0.1157034337520599,1,True,False
29.87006640434265,5972,29.86,0,0.8845413327217102,0.1154586970806121,1,True,False
29.883599281311035,5976,29.88,0,0.8813447952270508,0.1186552345752716,1,True,False
29.906036376953125,5980,29.9,0,0.8894230723381042,0.1105769574642181,1,True,False
29.94283676147461,5984,29.92,0,0.883598804473877,0.1164011657238006,1,True,False
29.94788789749145,5988,29.94,0,0.884398877620697,0.1156011372804641,1,True,False
29.97511625289917,5992,29.96,0,0.8866877555847168,0.1133121997117996,1,True,False
29.994261264801025,5996,29.98,0,0.8825985789299011,0.117401398718357,1,True,False
30.009454488754272,6000,30.0,0,0.8879280686378479,0.1120719537138938,1,True,False
