wall_time_sec,end_sample,end_time_sec,window_samples,stride_samples,feature_mode,pred_label,prob_Eyes Open,prob_Eyes Closed
2.0022201538085938,400,2.0,400,4,filtered_signal,0,0.8906758427619934,0.10932407528162003
2.020571231842041,404,2.02,400,4,filtered_signal,0,0.8842728137969971,0.11572721600532532
2.042879819869995,408,2.04,400,4,filtered_signal,0,0.888066828250885,0.11193322390317917
2.0692012310028076,412,2.06,400,4,filtered_signal,0,0.8895618319511414,0.11043819040060043
2.088080406188965,416,2.08,400,4,filtered_signal,0,0.8888947367668152,0.11110521852970123
2.103621244430542,420,2.1,400,4,filtered_signal,0,0.8888073563575745,0.11119268834590912
2.1257777214050293,424,2.12,400,4,filtered_signal,0,0.8883168697357178,0.11168309301137924
2.161356210708618,428,2.14,400,4,filtered_signal,0,0.888467013835907,0.11153300106525421
2.167708396911621,432,2.16,400,4,filtered_signal,0,0.8858740329742432,0.11412596702575684
2.187776565551758,436,2.18,400,4,filtered_signal,0,0.8777698874473572,0.12223009020090103
2.208848476409912,440,2.2,400,4,filtered_signal,0,0.889064371585846,0.11093564331531525
2.222944498062134,444,2.22,400,4,filtered_signal,0,0.8900739550590515,0.1099260225892067
2.24436354637146,448,2.24,400,4,filtered_signal,0,0.8887649774551392,0.1112351045012474
2.2765517234802246,452,2.26,400,4,filtered_signal,0,0.8871545791625977,0.11284542083740234
2.288780689239502,456,2.28,400,4,filtered_signal,0,0.8887474536895752,0.111252561211586
2.303654193878174,460,2.3,400,4,filtered_signal,0,0.8897872567176819,0.11021271347999573
2.3247005939483643,464,2.32,400,4,filtered_signal,0,0.8898120522499084,0.11018795520067215
2.3371376991271973,468,2.34,400,4,filtered_signal,0,0.890137255191803,0.10986277461051941
2.3539388179779053,472,2.36,400,4,filtered_signal,0,0.890686571598053,0.10931340605020523
2.3821117877960205,476,2.38,400,4,filtered_signal,0,0.8826112151145935,0.11738879233598709
2.4019227027893066,480,2.4,400,4,filtered_signal,0,0.890337347984314,0.10966265201568604
2.4206254482269287,484,2.42,400,4,filtered_signal,0,0.8874161243438721,0.11258386820554733
2.4395840167999268,488,2.44,400,4,filtered_signal,0,0.8852171301841736,0.11478284001350403
2.465498447418213,492,2.46,400,4,filtered_signal,0,0.8892009854316711,0.11079899221658707
2.483658790588379,496,2.48,400,4,filtered_signal,0,0.8893668055534363,0.11063322424888611
2.510453701019287,500,2.5,400,4,filtered_signal,0,0.8883451819419861,0.1116548627614975
2.5253491401672363,504,2.52,400,4,filtered_signal,0,0.8909490704536438,0.10905087739229202
2.542806625366211,508,2.54,400,4,filtered_signal,0,0.8770279884338379,0.12297194451093674
2.554579257965088,512,2.56,400,4,filtered_signal,0,0.8791376352310181,0.12086237967014313
2.5942561626434326,516,2.58,400,4,filtered_signal,0,0.8896695375442505,0.11033042520284653
2.602414608001709,520,2.6,400,4,filtered_signal,0,0.8899919986724854,0.11000797152519226
2.6168582439422607,524,2.62,400,4,filtered_signal,0,0.8909347057342529,0.10906534641981125
2.6435627937316895,528,2.64,400,4,filtered_signal,0,0.8876158595085144,0.1123841181397438
2.6668171882629395,532,2.66,400,4,filtered_signal,0,0.8873911499977112,0.11260884255170822
2.6833975315093994,536,2.68,400,4,filtered_signal,0,0.8872742056846619,0.11272577941417694
2.700190782546997,540,2.7,400,4,filtered_signal,0,0.8877491354942322,0.11225081235170364
2.7282536029815674,544,2.72,400,4,filtered_signal,0,0.8900662064552307,0.10993378609418869
2.742636203765869,548,2.74,400,4,filtered_signal,0,0.8846583366394043,0.1153416782617569
2.7657546997070312,552,2.76,400,4,filtered_signal,0,0.8896730542182922,0.11032690852880478
2.783529281616211,556,2.78,400,4,filtered_signal,0,0.8860486745834351,0.11395134776830673
2.8005003929138184,560,2.8,400,4,filtered_signal,0,0.886644721031189,0.11335520446300507
2.8283727169036865,564,2.82,400,4,filtered_signal,0,0.8889659643173218,0.11103401333093643
2.8424479961395264,568,2.84,400,4,filtered_signal,0,0.8905256390571594,0.10947433114051819
2.876847267150879,572,2.86,400,4,filtered_signal,0,0.8884055614471436,0.11159437894821167
2.8891305923461914,576,2.88,400,4,filtered_signal,0,0.8754947185516357,0.12450527399778366
2.9035277366638184,580,2.9,400,4,filtered_signal,0,0.8830109238624573,0.1169891357421875
2.9327590465545654,584,2.92,400,4,filtered_signal,0,0.888293981552124,0.11170594394207001
2.952716112136841,588,2.94,400,4,filtered_signal,0,0.8892948627471924,0.11070511490106583
2.964784860610962,592,2.96,400,4,filtered_signal,0,0.8886867761611938,0.11131319403648376
2.9842798709869385,596,2.98,400,4,filtered_signal,0,0.8578305840492249,0.14216940104961395
3.0107507705688477,600,3.0,400,4,filtered_signal,0,0.8869227766990662,0.11307723820209503
3.042323350906372,604,3.02,400,4,filtered_signal,0,0.8897602558135986,0.11023972183465958
3.0473225116729736,608,3.04,400,4,filtered_signal,0,0.8847788572311401,0.11522113531827927
3.0748543739318848,612,3.06,400,4,filtered_signal,0,0.8841435313224792,0.11585646122694016
3.0889933109283447,616,3.08,400,4,filtered_signal,0,0.889379620552063,0.11062036454677582
3.1047873497009277,620,3.1,400,4,filtered_signal,0,0.8886299133300781,0.11137007176876068
3.1307637691497803,624,3.12,400,4,filtered_signal,0,0.8879786133766174,0.11202138662338257
3.147036075592041,628,3.14,400,4,filtered_signal,0,0.8538229465484619,0.1461770236492157
3.1678364276885986,632,3.16,400,4,filtered_signal,0,0.8842340111732483,0.11576592922210693
3.189894914627075,636,3.18,400,4,filtered_signal,0,0.8862959742546082,0.11370401829481125
3.210618019104004,640,3.2,400,4,filtered_signal,0,0.8892237544059753,0.11077626049518585
3.2255446910858154,644,3.22,400,4,filtered_signal,0,0.886920154094696,0.11307977885007858
3.2320556640625,648,3.24,400,4,filtered_signal,0,0.877104640007019,0.12289536744356155
3.281862735748291,652,3.26,400,4,filtered_signal,0,0.886561930179596,0.11343811452388763
3.281862735748291,656,3.28,400,4,filtered_signal,0,0.888511061668396,0.11148897558450699
3.300859212875366,660,3.3,400,4,filtered_signal,0,0.8849171996116638,0.1150827631354332
3.3279762268066406,664,3.32,400,4,filtered_signal,0,0.877447247505188,0.1225527971982956
3.344770908355713,668,3.34,400,4,filtered_signal,0,0.88870769739151,0.11129232496023178
3.371553659439087,672,3.36,400,4,filtered_signal,0,0.8892840147018433,0.11071601510047913
3.386606454849243,676,3.38,400,4,filtered_signal,0,0.8901323080062866,0.10986769199371338
3.4024033546447754,680,3.4,400,4,filtered_signal,0,0.884684145450592,0.11531581729650497
3.415297031402588,684,3.42,400,4,filtered_signal,0,0.8876867890357971,0.11231325566768646
3.4349663257598877,688,3.44,400,4,filtered_signal,0,0.8851836919784546,0.1148163378238678
3.4601023197174072,692,3.46,400,4,filtered_signal,0,0.883269727230072,0.1167302280664444
3.495105266571045,696,3.48,400,4,filtered_signal,0,0.8731092810630798,0.12689071893692017
3.510826349258423,700,3.5,400,4,filtered_signal,0,0.8886797428131104,0.11132021993398666
3.525015115737915,704,3.52,400,4,filtered_signal,0,0.8897202610969543,0.11027982085943222
3.532015323638916,708,3.54,400,4,filtered_signal,0,0.8898618817329407,0.11013811081647873
3.578317165374756,712,3.56,400,4,filtered_signal,0,0.8851645588874817,0.11483544856309891
3.583096981048584,716,3.58,400,4,filtered_signal,0,0.876113772392273,0.12388622760772705
3.600142002105713,720,3.6,400,4,filtered_signal,0,0.8892205357551575,0.11077945679426193
3.627768039703369,724,3.62,400,4,filtered_signal,0,0.8858166337013245,0.11418341845273972
3.6421139240264893,728,3.64,400,4,filtered_signal,0,0.8783921599388123,0.12160787731409073
3.6720011234283447,732,3.66,400,4,filtered_signal,0,0.8858479261398315,0.11415201425552368
3.683068037033081,736,3.68,400,4,filtered_signal,0,0.8889776468276978,0.11102239042520523
3.709533452987671,740,3.7,400,4,filtered_signal,0,0.8901167511940002,0.10988324880599976
3.7277016639709473,744,3.72,400,4,filtered_signal,0,0.8887008428573608,0.11129912734031677
3.7425570487976074,748,3.74,400,4,filtered_signal,0,0.887315571308136,0.11268444359302521
3.7708637714385986,752,3.76,400,4,filtered_signal,0,0.8902002573013306,0.10979974269866943
3.7986035346984863,756,3.78,400,4,filtered_signal,0,0.8898728489875793,0.11012715101242065
3.8153622150421143,760,3.8,400,4,filtered_signal,0,0.8907263875007629,0.10927359759807587
3.8275461196899414,764,3.82,400,4,filtered_signal,0,0.8881939053535461,0.11180602759122849
3.8421883583068848,768,3.84,400,4,filtered_signal,0,0.886185884475708,0.1138141006231308
3.8751001358032227,772,3.86,400,4,filtered_signal,0,0.8860987424850464,0.11390125006437302
3.894237756729126,776,3.88,400,4,filtered_signal,0,0.888332188129425,0.11166784167289734
3.909975528717041,780,3.9,400,4,filtered_signal,0,0.8809263706207275,0.11907362192869186
3.92793607711792,784,3.92,400,4,filtered_signal,0,0.8890745043754578,0.11092550307512283
3.94219970703125,788,3.94,400,4,filtered_signal,0,0.8877763748168945,0.11222362518310547
3.948730945587158,792,3.96,400,4,filtered_signal,0,0.8518983125686646,0.14810167253017426
3.9938011169433594,796,3.98,400,4,filtered_signal,0,0.8860083222389221,0.11399168521165848
4.002429008483887,800,4.0,400,4,filtered_signal,0,0.8896297216415405,0.11037028580904007
4.016778469085693,804,4.02,400,4,filtered_signal,0,0.8901551961898804,0.10984482616186142
4.032268285751343,808,4.04,400,4,filtered_signal,0,0.8901762366294861,0.10982372611761093
4.065359592437744,812,4.06,400,4,filtered_signal,0,0.8902295231819153,0.10977043211460114
4.086475133895874,816,4.08,400,4,filtered_signal,0,0.8863264322280884,0.11367356777191162
4.1010582447052,820,4.1,400,4,filtered_signal,0,0.8885512351989746,0.11144878715276718
4.127528667449951,824,4.12,400,4,filtered_signal,0,0.88995760679245,0.11004235595464706
4.142103672027588,828,4.14,400,4,filtered_signal,0,0.8863486051559448,0.11365143209695816
4.1670849323272705,832,4.16,400,4,filtered_signal,0,0.8892598748207092,0.11074008792638779
4.1818530559539795,836,4.18,400,4,filtered_signal,0,0.8892930746078491,0.11070692539215088
4.209007740020752,840,4.2,400,4,filtered_signal,0,0.8887732625007629,0.11122675985097885
4.216448068618774,844,4.22,400,4,filtered_signal,0,0.8901584148406982,0.10984160751104355
4.233716249465942,848,4.24,400,4,filtered_signal,0,0.8906552791595459,0.10934480279684067
4.260815382003784,852,4.26,400,4,filtered_signal,0,0.8840651512145996,0.11593478918075562
4.282032251358032,856,4.28,400,4,filtered_signal,0,0.8806934952735901,0.11930649727582932
4.303215980529785,860,4.3,400,4,filtered_signal,0,0.8865737318992615,0.11342627555131912
4.317262172698975,864,4.32,400,4,filtered_signal,0,0.8905116319656372,0.10948832333087921
4.331871271133423,868,4.34,400,4,filtered_signal,0,0.8849084377288818,0.11509154736995697
4.375352382659912,872,4.36,400,4,filtered_signal,0,0.8840641379356384,0.1159358099102974
4.391652345657349,876,4.38,400,4,filtered_signal,0,0.8893956542015076,0.11060431599617004
4.409754991531372,880,4.4,400,4,filtered_signal,0,0.8905140161514282,0.10948595404624939
4.432119131088257,884,4.42,400,4,filtered_signal,0,0.8907201290130615,0.10927984118461609
4.443422079086304,888,4.44,400,4,filtered_signal,0,0.8818966746330261,0.11810336261987686
4.4776291847229,892,4.46,400,4,filtered_signal,0,0.8886141180992126,0.11138592660427094
4.4821271896362305,896,4.48,400,4,filtered_signal,0,0.8891538381576538,0.110846146941185
4.503633737564087,900,4.5,400,4,filtered_signal,0,0.8713657259941101,0.1286342591047287
4.527957916259766,904,4.52,400,4,filtered_signal,0,0.8871808648109436,0.1128191351890564
4.542543411254883,908,4.54,400,4,filtered_signal,0,0.8876533508300781,0.11234668642282486
4.565919637680054,912,4.56,400,4,filtered_signal,0,0.8894166946411133,0.11058337986469269
4.583770513534546,916,4.58,400,4,filtered_signal,0,0.8884162902832031,0.11158371716737747
4.604106426239014,920,4.6,400,4,filtered_signal,0,0.88776034116745,0.11223971098661423
4.631777763366699,924,4.62,400,4,filtered_signal,0,0.889697790145874,0.11030225455760956
4.633599281311035,928,4.64,400,4,filtered_signal,0,0.8869644999504089,0.11303544044494629
4.6653783321380615,932,4.66,400,4,filtered_signal,0,0.8885946273803711,0.1114053949713707
4.682132005691528,936,4.68,400,4,filtered_signal,0,0.8845455646514893,0.11545448005199432
4.704175233840942,940,4.7,400,4,filtered_signal,0,0.889136016368866,0.11086396127939224
4.727877378463745,944,4.72,400,4,filtered_signal,0,0.890082836151123,0.10991715639829636
4.741613388061523,948,4.74,400,4,filtered_signal,0,0.8885203003883362,0.11147968471050262
4.765212297439575,952,4.76,400,4,filtered_signal,0,0.8792526721954346,0.12074726819992065
4.783597469329834,956,4.78,400,4,filtered_signal,0,0.8881115317344666,0.11188840121030807
4.806802034378052,960,4.8,400,4,filtered_signal,0,0.8842186331748962,0.11578134447336197
4.832137584686279,964,4.82,400,4,filtered_signal,0,0.8898927569389343,0.1101071909070015
4.843029260635376,968,4.84,400,4,filtered_signal,0,0.8605148792266846,0.13948513567447662
4.878334283828735,972,4.86,400,4,filtered_signal,0,0.887239933013916,0.1127600222826004
4.883452653884888,976,4.88,400,4,filtered_signal,0,0.8880152702331543,0.1119847521185875
4.900207757949829,980,4.9,400,4,filtered_signal,0,0.8885712027549744,0.11142875254154205
4.927692174911499,984,4.92,400,4,filtered_signal,0,0.8895830512046814,0.1104169711470604
4.942861080169678,988,4.94,400,4,filtered_signal,0,0.8820475339889526,0.11795250326395035
4.967245817184448,992,4.96,400,4,filtered_signal,0,0.888654351234436,0.11134570091962814
4.994769811630249,996,4.98,400,4,filtered_signal,0,0.8890038132667542,0.11099623143672943
5.0093419551849365,1000,5.0,400,4,filtered_signal,0,0.8889749646186829,0.11102505773305893
5.021212100982666,1004,5.02,400,4,filtered_signal,0,0.8781770467758179,0.12182295322418213
5.033708572387695,1008,5.04,400,4,filtered_signal,0,0.8885408043861389,0.11145922541618347
5.065411329269409,1012,5.06,400,4,filtered_signal,0,0.8886048793792725,0.11139511317014694
5.083710432052612,1016,5.08,400,4,filtered_signal,0,0.8893682956695557,0.11063171178102493
5.100699424743652,1020,5.1,400,4,filtered_signal,0,0.8752455711364746,0.1247544139623642
5.127005577087402,1024,5.12,400,4,filtered_signal,0,0.8838372230529785,0.11616278439760208
5.142002820968628,1028,5.14,400,4,filtered_signal,0,0.887900173664093,0.11209986358880997
5.166977405548096,1032,5.16,400,4,filtered_signal,0,0.8839877843856812,0.11601228266954422
5.194395303726196,1036,5.18,400,4,filtered_signal,0,0.872082531452179,0.12791749835014343
5.20936918258667,1040,5.2,400,4,filtered_signal,0,0.8875344395637512,0.11246554553508759
5.225537061691284,1044,5.22,400,4,filtered_signal,0,0.885175883769989,0.11482419818639755
5.244559288024902,1048,5.24,400,4,filtered_signal,0,0.8863382935523987,0.11366165429353714
5.261219263076782,1052,5.26,400,4,filtered_signal,0,0.8762738108634949,0.12372617423534393
5.2923829555511475,1056,5.28,400,4,filtered_signal,0,0.8837204575538635,0.1162794902920723
5.310653924942017,1060,5.3,400,4,filtered_signal,0,0.888701319694519,0.11129873991012573
5.325959205627441,1064,5.32,400,4,filtered_signal,0,0.8906024098396301,0.10939757525920868
5.341465711593628,1068,5.34,400,4,filtered_signal,0,0.8880458474159241,0.11195414513349533
5.36220645904541,1072,5.36,400,4,filtered_signal,0,0.883601725101471,0.11639826744794846
5.394413471221924,1076,5.38,400,4,filtered_signal,0,0.890044093132019,0.10995583236217499
5.408898115158081,1080,5.4,400,4,filtered_signal,0,0.8899328112602234,0.1100672110915184
5.426274538040161,1084,5.42,400,4,filtered_signal,0,0.8901680111885071,0.10983201116323471
5.444106578826904,1088,5.44,400,4,filtered_signal,0,0.885337769985199,0.11466224491596222
5.47321891784668,1092,5.46,400,4,filtered_signal,0,0.8845105767250061,0.11548937857151031
5.492639064788818,1096,5.48,400,4,filtered_signal,0,0.8895750045776367,0.1104249507188797
5.500195264816284,1100,5.5,400,4,filtered_signal,0,0.8906346559524536,0.1093653216958046
5.5274553298950195,1104,5.52,400,4,filtered_signal,0,0.8903775811195374,0.10962235927581787
5.542758941650391,1108,5.54,400,4,filtered_signal,0,0.885844886302948,0.1141551285982132
5.576027154922485,1112,5.56,400,4,filtered_signal,0,0.886917233467102,0.11308278143405914
5.592589855194092,1116,5.58,400,4,filtered_signal,0,0.887902021408081,0.11209798604249954
5.605690956115723,1120,5.6,400,4,filtered_signal,0,0.8869324326515198,0.11306758970022202
5.627787351608276,1124,5.62,400,4,filtered_signal,0,0.8882558345794678,0.11174412816762924
5.6419312953948975,1128,5.64,400,4,filtered_signal,0,0.8900198340415955,0.10998009890317917
5.666749000549316,1132,5.66,400,4,filtered_signal,0,0.8868887424468994,0.11311120539903641
5.683840036392212,1136,5.68,400,4,filtered_signal,0,0.882032573223114,0.1179673969745636
5.700485706329346,1140,5.7,400,4,filtered_signal,0,0.889702320098877,0.11029765754938126
5.727370500564575,1144,5.72,400,4,filtered_signal,0,0.8902387022972107,0.1097613275051117
5.742642879486084,1148,5.74,400,4,filtered_signal,0,0.8878554105758667,0.11214454472064972
5.7677271366119385,1152,5.76,400,4,filtered_signal,0,0.8876401782035828,0.11235979199409485
5.787379503250122,1156,5.78,400,4,filtered_signal,0,0.8905451893806458,0.10945480316877365
5.800295352935791,1160,5.8,400,4,filtered_signal,0,0.8876993656158447,0.11230065673589706
5.828526973724365,1164,5.82,400,4,filtered_signal,0,0.889330267906189,0.11066970229148865
5.837949752807617,1168,5.84,400,4,filtered_signal,0,0.8841572403907776,0.11584273725748062
5.860735893249512,1172,5.86,400,4,filtered_signal,0,0.8886821866035461,0.11131781339645386
5.894030332565308,1176,5.88,400,4,filtered_signal,0,0.8878922462463379,0.11210770905017853
5.898835182189941,1180,5.9,400,4,filtered_signal,0,0.8899093866348267,0.11009056121110916
5.917211055755615,1184,5.92,400,4,filtered_signal,0,0.8901564478874207,0.10984353721141815
5.931906223297119,1188,5.94,400,4,filtered_signal,0,0.8807625770568848,0.11923745274543762
5.966811656951904,1192,5.96,400,4,filtered_signal,0,0.8896530270576477,0.1103469729423523
5.982306241989136,1196,5.98,400,4,filtered_signal,0,0.8728882670402527,0.1271117925643921
6.008543252944946,1200,6.0,400,4,filtered_signal,0,0.8883152604103088,0.11168469488620758
6.027704954147339,1204,6.02,400,4,filtered_signal,0,0.8887944221496582,0.11120560020208359
6.042279005050659,1208,6.04,400,4,filtered_signal,0,0.8892402648925781,0.11075969785451889
6.077295303344727,1212,6.06,400,4,filtered_signal,0,0.883758008480072,0.11624199897050858
6.092909336090088,1216,6.08,400,4,filtered_signal,0,0.8797414302825928,0.12025855481624603
6.1092307567596436,1220,6.1,400,4,filtered_signal,0,0.8894274830818176,0.11057247221469879
6.1276233196258545,1224,6.12,400,4,filtered_signal,0,0.8891976475715637,0.1108023002743721
6.142267465591431,1228,6.14,400,4,filtered_signal,0,0.8827164769172668,0.11728350073099136
6.166624546051025,1232,6.16,400,4,filtered_signal,0,0.8901986479759216,0.10980137437582016
6.184090852737427,1236,6.18,400,4,filtered_signal,0,0.8899132609367371,0.11008676141500473
6.2002410888671875,1240,6.2,400,4,filtered_signal,0,0.8835877180099487,0.11641225218772888
6.229313850402832,1244,6.22,400,4,filtered_signal,0,0.8861059546470642,0.11389411240816116
6.244325160980225,1248,6.24,400,4,filtered_signal,0,0.888308584690094,0.11169140040874481
6.262508392333984,1252,6.26,400,4,filtered_signal,0,0.8898081183433533,0.11019188910722733
6.300762891769409,1256,6.28,400,4,filtered_signal,0,0.8902938961982727,0.10970614850521088
6.310405492782593,1260,6.3,400,4,filtered_signal,0,0.8905012607574463,0.1094987615942955
6.326028108596802,1264,6.32,400,4,filtered_signal,0,0.8855146765708923,0.11448530107736588
6.348841667175293,1268,6.34,400,4,filtered_signal,0,0.8874192237854004,0.11258073151111603
6.348841667175293,1272,6.36,400,4,filtered_signal,0,0.888482928276062,0.1115170568227768
6.398939371109009,1276,6.38,400,4,filtered_signal,0,0.8867913484573364,0.11320864409208298
6.407788991928101,1280,6.4,400,4,filtered_signal,0,0.8892258405685425,0.11077414453029633
6.434100866317749,1284,6.42,400,4,filtered_signal,0,0.8869398832321167,0.11306015402078629
6.44871711730957,1288,6.44,400,4,filtered_signal,0,0.8844202160835266,0.11557978391647339
6.44871711730957,1292,6.46,400,4,filtered_signal,0,0.8895776867866516,0.11042231321334839
6.494063138961792,1296,6.48,400,4,filtered_signal,0,0.8894952535629272,0.11050475388765335
6.498773813247681,1300,6.5,400,4,filtered_signal,0,0.8908640146255493,0.1091359481215477
6.516991138458252,1304,6.52,400,4,filtered_signal,0,0.8840531706809998,0.11594682931900024
6.544024467468262,1308,6.54,400,4,filtered_signal,0,0.8600641489028931,0.13993585109710693
6.575090169906616,1312,6.56,400,4,filtered_signal,0,0.8874197006225586,0.112580306828022
6.583407163619995,1316,6.58,400,4,filtered_signal,0,0.885358989238739,0.11464099586009979
6.600245475769043,1320,6.6,400,4,filtered_signal,0,0.8883635997772217,0.11163642257452011
6.62773323059082,1324,6.62,400,4,filtered_signal,0,0.8846093416213989,0.11539065092802048
6.641398906707764,1328,6.64,400,4,filtered_signal,0,0.8865023851394653,0.1134975478053093
6.669940710067749,1332,6.66,400,4,filtered_signal,0,0.8895838260650635,0.1104162260890007
6.686301946640015,1336,6.68,400,4,filtered_signal,0,0.8894717693328857,0.11052826792001724
6.700805902481079,1340,6.7,400,4,filtered_signal,0,0.8855034708976746,0.11449658125638962
6.7275941371917725,1344,6.72,400,4,filtered_signal,0,0.8736487030982971,0.12635132670402527
6.742388486862183,1348,6.74,400,4,filtered_signal,0,0.8885757327079773,0.1114242747426033
6.759655952453613,1352,6.76,400,4,filtered_signal,0,0.8890239000320435,0.11097611486911774
6.790925979614258,1356,6.78,400,4,filtered_signal,0,0.8903489708900452,0.10965101420879364
6.811959743499756,1360,6.8,400,4,filtered_signal,0,0.8828464150428772,0.11715357005596161
6.81656813621521,1364,6.82,400,4,filtered_signal,0,0.8864713311195374,0.11352871358394623
6.844109296798706,1368,6.84,400,4,filtered_signal,0,0.8820780515670776,0.11792197823524475
6.865452766418457,1372,6.86,400,4,filtered_signal,0,0.8889442086219788,0.11105578392744064
6.886777877807617,1376,6.88,400,4,filtered_signal,0,0.889447808265686,0.11055222153663635
6.911478281021118,1380,6.9,400,4,filtered_signal,0,0.8818153738975525,0.1181846633553505
6.927443981170654,1384,6.92,400,4,filtered_signal,0,0.8876792788505554,0.11232072114944458
6.942392110824585,1388,6.94,400,4,filtered_signal,0,0.8881009221076965,0.11189909279346466
6.969758749008179,1392,6.96,400,4,filtered_signal,0,0.8862121105194092,0.11378791183233261
6.9901323318481445,1396,6.98,400,4,filtered_signal,0,0.881115734577179,0.11888428777456284
7.009694576263428,1400,7.0,400,4,filtered_signal,0,0.8847766518592834,0.11522332578897476
7.033567905426025,1404,7.02,400,4,filtered_signal,0,0.8826838731765747,0.11731619387865067
7.04410719871521,1408,7.04,400,4,filtered_signal,0,0.8862703442573547,0.11372964829206467
7.077178716659546,1412,7.06,400,4,filtered_signal,0,0.8859940767288208,0.11400596052408218
7.089699983596802,1416,7.08,400,4,filtered_signal,0,0.876373827457428,0.1236262321472168
7.109760999679565,1420,7.1,400,4,filtered_signal,0,0.8896861672401428,0.11031385511159897
7.133138656616211,1424,7.12,400,4,filtered_signal,0,0.8860387206077576,0.11396128684282303
7.144268035888672,1428,7.14,400,4,filtered_signal,0,0.8808794617652893,0.11912054568529129
7.1741650104522705,1432,7.16,400,4,filtered_signal,0,0.8766913414001465,0.12330862879753113
7.191195487976074,1436,7.18,400,4,filtered_signal,0,0.8895819187164307,0.11041812598705292
7.210095643997192,1440,7.2,400,4,filtered_signal,0,0.890383243560791,0.1096167042851448
7.227954864501953,1444,7.22,400,4,filtered_signal,0,0.8872594833374023,0.11274051666259766
7.24371075630188,1448,7.24,400,4,filtered_signal,0,0.8709508180618286,0.12904919683933258
7.269684314727783,1452,7.26,400,4,filtered_signal,0,0.8851996660232544,0.11480032652616501
7.2909770011901855,1456,7.28,400,4,filtered_signal,0,0.881811797618866,0.11818820983171463
7.302066802978516,1460,7.3,400,4,filtered_signal,0,0.8890765309333801,0.11092348396778107
7.325363874435425,1464,7.32,400,4,filtered_signal,0,0.889723539352417,0.11027649790048599
7.343623876571655,1468,7.34,400,4,filtered_signal,0,0.8559775948524475,0.1440223902463913
7.370034217834473,1472,7.36,400,4,filtered_signal,0,0.887763500213623,0.11223646998405457
7.3901166915893555,1476,7.38,400,4,filtered_signal,0,0.8857764601707458,0.11422353982925415
7.41012978553772,1480,7.4,400,4,filtered_signal,0,0.8883448243141174,0.11165523529052734
7.426884412765503,1484,7.42,400,4,filtered_signal,0,0.8836691975593567,0.1163308322429657
7.441645860671997,1488,7.44,400,4,filtered_signal,0,0.8854709267616272,0.1145290732383728
7.4769885540008545,1492,7.46,400,4,filtered_signal,0,0.8894665837287903,0.11053341627120972
7.493765115737915,1496,7.48,400,4,filtered_signal,0,0.8903024792671204,0.10969752818346024
7.512035608291626,1500,7.5,400,4,filtered_signal,0,0.8912875056266785,0.10871247202157974
7.5269386768341064,1504,7.52,400,4,filtered_signal,0,0.883979082107544,0.11602088063955307
7.540068864822388,1508,7.54,400,4,filtered_signal,0,0.8801711201667786,0.11982887238264084
7.574089527130127,1512,7.56,400,4,filtered_signal,0,0.8896942734718323,0.11030571162700653
7.594058513641357,1516,7.58,400,4,filtered_signal,0,0.8869893550872803,0.11301063746213913
7.608268737792969,1520,7.6,400,4,filtered_signal,0,0.887836217880249,0.11216378211975098
7.622056245803833,1524,7.62,400,4,filtered_signal,0,0.8851302862167358,0.11486977338790894
7.639835357666016,1528,7.64,400,4,filtered_signal,0,0.8865731358528137,0.11342688649892807
7.659855604171753,1532,7.66,400,4,filtered_signal,0,0.8890441656112671,0.11095588654279709
7.690104722976685,1536,7.68,400,4,filtered_signal,0,0.8899196982383728,0.110080286860466
7.7099997997283936,1540,7.7,400,4,filtered_signal,0,0.8889129161834717,0.11108706891536713
7.725080490112305,1544,7.72,400,4,filtered_signal,0,0.8883845210075378,0.11161544173955917
7.761830806732178,1548,7.74,400,4,filtered_signal,0,0.8627305030822754,0.1372695118188858
7.767394542694092,1552,7.76,400,4,filtered_signal,0,0.8853300213813782,0.1146700382232666
7.793178081512451,1556,7.78,400,4,filtered_signal,0,0.8893142938613892,0.11068575084209442
7.808224678039551,1560,7.8,400,4,filtered_signal,0,0.8903676867485046,0.10963227599859238
7.819770336151123,1564,7.82,400,4,filtered_signal,0,0.8889491558074951,0.11105087399482727
7.845082521438599,1568,7.84,400,4,filtered_signal,0,0.884352445602417,0.11564763635396957
7.869828224182129,1572,7.86,400,4,filtered_signal,0,0.8884586691856384,0.11154140532016754
7.8921959400177,1576,7.88,400,4,filtered_signal,0,0.8909322023391724,0.10906777530908585
7.909864187240601,1580,7.9,400,4,filtered_signal,0,0.8908350467681885,0.10916497558355331
7.92798376083374,1584,7.92,400,4,filtered_signal,0,0.8895600438117981,0.11043991893529892
7.942080020904541,1588,7.94,400,4,filtered_signal,0,0.8878657221794128,0.11213422566652298
7.974919557571411,1592,7.96,400,4,filtered_signal,0,0.8669179677963257,0.13308200240135193
7.993941068649292,1596,7.98,400,4,filtered_signal,0,0.88779217004776,0.1122078076004982
8.008890151977539,1600,8.0,400,4,filtered_signal,0,0.8878520131111145,0.1121479719877243
8.02491569519043,1604,8.02,400,4,filtered_signal,0,0.8906760811805725,0.10932394862174988
8.039830684661865,1608,8.04,400,4,filtered_signal,0,0.8789017200469971,0.12109827250242233
8.066370725631714,1612,8.06,400,4,filtered_signal,0,0.8671804666519165,0.1328195184469223
8.082141637802124,1616,8.08,400,4,filtered_signal,0,0.8870303630828857,0.11296965181827545
8.110175609588623,1620,8.1,400,4,filtered_signal,0,0.8780500292778015,0.12195000052452087
8.127832412719727,1624,8.12,400,4,filtered_signal,0,0.8876803517341614,0.11231961846351624
8.139891862869263,1628,8.14,400,4,filtered_signal,0,0.837944746017456,0.16205528378486633
8.174612522125244,1632,8.16,400,4,filtered_signal,0,0.8722291588783264,0.12777090072631836
8.19258165359497,1636,8.18,400,4,filtered_signal,0,0.8827028870582581,0.11729711294174194
8.210150957107544,1640,8.2,400,4,filtered_signal,0,0.8814333081245422,0.11856667697429657
8.228050947189331,1644,8.22,400,4,filtered_signal,0,0.8588488698005676,0.14115116000175476
8.242924690246582,1648,8.24,400,4,filtered_signal,0,0.8375766277313232,0.16242338716983795
8.278878450393677,1652,8.26,400,4,filtered_signal,0,0.8865244388580322,0.11347560584545135
8.294711351394653,1656,8.28,400,4,filtered_signal,1,0.38682475686073303,0.6131752729415894
8.308849334716797,1660,8.3,400,4,filtered_signal,0,0.7455876469612122,0.2544124126434326
8.319950342178345,1664,8.32,400,4,filtered_signal,0,0.6150802969932556,0.3849197328090668
8.339876174926758,1668,8.34,400,4,filtered_signal,0,0.8776078224182129,0.1223922148346901
8.36992335319519,1672,8.36,400,4,filtered_signal,1,0.04181581363081932,0.9581841230392456
8.382240533828735,1676,8.38,400,4,filtered_signal,0,0.7310269474983215,0.26897305250167847
8.401559114456177,1680,8.4,400,4,filtered_signal,1,0.026617381721735,0.9733826518058777
8.427905321121216,1684,8.42,400,4,filtered_signal,1,0.071259506046772,0.9287405014038086
8.443411827087402,1688,8.44,400,4,filtered_signal,1,0.03665439411997795,0.9633455872535706
8.482001304626465,1692,8.46,400,4,filtered_signal,1,0.04099031910300255,0.9590096473693848
8.48380994796753,1696,8.48,400,4,filtered_signal,1,0.024344919249415398,0.9756550788879395
8.510226488113403,1700,8.5,400,4,filtered_signal,1,0.06528767943382263,0.934712290763855
8.52187705039978,1704,8.52,400,4,filtered_signal,1,0.03578362613916397,0.9642163515090942
8.551136255264282,1708,8.54,400,4,filtered_signal,1,0.04720388725399971,0.9527961611747742
8.573784112930298,1712,8.56,400,4,filtered_signal,1,0.02326955460011959,0.9767304062843323
8.584127426147461,1716,8.58,400,4,filtered_signal,1,0.02982468530535698,0.9701752662658691
8.610021352767944,1720,8.6,400,4,filtered_signal,1,0.039994001388549805,0.9600059986114502
8.627098798751831,1724,8.62,400,4,filtered_signal,1,0.03378730267286301,0.9662126302719116
8.641948699951172,1728,8.64,400,4,filtered_signal,1,0.023942258208990097,0.9760577082633972
8.670565605163574,1732,8.66,400,4,filtered_signal,1,0.0225424412637949,0.9774575233459473
8.692338228225708,1736,8.68,400,4,filtered_signal,1,0.042771175503730774,0.9572288393974304
8.707012176513672,1740,8.7,400,4,filtered_signal,1,0.03316081315279007,0.9668391942977905
8.724902153015137,1744,8.72,400,4,filtered_signal,1,0.08607528358697891,0.9139247536659241
8.742329359054565,1748,8.74,400,4,filtered_signal,1,0.022163212299346924,0.9778368473052979
8.77520227432251,1752,8.76,400,4,filtered_signal,1,0.025258226320147514,0.9747417569160461
8.790138483047485,1756,8.78,400,4,filtered_signal,1,0.03311720862984657,0.9668827652931213
8.81019639968872,1760,8.8,400,4,filtered_signal,1,0.041910894215106964,0.9580891728401184
8.827117204666138,1764,8.82,400,4,filtered_signal,1,0.02283504419028759,0.9771649241447449
8.841794490814209,1768,8.84,400,4,filtered_signal,1,0.0252589862793684,0.9747410416603088
8.87613320350647,1772,8.86,400,4,filtered_signal,1,0.04047663137316704,0.9595233798027039
8.894569396972656,1776,8.88,400,4,filtered_signal,1,0.03450611233711243,0.96549391746521
8.910104751586914,1780,8.9,400,4,filtered_signal,1,0.040481746196746826,0.959518313407898
8.927075386047363,1784,8.92,400,4,filtered_signal,1,0.023411374539136887,0.9765886068344116
8.942047119140625,1788,8.94,400,4,filtered_signal,1,0.057865917682647705,0.9421340227127075
8.974523544311523,1792,8.96,400,4,filtered_signal,1,0.03565104678273201,0.9643489122390747
8.998740911483765,1796,8.98,400,4,filtered_signal,1,0.09813883155584335,0.9018611311912537
9.010919332504272,1800,9.0,400,4,filtered_signal,1,0.02377726137638092,0.9762227535247803
9.021226167678833,1804,9.02,400,4,filtered_signal,1,0.04721638932824135,0.9527835845947266
9.044783353805542,1808,9.04,400,4,filtered_signal,1,0.03758230805397034,0.962417721748352
9.074771165847778,1812,9.06,400,4,filtered_signal,1,0.041488926857709885,0.9585110545158386
9.092161893844604,1816,9.08,400,4,filtered_signal,1,0.02791522815823555,0.9720847010612488
9.11190128326416,1820,9.1,400,4,filtered_signal,1,0.023788126185536385,0.9762118458747864
9.126272916793823,1824,9.12,400,4,filtered_signal,1,0.03536289185285568,0.9646371603012085
9.139817237854004,1828,9.14,400,4,filtered_signal,1,0.03647333383560181,0.963526725769043
9.170058488845825,1832,9.16,400,4,filtered_signal,1,0.023728622123599052,0.976271390914917
9.189786195755005,1836,9.18,400,4,filtered_signal,1,0.02309783175587654,0.9769021272659302
9.209975957870483,1840,9.2,400,4,filtered_signal,1,0.0376817062497139,0.9623182415962219
9.220006942749023,1844,9.22,400,4,filtered_signal,1,0.034769847989082336,0.9652301669120789
9.239962339401245,1848,9.24,400,4,filtered_signal,1,0.0813635066151619,0.9186365008354187
9.269848346710205,1852,9.26,400,4,filtered_signal,1,0.022980105131864548,0.9770199060440063
9.29019045829773,1856,9.28,400,4,filtered_signal,1,0.02621586248278618,0.9737841486930847
9.310240507125854,1860,9.3,400,4,filtered_signal,1,0.033812038600444794,0.9661879539489746
9.319856405258179,1864,9.32,400,4,filtered_signal,1,0.043714847415685654,0.9562851786613464
9.344473123550415,1868,9.34,400,4,filtered_signal,1,0.023260343819856644,0.9767395853996277
9.36991810798645,1872,9.36,400,4,filtered_signal,1,0.02307082712650299,0.976929247379303
9.39002251625061,1876,9.38,400,4,filtered_signal,1,0.03943423554301262,0.9605657458305359
9.409905195236206,1880,9.4,400,4,filtered_signal,1,0.03409191966056824,0.9659080505371094
9.433218717575073,1884,9.42,400,4,filtered_signal,1,0.051570065319538116,0.9484300017356873
9.441899061203003,1888,9.44,400,4,filtered_signal,1,0.02314312383532524,0.9768568873405457
9.470061302185059,1892,9.46,400,4,filtered_signal,1,0.038753509521484375,0.9612464904785156
9.494822978973389,1896,9.48,400,4,filtered_signal,1,0.03457773104310036,0.9654222726821899
9.508280515670776,1900,9.5,400,4,filtered_signal,1,0.05269787460565567,0.9473020434379578
9.522625923156738,1904,9.52,400,4,filtered_signal,1,0.023660417646169662,0.97633957862854
9.540075540542603,1908,9.54,400,4,filtered_signal,1,0.03882761672139168,0.9611724019050598
9.56144642829895,1912,9.56,400,4,filtered_signal,1,0.04688078165054321,0.9531192183494568
9.590010166168213,1916,9.58,400,4,filtered_signal,1,0.036467019468545914,0.9635329842567444
9.606561660766602,1920,9.6,400,4,filtered_signal,1,0.048695143312215805,0.9513048529624939
9.626617193222046,1924,9.62,400,4,filtered_signal,1,0.023894410580396652,0.9761055111885071
9.640134334564209,1928,9.64,400,4,filtered_signal,1,0.061454351991415024,0.9385455846786499
9.6752028465271,1932,9.66,400,4,filtered_signal,1,0.035706207156181335,0.9642938375473022
9.690063714981079,1936,9.68,400,4,filtered_signal,1,0.06897678226232529,0.9310232400894165
9.710126876831055,1940,9.7,400,4,filtered_signal,1,0.02375856228172779,0.976241409778595
9.733136892318726,1944,9.72,400,4,filtered_signal,1,0.037994373589754105,0.962005615234375
9.753000020980835,1948,9.74,400,4,filtered_signal,1,0.039362695068120956,0.9606373310089111
9.77496862411499,1952,9.76,400,4,filtered_signal,1,0.039073243737220764,0.9609267711639404
9.789840936660767,1956,9.78,400,4,filtered_signal,1,0.044088028371334076,0.9559119343757629
9.809991598129272,1960,9.8,400,4,filtered_signal,1,0.024450942873954773,0.9755491018295288
9.832223653793335,1964,9.82,400,4,filtered_signal,1,0.059110354632139206,0.9408896565437317
9.844968318939209,1968,9.84,400,4,filtered_signal,1,0.03550729528069496,0.9644927382469177
9.876898050308228,1972,9.86,400,4,filtered_signal,1,0.09692799299955368,0.9030719995498657
9.889823913574219,1976,9.88,400,4,filtered_signal,1,0.02439141646027565,0.9756085276603699
9.9017972946167,1980,9.9,400,4,filtered_signal,1,0.0408891960978508,0.9591108560562134
9.927188873291016,1984,9.92,400,4,filtered_signal,1,0.038695771247148514,0.961304247379303
9.94129753112793,1988,9.94,400,4,filtered_signal,1,0.03938670828938484,0.9606132507324219
9.970076560974121,1992,9.96,400,4,filtered_signal,1,0.0246901698410511,0.9753098487854004
9.994073867797852,1996,9.98,400,4,filtered_signal,1,0.027867641299962997,0.9721323847770691
10.00918960571289,2000,10.0,400,4,filtered_signal,1,0.06534681469202042,0.9346532225608826
10.022110939025879,2004,10.02,400,4,filtered_signal,1,0.03482144698500633,0.9651785492897034
10.03999924659729,2008,10.04,400,4,filtered_signal,1,0.06990547478199005,0.9300945401191711
10.07209587097168,2012,10.06,400,4,filtered_signal,1,0.02305087260901928,0.976949155330658
10.09118366241455,2016,10.08,400,4,filtered_signal,1,0.05838143080472946,0.9416186213493347
10.101862907409668,2020,10.1,400,4,filtered_signal,1,0.042424920946359634,0.9575751423835754
10.127091646194458,2024,10.12,400,4,filtered_signal,1,0.03762603923678398,0.9623739719390869
10.148880958557129,2028,10.14,400,4,filtered_signal,1,0.05461040139198303,0.9453895688056946
10.161505222320557,2032,10.16,400,4,filtered_signal,1,0.023530714213848114,0.9764692187309265
10.194113969802856,2036,10.18,400,4,filtered_signal,1,0.0526750311255455,0.9473249316215515
10.208439111709595,2040,10.2,400,4,filtered_signal,1,0.03693297877907753,0.9630669951438904
10.224921703338623,2044,10.22,400,4,filtered_signal,1,0.0437854640185833,0.9562145471572876
10.244723081588745,2048,10.24,400,4,filtered_signal,1,0.025927335023880005,0.9740726947784424
10.276072263717651,2052,10.26,400,4,filtered_signal,1,0.026075156405568123,0.9739248156547546
10.291380643844604,2056,10.28,400,4,filtered_signal,1,0.05960787832736969,0.9403921365737915
10.310083866119385,2060,10.3,400,4,filtered_signal,1,0.03741433843970299,0.9625856876373291
10.32734227180481,2064,10.32,400,4,filtered_signal,1,0.07292228937149048,0.9270777106285095
10.343079090118408,2068,10.34,400,4,filtered_signal,1,0.02614540606737137,0.9738546013832092
10.375147342681885,2072,10.36,400,4,filtered_signal,1,0.025382408872246742,0.974617600440979
10.39012598991394,2076,10.38,400,4,filtered_signal,1,0.04286343231797218,0.9571365714073181
10.409933805465698,2080,10.4,400,4,filtered_signal,1,0.036568980664014816,0.9634310007095337
10.427019119262695,2084,10.42,400,4,filtered_signal,1,0.03963453695178032,0.9603654742240906
10.442302703857422,2088,10.44,400,4,filtered_signal,1,0.024352239444851875,0.9756478071212769
10.46025037765503,2092,10.46,400,4,filtered_signal,1,0.042178358882665634,0.9578216671943665
10.494059085845947,2096,10.48,400,4,filtered_signal,1,0.036890897899866104,0.9631090760231018
10.508966207504272,2100,10.5,400,4,filtered_signal,1,0.04779309779405594,0.9522069692611694
10.520304441452026,2104,10.52,400,4,filtered_signal,1,0.03354677930474281,0.9664531946182251
10.544363021850586,2108,10.54,400,4,filtered_signal,1,0.02547500841319561,0.9745250344276428
10.570045471191406,2112,10.56,400,4,filtered_signal,1,0.053762130439281464,0.9462378621101379
10.590253591537476,2116,10.58,400,4,filtered_signal,1,0.03836814686655998,0.9616318345069885
10.610187530517578,2120,10.6,400,4,filtered_signal,1,0.04549296945333481,0.954507052898407
10.627415657043457,2124,10.62,400,4,filtered_signal,1,0.02818058803677559,0.9718194007873535
10.643564462661743,2128,10.64,400,4,filtered_signal,1,0.11700344830751419,0.8829966187477112
10.666576147079468,2132,10.66,400,4,filtered_signal,1,0.05222134664654732,0.9477787017822266
10.690057277679443,2136,10.68,400,4,filtered_signal,1,0.054227519780397415,0.9457724094390869
10.715635538101196,2140,10.7,400,4,filtered_signal,1,0.10736703872680664,0.8926330208778381
10.728078842163086,2144,10.72,400,4,filtered_signal,1,0.030300116166472435,0.9696998596191406
10.742051601409912,2148,10.74,400,4,filtered_signal,1,0.08718209713697433,0.9128179550170898
10.776480674743652,2152,10.76,400,4,filtered_signal,1,0.04128982499241829,0.9587101936340332
10.79401969909668,2156,10.78,400,4,filtered_signal,1,0.11404135078191757,0.8859586119651794
10.808376550674438,2160,10.8,400,4,filtered_signal,1,0.029345382004976273,0.9706546068191528
10.819974422454834,2164,10.82,400,4,filtered_signal,1,0.04623351991176605,0.9537664651870728
10.839970350265503,2168,10.84,400,4,filtered_signal,1,0.04340113326907158,0.9565988779067993
10.868492841720581,2172,10.86,400,4,filtered_signal,1,0.04212895408272743,0.9578710198402405
10.882269620895386,2176,10.88,400,4,filtered_signal,1,0.0541674941778183,0.9458324909210205
10.902559041976929,2180,10.9,400,4,filtered_signal,1,0.024753237143158913,0.9752467274665833
10.928386211395264,2184,10.92,400,4,filtered_signal,1,0.0722375214099884,0.927762508392334
10.944268226623535,2188,10.94,400,4,filtered_signal,1,0.036811619997024536,0.9631884098052979
10.970180034637451,2192,10.96,400,4,filtered_signal,1,0.07521931082010269,0.9247806668281555
10.990150451660156,2196,10.98,400,4,filtered_signal,1,0.024513985961675644,0.9754859805107117
11.010260581970215,2200,11.0,400,4,filtered_signal,1,0.029997285455465317,0.9700027704238892
11.02720594406128,2204,11.02,400,4,filtered_signal,1,0.0515047125518322,0.9484952688217163
11.041533708572388,2208,11.04,400,4,filtered_signal,1,0.03709240257740021,0.9629075527191162
11.076645135879517,2212,11.06,400,4,filtered_signal,1,0.09489794075489044,0.9051020741462708
11.09824013710022,2216,11.08,400,4,filtered_signal,1,0.02405555732548237,0.9759443998336792
11.110146760940552,2220,11.1,400,4,filtered_signal,1,0.05623340979218483,0.9437665939331055
11.126673698425293,2224,11.12,400,4,filtered_signal,1,0.04041099175810814,0.9595890045166016
11.144865036010742,2228,11.14,400,4,filtered_signal,1,0.037624187767505646,0.9623757600784302
11.173850297927856,2232,11.16,400,4,filtered_signal,1,0.023907827213406563,0.9760921597480774
11.192862272262573,2236,11.18,400,4,filtered_signal,1,0.026759715750813484,0.9732402563095093
11.210012674331665,2240,11.2,400,4,filtered_signal,1,0.04249667003750801,0.9575033187866211
11.22721004486084,2244,11.22,400,4,filtered_signal,1,0.04031971096992493,0.9596803188323975
11.242003679275513,2248,11.24,400,4,filtered_signal,1,0.0831427127122879,0.9168573021888733
11.27510666847229,2252,11.26,400,4,filtered_signal,1,0.027661580592393875,0.9723384380340576
11.285211324691772,2256,11.28,400,4,filtered_signal,1,0.030773982405662537,0.969226062297821
11.300323247909546,2260,11.3,400,4,filtered_signal,1,0.038898345082998276,0.9611017107963562
11.327433824539185,2264,11.32,400,4,filtered_signal,1,0.03900351747870445,0.9609965682029724
11.342662572860718,2268,11.34,400,4,filtered_signal,1,0.0315852016210556,0.9684147238731384
11.377025604248047,2272,11.36,400,4,filtered_signal,1,0.023582369089126587,0.9764176607131958
11.387026309967041,2276,11.38,400,4,filtered_signal,1,0.06336912512779236,0.93663090467453
11.41013503074646,2280,11.4,400,4,filtered_signal,1,0.03555801510810852,0.9644419550895691
11.42723560333252,2284,11.42,400,4,filtered_signal,1,0.03879620134830475,0.9612037539482117
11.442276000976562,2288,11.44,400,4,filtered_signal,1,0.023972420021891594,0.9760276079177856
11.469896793365479,2292,11.46,400,4,filtered_signal,1,0.023397522047162056,0.9766024947166443
11.490853309631348,2296,11.48,400,4,filtered_signal,1,0.061446916311979294,0.9385530352592468
11.51002812385559,2300,11.5,400,4,filtered_signal,1,0.03356309235095978,0.9664369821548462
11.520041227340698,2304,11.52,400,4,filtered_signal,1,0.047944486141204834,0.9520555138587952
11.544104099273682,2308,11.54,400,4,filtered_signal,1,0.02304832637310028,0.9769516587257385
11.570130109786987,2312,11.56,400,4,filtered_signal,1,0.023944132030010223,0.976055920124054
11.590166091918945,2316,11.58,400,4,filtered_signal,1,0.039901599287986755,0.960098385810852
11.601012229919434,2320,11.6,400,4,filtered_signal,1,0.03464733064174652,0.9653527140617371
11.619880199432373,2324,11.62,400,4,filtered_signal,1,0.03699793666601181,0.96300208568573
11.644132852554321,2328,11.64,400,4,filtered_signal,1,0.023085003718733788,0.9769150018692017
11.670055150985718,2332,11.66,400,4,filtered_signal,1,0.040204450488090515,0.9597955346107483
11.68985366821289,2336,11.68,400,4,filtered_signal,1,0.03482848405838013,0.9651715159416199
11.710070848464966,2340,11.7,400,4,filtered_signal,1,0.041341912001371384,0.9586580395698547
11.728097438812256,2344,11.72,400,4,filtered_signal,1,0.023737970739603043,0.976262092590332
11.743723154067993,2348,11.74,400,4,filtered_signal,1,0.02425011247396469,0.9757499098777771
11.77535104751587,2352,11.76,400,4,filtered_signal,1,0.046692345291376114,0.9533076882362366
11.790306806564331,2356,11.78,400,4,filtered_signal,1,0.03564340993762016,0.964356541633606
11.809873819351196,2360,11.8,400,4,filtered_signal,1,0.07021022588014603,0.9297897815704346
11.834713220596313,2364,11.82,400,4,filtered_signal,1,0.024129675701260567,0.9758703708648682
11.854137182235718,2368,11.84,400,4,filtered_signal,1,0.025176184251904488,0.9748237729072571
11.870110988616943,2372,11.86,400,4,filtered_signal,1,0.04537901282310486,0.9546210169792175
11.890694856643677,2376,11.88,400,4,filtered_signal,1,0.03599200397729874,0.9640080332756042
11.913740396499634,2380,11.9,400,4,filtered_signal,1,0.08235752582550049,0.9176424145698547
11.932367086410522,2384,11.92,400,4,filtered_signal,1,0.02404959686100483,0.9759504199028015
11.940333127975464,2388,11.94,400,4,filtered_signal,1,0.03884285315871239,0.9611572027206421
11.97685956954956,2392,11.96,400,4,filtered_signal,1,0.04370142146945,0.9562985897064209
11.990371465682983,2396,11.98,400,4,filtered_signal,1,0.040769025683403015,0.9592309594154358
12.005800247192383,2400,12.0,400,4,filtered_signal,1,0.11954709887504578,0.8804528713226318
12.032139301300049,2404,12.02,400,4,filtered_signal,1,0.026322931051254272,0.9736770987510681
12.039945840835571,2408,12.04,400,4,filtered_signal,1,0.055264487862586975,0.9447355270385742
12.078291177749634,2412,12.06,400,4,filtered_signal,1,0.042501676827669144,0.95749831199646
12.09020185470581,2416,12.08,400,4,filtered_signal,1,0.0597035214304924,0.9402965307235718
12.110373497009277,2420,12.1,400,4,filtered_signal,1,0.13936789333820343,0.8606321215629578
12.133203029632568,2424,12.12,400,4,filtered_signal,1,0.02808890864253044,0.9719110727310181
12.142318487167358,2428,12.14,400,4,filtered_signal,1,0.06075834855437279,0.9392417073249817
12.170076131820679,2432,12.16,400,4,filtered_signal,1,0.046943627297878265,0.9530563950538635
12.193920850753784,2436,12.18,400,4,filtered_signal,1,0.15253613889217377,0.847463846206665
12.208991289138794,2440,12.2,400,4,filtered_signal,1,0.04572753980755806,0.9542723894119263
12.225029706954956,2444,12.22,400,4,filtered_signal,1,0.059236153960227966,0.9407638907432556
12.240169525146484,2448,12.24,400,4,filtered_signal,1,0.052507154643535614,0.9474928379058838
12.276790618896484,2452,12.26,400,4,filtered_signal,1,0.04495477303862572,0.955045223236084
12.293895959854126,2456,12.28,400,4,filtered_signal,1,0.035283565521240234,0.9647164344787598
12.308404922485352,2460,12.3,400,4,filtered_signal,1,0.05383548513054848,0.9461645483970642
12.32013726234436,2464,12.32,400,4,filtered_signal,1,0.13448721170425415,0.8655127882957458
12.340227842330933,2468,12.34,400,4,filtered_signal,1,0.04678436741232872,0.9532155990600586
12.36305022239685,2472,12.36,400,4,filtered_signal,1,0.06944279372692108,0.930557131767273
12.394455909729004,2476,12.38,400,4,filtered_signal,1,0.04333508759737015,0.9566649198532104
12.408652782440186,2480,12.4,400,4,filtered_signal,1,0.04453307390213013,0.9554669260978699
12.420284032821655,2484,12.42,400,4,filtered_signal,1,0.1392650157213211,0.8607349991798401
12.440186262130737,2488,12.44,400,4,filtered_signal,1,0.041705429553985596,0.9582945704460144
12.473818302154541,2492,12.46,400,4,filtered_signal,1,0.10984782874584198,0.8901521563529968
12.492968320846558,2496,12.48,400,4,filtered_signal,1,0.029648443683981895,0.9703515768051147
12.510181903839111,2500,12.5,400,4,filtered_signal,1,0.06925980746746063,0.930740237236023
12.532356262207031,2504,12.52,400,4,filtered_signal,1,0.047227390110492706,0.9527725577354431
12.541590690612793,2508,12.54,400,4,filtered_signal,1,0.043977875262498856,0.9560220837593079
12.577444076538086,2512,12.56,400,4,filtered_signal,1,0.06714416295289993,0.9328558444976807
12.589983224868774,2516,12.58,400,4,filtered_signal,1,0.026917099952697754,0.9730829000473022
12.610196828842163,2520,12.6,400,4,filtered_signal,1,0.053297609090805054,0.9467024207115173
12.633081912994385,2524,12.62,400,4,filtered_signal,1,0.042121075093746185,0.9578788876533508
12.63998031616211,2528,12.64,400,4,filtered_signal,1,0.06384624540805817,0.936153769493103
12.676039934158325,2532,12.66,400,4,filtered_signal,1,0.029779953882098198,0.9702200293540955
12.692304134368896,2536,12.68,400,4,filtered_signal,1,0.02846219390630722,0.9715377688407898
12.70723581314087,2540,12.7,400,4,filtered_signal,1,0.07772813737392426,0.9222719073295593
12.72737431526184,2544,12.72,400,4,filtered_signal,1,0.042904749512672424,0.9570952653884888
12.744165182113647,2548,12.74,400,4,filtered_signal,1,0.04837939143180847,0.9516206383705139
12.773874044418335,2552,12.76,400,4,filtered_signal,1,0.037805236876010895,0.9621947407722473
12.789886236190796,2556,12.78,400,4,filtered_signal,1,0.03133309632539749,0.9686669111251831
12.80460238456726,2560,12.8,400,4,filtered_signal,1,0.059877339750528336,0.9401226043701172
12.819949388504028,2564,12.82,400,4,filtered_signal,1,0.06179095432162285,0.938209056854248
12.841703176498413,2568,12.84,400,4,filtered_signal,1,0.1488340198993683,0.8511659502983093
12.87721872329712,2572,12.86,400,4,filtered_signal,1,0.1701440066099167,0.8298559784889221
12.890204668045044,2576,12.88,400,4,filtered_signal,1,0.16920800507068634,0.8307920098304749
12.909912347793579,2580,12.9,400,4,filtered_signal,1,0.11005570739507675,0.889944314956665
12.927230834960938,2584,12.92,400,4,filtered_signal,1,0.23361188173294067,0.7663880586624146
12.941519021987915,2588,12.94,400,4,filtered_signal,1,0.27549034357070923,0.7245096564292908
12.970319271087646,2592,12.96,400,4,filtered_signal,1,0.3363575339317322,0.6636424660682678
12.990233898162842,2596,12.98,400,4,filtered_signal,1,0.38047417998313904,0.6195258498191833
13.000744104385376,2600,13.0,400,4,filtered_signal,0,0.5230817794799805,0.47691819071769714
13.026501178741455,2604,13.02,400,4,filtered_signal,0,0.6673654913902283,0.33263447880744934
13.047505378723145,2608,13.04,400,4,filtered_signal,0,0.7500228881835938,0.24997711181640625
13.060188293457031,2612,13.06,400,4,filtered_signal,0,0.8167247176170349,0.1832752823829651
13.094238758087158,2616,13.08,400,4,filtered_signal,0,0.8638388514518738,0.13616116344928741
13.110984563827515,2620,13.1,400,4,filtered_signal,0,0.8692941665649414,0.13070577383041382
13.12610149383545,2624,13.12,400,4,filtered_signal,0,0.8852380514144897,0.11476194858551025
13.141919374465942,2628,13.14,400,4,filtered_signal,0,0.8877196311950684,0.11228033900260925
13.160229206085205,2632,13.16,400,4,filtered_signal,0,0.8888192176818848,0.11118078231811523
13.19384241104126,2636,13.18,400,4,filtered_signal,0,0.8900354504585266,0.109964519739151
13.202343225479126,2640,13.2,400,4,filtered_signal,0,0.8901808857917786,0.10981914401054382
13.225144624710083,2644,13.22,400,4,filtered_signal,0,0.8810508847236633,0.11894908547401428
13.244410991668701,2648,13.24,400,4,filtered_signal,0,0.8826532959938049,0.11734674870967865
13.27525019645691,2652,13.26,400,4,filtered_signal,0,0.8900312781333923,0.10996869206428528
13.290373802185059,2656,13.28,400,4,filtered_signal,0,0.8900684714317322,0.10993155092000961
13.3100106716156,2660,13.3,400,4,filtered_signal,0,0.8902124166488647,0.10978755354881287
13.32863712310791,2664,13.32,400,4,filtered_signal,0,0.8843817710876465,0.1156182512640953
13.340193510055542,2668,13.34,400,4,filtered_signal,0,0.8882776498794556,0.11172232031822205
13.360077142715454,2672,13.36,400,4,filtered_signal,0,0.8897751569747925,0.11022485047578812
13.393857479095459,2676,13.38,400,4,filtered_signal,0,0.8908540606498718,0.10914593935012817
13.409974336624146,2680,13.4,400,4,filtered_signal,0,0.8906727433204651,0.10932724177837372
13.420283794403076,2684,13.42,400,4,filtered_signal,0,0.8757434487342834,0.12425653636455536
13.444742441177368,2688,13.44,400,4,filtered_signal,0,0.8895424604415894,0.11045746505260468
13.470012426376343,2692,13.46,400,4,filtered_signal,0,0.8902191519737244,0.10978089272975922
13.492480993270874,2696,13.48,400,4,filtered_signal,0,0.8897410035133362,0.11025896668434143
13.500800848007202,2700,13.5,400,4,filtered_signal,0,0.8903904557228088,0.10960954427719116
13.520292520523071,2704,13.52,400,4,filtered_signal,0,0.8896079659461975,0.11039207875728607
13.544587850570679,2708,13.54,400,4,filtered_signal,0,0.8885502815246582,0.11144965142011642
13.571037769317627,2712,13.56,400,4,filtered_signal,0,0.8903779983520508,0.10962198674678802
13.591114282608032,2716,13.58,400,4,filtered_signal,0,0.882460355758667,0.11753960698843002
13.610282897949219,2720,13.6,400,4,filtered_signal,0,0.8848598003387451,0.11514022201299667
13.628250122070312,2724,13.62,400,4,filtered_signal,0,0.8882871270179749,0.11171290278434753
13.64272928237915,2728,13.64,400,4,filtered_signal,0,0.8899292349815369,0.11007078737020493
13.669279098510742,2732,13.66,400,4,filtered_signal,0,0.8894616365432739,0.11053834110498428
13.690282106399536,2736,13.68,400,4,filtered_signal,0,0.8868533372879028,0.11314667761325836
13.717449188232422,2740,13.7,400,4,filtered_signal,0,0.8899884223937988,0.11001161485910416
13.726692914962769,2744,13.72,400,4,filtered_signal,0,0.8830562829971313,0.11694373190402985
13.740160703659058,2748,13.74,400,4,filtered_signal,0,0.8897143602371216,0.11028563976287842
13.775132417678833,2752,13.76,400,4,filtered_signal,0,0.8886763453483582,0.11132364720106125
13.792901277542114,2756,13.78,400,4,filtered_signal,0,0.881897509098053,0.11810251325368881
13.810169219970703,2760,13.8,400,4,filtered_signal,0,0.8876998424530029,0.11230015009641647
13.828032493591309,2764,13.82,400,4,filtered_signal,0,0.8888406753540039,0.1111593171954155
13.843458414077759,2768,13.84,400,4,filtered_signal,0,0.8897662162780762,0.110233835875988
13.870558261871338,2772,13.86,400,4,filtered_signal,0,0.8873512744903564,0.11264872550964355
13.890221357345581,2776,13.88,400,4,filtered_signal,0,0.8906140923500061,0.1093859001994133
13.910192966461182,2780,13.9,400,4,filtered_signal,0,0.8901594281196594,0.10984058678150177
13.928233861923218,2784,13.92,400,4,filtered_signal,0,0.8904651403427124,0.1095348671078682
13.940241575241089,2788,13.94,400,4,filtered_signal,0,0.8694137334823608,0.13058626651763916
13.97440505027771,2792,13.96,400,4,filtered_signal,0,0.8885721564292908,0.11142789572477341
13.998131275177002,2796,13.98,400,4,filtered_signal,0,0.890335738658905,0.10966426134109497
14.00999927520752,2800,14.0,400,4,filtered_signal,0,0.8906438946723938,0.10935604572296143
14.020161151885986,2804,14.02,400,4,filtered_signal,0,0.887398362159729,0.1126016303896904
14.039953231811523,2808,14.04,400,4,filtered_signal,0,0.870543360710144,0.12945662438869476
14.060724020004272,2812,14.06,400,4,filtered_signal,0,0.8885354399681091,0.11146453022956848
14.090178489685059,2816,14.08,400,4,filtered_signal,0,0.890371561050415,0.10962841659784317
14.100571632385254,2820,14.1,400,4,filtered_signal,0,0.890396237373352,0.10960377007722855
14.126260042190552,2824,14.12,400,4,filtered_signal,0,0.8853574991226196,0.11464256793260574
14.14595913887024,2828,14.14,400,4,filtered_signal,0,0.8867804408073425,0.11321953684091568
14.17729640007019,2832,14.16,400,4,filtered_signal,0,0.888540506362915,0.11145950108766556
14.19031023979187,2836,14.18,400,4,filtered_signal,0,0.8864800333976746,0.11352002620697021
14.210365533828735,2840,14.2,400,4,filtered_signal,0,0.8871702551841736,0.11282971501350403
14.227193832397461,2844,14.22,400,4,filtered_signal,0,0.8886792659759521,0.11132068932056427
14.242401123046875,2848,14.24,400,4,filtered_signal,0,0.8723777532577515,0.12762229144573212
14.27015233039856,2852,14.26,400,4,filtered_signal,0,0.8873645067214966,0.1126355305314064
14.291273593902588,2856,14.28,400,4,filtered_signal,0,0.8896818161010742,0.11031816154718399
14.3023042678833,2860,14.3,400,4,filtered_signal,0,0.8902115821838379,0.1097884476184845
14.327199220657349,2864,14.32,400,4,filtered_signal,0,0.8869937062263489,0.11300632357597351
14.344125032424927,2868,14.34,400,4,filtered_signal,0,0.8874527215957642,0.11254721879959106
14.375361204147339,2872,14.36,400,4,filtered_signal,0,0.8882904052734375,0.11170955747365952
14.392310619354248,2876,14.38,400,4,filtered_signal,0,0.8895858526229858,0.11041413992643356
14.410140752792358,2880,14.4,400,4,filtered_signal,0,0.8902390599250793,0.10976095497608185
14.427541017532349,2884,14.42,400,4,filtered_signal,0,0.8892831802368164,0.11071683466434479
14.444324016571045,2888,14.44,400,4,filtered_signal,0,0.8879361152648926,0.11206389963626862
14.470291376113892,2892,14.46,400,4,filtered_signal,0,0.8896000981330872,0.11039990186691284
14.490432262420654,2896,14.48,400,4,filtered_signal,0,0.8865705132484436,0.1134294867515564
14.510337591171265,2900,14.5,400,4,filtered_signal,0,0.8888590335845947,0.11114094406366348
14.52004337310791,2904,14.52,400,4,filtered_signal,0,0.8892984986305237,0.11070150136947632
14.539942979812622,2908,14.54,400,4,filtered_signal,0,0.8816562294960022,0.11834374070167542
14.570090770721436,2912,14.56,400,4,filtered_signal,0,0.8896092772483826,0.11039078235626221
14.591517448425293,2916,14.58,400,4,filtered_signal,0,0.8876212239265442,0.11237875372171402
14.602400779724121,2920,14.6,400,4,filtered_signal,0,0.8890873789787292,0.11091261357069016
14.620213031768799,2924,14.62,400,4,filtered_signal,0,0.8898969888687134,0.11010299623012543
14.644182443618774,2928,14.64,400,4,filtered_signal,0,0.8856232762336731,0.1143767237663269
14.672195196151733,2932,14.66,400,4,filtered_signal,0,0.8896897435188293,0.11031027883291245
14.690088033676147,2936,14.68,400,4,filtered_signal,0,0.887097179889679,0.11290287226438522
14.71170449256897,2940,14.7,400,4,filtered_signal,0,0.8897429704666138,0.11025703698396683
14.722068548202515,2944,14.72,400,4,filtered_signal,0,0.8893105983734131,0.11068936437368393
14.756677389144897,2948,14.74,400,4,filtered_signal,0,0.8906366229057312,0.10936333984136581
14.77043080329895,2952,14.76,400,4,filtered_signal,0,0.8882584571838379,0.11174150556325912
14.790171384811401,2956,14.78,400,4,filtered_signal,0,0.8887359499931335,0.11126407235860825
14.810822248458862,2960,14.8,400,4,filtered_signal,0,0.8900529146194458,0.10994711518287659
14.825313329696655,2964,14.82,400,4,filtered_signal,0,0.889778733253479,0.1102212518453598
14.840230703353882,2968,14.84,400,4,filtered_signal,0,0.8792725205421448,0.1207275241613388
14.877285242080688,2972,14.86,400,4,filtered_signal,0,0.8839219212532043,0.11607813835144043
14.890349388122559,2976,14.88,400,4,filtered_signal,0,0.8897452354431152,0.11025476455688477
14.910077810287476,2980,14.9,400,4,filtered_signal,0,0.8898921012878418,0.11010784655809402
14.92249345779419,2984,14.92,400,4,filtered_signal,0,0.8888223171234131,0.1111777275800705
14.960063457489014,2988,14.94,400,4,filtered_signal,0,0.885645866394043,0.11435416340827942
14.970311164855957,2992,14.96,400,4,filtered_signal,0,0.88985276222229,0.11014721542596817
14.990352630615234,2996,14.98,400,4,filtered_signal,0,0.8906418085098267,0.10935816913843155
15.010709524154663,3000,15.0,400,4,filtered_signal,0,0.8888323903083801,0.11116759479045868
15.025169372558594,3004,15.02,400,4,filtered_signal,0,0.8774591684341431,0.12254077196121216
15.040292978286743,3008,15.04,400,4,filtered_signal,0,0.8748172521591187,0.12518274784088135
15.077276468276978,3012,15.06,400,4,filtered_signal,0,0.8891324400901794,0.11086761206388474
15.090327739715576,3016,15.08,400,4,filtered_signal,0,0.8904830813407898,0.10951694846153259
15.101790189743042,3020,15.1,400,4,filtered_signal,0,0.8887302279472351,0.11126980930566788
15.127834796905518,3024,15.12,400,4,filtered_signal,0,0.886843740940094,0.11315622925758362
15.142275333404541,3028,15.14,400,4,filtered_signal,0,0.8855995535850525,0.1144004836678505
15.175147533416748,3032,15.16,400,4,filtered_signal,0,0.8904569745063782,0.10954298824071884
15.194214582443237,3036,15.18,400,4,filtered_signal,0,0.8904433846473694,0.10955661535263062
15.208250284194946,3040,15.2,400,4,filtered_signal,0,0.8904294967651367,0.10957050323486328
15.226305961608887,3044,15.22,400,4,filtered_signal,0,0.8838802576065063,0.11611970514059067
15.244431257247925,3048,15.24,400,4,filtered_signal,0,0.8870021104812622,0.11299784481525421
15.276644706726074,3052,15.26,400,4,filtered_signal,0,0.8862718939781189,0.11372808367013931
15.290171384811401,3056,15.28,400,4,filtered_signal,0,0.8853716850280762,0.11462833732366562
15.31043529510498,3060,15.3,400,4,filtered_signal,0,0.8841778039932251,0.11582212895154953
15.327753067016602,3064,15.32,400,4,filtered_signal,0,0.8836209774017334,0.11637905240058899
15.341812372207642,3068,15.34,400,4,filtered_signal,0,0.8880753517150879,0.1119246631860733
15.370190382003784,3072,15.36,400,4,filtered_signal,0,0.888571560382843,0.11142843216657639
15.394613027572632,3076,15.38,400,4,filtered_signal,0,0.8901844024658203,0.10981566458940506
15.409117698669434,3080,15.4,400,4,filtered_signal,0,0.8804081678390503,0.11959186941385269
15.42025113105774,3084,15.42,400,4,filtered_signal,0,0.8667738437652588,0.1332261860370636
15.440157413482666,3088,15.44,400,4,filtered_signal,0,0.887738823890686,0.11226114630699158
15.46037483215332,3092,15.46,400,4,filtered_signal,0,0.8891034126281738,0.11089656502008438
15.490415096282959,3096,15.48,400,4,filtered_signal,0,0.8876413702964783,0.11235861480236053
15.510305881500244,3100,15.5,400,4,filtered_signal,0,0.8877481818199158,0.11225179582834244
15.528522729873657,3104,15.52,400,4,filtered_signal,0,0.8826127052307129,0.11738725751638412
15.544632911682129,3108,15.54,400,4,filtered_signal,0,0.8814090490341187,0.11859094351530075
15.57022476196289,3112,15.56,400,4,filtered_signal,0,0.8897554278373718,0.11024454236030579
15.590328454971313,3116,15.58,400,4,filtered_signal,0,0.890059769153595,0.10994015634059906
15.610273122787476,3120,15.6,400,4,filtered_signal,0,0.8876917362213135,0.11230826377868652
15.627201318740845,3124,15.62,400,4,filtered_signal,0,0.8900097608566284,0.10999025404453278
15.64159607887268,3128,15.64,400,4,filtered_signal,0,0.8755005598068237,0.12449938803911209
15.66004753112793,3132,15.66,400,4,filtered_signal,0,0.8869619965553284,0.11303804814815521
15.694483518600464,3136,15.68,400,4,filtered_signal,0,0.8887372016906738,0.11126279830932617
15.710042715072632,3140,15.7,400,4,filtered_signal,0,0.8864524960517883,0.11354750394821167
15.72591233253479,3144,15.72,400,4,filtered_signal,0,0.888898491859436,0.11110156029462814
15.740188598632812,3148,15.74,400,4,filtered_signal,0,0.8902860283851624,0.10971399396657944
15.775268793106079,3152,15.76,400,4,filtered_signal,0,0.8908535838127136,0.10914643108844757
15.794028520584106,3156,15.78,400,4,filtered_signal,0,0.8855013251304626,0.11449868232011795
15.810436248779297,3160,15.8,400,4,filtered_signal,0,0.8830265998840332,0.11697334796190262
15.82010531425476,3164,15.82,400,4,filtered_signal,0,0.8893575668334961,0.11064241081476212
15.843035221099854,3168,15.84,400,4,filtered_signal,0,0.8904556035995483,0.10954440385103226
15.878077030181885,3172,15.86,400,4,filtered_signal,0,0.8913142681121826,0.10868575423955917
15.890041589736938,3176,15.88,400,4,filtered_signal,0,0.8764184713363647,0.12358153611421585
15.910062074661255,3180,15.9,400,4,filtered_signal,0,0.8741772770881653,0.12582269310951233
15.92709994316101,3184,15.92,400,4,filtered_signal,0,0.8867615461349487,0.11323841661214828
15.942064762115479,3188,15.94,400,4,filtered_signal,0,0.8885971903800964,0.11140281707048416
15.971306562423706,3192,15.96,400,4,filtered_signal,0,0.8906117677688599,0.10938823968172073
15.994210481643677,3196,15.98,400,4,filtered_signal,0,0.881391167640686,0.11860881745815277
16.00888156890869,3200,16.0,400,4,filtered_signal,0,0.8780417442321777,0.12195827066898346
16.02001976966858,3204,16.02,400,4,filtered_signal,0,0.8886789679527283,0.11132099479436874
16.04021167755127,3208,16.04,400,4,filtered_signal,0,0.8888624310493469,0.11113760620355606
16.062207460403442,3212,16.06,400,4,filtered_signal,0,0.8884294629096985,0.11157050728797913
16.09024477005005,3216,16.08,400,4,filtered_signal,0,0.8886525630950928,0.11134751886129379
16.110055685043335,3220,16.1,400,4,filtered_signal,0,0.8887355923652649,0.11126437038183212
16.12028169631958,3224,16.12,400,4,filtered_signal,0,0.8898987174034119,0.11010128259658813
16.140461206436157,3228,16.14,400,4,filtered_signal,0,0.8818963766098022,0.11810365319252014
16.170462131500244,3232,16.16,400,4,filtered_signal,0,0.8902062773704529,0.10979368537664413
16.190096378326416,3236,16.18,400,4,filtered_signal,0,0.8902360796928406,0.10976395010948181
16.21026635169983,3240,16.2,400,4,filtered_signal,0,0.8893091678619385,0.11069086939096451
16.226439952850342,3244,16.22,400,4,filtered_signal,0,0.8800681233406067,0.11993183195590973
16.242130041122437,3248,16.24,400,4,filtered_signal,0,0.8727834224700928,0.12721651792526245
16.276031494140625,3252,16.26,400,4,filtered_signal,0,0.8895887136459351,0.11041127890348434
16.298200368881226,3256,16.28,400,4,filtered_signal,0,0.8757941126823425,0.12420592457056046
16.310232639312744,3260,16.3,400,4,filtered_signal,0,0.8796346187591553,0.12036538124084473
16.325180053710938,3264,16.32,400,4,filtered_signal,0,0.8796749711036682,0.1203249841928482
16.340335369110107,3268,16.34,400,4,filtered_signal,0,0.8646354079246521,0.1353646069765091
16.37590789794922,3272,16.36,400,4,filtered_signal,0,0.8828628659248352,0.11713717877864838
16.390270471572876,3276,16.38,400,4,filtered_signal,0,0.8775823712348938,0.1224176436662674
16.41036057472229,3280,16.4,400,4,filtered_signal,0,0.8749770522117615,0.1250229924917221
16.42805504798889,3284,16.42,400,4,filtered_signal,0,0.8498342633247375,0.15016572177410126
16.442607402801514,3288,16.44,400,4,filtered_signal,0,0.8845241665840149,0.11547577381134033
16.470969676971436,3292,16.46,400,4,filtered_signal,0,0.8790191411972046,0.12098083645105362
16.490354776382446,3296,16.48,400,4,filtered_signal,0,0.8867861032485962,0.1132139265537262
16.510103225708008,3300,16.5,400,4,filtered_signal,0,0.8736082315444946,0.12639181315898895
16.527713298797607,3304,16.52,400,4,filtered_signal,0,0.8423337340354919,0.15766626596450806
16.543012857437134,3308,16.54,400,4,filtered_signal,0,0.8863855004310608,0.11361446231603622
16.570319652557373,3312,16.56,400,4,filtered_signal,0,0.8611843585968018,0.13881570100784302
16.590270280838013,3316,16.58,400,4,filtered_signal,0,0.8877650499343872,0.11223500221967697
16.610330820083618,3320,16.6,400,4,filtered_signal,0,0.8651053309440613,0.1348946988582611
16.620028495788574,3324,16.62,400,4,filtered_signal,0,0.8780132532119751,0.12198670953512192
16.644408702850342,3328,16.64,400,4,filtered_signal,0,0.8886994123458862,0.11130061000585556
16.675106287002563,3332,16.66,400,4,filtered_signal,0,0.8899210691452026,0.1100788563489914
16.692370653152466,3336,16.68,400,4,filtered_signal,0,0.8909251093864441,0.1090749204158783
16.702589750289917,3340,16.7,400,4,filtered_signal,0,0.8675184845924377,0.13248154520988464
16.728583812713623,3344,16.72,400,4,filtered_signal,0,0.8883015513420105,0.11169841885566711
16.74836015701294,3348,16.74,400,4,filtered_signal,0,0.889223575592041,0.11077647656202316
16.76011371612549,3352,16.76,400,4,filtered_signal,0,0.8910725712776184,0.10892745852470398
16.795106649398804,3356,16.78,400,4,filtered_signal,0,0.8718022704124451,0.12819774448871613
16.800244331359863,3360,16.8,400,4,filtered_signal,0,0.8857051134109497,0.1142948642373085
16.820189952850342,3364,16.82,400,4,filtered_signal,0,0.8877853155136108,0.11221472173929214
16.844412088394165,3368,16.84,400,4,filtered_signal,0,0.8869200944900513,0.11307992786169052
16.87019181251526,3372,16.86,400,4,filtered_signal,0,0.8899721503257751,0.11002781987190247
16.890340328216553,3376,16.88,400,4,filtered_signal,0,0.8893321752548218,0.11066785454750061
16.91028094291687,3380,16.9,400,4,filtered_signal,0,0.887622594833374,0.11237739771604538
16.920156002044678,3384,16.92,400,4,filtered_signal,0,0.888961136341095,0.11103883385658264
16.940446853637695,3388,16.94,400,4,filtered_signal,0,0.8843330144882202,0.11566698551177979
16.97045922279358,3392,16.96,400,4,filtered_signal,0,0.8893138766288757,0.11068616062402725
16.9937162399292,3396,16.98,400,4,filtered_signal,0,0.8903147578239441,0.10968524217605591
17.0011944770813,3400,17.0,400,4,filtered_signal,0,0.8835740685462952,0.11642587929964066
17.02236580848694,3404,17.02,400,4,filtered_signal,0,0.8887195587158203,0.11128043383359909
17.04464602470398,3408,17.04,400,4,filtered_signal,0,0.8900080323219299,0.10999190807342529
17.075080633163452,3412,17.06,400,4,filtered_signal,0,0.8908571004867554,0.10914284735918045
17.0901517868042,3416,17.08,400,4,filtered_signal,0,0.8903841376304626,0.10961584001779556
17.110262870788574,3420,17.1,400,4,filtered_signal,0,0.8876827359199524,0.11231724172830582
17.132487297058105,3424,17.12,400,4,filtered_signal,0,0.8895148634910583,0.11048516631126404
17.144165992736816,3428,17.14,400,4,filtered_signal,0,0.8850712776184082,0.11492869257926941
17.178503274917603,3432,17.16,400,4,filtered_signal,0,0.8895877599716187,0.11041226238012314
17.190184831619263,3436,17.18,400,4,filtered_signal,0,0.890072762966156,0.1099272072315216
17.210232734680176,3440,17.2,400,4,filtered_signal,0,0.8899912238121033,0.11000876873731613
17.233420610427856,3444,17.22,400,4,filtered_signal,0,0.8898686170578003,0.1101313978433609
17.244227409362793,3448,17.24,400,4,filtered_signal,0,0.8760511875152588,0.12394877523183823
17.27022886276245,3452,17.26,400,4,filtered_signal,0,0.8895353078842163,0.1104646846652031
17.29023766517639,3456,17.28,400,4,filtered_signal,0,0.8877565860748291,0.11224345862865448
17.310188055038452,3460,17.3,400,4,filtered_signal,0,0.8897736668586731,0.11022637784481049
17.332461833953857,3464,17.32,400,4,filtered_signal,0,0.8876781463623047,0.11232184618711472
17.345039129257202,3468,17.34,400,4,filtered_signal,0,0.888049304485321,0.11195073276758194
17.37731623649597,3472,17.36,400,4,filtered_signal,0,0.8900537490844727,0.10994627326726913
17.391255855560303,3476,17.38,400,4,filtered_signal,0,0.8906532526016235,0.10934670269489288
17.410194396972656,3480,17.4,400,4,filtered_signal,0,0.8906309604644775,0.10936900973320007
17.432896614074707,3484,17.42,400,4,filtered_signal,0,0.8886025547981262,0.1113974079489708
17.440328359603882,3488,17.44,400,4,filtered_signal,0,0.8505785465240479,0.14942151308059692
17.478073835372925,3492,17.46,400,4,filtered_signal,0,0.8856807947158813,0.11431920528411865
17.490142822265625,3496,17.48,400,4,filtered_signal,0,0.8840543627738953,0.11594560742378235
17.506526708602905,3500,17.5,400,4,filtered_signal,0,0.8876258134841919,0.1123741939663887
17.527074098587036,3504,17.52,400,4,filtered_signal,0,0.8874211311340332,0.1125788688659668
17.541211366653442,3508,17.54,400,4,filtered_signal,0,0.885154664516449,0.11484535783529282
17.575542211532593,3512,17.56,400,4,filtered_signal,0,0.8888279795646667,0.11117202043533325
17.594489336013794,3516,17.58,400,4,filtered_signal,0,0.8899158835411072,0.11008407175540924
17.608864545822144,3520,17.6,400,4,filtered_signal,0,0.8902818560600281,0.10971808433532715
17.623537063598633,3524,17.62,400,4,filtered_signal,0,0.8863133788108826,0.11368662863969803
17.642507553100586,3528,17.64,400,4,filtered_signal,0,0.886193573474884,0.11380646377801895
17.670292139053345,3532,17.66,400,4,filtered_signal,0,0.8902668356895447,0.10973311215639114
17.690379858016968,3536,17.68,400,4,filtered_signal,0,0.8898804783821106,0.11011945456266403
17.710428953170776,3540,17.7,400,4,filtered_signal,0,0.8565102219581604,0.143489807844162
17.72734832763672,3544,17.72,400,4,filtered_signal,0,0.8872055411338806,0.11279449611902237
17.740494966506958,3548,17.74,400,4,filtered_signal,0,0.8892397880554199,0.1107601672410965
17.775397539138794,3552,17.76,400,4,filtered_signal,0,0.8903259038925171,0.10967408865690231
17.794767141342163,3556,17.78,400,4,filtered_signal,0,0.8903370499610901,0.1096629798412323
17.808475971221924,3560,17.8,400,4,filtered_signal,0,0.8754221796989441,0.12457780539989471
17.823965072631836,3564,17.82,400,4,filtered_signal,0,0.888482391834259,0.11151760071516037
17.84044313430786,3568,17.84,400,4,filtered_signal,0,0.8891183733940125,0.11088156700134277
17.86011576652527,3572,17.86,400,4,filtered_signal,0,0.8899960517883301,0.11000391095876694
17.890135288238525,3576,17.88,400,4,filtered_signal,0,0.8903937339782715,0.10960626602172852
17.90061378479004,3580,17.9,400,4,filtered_signal,0,0.8765244483947754,0.1234755590558052
17.924724817276,3584,17.92,400,4,filtered_signal,0,0.8882618546485901,0.11173815280199051
17.945769548416138,3588,17.94,400,4,filtered_signal,0,0.8795121908187866,0.1204877644777298
17.977312803268433,3592,17.96,400,4,filtered_signal,0,0.8851485848426819,0.11485137790441513
17.99236297607422,3596,17.98,400,4,filtered_signal,0,0.8904836773872375,0.10951631516218185
18.01046848297119,3600,18.0,400,4,filtered_signal,0,0.8840293288230896,0.11597073823213577
18.028400897979736,3604,18.02,400,4,filtered_signal,0,0.8796833157539368,0.12031666934490204
18.043824672698975,3608,18.04,400,4,filtered_signal,0,0.8891536593437195,0.11084640771150589
18.060184001922607,3612,18.06,400,4,filtered_signal,0,0.8867006301879883,0.1132994070649147
18.09438395500183,3616,18.08,400,4,filtered_signal,0,0.8908308744430542,0.1091691330075264
18.110076904296875,3620,18.1,400,4,filtered_signal,0,0.8698952794075012,0.1301046907901764
18.120215892791748,3624,18.12,400,4,filtered_signal,0,0.8881615996360779,0.11183840036392212
18.144652366638184,3628,18.14,400,4,filtered_signal,0,0.8893488645553589,0.1106511726975441
18.175417184829712,3632,18.16,400,4,filtered_signal,0,0.8879779577255249,0.11202205717563629
18.19040298461914,3636,18.18,400,4,filtered_signal,0,0.8885375261306763,0.11146252602338791
18.210124969482422,3640,18.2,400,4,filtered_signal,0,0.8901908993721008,0.10980907082557678
18.22671103477478,3644,18.22,400,4,filtered_signal,0,0.8903670907020569,0.10963290929794312
18.242203950881958,3648,18.24,400,4,filtered_signal,0,0.8823660612106323,0.11763402074575424
18.260573863983154,3652,18.26,400,4,filtered_signal,0,0.8854357004165649,0.11456426978111267
18.290491580963135,3656,18.28,400,4,filtered_signal,0,0.8899252414703369,0.11007469892501831
18.31712794303894,3660,18.3,400,4,filtered_signal,0,0.8880789279937744,0.111921027302742
18.32248544692993,3664,18.32,400,4,filtered_signal,0,0.8885073661804199,0.11149265617132187
18.340378284454346,3668,18.34,400,4,filtered_signal,0,0.8882793188095093,0.11172064393758774
18.375529050827026,3672,18.36,400,4,filtered_signal,0,0.8897976279258728,0.11020240932703018
18.39039659500122,3676,18.38,400,4,filtered_signal,0,0.8882197737693787,0.11178023368120193
18.410411834716797,3680,18.4,400,4,filtered_signal,0,0.8844802379608154,0.1155197024345398
18.427451133728027,3684,18.42,400,4,filtered_signal,0,0.8896774053573608,0.11032260954380035
18.442286729812622,3688,18.44,400,4,filtered_signal,0,0.8884089589118958,0.11159107089042664
18.470399379730225,3692,18.46,400,4,filtered_signal,0,0.8899669051170349,0.11003316193819046
18.494513034820557,3696,18.48,400,4,filtered_signal,0,0.8870446085929871,0.11295533925294876
18.50921869277954,3700,18.5,400,4,filtered_signal,0,0.8899590373039246,0.11004093289375305
18.520365476608276,3704,18.52,400,4,filtered_signal,0,0.8886975646018982,0.11130251735448837
18.54035449028015,3708,18.54,400,4,filtered_signal,0,0.841330885887146,0.1586691439151764
18.561150312423706,3712,18.56,400,4,filtered_signal,0,0.8859865069389343,0.11401346325874329
18.590065956115723,3716,18.58,400,4,filtered_signal,0,0.8845295906066895,0.11547037959098816
18.610498428344727,3720,18.6,400,4,filtered_signal,0,0.8877066969871521,0.11229328066110611
18.620100259780884,3724,18.62,400,4,filtered_signal,0,0.8803250789642334,0.11967488378286362
18.644328117370605,3728,18.64,400,4,filtered_signal,0,0.8720523118972778,0.12794765830039978
18.67178177833557,3732,18.66,400,4,filtered_signal,0,0.8864254355430603,0.11357462406158447
18.69041609764099,3736,18.68,400,4,filtered_signal,0,0.8873981237411499,0.1126018837094307
18.710400581359863,3740,18.7,400,4,filtered_signal,0,0.8774377107620239,0.12256234139204025
18.728411436080933,3744,18.72,400,4,filtered_signal,0,0.8830706477165222,0.11692932993173599
18.74233102798462,3748,18.74,400,4,filtered_signal,0,0.8904517889022827,0.10954825580120087
18.772141218185425,3752,18.76,400,4,filtered_signal,0,0.8893368244171143,0.11066322773694992
18.79441523551941,3756,18.78,400,4,filtered_signal,0,0.8874933123588562,0.11250672489404678
18.808780908584595,3760,18.8,400,4,filtered_signal,0,0.8643193244934082,0.135680690407753
18.82601523399353,3764,18.82,400,4,filtered_signal,0,0.8872124552726746,0.11278752982616425
18.84129047393799,3768,18.84,400,4,filtered_signal,0,0.8892830610275269,0.11071695387363434
18.86313796043396,3772,18.86,400,4,filtered_signal,0,0.8903107643127441,0.10968916118144989
18.894620895385742,3776,18.88,400,4,filtered_signal,0,0.890049397945404,0.10995061695575714
18.905284881591797,3780,18.9,400,4,filtered_signal,0,0.889835000038147,0.11016500741243362
18.920288562774658,3784,18.92,400,4,filtered_signal,0,0.888353168964386,0.11164683848619461
18.944137811660767,3788,18.94,400,4,filtered_signal,0,0.8742556571960449,0.12574435770511627
18.97769832611084,3792,18.96,400,4,filtered_signal,0,0.8892496228218079,0.11075040698051453
18.995267152786255,3796,18.98,400,4,filtered_signal,0,0.8893292546272278,0.11067070811986923
19.01043939590454,3800,19.0,400,4,filtered_signal,0,0.8772420883178711,0.12275797128677368
19.02813482284546,3804,19.02,400,4,filtered_signal,0,0.8895843625068665,0.11041561514139175
19.043484449386597,3808,19.04,400,4,filtered_signal,0,0.8874025344848633,0.1125974953174591
19.072895288467407,3812,19.06,400,4,filtered_signal,0,0.8883385062217712,0.11166150122880936
19.099311351776123,3816,19.08,400,4,filtered_signal,0,0.8894105553627014,0.11058945953845978
19.111278772354126,3820,19.1,400,4,filtered_signal,0,0.8778651356697083,0.12213484942913055
19.126063108444214,3824,19.12,400,4,filtered_signal,0,0.8889773488044739,0.11102262139320374
19.143779039382935,3828,19.14,400,4,filtered_signal,0,0.8856498599052429,0.11435015499591827
19.174890279769897,3832,19.16,400,4,filtered_signal,0,0.8889064788818359,0.11109349876642227
19.19195532798767,3836,19.18,400,4,filtered_signal,0,0.8912383317947388,0.10876166820526123
19.201051473617554,3840,19.2,400,4,filtered_signal,0,0.8805111646652222,0.11948879063129425
19.22715997695923,3844,19.22,400,4,filtered_signal,0,0.8822571039199829,0.11774294078350067
19.244539737701416,3848,19.24,400,4,filtered_signal,0,0.8875012993812561,0.1124986782670021
19.274096250534058,3852,19.26,400,4,filtered_signal,0,0.889415442943573,0.11058457940816879
19.29050040245056,3856,19.28,400,4,filtered_signal,0,0.8866397142410278,0.11336034536361694
19.30261468887329,3860,19.3,400,4,filtered_signal,0,0.874015748500824,0.12598426640033722
19.320356607437134,3864,19.32,400,4,filtered_signal,0,0.8854683041572571,0.1145317330956459
19.344592094421387,3868,19.34,400,4,filtered_signal,0,0.8879255056381226,0.11207451671361923
19.374248266220093,3872,19.36,400,4,filtered_signal,0,0.8888726830482483,0.11112728714942932
19.390281200408936,3876,19.38,400,4,filtered_signal,0,0.8824535012245178,0.11754647642374039
19.408443927764893,3880,19.4,400,4,filtered_signal,0,0.8791735172271729,0.12082650512456894
19.432189464569092,3884,19.42,400,4,filtered_signal,0,0.8888329267501831,0.11116709560155869
19.441713571548462,3888,19.44,400,4,filtered_signal,0,0.8887491226196289,0.11125092208385468
19.476322889328003,3892,19.46,400,4,filtered_signal,0,0.8911389112472534,0.10886111110448837
19.494306802749634,3896,19.48,400,4,filtered_signal,0,0.8910940885543823,0.10890599340200424
19.50955843925476,3900,19.5,400,4,filtered_signal,0,0.8803883790969849,0.11961163580417633
19.52658724784851,3904,19.52,400,4,filtered_signal,0,0.8846343755722046,0.11536566913127899
19.54020404815674,3908,19.54,400,4,filtered_signal,0,0.8901839256286621,0.10981611162424088
19.575859546661377,3912,19.56,400,4,filtered_signal,0,0.8911155462265015,0.10888442397117615
19.5922110080719,3916,19.58,400,4,filtered_signal,0,0.8888035416603088,0.11119639873504639
19.611775636672974,3920,19.6,400,4,filtered_signal,0,0.8831350803375244,0.11686486005783081
19.621585845947266,3924,19.62,400,4,filtered_signal,0,0.8901721239089966,0.10982787609100342
19.65025043487549,3928,19.64,400,4,filtered_signal,0,0.8890695571899414,0.1109304279088974
19.67300248146057,3932,19.66,400,4,filtered_signal,0,0.887332558631897,0.11266738921403885
19.691584825515747,3936,19.68,400,4,filtered_signal,0,0.8887004256248474,0.111299529671669
19.70260000228882,3940,19.7,400,4,filtered_signal,0,0.8796297311782837,0.12037026137113571
19.732412338256836,3944,19.72,400,4,filtered_signal,0,0.8879790902137756,0.11202091723680496
19.744898319244385,3948,19.74,400,4,filtered_signal,0,0.8893239498138428,0.11067607253789902
19.776605129241943,3952,19.76,400,4,filtered_signal,0,0.8896383047103882,0.11036166548728943
19.794557571411133,3956,19.78,400,4,filtered_signal,0,0.8866083025932312,0.11339173465967178
19.808159828186035,3960,19.8,400,4,filtered_signal,0,0.8874512314796448,0.11254873126745224
19.833433628082275,3964,19.82,400,4,filtered_signal,0,0.8825116753578186,0.1174883022904396
19.854122400283813,3968,19.84,400,4,filtered_signal,0,0.8888319730758667,0.1111680269241333
19.877824783325195,3972,19.86,400,4,filtered_signal,0,0.8896515369415283,0.11034847050905228
19.895198822021484,3976,19.88,400,4,filtered_signal,0,0.879508912563324,0.1204911544919014
19.910537004470825,3980,19.9,400,4,filtered_signal,0,0.8548678755760193,0.1451321691274643
19.932586431503296,3984,19.92,400,4,filtered_signal,0,0.8876394033432007,0.11236053705215454
19.94432759284973,3988,19.94,400,4,filtered_signal,0,0.8674058318138123,0.13259419798851013
19.978527069091797,3992,19.96,400,4,filtered_signal,0,0.8716809749603271,0.12831906974315643
19.990168809890747,3996,19.98,400,4,filtered_signal,0,0.8556270003318787,0.14437304437160492
20.01017689704895,4000,20.0,400,4,filtered_signal,0,0.8864918351173401,0.11350817233324051
20.028286695480347,4004,20.02,400,4,filtered_signal,0,0.8566513657569885,0.14334866404533386
20.0426025390625,4008,20.04,400,4,filtered_signal,0,0.8547449707984924,0.14525505900382996
20.070281744003296,4012,20.06,400,4,filtered_signal,0,0.8411042094230652,0.1588958352804184
20.090110301971436,4016,20.08,400,4,filtered_signal,0,0.8860626816749573,0.11393727362155914
20.110350131988525,4020,20.1,400,4,filtered_signal,0,0.8816789388656616,0.11832106858491898
20.12771487236023,4024,20.12,400,4,filtered_signal,0,0.8849940299987793,0.1150059774518013
20.14251160621643,4028,20.14,400,4,filtered_signal,1,0.48482441902160645,0.5151755809783936
20.171674013137817,4032,20.16,400,4,filtered_signal,0,0.871722936630249,0.12827707827091217
20.190266132354736,4036,20.18,400,4,filtered_signal,0,0.8670363426208496,0.13296368718147278
20.210273265838623,4040,20.2,400,4,filtered_signal,0,0.8483255505561829,0.15167437493801117
20.22759747505188,4044,20.22,400,4,filtered_signal,0,0.8294751048088074,0.17052489519119263
20.242616891860962,4048,20.24,400,4,filtered_signal,1,0.15122230350971222,0.8487776517868042
20.260488748550415,4052,20.26,400,4,filtered_signal,0,0.867209792137146,0.1327902376651764
20.294522762298584,4056,20.28,400,4,filtered_signal,1,0.04339957609772682,0.9566004276275635
20.310292959213257,4060,20.3,400,4,filtered_signal,1,0.07736463099718094,0.9226353764533997
20.32031774520874,4064,20.32,400,4,filtered_signal,1,0.029696203768253326,0.9703037738800049
20.34524440765381,4068,20.34,400,4,filtered_signal,1,0.032193560153245926,0.9678063988685608
20.370287656784058,4072,20.36,400,4,filtered_signal,1,0.06002342700958252,0.9399766325950623
20.39056706428528,4076,20.38,400,4,filtered_signal,1,0.03788698464632034,0.962113082408905
20.410557508468628,4080,20.4,400,4,filtered_signal,1,0.06560229510068893,0.9343977570533752
20.427345275878906,4084,20.42,400,4,filtered_signal,1,0.026218071579933167,0.9737818837165833
20.44133186340332,4088,20.44,400,4,filtered_signal,1,0.08741080015897751,0.9125892519950867
20.46114158630371,4092,20.46,400,4,filtered_signal,1,0.042024850845336914,0.9579751491546631
20.494032382965088,4096,20.48,400,4,filtered_signal,1,0.0685218870639801,0.9314781427383423
20.510345220565796,4100,20.5,400,4,filtered_signal,1,0.03623997047543526,0.9637600779533386
20.520262479782104,4104,20.52,400,4,filtered_signal,1,0.04945964738726616,0.9505403637886047
20.54419255256653,4108,20.54,400,4,filtered_signal,1,0.05171281844377518,0.9482871890068054
20.575534343719482,4112,20.56,400,4,filtered_signal,1,0.051523949950933456,0.9484760761260986
20.594178438186646,4116,20.58,400,4,filtered_signal,1,0.15539821982383728,0.8446017503738403
20.61019730567932,4120,20.6,400,4,filtered_signal,1,0.03017815575003624,0.9698218703269958
20.627158164978027,4124,20.62,400,4,filtered_signal,1,0.10909949988126755,0.8909005522727966
20.640140056610107,4128,20.64,400,4,filtered_signal,1,0.04984372481703758,0.9501563310623169
20.67061758041382,4132,20.66,400,4,filtered_signal,1,0.08979456126689911,0.9102054238319397
20.690245866775513,4136,20.68,400,4,filtered_signal,1,0.1918395608663559,0.8081604838371277
20.715291500091553,4140,20.7,400,4,filtered_signal,1,0.0347214937210083,0.9652785062789917
20.725097179412842,4144,20.72,400,4,filtered_signal,1,0.09300990402698517,0.906990110874176
20.740462064743042,4148,20.74,400,4,filtered_signal,1,0.05492895096540451,0.9450711011886597
20.77750825881958,4152,20.76,400,4,filtered_signal,1,0.08992056548595428,0.9100794196128845
20.793891429901123,4156,20.78,400,4,filtered_signal,1,0.11293448507785797,0.8870655298233032
20.81039786338806,4160,20.8,400,4,filtered_signal,1,0.06422542035579681,0.935774564743042
20.827800512313843,4164,20.82,400,4,filtered_signal,1,0.17606103420257568,0.8239389657974243
20.842385053634644,4168,20.84,400,4,filtered_signal,1,0.05274095758795738,0.9472590684890747
20.876209497451782,4172,20.86,400,4,filtered_signal,1,0.06302087754011154,0.9369791150093079
20.89423370361328,4176,20.88,400,4,filtered_signal,1,0.050706375390291214,0.9492936730384827
20.90901517868042,4180,20.9,400,4,filtered_signal,1,0.03405749797821045,0.9659425020217896
20.924423933029175,4184,20.92,400,4,filtered_signal,1,0.06422608345746994,0.9357739686965942
20.94262194633484,4188,20.94,400,4,filtered_signal,1,0.04064224287867546,0.959357738494873
20.97490096092224,4192,20.96,400,4,filtered_signal,1,0.04680749773979187,0.9531925320625305
20.994280576705933,4196,20.98,400,4,filtered_signal,1,0.03129152953624725,0.9687085151672363
21.00921630859375,4200,21.0,400,4,filtered_signal,1,0.09968103468418121,0.90031898021698
21.024486541748047,4204,21.02,400,4,filtered_signal,1,0.04175084829330444,0.9582491517066956
21.04435968399048,4208,21.04,400,4,filtered_signal,1,0.062353670597076416,0.9376463294029236
21.06699013710022,4212,21.06,400,4,filtered_signal,1,0.03200019150972366,0.9679998159408569
21.09538745880127,4216,21.08,400,4,filtered_signal,1,0.0531250461935997,0.9468749761581421
21.11227321624756,4220,21.1,400,4,filtered_signal,1,0.048025671392679214,0.9519742727279663
21.129597663879395,4224,21.12,400,4,filtered_signal,1,0.0500592403113842,0.9499408006668091
21.14430069923401,4228,21.14,400,4,filtered_signal,1,0.03862936422228813,0.9613706469535828
21.17321276664734,4232,21.16,400,4,filtered_signal,1,0.05652974173426628,0.9434702396392822
21.194196224212646,4236,21.18,400,4,filtered_signal,1,0.09690403193235397,0.9030959606170654
21.210519313812256,4240,21.2,400,4,filtered_signal,1,0.05256599560379982,0.9474340081214905
21.226989030838013,4244,21.22,400,4,filtered_signal,1,0.10163842141628265,0.8983616232872009
21.252434015274048,4248,21.24,400,4,filtered_signal,1,0.04849160835146904,0.9515083432197571
21.276558876037598,4252,21.26,400,4,filtered_signal,1,0.04514557868242264,0.954854428768158
21.295156955718994,4256,21.28,400,4,filtered_signal,1,0.03880710154771805,0.9611928462982178
21.310375928878784,4260,21.3,400,4,filtered_signal,1,0.09437689930200577,0.9056230783462524
21.32739806175232,4264,21.32,400,4,filtered_signal,1,0.02789374627172947,0.9721062183380127
21.342329740524292,4268,21.34,400,4,filtered_signal,1,0.05614367872476578,0.9438562989234924
21.372430324554443,4272,21.36,400,4,filtered_signal,1,0.05215758830308914,0.9478424191474915
21.398211002349854,4276,21.38,400,4,filtered_signal,1,0.03911800682544708,0.9608819484710693
21.410172700881958,4280,21.4,400,4,filtered_signal,1,0.031088054180145264,0.9689119458198547
21.42057776451111,4284,21.42,400,4,filtered_signal,1,0.025207141414284706,0.9747928380966187
21.4441921710968,4288,21.44,400,4,filtered_signal,1,0.07389020174741745,0.926109790802002
21.475396156311035,4292,21.46,400,4,filtered_signal,1,0.034764502197504044,0.9652355313301086
21.491650581359863,4296,21.48,400,4,filtered_signal,1,0.06591565161943436,0.9340843558311462
21.510276794433594,4300,21.5,400,4,filtered_signal,1,0.023623675107955933,0.9763762950897217
21.520199298858643,4304,21.52,400,4,filtered_signal,1,0.0399290956556797,0.9600709080696106
21.544697761535645,4308,21.54,400,4,filtered_signal,1,0.036032430827617645,0.9639676213264465
21.570608377456665,4312,21.56,400,4,filtered_signal,1,0.049348823726177216,0.950651228427887
21.59260606765747,4316,21.58,400,4,filtered_signal,1,0.02612968534231186,0.9738702774047852
21.601985692977905,4320,21.6,400,4,filtered_signal,1,0.02496277168393135,0.9750372171401978
21.621999502182007,4324,21.62,400,4,filtered_signal,1,0.044544193893671036,0.9554558396339417
21.64412498474121,4328,21.64,400,4,filtered_signal,1,0.03628721460700035,0.963712751865387
21.67024827003479,4332,21.66,400,4,filtered_signal,1,0.027258681133389473,0.9727413058280945
21.69040560722351,4336,21.68,400,4,filtered_signal,1,0.023129049688577652,0.9768709540367126
21.71061420440674,4340,21.7,400,4,filtered_signal,1,0.06381591409444809,0.9361840486526489
21.73262596130371,4344,21.72,400,4,filtered_signal,1,0.03570755943655968,0.9642925262451172
21.74453067779541,4348,21.74,400,4,filtered_signal,1,0.0589480958878994,0.9410519003868103
21.77765727043152,4352,21.76,400,4,filtered_signal,1,0.026593249291181564,0.9734067320823669
21.79063630104065,4356,21.78,400,4,filtered_signal,1,0.028198203071951866,0.9718018174171448
21.810465812683105,4360,21.8,400,4,filtered_signal,1,0.04604349285364151,0.9539564847946167
21.82224941253662,4364,21.82,400,4,filtered_signal,1,0.037372540682554245,0.9626274704933167
21.860315799713135,4368,21.84,400,4,filtered_signal,1,0.04387339949607849,0.9561265707015991
21.875972270965576,4372,21.86,400,4,filtered_signal,1,0.024399355053901672,0.9756006002426147
21.89293885231018,4376,21.88,400,4,filtered_signal,1,0.06730140745639801,0.9326986074447632
21.910236358642578,4380,21.9,400,4,filtered_signal,1,0.03665744140744209,0.9633426070213318
21.925405740737915,4384,21.92,400,4,filtered_signal,1,0.060269955545663834,0.9397299885749817
21.94259548187256,4388,21.94,400,4,filtered_signal,1,0.02800297550857067,0.9719969630241394
21.977530479431152,4392,21.96,400,4,filtered_signal,1,0.026578720659017563,0.9734212756156921
21.992514610290527,4396,21.98,400,4,filtered_signal,1,0.03750893846154213,0.9624910354614258
22.010288953781128,4400,22.0,400,4,filtered_signal,1,0.04226958006620407,0.9577303528785706
22.03264880180359,4404,22.02,400,4,filtered_signal,1,0.024787232279777527,0.975212812423706
22.040443897247314,4408,22.04,400,4,filtered_signal,1,0.025493202731013298,0.9745067954063416
22.07725429534912,4412,22.06,400,4,filtered_signal,1,0.04360488802194595,0.9563950300216675
22.090590238571167,4416,22.08,400,4,filtered_signal,1,0.03610476478934288,0.9638952612876892
22.10578417778015,4420,22.1,400,4,filtered_signal,1,0.044210195541381836,0.9557898640632629
22.127652645111084,4424,22.12,400,4,filtered_signal,1,0.02350470796227455,0.9764952659606934
22.14274263381958,4428,22.14,400,4,filtered_signal,1,0.06219353526830673,0.9378064870834351
22.170644998550415,4432,22.16,400,4,filtered_signal,1,0.037030238658189774,0.9629697799682617
22.194958925247192,4436,22.18,400,4,filtered_signal,1,0.041261423379182816,0.9587386250495911
22.208714246749878,4440,22.2,400,4,filtered_signal,1,0.02506505511701107,0.9749348759651184
22.220465421676636,4444,22.22,400,4,filtered_signal,1,0.026727482676506042,0.9732725620269775
22.24046492576599,4448,22.24,400,4,filtered_signal,1,0.042742349207401276,0.9572576880455017
22.262882947921753,4452,22.26,400,4,filtered_signal,1,0.04170983284711838,0.9582902193069458
22.29536461830139,4456,22.28,400,4,filtered_signal,1,0.09425254911184311,0.9057474136352539
22.300366163253784,4460,22.3,400,4,filtered_signal,1,0.02862785942852497,0.9713721871376038
22.322546243667603,4464,22.32,400,4,filtered_signal,1,0.12031389772891998,0.8796860575675964
22.34768295288086,4468,22.34,400,4,filtered_signal,1,0.042478788644075394,0.9575212597846985
22.36080551147461,4472,22.36,400,4,filtered_signal,1,0.06092589348554611,0.9390740990638733
22.393932580947876,4476,22.38,400,4,filtered_signal,1,0.03645051643252373,0.9635494947433472
22.41120171546936,4480,22.4,400,4,filtered_signal,1,0.033446282148361206,0.9665537476539612
22.42536735534668,4484,22.42,400,4,filtered_signal,1,0.050141341984272,0.9498586058616638
22.442252159118652,4488,22.44,400,4,filtered_signal,1,0.047557733952999115,0.9524422883987427
22.47746992111206,4492,22.46,400,4,filtered_signal,1,0.1284918487071991,0.8715081810951233
22.49049687385559,4496,22.48,400,4,filtered_signal,1,0.048287853598594666,0.9517121911048889
22.500755071640015,4500,22.5,400,4,filtered_signal,1,0.11384829878807068,0.8861517310142517
22.528005599975586,4504,22.52,400,4,filtered_signal,1,0.05479838326573372,0.9452016353607178
22.542644262313843,4508,22.54,400,4,filtered_signal,1,0.052207235246896744,0.9477928280830383
22.570465803146362,4512,22.56,400,4,filtered_signal,1,0.03856971114873886,0.9614302515983582
22.59445595741272,4516,22.58,400,4,filtered_signal,1,0.05931853502988815,0.9406814575195312
22.608811616897583,4520,22.6,400,4,filtered_signal,1,0.1578260213136673,0.8421739935874939
22.624637603759766,4524,22.62,400,4,filtered_signal,1,0.03777914494276047,0.9622209072113037
22.64526629447937,4528,22.64,400,4,filtered_signal,1,0.079135961830616,0.9208640456199646
22.661407709121704,4532,22.66,400,4,filtered_signal,1,0.024480998516082764,0.9755190014839172
22.69031524658203,4536,22.68,400,4,filtered_signal,1,0.06998447328805923,0.930015504360199
22.710325002670288,4540,22.7,400,4,filtered_signal,1,0.045200835913419724,0.9547991752624512
22.722806930541992,4544,22.72,400,4,filtered_signal,1,0.03833455964922905,0.9616655111312866
22.749304056167603,4548,22.74,400,4,filtered_signal,1,0.03496161103248596,0.9650384187698364
22.77538251876831,4552,22.76,400,4,filtered_signal,1,0.023790761828422546,0.9762092232704163
22.79399013519287,4556,22.78,400,4,filtered_signal,1,0.04412920027971268,0.9558707475662231
22.808889865875244,4560,22.8,400,4,filtered_signal,1,0.04249996319413185,0.9575000405311584
22.824293613433838,4564,22.82,400,4,filtered_signal,1,0.10557586699724197,0.8944241404533386
22.840561151504517,4568,22.84,400,4,filtered_signal,1,0.04680011793971062,0.9531998634338379
22.865434646606445,4572,22.86,400,4,filtered_signal,1,0.04720241203904152,0.9527975916862488
22.892348289489746,4576,22.88,400,4,filtered_signal,1,0.04180337116122246,0.9581966400146484
22.91132092475891,4580,22.9,400,4,filtered_signal,1,0.06437129527330399,0.9356286525726318
22.925230503082275,4584,22.92,400,4,filtered_signal,1,0.02750871703028679,0.9724913239479065
22.942701816558838,4588,22.94,400,4,filtered_signal,1,0.05785886198282242,0.9421411156654358
22.9613299369812,4592,22.96,400,4,filtered_signal,1,0.09158483892679214,0.9084151387214661
22.99499225616455,4596,22.98,400,4,filtered_signal,1,0.03739515691995621,0.962604820728302
23.009917974472046,4600,23.0,400,4,filtered_signal,1,0.04307015240192413,0.9569298624992371
23.02041983604431,4604,23.02,400,4,filtered_signal,1,0.0280566718429327,0.9719433784484863
23.046116590499878,4608,23.04,400,4,filtered_signal,1,0.05175613984465599,0.9482438564300537
23.078250885009766,4612,23.06,400,4,filtered_signal,1,0.03736815229058266,0.96263188123703
23.09024977684021,4616,23.08,400,4,filtered_signal,1,0.05202963203191757,0.9479703903198242
23.102065563201904,4620,23.1,400,4,filtered_signal,1,0.024956760928034782,0.9750432372093201
23.128435373306274,4624,23.12,400,4,filtered_signal,1,0.02904311940073967,0.9709568619728088
23.142302989959717,4628,23.14,400,4,filtered_signal,1,0.08080528676509857,0.919194757938385
23.161665201187134,4632,23.16,400,4,filtered_signal,1,0.03531591221690178,0.9646840691566467
23.19503927230835,4636,23.18,400,4,filtered_signal,1,0.05662643536925316,0.9433735609054565
23.210508584976196,4640,23.2,400,4,filtered_signal,1,0.025141533464193344,0.9748584032058716
23.229297399520874,4644,23.22,400,4,filtered_signal,1,0.056803759187459946,0.9431962370872498
23.244505405426025,4648,23.24,400,4,filtered_signal,1,0.04199992120265961,0.9580000638961792
23.2727472782135,4652,23.26,400,4,filtered_signal,1,0.041173022240400314,0.9588268995285034
23.29058861732483,4656,23.28,400,4,filtered_signal,1,0.026672443374991417,0.9733275771141052
23.31036353111267,4660,23.3,400,4,filtered_signal,1,0.025681789964437485,0.9743182063102722
23.327523469924927,4664,23.32,400,4,filtered_signal,1,0.055020108819007874,0.9449798464775085
23.342586755752563,4668,23.34,400,4,filtered_signal,1,0.03511996194720268,0.9648799896240234
23.367641925811768,4672,23.36,400,4,filtered_signal,1,0.03683887794613838,0.9631611704826355
23.39548969268799,4676,23.38,400,4,filtered_signal,1,0.02317642606794834,0.9768235683441162
23.412025213241577,4680,23.4,400,4,filtered_signal,1,0.0694989338517189,0.9305011034011841
23.425407648086548,4684,23.42,400,4,filtered_signal,1,0.04126153513789177,0.9587385058403015
23.44041657447815,4688,23.44,400,4,filtered_signal,1,0.03855196386575699,0.9614480137825012
23.482407569885254,4692,23.46,400,4,filtered_signal,1,0.027315568178892136,0.9726845026016235
23.482407569885254,4696,23.48,400,4,filtered_signal,1,0.02606278657913208,0.9739372134208679
23.5104820728302,4700,23.5,400,4,filtered_signal,1,0.05515483394265175,0.9448451399803162
23.52835488319397,4704,23.52,400,4,filtered_signal,1,0.03528793156147003,0.9647120237350464
23.543240785598755,4708,23.54,400,4,filtered_signal,1,0.04315624386072159,0.9568437337875366
23.570589303970337,4712,23.56,400,4,filtered_signal,1,0.023542413488030434,0.9764575362205505
23.590580224990845,4716,23.58,400,4,filtered_signal,1,0.06312436610460281,0.936875581741333
23.60235595703125,4720,23.6,400,4,filtered_signal,1,0.037257369607686996,0.9627426862716675
23.620246648788452,4724,23.62,400,4,filtered_signal,1,0.04065722972154617,0.9593427181243896
23.645307540893555,4728,23.64,400,4,filtered_signal,1,0.024936167523264885,0.9750638604164124
23.67030382156372,4732,23.66,400,4,filtered_signal,1,0.026154734194278717,0.9738453030586243
23.690651416778564,4736,23.68,400,4,filtered_signal,1,0.06281641125679016,0.9371836185455322
23.71052050590515,4740,23.7,400,4,filtered_signal,1,0.0378551185131073,0.9621448516845703
23.727490425109863,4744,23.72,400,4,filtered_signal,1,0.04496050626039505,0.9550395607948303
23.74241590499878,4748,23.74,400,4,filtered_signal,1,0.024477701634168625,0.9755222797393799
23.775463104248047,4752,23.76,400,4,filtered_signal,1,0.033883996307849884,0.9661159515380859
23.799092292785645,4756,23.78,400,4,filtered_signal,1,0.05300852656364441,0.946991503238678
23.81022548675537,4760,23.8,400,4,filtered_signal,1,0.03718525543808937,0.9628147482872009
23.825716495513916,4764,23.82,400,4,filtered_signal,1,0.0319814495742321,0.9680185914039612
23.845267057418823,4768,23.84,400,4,filtered_signal,1,0.02762434631586075,0.9723756313323975
23.87717914581299,4772,23.86,400,4,filtered_signal,1,0.09654012322425842,0.903459906578064
23.885557174682617,4776,23.88,400,4,filtered_signal,1,0.03919678553938866,0.9608032703399658
23.91024923324585,4780,23.9,400,4,filtered_signal,1,0.052138593047857285,0.9478614330291748
23.92340612411499,4784,23.92,400,4,filtered_signal,1,0.03624039515852928,0.9637596011161804
23.943536043167114,4788,23.94,400,4,filtered_signal,1,0.026997337117791176,0.9730026125907898
23.97266387939453,4792,23.96,400,4,filtered_signal,1,0.07516968995332718,0.9248303174972534
23.9845929145813,4796,23.98,400,4,filtered_signal,1,0.03711399435997009,0.9628860354423523
24.01806950569153,4800,24.0,400,4,filtered_signal,1,0.08037170022726059,0.9196282625198364
24.02518630027771,4804,24.02,400,4,filtered_signal,1,0.03050968423485756,0.9694902896881104
24.041512727737427,4808,24.04,400,4,filtered_signal,1,0.039788905531167984,0.9602111577987671
24.061952590942383,4812,24.06,400,4,filtered_signal,1,0.048865072429180145,0.951134979724884
24.09115219116211,4816,24.08,400,4,filtered_signal,1,0.041391391307115555,0.9586086869239807
24.111395835876465,4820,24.1,400,4,filtered_signal,1,0.03771430626511574,0.9622856974601746
24.12778878211975,4824,24.12,400,4,filtered_signal,1,0.024247178807854652,0.9757528901100159
24.144904375076294,4828,24.14,400,4,filtered_signal,1,0.054493729025125504,0.9455062747001648
24.17535376548767,4832,24.16,400,4,filtered_signal,1,0.037451039999723434,0.9625489115715027
24.191540002822876,4836,24.18,400,4,filtered_signal,1,0.05609473958611488,0.9439052939414978
24.222581148147583,4840,24.2,400,4,filtered_signal,1,0.026098478585481644,0.9739015102386475
24.226961374282837,4844,24.22,400,4,filtered_signal,1,0.026796748861670494,0.9732032418251038
24.244641065597534,4848,24.24,400,4,filtered_signal,1,0.06069475784897804,0.9393051862716675
24.270493030548096,4852,24.26,400,4,filtered_signal,1,0.037192076444625854,0.9628078937530518
24.2932448387146,4856,24.28,400,4,filtered_signal,1,0.10501441359519958,0.8949856162071228
24.310405015945435,4860,24.3,400,4,filtered_signal,1,0.027856402099132538,0.9721436500549316
24.332746982574463,4864,24.32,400,4,filtered_signal,1,0.030122341588139534,0.9698777198791504
24.340684413909912,4868,24.34,400,4,filtered_signal,1,0.041008926928043365,0.9589911103248596
24.37851595878601,4872,24.36,400,4,filtered_signal,1,0.03866894170641899,0.9613310098648071
24.390629529953003,4876,24.38,400,4,filtered_signal,1,0.038649145513772964,0.9613508582115173
24.410444736480713,4880,24.4,400,4,filtered_signal,1,0.02479533664882183,0.9752046465873718
24.428991556167603,4884,24.42,400,4,filtered_signal,1,0.0715746209025383,0.9284253716468811
24.444393396377563,4888,24.44,400,4,filtered_signal,1,0.03748568892478943,0.962514340877533
24.470454692840576,4892,24.46,400,4,filtered_signal,1,0.07060160487890244,0.9293984174728394
24.49448847770691,4896,24.48,400,4,filtered_signal,1,0.03166062384843826,0.9683393836021423
24.50876259803772,4900,24.5,400,4,filtered_signal,1,0.03385075926780701,0.9661492109298706
24.520463705062866,4904,24.52,400,4,filtered_signal,1,0.08452414721250534,0.9154759049415588
24.54242968559265,4908,24.54,400,4,filtered_signal,1,0.03830280527472496,0.9616972208023071
24.570468425750732,4912,24.56,400,4,filtered_signal,1,0.09102609753608704,0.9089738726615906
24.592577695846558,4916,24.58,400,4,filtered_signal,1,0.026322899386286736,0.9736770987510681
24.607377529144287,4920,24.6,400,4,filtered_signal,1,0.03336850181221962,0.9666315317153931
24.622768878936768,4924,24.62,400,4,filtered_signal,1,0.07096708565950394,0.9290329217910767
24.64029550552368,4928,24.64,400,4,filtered_signal,1,0.03665589913725853,0.963344156742096
24.677855253219604,4932,24.66,400,4,filtered_signal,1,0.049084898084402084,0.9509150981903076
24.692575931549072,4936,24.68,400,4,filtered_signal,1,0.025359176099300385,0.9746408462524414
24.710275650024414,4940,24.7,400,4,filtered_signal,1,0.08275123685598373,0.9172487854957581
24.72765350341797,4944,24.72,400,4,filtered_signal,1,0.040714919567108154,0.9592850208282471
24.741498470306396,4948,24.74,400,4,filtered_signal,1,0.04572383686900139,0.9542762041091919
24.77816104888916,4952,24.76,400,4,filtered_signal,1,0.024674786254763603,0.9753251671791077
24.792536735534668,4956,24.78,400,4,filtered_signal,1,0.03898454084992409,0.9610154628753662
24.810709476470947,4960,24.8,400,4,filtered_signal,1,0.04594488814473152,0.95405513048172
24.828516721725464,4964,24.82,400,4,filtered_signal,1,0.04446246102452278,0.9555375576019287
24.843775510787964,4968,24.84,400,4,filtered_signal,1,0.12636280059814453,0.8736372590065002
24.872276067733765,4972,24.86,400,4,filtered_signal,1,0.033683594316244125,0.9663164019584656
24.894150972366333,4976,24.88,400,4,filtered_signal,1,0.04221484810113907,0.9577851295471191
24.9088876247406,4980,24.9,400,4,filtered_signal,1,0.044100869446992874,0.9558990597724915
24.920891761779785,4984,24.92,400,4,filtered_signal,1,0.0440882109105587,0.9559118151664734
24.94045853614807,4988,24.94,400,4,filtered_signal,1,0.04630392789840698,0.9536961317062378
24.975654363632202,4992,24.96,400,4,filtered_signal,1,0.025715826079249382,0.9742841720581055
24.99468469619751,4996,24.98,400,4,filtered_signal,1,0.051440656185150146,0.9485592842102051
25.000643014907837,5000,25.0,400,4,filtered_signal,1,0.038370244204998016,0.9616297483444214
25.020256519317627,5004,25.02,400,4,filtered_signal,1,0.046750329434871674,0.9532496929168701
25.040565729141235,5008,25.04,400,4,filtered_signal,1,0.025143668055534363,0.9748563766479492
25.076083421707153,5012,25.06,400,4,filtered_signal,1,0.07701223343610764,0.922987699508667
25.09453773498535,5016,25.08,400,4,filtered_signal,1,0.04008682444691658,0.9599131345748901
25.108984231948853,5020,25.1,400,4,filtered_signal,1,0.04248815402388573,0.957511842250824
25.12048029899597,5024,25.12,400,4,filtered_signal,1,0.04574129730463028,0.9542587399482727
25.142518281936646,5028,25.14,400,4,filtered_signal,1,0.02552804723381996,0.974471926689148
25.16043186187744,5032,25.16,400,4,filtered_signal,1,0.069925956428051,0.9300739765167236
25.190608739852905,5036,25.18,400,4,filtered_signal,1,0.03782637417316437,0.9621736407279968
25.205949544906616,5040,25.2,400,4,filtered_signal,1,0.10894671082496643,0.8910532593727112
25.2203471660614,5044,25.22,400,4,filtered_signal,1,0.02815169282257557,0.9718483090400696
25.244174242019653,5048,25.24,400,4,filtered_signal,1,0.04848103225231171,0.9515189528465271
25.275460720062256,5052,25.26,400,4,filtered_signal,1,0.04533158987760544,0.954668402671814
25.292484998703003,5056,25.28,400,4,filtered_signal,1,0.0386480875313282,0.9613519310951233
25.3106586933136,5060,25.3,400,4,filtered_signal,1,0.03751177713274956,0.9624881744384766
25.327537059783936,5064,25.32,400,4,filtered_signal,1,0.02376166172325611,0.9762383103370667
25.34208035469055,5068,25.34,400,4,filtered_signal,1,0.06488626450300217,0.9351137280464172
25.370505332946777,5072,25.36,400,4,filtered_signal,1,0.03720385208725929,0.962796151638031
25.390531301498413,5076,25.38,400,4,filtered_signal,1,0.043515775352716446,0.9564842581748962
25.410479068756104,5080,25.4,400,4,filtered_signal,1,0.02702135220170021,0.9729785919189453
25.428487062454224,5084,25.42,400,4,filtered_signal,1,0.02426614798605442,0.9757338166236877
25.442594051361084,5088,25.44,400,4,filtered_signal,1,0.05540543422102928,0.9445945620536804
25.470890045166016,5092,25.46,400,4,filtered_signal,1,0.035460762679576874,0.9645391702651978
25.490591526031494,5096,25.48,400,4,filtered_signal,1,0.08106353878974915,0.9189364910125732
25.51039433479309,5100,25.5,400,4,filtered_signal,1,0.023758957162499428,0.9762410521507263
25.527843713760376,5104,25.52,400,4,filtered_signal,1,0.03840949758887291,0.9615905284881592
25.542776107788086,5108,25.54,400,4,filtered_signal,1,0.03936992213129997,0.9606300592422485
25.576688289642334,5112,25.56,400,4,filtered_signal,1,0.0378972589969635,0.9621027112007141
25.59250235557556,5116,25.58,400,4,filtered_signal,1,0.05494019016623497,0.9450598359107971
25.61070704460144,5120,25.6,400,4,filtered_signal,1,0.024288354441523552,0.9757117033004761
25.627591609954834,5124,25.62,400,4,filtered_signal,1,0.05705723166465759,0.94294273853302
25.642385005950928,5128,25.64,400,4,filtered_signal,1,0.040313273668289185,0.9596866965293884
25.67074680328369,5132,25.66,400,4,filtered_signal,1,0.04070756211876869,0.959292471408844
25.690650701522827,5136,25.68,400,4,filtered_signal,1,0.026009749621152878,0.973990261554718
25.710556030273438,5140,25.7,400,4,filtered_signal,1,0.04049670323729515,0.9595032930374146
25.727441549301147,5144,25.72,400,4,filtered_signal,1,0.08692827820777893,0.9130716919898987
25.742565870285034,5148,25.74,400,4,filtered_signal,1,0.04043152555823326,0.959568440914154
25.770655155181885,5152,25.76,400,4,filtered_signal,1,0.11438824981451035,0.8856117129325867
25.794426918029785,5156,25.78,400,4,filtered_signal,1,0.028591791167855263,0.9714081883430481
25.809108018875122,5160,25.8,400,4,filtered_signal,1,0.10135628283023834,0.8986436724662781
25.82229471206665,5164,25.82,400,4,filtered_signal,1,0.14558705687522888,0.8544129729270935
25.842761516571045,5168,25.84,400,4,filtered_signal,1,0.03809410706162453,0.9619058966636658
25.87052273750305,5172,25.86,400,4,filtered_signal,1,0.04277503862977028,0.9572249054908752
25.89432430267334,5176,25.88,400,4,filtered_signal,1,0.02450055256485939,0.9754995107650757
25.908945083618164,5180,25.9,400,4,filtered_signal,1,0.04871208965778351,0.9512879252433777
25.92054510116577,5184,25.92,400,4,filtered_signal,1,0.04115475341677666,0.9588451981544495
25.94066333770752,5188,25.94,400,4,filtered_signal,1,0.06550219655036926,0.9344977736473083
25.975134134292603,5192,25.96,400,4,filtered_signal,1,0.028574500232934952,0.9714255332946777
25.998464107513428,5196,25.98,400,4,filtered_signal,1,0.029371900483965874,0.9706281423568726
26.010399341583252,5200,26.0,400,4,filtered_signal,1,0.05019106715917587,0.9498089551925659
26.025484800338745,5204,26.02,400,4,filtered_signal,1,0.04375258833169937,0.9562474489212036
26.04468560218811,5208,26.04,400,4,filtered_signal,1,0.10788925737142563,0.8921107053756714
26.075522422790527,5212,26.06,400,4,filtered_signal,1,0.034235015511512756,0.9657649993896484
26.094672203063965,5216,26.08,400,4,filtered_signal,1,0.08843859285116196,0.9115613698959351
26.11029291152954,5220,26.1,400,4,filtered_signal,1,0.05141397938132286,0.9485860466957092
26.12846040725708,5224,26.12,400,4,filtered_signal,1,0.05168120935559273,0.9483187794685364
26.14272975921631,5228,26.14,400,4,filtered_signal,1,0.02848212607204914,0.9715178608894348
26.176005601882935,5232,26.16,400,4,filtered_signal,1,0.07785477489233017,0.9221452474594116
26.194550037384033,5236,26.18,400,4,filtered_signal,1,0.13870111107826233,0.8612989187240601
26.20915150642395,5240,26.2,400,4,filtered_signal,1,0.062244269996881485,0.9377557635307312
26.220508575439453,5244,26.22,400,4,filtered_signal,1,0.07258462905883789,0.9274153113365173
26.240571975708008,5248,26.24,400,4,filtered_signal,1,0.06961524486541748,0.9303848147392273
26.274712085723877,5252,26.26,400,4,filtered_signal,1,0.03886270523071289,0.9611372351646423
26.29747724533081,5256,26.28,400,4,filtered_signal,1,0.10237780213356018,0.8976222276687622
26.310640811920166,5260,26.3,400,4,filtered_signal,1,0.045840632170438766,0.9541593194007874
26.32136106491089,5264,26.32,400,4,filtered_signal,1,0.060762759298086166,0.9392372965812683
26.340354442596436,5268,26.34,400,4,filtered_signal,1,0.028302159160375595,0.9716978073120117
26.372738122940063,5272,26.36,400,4,filtered_signal,1,0.0351555198431015,0.9648445248603821
26.39943289756775,5276,26.38,400,4,filtered_signal,1,0.08726174384355545,0.9127383232116699
26.410496711730957,5280,26.4,400,4,filtered_signal,1,0.03896848484873772,0.9610315561294556
26.427191495895386,5284,26.42,400,4,filtered_signal,1,0.10524657368659973,0.8947534561157227
26.444571495056152,5288,26.44,400,4,filtered_signal,1,0.04616132378578186,0.9538387060165405
26.476360082626343,5292,26.46,400,4,filtered_signal,1,0.0619465708732605,0.9380533695220947
26.495453119277954,5296,26.48,400,4,filtered_signal,1,0.0926678329706192,0.907332181930542
26.510783672332764,5300,26.5,400,4,filtered_signal,1,0.04053884744644165,0.9594611525535583
26.528305053710938,5304,26.52,400,4,filtered_signal,1,0.03253260627388954,0.9674674272537231
26.540687561035156,5308,26.54,400,4,filtered_signal,1,0.03127515688538551,0.9687248468399048
26.572776794433594,5312,26.56,400,4,filtered_signal,1,0.07322382181882858,0.9267761707305908
26.58466362953186,5316,26.58,400,4,filtered_signal,1,0.05053685978055,0.9494630694389343
26.611358642578125,5320,26.6,400,4,filtered_signal,1,0.04996694624423981,0.9500331282615662
26.621768474578857,5324,26.62,400,4,filtered_signal,1,0.037726905196905136,0.962273120880127
26.66147470474243,5328,26.64,400,4,filtered_signal,1,0.037485238164663315,0.9625147581100464
26.668211698532104,5332,26.66,400,4,filtered_signal,1,0.09037674963474274,0.9096232056617737
26.69448685646057,5336,26.68,400,4,filtered_signal,1,0.03683563321828842,0.9631643891334534
26.7161705493927,5340,26.7,400,4,filtered_signal,1,0.09905451536178589,0.9009454846382141
26.72258496284485,5344,26.72,400,4,filtered_signal,1,0.02377989888191223,0.9762201309204102
26.740333795547485,5348,26.74,400,4,filtered_signal,1,0.06833852082490921,0.9316614270210266
26.761990785598755,5352,26.76,400,4,filtered_signal,1,0.04236922040581703,0.9576307535171509
26.79240131378174,5356,26.78,400,4,filtered_signal,1,0.04661285877227783,0.9533870816230774
26.81037449836731,5360,26.8,400,4,filtered_signal,1,0.11898461729288101,0.8810153603553772
26.825517416000366,5364,26.82,400,4,filtered_signal,1,0.02919192425906658,0.9708080887794495
26.8450129032135,5368,26.84,400,4,filtered_signal,1,0.04298989474773407,0.9570100903511047
26.870436906814575,5372,26.86,400,4,filtered_signal,1,0.04434126615524292,0.9556587338447571
26.892874002456665,5376,26.88,400,4,filtered_signal,1,0.042705684900283813,0.9572942852973938
26.910550594329834,5380,26.9,400,4,filtered_signal,1,0.06053684279322624,0.9394631385803223
26.927795886993408,5384,26.92,400,4,filtered_signal,1,0.025181913748383522,0.9748181104660034
26.94267225265503,5388,26.94,400,4,filtered_signal,1,0.058690354228019714,0.9413096308708191
26.97058391571045,5392,26.96,400,4,filtered_signal,1,0.0415172204375267,0.9584828019142151
26.9944851398468,5396,26.98,400,4,filtered_signal,1,0.09055908024311066,0.9094408750534058
27.008835077285767,5400,27.0,400,4,filtered_signal,1,0.06216014549136162,0.9378398656845093
27.020416498184204,5404,27.02,400,4,filtered_signal,1,0.04263513162732124,0.9573648571968079
27.04044818878174,5408,27.04,400,4,filtered_signal,1,0.0604681633412838,0.9395318031311035
27.07035255432129,5412,27.06,400,4,filtered_signal,1,0.045349739491939545,0.9546502232551575
27.090764045715332,5416,27.08,400,4,filtered_signal,1,0.09237992763519287,0.9076201319694519
27.101361513137817,5420,27.1,400,4,filtered_signal,1,0.0355764776468277,0.9644235372543335
27.12038516998291,5424,27.12,400,4,filtered_signal,1,0.1660989373922348,0.8339011073112488
27.144724369049072,5428,27.14,400,4,filtered_signal,1,0.08353985846042633,0.9164601564407349
27.170352458953857,5432,27.16,400,4,filtered_signal,1,0.043014731258153915,0.9569852352142334
27.190648078918457,5436,27.18,400,4,filtered_signal,1,0.06230885908007622,0.9376910924911499
27.21169662475586,5440,27.2,400,4,filtered_signal,1,0.029487119987607002,0.9705129265785217
27.220465421676636,5444,27.22,400,4,filtered_signal,1,0.09415419399738312,0.9058458209037781
27.245354652404785,5448,27.24,400,4,filtered_signal,1,0.04930446296930313,0.9506954550743103
27.276983737945557,5452,27.26,400,4,filtered_signal,1,0.05440866947174072,0.9455912709236145
27.29073214530945,5456,27.28,400,4,filtered_signal,1,0.0889916643500328,0.9110082983970642
27.310668230056763,5460,27.3,400,4,filtered_signal,1,0.14424046874046326,0.8557595014572144
27.334821939468384,5464,27.32,400,4,filtered_signal,1,0.08247234672307968,0.9175276756286621
27.350487232208252,5468,27.34,400,4,filtered_signal,1,0.07429122924804688,0.9257087707519531
27.37042260169983,5472,27.36,400,4,filtered_signal,1,0.08658434450626373,0.9134156107902527
27.391088485717773,5476,27.38,400,4,filtered_signal,1,0.18256855010986328,0.8174314498901367
27.41202735900879,5480,27.4,400,4,filtered_signal,1,0.1528710126876831,0.8471289277076721
27.42684030532837,5484,27.42,400,4,filtered_signal,1,0.25181084871292114,0.7481890916824341
27.4407057762146,5488,27.44,400,4,filtered_signal,1,0.3183880150318146,0.681611955165863
27.477503538131714,5492,27.46,400,4,filtered_signal,1,0.1954018473625183,0.8045982122421265
27.490458011627197,5496,27.48,400,4,filtered_signal,0,0.5270905494689941,0.47290948033332825
27.504568099975586,5500,27.5,400,4,filtered_signal,0,0.5599896907806396,0.44001030921936035
27.522464990615845,5504,27.52,400,4,filtered_signal,0,0.8139234781265259,0.18607650697231293
27.55285382270813,5508,27.54,400,4,filtered_signal,0,0.853504478931427,0.1464955359697342
27.570565462112427,5512,27.56,400,4,filtered_signal,0,0.871245801448822,0.12875419855117798
27.591708660125732,5516,27.58,400,4,filtered_signal,0,0.8596908450126648,0.1403091847896576
27.602822065353394,5520,27.6,400,4,filtered_signal,0,0.8691986203193665,0.13080142438411713
27.620561838150024,5524,27.62,400,4,filtered_signal,0,0.8681612610816956,0.13183875381946564
27.644824981689453,5528,27.64,400,4,filtered_signal,0,0.886381208896637,0.11361879855394363
27.67082118988037,5532,27.66,400,4,filtered_signal,0,0.8803494572639465,0.11965049058198929
27.692794799804688,5536,27.68,400,4,filtered_signal,0,0.8898303508758545,0.11016958206892014
27.7104070186615,5540,27.7,400,4,filtered_signal,0,0.8745684027671814,0.12543165683746338
27.726887941360474,5544,27.72,400,4,filtered_signal,0,0.879305899143219,0.1206941306591034
27.741619348526,5548,27.74,400,4,filtered_signal,0,0.8891217708587646,0.11087825894355774
27.77648138999939,5552,27.76,400,4,filtered_signal,0,0.8881650567054749,0.11183492094278336
27.792858600616455,5556,27.78,400,4,filtered_signal,0,0.8846006989479065,0.1153993159532547
27.8077392578125,5560,27.8,400,4,filtered_signal,0,0.883100152015686,0.11689985543489456
27.82116675376892,5564,27.82,400,4,filtered_signal,0,0.8872061967849731,0.11279380321502686
27.84082341194153,5568,27.84,400,4,filtered_signal,0,0.889652669429779,0.11034728586673737
27.870809316635132,5572,27.86,400,4,filtered_signal,0,0.8904830813407898,0.10951689630746841
27.895583868026733,5576,27.88,400,4,filtered_signal,0,0.8892208337783813,0.11077920347452164
27.91062092781067,5580,27.9,400,4,filtered_signal,0,0.8732162714004517,0.12678377330303192
27.92640781402588,5584,27.92,400,4,filtered_signal,0,0.8885814547538757,0.11141854524612427
27.942540645599365,5588,27.94,400,4,filtered_signal,0,0.8901488780975342,0.10985114425420761
27.976471424102783,5592,27.96,400,4,filtered_signal,0,0.8910170197486877,0.10898303985595703
27.99263072013855,5596,27.98,400,4,filtered_signal,0,0.887822687625885,0.1121772974729538
28.007518768310547,5600,28.0,400,4,filtered_signal,0,0.8817023634910583,0.11829763650894165
28.02054476737976,5604,28.02,400,4,filtered_signal,0,0.8863851428031921,0.11361490190029144
28.040619134902954,5608,28.04,400,4,filtered_signal,0,0.8863375782966614,0.11366243660449982
28.077731132507324,5612,28.06,400,4,filtered_signal,0,0.8891748189926147,0.11082519590854645
28.090842247009277,5616,28.08,400,4,filtered_signal,0,0.8595001697540283,0.14049986004829407
28.102782726287842,5620,28.1,400,4,filtered_signal,0,0.8705242276191711,0.12947583198547363
28.127793312072754,5624,28.12,400,4,filtered_signal,0,0.888191282749176,0.11180873960256577
28.14283061027527,5628,28.14,400,4,filtered_signal,0,0.8845020532608032,0.11549796164035797
28.16053318977356,5632,28.16,400,4,filtered_signal,0,0.8905742168426514,0.10942580550909042
28.195308685302734,5636,28.18,400,4,filtered_signal,0,0.8640358448028564,0.13596415519714355
28.210560083389282,5640,28.2,400,4,filtered_signal,0,0.8773906826972961,0.12260930240154266
28.220356464385986,5644,28.22,400,4,filtered_signal,0,0.8883059620857239,0.11169404536485672
28.24575138092041,5648,28.24,400,4,filtered_signal,0,0.8902424573898315,0.10975749790668488
28.27574348449707,5652,28.26,400,4,filtered_signal,0,0.8900567889213562,0.1099432185292244
28.29051637649536,5656,28.28,400,4,filtered_signal,0,0.8835257887840271,0.11647423356771469
28.31052017211914,5660,28.3,400,4,filtered_signal,0,0.8891562819480896,0.110843725502491
28.32810139656067,5664,28.32,400,4,filtered_signal,0,0.8893802762031555,0.1106196790933609
28.342535495758057,5668,28.34,400,4,filtered_signal,0,0.8908309936523438,0.10916906595230103
28.36066484451294,5672,28.36,400,4,filtered_signal,0,0.8707512021064758,0.12924885749816895
28.395307302474976,5676,28.38,400,4,filtered_signal,0,0.870455265045166,0.1295447051525116
28.408034086227417,5680,28.4,400,4,filtered_signal,0,0.8842672109603882,0.11573274433612823
28.425586700439453,5684,28.42,400,4,filtered_signal,0,0.8884612917900085,0.11153876781463623
28.444409132003784,5688,28.44,400,4,filtered_signal,0,0.8826082348823547,0.11739173531532288
28.470597743988037,5692,28.46,400,4,filtered_signal,0,0.8882890343666077,0.11171101778745651
28.49057149887085,5696,28.48,400,4,filtered_signal,0,0.8891317844390869,0.11086821556091309
28.510799169540405,5700,28.5,400,4,filtered_signal,0,0.8898705840110779,0.11012943834066391
28.527974367141724,5704,28.52,400,4,filtered_signal,0,0.8790576457977295,0.12094240635633469
28.54050040245056,5708,28.54,400,4,filtered_signal,0,0.8899953961372375,0.11000458896160126
28.570472240447998,5712,28.56,400,4,filtered_signal,0,0.8900306224822998,0.10996939986944199
28.59084439277649,5716,28.58,400,4,filtered_signal,0,0.8898028135299683,0.11019714176654816
28.60954213142395,5720,28.6,400,4,filtered_signal,0,0.8887639045715332,0.11123604327440262
28.620569944381714,5724,28.62,400,4,filtered_signal,0,0.873817503452301,0.12618248164653778
28.640653371810913,5728,28.64,400,4,filtered_signal,0,0.8890199065208435,0.1109800636768341
28.670610427856445,5732,28.66,400,4,filtered_signal,0,0.8887578248977661,0.11124216765165329
28.690709590911865,5736,28.68,400,4,filtered_signal,0,0.884024441242218,0.11597555130720139
28.71039891242981,5740,28.7,400,4,filtered_signal,0,0.8894601464271545,0.11053989082574844
28.728251934051514,5744,28.72,400,4,filtered_signal,0,0.8897351622581482,0.11026489734649658
28.742767095565796,5748,28.74,400,4,filtered_signal,0,0.8884762525558472,0.11152376979589462
28.770607471466064,5752,28.76,400,4,filtered_signal,0,0.889095664024353,0.11090435087680817
28.79505681991577,5756,28.78,400,4,filtered_signal,0,0.886458694934845,0.1135413870215416
28.800753831863403,5760,28.8,400,4,filtered_signal,0,0.8900445699691772,0.10995541512966156
28.827747583389282,5764,28.82,400,4,filtered_signal,0,0.8867743015289307,0.11322573572397232
28.842763662338257,5768,28.84,400,4,filtered_signal,0,0.8900983333587646,0.10990162193775177
28.876633644104004,5772,28.86,400,4,filtered_signal,0,0.8909099102020264,0.10909010469913483
28.885352849960327,5776,28.88,400,4,filtered_signal,0,0.8796905875205994,0.12030947208404541
28.910603523254395,5780,28.9,400,4,filtered_signal,0,0.8820018768310547,0.11799810826778412
28.92610001564026,5784,28.92,400,4,filtered_signal,0,0.8900420665740967,0.1099579706788063
28.944419860839844,5788,28.94,400,4,filtered_signal,0,0.8899674415588379,0.11003255099058151
28.973879098892212,5792,28.96,400,4,filtered_signal,0,0.8907650709152222,0.10923489928245544
28.985846042633057,5796,28.98,400,4,filtered_signal,0,0.8692911863327026,0.13070876896381378
29.011397123336792,5800,29.0,400,4,filtered_signal,0,0.8888788819313049,0.11112109571695328
29.02545666694641,5804,29.02,400,4,filtered_signal,0,0.8862867951393127,0.11371319741010666
29.042684316635132,5808,29.04,400,4,filtered_signal,0,0.8890091776847839,0.11099081486463547
29.07473921775818,5812,29.06,400,4,filtered_signal,0,0.8900689482688904,0.10993106663227081
29.100404262542725,5816,29.08,400,4,filtered_signal,0,0.8873412013053894,0.11265882104635239
29.11065673828125,5820,29.1,400,4,filtered_signal,0,0.8897992968559265,0.1102006807923317
29.12052583694458,5824,29.12,400,4,filtered_signal,0,0.8899329900741577,0.11006699502468109
29.145943880081177,5828,29.14,400,4,filtered_signal,0,0.8875075578689575,0.11249246448278427
29.178433179855347,5832,29.16,400,4,filtered_signal,0,0.8887364864349365,0.1112634614109993
29.19314956665039,5836,29.18,400,4,filtered_signal,0,0.8888399004936218,0.11116012930870056
29.202956914901733,5840,29.2,400,4,filtered_signal,0,0.8895775079727173,0.1104225218296051
29.220651626586914,5844,29.22,400,4,filtered_signal,0,0.88584965467453,0.11415033042430878
29.246628761291504,5848,29.24,400,4,filtered_signal,0,0.890152633190155,0.10984736680984497
29.26070261001587,5852,29.26,400,4,filtered_signal,0,0.8905218243598938,0.10947811603546143
29.290820121765137,5856,29.28,400,4,filtered_signal,0,0.8602818250656128,0.13971814513206482
29.311397314071655,5860,29.3,400,4,filtered_signal,0,0.8804131150245667,0.11958692222833633
29.325973987579346,5864,29.32,400,4,filtered_signal,0,0.888738751411438,0.11126118153333664
29.340850830078125,5868,29.34,400,4,filtered_signal,0,0.8868927955627441,0.11310727149248123
29.37870216369629,5872,29.36,400,4,filtered_signal,0,0.8855461478233337,0.11445380002260208
29.390615940093994,5876,29.38,400,4,filtered_signal,0,0.8848863840103149,0.11511363089084625
29.40132451057434,5880,29.4,400,4,filtered_signal,0,0.8880934119224548,0.11190661042928696
29.42059016227722,5884,29.42,400,4,filtered_signal,0,0.8779881596565247,0.12201178073883057
29.445449829101562,5888,29.44,400,4,filtered_signal,0,0.8856738805770874,0.11432606726884842
29.470702409744263,5892,29.46,400,4,filtered_signal,0,0.8908300399780273,0.10916993767023087
29.49054193496704,5896,29.48,400,4,filtered_signal,0,0.8819300532341003,0.11806995421648026
29.510419845581055,5900,29.5,400,4,filtered_signal,0,0.8866558074951172,0.113344207406044
29.52819299697876,5904,29.52,400,4,filtered_signal,0,0.8821038007736206,0.11789616197347641
29.54281783103943,5908,29.54,400,4,filtered_signal,0,0.8880574107170105,0.11194254457950592
29.576374053955078,5912,29.56,400,4,filtered_signal,0,0.8858969807624817,0.1141030415892601
29.59457778930664,5916,29.58,400,4,filtered_signal,0,0.8704769611358643,0.12952306866645813
29.610759496688843,5920,29.6,400,4,filtered_signal,0,0.8746187090873718,0.1253812313079834
29.632572412490845,5924,29.62,400,4,filtered_signal,0,0.8879182934761047,0.11208175122737885
29.640893697738647,5928,29.64,400,4,filtered_signal,0,0.8896071910858154,0.11039285361766815
29.677483797073364,5932,29.66,400,4,filtered_signal,0,0.8904172778129578,0.10958269983530045
29.690484523773193,5936,29.68,400,4,filtered_signal,0,0.8884255290031433,0.11157441884279251
29.706321239471436,5940,29.7,400,4,filtered_signal,0,0.8896471858024597,0.1103527769446373
29.734074115753174,5944,29.72,400,4,filtered_signal,0,0.8862090110778809,0.11379096657037735
29.744890928268433,5948,29.74,400,4,filtered_signal,0,0.88779217004776,0.11220787465572357
29.77065944671631,5952,29.76,400,4,filtered_signal,0,0.8896817564964294,0.11031825840473175
29.79071855545044,5956,29.78,400,4,filtered_signal,0,0.8900566101074219,0.10994339734315872
29.810468912124634,5960,29.8,400,4,filtered_signal,0,0.8885231018066406,0.11147686094045639
29.822861909866333,5964,29.82,400,4,filtered_signal,0,0.8875753879547119,0.11242466419935226
29.850504636764526,5968,29.84,400,4,filtered_signal,0,0.879779040813446,0.12022098153829575
29.870614767074585,5972,29.86,400,4,filtered_signal,0,0.8876341581344604,0.11236587166786194
29.890772819519043,5976,29.88,400,4,filtered_signal,0,0.889157772064209,0.11084216833114624
29.910501718521118,5980,29.9,400,4,filtered_signal,0,0.8893255591392517,0.11067436635494232
29.92894411087036,5984,29.92,400,4,filtered_signal,0,0.885890781879425,0.11410915106534958
29.943909168243408,5988,29.94,400,4,filtered_signal,0,0.8864672183990479,0.11353276669979095
29.970735788345337,5992,29.96,400,4,filtered_signal,0,0.8888660669326782,0.11113395541906357
29.990592002868652,5996,29.98,400,4,filtered_signal,0,0.8840068578720093,0.11599310487508774
30.01064658164978,6000,30.0,400,4,filtered_signal,0,0.8899974822998047,0.1100025400519371
