sample,time_sec,eeg_ch1,eeg_ch2,eeg_ch3,eeg_ch4,true_label,prediction_end_sample,prediction_end_time_sec,prediction_wall_time_sec,pred_label,prob_Eyes Open,prob_Eyes Closed,correct
0,0.0,0.0027586548,0.0029865904,0.0036251873,0.0033519058,0,,,,,,,
1,0.005,-0.050820302,-0.024891648,-0.055168647,-0.029367507,0,,,,,,,
2,0.01,-0.07142767,-0.035449393,-0.08274598,-0.03998367,0,,,,,,,
3,0.015,-0.049648266,-0.022515297,-0.069207095,-0.023620607,0,,,,,,,
4,0.02,-0.0039782343,0.005723796,-0.029220369,0.005996391,0,,,,,,,
5,0.025,0.03540388,0.03287106,0.012297243,0.029846998,0,,,,,,,
6,0.03,0.048035987,0.044505548,0.036831036,0.037326965,0,,,,,,,
7,0.035,0.03409018,0.036082935,0.039756205,0.030064153,0,,,,,,,
8,0.04,0.010024681,0.014823642,0.028228184,0.01678258,0,,,,,,,
9,0.045,-0.0051222336,-0.005053583,0.0144159915,0.0059732096,0,,,,,,,
10,0.05,-0.0024430018,-0.011354354,0.008257389,0.001606565,0,,,,,,,
11,0.055,0.012705418,-0.0021007673,0.01203511,0.0026532705,0,,,,,,,
12,0.06,0.025942922,0.01268601,0.018815245,0.0045605795,0,,,,,,,
13,0.065,0.023945209,0.017873665,0.01703253,0.0018504492,0,,,,,,,
14,0.07,0.0030834049,0.0046642916,6.8951515e-05,-0.008148264,0,,,,,,,
15,0.075,-0.028566863,-0.022326343,-0.026704185,-0.022681748,0,,,,,,,
16,0.08,-0.056819722,-0.048609126,-0.04908496,-0.035241287,0,,,,,,,
17,0.085,-0.06991815,-0.060845032,-0.055396706,-0.040677603,0,,,,,,,
18,0.09,-0.06376873,-0.055511065,-0.045366727,-0.03889972,0,,,,,,,
19,0.095,-0.041701768,-0.03855592,-0.028570894,-0.033712015,0,,,,,,,
20,0.1,-0.011194564,-0.018415146,-0.014913386,-0.028263852,0,,,,,,,
21,0.105,0.019264532,9.288619e-05,-0.006639486,-0.021796698,0,,,,,,,
22,0.11,0.042226903,0.016340451,0.0012429776,-0.010891749,0,,,,,,,
23,0.115,0.05315321,0.030721227,0.014133549,0.006417312,0,,,,,,,
24,0.12,0.052246943,0.04241423,0.03212688,0.028156206,0,,,,,,,
25,0.125,0.044366866,0.049990714,0.049977697,0.049594734,0,,,,,,,
26,0.13,0.03564724,0.05285081,0.061109275,0.06606626,0,,,,,,,
27,0.135,0.028921323,0.05116671,0.061616793,0.07455969,0,,,,,,,
28,0.14,0.021977037,0.044625007,0.05166309,0.07330033,0,,,,,,,
29,0.145,0.010363189,0.031975463,0.034064528,0.060704485,0,,,,,,,
30,0.15,-0.0075781904,0.012478104,0.011928735,0.035768688,0,,,,,,,
31,0.155,-0.027828457,-0.011887082,-0.012341476,0.00040123553,0,,,,,,,
32,0.16,-0.04270507,-0.03576719,-0.03612354,-0.038446344,0,,,,,,,
33,0.165,-0.046200804,-0.05245027,-0.055221744,-0.069683306,0,,,,,,,
34,0.17,-0.0379758,-0.05721611,-0.064092554,-0.08264539,0,,,,,,,
35,0.175,-0.02285594,-0.049634207,-0.05854983,-0.07301674,0,,,,,,,
36,0.18,-0.007101656,-0.03354233,-0.039451677,-0.04621189,0,,,,,,,
37,0.185,0.0048427377,-0.015137777,-0.013945431,-0.015227051,0,,,,,,,
38,0.19,0.010907047,-0.00042031336,0.007760175,0.0063639106,0,,,,,,,
39,0.195,0.010299682,0.0069354125,0.01813835,0.011759269,0,,,,,,,
40,0.2,0.00329867,0.006734748,0.016370894,0.0038287581,0,,,,,,,
41,0.205,-0.007409695,0.0021766126,0.007912863,-0.007866708,0,,,,,,,
42,0.21,-0.01613565,-0.0017328118,0.0002328736,-0.013501309,0,,,,,,,
43,0.215,-0.016619677,-0.0009817447,-0.0020232194,-0.008617653,0,,,,,,,
44,0.22,-0.006460376,0.004916567,0.00085169676,0.004252395,0,,,,,,,
45,0.225,0.010215475,0.012619625,0.005101898,0.01825075,0,,,,,,,
46,0.23,0.024681343,0.017464282,0.006939362,0.026871966,0,,,,,,,
47,0.235,0.029302701,0.017084919,0.0055676815,0.027790766,0,,,,,,,
48,0.24,0.022884006,0.013319589,0.0039687324,0.023805557,0,,,,,,,
49,0.245,0.011514638,0.010795778,0.006754484,0.020433258,0,,,,,,,
50,0.25,0.004103613,0.013175273,0.016218811,0.021652134,0,,,,,,,
51,0.255,0.005732621,0.01982548,0.02931445,0.026561007,0,,,,,,,
52,0.26,0.013593144,0.02545361,0.038183335,0.029374046,0,,,,,,,
53,0.265,0.018795712,0.02341323,0.03482542,0.023366237,0,,,,,,,
54,0.27,0.01338545,0.010886211,0.017302435,0.0066159675,0,,,,,,,
55,0.275,-0.0024921556,-0.007832139,-0.007371636,-0.014907665,0,,,,,,,
56,0.28,-0.019476963,-0.02322204,-0.026910927,-0.03038183,0,,,,,,,
57,0.285,-0.02587497,-0.0271417,-0.03201653,-0.03191557,0,,,,,,,
58,0.29,-0.017615497,-0.01935277,-0.023030581,-0.021121884,0,,,,,,,
59,0.295,-0.002842333,-0.008438459,-0.009771591,-0.008834418,0,,,,,,,
60,0.3,0.0037118813,-0.0056897183,-0.0045036916,-0.007555289,0,,,,,,,
61,0.305,-0.007134766,-0.016257584,-0.013065568,-0.021985007,0,,,,,,,
62,0.31,-0.030307695,-0.034365375,-0.030437244,-0.04460039,0,,,,,,,
63,0.315,-0.048914794,-0.04647949,-0.043755345,-0.059587434,0,,,,,,,
64,0.32,-0.046380274,-0.040418766,-0.04070363,-0.052690074,0,,,,,,,
65,0.325,-0.01890994,-0.014078693,-0.017884407,-0.020821167,0,,,,,,,
66,0.33,0.021127243,0.022272272,0.016173262,0.024677351,0,,,,,,,
67,0.335,0.05314319,0.051793978,0.04555936,0.06372102,0,,,,,,,
68,0.34,0.061615333,0.061208107,0.056458525,0.07911858,0,,,,,,,
69,0.345,0.045480236,0.04860288,0.04544059,0.066757016,0,,,,,,,
70,0.35,0.01766263,0.023851447,0.021116462,0.037407104,0,,,,,,,
71,0.355,-0.0044694045,0.0015790901,-0.0018136681,0.008875962,0,,,,,,,
72,0.36,-0.011019752,-0.008410336,-0.0120512955,-0.005902041,0,,,,,,,
73,0.365,-0.005472928,-0.0067014573,-0.008360335,-0.00631188,0,,,,,,,
74,0.37,-0.00029822678,-0.0021521042,0.000999836,-0.0019611395,0,,,,,,,
75,0.375,-0.0057244715,-0.0039676335,0.0053402353,-0.0033575932,0,,,,,,,
76,0.38,-0.02072956,-0.014085853,-0.0002730507,-0.013133079,0,,,,,,,
77,0.385,-0.03358289,-0.025668304,-0.011757914,-0.024678897,0,,,,,,,
78,0.39,-0.031470917,-0.028789649,-0.019934747,-0.028745828,0,,,,,,,
79,0.395,-0.011415352,-0.018865567,-0.018373623,-0.022053964,0,,,,,,,
80,0.4,0.01625196,-0.0010862484,-0.008737142,-0.010444111,0,,,,,,,
81,0.405,0.034710225,0.013001996,0.00088373927,-0.0038635023,0,,,,,,,
82,0.41,0.03266439,0.014409237,0.0032205312,-0.007589898,0,,,,,,,
83,0.415,0.01247463,0.0039476454,-0.0017183962,-0.017386869,0,,,,,,,
84,0.42,-0.011738322,-0.008396486,-0.006797959,-0.022846423,0,,,,,,,
85,0.425,-0.024477001,-0.011634085,-0.0044159186,-0.016053896,0,,,,,,,
86,0.43,-0.019623429,-0.002506171,0.0064836396,0.0018933362,0,,,,,,,
87,0.435,-0.0033382108,0.012704427,0.019590223,0.022017129,0,,,,,,,
88,0.44,0.012404516,0.024312433,0.027075974,0.03488125,0,,,,,,,
89,0.445,0.01936183,0.02705906,0.025978837,0.03744573,0,,,,,,,
90,0.45,0.017488109,0.022410499,0.01882211,0.033473592,0,,,,,,,
91,0.455,0.0116347745,0.014268786,0.008734075,0.027977742,0,,,,,,,
92,0.46,0.0051532993,0.0038262345,-0.004522048,0.021756578,0,,,,,,,
93,0.465,-0.0026901816,-0.0103819575,-0.022425,0.011539692,0,,,,,,,
94,0.47,-0.013408361,-0.027595904,-0.041874852,-0.004764525,0,,,,,,,
95,0.475,-0.024745828,-0.04155269,-0.053423967,-0.023667015,0,,,,,,,
96,0.48,-0.030823652,-0.043863863,-0.04757511,-0.0375694,0,,,,,,,
97,0.485,-0.027257435,-0.031434454,-0.023836834,-0.04077058,0,,,,,,,
98,0.49,-0.015512361,-0.010102231,0.0069605093,-0.033863075,0,,,,,,,
99,0.495,-0.0014959949,0.00975874,0.030290581,-0.022306088,0,,,,,,,
100,0.5,0.009990351,0.021438098,0.038625658,-0.011164227,0,,,,,,,
101,0.505,0.018670876,0.025828315,0.035408225,-0.0015760859,0,,,,,,,
102,0.51,0.026542041,0.027891042,0.029503599,0.007991156,0,,,,,,,
103,0.515,0.033113692,0.030178709,0.026414437,0.017945018,0,,,,,,,
104,0.52,0.03410081,0.030232161,0.024542771,0.02576829,0,,,,,,,
105,0.525,0.025413185,0.02390711,0.018813893,0.028101899,0,,,,,,,
106,0.53,0.0082723405,0.010618257,0.006992732,0.02432942,0,,,,,,,
107,0.535,-0.010024108,-0.0048588235,-0.007467422,0.01779779,0,,,,,,,
108,0.54,-0.020813508,-0.015617671,-0.018129254,0.013181163,0,,,,,,,
109,0.545,-0.020223884,-0.017869541,-0.020933336,0.012198323,0,,,,,,,
110,0.55,-0.011760172,-0.013827031,-0.017595403,0.011534214,0,,,,,,,
111,0.555,-0.0037126888,-0.010141918,-0.014516005,0.0050346795,0,,,,,,,
112,0.56,-0.0036845997,-0.013175865,-0.018146591,-0.01125106,0,,,,,,,
113,0.565,-0.013722154,-0.024213426,-0.029916609,-0.034826517,0,,,,,,,
114,0.57,-0.028516032,-0.037600104,-0.043982513,-0.056481875,0,,,,,,,
115,0.575,-0.03788788,-0.04347051,-0.049792867,-0.06478979,0,,,,,,,
116,0.58,-0.033137776,-0.034299925,-0.038875088,-0.05315729,0,,,,,,,
117,0.585,-0.013838537,-0.011232399,-0.011756373,-0.024933761,0,,,,,,,
118,0.59,0.0105356565,0.015330364,0.020759178,0.0076823416,0,,,,,,,
119,0.595,0.027066166,0.032822456,0.044413503,0.031222261,0,,,,,,,
120,0.6,0.029600304,0.036151845,0.051776033,0.039765164,0,,,,,,,
121,0.605,0.023564473,0.031201461,0.047129035,0.03783169,0,,,,,,,
122,0.61,0.02029744,0.02857652,0.041285668,0.034880746,0,,,,,,,
123,0.615,0.025976403,0.03349648,0.041222535,0.036550883,0,,,,,,,
124,0.62,0.035918318,0.041610334,0.04450398,0.040683635,0,,,,,,,
125,0.625,0.039625406,0.044179425,0.04324998,0.04104834,0,,,,,,,
126,0.63,0.030924072,0.03639719,0.03243099,0.033914473,0,,,,,,,
127,0.635,0.0129140215,0.020316381,0.0136434175,0.020563656,0,,,,,,,
128,0.64,-0.006142522,0.00088638003,-0.008235627,0.004314928,0,,,,,,,
129,0.645,-0.02034104,-0.01892098,-0.030047784,-0.01315502,0,,,,,,,
130,0.65,-0.029421825,-0.0385316,-0.051093183,-0.031685434,0,,,,,,,
131,0.655,-0.036379006,-0.05693301,-0.07015967,-0.049829524,0,,,,,,,
132,0.66,-0.043597106,-0.07125184,-0.08376508,-0.06385803,0,,,,,,,
133,0.665,-0.050949324,-0.07822413,-0.087868445,-0.07008995,0,,,,,,,
134,0.67,-0.055663384,-0.075868554,-0.080426134,-0.0674088,0,,,,,,,
135,0.675,-0.0529947,-0.06325463,-0.06171767,-0.056779444,0,,,,,,,
136,0.68,-0.038224626,-0.039649352,-0.032874025,-0.038710475,0,,,,,,,
137,0.685,-0.010118532,-0.005251569,0.0047380016,-0.012293837,0,,,,,,,
138,0.69,0.02632047,0.036565155,0.047987703,0.022320284,0,,,,,,,
139,0.695,0.060478963,0.07764822,0.089722194,0.060021367,0,,,,,,,
140,0.7,0.0803506,0.10610379,0.118543334,0.08948698,0,,,,,,,
141,0.705,0.07799644,0.11053918,0.12256534,0.09728208,0,,,,,,,
142,0.71,0.053578578,0.08622762,0.09632533,0.076046385,0,,,,,,,
143,0.715,0.016274532,0.03986367,0.046588343,0.031488635,0,,,,,,,
144,0.72,-0.018738069,-0.011148929,-0.008251539,-0.017794842,0,,,,,,,
145,0.725,-0.036715597,-0.046250872,-0.046731465,-0.0493023,0,,,,,,,
146,0.73,-0.03048686,-0.052405566,-0.056015994,-0.049274918,0,,,,,,,
147,0.735,-0.004322002,-0.031167468,-0.038722474,-0.020513384,0,,,,,,,
148,0.74,0.027792506,0.0023693165,-0.010326518,0.01974229,0,,,,,,,
149,0.745,0.04842132,0.02777126,0.010407121,0.049765524,0,,,,,,,
150,0.75,0.04445473,0.029689858,0.011311962,0.054338995,0,,,,,,,
151,0.755,0.013568757,0.0053814217,-0.008254624,0.030982723,0,,,,,,,
152,0.76,-0.033081163,-0.03387227,-0.03853,-0.010298941,0,,,,,,,
153,0.765,-0.07452032,-0.06837752,-0.06467416,-0.052382417,0,,,,,,,
154,0.77,-0.090564534,-0.08070455,-0.0738074,-0.07903206,0,,,,,,,
155,0.775,-0.07449071,-0.06587542,-0.061158523,-0.08233936,0,,,,,,,
156,0.78,-0.038394433,-0.034131642,-0.032410793,-0.06576501,0,,,,,,,
157,0.785,-0.005058743,-0.0033697048,-0.0002705456,-0.04049098,0,,,,,,,
158,0.79,0.009069354,0.0138065275,0.023388242,-0.017177083,0,,,,,,,
159,0.795,0.0062377714,0.018413443,0.034676805,0.0007999693,0,,,,,,,
160,0.8,0.0041025346,0.021988297,0.03867288,0.017311338,0,,,,,,,
161,0.805,0.019046417,0.034757793,0.043329705,0.037027147,0,,,,,,,
162,0.81,0.05044764,0.055334076,0.051453378,0.058582906,0,,,,,,,
163,0.815,0.079748355,0.07090771,0.057778116,0.0736713,0,,,,,,,
164,0.82,0.08524205,0.067762695,0.053734686,0.072992906,0,,,,,,,
165,0.825,0.059801187,0.042994425,0.03557967,0.05389406,0,,,,,,,
166,0.83,0.016491313,0.0073672724,0.008484921,0.023068802,0,,,,,,,
167,0.835,-0.02215887,-0.022989158,-0.017167307,-0.007983718,0,,,,,,,
168,0.84,-0.041439325,-0.038708273,-0.03394217,-0.030793516,0,,,,,,,
169,0.845,-0.0435339,-0.042669922,-0.04246963,-0.04429619,0,,,,,,,
170,0.85,-0.041527886,-0.044436697,-0.048683323,-0.052169107,0,,,,,,,
171,0.855,-0.0447863,-0.04912709,-0.055657167,-0.05602556,0,,,,,,,
172,0.86,-0.049228583,-0.051147163,-0.0579613,-0.05139372,0,,,,,,,
173,0.865,-0.04120404,-0.03882104,-0.044776887,-0.031101381,0,,,,,,,
174,0.87,-0.01147493,-0.00615629,-0.010185645,0.0062443255,0,,,,,,,
175,0.875,0.03323072,0.03861167,0.03809124,0.05040055,0,,,,,,,
176,0.88,0.071809836,0.07567767,0.07998347,0.082656376,0,,,,,,,
177,0.885,0.083048,0.086210705,0.09489325,0.08702202,0,,,,,,,
178,0.89,0.061116688,0.065170735,0.07549891,0.061188687,0,,,,,,,
179,0.895,0.01960646,0.02444053,0.03276753,0.018386714,0,,,,,,,
180,0.9,-0.019044342,-0.01593256,-0.011847205,-0.0217725,0,,,,,,,
181,0.905,-0.039775584,-0.041266877,-0.04089597,-0.046454392,0,,,,,,,
182,0.91,-0.043577127,-0.050105143,-0.05092883,-0.05640059,0,,,,,,,
183,0.915,-0.042391807,-0.05107704,-0.05092033,-0.061321985,0,,,,,,,
184,0.92,-0.045929223,-0.052561235,-0.051613078,-0.06846495,0,,,,,,,
185,0.925,-0.05245101,-0.054486148,-0.05525251,-0.074604124,0,,,,,,,
186,0.93,-0.051172797,-0.049106378,-0.054146234,-0.068458565,0,,,,,,,
187,0.935,-0.033165123,-0.029429331,-0.038721472,-0.0412634,0,,,,,,,
188,0.94,-0.00046203495,0.002646226,-0.007770685,0.0037895488,0,,,,,,,
189,0.945,0.034405854,0.035813984,0.028212663,0.051321886,0,,,,,,,
190,0.95,0.057229593,0.056849867,0.05381562,0.08294206,0,,,,,,,
191,0.955,0.06130152,0.059616294,0.060016904,0.088552564,0,,,,,,,
192,0.96,0.050045654,0.048297737,0.05036644,0.071515016,0,,,,,,,
193,0.965,0.032788407,0.033079788,0.036955975,0.044905446,0,,,,,,,
194,0.97,0.018588345,0.02280367,0.03029956,0.022872321,0,,,,,,,
195,0.975,0.012676567,0.020577649,0.03225273,0.01357408,0,,,,,,,
196,0.98,0.016006121,0.024342239,0.03716773,0.01715125,0,,,,,,,
197,0.985,0.025626784,0.029619254,0.03809136,0.027481265,0,,,,,,,
198,0.99,0.034623634,0.03097366,0.030949598,0.03478924,0,,,,,,,
199,0.995,0.033148047,0.0221484,0.013897185,0.028329063,0,,,,,,,
200,1.0,0.0126775345,-0.0022060608,-0.014371896,0.0005587826,0,,,,,,,
201,1.005,-0.027417336,-0.041841004,-0.052690305,-0.047144122,0,,,,,,,
202,1.01,-0.07582725,-0.08662477,-0.0930277,-0.10099494,0,,,,,,,
203,1.015,-0.11272408,-0.118258685,-0.11999726,-0.13848501,0,,,,,,,
204,1.02,-0.12031394,-0.11955821,-0.118190184,-0.13965029,0,,,,,,,
205,1.025,-0.09364254,-0.085639045,-0.083089344,-0.09938844,0,,,,,,,
206,1.03,-0.043539494,-0.028285464,-0.026259432,-0.03184895,0,,,,,,,
207,1.035,0.010363579,0.03038705,0.030503916,0.03683398,0,,,,,,,
208,1.04,0.0508138,0.07039516,0.068017036,0.0826106,0,,,,,,,
209,1.045,0.070339434,0.083585165,0.07978778,0.095063,0,,,,,,,
210,1.05,0.07134973,0.074798256,0.072482646,0.07991965,0,,,,,,,
211,1.055,0.06126725,0.05562268,0.058105633,0.05277664,0,,,,,,,
212,1.06,0.047257215,0.03648548,0.045173924,0.029336043,0,,,,,,,
213,1.065,0.033515967,0.02232846,0.035359792,0.018015765,0,,,,,,,
214,1.07,0.021379342,0.013073126,0.026245415,0.01790345,0,,,,,,,
215,1.075,0.010765277,0.0063946303,0.015778124,0.021584155,0,,,,,,,
216,1.08,0.0012966885,-0.00012672746,0.004026068,0.020429643,0,,,,,,,
217,1.085,-0.0073293014,-0.008084122,-0.00803968,0.009714941,0,,,,,,,
218,1.09,-0.014849737,-0.017318696,-0.019696862,-0.008524715,0,,,,,,,
219,1.095,-0.019430956,-0.02481231,-0.02963053,-0.026324714,0,,,,,,,
220,1.1,-0.01786979,-0.025575705,-0.035003267,-0.034601536,0,,,,,,,
221,1.105,-0.009024328,-0.017181858,-0.033538748,-0.029951142,0,,,,,,,
222,1.11,0.0015762802,-0.0048797783,-0.027621519,-0.018695425,0,,,,,,,
223,1.115,0.0024469777,-0.00048450686,-0.024654837,-0.013305721,0,,,,,,,
224,1.12,-0.014470507,-0.012523059,-0.030260468,-0.021829957,0,,,,,,,
225,1.125,-0.043148596,-0.035728034,-0.040137213,-0.039065924,0,,,,,,,
226,1.13,-0.06431701,-0.052193686,-0.041012987,-0.049323265,0,,,,,,,
227,1.135,-0.060315005,-0.045805745,-0.022449398,-0.03995851,0,,,,,,,
228,1.14,-0.030284723,-0.016394196,0.011984712,-0.012730046,0,,,,,,,
229,1.145,0.00971375,0.020643342,0.046377264,0.01845402,0,,,,,,,
230,1.15,0.0409221,0.04780583,0.06525222,0.040133215,0,,,,,,,
231,1.155,0.05501574,0.05742335,0.06404496,0.04846777,0,,,,,,,
232,1.16,0.05453736,0.051845986,0.048173953,0.04702559,0,,,,,,,
233,1.165,0.04461351,0.036127567,0.025143228,0.0389626,0,,,,,,,
234,1.17,0.02774997,0.0138151245,-7.704634e-05,0.024138805,0,,,,,,,
235,1.175,0.0064391354,-0.010624277,-0.02308847,0.0035661089,0,,,,,,,
236,1.18,-0.012508069,-0.02872506,-0.037198685,-0.015945107,0,,,,,,,
237,1.185,-0.01971855,-0.03092869,-0.035624728,-0.024101056,0,,,,,,,
238,1.19,-0.011077893,-0.01448167,-0.01763392,-0.015404616,0,,,,,,,
239,1.195,0.0062880307,0.01144321,0.008003858,0.004559461,0,,,,,,,
240,1.2,0.017311033,0.029922772,0.027017033,0.02167511,0,,,,,,,
241,1.205,0.010505257,0.028058257,0.028952178,0.023596684,0,,,,,,,
242,1.21,-0.011760457,0.0071058013,0.014518525,0.009407272,0,,,,,,,
243,1.215,-0.033810284,-0.017942104,-0.0051376345,-0.009714191,0,,,,,,,
244,1.22,-0.038674925,-0.029775508,-0.016933894,-0.019692076,0,,,,,,,
245,1.225,-0.02200241,-0.022208594,-0.015586264,-0.015090471,0,,,,,,,
246,1.23,0.004024961,-0.0045453534,-0.006911343,-0.0033264053,0,,,,,,,
247,1.235,0.020540405,0.0068118703,-0.0021190774,0.002022314,0,,,,,,,
248,1.24,0.017405877,0.0022421915,-0.008048634,-0.0069655953,0,,,,,,,
249,1.245,0.0007978913,-0.013803034,-0.021796383,-0.02588208,0,,,,,,,
250,1.25,-0.013539328,-0.028043214,-0.03401036,-0.041995972,0,,,,,,,
251,1.255,-0.014804034,-0.030476,-0.03700033,-0.044742104,0,,,,,,,
252,1.26,-0.0058660265,-0.021783847,-0.02982004,-0.033059336,0,,,,,,,
253,1.265,0.0014809369,-0.009889534,-0.016403291,-0.013771269,0,,,,,,,
254,1.27,-0.0005185132,-0.00037480803,-6.5657856e-05,0.0060285665,0,,,,,,,
255,1.275,-0.0072975415,0.009046764,0.019289562,0.024565406,0,,,,,,,
256,1.28,-0.0065494147,0.024468822,0.042456716,0.043779373,0,,,,,,,
257,1.285,0.008602256,0.046414465,0.06587822,0.06284217,0,,,,,,,
258,1.29,0.030806478,0.06514931,0.08022349,0.0742933,0,,,,,,,
259,1.295,0.043464635,0.06672927,0.075541794,0.06817851,0,,,,,,,
260,1.3,0.03555204,0.04510769,0.049289443,0.041301534,0,,,,,,,
261,1.305,0.011930641,0.008546145,0.009596453,0.0022503678,0,,,,,,,
262,1.31,-0.011315298,-0.026529156,-0.029973283,-0.03388779,0,,,,,,,
263,1.315,-0.021814922,-0.04831743,-0.059295055,-0.05648678,0,,,,,,,
264,1.32,-0.02082856,-0.05635198,-0.07557145,-0.065033376,0,,,,,,,
265,1.325,-0.01851894,-0.05641458,-0.07954904,-0.06437117,0,,,,,,,
266,1.33,-0.020773556,-0.05091316,-0.07022937,-0.056138154,0,,,,,,,
267,1.335,-0.02243501,-0.036220238,-0.04545656,-0.036913253,0,,,,,,,
268,1.34,-0.014103956,-0.009644442,-0.007970572,-0.0052262135,0,,,,,,,
269,1.345,0.005411911,0.022619434,0.030852381,0.031142171,0,,,,,,,
270,1.35,0.024888737,0.046404593,0.055599444,0.056947567,0,,,,,,,
271,1.355,0.029624507,0.04960723,0.056972414,0.060044747,0,,,,,,,
272,1.36,0.014764612,0.03203833,0.038514517,0.041050527,0,,,,,,,
273,1.365,-0.009896132,0.005918163,0.013710546,0.0130255725,0,,,,,,,
274,1.37,-0.027839793,-0.013301504,-0.0040363753,-0.008533867,0,,,,,,,
275,1.375,-0.028732656,-0.017648747,-0.009915255,-0.016475225,0,,,,,,,
276,1.38,-0.014975841,-0.010286655,-0.008061573,-0.014662033,0,,,,,,,
277,1.385,0.0024635885,-0.00046925334,-0.0049390653,-0.011589119,0,,,,,,,
278,1.39,0.013650781,0.004569859,-0.0029688037,-0.011906129,0,,,,,,,
279,1.395,0.016078508,0.0038806277,-0.0002649939,-0.013551012,0,,,,,,,
280,1.4,0.013823102,0.0010294842,0.0046009696,-0.011872146,0,,,,,,,
281,1.405,0.0122086145,-0.0004360852,0.009026156,-0.00545778,0,,,,,,,
282,1.41,0.013387718,0.00023500217,0.008279965,0.0022733898,0,,,,,,,
283,1.415,0.01573332,0.0015335465,0.0006440751,0.0065545,0,,,,,,,
284,1.42,0.016022144,0.0017347533,-0.010141499,0.0056304988,0,,,,,,,
285,1.425,0.011851357,0.00012856458,-0.01789508,0.0017507543,0,,,,,,,
286,1.43,0.0028533142,-0.002997936,-0.019118005,-0.0013973662,0,,,,,,,
287,1.435,-0.009180249,-0.006583679,-0.014837334,-0.0016446513,0,,,,,,,
288,1.44,-0.020813158,-0.008715766,-0.007851737,0.000982394,0,,,,,,,
289,1.445,-0.02809946,-0.007050409,0.0007449908,0.0055113323,0,,,,,,,
290,1.45,-0.02831544,-0.00047605752,0.011490301,0.010973542,0,,,,,,,
291,1.455,-0.021603063,0.008899663,0.023210911,0.015910625,0,,,,,,,
292,1.46,-0.011332699,0.015670218,0.03085561,0.017661827,0,,,,,,,
293,1.465,-0.0023764228,0.014250965,0.028051931,0.013347118,0,,,,,,,
294,1.47,0.002193325,0.0036182902,0.012908746,0.0025627862,0,,,,,,,
295,1.475,0.0038035614,-0.010240908,-0.008370438,-0.010647272,0,,,,,,,
296,1.48,0.007718094,-0.017253615,-0.024271177,-0.019175602,0,,,,,,,
297,1.485,0.018318666,-0.010476723,-0.02580391,-0.017463336,0,,,,,,,
298,1.49,0.03370125,0.007797611,-0.013205407,-0.005902909,0,,,,,,,
299,1.495,0.045004074,0.02653166,0.004127146,0.008821646,0,,,,,,,
300,1.5,0.042327758,0.033220205,0.014322814,0.017915051,0,,,,,,,
301,1.505,0.022407776,0.022007778,0.010558377,0.015590106,0,,,,,,,
302,1.51,-0.009133948,-0.0038577819,-0.006291614,0.0011784012,0,,,,,,,
303,1.515,-0.042452466,-0.03571316,-0.030052079,-0.021954363,0,,,,,,,
304,1.52,-0.06905585,-0.06389336,-0.052250765,-0.047564343,0,,,,,,,
305,1.525,-0.0823874,-0.078720964,-0.06293116,-0.0661494,0,,,,,,,
306,1.53,-0.07541837,-0.070544966,-0.051869154,-0.06590215,0,,,,,,,
307,1.535,-0.04251588,-0.034066245,-0.014068441,-0.038623985,0,,,,,,,
308,1.54,0.012564434,0.0238069,0.042523753,0.011598951,0,,,,,,,
309,1.545,0.071033485,0.08122096,0.09549379,0.06546336,0,,,,,,,
310,1.55,0.10585314,0.11108497,0.11855041,0.097641736,0,,,,,,,
311,1.555,0.09946605,0.09885471,0.09892991,0.09354885,0,,,,,,,
312,1.56,0.05795014,0.053912587,0.04760724,0.06008756,0,,,,,,,
313,1.565,0.007794971,0.0036125316,-0.007475576,0.020341132,0,,,,,,,
314,1.57,-0.023229202,-0.02593753,-0.040504657,-0.0037791673,0,,,,,,,
315,1.575,-0.025124816,-0.026685724,-0.043858096,-0.0062601184,0,,,,,,,
316,1.58,-0.009450547,-0.010475764,-0.02926048,0.0022313134,0,,,,,,,
317,1.585,0.003024159,0.002958818,-0.015656669,0.005650572,0,,,,,,,
318,1.59,-0.0014001318,0.00032869124,-0.015419498,-0.005227591,0,,,,,,,
319,1.595,-0.021784037,-0.018787818,-0.0287607,-0.02859263,0,,,,,,,
320,1.6,-0.04663556,-0.04491536,-0.047157936,-0.055361897,0,,,,,,,
321,1.605,-0.06343339,-0.06589799,-0.06020959,-0.07539725,0,,,,,,,
322,1.61,-0.0657392,-0.073008806,-0.06083637,-0.08182734,0,,,,,,,
323,1.615,-0.05443007,-0.06376694,-0.04742331,-0.07268728,0,,,,,,,
324,1.62,-0.034515075,-0.041549623,-0.023481688,-0.050600275,0,,,,,,,
325,1.625,-0.011101438,-0.012864987,0.0046028867,-0.021004004,0,,,,,,,
326,1.63,0.012661439,0.016099881,0.03080214,0.010294981,0,,,,,,,
327,1.635,0.03500316,0.041457288,0.05167513,0.038751464,0,,,,,,,
328,1.64,0.053805623,0.061034273,0.0660136,0.0610181,0,,,,,,,
329,1.645,0.06593968,0.07263362,0.07277477,0.07415907,0,,,,,,,
330,1.65,0.068530895,0.07368507,0.070022374,0.07589112,0,,,,,,,
331,1.655,0.060843993,0.06299044,0.056340143,0.06608239,0,,,,,,,
332,1.66,0.04483036,0.042570475,0.03317254,0.047775295,0,,,,,,,
333,1.665,0.023975192,0.017382149,0.005417722,0.026163261,0,,,,,,,
334,1.67,0.0019004004,-0.0069066565,-0.020430656,0.0061307657,0,,,,,,,
335,1.675,-0.017949803,-0.025881428,-0.038792074,-0.00945728,0,,,,,,,
336,1.68,-0.0319092,-0.036614314,-0.04622218,-0.01942006,0,,,,,,,
337,1.685,-0.036408518,-0.037076656,-0.041420493,-0.022919508,0,,,,,,,
338,1.69,-0.02973159,-0.026730845,-0.025563797,-0.01934035,0,,,,,,,
339,1.695,-0.01434827,-0.008741701,-0.0036149684,-0.010251228,0,,,,,,,
340,1.7,0.0020715347,0.008444183,0.015043264,-0.0015257484,0,,,,,,,
341,1.705,0.008743103,0.013327115,0.019268632,-0.002290329,0,,,,,,,
342,1.71,-0.002715657,-0.0019717142,0.0025001578,-0.01939668,0,,,,,,,
343,1.715,-0.031696398,-0.034515083,-0.030991167,-0.050622687,0,,,,,,,
344,1.72,-0.065759696,-0.06916486,-0.065687746,-0.08266529,0,,,,,,,
345,1.725,-0.08561572,-0.08616556,-0.08260522,-0.097426824,0,,,,,,,
346,1.73,-0.07664836,-0.07353831,-0.07076177,-0.083216235,0,,,,,,,
347,1.735,-0.039234567,-0.035030954,-0.03382405,-0.04246885,0,,,,,,,
348,1.74,0.010798796,0.012884998,0.013155056,0.01014462,0,,,,,,,
349,1.745,0.052834377,0.052435827,0.05377873,0.057320863,0,,,,,,,
350,1.75,0.07472017,0.07481238,0.078796245,0.08832916,0,,,,,,,
351,1.755,0.077732734,0.08155488,0.087332025,0.101206735,0,,,,,,,
352,1.76,0.07038541,0.07806845,0.08238262,0.09853722,0,,,,,,,
353,1.765,0.058717653,0.06704345,0.06652808,0.08280089,0,,,,,,,
354,1.77,0.042929467,0.04801855,0.04176886,0.055959906,0,,,,,,,
355,1.775,0.02227218,0.022004578,0.012127233,0.02229409,0,,,,,,,
356,1.78,0.0009423865,-0.005061974,-0.0151715,-0.010133676,0,,,,,,,
357,1.785,-0.012783378,-0.024440479,-0.032277666,-0.032267515,0,,,,,,,
358,1.79,-0.013803239,-0.030595869,-0.035411857,-0.039341517,0,,,,,,,
359,1.795,-0.0060609304,-0.025542038,-0.027815418,-0.034197494,0,,,,,,,
360,1.8,-0.000505764,-0.017661717,-0.018282967,-0.025662454,0,,,,,,,
361,1.805,-0.006579283,-0.0159754,-0.015856868,-0.02286384,0,,,,,,,
362,1.81,-0.024730586,-0.02415784,-0.024039581,-0.029299557,0,,,,,,,
363,1.815,-0.046127852,-0.038316485,-0.03838554,-0.040650282,0,,,,,,,
364,1.82,-0.0593496,-0.049792532,-0.04929198,-0.04792028,0,,,,,,,
365,1.825,-0.058488786,-0.05103234,-0.048343103,-0.04391964,0,,,,,,,
366,1.83,-0.046501316,-0.040464453,-0.03385051,-0.028454531,0,,,,,,,
367,1.835,-0.03146456,-0.02273588,-0.01151563,-0.00811204,0,,,,,,,
368,1.84,-0.018943835,-0.0041433987,0.010196813,0.0092916135,0,,,,,,,
369,1.845,-0.007129958,0.01257343,0.026009148,0.020691955,0,,,,,,,
370,1.85,0.010381133,0.028936865,0.036015224,0.028549597,0,,,,,,,
371,1.855,0.03596759,0.04601532,0.042540636,0.035710137,0,,,,,,,
372,1.86,0.061522037,0.059221502,0.04524677,0.03985242,0,,,,,,,
373,1.865,0.07151551,0.058988225,0.03989345,0.034030534,0,,,,,,,
374,1.87,0.054810453,0.038510308,0.022763383,0.013967778,0,,,,,,,
375,1.875,0.015782999,0.0023898217,-0.0030274172,-0.014521968,0,,,,,,,
376,1.88,-0.025443612,-0.032368675,-0.025920425,-0.03599059,0,,,,,,,
377,1.885,-0.04522946,-0.045938756,-0.03226312,-0.03517459,0,,,,,,,
378,1.89,-0.03215327,-0.029489303,-0.016617356,-0.008867285,0,,,,,,,
379,1.895,0.0056509324,0.007666776,0.0126538295,0.030240625,0,,,,,,,
380,1.9,0.04639415,0.04371303,0.038170803,0.061489373,0,,,,,,,
381,1.905,0.06830127,0.05856308,0.04543784,0.06968551,0,,,,,,,
382,1.91,0.06102823,0.04577225,0.032047328,0.053359434,0,,,,,,,
383,1.915,0.028657213,0.013966198,0.006943187,0.022381725,0,,,,,,,
384,1.92,-0.014786825,-0.021176232,-0.018073669,-0.010930996,0,,,,,,,
385,1.925,-0.05258558,-0.0465123,-0.03580736,-0.03851268,0,,,,,,,
386,1.93,-0.071718775,-0.05593264,-0.044233993,-0.05665257,0,,,,,,,
387,1.935,-0.06717932,-0.04954911,-0.04283312,-0.06284307,0,,,,,,,
388,1.94,-0.043569494,-0.03158743,-0.0313723,-0.055289652,0,,,,,,,
389,1.945,-0.012951846,-0.009409942,-0.013030416,-0.03621172,0,,,,,,,
390,1.95,0.010866916,0.007747733,0.003404035,-0.014082733,0,,,,,,,
391,1.955,0.018860215,0.012339058,0.0077200974,-4.402371e-05,0,,,,,,,
392,1.96,0.010412268,0.003128407,-0.0031682106,-3.9699745e-07,0,,,,,,,
393,1.965,-0.0074930233,-0.013055228,-0.020700166,-0.0093908375,0,,,,,,,
394,1.97,-0.024112498,-0.024841547,-0.029882658,-0.016098239,0,,,,,,,
395,1.975,-0.029486459,-0.02310126,-0.020540928,-0.009665847,0,,,,,,,
396,1.98,-0.018290259,-0.0061127124,0.005239279,0.01083422,0,,,,,,,
397,1.985,0.0077307182,0.020247087,0.0356371,0.03662622,0,,,,,,,
398,1.99,0.039693333,0.046401277,0.05822627,0.05613189,0,,,,,,,
399,1.995,0.06468297,0.06348064,0.06698678,0.062526025,0,,,,,,,
400,2.0,0.07145521,0.0658156,0.062265307,0.05608133,0,400,2.0,2.0022201538085938,0,0.8906758427619934,0.10932407528162,True
401,2.005,0.05622582,0.05191265,0.046567637,0.040992204,0,400,2.0,2.0022201538085938,0,0.8906758427619934,0.10932407528162,True
402,2.01,0.025116073,0.025059108,0.022146847,0.02103437,0,400,2.0,2.0022201538085938,0,0.8906758427619934,0.10932407528162,True
403,2.015,-0.0088468995,-0.0069832867,-0.0076344023,-0.001837657,0,400,2.0,2.0022201538085938,0,0.8906758427619934,0.10932407528162,True
404,2.02,-0.032877613,-0.034570627,-0.03643867,-0.025686136,0,404,2.02,2.020571231842041,0,0.8842728137969971,0.1157272160053253,True
405,2.025,-0.04125215,-0.050486296,-0.056249626,-0.046478096,0,404,2.02,2.020571231842041,0,0.8842728137969971,0.1157272160053253,True
406,2.03,-0.037237324,-0.053051844,-0.061498273,-0.058486477,0,404,2.02,2.020571231842041,0,0.8842728137969971,0.1157272160053253,True
407,2.035,-0.029068211,-0.045671754,-0.052458763,-0.05740842,0,404,2.02,2.020571231842041,0,0.8842728137969971,0.1157272160053253,True
408,2.04,-0.023253523,-0.033505406,-0.035020392,-0.043697104,0,408,2.04,2.042879819869995,0,0.888066828250885,0.1119332239031791,True
409,2.045,-0.020258317,-0.020193268,-0.017027525,-0.023023363,0,408,2.04,2.042879819869995,0,0.888066828250885,0.1119332239031791,True
410,2.05,-0.01566436,-0.0069954745,-0.003847079,-0.0030210656,0,408,2.04,2.042879819869995,0,0.888066828250885,0.1119332239031791,True
411,2.055,-0.005643392,0.0056633176,0.0038713636,0.011212415,0,408,2.04,2.042879819869995,0,0.888066828250885,0.1119332239031791,True
412,2.06,0.00813971,0.016311096,0.009020478,0.019222332,0,412,2.06,2.069201231002808,0,0.8895618319511414,0.1104381904006004,True
413,2.065,0.019056495,0.022492256,0.014781487,0.02361495,0,412,2.06,2.069201231002808,0,0.8895618319511414,0.1104381904006004,True
414,2.07,0.021557882,0.023054605,0.022043368,0.0268848,0,412,2.06,2.069201231002808,0,0.8895618319511414,0.1104381904006004,True
415,2.075,0.01700978,0.02024897,0.029273923,0.02962946,0,412,2.06,2.069201231002808,0,0.8895618319511414,0.1104381904006004,True
416,2.08,0.012987102,0.018757876,0.03423949,0.031032488,0,416,2.08,2.088080406188965,0,0.8888947367668152,0.1111052185297012,True
417,2.085,0.015934197,0.021648854,0.035539314,0.030153815,0,416,2.08,2.088080406188965,0,0.8888947367668152,0.1111052185297012,True
418,2.09,0.024109375,0.026748268,0.032624252,0.026319543,0,416,2.08,2.088080406188965,0,0.8888947367668152,0.1111052185297012,True
419,2.095,0.027880106,0.027135003,0.024786215,0.018440284,0,416,2.08,2.088080406188965,0,0.8888947367668152,0.1111052185297012,True
420,2.1,0.017448174,0.015944418,0.010751379,0.0046229465,0,420,2.1,2.103621244430542,0,0.8888073563575745,0.1111926883459091,True
421,2.105,-0.008667461,-0.00800376,-0.009953336,-0.01644095,0,420,2.1,2.103621244430542,0,0.8888073563575745,0.1111926883459091,True
422,2.11,-0.041187912,-0.037837535,-0.034513183,-0.04251514,0,420,2.1,2.103621244430542,0,0.8888073563575745,0.1111926883459091,True
423,2.115,-0.06501882,-0.06125792,-0.055671047,-0.06588034,0,420,2.1,2.103621244430542,0,0.8888073563575745,0.1111926883459091,True
424,2.12,-0.06767829,-0.06679754,-0.064151615,-0.07553369,0,424,2.12,2.1257777214050293,0,0.8883168697357178,0.1116830930113792,True
425,2.125,-0.046034276,-0.050262056,-0.054044824,-0.06361403,0,424,2.12,2.1257777214050293,0,0.8883168697357178,0.1116830930113792,True
426,2.13,-0.008113951,-0.017561527,-0.027305124,-0.031653628,0,424,2.12,2.1257777214050293,0,0.8883168697357178,0.1116830930113792,True
427,2.135,0.030648386,0.01812969,0.0065484634,0.008938962,0,424,2.12,2.1257777214050293,0,0.8883168697357178,0.1116830930113792,True
428,2.14,0.05513205,0.04355037,0.03565542,0.043440185,0,428,2.14,2.161356210708618,0,0.888467013835907,0.1115330010652542,True
429,2.145,0.058531057,0.052384388,0.051920168,0.06246283,0,428,2.14,2.161356210708618,0,0.888467013835907,0.1115330010652542,True
430,2.15,0.04574244,0.047373127,0.053560697,0.06578211,0,428,2.14,2.161356210708618,0,0.888467013835907,0.1115330010652542,True
431,2.155,0.029013382,0.0361541,0.043222196,0.05885301,0,428,2.14,2.161356210708618,0,0.888467013835907,0.1115330010652542,True
432,2.16,0.01800597,0.0242806,0.024519447,0.046065968,0,432,2.16,2.167708396911621,0,0.8858740329742432,0.1141259670257568,True
433,2.165,0.011833295,0.011225891,0.0004100037,0.027275776,0,432,2.16,2.167708396911621,0,0.8858740329742432,0.1141259670257568,True
434,2.17,0.000620835,-0.0070874263,-0.025627911,0.0006456804,0,432,2.16,2.167708396911621,0,0.8858740329742432,0.1141259670257568,True
435,2.175,-0.023289151,-0.031201331,-0.047480192,-0.031177158,0,432,2.16,2.167708396911621,0,0.8858740329742432,0.1141259670257568,True
436,2.18,-0.0539606,-0.053027634,-0.05639253,-0.057897475,0,436,2.18,2.187776565551758,0,0.8777698874473572,0.122230090200901,True
437,2.185,-0.072098315,-0.058699075,-0.04486725,-0.06568251,0,436,2.18,2.187776565551758,0,0.8777698874473572,0.122230090200901,True
438,2.19,-0.059404273,-0.038895138,-0.012911902,-0.046755083,0,436,2.18,2.187776565551758,0,0.8777698874473572,0.122230090200901,True
439,2.195,-0.01582445,0.001318119,0.028257148,-0.00730917,0,436,2.18,2.187776565551758,0,0.8777698874473572,0.122230090200901,True
440,2.2,0.03633943,0.042501397,0.059862427,0.033459682,0,440,2.2,2.208848476409912,0,0.889064371585846,0.1109356433153152,True
441,2.205,0.06707246,0.062686756,0.06622142,0.054259002,0,440,2.2,2.208848476409912,0,0.889064371585846,0.1109356433153152,True
442,2.21,0.060728926,0.05253438,0.045312274,0.045496117,0,440,2.2,2.208848476409912,0,0.889064371585846,0.1109356433153152,True
443,2.215,0.02686811,0.02144166,0.01046466,0.01558801,0,440,2.2,2.208848476409912,0,0.889064371585846,0.1109356433153152,True
444,2.22,-0.009120642,-0.010548967,-0.019131662,-0.0155362245,0,444,2.22,2.222944498062134,0,0.8900739550590515,0.1099260225892067,True
445,2.225,-0.026669536,-0.027996067,-0.03180752,-0.03094778,0,444,2.22,2.222944498062134,0,0.8900739550590515,0.1099260225892067,True
446,2.23,-0.023783853,-0.029515749,-0.029818244,-0.027777227,0,444,2.22,2.222944498062134,0,0.8900739550590515,0.1099260225892067,True
447,2.235,-0.013428385,-0.024473375,-0.024212133,-0.016402757,0,444,2.22,2.222944498062134,0,0.8900739550590515,0.1099260225892067,True
448,2.24,-0.00858841,-0.021825071,-0.023828533,-0.009697506,0,448,2.24,2.24436354637146,0,0.8887649774551392,0.1112351045012474,True
449,2.245,-0.011198437,-0.022282874,-0.028432105,-0.0124109145,0,448,2.24,2.24436354637146,0,0.8887649774551392,0.1112351045012474,True
450,2.25,-0.014040516,-0.020173967,-0.030918278,-0.019338919,0,448,2.24,2.24436354637146,0,0.8887649774551392,0.1112351045012474,True
451,2.255,-0.01097288,-0.011279598,-0.02486338,-0.022027781,0,448,2.24,2.24436354637146,0,0.8887649774551392,0.1112351045012474,True
452,2.26,-0.0036817368,0.0021224737,-0.009884789,-0.016391316,0,452,2.26,2.2765517234802246,0,0.8871545791625977,0.1128454208374023,True
453,2.265,0.0013636944,0.01363412,0.00909415,-0.0044417502,0,452,2.26,2.2765517234802246,0,0.8871545791625977,0.1128454208374023,True
454,2.27,0.0010539786,0.01906377,0.026274316,0.0096399775,0,452,2.26,2.2765517234802246,0,0.8871545791625977,0.1128454208374023,True
455,2.275,-0.00063526037,0.019674292,0.03809848,0.02341789,0,452,2.26,2.2765517234802246,0,0.8871545791625977,0.1128454208374023,True
456,2.28,0.002768396,0.019357093,0.0428883,0.03584376,0,456,2.28,2.288780689239502,0,0.8887474536895752,0.111252561211586,True
457,2.285,0.01271505,0.01952071,0.039255004,0.044278577,0,456,2.28,2.288780689239502,0,0.8887474536895752,0.111252561211586,True
458,2.29,0.023485877,0.017676374,0.026550638,0.04390168,0,456,2.28,2.288780689239502,0,0.8887474536895752,0.111252561211586,True
459,2.295,0.027657723,0.011236098,0.0074040885,0.03159354,0,456,2.28,2.288780689239502,0,0.8887474536895752,0.111252561211586,True
460,2.3,0.023349045,0.002053737,-0.011077935,0.010670151,0,460,2.3,2.303654193878174,0,0.8897872567176819,0.1102127134799957,True
461,2.305,0.015791817,-0.0037609201,-0.020357646,-0.009145245,0,460,2.3,2.303654193878174,0,0.8897872567176819,0.1102127134799957,True
462,2.31,0.011692085,-0.0013191112,-0.016415527,-0.018016431,0,460,2.3,2.303654193878174,0,0.8897872567176819,0.1102127134799957,True
463,2.315,0.011973754,0.00736779,-0.0036247643,-0.013798288,0,460,2.3,2.303654193878174,0,0.8897872567176819,0.1102127134799957,True
464,2.32,0.0101831285,0.013430026,0.0075180084,-0.004284573,0,464,2.32,2.3247005939483643,0,0.8898120522499084,0.1101879552006721,True
465,2.325,-0.0011690944,0.008050433,0.007922455,-0.00096927676,0,464,2.32,2.3247005939483643,0,0.8898120522499084,0.1101879552006721,True
466,2.33,-0.021520995,-0.008950275,-0.0028851049,-0.008803083,0,464,2.32,2.3247005939483643,0,0.8898120522499084,0.1101879552006721,True
467,2.335,-0.039322644,-0.026658492,-0.01583788,-0.020858262,0,464,2.32,2.3247005939483643,0,0.8898120522499084,0.1101879552006721,True
468,2.34,-0.039962407,-0.030532744,-0.019151619,-0.023718337,0,468,2.34,2.3371376991271973,0,0.890137255191803,0.1098627746105194,True
469,2.345,-0.019250158,-0.014998789,-0.0080975555,-0.010141178,0,468,2.34,2.3371376991271973,0,0.890137255191803,0.1098627746105194,True
470,2.35,0.009868926,0.009665446,0.010134843,0.012133716,0,468,2.34,2.3371376991271973,0,0.890137255191803,0.1098627746105194,True
471,2.355,0.025324663,0.023607953,0.020998484,0.024506511,0,468,2.34,2.3371376991271973,0,0.890137255191803,0.1098627746105194,True
472,2.36,0.013181036,0.012833021,0.013404996,0.012287738,0,472,2.36,2.3539388179779053,0,0.890686571598053,0.1093134060502052,True
473,2.365,-0.020754274,-0.019157821,-0.011724333,-0.02234286,0,472,2.36,2.3539388179779053,0,0.890686571598053,0.1093134060502052,True
474,2.37,-0.05509326,-0.05347066,-0.04170545,-0.060423132,0,472,2.36,2.3539388179779053,0,0.890686571598053,0.1093134060502052,True
475,2.375,-0.068565354,-0.06938777,-0.060337503,-0.07907622,0,472,2.36,2.3539388179779053,0,0.890686571598053,0.1093134060502052,True
476,2.38,-0.053603902,-0.057769563,-0.0575433,-0.066394575,0,476,2.38,2.3821117877960205,0,0.8826112151145935,0.117388792335987,True
477,2.385,-0.018148629,-0.02456526,-0.03406063,-0.027380876,0,476,2.38,2.3821117877960205,0,0.8826112151145935,0.117388792335987,True
478,2.39,0.022488112,0.015658326,0.00045495504,0.021372741,0,476,2.38,2.3821117877960205,0,0.8826112151145935,0.117388792335987,True
479,2.395,0.054866295,0.04893609,0.03320788,0.062091198,0,476,2.38,2.3821117877960205,0,0.8826112151145935,0.117388792335987,True
480,2.4,0.071611844,0.06724398,0.054068454,0.0835592,0,480,2.4,2.401922702789306,0,0.890337347984314,0.109662652015686,True
481,2.405,0.071202904,0.0688589,0.058935568,0.08303596,0,480,2.4,2.401922702789306,0,0.890337347984314,0.109662652015686,True
482,2.41,0.056889214,0.056559306,0.05002211,0.06428732,0,480,2.4,2.401922702789306,0,0.890337347984314,0.109662652015686,True
483,2.415,0.035770673,0.035976414,0.03362221,0.034963198,0,480,2.4,2.401922702789306,0,0.890337347984314,0.109662652015686,True
484,2.42,0.016372543,0.014073003,0.016678106,0.0044888663,0,484,2.42,2.4206254482269287,0,0.8874161243438721,0.1125838682055473,True
485,2.425,0.0044405945,-0.0028656777,0.003997625,-0.018217525,0,484,2.42,2.4206254482269287,0,0.8874161243438721,0.1125838682055473,True
486,2.43,-7.619155e-05,-0.011142875,-0.0024163953,-0.02746837,0,484,2.42,2.4206254482269287,0,0.8874161243438721,0.1125838682055473,True
487,2.435,-0.001875356,-0.01038327,-0.002234505,-0.022833467,0,484,2.42,2.4206254482269287,0,0.8874161243438721,0.1125838682055473,True
488,2.44,-0.0058697844,-0.0030845143,0.004091781,-0.009119156,0,488,2.44,2.4395840167999268,0,0.8852171301841736,0.114782840013504,True
489,2.445,-0.013492847,0.006168119,0.014464413,0.0058535947,0,488,2.44,2.4395840167999268,0,0.8852171301841736,0.114782840013504,True
490,2.45,-0.022606572,0.0116170505,0.023606006,0.014553593,0,488,2.44,2.4395840167999268,0,0.8852171301841736,0.114782840013504,True
491,2.455,-0.030219685,0.00800363,0.023619128,0.012588281,0,488,2.44,2.4395840167999268,0,0.8852171301841736,0.114782840013504,True
492,2.46,-0.03512261,-0.006989149,0.007848604,-3.93302e-05,0,492,2.46,2.465498447418213,0,0.8892009854316711,0.110798992216587,True
493,2.465,-0.038399275,-0.030902082,-0.024089253,-0.01954157,0,492,2.46,2.465498447418213,0,0.8892009854316711,0.110798992216587,True
494,2.47,-0.041841496,-0.05684615,-0.06393491,-0.040197972,0,492,2.46,2.465498447418213,0,0.8892009854316711,0.110798992216587,True
495,2.475,-0.04568192,-0.07612501,-0.09730611,-0.05636503,0,492,2.46,2.465498447418213,0,0.8892009854316711,0.110798992216587,True
496,2.48,-0.047317103,-0.08161096,-0.11000094,-0.063784994,0,496,2.48,2.483658790588379,0,0.8893668055534363,0.1106332242488861,True
497,2.485,-0.042047255,-0.070066854,-0.09455341,-0.059983462,0,496,2.48,2.483658790588379,0,0.8893668055534363,0.1106332242488861,True
498,2.49,-0.025669206,-0.042675387,-0.053573783,-0.044210415,0,496,2.48,2.483658790588379,0,0.8893668055534363,0.1106332242488861,True
499,2.495,0.0023183378,-0.0044221613,0.0013901585,-0.017727,0,496,2.48,2.483658790588379,0,0.8893668055534363,0.1106332242488861,True
500,2.5,0.036570873,0.03660728,0.05423041,0.015197666,0,500,2.5,2.510453701019287,0,0.8883451819419861,0.1116548627614975,True
501,2.505,0.06641564,0.07011732,0.08975804,0.04661714,0,500,2.5,2.510453701019287,0,0.8883451819419861,0.1116548627614975,True
502,2.51,0.08002575,0.08620877,0.09885237,0.06669623,0,500,2.5,2.510453701019287,0,0.8883451819419861,0.1116548627614975,True
503,2.515,0.07127611,0.080324724,0.08221691,0.06870863,0,500,2.5,2.510453701019287,0,0.8883451819419861,0.1116548627614975,True
504,2.52,0.04520751,0.057621587,0.050800364,0.054251686,0,504,2.52,2.5253491401672363,0,0.8909490704536438,0.109050877392292,True
505,2.525,0.016857622,0.031739645,0.020921363,0.03350302,0,504,2.52,2.5253491401672363,0,0.8909490704536438,0.109050877392292,True
506,2.53,0.0021028076,0.016438792,0.0052664783,0.018521987,0,504,2.52,2.5253491401672363,0,0.8909490704536438,0.109050877392292,True
507,2.535,0.006250322,0.015631361,0.00532468,0.014259907,0,504,2.52,2.5253491401672363,0,0.8909490704536438,0.109050877392292,True
508,2.54,0.019666597,0.020470116,0.011349581,0.015196339,0,508,2.54,2.542806625366211,0,0.8770279884338379,0.1229719445109367,True
509,2.545,0.024949728,0.016826563,0.010504311,0.011021844,0,508,2.54,2.542806625366211,0,0.8770279884338379,0.1229719445109367,True
510,2.55,0.010413587,-0.0027863327,-0.0030849157,-0.0036100126,0,508,2.54,2.542806625366211,0,0.8770279884338379,0.1229719445109367,True
511,2.555,-0.021003988,-0.032888617,-0.024321536,-0.024092568,0,508,2.54,2.542806625366211,0,0.8770279884338379,0.1229719445109367,True
512,2.56,-0.054297213,-0.059256,-0.04184371,-0.0398513,0,512,2.56,2.554579257965088,0,0.8791376352310181,0.1208623796701431,True
513,2.565,-0.07346468,-0.06950202,-0.04690835,-0.04318179,0,512,2.56,2.554579257965088,0,0.8791376352310181,0.1208623796701431,True
514,2.57,-0.07168871,-0.061159536,-0.039230783,-0.034915812,0,512,2.56,2.554579257965088,0,0.8791376352310181,0.1208623796701431,True
515,2.575,-0.053404395,-0.041632164,-0.02598684,-0.022594696,0,512,2.56,2.554579257965088,0,0.8791376352310181,0.1208623796701431,True
516,2.58,-0.028673302,-0.021530604,-0.015868928,-0.01380624,0,516,2.58,2.5942561626434326,0,0.8896695375442505,0.1103304252028465,True
517,2.585,-0.0059254942,-0.0074758683,-0.01314845,-0.010862378,0,516,2.58,2.5942561626434326,0,0.8896695375442505,0.1103304252028465,True
518,2.59,0.011349999,0.00049571093,-0.015603306,-0.010628666,0,516,2.58,2.5942561626434326,0,0.8896695375442505,0.1103304252028465,True
519,2.595,0.023076082,0.006243865,-0.016940251,-0.008380562,0,516,2.58,2.5942561626434326,0,0.8896695375442505,0.1103304252028465,True
520,2.6,0.029451711,0.01285207,-0.011592391,-0.001803981,0,520,2.6,2.602414608001709,0,0.8899919986724854,0.1100079715251922,True
521,2.605,0.029828876,0.02007293,0.0013275957,0.007725008,0,520,2.6,2.602414608001709,0,0.8899919986724854,0.1100079715251922,True
522,2.61,0.024271192,0.025486985,0.017454065,0.016621945,0,520,2.6,2.602414608001709,0,0.8899919986724854,0.1100079715251922,True
523,2.615,0.015325497,0.027454192,0.030274943,0.021503413,0,520,2.6,2.602414608001709,0,0.8899919986724854,0.1100079715251922,True
524,2.62,0.0073501715,0.026566563,0.035556763,0.020844674,0,524,2.62,2.6168582439422607,0,0.8909347057342529,0.1090653464198112,True
525,2.625,0.0036122988,0.024338638,0.03370485,0.015457492,0,524,2.62,2.6168582439422607,0,0.8909347057342529,0.1090653464198112,True
526,2.63,0.004109204,0.021109669,0.02846552,0.008167081,0,524,2.62,2.6168582439422607,0,0.8909347057342529,0.1090653464198112,True
527,2.635,0.0065405006,0.015973186,0.023518028,0.0028959813,0,524,2.62,2.6168582439422607,0,0.8909347057342529,0.1090653464198112,True
528,2.64,0.00944146,0.008962731,0.0200251,0.003017429,0,528,2.64,2.643562793731689,0,0.8876158595085144,0.1123841181397438,True
529,2.645,0.013839248,0.0026292687,0.01676686,0.009240908,0,528,2.64,2.643562793731689,0,0.8876158595085144,0.1123841181397438,True
530,2.65,0.02100933,0.0002819131,0.011798678,0.018196007,0,528,2.64,2.643562793731689,0,0.8876158595085144,0.1123841181397438,True
531,2.655,0.028226793,0.0018621861,0.003560122,0.023177242,0,528,2.64,2.643562793731689,0,0.8876158595085144,0.1123841181397438,True
532,2.66,0.027603371,0.0019348845,-0.009063163,0.017546663,0,532,2.66,2.6668171882629395,0,0.8873911499977112,0.1126088425517082,True
533,2.665,0.011267879,-0.006630718,-0.026242638,-0.00054841844,0,532,2.66,2.6668171882629395,0,0.8873911499977112,0.1126088425517082,True
534,2.67,-0.020136235,-0.025203334,-0.045269046,-0.025118686,0,532,2.66,2.6668171882629395,0,0.8873911499977112,0.1126088425517082,True
535,2.675,-0.053682975,-0.045115482,-0.05899254,-0.04397493,0,532,2.66,2.6668171882629395,0,0.8873911499977112,0.1126088425517082,True
536,2.68,-0.07083754,-0.052226536,-0.05798312,-0.045567956,0,536,2.68,2.6833975315093994,0,0.8872742056846619,0.1127257794141769,True
537,2.685,-0.060964666,-0.038027868,-0.036884427,-0.027184935,0,536,2.68,2.6833975315093994,0,0.8872742056846619,0.1127257794141769,True
538,2.69,-0.030221941,-0.0076734247,-0.00029131898,0.0019518351,0,536,2.68,2.6833975315093994,0,0.8872742056846619,0.1127257794141769,True
539,2.695,0.002963003,0.023066368,0.037850905,0.026294326,0,536,2.68,2.6833975315093994,0,0.8872742056846619,0.1127257794141769,True
540,2.7,0.022419037,0.039660025,0.06205098,0.034572065,0,540,2.7,2.700190782546997,0,0.8877491354942322,0.1122508123517036,True
541,2.705,0.025525646,0.03854888,0.06412565,0.026583113,0,540,2.7,2.700190782546997,0,0.8877491354942322,0.1122508123517036,True
542,2.71,0.021379823,0.026337622,0.04610866,0.010530669,0,540,2.7,2.700190782546997,0,0.8877491354942322,0.1122508123517036,True
543,2.715,0.019256134,0.01113161,0.016365109,-0.0056516305,0,540,2.7,2.700190782546997,0,0.8877491354942322,0.1122508123517036,True
544,2.72,0.019721588,-0.003968391,-0.015931929,-0.019966185,0,544,2.72,2.7282536029815674,0,0.8900662064552307,0.1099337860941886,True
545,2.725,0.016291881,-0.019396039,-0.043305013,-0.0340161,0,544,2.72,2.7282536029815674,0,0.8900662064552307,0.1099337860941886,True
546,2.73,0.0039762123,-0.03362326,-0.059835516,-0.04666093,0,544,2.72,2.7282536029815674,0,0.8900662064552307,0.1099337860941886,True
547,2.735,-0.014582935,-0.041258764,-0.061494708,-0.05155037,0,544,2.72,2.7282536029815674,0,0.8900662064552307,0.1099337860941886,True
548,2.74,-0.030294891,-0.036863856,-0.047872603,-0.041499063,0,548,2.74,2.742636203765869,0,0.8846583366394043,0.1153416782617569,True
549,2.745,-0.03375746,-0.019811127,-0.023142377,-0.015148817,0,548,2.74,2.742636203765869,0,0.8846583366394043,0.1153416782617569,True
550,2.75,-0.021157118,0.0048525506,0.0056367414,0.020645427,0,548,2.74,2.742636203765869,0,0.8846583366394043,0.1153416782617569,True
551,2.755,0.0034960515,0.02967817,0.03190178,0.054645803,0,548,2.74,2.742636203765869,0,0.8846583366394043,0.1153416782617569,True
552,2.76,0.030516833,0.048656236,0.051917322,0.07752521,0,552,2.76,2.7657546997070312,0,0.8896730542182922,0.1103269085288047,True
553,2.765,0.049633656,0.058723204,0.064424396,0.08546029,0,552,2.76,2.7657546997070312,0,0.8896730542182922,0.1103269085288047,True
554,2.77,0.054857645,0.05886955,0.068490975,0.07911372,0,552,2.76,2.7657546997070312,0,0.8896730542182922,0.1103269085288047,True
555,2.775,0.04598584,0.048697297,0.062065728,0.06043016,0,552,2.76,2.7657546997070312,0,0.8896730542182922,0.1103269085288047,True
556,2.78,0.026564155,0.028377885,0.04324755,0.031247374,0,556,2.78,2.783529281616211,0,0.8860486745834351,0.1139513477683067,True
557,2.785,0.001615833,0.0006149603,0.013835072,-0.004716147,0,556,2.78,2.783529281616211,0,0.8860486745834351,0.1139513477683067,True
558,2.79,-0.022134311,-0.027159708,-0.018148981,-0.03923314,0,556,2.78,2.783529281616211,0,0.8860486745834351,0.1139513477683067,True
559,2.795,-0.035652835,-0.043966822,-0.04082962,-0.06097087,0,556,2.78,2.783529281616211,0,0.8860486745834351,0.1139513477683067,True
560,2.8,-0.031463783,-0.041848954,-0.046039566,-0.062386427,0,560,2.8,2.8005003929138184,0,0.886644721031189,0.113355204463005,True
561,2.805,-0.011893195,-0.024151111,-0.0366769,-0.047261238,0,560,2.8,2.8005003929138184,0,0.886644721031189,0.113355204463005,True
562,2.81,0.006816932,-0.007057469,-0.026357671,-0.030887628,0,560,2.8,2.8005003929138184,0,0.886644721031189,0.113355204463005,True
563,2.815,0.0033771712,-0.009189053,-0.029245779,-0.029756855,0,560,2.8,2.8005003929138184,0,0.886644721031189,0.113355204463005,True
564,2.82,-0.03000448,-0.035306685,-0.047363635,-0.047579985,0,564,2.82,2.8283727169036865,0,0.8889659643173218,0.1110340133309364,True
565,2.825,-0.07586992,-0.068741046,-0.066899575,-0.07003653,0,564,2.82,2.8283727169036865,0,0.8889659643173218,0.1110340133309364,True
566,2.83,-0.100765996,-0.082014054,-0.06828794,-0.07467472,0,564,2.82,2.8283727169036865,0,0.8889659643173218,0.1110340133309364,True
567,2.835,-0.08087366,-0.058648884,-0.042296056,-0.048887197,0,564,2.82,2.8283727169036865,0,0.8889659643173218,0.1110340133309364,True
568,2.84,-0.022203144,-0.007332762,0.0018618574,-0.0006141202,0,568,2.84,2.8424479961395264,0,0.8905256390571594,0.1094743311405181,True
569,2.845,0.043268815,0.044588566,0.043531846,0.047759045,0,568,2.84,2.8424479961395264,0,0.8905256390571594,0.1094743311405181,True
570,2.85,0.08247911,0.07257057,0.06625812,0.07679086,0,568,2.84,2.8424479961395264,0,0.8905256390571594,0.1094743311405181,True
571,2.855,0.085123785,0.072181515,0.068277724,0.08320362,0,568,2.84,2.8424479961395264,0,0.8905256390571594,0.1094743311405181,True
572,2.86,0.06647094,0.058011636,0.059844,0.07812075,0,572,2.86,2.876847267150879,0,0.8884055614471436,0.1115943789482116,True
573,2.865,0.04941322,0.047534313,0.051821057,0.073810555,0,572,2.86,2.876847267150879,0,0.8884055614471436,0.1115943789482116,True
574,2.87,0.044218745,0.04610215,0.046876937,0.07228174,0,572,2.86,2.876847267150879,0,0.8884055614471436,0.1115943789482116,True
575,2.875,0.043723784,0.04575834,0.040173616,0.065565266,0,572,2.86,2.876847267150879,0,0.8884055614471436,0.1115943789482116,True
576,2.88,0.03489696,0.035981,0.026552962,0.045409076,0,576,2.88,2.8891305923461914,0,0.8754947185516357,0.1245052739977836,True
577,2.885,0.012807426,0.0141694695,0.006145641,0.01199959,0,576,2.88,2.8891305923461914,0,0.8754947185516357,0.1245052739977836,True
578,2.89,-0.016059084,-0.0132678915,-0.016062753,-0.025759142,0,576,2.88,2.8891305923461914,0,0.8754947185516357,0.1245052739977836,True
579,2.895,-0.041178368,-0.037431274,-0.034381118,-0.056783885,0,576,2.88,2.8891305923461914,0,0.8754947185516357,0.1245052739977836,True
580,2.9,-0.056220617,-0.0528939,-0.045499858,-0.074260056,0,580,2.9,2.9035277366638184,0,0.8830109238624573,0.1169891357421875,True
581,2.905,-0.060712606,-0.05846459,-0.048807394,-0.07757778,0,580,2.9,2.9035277366638184,0,0.8830109238624573,0.1169891357421875,True
582,2.91,-0.0567388,-0.055107586,-0.045666993,-0.07066159,0,580,2.9,2.9035277366638184,0,0.8830109238624573,0.1169891357421875,True
583,2.915,-0.046452284,-0.04507348,-0.039040007,-0.05939818,0,580,2.9,2.9035277366638184,0,0.8830109238624573,0.1169891357421875,True
584,2.92,-0.032332867,-0.032208722,-0.032485615,-0.048942342,0,584,2.92,2.932759046554565,0,0.888293981552124,0.11170594394207,True
585,2.925,-0.017408244,-0.020552434,-0.027567467,-0.040647272,0,584,2.92,2.932759046554565,0,0.888293981552124,0.11170594394207,True
586,2.93,-0.0034766127,-0.010978143,-0.021525817,-0.030270569,0,584,2.92,2.932759046554565,0,0.888293981552124,0.11170594394207,True
587,2.935,0.010542396,0.00022573638,-0.0085654855,-0.010460612,0,584,2.92,2.932759046554565,0,0.888293981552124,0.11170594394207,True
588,2.94,0.027074568,0.017692674,0.014731675,0.022395384,0,588,2.94,2.952716112136841,0,0.8892948627471924,0.1107051149010658,True
589,2.945,0.045782592,0.04066282,0.044010222,0.062006846,0,588,2.94,2.952716112136841,0,0.8892948627471924,0.1107051149010658,True
590,2.95,0.060955167,0.06031764,0.06711025,0.092963345,0,588,2.94,2.952716112136841,0,0.8892948627471924,0.1107051149010658,True
591,2.955,0.063530326,0.06438237,0.07070487,0.099456266,0,588,2.94,2.952716112136841,0,0.8892948627471924,0.1107051149010658,True
592,2.96,0.046774335,0.045914546,0.04920483,0.07579658,0,592,2.96,2.964784860610962,0,0.8886867761611938,0.1113131940364837,True
593,2.965,0.011614406,0.009238196,0.009322873,0.030621964,0,592,2.96,2.964784860610962,0,0.8886867761611938,0.1113131940364837,True
594,2.97,-0.03201609,-0.031631127,-0.03315036,-0.018197807,0,592,2.96,2.964784860610962,0,0.8886867761611938,0.1113131940364837,True
595,2.975,-0.06879124,-0.060645822,-0.061973043,-0.053640705,0,592,2.96,2.964784860610962,0,0.8886867761611938,0.1113131940364837,True
596,2.98,-0.08469641,-0.06776646,-0.068320565,-0.06719735,0,596,2.98,2.9842798709869385,0,0.8578305840492249,0.1421694010496139,True
597,2.985,-0.07330245,-0.05233807,-0.052988466,-0.059836615,0,596,2.98,2.9842798709869385,0,0.8578305840492249,0.1421694010496139,True
598,2.99,-0.03834771,-0.021059431,-0.023057457,-0.037830546,0,596,2.98,2.9842798709869385,0,0.8578305840492249,0.1421694010496139,True
599,2.995,0.008367569,0.016247243,0.012646455,-0.008379174,0,596,2.98,2.9842798709869385,0,0.8578305840492249,0.1421694010496139,True
600,3.0,0.051911272,0.049500123,0.04544535,0.02154807,0,600,3.0,3.010750770568848,0,0.8869227766990662,0.113077238202095,True
601,3.005,0.07911099,0.06934671,0.06652602,0.044166155,0,600,3.0,3.010750770568848,0,0.8869227766990662,0.113077238202095,True
602,3.01,0.08211503,0.06871085,0.06813925,0.051466137,0,600,3.0,3.010750770568848,0,0.8869227766990662,0.113077238202095,True
603,3.015,0.060984876,0.046548568,0.04809863,0.03948844,0,600,3.0,3.010750770568848,0,0.8869227766990662,0.113077238202095,True
604,3.02,0.024857843,0.011351553,0.014216323,0.013342819,0,604,3.02,3.042323350906372,0,0.8897602558135986,0.1102397218346595,True
605,3.025,-0.010629055,-0.020672547,-0.017231038,-0.012940446,0,604,3.02,3.042323350906372,0,0.8897602558135986,0.1102397218346595,True
606,3.03,-0.030766366,-0.034528136,-0.030812833,-0.024443606,0,604,3.02,3.042323350906372,0,0.8897602558135986,0.1102397218346595,True
607,3.035,-0.03033641,-0.026899982,-0.022987079,-0.016371189,0,604,3.02,3.042323350906372,0,0.8897602558135986,0.1102397218346595,True
608,3.04,-0.016474595,-0.008899379,-0.005198638,0.0015002274,0,608,3.04,3.0473225116729736,0,0.8847788572311401,0.1152211353182792,True
609,3.045,-0.002756002,0.0025815777,0.004918914,0.012068354,0,608,3.04,3.0473225116729736,0,0.8847788572311401,0.1152211353182792,True
610,3.05,0.00053463166,-0.0020923833,-0.0026379602,0.0044195084,0,608,3.04,3.0473225116729736,0,0.8847788572311401,0.1152211353182792,True
611,3.055,-0.008469332,-0.019428102,-0.023438666,-0.018122632,0,608,3.04,3.0473225116729736,0,0.8847788572311401,0.1152211353182792,True
612,3.06,-0.02563765,-0.038455684,-0.044323083,-0.042107787,0,612,3.06,3.0748543739318848,0,0.8841435313224792,0.1158564612269401,True
613,3.065,-0.045723993,-0.050830554,-0.055155903,-0.055400625,0,612,3.06,3.0748543739318848,0,0.8841435313224792,0.1158564612269401,True
614,3.07,-0.06362739,-0.055182558,-0.055227667,-0.055065524,0,612,3.06,3.0748543739318848,0,0.8841435313224792,0.1158564612269401,True
615,3.075,-0.07252652,-0.053298015,-0.049606226,-0.045808513,0,612,3.06,3.0748543739318848,0,0.8841435313224792,0.1158564612269401,True
616,3.08,-0.064297974,-0.044502594,-0.04101291,-0.032647125,0,616,3.08,3.0889933109283447,0,0.889379620552063,0.1106203645467758,True
617,3.085,-0.0343848,-0.024828177,-0.025885867,-0.01558757,0,616,3.08,3.0889933109283447,0,0.889379620552063,0.1106203645467758,True
618,3.09,0.013314633,0.008921717,0.0021901075,0.009514313,0,616,3.08,3.0889933109283447,0,0.889379620552063,0.1106203645467758,True
619,3.095,0.06683124,0.054554235,0.045258973,0.045458525,0,616,3.08,3.0889933109283447,0,0.889379620552063,0.1106203645467758,True
620,3.1,0.11136668,0.10258129,0.09567718,0.0879789,0,620,3.1,3.104787349700928,0,0.8886299133300781,0.1113700717687606,True
621,3.105,0.1345551,0.13771038,0.13653229,0.12403373,0,620,3.1,3.104787349700928,0,0.8886299133300781,0.1113700717687606,True
622,3.11,0.12896782,0.14381611,0.14854893,0.13644135,0,620,3.1,3.104787349700928,0,0.8886299133300781,0.1113700717687606,True
623,3.115,0.09348883,0.111858875,0.120672226,0.11347021,0,620,3.1,3.104787349700928,0,0.8886299133300781,0.1113700717687606,True
624,3.12,0.03524584,0.047175914,0.05810736,0.05753356,0,624,3.12,3.1307637691497803,0,0.8879786133766174,0.1120213866233825,True
625,3.125,-0.030079026,-0.029917393,-0.018505415,-0.013968161,0,624,3.12,3.1307637691497803,0,0.8879786133766174,0.1120213866233825,True
626,3.13,-0.08294807,-0.09313646,-0.08355089,-0.07745435,0,624,3.12,3.1307637691497803,0,0.8879786133766174,0.1120213866233825,True
627,3.135,-0.108629644,-0.12390261,-0.11963366,-0.115516745,0,624,3.12,3.1307637691497803,0,0.8879786133766174,0.1120213866233825,True
628,3.14,-0.10385665,-0.119908124,-0.12419625,-0.12380403,0,628,3.14,3.147036075592041,0,0.8538229465484619,0.1461770236492157,True
629,3.145,-0.076585256,-0.092766,-0.10603244,-0.10875217,0,628,3.14,3.147036075592041,0,0.8538229465484619,0.1461770236492157,True
630,3.15,-0.04008629,-0.058123957,-0.07658126,-0.080479465,0,628,3.14,3.147036075592041,0,0.8538229465484619,0.1461770236492157,True
631,3.155,-0.0067553385,-0.02689661,-0.043828174,-0.047690105,0,628,3.14,3.147036075592041,0,0.8538229465484619,0.1461770236492157,True
632,3.16,0.014822307,-0.003205981,-0.012197202,-0.016982414,0,632,3.16,3.167836427688598,0,0.8842340111732483,0.1157659292221069,True
633,3.165,0.020432286,0.012418733,0.014484162,0.0063223774,0,632,3.16,3.167836427688598,0,0.8842340111732483,0.1157659292221069,True
634,3.17,0.010759592,0.019810734,0.03179812,0.019027663,0,632,3.16,3.167836427688598,0,0.8842340111732483,0.1157659292221069,True
635,3.175,-0.007941515,0.019202715,0.036991775,0.022116693,0,632,3.16,3.167836427688598,0,0.8842340111732483,0.1157659292221069,True
636,3.18,-0.024909738,0.013478135,0.032158308,0.021146575,0,636,3.18,3.189894914627075,0,0.8862959742546082,0.1137040182948112,True
637,3.185,-0.02880089,0.009188694,0.024640549,0.02355874,0,636,3.18,3.189894914627075,0,0.8862959742546082,0.1137040182948112,True
638,3.19,-0.013099969,0.0140524525,0.023312075,0.03448862,0,636,3.18,3.189894914627075,0,0.8862959742546082,0.1137040182948112,True
639,3.195,0.020056786,0.03193809,0.032950614,0.053865843,0,636,3.18,3.189894914627075,0,0.8862959742546082,0.1137040182948112,True
640,3.2,0.060190693,0.058950666,0.05071078,0.07631626,0,640,3.2,3.210618019104004,0,0.8892237544059753,0.1107762604951858,True
641,3.205,0.09299738,0.083939925,0.06728906,0.09335035,0,640,3.2,3.210618019104004,0,0.8892237544059753,0.1107762604951858,True
642,3.21,0.10646339,0.09365733,0.071963705,0.096347734,0,640,3.2,3.210618019104004,0,0.8892237544059753,0.1107762604951858,True
643,3.215,0.09519716,0.07945708,0.058155626,0.07925856,0,640,3.2,3.210618019104004,0,0.8892237544059753,0.1107762604951858,True
644,3.22,0.061376493,0.04160763,0.026382593,0.04078106,0,644,3.22,3.2255446910858154,0,0.886920154094696,0.1130797788500785,True
645,3.225,0.013194433,-0.010751441,-0.016278053,-0.014075154,0,644,3.22,3.2255446910858154,0,0.886920154094696,0.1130797788500785,True
646,3.23,-0.037616152,-0.06330436,-0.05907222,-0.07380406,0,644,3.22,3.2255446910858154,0,0.886920154094696,0.1130797788500785,True
647,3.235,-0.078724355,-0.10182935,-0.09115017,-0.12280975,0,644,3.22,3.2255446910858154,0,0.886920154094696,0.1130797788500785,True
648,3.24,-0.100814685,-0.11702612,-0.10476401,-0.14667456,0,648,3.24,3.2320556640625,0,0.877104640007019,0.1228953674435615,True
649,3.245,-0.10099354,-0.107395835,-0.09749979,-0.13838266,0,648,3.24,3.2320556640625,0,0.877104640007019,0.1228953674435615,True
650,3.25,-0.083848394,-0.07916729,-0.072942995,-0.101929285,0,648,3.24,3.2320556640625,0,0.877104640007019,0.1228953674435615,True
651,3.255,-0.05875933,-0.043101024,-0.03915492,-0.05049761,0,648,3.24,3.2320556640625,0,0.877104640007019,0.1228953674435615,True
652,3.26,-0.034632854,-0.009427851,-0.005123557,0.00027334166,0,652,3.26,3.281862735748291,0,0.886561930179596,0.1134381145238876,True
653,3.265,-0.015344546,0.01644789,0.023086578,0.039712057,0,652,3.26,3.281862735748291,0,0.886561930179596,0.1134381145238876,True
654,3.27,0.0010858269,0.034861263,0.043907665,0.06521558,0,652,3.26,3.281862735748291,0,0.886561930179596,0.1134381145238876,True
655,3.275,0.019156838,0.0489488,0.058451336,0.07943825,0,652,3.26,3.281862735748291,0,0.886561930179596,0.1134381145238876,True
656,3.28,0.041011635,0.060421273,0.06722543,0.084976375,0,656,3.28,3.281862735748291,0,0.888511061668396,0.1114889755845069,True
657,3.285,0.063737944,0.06767446,0.06873373,0.081758276,0,656,3.28,3.281862735748291,0,0.888511061668396,0.1114889755845069,True
658,3.29,0.080614455,0.067501105,0.06115816,0.06897512,0,656,3.28,3.281862735748291,0,0.888511061668396,0.1114889755845069,True
659,3.295,0.08483231,0.058119122,0.04488075,0.048362855,0,656,3.28,3.281862735748291,0,0.888511061668396,0.1114889755845069,True
660,3.3,0.07279866,0.040413022,0.022967739,0.024516575,0,660,3.3,3.300859212875366,0,0.8849171996116638,0.1150827631354332,True
661,3.305,0.045576278,0.01698372,-0.00048105748,0.0018591965,0,660,3.3,3.300859212875366,0,0.8849171996116638,0.1150827631354332,True
662,3.31,0.00896333,-0.008799001,-0.021791697,-0.017931795,0,660,3.3,3.300859212875366,0,0.8849171996116638,0.1150827631354332,True
663,3.315,-0.02741717,-0.03244689,-0.037671525,-0.034946527,0,660,3.3,3.300859212875366,0,0.8849171996116638,0.1150827631354332,True
664,3.32,-0.052968524,-0.048363127,-0.04507006,-0.04811389,0,664,3.32,3.3279762268066406,0,0.877447247505188,0.1225527971982956,True
665,3.325,-0.061186314,-0.05234881,-0.042742413,-0.054623537,0,664,3.32,3.3279762268066406,0,0.877447247505188,0.1225527971982956,True
666,3.33,-0.054016102,-0.045347046,-0.03353939,-0.053045616,0,664,3.32,3.3279762268066406,0,0.877447247505188,0.1225527971982956,True
667,3.335,-0.040880278,-0.03406915,-0.024137223,-0.04631563,0,664,3.32,3.3279762268066406,0,0.877447247505188,0.1225527971982956,True
668,3.34,-0.03141203,-0.026171345,-0.020650068,-0.039998602,0,668,3.34,3.344770908355713,0,0.88870769739151,0.1112923249602317,True
669,3.345,-0.027573893,-0.023632078,-0.023193898,-0.03654488,0,668,3.34,3.344770908355713,0,0.88870769739151,0.1112923249602317,True
670,3.35,-0.022892725,-0.021065544,-0.024832014,-0.03163256,0,668,3.34,3.344770908355713,0,0.88870769739151,0.1112923249602317,True
671,3.355,-0.010075151,-0.011299755,-0.016951011,-0.017391022,0,668,3.34,3.344770908355713,0,0.88870769739151,0.1112923249602317,True
672,3.36,0.010735018,0.007249081,0.0032412112,0.009883964,0,672,3.36,3.371553659439087,0,0.8892840147018433,0.1107160151004791,True
673,3.365,0.031933226,0.02907468,0.029971661,0.045009293,0,672,3.36,3.371553659439087,0,0.8892840147018433,0.1107160151004791,True
674,3.37,0.046474297,0.04710005,0.05331462,0.07676085,0,672,3.36,3.371553659439087,0,0.8892840147018433,0.1107160151004791,True
675,3.375,0.054384988,0.058458272,0.06617058,0.095163025,0,672,3.36,3.371553659439087,0,0.8892840147018433,0.1107160151004791,True
676,3.38,0.0598421,0.06394048,0.06725159,0.09621877,0,676,3.38,3.386606454849243,0,0.8901323080062866,0.1098676919937133,True
677,3.385,0.06226418,0.06262937,0.058421478,0.080878004,0,676,3.38,3.386606454849243,0,0.8901323080062866,0.1098676919937133,True
678,3.39,0.052758686,0.049379546,0.040675182,0.05148191,0,676,3.38,3.386606454849243,0,0.8901323080062866,0.1098676919937133,True
679,3.395,0.0218969,0.019439517,0.013581014,0.010619934,0,676,3.38,3.386606454849243,0,0.8901323080062866,0.1098676919937133,True
680,3.4,-0.028209629,-0.024244439,-0.02159473,-0.03677745,0,680,3.4,3.4024033546447754,0,0.884684145450592,0.1153158172965049,True
681,3.405,-0.08039694,-0.06915825,-0.05893773,-0.08165318,0,680,3.4,3.4024033546447754,0,0.884684145450592,0.1153158172965049,True
682,3.41,-0.11226108,-0.099429235,-0.08852844,-0.11261044,0,680,3.4,3.4024033546447754,0,0.884684145450592,0.1153158172965049,True
683,3.415,-0.11088877,-0.10480561,-0.1005808,-0.12066704,0,680,3.4,3.4024033546447754,0,0.884684145450592,0.1153158172965049,True
684,3.42,-0.07988509,-0.08522357,-0.090238154,-0.103526756,0,684,3.42,3.415297031402588,0,0.8876867890357971,0.1123132556676864,True
685,3.425,-0.034280673,-0.048767477,-0.06005249,-0.06658513,0,684,3.42,3.415297031402588,0,0.8876867890357971,0.1123132556676864,True
686,3.43,0.010164113,-0.00640134,-0.01885392,-0.020535944,0,684,3.42,3.415297031402588,0,0.8876867890357971,0.1123132556676864,True
687,3.435,0.043946262,0.032169,0.022189543,0.022682136,0,684,3.42,3.415297031402588,0,0.8876867890357971,0.1123132556676864,True
688,3.44,0.063850276,0.06001887,0.054011673,0.053729508,0,688,3.44,3.434966325759888,0,0.8851836919784546,0.1148163378238678,True
689,3.445,0.06969787,0.0731648,0.07216185,0.0683565,0,688,3.44,3.434966325759888,0,0.8851836919784546,0.1148163378238678,True
690,3.45,0.06261145,0.07084086,0.07647493,0.06796961,0,688,3.44,3.434966325759888,0,0.8851836919784546,0.1148163378238678,True
691,3.455,0.04573816,0.05590343,0.06904272,0.058094773,0,688,3.44,3.434966325759888,0,0.8851836919784546,0.1148163378238678,True
692,3.46,0.024966637,0.034344953,0.052561156,0.045314025,0,692,3.46,3.4601023197174072,0,0.883269727230072,0.1167302280664444,True
693,3.465,0.007498789,0.013382096,0.030226348,0.03427287,0,692,3.46,3.4601023197174072,0,0.883269727230072,0.1167302280664444,True
694,3.47,-0.0012320027,-0.001151832,0.0065414496,0.026524914,0,692,3.46,3.4601023197174072,0,0.883269727230072,0.1167302280664444,True
695,3.475,-0.0001655638,-0.0067893374,-0.012714434,0.021506544,0,692,3.46,3.4601023197174072,0,0.883269727230072,0.1167302280664444,True
696,3.48,0.0068383645,-0.005010893,-0.022507124,0.017972697,0,696,3.48,3.495105266571045,0,0.8731092810630798,0.1268907189369201,True
697,3.485,0.0126892775,-0.00046521166,-0.021731555,0.014092072,0,696,3.48,3.495105266571045,0,0.8731092810630798,0.1268907189369201,True
698,3.49,0.010290784,0.0008871568,-0.014971031,0.006609393,0,696,3.48,3.495105266571045,0,0.8731092810630798,0.1268907189369201,True
699,3.495,-0.0038324804,-0.0055723432,-0.010534443,-0.008530265,0,696,3.48,3.495105266571045,0,0.8731092810630798,0.1268907189369201,True
700,3.5,-0.027111746,-0.020449279,-0.015189355,-0.032815617,0,700,3.5,3.510826349258423,0,0.8886797428131104,0.1113202199339866,True
701,3.505,-0.05138377,-0.039212544,-0.029138856,-0.061399702,0,700,3.5,3.510826349258423,0,0.8886797428131104,0.1113202199339866,True
702,3.51,-0.066670395,-0.05399263,-0.045314547,-0.08331077,0,700,3.5,3.510826349258423,0,0.8886797428131104,0.1113202199339866,True
703,3.515,-0.06646686,-0.057817712,-0.053899944,-0.087337695,0,700,3.5,3.510826349258423,0,0.8886797428131104,0.1113202199339866,True
704,3.52,-0.05108273,-0.048517454,-0.048645847,-0.06968932,0,704,3.52,3.525015115737915,0,0.8897202610969543,0.1102798208594322,True
705,3.525,-0.026522905,-0.029274417,-0.030104464,-0.036794458,0,704,3.52,3.525015115737915,0,0.8897202610969543,0.1102798208594322,True
706,3.53,7.541651e-05,-0.005589716,-0.0039534373,-0.000464438,0,704,3.52,3.525015115737915,0,0.8897202610969543,0.1102798208594322,True
707,3.535,0.024279775,0.018152598,0.022954902,0.03011871,0,704,3.52,3.525015115737915,0,0.8897202610969543,0.1102798208594322,True
708,3.54,0.044149373,0.039197456,0.04500379,0.052161366,0,708,3.54,3.532015323638916,0,0.8898618817329407,0.1101381108164787,True
709,3.545,0.057287823,0.05446027,0.057936653,0.06626876,0,708,3.54,3.532015323638916,0,0.8898618817329407,0.1101381108164787,True
710,3.55,0.059818584,0.059853844,0.05908142,0.07164104,0,708,3.54,3.532015323638916,0,0.8898618817329407,0.1101381108164787,True
711,3.555,0.04954032,0.052984864,0.049039677,0.06565455,0,708,3.54,3.532015323638916,0,0.8898618817329407,0.1101381108164787,True
712,3.56,0.029762018,0.036329925,0.032564986,0.0477898,0,712,3.56,3.578317165374756,0,0.8851645588874817,0.1148354485630989,True
713,3.565,0.008400581,0.016280089,0.015737852,0.02212384,0,712,3.56,3.578317165374756,0,0.8851645588874817,0.1148354485630989,True
714,3.57,-0.008042918,-0.0020061058,0.00093297975,-0.005301063,0,712,3.56,3.578317165374756,0,0.8851645588874817,0.1148354485630989,True
715,3.575,-0.019583559,-0.018400649,-0.014837646,-0.030835817,0,712,3.56,3.578317165374756,0,0.8851645588874817,0.1148354485630989,True
716,3.58,-0.030983526,-0.035446536,-0.035057887,-0.05332082,0,716,3.58,3.583096981048584,0,0.876113772392273,0.123886227607727,True
717,3.585,-0.044347223,-0.05201333,-0.056570273,-0.06957794,0,716,3.58,3.583096981048584,0,0.876113772392273,0.123886227607727,True
718,3.59,-0.053780146,-0.06032998,-0.06826619,-0.071763694,0,716,3.58,3.583096981048584,0,0.876113772392273,0.123886227607727,True
719,3.595,-0.04835421,-0.050791003,-0.058654323,-0.0519824,0,716,3.58,3.583096981048584,0,0.876113772392273,0.123886227607727,True
720,3.6,-0.021583984,-0.020787232,-0.026174085,-0.011099411,0,720,3.6,3.600142002105713,0,0.8892205357551575,0.1107794567942619,True
721,3.605,0.020915357,0.020737186,0.017399644,0.03741782,0,720,3.6,3.600142002105713,0,0.8892205357551575,0.1107794567942619,True
722,3.61,0.06265893,0.05755368,0.054028086,0.07403283,0,720,3.6,3.600142002105713,0,0.8892205357551575,0.1107794567942619,True
723,3.615,0.085785314,0.07575206,0.070915475,0.08530403,0,720,3.6,3.600142002105713,0,0.8892205357551575,0.1107794567942619,True
724,3.62,0.08124519,0.07078555,0.06676229,0.07117353,0,724,3.62,3.627768039703369,0,0.8858166337013245,0.1141834184527397,True
725,3.625,0.05216856,0.047176152,0.048608553,0.04167468,0,724,3.62,3.627768039703369,0,0.8858166337013245,0.1141834184527397,True
726,3.63,0.009509218,0.013170195,0.023980424,0.007630069,0,724,3.62,3.627768039703369,0,0.8858166337013245,0.1141834184527397,True
727,3.635,-0.034490112,-0.023499776,-0.0034811443,-0.025113083,0,724,3.62,3.627768039703369,0,0.8858166337013245,0.1141834184527397,True
728,3.64,-0.06952461,-0.05555129,-0.031647664,-0.053553157,0,728,3.64,3.642113924026489,0,0.8783921599388123,0.1216078773140907,True
729,3.645,-0.08728171,-0.07466132,-0.05528072,-0.07240062,0,728,3.64,3.642113924026489,0,0.8783921599388123,0.1216078773140907,True
730,3.65,-0.08245697,-0.07342563,-0.06599844,-0.07392792,0,728,3.64,3.642113924026489,0,0.8783921599388123,0.1216078773140907,True
731,3.655,-0.056380533,-0.051021945,-0.058240645,-0.054543775,0,728,3.64,3.642113924026489,0,0.8783921599388123,0.1216078773140907,True
732,3.66,-0.0194154,-0.016918503,-0.03542971,-0.021302048,0,732,3.66,3.6720011234283447,0,0.8858479261398315,0.1141520142555236,True
733,3.665,0.012720057,0.01290079,-0.00942566,0.009761875,0,732,3.66,3.6720011234283447,0,0.8858479261398315,0.1141520142555236,True
734,3.67,0.028001968,0.025857495,0.00731441,0.023923794,0,732,3.66,3.6720011234283447,0,0.8858479261398315,0.1141520142555236,True
735,3.675,0.025704652,0.02101406,0.010333897,0.018323129,0,732,3.66,3.6720011234283447,0,0.8858479261398315,0.1141520142555236,True
736,3.68,0.016011512,0.008701968,0.005299606,0.0035141096,0,736,3.68,3.683068037033081,0,0.8889776468276978,0.1110223904252052,True
737,3.685,0.011759748,0.002117692,0.0024770207,-0.0052409275,0,736,3.68,3.683068037033081,0,0.8889776468276978,0.1110223904252052,True
738,3.69,0.018975534,0.00802232,0.008825953,0.000736562,0,736,3.68,3.683068037033081,0,0.8889776468276978,0.1110223904252052,True
739,3.695,0.033361875,0.023381416,0.023908703,0.018735463,0,736,3.68,3.683068037033081,0,0.8889776468276978,0.1110223904252052,True
740,3.7,0.044605147,0.03900044,0.04145676,0.03873886,0,740,3.7,3.709533452987671,0,0.8901167511940002,0.1098832488059997,True
741,3.705,0.044327028,0.046006955,0.05379699,0.05120375,0,740,3.7,3.709533452987671,0,0.8901167511940002,0.1098832488059997,True
742,3.71,0.031500448,0.04044141,0.055412065,0.051813196,0,740,3.7,3.709533452987671,0,0.8901167511940002,0.1098832488059997,True
743,3.715,0.012032124,0.024167195,0.0443198,0.041149393,0,740,3.7,3.709533452987671,0,0.8901167511940002,0.1098832488059997,True
744,3.72,-0.00595056,0.0031719066,0.022353092,0.02230098,0,744,3.72,3.7277016639709473,0,0.8887008428573608,0.1112991273403167,True
745,3.725,-0.01682092,-0.015048504,-0.004702473,-0.00019089617,0,744,3.72,3.7277016639709473,0,0.8887008428573608,0.1112991273403167,True
746,3.73,-0.019144267,-0.024269512,-0.02804401,-0.020198278,0,744,3.72,3.7277016639709473,0,0.8887008428573608,0.1112991273403167,True
747,3.735,-0.014742981,-0.022246784,-0.03936766,-0.031331725,0,744,3.72,3.7277016639709473,0,0.8887008428573608,0.1112991273403167,True
748,3.74,-0.0073942873,-0.012345688,-0.036000095,-0.030554008,0,748,3.74,3.742557048797608,0,0.887315571308136,0.1126844435930252,True
749,3.745,-0.0020477746,-0.0023409864,-0.023527468,-0.02109511,0,748,3.74,3.742557048797608,0,0.887315571308136,0.1126844435930252,True
750,3.75,-0.0033444487,6.7084635e-05,-0.012433782,-0.011002806,0,748,3.74,3.742557048797608,0,0.887315571308136,0.1126844435930252,True
751,3.755,-0.012773221,-0.00757534,-0.010484019,-0.007651922,0,748,3.74,3.742557048797608,0,0.887315571308136,0.1126844435930252,True
752,3.76,-0.026524559,-0.020782324,-0.01723912,-0.01282201,0,752,3.76,3.770863771438599,0,0.8902002573013306,0.1097997426986694,True
753,3.765,-0.036955263,-0.031605225,-0.025531255,-0.0224431,0,752,3.76,3.770863771438599,0,0.8902002573013306,0.1097997426986694,True
754,3.77,-0.03751565,-0.034357857,-0.02808991,-0.030389303,0,752,3.76,3.770863771438599,0,0.8902002573013306,0.1097997426986694,True
755,3.775,-0.027260074,-0.028783714,-0.022949466,-0.03233063,0,752,3.76,3.770863771438599,0,0.8902002573013306,0.1097997426986694,True
756,3.78,-0.011272997,-0.018776152,-0.013474451,-0.027068868,0,756,3.78,3.7986035346984863,0,0.8898728489875793,0.1101271510124206,True
757,3.785,0.0027388753,-0.008995638,-0.0045646126,-0.01617494,0,756,3.78,3.7986035346984863,0,0.8898728489875793,0.1101271510124206,True
758,3.79,0.008583392,-0.0025630263,0.00075238076,-0.0034456626,0,756,3.78,3.7986035346984863,0,0.8898728489875793,0.1101271510124206,True
759,3.795,0.0042644045,-0.00043077293,0.0023199318,0.006262196,0,756,3.78,3.7986035346984863,0,0.8898728489875793,0.1101271510124206,True
760,3.8,-0.006925825,-0.0012052318,0.0023145946,0.009777052,0,760,3.8,3.815362215042114,0,0.8907263875007629,0.1092735975980758,True
761,3.805,-0.017085586,-0.0012903495,0.00414385,0.008414716,0,760,3.8,3.815362215042114,0,0.8907263875007629,0.1092735975980758,True
762,3.81,-0.017137248,0.0034228961,0.010553219,0.00754849,0,760,3.8,3.815362215042114,0,0.8907263875007629,0.1092735975980758,True
763,3.815,-0.0023479122,0.014479728,0.021282237,0.0121709,0,760,3.8,3.815362215042114,0,0.8907263875007629,0.1092735975980758,True
764,3.82,0.023809435,0.029048664,0.032339323,0.022225717,0,764,3.82,3.827546119689941,0,0.8881939053535461,0.1118060275912284,True
765,3.825,0.05118308,0.0416523,0.038555857,0.032471128,0,764,3.82,3.827546119689941,0,0.8881939053535461,0.1118060275912284,True
766,3.83,0.06924095,0.048233725,0.037890285,0.037354905,0,764,3.82,3.827546119689941,0,0.8881939053535461,0.1118060275912284,True
767,3.835,0.07325054,0.048833944,0.033490792,0.036299758,0,764,3.82,3.827546119689941,0,0.8881939053535461,0.1118060275912284,True
768,3.84,0.06571952,0.04650708,0.030997446,0.034205057,0,768,3.84,3.8421883583068848,0,0.886185884475708,0.1138141006231308,True
769,3.845,0.052662943,0.043646447,0.03292364,0.036393706,0,768,3.84,3.8421883583068848,0,0.886185884475708,0.1138141006231308,True
770,3.85,0.03823375,0.03908268,0.03509593,0.04246537,0,768,3.84,3.8421883583068848,0,0.886185884475708,0.1138141006231308,True
771,3.855,0.021979805,0.028545573,0.02894144,0.044824824,0,768,3.84,3.8421883583068848,0,0.886185884475708,0.1138141006231308,True
772,3.86,0.0004912951,0.008281526,0.008498693,0.033753317,0,772,3.86,3.875100135803223,0,0.8860987424850464,0.113901250064373,True
773,3.865,-0.028332928,-0.021050133,-0.023524579,0.0051022545,0,772,3.86,3.875100135803223,0,0.8860987424850464,0.113901250064373,True
774,3.87,-0.061981767,-0.053417612,-0.056074973,-0.035654843,0,772,3.86,3.875100135803223,0,0.8860987424850464,0.113901250064373,True
775,3.875,-0.093281485,-0.08006938,-0.076472364,-0.07590161,0,772,3.86,3.875100135803223,0,0.8860987424850464,0.113901250064373,True
776,3.88,-0.11297397,-0.09340355,-0.077971496,-0.10221937,0,776,3.88,3.894237756729126,0,0.888332188129425,0.1116678416728973,True
777,3.885,-0.11285171,-0.089328356,-0.062478527,-0.10585976,0,776,3.88,3.894237756729126,0,0.888332188129425,0.1116678416728973,True
778,3.89,-0.08857008,-0.06794592,-0.037815064,-0.08531005,0,776,3.88,3.894237756729126,0,0.888332188129425,0.1116678416728973,True
779,3.895,-0.042676553,-0.034189075,-0.01333113,-0.046931595,0,776,3.88,3.894237756729126,0,0.888332188129425,0.1116678416728973,True
780,3.9,0.0129043,0.0016663873,0.0030256908,-0.0040601385,0,780,3.9,3.909975528717041,0,0.8809263706207275,0.1190736219286918,True
781,3.905,0.058569614,0.026468627,0.0066415053,0.027249543,0,780,3.9,3.909975528717041,0,0.8809263706207275,0.1190736219286918,True
782,3.91,0.07596733,0.031288162,-0.0013914978,0.036422275,0,780,3.9,3.909975528717041,0,0.8809263706207275,0.1190736219286918,True
783,3.915,0.06064477,0.019075187,-0.012865467,0.025968084,0,780,3.9,3.909975528717041,0,0.8809263706207275,0.1190736219286918,True
784,3.92,0.027990052,0.004968413,-0.0154681,0.011122571,0,784,3.92,3.92793607711792,0,0.8890745043754578,0.1109255030751228,True
785,3.925,0.004205678,0.005883465,-0.0006761755,0.00915886,0,784,3.92,3.92793607711792,0,0.8890745043754578,0.1109255030751228,True
786,3.93,0.006711506,0.026429744,0.028784342,0.025704395,0,784,3.92,3.92793607711792,0,0.8890745043754578,0.1109255030751228,True
787,3.935,0.02999363,0.05375258,0.058955,0.049775198,0,784,3.92,3.92793607711792,0,0.8890745043754578,0.1109255030751228,True
788,3.94,0.050164573,0.06718005,0.073613055,0.06246317,0,788,3.94,3.94219970703125,0,0.8877763748168945,0.1122236251831054,True
789,3.945,0.045114025,0.05499857,0.06558763,0.052045275,0,788,3.94,3.94219970703125,0,0.8877763748168945,0.1122236251831054,True
790,3.95,0.012837686,0.023743106,0.041259356,0.022631083,0,788,3.94,3.94219970703125,0,0.8877763748168945,0.1122236251831054,True
791,3.955,-0.027456952,-0.0077729523,0.014793366,-0.010204213,0,788,3.94,3.94219970703125,0,0.8877763748168945,0.1122236251831054,True
792,3.96,-0.05099564,-0.02361705,-0.0026393586,-0.03160357,0,792,3.96,3.948730945587158,0,0.8518983125686646,0.1481016725301742,True
793,3.965,-0.04544955,-0.021556068,-0.009611398,-0.036439378,0,792,3.96,3.948730945587158,0,0.8518983125686646,0.1481016725301742,True
794,3.97,-0.017263956,-0.011309441,-0.01230956,-0.028914561,0,792,3.96,3.948730945587158,0,0.8518983125686646,0.1481016725301742,True
795,3.975,0.015847342,-0.0039252383,-0.016685996,-0.015887188,0,792,3.96,3.948730945587158,0,0.8518983125686646,0.1481016725301742,True
796,3.98,0.03754898,-0.00293332,-0.022630265,-0.0016118309,0,796,3.98,3.99380111694336,0,0.8860083222389221,0.1139916852116584,True
797,3.985,0.040971316,-0.004364511,-0.025193362,0.012057675,0,796,3.98,3.99380111694336,0,0.8860083222389221,0.1139916852116584,True
798,3.99,0.02908687,-0.003440869,-0.020769533,0.022679051,0,796,3.98,3.99380111694336,0,0.8860083222389221,0.1139916852116584,True
799,3.995,0.010257759,-0.0001491428,-0.01153737,0.026493618,0,796,3.98,3.99380111694336,0,0.8860083222389221,0.1139916852116584,True
800,4.0,-0.00703529,0.0014015649,-0.003735907,0.021244833,0,800,4.0,4.002429008483887,0,0.8896297216415405,0.11037028580904,True
801,4.005,-0.018025145,-0.0020761036,-0.0019013007,0.009009308,0,800,4.0,4.002429008483887,0,0.8896297216415405,0.11037028580904,True
802,4.01,-0.02300888,-0.009540056,-0.005116925,-0.0046983943,0,800,4.0,4.002429008483887,0,0.8896297216415405,0.11037028580904,True
803,4.015,-0.025668329,-0.016776178,-0.008775641,-0.015005835,0,800,4.0,4.002429008483887,0,0.8896297216415405,0.11037028580904,True
804,4.02,-0.029266696,-0.020302592,-0.0094959615,-0.020881576,0,804,4.02,4.016778469085693,0,0.8901551961898804,0.1098448261618614,True
805,4.025,-0.033596035,-0.01991077,-0.00801326,-0.02450803,0,804,4.02,4.016778469085693,0,0.8901551961898804,0.1098448261618614,True
806,4.03,-0.035366993,-0.017899856,-0.0075319577,-0.02794528,0,804,4.02,4.016778469085693,0,0.8901551961898804,0.1098448261618614,True
807,4.035,-0.031550884,-0.016369803,-0.009709337,-0.03056719,0,804,4.02,4.016778469085693,0,0.8901551961898804,0.1098448261618614,True
808,4.04,-0.022116827,-0.015117748,-0.012340375,-0.029406525,0,808,4.04,4.032268285751343,0,0.8901762366294861,0.1098237261176109,True
809,4.045,-0.009353698,-0.011617173,-0.0107866395,-0.021666689,0,808,4.04,4.032268285751343,0,0.8901762366294861,0.1098237261176109,True
810,4.05,0.0049954937,-0.0029930985,-0.0018539226,-0.007230467,0,808,4.04,4.032268285751343,0,0.8901762366294861,0.1098237261176109,True
811,4.055,0.020871634,0.011194101,0.012950924,0.0104243485,0,808,4.04,4.032268285751343,0,0.8901762366294861,0.1098237261176109,True
812,4.06,0.037466276,0.027191252,0.027275098,0.02528943,0,812,4.06,4.065359592437744,0,0.8902295231819153,0.1097704321146011,True
813,4.065,0.050106928,0.038014118,0.03327936,0.031410877,0,812,4.06,4.065359592437744,0,0.8902295231819153,0.1097704321146011,True
814,4.07,0.051190685,0.037289273,0.026547529,0.025941689,0,812,4.06,4.065359592437744,0,0.8902295231819153,0.1097704321146011,True
815,4.075,0.036098566,0.023794558,0.0093412325,0.011164268,0,812,4.06,4.065359592437744,0,0.8902295231819153,0.1097704321146011,True
816,4.08,0.009176764,0.0033561515,-0.010124195,-0.005842876,0,816,4.08,4.086475133895874,0,0.8863264322280884,0.1136735677719116,True
817,4.085,-0.016558344,-0.0137315495,-0.022016635,-0.01612343,0,816,4.08,4.086475133895874,0,0.8863264322280884,0.1136735677719116,True
818,4.09,-0.027152939,-0.018371437,-0.020007882,-0.013114405,0,816,4.08,4.086475133895874,0,0.8863264322280884,0.1136735677719116,True
819,4.095,-0.017191753,-0.007838073,-0.0042024325,0.0037768802,0,816,4.08,4.086475133895874,0,0.8863264322280884,0.1136735677719116,True
820,4.1,0.0063049328,0.012484357,0.019049574,0.028030703,0,820,4.1,4.1010582447052,0,0.8885512351989746,0.1114487871527671,True
821,4.105,0.028032608,0.031337783,0.039454587,0.04803725,0,820,4.1,4.1010582447052,0,0.8885512351989746,0.1114487871527671,True
822,4.11,0.033152264,0.036575474,0.046203367,0.051937405,0,820,4.1,4.1010582447052,0,0.8885512351989746,0.1114487871527671,True
823,4.115,0.015433336,0.021281492,0.03244498,0.03382612,0,820,4.1,4.1010582447052,0,0.8885512351989746,0.1114487871527671,True
824,4.12,-0.018677756,-0.011130709,2.9808145e-05,-0.0015284439,0,824,4.12,4.127528667449951,0,0.88995760679245,0.110042355954647,True
825,4.125,-0.0519864,-0.046280216,-0.038646013,-0.03911244,0,824,4.12,4.127528667449951,0,0.88995760679245,0.110042355954647,True
826,4.13,-0.0652151,-0.06550283,-0.06537208,-0.06105914,0,824,4.12,4.127528667449951,0,0.88995760679245,0.110042355954647,True
827,4.135,-0.049369693,-0.05773624,-0.06673116,-0.057718635,0,824,4.12,4.127528667449951,0,0.88995760679245,0.110042355954647,True
828,4.14,-0.0134915,-0.02816088,-0.04341971,-0.034415737,0,828,4.14,4.142103672027588,0,0.8863486051559448,0.1136514320969581,True
829,4.145,0.020302473,0.0048752953,-0.009886014,-0.0073951245,0,828,4.14,4.142103672027588,0,0.8863486051559448,0.1136514320969581,True
830,4.15,0.033004146,0.02380337,0.016607499,0.008863521,0,828,4.14,4.142103672027588,0,0.8863486051559448,0.1136514320969581,True
831,4.155,0.023238719,0.02499679,0.028356254,0.012250835,0,828,4.14,4.142103672027588,0,0.8863486051559448,0.1136514320969581,True
832,4.16,0.0068647997,0.019108238,0.02999399,0.011881295,0,832,4.16,4.167084932327271,0,0.8892598748207092,0.1107400879263877,True
833,4.165,0.0016981979,0.018605305,0.03000624,0.016637187,0,832,4.16,4.167084932327271,0,0.8892598748207092,0.1107400879263877,True
834,4.17,0.011687895,0.025166648,0.03058055,0.025217695,0,832,4.16,4.167084932327271,0,0.8892598748207092,0.1107400879263877,True
835,4.175,0.025137562,0.029325234,0.02644845,0.02788249,0,832,4.16,4.167084932327271,0,0.8892598748207092,0.1107400879263877,True
836,4.18,0.027372336,0.021705028,0.013009843,0.017647209,0,836,4.18,4.18185305595398,0,0.8892930746078491,0.1107069253921508,True
837,4.185,0.014448149,0.0033949367,-0.006191696,-0.0013470508,0,836,4.18,4.18185305595398,0,0.8892930746078491,0.1107069253921508,True
838,4.19,-0.004995074,-0.015153718,-0.021363754,-0.017317124,0,836,4.18,4.18185305595398,0,0.8892930746078491,0.1107069253921508,True
839,4.195,-0.019544398,-0.024559265,-0.025602521,-0.022305593,0,836,4.18,4.18185305595398,0,0.8892930746078491,0.1107069253921508,True
840,4.2,-0.025121264,-0.024699645,-0.021169344,-0.019362966,0,840,4.2,4.209007740020752,0,0.8887732625007629,0.1112267598509788,True
841,4.205,-0.025765456,-0.022640137,-0.016345127,-0.018125877,0,840,4.2,4.209007740020752,0,0.8887732625007629,0.1112267598509788,True
842,4.21,-0.026497805,-0.02375892,-0.016664524,-0.023860255,0,840,4.2,4.209007740020752,0,0.8887732625007629,0.1112267598509788,True
843,4.215,-0.02723147,-0.02600901,-0.019767217,-0.031406168,0,840,4.2,4.209007740020752,0,0.8887732625007629,0.1112267598509788,True
844,4.22,-0.023656836,-0.022648893,-0.018434623,-0.029754419,0,844,4.22,4.216448068618774,0,0.8901584148406982,0.1098416075110435,True
845,4.225,-0.012550315,-0.00946736,-0.0077884584,-0.012181735,0,844,4.22,4.216448068618774,0,0.8901584148406982,0.1098416075110435,True
846,4.23,0.004960923,0.011175074,0.010577328,0.017742772,0,844,4.22,4.216448068618774,0,0.8901584148406982,0.1098416075110435,True
847,4.235,0.024808954,0.032522205,0.030403059,0.048821665,0,844,4.22,4.216448068618774,0,0.8901584148406982,0.1098416075110435,True
848,4.24,0.042969484,0.048254233,0.045338318,0.069740966,0,848,4.24,4.233716249465942,0,0.8906552791595459,0.1093448027968406,True
849,4.245,0.056143444,0.05499539,0.05166511,0.07451582,0,848,4.24,4.233716249465942,0,0.8906552791595459,0.1093448027968406,True
850,4.25,0.060388327,0.051472165,0.047892757,0.0628289,0,848,4.24,4.233716249465942,0,0.8906552791595459,0.1093448027968406,True
851,4.255,0.05114877,0.037130654,0.033474557,0.037609357,0,848,4.24,4.233716249465942,0,0.8906552791595459,0.1093448027968406,True
852,4.26,0.026403144,0.012686395,0.009068703,0.003510161,0,852,4.26,4.260815382003784,0,0.8840651512145996,0.1159347891807556,True
853,4.265,-0.009631481,-0.018024325,-0.021712732,-0.032891206,0,852,4.26,4.260815382003784,0,0.8840651512145996,0.1159347891807556,True
854,4.27,-0.046318468,-0.047420587,-0.051263176,-0.06316113,0,852,4.26,4.260815382003784,0,0.8840651512145996,0.1159347891807556,True
855,4.275,-0.07106724,-0.06629593,-0.06970084,-0.07909442,0,852,4.26,4.260815382003784,0,0.8840651512145996,0.1159347891807556,True
856,4.28,-0.07547805,-0.06781259,-0.06924626,-0.07614328,0,856,4.28,4.282032251358032,0,0.8806934952735901,0.1193064972758293,True
857,4.285,-0.05905461,-0.050989646,-0.04874799,-0.055832073,0,856,4.28,4.282032251358032,0,0.8806934952735901,0.1193064972758293,True
858,4.29,-0.028678253,-0.021559624,-0.015159365,-0.025388299,0,856,4.28,4.282032251358032,0,0.8806934952735901,0.1193064972758293,True
859,4.295,0.0049468284,0.010358254,0.019417629,0.0052390066,0,856,4.28,4.282032251358032,0,0.8806934952735901,0.1193064972758293,True
860,4.3,0.03149181,0.034524567,0.043486945,0.027347945,0,860,4.3,4.303215980529785,0,0.8865737318992615,0.1134262755513191,True
861,4.305,0.04422443,0.044621486,0.051253084,0.03666932,0,860,4.3,4.303215980529785,0,0.8865737318992615,0.1134262755513191,True
862,4.31,0.041738555,0.04026271,0.044255078,0.034619953,0,860,4.3,4.303215980529785,0,0.8865737318992615,0.1134262755513191,True
863,4.315,0.027988888,0.02629847,0.029067693,0.02710018,0,860,4.3,4.303215980529785,0,0.8865737318992615,0.1134262755513191,True
864,4.32,0.010368061,0.009939181,0.01286181,0.021005627,0,864,4.32,4.317262172698975,0,0.8905116319656372,0.1094883233308792,True
865,4.325,-0.0038193401,-0.0028456084,-0.0003669059,0.019860163,0,864,4.32,4.317262172698975,0,0.8905116319656372,0.1094883233308792,True
866,4.33,-0.010829003,-0.009761869,-0.010671686,0.021294892,0,864,4.32,4.317262172698975,0,0.8905116319656372,0.1094883233308792,True
867,4.335,-0.011636489,-0.012105725,-0.019843439,0.018824112,0,864,4.32,4.317262172698975,0,0.8905116319656372,0.1094883233308792,True
868,4.34,-0.009882424,-0.012448926,-0.027978579,0.0074659493,0,868,4.34,4.331871271133423,0,0.8849084377288818,0.1150915473699569,True
869,4.345,-0.008347395,-0.012132215,-0.032075215,-0.011011167,0,868,4.34,4.331871271133423,0,0.8849084377288818,0.1150915473699569,True
870,4.35,-0.0071314974,-0.010757274,-0.028316427,-0.028191594,0,868,4.34,4.331871271133423,0,0.8849084377288818,0.1150915473699569,True
871,4.355,-0.0050548334,-0.007861479,-0.016313616,-0.03524969,0,868,4.34,4.331871271133423,0,0.8849084377288818,0.1150915473699569,True
872,4.36,-0.0023429496,-0.00457873,-0.0011857381,-0.030187285,0,872,4.36,4.375352382659912,0,0.8840641379356384,0.1159358099102974,True
873,4.365,-0.0011797501,-0.0030435522,0.0092965225,-0.01935687,0,872,4.36,4.375352382659912,0,0.8840641379356384,0.1159358099102974,True
874,4.37,-0.0032210907,-0.003976118,0.010722629,-0.011653965,0,872,4.36,4.375352382659912,0,0.8840641379356384,0.1159358099102974,True
875,4.375,-0.0069414745,-0.0052825366,0.005911987,-0.010761238,0,872,4.36,4.375352382659912,0,0.8840641379356384,0.1159358099102974,True
876,4.38,-0.008075974,-0.00352478,0.0028059504,-0.012499089,0,876,4.38,4.391652345657349,0,0.8893956542015076,0.11060431599617,True
877,4.385,-0.0027963526,0.0032825943,0.008068845,-0.009029171,0,876,4.38,4.391652345657349,0,0.8893956542015076,0.11060431599617,True
878,4.39,0.009763055,0.014623825,0.022125402,0.0047350544,0,876,4.38,4.391652345657349,0,0.8893956542015076,0.11060431599617,True
879,4.395,0.027565995,0.028759886,0.039553713,0.027964864,0,876,4.38,4.391652345657349,0,0.8893956542015076,0.11060431599617,True
880,4.4,0.04661498,0.04361055,0.053132895,0.054856893,0,880,4.4,4.409754991531372,0,0.8905140161514282,0.1094859540462493,True
881,4.405,0.06066586,0.055223417,0.05690692,0.076784775,0,880,4.4,4.409754991531372,0,0.8905140161514282,0.1094859540462493,True
882,4.41,0.061194837,0.05621544,0.046561163,0.0840176,0,880,4.4,4.409754991531372,0,0.8905140161514282,0.1094859540462493,True
883,4.415,0.04100586,0.03861153,0.019864755,0.06853143,0,880,4.4,4.409754991531372,0,0.8905140161514282,0.1094859540462493,True
884,4.42,0.0008693726,0.0010387418,-0.020489018,0.028908568,0,884,4.42,4.432119131088257,0,0.8907201290130615,0.109279841184616,True
885,4.425,-0.047117893,-0.046325933,-0.06427464,-0.025861109,0,884,4.42,4.432119131088257,0,0.8907201290130615,0.109279841184616,True
886,4.43,-0.084967874,-0.08565378,-0.09634124,-0.07857517,0,884,4.42,4.432119131088257,0,0.8907201290130615,0.109279841184616,True
887,4.435,-0.10015857,-0.10251503,-0.10475121,-0.11232652,0,884,4.42,4.432119131088257,0,0.8907201290130615,0.109279841184616,True
888,4.44,-0.09297128,-0.09452108,-0.08802155,-0.11912483,0,888,4.44,4.443422079086304,0,0.8818966746330261,0.1181033626198768,True
889,4.445,-0.07289121,-0.06986921,-0.05475701,-0.101709545,0,888,4.44,4.443422079086304,0,0.8818966746330261,0.1181033626198768,True
890,4.45,-0.04797844,-0.038213875,-0.016306298,-0.06816729,0,888,4.44,4.443422079086304,0,0.8818966746330261,0.1181033626198768,True
891,4.455,-0.018279495,-0.0036951446,0.02008419,-0.025772475,0,888,4.44,4.443422079086304,0,0.8818966746330261,0.1181033626198768,True
892,4.46,0.02002176,0.0332686,0.051517703,0.019902036,0,892,4.46,4.4776291847229,0,0.8886141180992126,0.1113859266042709,True
893,4.465,0.06445171,0.06883831,0.07478721,0.061479084,0,892,4.46,4.4776291847229,0,0.8886141180992126,0.1113859266042709,True
894,4.47,0.101389624,0.092531666,0.08377496,0.0882671,0,892,4.46,4.4776291847229,0,0.8886141180992126,0.1113859266042709,True
895,4.475,0.11279771,0.092822514,0.07297996,0.09094181,0,892,4.46,4.4776291847229,0,0.8886141180992126,0.1113859266042709,True
896,4.48,0.0895429,0.06688265,0.04385076,0.069119595,0,896,4.48,4.482127189636231,0,0.8891538381576538,0.110846146941185,True
897,4.485,0.03998016,0.025173096,0.0070309034,0.034148414,0,896,4.48,4.482127189636231,0,0.8891538381576538,0.110846146941185,True
898,4.49,-0.013391326,-0.013681358,-0.022533674,0.003226356,0,896,4.48,4.482127189636231,0,0.8891538381576538,0.110846146941185,True
899,4.495,-0.04665307,-0.033679653,-0.033922672,-0.010975462,0,896,4.48,4.482127189636231,0,0.8891538381576538,0.110846146941185,True
900,4.5,-0.0476617,-0.029854132,-0.025645882,-0.0070226667,0,900,4.5,4.503633737564087,0,0.8713657259941101,0.1286342591047287,True
901,4.505,-0.021814784,-0.009468701,-0.0051053367,0.00663926,0,900,4.5,4.503633737564087,0,0.8713657259941101,0.1286342591047287,True
902,4.51,0.011985811,0.0130919805,0.015991537,0.01852135,0,900,4.5,4.503633737564087,0,0.8713657259941101,0.1286342591047287,True
903,4.515,0.03217676,0.023873556,0.026799783,0.02057531,0,900,4.5,4.503633737564087,0,0.8713657259941101,0.1286342591047287,True
904,4.52,0.026184013,0.01583334,0.021323854,0.010793468,0,904,4.52,4.527957916259766,0,0.8871808648109436,0.1128191351890564,True
905,4.525,-0.003342608,-0.008104055,0.0008212956,-0.007689271,0,904,4.52,4.527957916259766,0,0.8871808648109436,0.1128191351890564,True
906,4.53,-0.04106588,-0.03682346,-0.026334688,-0.028984664,0,904,4.52,4.527957916259766,0,0.8871808648109436,0.1128191351890564,True
907,4.535,-0.06840872,-0.057116702,-0.048395142,-0.046930417,0,904,4.52,4.527957916259766,0,0.8871808648109436,0.1128191351890564,True
908,4.54,-0.073651634,-0.060703233,-0.056247514,-0.05693104,0,908,4.54,4.542543411254883,0,0.8876533508300781,0.1123466864228248,True
909,4.545,-0.056414776,-0.047577366,-0.04767536,-0.056575056,0,908,4.54,4.542543411254883,0,0.8876533508300781,0.1123466864228248,True
910,4.55,-0.02490838,-0.023778232,-0.02678875,-0.04512977,0,908,4.54,4.542543411254883,0,0.8876533508300781,0.1123466864228248,True
911,4.555,0.010271027,0.003573072,-6.302563e-05,-0.023263289,0,908,4.54,4.542543411254883,0,0.8876533508300781,0.1123466864228248,True
912,4.56,0.04048346,0.029076645,0.026476357,0.005684446,0,912,4.56,4.565919637680054,0,0.8894166946411133,0.1105833798646926,True
913,4.565,0.059496824,0.047914147,0.046647098,0.033859912,0,912,4.56,4.565919637680054,0,0.8894166946411133,0.1105833798646926,True
914,4.57,0.06254177,0.054072667,0.052961417,0.049805187,0,912,4.56,4.565919637680054,0,0.8894166946411133,0.1105833798646926,True
915,4.575,0.047523234,0.04243299,0.039377447,0.044249475,0,912,4.56,4.565919637680054,0,0.8894166946411133,0.1105833798646926,True
916,4.58,0.018417392,0.014527842,0.00766321,0.017923439,0,916,4.58,4.583770513534546,0,0.8884162902832031,0.1115837171673774,True
917,4.585,-0.013311121,-0.01798636,-0.028959572,-0.015509003,0,916,4.58,4.583770513534546,0,0.8884162902832031,0.1115837171673774,True
918,4.59,-0.03318187,-0.03797511,-0.051055446,-0.03610466,0,916,4.58,4.583770513534546,0,0.8884162902832031,0.1115837171673774,True
919,4.595,-0.03257824,-0.03416068,-0.045506895,-0.030652853,0,916,4.58,4.583770513534546,0,0.8884162902832031,0.1115837171673774,True
920,4.6,-0.015146846,-0.010120911,-0.01565671,-0.00223501,0,920,4.6,4.604106426239014,0,0.88776034116745,0.1122397109866142,True
921,4.605,0.005533131,0.01767507,0.020264227,0.03179702,0,920,4.6,4.604106426239014,0,0.88776034116745,0.1122397109866142,True
922,4.61,0.016090998,0.032168914,0.0421108,0.052231144,0,920,4.6,4.604106426239014,0,0.88776034116745,0.1122397109866142,True
923,4.615,0.013025467,0.028041739,0.041668154,0.05080665,0,920,4.6,4.604106426239014,0,0.88776034116745,0.1122397109866142,True
924,4.62,0.0034471222,0.013379854,0.025957163,0.033289593,0,924,4.62,4.631777763366699,0,0.889697790145874,0.1103022545576095,True
925,4.625,-0.0034569507,-5.5756467e-05,0.00825764,0.011490117,0,924,4.62,4.631777763366699,0,0.889697790145874,0.1103022545576095,True
926,4.63,-0.005594061,-0.007842232,-0.003752435,-0.007318733,0,924,4.62,4.631777763366699,0,0.889697790145874,0.1103022545576095,True
927,4.635,-0.008368271,-0.01425356,-0.011483463,-0.02348914,0,924,4.62,4.631777763366699,0,0.889697790145874,0.1103022545576095,True
928,4.64,-0.015993075,-0.023398852,-0.018534683,-0.038677525,0,928,4.64,4.633599281311035,0,0.8869644999504089,0.1130354404449462,True
929,4.645,-0.023532733,-0.0306767,-0.022416469,-0.04828339,0,928,4.64,4.633599281311035,0,0.8869644999504089,0.1130354404449462,True
930,4.65,-0.019632887,-0.025103528,-0.0152244875,-0.042458568,0,928,4.64,4.633599281311035,0,0.8869644999504089,0.1130354404449462,True
931,4.655,0.0012867869,-0.0013788663,0.0064795283,-0.016347004,0,928,4.64,4.633599281311035,0,0.8869644999504089,0.1130354404449462,True
932,4.66,0.029894937,0.030840032,0.033299934,0.020709954,0,932,4.66,4.6653783321380615,0,0.8885946273803711,0.1114053949713707,True
933,4.665,0.04699402,0.051525507,0.046661783,0.0480658,0,932,4.66,4.6653783321380615,0,0.8885946273803711,0.1114053949713707,True
934,4.67,0.039752014,0.04606324,0.033063184,0.048443735,0,932,4.66,4.6653783321380615,0,0.8885946273803711,0.1114053949713707,True
935,4.675,0.013565205,0.017546186,-0.0039126556,0.021671377,0,932,4.66,4.6653783321380615,0,0.8885946273803711,0.1114053949713707,True
936,4.68,-0.01285307,-0.016369857,-0.045325615,-0.015395304,0,936,4.68,4.682132005691528,0,0.8845455646514893,0.1154544800519943,True
937,4.685,-0.024766857,-0.03875678,-0.07084435,-0.042617463,0,936,4.68,4.682132005691528,0,0.8845455646514893,0.1154544800519943,True
938,4.69,-0.02374894,-0.045708362,-0.072204806,-0.050940126,0,936,4.68,4.682132005691528,0,0.8845455646514893,0.1154544800519943,True
939,4.695,-0.022882089,-0.044563524,-0.05518062,-0.044885505,0,936,4.68,4.682132005691528,0,0.8845455646514893,0.1154544800519943,True
940,4.7,-0.030694867,-0.04216408,-0.030990021,-0.033467747,0,940,4.7,4.704175233840942,0,0.889136016368866,0.1108639612793922,True
941,4.705,-0.041072894,-0.036798865,-0.0070997435,-0.020688046,0,940,4.7,4.704175233840942,0,0.889136016368866,0.1108639612793922,True
942,4.71,-0.039227586,-0.02172854,0.014828375,-0.0047630835,0,940,4.7,4.704175233840942,0,0.889136016368866,0.1108639612793922,True
943,4.715,-0.016791224,0.00512798,0.035052914,0.015678696,0,940,4.7,4.704175233840942,0,0.889136016368866,0.1108639612793922,True
944,4.72,0.019342678,0.036574576,0.052289594,0.037113134,0,944,4.72,4.727877378463745,0,0.890082836151123,0.1099171563982963,True
945,4.725,0.05218058,0.06106564,0.06416169,0.053301025,0,944,4.72,4.727877378463745,0,0.890082836151123,0.1099171563982963,True
946,4.73,0.06758249,0.07130715,0.069405295,0.060633745,0,944,4.72,4.727877378463745,0,0.890082836151123,0.1099171563982963,True
947,4.735,0.06291316,0.067919604,0.06817466,0.06005416,0,944,4.72,4.727877378463745,0,0.890082836151123,0.1099171563982963,True
948,4.74,0.04546449,0.055880785,0.060179077,0.053862184,0,948,4.74,4.741613388061523,0,0.8885203003883362,0.1114796847105026,True
949,4.745,0.024726028,0.038874824,0.043665744,0.04197713,0,948,4.74,4.741613388061523,0,0.8885203003883362,0.1114796847105026,True
950,4.75,0.0063533266,0.017496053,0.017334683,0.022460068,0,948,4.74,4.741613388061523,0,0.8885203003883362,0.1114796847105026,True
951,4.755,-0.008608893,-0.008124307,-0.016535738,-0.0044830884,0,948,4.74,4.741613388061523,0,0.8885203003883362,0.1114796847105026,True
952,4.76,-0.021522766,-0.035479542,-0.051386848,-0.03415531,0,952,4.76,4.765212297439575,0,0.8792526721954346,0.1207472681999206,True
953,4.765,-0.03425189,-0.05997408,-0.07934014,-0.059717547,0,952,4.76,4.765212297439575,0,0.8792526721954346,0.1207472681999206,True
954,4.77,-0.047823276,-0.077238165,-0.095125936,-0.07651359,0,952,4.76,4.765212297439575,0,0.8792526721954346,0.1207472681999206,True
955,4.775,-0.060461942,-0.08428751,-0.09737352,-0.08342277,0,952,4.76,4.765212297439575,0,0.8792526721954346,0.1207472681999206,True
956,4.78,-0.06612754,-0.07879199,-0.08669875,-0.080222026,0,956,4.78,4.783597469329834,0,0.8881115317344666,0.111888401210308,True
957,4.785,-0.05674511,-0.058874212,-0.06345484,-0.06501847,0,956,4.78,4.783597469329834,0,0.8881115317344666,0.111888401210308,True
958,4.79,-0.028672872,-0.025284331,-0.028092531,-0.03579203,0,956,4.78,4.783597469329834,0,0.8881115317344666,0.111888401210308,True
959,4.795,0.011529386,0.015866335,0.016066482,0.004992312,0,956,4.78,4.783597469329834,0,0.8881115317344666,0.111888401210308,True
960,4.8,0.048511337,0.053625554,0.06078962,0.04789665,0,960,4.8,4.806802034378052,0,0.8842186331748962,0.1157813444733619,True
961,4.805,0.067418985,0.07715322,0.09454433,0.07978319,0,960,4.8,4.806802034378052,0,0.8842186331748962,0.1157813444733619,True
962,4.81,0.06375278,0.08155017,0.10748936,0.09087866,0,960,4.8,4.806802034378052,0,0.8842186331748962,0.1157813444733619,True
963,4.815,0.04506281,0.0695232,0.096438095,0.07993658,0,960,4.8,4.806802034378052,0,0.8842186331748962,0.1157813444733619,True
964,4.82,0.023281062,0.04768815,0.06620535,0.053635865,0,964,4.82,4.832137584686279,0,0.8898927569389343,0.1101071909070015,True
965,4.825,0.0054068104,0.021538807,0.026622212,0.021545622,0,964,4.82,4.832137584686279,0,0.8898927569389343,0.1101071909070015,True
966,4.83,-0.0088906055,-0.0060160225,-0.012245623,-0.008729763,0,964,4.82,4.832137584686279,0,0.8898927569389343,0.1101071909070015,True
967,4.835,-0.02196376,-0.03200352,-0.04328097,-0.03290884,0,964,4.82,4.832137584686279,0,0.8898927569389343,0.1101071909070015,True
968,4.84,-0.03205651,-0.050685316,-0.06245258,-0.048361577,0,968,4.84,4.843029260635376,0,0.8605148792266846,0.1394851356744766,True
969,4.845,-0.033048533,-0.054770883,-0.06729244,-0.05231334,0,968,4.84,4.843029260635376,0,0.8605148792266846,0.1394851356744766,True
970,4.85,-0.020117417,-0.04029644,-0.056427076,-0.04232778,0,968,4.84,4.843029260635376,0,0.8605148792266846,0.1394851356744766,True
971,4.855,0.0042455182,-0.011239464,-0.031572737,-0.01917008,0,968,4.84,4.843029260635376,0,0.8605148792266846,0.1394851356744766,True
972,4.86,0.029206187,0.020062665,-0.0003286094,0.010198651,0,972,4.86,4.878334283828735,0,0.887239933013916,0.1127600222826004,True
973,4.865,0.04057022,0.037826885,0.02412464,0.03286718,0,972,4.86,4.878334283828735,0,0.887239933013916,0.1127600222826004,True
974,4.87,0.028790457,0.031067124,0.028950607,0.035546727,0,972,4.86,4.878334283828735,0,0.887239933013916,0.1127600222826004,True
975,4.875,-0.0044704457,0.0009947681,0.010767971,0.0135678975,0,972,4.86,4.878334283828735,0,0.887239933013916,0.1127600222826004,True
976,4.88,-0.045008168,-0.03716008,-0.019029656,-0.022867166,0,976,4.88,4.883452653884888,0,0.8880152702331543,0.1119847521185875,True
977,4.885,-0.071621954,-0.060603105,-0.03879209,-0.051547013,0,976,4.88,4.883452653884888,0,0.8880152702331543,0.1119847521185875,True
978,4.89,-0.066878654,-0.051629514,-0.029987225,-0.05084723,0,976,4.88,4.883452653884888,0,0.8880152702331543,0.1119847521185875,True
979,4.895,-0.027908279,-0.009421059,0.009255013,-0.014680252,0,976,4.88,4.883452653884888,0,0.8880152702331543,0.1119847521185875,True
980,4.9,0.029537812,0.047186535,0.060649954,0.04105763,0,980,4.9,4.900207757949829,0,0.8885712027549744,0.111428752541542,True
981,4.905,0.07795686,0.08932184,0.09596322,0.086545855,0,980,4.9,4.900207757949829,0,0.8885712027549744,0.111428752541542,True
982,4.91,0.09342318,0.09507335,0.09462656,0.09628931,0,980,4.9,4.900207757949829,0,0.8885712027549744,0.111428752541542,True
983,4.915,0.07005239,0.06279421,0.056684043,0.06514314,0,980,4.9,4.900207757949829,0,0.8885712027549744,0.111428752541542,True
984,4.92,0.023181872,0.011176394,0.0018861332,0.010571337,0,984,4.92,4.927692174911499,0,0.8895830512046814,0.1104169711470604,True
985,4.925,-0.021755252,-0.034222536,-0.044362552,-0.040361665,0,984,4.92,4.927692174911499,0,0.8895830512046814,0.1104169711470604,True
986,4.93,-0.04652594,-0.05790383,-0.06769141,-0.06904728,0,984,4.92,4.927692174911499,0,0.8895830512046814,0.1104169711470604,True
987,4.935,-0.050097037,-0.061833724,-0.07152275,-0.0745555,0,984,4.92,4.927692174911499,0,0.8895830512046814,0.1104169711470604,True
988,4.94,-0.044011667,-0.058292873,-0.06929239,-0.068027034,0,988,4.94,4.942861080169678,0,0.8820475339889526,0.1179525032639503,True
989,4.945,-0.03867618,-0.05568651,-0.069658324,-0.059075546,0,988,4.94,4.942861080169678,0,0.8820475339889526,0.1179525032639503,True
990,4.95,-0.033949558,-0.050873205,-0.06830968,-0.047418285,0,988,4.94,4.942861080169678,0,0.8820475339889526,0.1179525032639503,True
991,4.955,-0.022509294,-0.034946907,-0.053839315,-0.026925774,0,988,4.94,4.942861080169678,0,0.8820475339889526,0.1179525032639503,True
992,4.96,-0.0012432829,-0.005794088,-0.021482715,0.0034968224,0,992,4.96,4.967245817184448,0,0.888654351234436,0.1113457009196281,True
993,4.965,0.022238687,0.026334815,0.019510623,0.03462441,0,992,4.96,4.967245817184448,0,0.888654351234436,0.1113457009196281,True
994,4.97,0.035282075,0.046677485,0.05270151,0.053415902,0,992,4.96,4.967245817184448,0,0.888654351234436,0.1113457009196281,True
995,4.975,0.032065913,0.04931004,0.06858188,0.054742046,0,992,4.96,4.967245817184448,0,0.888654351234436,0.1113457009196281,True
996,4.98,0.01924969,0.042175032,0.07161839,0.04613928,0,996,4.98,4.994769811630249,0,0.8890038132667542,0.1109962314367294,True
997,4.985,0.0098676495,0.038755607,0.07345333,0.040615145,0,996,4.98,4.994769811630249,0,0.8890038132667542,0.1109962314367294,True
998,4.99,0.011790411,0.044845693,0.079600714,0.04443254,0,996,4.98,4.994769811630249,0,0.8890038132667542,0.1109962314367294,True
999,4.995,0.021354463,0.05294783,0.08282495,0.051160246,0,996,4.98,4.994769811630249,0,0.8890038132667542,0.1109962314367294,True
1000,5.0,0.026886519,0.048816588,0.06919765,0.04695698,0,1000,5.0,5.0093419551849365,0,0.8889749646186829,0.1110250577330589,True
1001,5.005,0.018351978,0.023869168,0.031016786,0.022327468,0,1000,5.0,5.0093419551849365,0,0.8889749646186829,0.1110250577330589,True
1002,5.01,-0.0044564223,-0.016800137,-0.024630455,-0.01906037,0,1000,5.0,5.0093419551849365,0,0.8889749646186829,0.1110250577330589,True
1003,5.015,-0.030870304,-0.056684215,-0.07850395,-0.061070725,0,1000,5.0,5.0093419551849365,0,0.8889749646186829,0.1110250577330589,True
1004,5.02,-0.046157382,-0.07839179,-0.110746756,-0.08481852,0,1004,5.02,5.021212100982666,0,0.8781770467758179,0.1218229532241821,True
1005,5.025,-0.041699402,-0.07477633,-0.11262931,-0.08068072,0,1004,5.02,5.021212100982666,0,0.8781770467758179,0.1218229532241821,True
1006,5.03,-0.021337364,-0.052887388,-0.090363964,-0.054325283,0,1004,5.02,5.021212100982666,0,0.8781770467758179,0.1218229532241821,True
1007,5.035,0.0011557745,-0.028143916,-0.05908073,-0.022571702,0,1004,5.02,5.021212100982666,0,0.8781770467758179,0.1218229532241821,True
1008,5.04,0.012102744,-0.013083179,-0.032003824,-0.0019319277,0,1008,5.04,5.033708572387695,0,0.8885408043861389,0.1114592254161834,True
1009,5.045,0.0080371415,-0.00891469,-0.012703248,0.002199866,0,1008,5.04,5.033708572387695,0,0.8885408043861389,0.1114592254161834,True
1010,5.05,-0.0019704388,-0.005978891,0.0045617926,-0.0017848321,0,1008,5.04,5.033708572387695,0,0.8885408043861389,0.1114592254161834,True
1011,5.055,-0.0036942305,0.0075035337,0.027557023,0.001111557,0,1008,5.04,5.033708572387695,0,0.8885408043861389,0.1114592254161834,True
1012,5.06,0.01086695,0.035211608,0.057912823,0.020708172,0,1012,5.06,5.065411329269409,0,0.8886048793792725,0.1113951131701469,True
1013,5.065,0.036768783,0.068646684,0.0882526,0.053563647,0,1012,5.06,5.065411329269409,0,0.8886048793792725,0.1113951131701469,True
1014,5.07,0.058742095,0.09173955,0.10619611,0.08398309,0,1012,5.06,5.065411329269409,0,0.8886048793792725,0.1113951131701469,True
1015,5.075,0.06076417,0.0902958,0.10159063,0.09310828,0,1012,5.06,5.065411329269409,0,0.8886048793792725,0.1113951131701469,True
1016,5.08,0.03593685,0.059941914,0.07184346,0.07011702,0,1016,5.08,5.083710432052612,0,0.8893682956695557,0.1106317117810249,True
1017,5.085,-0.009040796,0.008576446,0.023002088,0.019017216,0,1016,5.08,5.083710432052612,0,0.8893682956695557,0.1106317117810249,True
1018,5.09,-0.056717135,-0.04688452,-0.032425005,-0.04242291,0,1016,5.08,5.083710432052612,0,0.8893682956695557,0.1106317117810249,True
1019,5.095,-0.08738328,-0.08755183,-0.079250716,-0.09097719,0,1016,5.08,5.083710432052612,0,0.8893682956695557,0.1106317117810249,True
1020,5.1,-0.08904618,-0.10069711,-0.10441955,-0.10934895,0,1020,5.1,5.100699424743652,0,0.8752455711364746,0.1247544139623642,True
1021,5.105,-0.06343728,-0.08539948,-0.102049805,-0.09447208,0,1020,5.1,5.100699424743652,0,0.8752455711364746,0.1247544139623642,True
1022,5.11,-0.02412503,-0.052185375,-0.07619616,-0.057634212,0,1020,5.1,5.100699424743652,0,0.8752455711364746,0.1247544139623642,True
1023,5.115,0.01214186,-0.01630136,-0.038787473,-0.01637116,0,1020,5.1,5.100699424743652,0,0.8752455711364746,0.1247544139623642,True
1024,5.12,0.03449488,0.0108064925,-0.003442977,0.015847556,0,1024,5.12,5.127005577087402,0,0.8838372230529785,0.116162784397602,True
1025,5.125,0.041033946,0.025602471,0.020693447,0.03464156,0,1024,5.12,5.127005577087402,0,0.8838372230529785,0.116162784397602,True
1026,5.13,0.03554697,0.03028897,0.031382054,0.042229988,0,1024,5.12,5.127005577087402,0,0.8838372230529785,0.116162784397602,True
1027,5.135,0.023246037,0.028518397,0.031995516,0.04219757,0,1024,5.12,5.127005577087402,0,0.8838372230529785,0.116162784397602,True
1028,5.14,0.010031932,0.024045233,0.029037286,0.03755416,0,1028,5.14,5.142002820968628,0,0.887900173664093,0.1120998635888099,True
1029,5.145,0.0036242045,0.02217838,0.029806968,0.0325474,0,1028,5.14,5.142002820968628,0,0.887900173664093,0.1120998635888099,True
1030,5.15,0.011390506,0.029216988,0.039344005,0.033157844,0,1028,5.14,5.142002820968628,0,0.887900173664093,0.1120998635888099,True
1031,5.155,0.033757824,0.047145095,0.056446407,0.042633027,0,1028,5.14,5.142002820968628,0,0.887900173664093,0.1120998635888099,True
1032,5.16,0.059202865,0.067782424,0.071597725,0.055422682,0,1032,5.16,5.166977405548096,0,0.8839877843856812,0.1160122826695442,True
1033,5.165,0.06816296,0.07404647,0.070523806,0.057135962,0,1032,5.16,5.166977405548096,0,0.8839877843856812,0.1160122826695442,True
1034,5.17,0.04591149,0.05078907,0.04318824,0.033834316,0,1032,5.16,5.166977405548096,0,0.8839877843856812,0.1160122826695442,True
1035,5.175,-0.0048006824,-0.0019543418,-0.007558914,-0.015404194,0,1032,5.16,5.166977405548096,0,0.8839877843856812,0.1160122826695442,True
1036,5.18,-0.06230986,-0.064794414,-0.064834386,-0.07363055,0,1036,5.18,5.194395303726196,0,0.872082531452179,0.1279174983501434,True
1037,5.185,-0.09855129,-0.10916535,-0.1061373,-0.11459106,0,1036,5.18,5.194395303726196,0,0.872082531452179,0.1279174983501434,True
1038,5.19,-0.096937574,-0.11526548,-0.115925945,-0.119200416,0,1036,5.18,5.194395303726196,0,0.872082531452179,0.1279174983501434,True
1039,5.195,-0.06247517,-0.08434941,-0.09366592,-0.08749705,0,1036,5.18,5.194395303726196,0,0.872082531452179,0.1279174983501434,True
1040,5.2,-0.017073499,-0.03638534,-0.05230876,-0.037346087,0,1040,5.2,5.20936918258667,0,0.8875344395637512,0.1124655455350875,True
1041,5.205,0.015634779,0.0042679887,-0.009372854,0.008161153,0,1040,5.2,5.20936918258667,0,0.8875344395637512,0.1124655455350875,True
1042,5.21,0.0244917,0.023863202,0.022512862,0.03453572,0,1040,5.2,5.20936918258667,0,0.8875344395637512,0.1124655455350875,True
1043,5.215,0.01478528,0.024686439,0.039789308,0.041537937,0,1040,5.2,5.20936918258667,0,0.8875344395637512,0.1124655455350875,True
1044,5.22,0.0012909918,0.019112514,0.045898385,0.038682938,0,1044,5.22,5.225537061691284,0,0.885175883769989,0.1148241981863975,True
1045,5.225,-0.0029160099,0.018659778,0.046228334,0.035977043,0,1044,5.22,5.225537061691284,0,0.885175883769989,0.1148241981863975,True
1046,5.23,0.0060790437,0.02644238,0.044218343,0.037252743,0,1044,5.22,5.225537061691284,0,0.885175883769989,0.1148241981863975,True
1047,5.235,0.022961421,0.037274197,0.040639136,0.039900523,0,1044,5.22,5.225537061691284,0,0.885175883769989,0.1148241981863975,True
1048,5.24,0.038530007,0.043472756,0.035122745,0.03927743,0,1048,5.24,5.244559288024902,0,0.8863382935523987,0.1136616542935371,True
1049,5.245,0.045516603,0.04077583,0.027542528,0.03297645,0,1048,5.24,5.244559288024902,0,0.8863382935523987,0.1136616542935371,True
1050,5.25,0.041148987,0.029982086,0.017866403,0.021572849,0,1048,5.24,5.244559288024902,0,0.8863382935523987,0.1136616542935371,True
1051,5.255,0.026461668,0.014465383,0.0054609724,0.0066438476,0,1048,5.24,5.244559288024902,0,0.8863382935523987,0.1136616542935371,True
1052,5.26,0.0050191693,-0.0027049312,-0.010200945,-0.010529847,0,1052,5.26,5.261219263076782,0,0.8762738108634949,0.1237261742353439,True
1053,5.265,-0.017263385,-0.019063914,-0.027362987,-0.027830593,0,1052,5.26,5.261219263076782,0,0.8762738108634949,0.1237261742353439,True
1054,5.27,-0.0326758,-0.03142904,-0.040981308,-0.04084767,0,1052,5.26,5.261219263076782,0,0.8762738108634949,0.1237261742353439,True
1055,5.275,-0.035014376,-0.036207624,-0.045309667,-0.04438149,0,1052,5.26,5.261219263076782,0,0.8762738108634949,0.1237261742353439,True
1056,5.28,-0.02457118,-0.0322666,-0.038622152,-0.03673481,0,1056,5.28,5.292382955551148,0,0.8837204575538635,0.1162794902920723,True
1057,5.285,-0.009828559,-0.023165869,-0.025319349,-0.022418095,0,1056,5.28,5.292382955551148,0,0.8837204575538635,0.1162794902920723,True
1058,5.29,-0.0022544628,-0.015169834,-0.01253029,-0.009475604,0,1056,5.28,5.292382955551148,0,0.8837204575538635,0.1162794902920723,True
1059,5.295,-0.007302678,-0.012029953,-0.004162987,-0.0031798573,0,1056,5.28,5.292382955551148,0,0.8837204575538635,0.1162794902920723,True
1060,5.3,-0.01959913,-0.011749956,0.0014669789,-0.0021881065,0,1060,5.3,5.310653924942017,0,0.888701319694519,0.1112987399101257,True
1061,5.305,-0.027133346,-0.0089067165,0.008059561,-0.0010029194,0,1060,5.3,5.310653924942017,0,0.888701319694519,0.1112987399101257,True
1062,5.31,-0.02082639,-0.00015052273,0.016161606,0.004073385,0,1060,5.3,5.310653924942017,0,0.888701319694519,0.1112987399101257,True
1063,5.315,-0.0010770209,0.012770975,0.0224756,0.011801631,0,1060,5.3,5.310653924942017,0,0.888701319694519,0.1112987399101257,True
1064,5.32,0.023489796,0.02500329,0.024200467,0.018411102,0,1064,5.32,5.325959205627441,0,0.8906024098396301,0.1093975752592086,True
1065,5.325,0.042442184,0.032631643,0.02279395,0.021975918,0,1064,5.32,5.325959205627441,0,0.8906024098396301,0.1093975752592086,True
1066,5.33,0.04913413,0.034405194,0.022211049,0.02351746,0,1064,5.32,5.325959205627441,0,0.8906024098396301,0.1093975752592086,True
1067,5.335,0.042316727,0.030438213,0.023462284,0.024117697,0,1064,5.32,5.325959205627441,0,0.8906024098396301,0.1093975752592086,True
1068,5.34,0.025062121,0.020926505,0.022195958,0.022344945,0,1068,5.34,5.341465711593628,0,0.8880458474159241,0.1119541451334953,True
1069,5.345,0.0034198214,0.0072012716,0.013034354,0.015813945,0,1068,5.34,5.341465711593628,0,0.8880458474159241,0.1119541451334953,True
1070,5.35,-0.014939526,-0.006495499,-0.003391776,0.0053716777,0,1068,5.34,5.341465711593628,0,0.8880458474159241,0.1119541451334953,True
1071,5.355,-0.023475647,-0.014161554,-0.018743161,-0.0034852396,0,1068,5.34,5.341465711593628,0,0.8880458474159241,0.1119541451334953,True
1072,5.36,-0.02082017,-0.012917466,-0.02389683,-0.0050125215,0,1072,5.36,5.36220645904541,0,0.883601725101471,0.1163982674479484,True
1073,5.365,-0.013008024,-0.0073925015,-0.018549852,3.4862132e-05,0,1072,5.36,5.36220645904541,0,0.883601725101471,0.1163982674479484,True
1074,5.37,-0.010341062,-0.0079151355,-0.013329247,0.0025935038,0,1072,5.36,5.36220645904541,0,0.883601725101471,0.1163982674479484,True
1075,5.375,-0.019323245,-0.021741297,-0.020353463,-0.007894112,0,1072,5.36,5.36220645904541,0,0.883601725101471,0.1163982674479484,True
1076,5.38,-0.035588205,-0.04410724,-0.0398006,-0.03274941,0,1076,5.38,5.394413471221924,0,0.890044093132019,0.1099558323621749,True
1077,5.385,-0.044962354,-0.05836944,-0.055783607,-0.05932487,0,1076,5.38,5.394413471221924,0,0.890044093132019,0.1099558323621749,True
1078,5.39,-0.03395321,-0.047786344,-0.047762353,-0.0683185,0,1076,5.38,5.394413471221924,0,0.890044093132019,0.1099558323621749,True
1079,5.395,-0.0021105013,-0.010469254,-0.009186708,-0.048672996,0,1076,5.38,5.394413471221924,0,0.890044093132019,0.1099558323621749,True
1080,5.4,0.034741547,0.035776958,0.04321876,-0.0078033805,0,1080,5.4,5.408898115158081,0,0.8899328112602234,0.1100672110915184,True
1081,5.405,0.05481699,0.06462669,0.07926065,0.03231699,0,1080,5.4,5.408898115158081,0,0.8899328112602234,0.1100672110915184,True
1082,5.41,0.04683653,0.06042133,0.07731178,0.05089192,0,1080,5.4,5.408898115158081,0,0.8899328112602234,0.1100672110915184,True
1083,5.415,0.018995225,0.029699543,0.04053836,0.04309729,0,1080,5.4,5.408898115158081,0,0.8899328112602234,0.1100672110915184,True
1084,5.42,-0.0074990806,-0.0045309104,-0.006052072,0.021799803,0,1084,5.42,5.426274538040161,0,0.8901680111885071,0.1098320111632347,True
1085,5.425,-0.015108087,-0.020801255,-0.03484605,0.005456165,0,1084,5.42,5.426274538040161,0,0.8901680111885071,0.1098320111632347,True
1086,5.43,-0.002865241,-0.014426925,-0.035008576,0.0032623687,0,1084,5.42,5.426274538040161,0,0.8901680111885071,0.1098320111632347,True
1087,5.435,0.014937948,0.0019507387,-0.01693626,0.010167427,0,1084,5.42,5.426274538040161,0,0.8901680111885071,0.1098320111632347,True
1088,5.44,0.022066224,0.011449377,-0.00014267245,0.014665838,0,1088,5.44,5.444106578826904,0,0.885337769985199,0.1146622449159622,True
1089,5.445,0.013349592,0.0073763146,0.0036063208,0.010778854,0,1088,5.44,5.444106578826904,0,0.885337769985199,0.1146622449159622,True
1090,5.45,-0.0033273795,-0.00309692,-0.002142714,0.002949455,0,1088,5.44,5.444106578826904,0,0.885337769985199,0.1146622449159622,True
1091,5.455,-0.015740566,-0.007551178,-0.0047855615,0.000393253,0,1088,5.44,5.444106578826904,0,0.885337769985199,0.1146622449159622,True
1092,5.46,-0.017278984,-8.5825515e-05,0.0045670504,0.0074440786,0,1092,5.46,5.47321891784668,0,0.8845105767250061,0.1154893785715103,True
1093,5.465,-0.009902034,0.0141160665,0.023081655,0.019094782,0,1092,5.46,5.47321891784668,0,0.8845105767250061,0.1154893785715103,True
1094,5.47,-0.00033580893,0.023783488,0.03847775,0.02492612,0,1092,5.46,5.47321891784668,0,0.8845105767250061,0.1154893785715103,True
1095,5.475,0.00480348,0.020223832,0.038279362,0.017015785,0,1092,5.46,5.47321891784668,0,0.8845105767250061,0.1154893785715103,True
1096,5.48,0.0016013558,0.0027259986,0.018554647,-0.0046492405,0,1096,5.48,5.492639064788818,0,0.8895750045776367,0.1104249507188797,True
1097,5.485,-0.009640073,-0.021471955,-0.013219244,-0.03213305,0,1096,5.48,5.492639064788818,0,0.8895750045776367,0.1104249507188797,True
1098,5.49,-0.023027467,-0.0408897,-0.04202733,-0.053612318,0,1096,5.48,5.492639064788818,0,0.8895750045776367,0.1104249507188797,True
1099,5.495,-0.028502079,-0.045227144,-0.05354781,-0.05901386,0,1096,5.48,5.492639064788818,0,0.8895750045776367,0.1104249507188797,True
1100,5.5,-0.018296352,-0.031055847,-0.04260632,-0.045128647,0,1100,5.5,5.500195264816284,0,0.8906346559524536,0.1093653216958046,True
1101,5.505,0.005428467,-0.004996128,-0.016894089,-0.018002404,0,1100,5.5,5.500195264816284,0,0.8906346559524536,0.1093653216958046,True
1102,5.51,0.029652992,0.019035297,0.007409958,0.009512769,0,1100,5.5,5.500195264816284,0,0.8906346559524536,0.1093653216958046,True
1103,5.515,0.039244037,0.028332585,0.016278062,0.024788162,0,1100,5.5,5.500195264816284,0,0.8906346559524536,0.1093653216958046,True
1104,5.52,0.028475208,0.01980289,0.0072525,0.022883274,0,1104,5.52,5.52745532989502,0,0.8903775811195374,0.1096223592758178,True
1105,5.525,0.004789893,0.0012127936,-0.009960733,0.008931107,0,1104,5.52,5.52745532989502,0,0.8903775811195374,0.1096223592758178,True
1106,5.53,-0.018328493,-0.015744714,-0.022140736,-0.006398726,0,1104,5.52,5.52745532989502,0,0.8903775811195374,0.1096223592758178,True
1107,5.535,-0.031875003,-0.02400247,-0.022592172,-0.014397938,0,1104,5.52,5.52745532989502,0,0.8903775811195374,0.1096223592758178,True
1108,5.54,-0.035359442,-0.023749819,-0.013909871,-0.01268132,0,1108,5.54,5.542758941650391,0,0.885844886302948,0.1141551285982132,True
1109,5.545,-0.03237715,-0.018285071,-0.0024910339,-0.0039770566,0,1108,5.54,5.542758941650391,0,0.885844886302948,0.1141551285982132,True
1110,5.55,-0.024480533,-0.009017759,0.008268297,0.0078009926,0,1108,5.54,5.542758941650391,0,0.885844886302948,0.1141551285982132,True
1111,5.555,-0.010264784,0.004936261,0.01936056,0.020028554,0,1108,5.54,5.542758941650391,0,0.885844886302948,0.1141551285982132,True
1112,5.56,0.010687553,0.02338614,0.0324415,0.03130688,0,1112,5.56,5.576027154922485,0,0.886917233467102,0.1130827814340591,True
1113,5.565,0.034652956,0.042735755,0.04630165,0.040587135,0,1112,5.56,5.576027154922485,0,0.886917233467102,0.1130827814340591,True
1114,5.57,0.054812815,0.057084404,0.056780327,0.046652056,0,1112,5.56,5.576027154922485,0,0.886917233467102,0.1130827814340591,True
1115,5.575,0.064525835,0.06080982,0.058706023,0.047512412,0,1112,5.56,5.576027154922485,0,0.886917233467102,0.1130827814340591,True
1116,5.58,0.059565615,0.050351866,0.04772673,0.039916027,0,1116,5.58,5.592589855194092,0,0.887902021408081,0.1120979860424995,True
1117,5.585,0.039156556,0.025630806,0.022420684,0.02075459,0,1116,5.58,5.592589855194092,0,0.887902021408081,0.1120979860424995,True
1118,5.59,0.0073288046,-0.008074617,-0.012797076,-0.009098586,0,1116,5.58,5.592589855194092,0,0.887902021408081,0.1120979860424995,True
1119,5.595,-0.026314475,-0.039858874,-0.046721872,-0.041790377,0,1116,5.58,5.592589855194092,0,0.887902021408081,0.1120979860424995,True
1120,5.6,-0.049546707,-0.05761842,-0.06604651,-0.06486121,0,1120,5.6,5.605690956115723,0,0.8869324326515198,0.113067589700222,True
1121,5.605,-0.054513812,-0.05593761,-0.064258404,-0.06907511,0,1120,5.6,5.605690956115723,0,0.8869324326515198,0.113067589700222,True
1122,5.61,-0.043545008,-0.040762186,-0.047148753,-0.05550649,0,1120,5.6,5.605690956115723,0,0.8869324326515198,0.113067589700222,True
1123,5.615,-0.027538465,-0.025117006,-0.028492745,-0.034838278,0,1120,5.6,5.605690956115723,0,0.8869324326515198,0.113067589700222,True
1124,5.62,-0.017124183,-0.018345302,-0.0186234,-0.018603006,0,1124,5.62,5.627787351608276,0,0.8882558345794678,0.1117441281676292,True
1125,5.625,-0.014416279,-0.018634297,-0.016405892,-0.010144729,0,1124,5.62,5.627787351608276,0,0.8882558345794678,0.1117441281676292,True
1126,5.63,-0.013141149,-0.016239526,-0.012353648,-0.003749311,0,1124,5.62,5.627787351608276,0,0.8882558345794678,0.1117441281676292,True
1127,5.635,-0.006521342,-0.00420682,0.00054153247,0.0076321904,0,1124,5.62,5.627787351608276,0,0.8882558345794678,0.1117441281676292,True
1128,5.64,0.0055780117,0.014369115,0.019422015,0.024192652,0,1128,5.64,5.6419312953948975,0,0.8900198340415955,0.1099800989031791,True
1129,5.645,0.01738615,0.029702842,0.034679644,0.038750287,0,1128,5.64,5.6419312953948975,0,0.8900198340415955,0.1099800989031791,True
1130,5.65,0.023999462,0.03504921,0.03937447,0.043678034,0,1128,5.64,5.6419312953948975,0,0.8900198340415955,0.1099800989031791,True
1131,5.655,0.025878934,0.03211682,0.034708623,0.03754834,0,1128,5.64,5.6419312953948975,0,0.8900198340415955,0.1099800989031791,True
1132,5.66,0.02605524,0.02691018,0.026572663,0.024995696,0,1132,5.66,5.666749000549316,0,0.8868887424468994,0.1131112053990364,True
1133,5.665,0.02411503,0.021659,0.018230785,0.011218054,0,1132,5.66,5.666749000549316,0,0.8868887424468994,0.1131112053990364,True
1134,5.67,0.015220775,0.0125757735,0.007826716,-0.0020187232,0,1132,5.66,5.666749000549316,0,0.8868887424468994,0.1131112053990364,True
1135,5.675,-0.0034822803,-0.0039120354,-0.0068522063,-0.014785012,0,1132,5.66,5.666749000549316,0,0.8868887424468994,0.1131112053990364,True
1136,5.68,-0.026049472,-0.023822002,-0.022494685,-0.024866939,0,1136,5.68,5.683840036392212,0,0.882032573223114,0.1179673969745636,True
1137,5.685,-0.039205797,-0.036128797,-0.030703204,-0.02715555,0,1136,5.68,5.683840036392212,0,0.882032573223114,0.1179673969745636,True
1138,5.69,-0.03240719,-0.031611238,-0.025061775,-0.01810601,0,1136,5.68,5.683840036392212,0,0.882032573223114,0.1179673969745636,True
1139,5.695,-0.0074277543,-0.011486489,-0.007717817,-0.00047582257,0,1136,5.68,5.683840036392212,0,0.882032573223114,0.1179673969745636,True
1140,5.7,0.021765845,0.012668935,0.011367949,0.017210428,0,1140,5.7,5.700485706329346,0,0.889702320098877,0.1102976575493812,True
1141,5.705,0.039087422,0.027687544,0.022029307,0.026531145,0,1140,5.7,5.700485706329346,0,0.889702320098877,0.1102976575493812,True
1142,5.71,0.037714377,0.028340997,0.021371368,0.02501979,0,1140,5.7,5.700485706329346,0,0.889702320098877,0.1102976575493812,True
1143,5.715,0.023537474,0.01969954,0.0146622425,0.016905941,0,1140,5.7,5.700485706329346,0,0.889702320098877,0.1102976575493812,True
1144,5.72,0.008665715,0.0111594815,0.009461728,0.008617219,0,1144,5.72,5.727370500564575,0,0.8902387022972107,0.1097613275051117,True
1145,5.725,0.0010915048,0.007815325,0.008503112,0.003256399,0,1144,5.72,5.727370500564575,0,0.8902387022972107,0.1097613275051117,True
1146,5.73,-0.00090851315,0.006401787,0.0073427684,-0.0015259424,0,1144,5.72,5.727370500564575,0,0.8902387022972107,0.1097613275051117,True
1147,5.735,-0.005516577,-0.0010372238,-0.0013816821,-0.010861468,0,1144,5.72,5.727370500564575,0,0.8902387022972107,0.1097613275051117,True
1148,5.74,-0.018508168,-0.018767344,-0.02039301,-0.027201448,0,1148,5.74,5.742642879486084,0,0.8878554105758667,0.1121445447206497,True
1149,5.745,-0.036463957,-0.041189563,-0.042923775,-0.046037983,0,1148,5.74,5.742642879486084,0,0.8878554105758667,0.1121445447206497,True
1150,5.75,-0.047918472,-0.05459341,-0.055172827,-0.05656482,0,1148,5.74,5.742642879486084,0,0.8878554105758667,0.1121445447206497,True
1151,5.755,-0.041796163,-0.046607587,-0.04553687,-0.0481385,0,1148,5.74,5.742642879486084,0,0.8878554105758667,0.1121445447206497,True
1152,5.76,-0.016536146,-0.016494825,-0.014242137,-0.01875725,0,1152,5.76,5.7677271366119385,0,0.8876401782035828,0.1123597919940948,True
1153,5.765,0.017314326,0.022230804,0.024645487,0.02108652,0,1152,5.76,5.7677271366119385,0,0.8876401782035828,0.1123597919940948,True
1154,5.77,0.0431106,0.04976461,0.051556736,0.053282656,0,1152,5.76,5.7677271366119385,0,0.8876401782035828,0.1123597919940948,True
1155,5.775,0.04819799,0.052766852,0.054156926,0.06289411,0,1152,5.76,5.7677271366119385,0,0.8876401782035828,0.1123597919940948,True
1156,5.78,0.030903535,0.032162026,0.034477048,0.04690179,0,1156,5.78,5.787379503250122,0,0.8905451893806458,0.1094548031687736,True
1157,5.785,0.00033947767,0.00073538395,0.005390264,0.014761365,0,1156,5.78,5.787379503250122,0,0.8905451893806458,0.1094548031687736,True
1158,5.79,-0.029510304,-0.02613673,-0.019223584,-0.0183464,0,1156,5.78,5.787379503250122,0,0.8905451893806458,0.1094548031687736,True
1159,5.795,-0.046729017,-0.03873435,-0.031780608,-0.039484125,0,1156,5.78,5.787379503250122,0,0.8905451893806458,0.1094548031687736,True
1160,5.8,-0.045688163,-0.03525658,-0.031295516,-0.042175233,0,1160,5.8,5.800295352935791,0,0.8876993656158447,0.112300656735897,True
1161,5.805,-0.027751768,-0.019319616,-0.019856066,-0.02672317,0,1160,5.8,5.800295352935791,0,0.8876993656158447,0.112300656735897,True
1162,5.81,0.00043078954,0.0031504573,-0.00083468034,0.0008607936,0,1160,5.8,5.800295352935791,0,0.8876993656158447,0.112300656735897,True
1163,5.815,0.029747304,0.025429187,0.020023247,0.030274428,0,1160,5.8,5.800295352935791,0,0.8876993656158447,0.112300656735897,True
1164,5.82,0.051512927,0.040755957,0.03429146,0.049753018,0,1164,5.82,5.828526973724365,0,0.889330267906189,0.1106697022914886,True
1165,5.825,0.059503354,0.04372488,0.03423148,0.05068199,0,1164,5.82,5.828526973724365,0,0.889330267906189,0.1106697022914886,True
1166,5.83,0.050935812,0.032285914,0.018003246,0.031921692,0,1164,5.82,5.828526973724365,0,0.889330267906189,0.1106697022914886,True
1167,5.835,0.027330842,0.009445147,-0.007744434,0.0010305165,0,1164,5.82,5.828526973724365,0,0.889330267906189,0.1106697022914886,True
1168,5.84,-0.004205935,-0.016316546,-0.030322649,-0.028582726,0,1168,5.84,5.837949752807617,0,0.8841572403907776,0.1158427372574806,True
1169,5.845,-0.031179274,-0.03317431,-0.03723192,-0.043376397,0,1168,5.84,5.837949752807617,0,0.8841572403907776,0.1158427372574806,True
1170,5.85,-0.040448803,-0.03153435,-0.023017934,-0.03615057,0,1168,5.84,5.837949752807617,0,0.8841572403907776,0.1158427372574806,True
1171,5.855,-0.026978215,-0.011085186,0.006581661,-0.010671404,0,1168,5.84,5.837949752807617,0,0.8841572403907776,0.1158427372574806,True
1172,5.86,-1.4038279e-06,0.016264647,0.036103286,0.018695412,0,1172,5.86,5.860735893249512,0,0.8886821866035461,0.1113178133964538,True
1173,5.865,0.02090999,0.03231845,0.048302572,0.034112204,0,1172,5.86,5.860735893249512,0,0.8886821866035461,0.1113178133964538,True
1174,5.87,0.01952206,0.02505583,0.034954734,0.025340049,0,1172,5.86,5.860735893249512,0,0.8886821866035461,0.1113178133964538,True
1175,5.875,-0.004073903,-0.0019228283,0.0030577723,-0.0027121215,0,1172,5.86,5.860735893249512,0,0.8886821866035461,0.1113178133964538,True
1176,5.88,-0.03289263,-0.031522296,-0.029193489,-0.032606732,0,1176,5.88,5.894030332565308,0,0.8878922462463379,0.1121077090501785,True
1177,5.885,-0.04631077,-0.045726012,-0.044570763,-0.04633421,0,1176,5.88,5.894030332565308,0,0.8878922462463379,0.1121077090501785,True
1178,5.89,-0.03606736,-0.03822576,-0.037946243,-0.03767072,0,1176,5.88,5.894030332565308,0,0.8878922462463379,0.1121077090501785,True
1179,5.895,-0.011470408,-0.01697692,-0.017867144,-0.015156483,0,1176,5.88,5.894030332565308,0,0.8878922462463379,0.1121077090501785,True
1180,5.9,0.009834318,0.004116135,0.0017484182,0.0061750337,0,1180,5.9,5.898835182189941,0,0.8899093866348267,0.1100905612111091,True
1181,5.905,0.016483441,0.015944414,0.011906827,0.016550744,0,1180,5.9,5.898835182189941,0,0.8899093866348267,0.1100905612111091,True
1182,5.91,0.010535832,0.018171819,0.012270688,0.016544698,0,1180,5.9,5.898835182189941,0,0.8899093866348267,0.1100905612111091,True
1183,5.915,0.0021405115,0.014778056,0.0068255,0.0123261055,0,1180,5.9,5.898835182189941,0,0.8899093866348267,0.1100905612111091,True
1184,5.92,-0.0016290143,0.0075457934,-0.002361165,0.0073182727,0,1184,5.92,5.917211055755615,0,0.8901564478874207,0.1098435372114181,True
1185,5.925,-0.0025598712,-0.0051257485,-0.016216641,-0.0007387788,0,1184,5.92,5.917211055755615,0,0.8901564478874207,0.1098435372114181,True
1186,5.93,-0.0066708387,-0.023111757,-0.033804126,-0.014593112,0,1184,5.92,5.917211055755615,0,0.8901564478874207,0.1098435372114181,True
1187,5.935,-0.0146648865,-0.03927768,-0.04760057,-0.030159514,0,1184,5.92,5.917211055755615,0,0.8901564478874207,0.1098435372114181,True
1188,5.94,-0.017791364,-0.04088492,-0.045416255,-0.03564354,0,1188,5.94,5.931906223297119,0,0.8807625770568848,0.1192374527454376,True
1189,5.945,-0.004330217,-0.018361323,-0.0191001,-0.019696534,0,1188,5.94,5.931906223297119,0,0.8807625770568848,0.1192374527454376,True
1190,5.95,0.028276486,0.025158294,0.02681556,0.017687555,0,1188,5.94,5.931906223297119,0,0.8807625770568848,0.1192374527454376,True
1191,5.955,0.06678319,0.072005704,0.07450255,0.061441325,0,1188,5.94,5.931906223297119,0,0.8807625770568848,0.1192374527454376,True
1192,5.96,0.08858635,0.099094436,0.10233752,0.08957525,0,1192,5.96,5.966811656951904,0,0.8896530270576477,0.1103469729423523,True
1193,5.965,0.0778291,0.092561096,0.098370306,0.08789186,0,1192,5.96,5.966811656951904,0,0.8896530270576477,0.1103469729423523,True
1194,5.97,0.03828536,0.05714128,0.067736655,0.059607897,0,1192,5.96,5.966811656951904,0,0.8896530270576477,0.1103469729423523,True
1195,5.975,-0.008607741,0.012475842,0.028107492,0.021750804,0,1192,5.96,5.966811656951904,0,0.8896530270576477,0.1103469729423523,True
1196,5.98,-0.039855767,-0.02128107,-0.0033255059,-0.008678053,0,1196,5.98,5.982306241989136,0,0.8728882670402527,0.1271117925643921,True
1197,5.985,-0.04764417,-0.03702034,-0.020886047,-0.02678691,0,1196,5.98,5.982306241989136,0,0.8728882670402527,0.1271117925643921,True
1198,5.99,-0.04240656,-0.04242378,-0.030940564,-0.03986174,0,1196,5.98,5.982306241989136,0,0.8728882670402527,0.1271117925643921,True
1199,5.995,-0.040437922,-0.049372036,-0.042708714,-0.05634377,0,1196,5.98,5.982306241989136,0,0.8728882670402527,0.1271117925643921,True
1200,6.0,-0.048148137,-0.061304122,-0.058343656,-0.07481572,0,1200,6.0,6.008543252944946,0,0.8883152604103088,0.1116846948862075,True
1201,6.005,-0.057164464,-0.069950394,-0.07096088,-0.083652794,0,1200,6.0,6.008543252944946,0,0.8883152604103088,0.1116846948862075,True
1202,6.01,-0.053598057,-0.06369578,-0.071415454,-0.07158444,0,1200,6.0,6.008543252944946,0,0.8883152604103088,0.1116846948862075,True
1203,6.015,-0.031900883,-0.03929654,-0.056918383,-0.039106272,0,1200,6.0,6.008543252944946,0,0.8883152604103088,0.1116846948862075,True
1204,6.02,-0.0006024259,-0.0062138396,-0.03372783,-6.119024e-05,0,1204,6.02,6.027704954147339,0,0.8887944221496582,0.1112056002020835,True
1205,6.025,0.02446727,0.02008115,-0.012035613,0.02808812,0,1204,6.02,6.027704954147339,0,0.8887944221496582,0.1112056002020835,True
1206,6.03,0.032645736,0.029717898,0.0019501876,0.036640387,0,1204,6.02,6.027704954147339,0,0.8887944221496582,0.1112056002020835,True
1207,6.035,0.025678355,0.024976684,0.009718457,0.030208485,0,1204,6.02,6.027704954147339,0,0.8887944221496582,0.1112056002020835,True
1208,6.04,0.014509494,0.016759684,0.017159738,0.020567704,0,1208,6.04,6.042279005050659,0,0.8892402648925781,0.1107596978545188,True
1209,6.045,0.009764648,0.014901585,0.027901849,0.01639985,0,1208,6.04,6.042279005050659,0,0.8892402648925781,0.1107596978545188,True
1210,6.05,0.014469352,0.021021122,0.039699946,0.018085424,0,1208,6.04,6.042279005050659,0,0.8892402648925781,0.1107596978545188,True
1211,6.055,0.023938706,0.029254923,0.04689352,0.020673761,0,1208,6.04,6.042279005050659,0,0.8892402648925781,0.1107596978545188,True
1212,6.06,0.030882385,0.032588948,0.045854256,0.020264966,0,1212,6.06,6.077295303344727,0,0.883758008480072,0.1162419989705085,True
1213,6.065,0.030484023,0.028255936,0.03781479,0.017084442,0,1212,6.06,6.077295303344727,0,0.883758008480072,0.1162419989705085,True
1214,6.07,0.022311274,0.018192912,0.026821451,0.013400534,0,1212,6.06,6.077295303344727,0,0.883758008480072,0.1162419989705085,True
1215,6.075,0.009453331,0.005998596,0.015761632,0.009997872,0,1212,6.06,6.077295303344727,0,0.883758008480072,0.1162419989705085,True
1216,6.08,-0.0034915805,-0.005661439,0.0048789317,0.0054963846,0,1216,6.08,6.092909336090088,0,0.8797414302825928,0.120258554816246,True
1217,6.085,-0.01254875,-0.015101566,-0.0060622278,-0.0010448361,0,1216,6.08,6.092909336090088,0,0.8797414302825928,0.120258554816246,True
1218,6.09,-0.015828494,-0.020141978,-0.014807455,-0.007349838,0,1216,6.08,6.092909336090088,0,0.8797414302825928,0.120258554816246,True
1219,6.095,-0.013509108,-0.017514301,-0.01647274,-0.008187878,0,1216,6.08,6.092909336090088,0,0.8797414302825928,0.120258554816246,True
1220,6.1,-0.0066266675,-0.0046453164,-0.007161371,0.0007992491,0,1220,6.1,6.109230756759644,0,0.8894274830818176,0.1105724722146987,True
1221,6.105,0.0036060684,0.016890742,0.011270947,0.018249886,0,1220,6.1,6.109230756759644,0,0.8894274830818176,0.1105724722146987,True
1222,6.11,0.014786874,0.03908889,0.029465273,0.035203785,0,1220,6.1,6.109230756759644,0,0.8894274830818176,0.1105724722146987,True
1223,6.115,0.022000948,0.04950084,0.03435951,0.038846046,0,1220,6.1,6.109230756759644,0,0.8894274830818176,0.1105724722146987,True
1224,6.12,0.018930603,0.03786307,0.017105144,0.020607673,0,1224,6.12,6.127623319625855,0,0.8891976475715637,0.1108023002743721,True
1225,6.125,0.0020107916,0.0035028611,-0.020011304,-0.016719395,0,1224,6.12,6.127623319625855,0,0.8891976475715637,0.1108023002743721,True
1226,6.13,-0.025449147,-0.042248614,-0.063048266,-0.058717646,0,1224,6.12,6.127623319625855,0,0.8891976475715637,0.1108023002743721,True
1227,6.135,-0.05331609,-0.08140175,-0.093589336,-0.087216556,0,1224,6.12,6.127623319625855,0,0.8891976475715637,0.1108023002743721,True
1228,6.14,-0.06978979,-0.09915881,-0.09910809,-0.091061264,0,1228,6.14,6.142267465591431,0,0.8827164769172668,0.1172835007309913,True
1229,6.145,-0.068054944,-0.09126533,-0.07929286,-0.07183984,0,1228,6.14,6.142267465591431,0,0.8827164769172668,0.1172835007309913,True
1230,6.15,-0.049426313,-0.0640137,-0.044185717,-0.04065381,0,1228,6.14,6.142267465591431,0,0.8827164769172668,0.1172835007309913,True
1231,6.155,-0.021126945,-0.02819517,-0.006445563,-0.009388383,0,1228,6.14,6.142267465591431,0,0.8827164769172668,0.1172835007309913,True
1232,6.16,0.00864713,0.00733553,0.02579157,0.016069978,0,1232,6.16,6.166624546051025,0,0.8901986479759216,0.1098013743758201,True
1233,6.165,0.034194347,0.03796026,0.050598323,0.03603802,0,1232,6.16,6.166624546051025,0,0.8901986479759216,0.1098013743758201,True
1234,6.17,0.052567177,0.061614178,0.06893752,0.05240108,0,1232,6.16,6.166624546051025,0,0.8901986479759216,0.1098013743758201,True
1235,6.175,0.062175617,0.07643789,0.08059128,0.06450528,0,1232,6.16,6.166624546051025,0,0.8901986479759216,0.1098013743758201,True
1236,6.18,0.062046956,0.08028762,0.08301103,0.06905645,0,1236,6.18,6.184090852737427,0,0.8899132609367371,0.1100867614150047,True
1237,6.185,0.05233681,0.071966946,0.07345898,0.0630879,0,1236,6.18,6.184090852737427,0,0.8899132609367371,0.1100867614150047,True
1238,6.19,0.03512002,0.052708603,0.05218874,0.04677924,0,1236,6.18,6.184090852737427,0,0.8899132609367371,0.1100867614150047,True
1239,6.195,0.01456245,0.026893903,0.024052935,0.024081348,0,1236,6.18,6.184090852737427,0,0.8899132609367371,0.1100867614150047,True
1240,6.2,-0.0037538502,0.0015490064,-0.0028203335,0.001325542,0,1240,6.2,6.200241088867188,0,0.8835877180099487,0.1164122521877288,True
1241,6.205,-0.014508928,-0.015870355,-0.020859439,-0.015140564,0,1240,6.2,6.200241088867188,0,0.8835877180099487,0.1164122521877288,True
1242,6.21,-0.015293444,-0.021234624,-0.027303495,-0.021533584,0,1240,6.2,6.200241088867188,0,0.8835877180099487,0.1164122521877288,True
1243,6.215,-0.008867115,-0.016942468,-0.02602081,-0.01861465,0,1240,6.2,6.200241088867188,0,0.8835877180099487,0.1164122521877288,True
1244,6.22,-0.002551699,-0.011386567,-0.025121773,-0.01176917,0,1244,6.22,6.229313850402832,0,0.8861059546470642,0.1138941124081611,True
1245,6.225,-0.003834698,-0.013702755,-0.031437695,-0.008380078,0,1244,6.22,6.229313850402832,0,0.8861059546470642,0.1138941124081611,True
1246,6.23,-0.014955617,-0.027154516,-0.0455586,-0.013598324,0,1244,6.22,6.229313850402832,0,0.8861059546470642,0.1138941124081611,True
1247,6.235,-0.031040318,-0.046465717,-0.061081767,-0.027217725,0,1244,6.22,6.229313850402832,0,0.8861059546470642,0.1138941124081611,True
1248,6.24,-0.043549575,-0.06134134,-0.06863946,-0.043745562,0,1248,6.24,6.244325160980225,0,0.888308584690094,0.1116914004087448,True
1249,6.245,-0.046033524,-0.06314232,-0.061665732,-0.055362504,0,1248,6.24,6.244325160980225,0,0.888308584690094,0.1116914004087448,True
1250,6.25,-0.037560005,-0.04955625,-0.03992125,-0.055688538,0,1248,6.24,6.244325160980225,0,0.888308584690094,0.1116914004087448,True
1251,6.255,-0.022098705,-0.024817843,-0.009125772,-0.042543117,0,1248,6.24,6.244325160980225,0,0.888308584690094,0.1116914004087448,True
1252,6.26,-0.0057655117,0.003042029,0.021977663,-0.019065902,0,1252,6.26,6.262508392333984,0,0.8898081183433533,0.1101918891072273,True
1253,6.265,0.0057528596,0.02544874,0.045012373,0.0071062944,0,1252,6.26,6.262508392333984,0,0.8898081183433533,0.1101918891072273,True
1254,6.27,0.009296781,0.036291525,0.054907095,0.027094072,0,1252,6.26,6.262508392333984,0,0.8898081183433533,0.1101918891072273,True
1255,6.275,0.0062816143,0.034853622,0.052175395,0.035809062,0,1252,6.26,6.262508392333984,0,0.8898081183433533,0.1101918891072273,True
1256,6.28,0.0033655043,0.027301027,0.043369614,0.0356504,0,1256,6.28,6.300762891769409,0,0.8902938961982727,0.1097061485052108,True
1257,6.285,0.009345262,0.024077717,0.037952527,0.03502306,0,1256,6.28,6.300762891769409,0,0.8902938961982727,0.1097061485052108,True
1258,6.29,0.028591659,0.032895263,0.041982543,0.041413713,0,1256,6.28,6.300762891769409,0,0.8902938961982727,0.1097061485052108,True
1259,6.295,0.055815455,0.05183328,0.052725483,0.05429793,0,1256,6.28,6.300762891769409,0,0.8902938961982727,0.1097061485052108,True
1260,6.3,0.077633336,0.068903506,0.059241053,0.06459061,0,1260,6.3,6.310405492782593,0,0.8905012607574463,0.1094987615942955,True
1261,6.305,0.08098619,0.069794215,0.049729098,0.061812248,0,1260,6.3,6.310405492782593,0,0.8905012607574463,0.1094987615942955,True
1262,6.31,0.061829567,0.048062917,0.020319832,0.04256803,0,1260,6.3,6.310405492782593,0,0.8905012607574463,0.1094987615942955,True
1263,6.315,0.026914444,0.009459164,-0.02170842,0.012529783,0,1260,6.3,6.310405492782593,0,0.8905012607574463,0.1094987615942955,True
1264,6.32,-0.012005739,-0.032608923,-0.062503025,-0.019176941,0,1264,6.32,6.326028108596802,0,0.8855146765708923,0.1144853010773658,True
1265,6.325,-0.04540784,-0.06562565,-0.08967214,-0.046652056,0,1264,6.32,6.326028108596802,0,0.8855146765708923,0.1144853010773658,True
1266,6.33,-0.06853781,-0.0832997,-0.09754243,-0.06825287,0,1264,6.32,6.326028108596802,0,0.8855146765708923,0.1144853010773658,True
1267,6.335,-0.07920726,-0.085088044,-0.087206595,-0.08237615,0,1264,6.32,6.326028108596802,0,0.8855146765708923,0.1144853010773658,True
1268,6.34,-0.075721964,-0.07316251,-0.06367108,-0.08445539,0,1268,6.34,6.348841667175293,0,0.8874192237854004,0.112580731511116,True
1269,6.345,-0.05836799,-0.051006332,-0.0334271,-0.06987103,0,1268,6.34,6.348841667175293,0,0.8874192237854004,0.112580731511116,True
1270,6.35,-0.03244507,-0.024080548,-0.0033567585,-0.04018739,0,1268,6.34,6.348841667175293,0,0.8874192237854004,0.112580731511116,True
1271,6.355,-0.008040246,0.00023498062,0.020220177,-0.0056748725,0,1268,6.34,6.348841667175293,0,0.8874192237854004,0.112580731511116,True
1272,6.36,0.00517963,0.015292374,0.033150014,0.0196813,0,1272,6.36,6.348841667175293,0,0.888482928276062,0.1115170568227768,True
1273,6.365,0.0043465933,0.01881888,0.03489252,0.027119493,0,1272,6.36,6.348841667175293,0,0.888482928276062,0.1115170568227768,True
1274,6.37,-0.0047302125,0.014253688,0.028565655,0.01858225,0,1272,6.36,6.348841667175293,0,0.888482928276062,0.1115170568227768,True
1275,6.375,-0.011914897,0.008412471,0.01944408,0.004568774,0,1272,6.36,6.348841667175293,0,0.888482928276062,0.1115170568227768,True
1276,6.38,-0.009435989,0.007357781,0.012856912,-0.0032318572,0,1276,6.38,6.398939371109009,0,0.8867913484573364,0.1132086440920829,True
1277,6.385,0.004453681,0.013512381,0.012385761,0.0014021159,0,1276,6.38,6.398939371109009,0,0.8867913484573364,0.1132086440920829,True
1278,6.39,0.026501982,0.025447352,0.018701518,0.01728047,0,1276,6.38,6.398939371109009,0,0.8867913484573364,0.1132086440920829,True
1279,6.395,0.051406264,0.039528564,0.02931285,0.03824228,0,1276,6.38,6.398939371109009,0,0.8867913484573364,0.1132086440920829,True
1280,6.4,0.073438294,0.05176463,0.039650314,0.057082426,0,1280,6.4,6.407788991928101,0,0.8892258405685425,0.1107741445302963,True
1281,6.405,0.08659354,0.058870345,0.04530078,0.06843169,0,1280,6.4,6.407788991928101,0,0.8892258405685425,0.1107741445302963,True
1282,6.41,0.085480005,0.05858555,0.044052623,0.069784075,0,1280,6.4,6.407788991928101,0,0.8892258405685425,0.1107741445302963,True
1283,6.415,0.06791212,0.0497557,0.03621091,0.061159402,0,1280,6.4,6.407788991928101,0,0.8892258405685425,0.1107741445302963,True
1284,6.42,0.03714181,0.03250928,0.02312224,0.044205386,0,1284,6.42,6.434100866317749,0,0.8869398832321167,0.1130601540207862,True
1285,6.425,0.0009290401,0.008480504,0.005643176,0.02126605,0,1284,6.42,6.434100866317749,0,0.8869398832321167,0.1130601540207862,True
1286,6.43,-0.032517824,-0.01918099,-0.015675556,-0.005334058,0,1284,6.42,6.434100866317749,0,0.8869398832321167,0.1130601540207862,True
1287,6.435,-0.058434386,-0.046189003,-0.038879525,-0.033527497,0,1284,6.42,6.434100866317749,0,0.8869398832321167,0.1130601540207862,True
1288,6.44,-0.0759833,-0.06784492,-0.059450816,-0.060994845,0,1288,6.44,6.44871711730957,0,0.8844202160835266,0.1155797839164733,True
1289,6.445,-0.08550104,-0.07994546,-0.071478024,-0.08417784,0,1288,6.44,6.44871711730957,0,0.8844202160835266,0.1155797839164733,True
1290,6.45,-0.085865915,-0.0797846,-0.07074612,-0.097971596,0,1288,6.44,6.44871711730957,0,0.8844202160835266,0.1155797839164733,True
1291,6.455,-0.07503867,-0.0672117,-0.057516396,-0.0973169,0,1288,6.44,6.44871711730957,0,0.8844202160835266,0.1155797839164733,True
1292,6.46,-0.053318553,-0.045394197,-0.03693824,-0.080369174,0,1292,6.46,6.44871711730957,0,0.8895776867866516,0.1104223132133483,True
1293,6.465,-0.02565009,-0.020421574,-0.016697042,-0.050896857,0,1292,6.46,6.44871711730957,0,0.8895776867866516,0.1104223132133483,True
1294,6.47,0.00014472743,0.0009080011,-0.0031622595,-0.017383212,0,1292,6.46,6.44871711730957,0,0.8895776867866516,0.1104223132133483,True
1295,6.475,0.018212456,0.014338641,0.0019005995,0.011216149,0,1292,6.46,6.44871711730957,0,0.8895776867866516,0.1104223132133483,True
1296,6.48,0.028081415,0.020178312,0.002150439,0.03009815,0,1296,6.48,6.494063138961792,0,0.8894952535629272,0.1105047538876533,True
1297,6.485,0.03332256,0.022293143,0.004282521,0.040171176,0,1296,6.48,6.494063138961792,0,0.8894952535629272,0.1105047538876533,True
1298,6.49,0.03713773,0.024866529,0.013656902,0.04575723,0,1296,6.48,6.494063138961792,0,0.8894952535629272,0.1105047538876533,True
1299,6.495,0.039830517,0.029858457,0.030787589,0.050855238,0,1296,6.48,6.494063138961792,0,0.8894952535629272,0.1105047538876533,True
1300,6.5,0.040693447,0.037198205,0.051186495,0.057065263,0,1300,6.5,6.498773813247681,0,0.8908640146255493,0.1091359481215477,True
1301,6.505,0.041312832,0.046511117,0.06846909,0.06400369,0,1300,6.5,6.498773813247681,0,0.8908640146255493,0.1091359481215477,True
1302,6.51,0.04521179,0.057335038,0.077892296,0.07037282,0,1300,6.5,6.498773813247681,0,0.8908640146255493,0.1091359481215477,True
1303,6.515,0.053004622,0.066842355,0.077370584,0.07367092,0,1300,6.5,6.498773813247681,0,0.8908640146255493,0.1091359481215477,True
1304,6.52,0.058226023,0.06796938,0.0658605,0.06901356,0,1304,6.52,6.516991138458252,0,0.8840531706809998,0.1159468293190002,True
1305,6.525,0.049591143,0.051774558,0.0419066,0.04974952,0,1304,6.52,6.516991138458252,0,0.8840531706809998,0.1159468293190002,True
1306,6.53,0.019329105,0.013967146,0.0049153147,0.011525745,0,1304,6.52,6.516991138458252,0,0.8840531706809998,0.1159468293190002,True
1307,6.535,-0.029172873,-0.039293222,-0.04144551,-0.042261757,0,1304,6.52,6.516991138458252,0,0.8840531706809998,0.1159468293190002,True
1308,6.54,-0.08097196,-0.09165478,-0.087084405,-0.09825704,0,1308,6.54,6.544024467468262,0,0.8600641489028931,0.1399358510971069,True
1309,6.545,-0.11665636,-0.12358417,-0.11754246,-0.13723531,0,1308,6.54,6.544024467468262,0,0.8600641489028931,0.1399358510971069,True
1310,6.55,-0.1216173,-0.121806204,-0.12022093,-0.14305033,0,1308,6.54,6.544024467468262,0,0.8600641489028931,0.1399358510971069,True
1311,6.555,-0.0923508,-0.08582978,-0.09159958,-0.111428216,0,1308,6.54,6.544024467468262,0,0.8600641489028931,0.1399358510971069,True
1312,6.56,-0.038208976,-0.028758021,-0.041022882,-0.053467564,0,1312,6.56,6.575090169906616,0,0.8874197006225586,0.112580306828022,True
1313,6.565,0.02111988,0.027655521,0.012111767,0.008556671,0,1312,6.56,6.575090169906616,0,0.8874197006225586,0.112580306828022,True
1314,6.57,0.06271028,0.062205438,0.047501493,0.051683776,0,1312,6.56,6.575090169906616,0,0.8874197006225586,0.112580306828022,True
1315,6.575,0.07137696,0.06456291,0.054931875,0.06410908,0,1312,6.56,6.575090169906616,0,0.8874197006225586,0.112580306828022,True
1316,6.58,0.049387563,0.041444432,0.040251587,0.05156637,0,1316,6.58,6.583407163619995,0,0.885358989238739,0.1146409958600997,True
1317,6.585,0.016754024,0.013379239,0.021504564,0.03330449,0,1316,6.58,6.583407163619995,0,0.885358989238739,0.1146409958600997,True
1318,6.59,-0.0013139028,0.0019211333,0.016707733,0.028950648,0,1316,6.58,6.583407163619995,0,0.885358989238739,0.1146409958600997,True
1319,6.595,0.007696748,0.01498809,0.0312757,0.04467971,0,1316,6.58,6.583407163619995,0,0.885358989238739,0.1146409958600997,True
1320,6.6,0.034513712,0.04136442,0.05430806,0.068897106,0,1320,6.6,6.600245475769043,0,0.8883635997772217,0.1116364225745201,True
1321,6.605,0.05596911,0.059360933,0.06685291,0.08110238,0,1320,6.6,6.600245475769043,0,0.8883635997772217,0.1116364225745201,True
1322,6.61,0.053575974,0.05322647,0.056078155,0.06729037,0,1320,6.6,6.600245475769043,0,0.8883635997772217,0.1116364225745201,True
1323,6.615,0.027223404,0.024352008,0.024555331,0.030000357,0,1320,6.6,6.600245475769043,0,0.8883635997772217,0.1116364225745201,True
1324,6.62,-0.006752654,-0.011172495,-0.0122421095,-0.014335325,0,1324,6.62,6.62773323059082,0,0.8846093416213989,0.1153906509280204,True
1325,6.625,-0.030019302,-0.03569665,-0.037783667,-0.047807083,0,1324,6.62,6.62773323059082,0,0.8846093416213989,0.1153906509280204,True
1326,6.63,-0.036343034,-0.04280454,-0.04616494,-0.06305983,0,1324,6.62,6.62773323059082,0,0.8846093416213989,0.1153906509280204,True
1327,6.635,-0.034419846,-0.04016022,-0.044797424,-0.066075094,0,1324,6.62,6.62773323059082,0,0.8846093416213989,0.1153906509280204,True
1328,6.64,-0.038579494,-0.041281205,-0.046631295,-0.068616785,0,1328,6.64,6.641398906707764,0,0.8865023851394653,0.1134975478053093,True
1329,6.645,-0.05554333,-0.053319186,-0.05844923,-0.07698684,0,1328,6.64,6.641398906707764,0,0.8865023851394653,0.1134975478053093,True
1330,6.65,-0.077467814,-0.07025814,-0.07446191,-0.08597227,0,1328,6.64,6.641398906707764,0,0.8865023851394653,0.1134975478053093,True
1331,6.655,-0.08654253,-0.07666164,-0.08014056,-0.082600914,0,1328,6.64,6.641398906707764,0,0.8865023851394653,0.1134975478053093,True
1332,6.66,-0.06808657,-0.059358925,-0.063308895,-0.056798313,0,1332,6.66,6.669940710067749,0,0.8895838260650635,0.1104162260890007,True
1333,6.665,-0.022492718,-0.018260347,-0.023849208,-0.010542071,0,1332,6.66,6.669940710067749,0,0.8895838260650635,0.1104162260890007,True
1334,6.67,0.033529315,0.032396786,0.02560561,0.042007696,0,1332,6.66,6.669940710067749,0,0.8895838260650635,0.1104162260890007,True
1335,6.675,0.077880956,0.073612,0.06828921,0.0836343,0,1332,6.66,6.669940710067749,0,0.8895838260650635,0.1104162260890007,True
1336,6.68,0.097389884,0.093953945,0.09371889,0.10469587,0,1336,6.68,6.686301946640015,0,0.8894717693328857,0.1105282679200172,True
1337,6.685,0.09384753,0.09431261,0.10129942,0.106371,0,1336,6.68,6.686301946640015,0,0.8894717693328857,0.1105282679200172,True
1338,6.69,0.07808633,0.08235486,0.09553476,0.09504199,0,1336,6.68,6.686301946640015,0,0.8894717693328857,0.1105282679200172,True
1339,6.695,0.059454672,0.06394874,0.079481706,0.07502339,0,1336,6.68,6.686301946640015,0,0.8894717693328857,0.1105282679200172,True
1340,6.7,0.04078287,0.040504772,0.053755306,0.047462393,0,1340,6.7,6.700805902481079,0,0.8855034708976746,0.1144965812563896,True
1341,6.705,0.02133262,0.013190365,0.020970386,0.015136581,0,1340,6.7,6.700805902481079,0,0.8855034708976746,0.1144965812563896,True
1342,6.71,0.0017143885,-0.012993707,-0.011248995,-0.014424647,0,1340,6.7,6.700805902481079,0,0.8855034708976746,0.1144965812563896,True
1343,6.715,-0.015419119,-0.031170452,-0.03374374,-0.032863382,0,1340,6.7,6.700805902481079,0,0.8855034708976746,0.1144965812563896,True
1344,6.72,-0.028487885,-0.03851342,-0.042872563,-0.038361467,0,1344,6.72,6.7275941371917725,0,0.8736487030982971,0.1263513267040252,True
1345,6.725,-0.038998306,-0.039206754,-0.043673113,-0.03801485,0,1344,6.72,6.7275941371917725,0,0.8736487030982971,0.1263513267040252,True
1346,6.73,-0.04977752,-0.04092968,-0.045521926,-0.04181816,0,1344,6.72,6.7275941371917725,0,0.8736487030982971,0.1263513267040252,True
1347,6.735,-0.06156709,-0.048238993,-0.054158945,-0.053763893,0,1344,6.72,6.7275941371917725,0,0.8736487030982971,0.1263513267040252,True
1348,6.74,-0.07145114,-0.058762603,-0.06695181,-0.06829804,0,1348,6.74,6.742388486862183,0,0.8885757327079773,0.1114242747426033,True
1349,6.745,-0.074045114,-0.0647441,-0.07470048,-0.07471132,0,1348,6.74,6.742388486862183,0,0.8885757327079773,0.1114242747426033,True
1350,6.75,-0.06407834,-0.058013644,-0.067859046,-0.064946264,0,1348,6.74,6.742388486862183,0,0.8885757327079773,0.1114242747426033,True
1351,6.755,-0.03918085,-0.035064187,-0.04272301,-0.038743764,0,1348,6.74,6.742388486862183,0,0.8885757327079773,0.1114242747426033,True
1352,6.76,-0.00238013,4.97895e-05,-0.004259343,-0.0036829805,0,1352,6.76,6.759655952453613,0,0.8890239000320435,0.1109761148691177,True
1353,6.765,0.036962237,0.03629991,0.035584394,0.028626412,0,1352,6.76,6.759655952453613,0,0.8890239000320435,0.1109761148691177,True
1354,6.77,0.065823875,0.06032865,0.06339677,0.04795994,0,1352,6.76,6.759655952453613,0,0.8890239000320435,0.1109761148691177,True
1355,6.775,0.07396324,0.06367173,0.07112683,0.050456278,0,1352,6.76,6.759655952453613,0,0.8890239000320435,0.1109761148691177,True
1356,6.78,0.060398713,0.04821559,0.06029858,0.040714994,0,1356,6.78,6.790925979614258,0,0.8903489708900452,0.1096510142087936,True
1357,6.785,0.034610167,0.025277738,0.040523928,0.02892362,0,1356,6.78,6.790925979614258,0,0.8903489708900452,0.1096510142087936,True
1358,6.79,0.010743588,0.0081179105,0.023028692,0.024003528,0,1356,6.78,6.790925979614258,0,0.8903489708900452,0.1096510142087936,True
1359,6.795,-0.00095513277,0.0035182284,0.014003228,0.027717125,0,1356,6.78,6.790925979614258,0,0.8903489708900452,0.1096510142087936,True
1360,6.8,0.0010005533,0.009117203,0.012717501,0.03469787,0,1360,6.8,6.811959743499756,0,0.8828464150428772,0.1171535700559616,True
1361,6.805,0.010875639,0.017674556,0.014749841,0.038029227,0,1360,6.8,6.811959743499756,0,0.8828464150428772,0.1171535700559616,True
1362,6.81,0.02071846,0.023051465,0.016027754,0.03455304,0,1360,6.8,6.811959743499756,0,0.8828464150428772,0.1171535700559616,True
1363,6.815,0.024195608,0.022317814,0.01379938,0.024905464,0,1360,6.8,6.811959743499756,0,0.8828464150428772,0.1171535700559616,True
1364,6.82,0.01756279,0.013901563,0.005348737,0.009683848,0,1364,6.82,6.81656813621521,0,0.8864713311195374,0.1135287135839462,True
1365,6.825,-0.0005475973,-0.003791453,-0.011791774,-0.012420255,0,1364,6.82,6.81656813621521,0,0.8864713311195374,0.1135287135839462,True
1366,6.83,-0.02853299,-0.030369071,-0.036852296,-0.041525356,0,1364,6.82,6.81656813621521,0,0.8864713311195374,0.1135287135839462,True
1367,6.835,-0.060506083,-0.06015945,-0.063272245,-0.07204613,0,1364,6.82,6.81656813621521,0,0.8864713311195374,0.1135287135839462,True
1368,6.84,-0.08606339,-0.08206685,-0.08037896,-0.09263029,0,1368,6.84,6.844109296798706,0,0.8820780515670776,0.1179219782352447,True
1369,6.845,-0.09285056,-0.084260225,-0.07893475,-0.09193581,0,1368,6.84,6.844109296798706,0,0.8820780515670776,0.1179219782352447,True
1370,6.85,-0.07200717,-0.060887143,-0.056288164,-0.065734655,0,1368,6.84,6.844109296798706,0,0.8820780515670776,0.1179219782352447,True
1371,6.855,-0.024268815,-0.016254198,-0.017532155,-0.019869383,0,1368,6.84,6.844109296798706,0,0.8820780515670776,0.1179219782352447,True
1372,6.86,0.037229624,0.036146045,0.027105704,0.032337822,0,1372,6.86,6.865452766418457,0,0.8889442086219788,0.1110557839274406,True
1373,6.865,0.09085156,0.07918266,0.06606041,0.07564012,0,1372,6.86,6.865452766418457,0,0.8889442086219788,0.1110557839274406,True
1374,6.87,0.11668844,0.09950419,0.08973015,0.09834917,0,1372,6.86,6.865452766418457,0,0.8889442086219788,0.1110557839274406,True
1375,6.875,0.10752185,0.09334462,0.09315727,0.09617904,0,1372,6.86,6.865452766418457,0,0.8889442086219788,0.1110557839274406,True
1376,6.88,0.07260129,0.06749008,0.077631794,0.073369965,0,1376,6.88,6.886777877807617,0,0.889447808265686,0.1105522215366363,True
1377,6.885,0.030445734,0.03422681,0.04973964,0.039956678,0,1376,6.88,6.886777877807617,0,0.889447808265686,0.1105522215366363,True
1378,6.89,-0.004373346,0.0031994584,0.017499616,0.0058948994,0,1376,6.88,6.886777877807617,0,0.889447808265686,0.1105522215366363,True
1379,6.895,-0.029614074,-0.023573598,-0.013804216,-0.0240141,0,1376,6.88,6.886777877807617,0,0.889447808265686,0.1105522215366363,True
1380,6.9,-0.051731803,-0.0490732,-0.042436637,-0.05001142,0,1380,6.9,6.911478281021118,0,0.8818153738975525,0.1181846633553505,True
1381,6.905,-0.07428517,-0.07353918,-0.06709332,-0.07221569,0,1380,6.9,6.911478281021118,0,0.8818153738975525,0.1181846633553505,True
1382,6.91,-0.09051219,-0.0897696,-0.083579406,-0.08600976,0,1380,6.9,6.911478281021118,0,0.8818153738975525,0.1181846633553505,True
1383,6.915,-0.08821463,-0.08725688,-0.08556935,-0.083603114,0,1380,6.9,6.911478281021118,0,0.8818153738975525,0.1181846633553505,True
1384,6.92,-0.062349547,-0.062004246,-0.06953206,-0.06110394,0,1384,6.92,6.927443981170654,0,0.8876792788505554,0.1123207211494445,True
1385,6.925,-0.022410495,-0.022476308,-0.039309762,-0.024286656,0,1384,6.92,6.927443981170654,0,0.8876792788505554,0.1123207211494445,True
1386,6.93,0.013256052,0.014647277,-0.0056728097,0.013069496,0,1384,6.92,6.927443981170654,0,0.8876792788505554,0.1123207211494445,True
1387,6.935,0.031024834,0.03561848,0.019514836,0.037528276,0,1384,6.92,6.927443981170654,0,0.8876792788505554,0.1123207211494445,True
1388,6.94,0.031075725,0.038256016,0.030417152,0.044331145,0,1388,6.94,6.942392110824585,0,0.8881009221076965,0.1118990927934646,True
1389,6.945,0.024939198,0.03163954,0.030623866,0.039437965,0,1388,6.94,6.942392110824585,0,0.8881009221076965,0.1118990927934646,True
1390,6.95,0.025365185,0.028364927,0.03040581,0.03436829,0,1388,6.94,6.942392110824585,0,0.8881009221076965,0.1118990927934646,True
1391,6.955,0.03755403,0.03582563,0.0392545,0.03793844,0,1388,6.94,6.942392110824585,0,0.8881009221076965,0.1118990927934646,True
1392,6.96,0.057151712,0.05200183,0.058297556,0.050334696,0,1392,6.96,6.969758749008179,0,0.8862121105194092,0.1137879118323326,True
1393,6.965,0.074037805,0.06727544,0.07802816,0.06300822,0,1392,6.96,6.969758749008179,0,0.8862121105194092,0.1137879118323326,True
1394,6.97,0.07800758,0.07038628,0.083827816,0.064270005,0,1392,6.96,6.969758749008179,0,0.8862121105194092,0.1137879118323326,True
1395,6.975,0.063291356,0.054856144,0.065933995,0.046881247,0,1392,6.96,6.969758749008179,0,0.8862121105194092,0.1137879118323326,True
1396,6.98,0.03059952,0.022223037,0.026437392,0.012546588,0,1396,6.98,6.9901323318481445,0,0.881115734577179,0.1188842877745628,True
1397,6.985,-0.013408126,-0.019359687,-0.021996632,-0.029422382,0,1396,6.98,6.9901323318481445,0,0.881115734577179,0.1188842877745628,True
1398,6.99,-0.058421176,-0.059304483,-0.0640571,-0.06743173,0,1396,6.98,6.9901323318481445,0,0.881115734577179,0.1188842877745628,True
1399,6.995,-0.093248196,-0.0881818,-0.08956486,-0.092406124,0,1396,6.98,6.9901323318481445,0,0.881115734577179,0.1188842877745628,True
1400,7.0,-0.10824737,-0.09911929,-0.095696196,-0.099255234,0,1400,7.0,7.009694576263428,0,0.8847766518592834,0.1152233257889747,True
1401,7.005,-0.09770766,-0.08836621,-0.084223345,-0.08618736,0,1400,7.0,7.009694576263428,0,0.8847766518592834,0.1152233257889747,True
1402,7.01,-0.06271701,-0.057058137,-0.058589768,-0.05491672,0,1400,7.0,7.009694576263428,0,0.8847766518592834,0.1152233257889747,True
1403,7.015,-0.013523801,-0.013673754,-0.024201758,-0.012558164,0,1400,7.0,7.009694576263428,0,0.8847766518592834,0.1152233257889747,True
1404,7.02,0.03163134,0.02630093,0.009768744,0.027787602,0,1404,7.02,7.033567905426025,0,0.8826838731765747,0.1173161938786506,True
1405,7.025,0.053751424,0.046513736,0.031772185,0.051432468,0,1404,7.02,7.033567905426025,0,0.8826838731765747,0.1173161938786506,True
1406,7.03,0.044347886,0.039807517,0.03429073,0.050813597,0,1404,7.02,7.033567905426025,0,0.8826838731765747,0.1173161938786506,True
1407,7.035,0.013094596,0.014887279,0.020716239,0.032083727,0,1404,7.02,7.033567905426025,0,0.8826838731765747,0.1173161938786506,True
1408,7.04,-0.016086623,-0.0075979703,0.005202709,0.0124307,0,1408,7.04,7.04410719871521,0,0.8862703442573547,0.1137296482920646,True
1409,7.045,-0.020568633,-0.00905255,0.0030432239,0.007939527,0,1408,7.04,7.04410719871521,0,0.8862703442573547,0.1137296482920646,True
1410,7.05,0.0043524057,0.012977232,0.018409993,0.02100408,0,1408,7.04,7.04410719871521,0,0.8862703442573547,0.1137296482920646,True
1411,7.055,0.041356225,0.04253812,0.040394284,0.03840119,0,1408,7.04,7.04410719871521,0,0.8862703442573547,0.1137296482920646,True
1412,7.06,0.0640357,0.057707068,0.051835135,0.04262296,0,1412,7.06,7.077178716659546,0,0.8859940767288208,0.1140059605240821,True
1413,7.065,0.05704927,0.047853712,0.043717362,0.027030967,0,1412,7.06,7.077178716659546,0,0.8859940767288208,0.1140059605240821,True
1414,7.07,0.026998369,0.021162467,0.022288546,0.001371381,0,1412,7.06,7.077178716659546,0,0.8859940767288208,0.1140059605240821,True
1415,7.075,-0.0048393765,-0.0038629677,0.002443712,-0.017403068,0,1412,7.06,7.077178716659546,0,0.8859940767288208,0.1140059605240821,True
1416,7.08,-0.021174299,-0.0150431525,-0.006356572,-0.020685118,0,1416,7.08,7.089699983596802,0,0.876373827457428,0.1236262321472168,True
1417,7.085,-0.022185653,-0.01621652,-0.008332745,-0.015841056,0,1416,7.08,7.089699983596802,0,0.876373827457428,0.1236262321472168,True
1418,7.09,-0.022095216,-0.021265678,-0.015909918,-0.018637989,0,1416,7.08,7.089699983596802,0,0.876373827457428,0.1236262321472168,True
1419,7.095,-0.03256516,-0.038180627,-0.035583958,-0.036989868,0,1416,7.08,7.089699983596802,0,0.876373827457428,0.1236262321472168,True
1420,7.1,-0.048875205,-0.058329757,-0.058636516,-0.060790632,0,1420,7.1,7.109760999679565,0,0.8896861672401428,0.1103138551115989,True
1421,7.105,-0.052432623,-0.061748087,-0.066131964,-0.06779991,0,1420,7.1,7.109760999679565,0,0.8896861672401428,0.1103138551115989,True
1422,7.11,-0.027905876,-0.034582946,-0.044589687,-0.04160324,0,1420,7.1,7.109760999679565,0,0.8896861672401428,0.1103138551115989,True
1423,7.115,0.020754581,0.01679694,0.001285931,0.013269293,0,1420,7.1,7.109760999679565,0,0.8896861672401428,0.1103138551115989,True
1424,7.12,0.07039648,0.0679858,0.05007945,0.07204517,0,1424,7.12,7.133138656616211,0,0.8860387206077576,0.113961286842823,True
1425,7.125,0.094840564,0.09331663,0.07809661,0.10586885,0,1424,7.12,7.133138656616211,0,0.8860387206077576,0.113961286842823,True
1426,7.13,0.082615845,0.08269442,0.07458165,0.10024268,0,1424,7.12,7.133138656616211,0,0.8860387206077576,0.113961286842823,True
1427,7.135,0.041776106,0.045170624,0.046073537,0.061749995,0,1424,7.12,7.133138656616211,0,0.8860387206077576,0.113961286842823,True
1428,7.14,-0.009236848,-0.0008622118,0.008733601,0.010202411,0,1428,7.14,7.144268035888672,0,0.8808794617652893,0.1191205456852912,True
1429,7.145,-0.053674635,-0.039807633,-0.022859378,-0.03481357,0,1428,7.14,7.144268035888672,0,0.8808794617652893,0.1191205456852912,True
1430,7.15,-0.081602454,-0.06373138,-0.041698493,-0.062267195,0,1428,7.14,7.144268035888672,0,0.8808794617652893,0.1191205456852912,True
1431,7.155,-0.08855967,-0.070458725,-0.047628347,-0.06999168,0,1428,7.14,7.144268035888672,0,0.8808794617652893,0.1191205456852912,True
1432,7.16,-0.074536845,-0.061524358,-0.04427209,-0.06155687,0,1432,7.16,7.174165010452271,0,0.8766913414001465,0.1233086287975311,True
1433,7.165,-0.04579953,-0.04280443,-0.037060145,-0.044085808,0,1432,7.16,7.174165010452271,0,0.8766913414001465,0.1233086287975311,True
1434,7.17,-0.014830472,-0.023967281,-0.031582393,-0.026439192,0,1432,7.16,7.174165010452271,0,0.8766913414001465,0.1233086287975311,True
1435,7.175,0.005895151,-0.0131867975,-0.030546213,-0.015495075,0,1432,7.16,7.174165010452271,0,0.8766913414001465,0.1233086287975311,True
1436,7.18,0.012553359,-0.010619275,-0.031014217,-0.011985865,0,1436,7.18,7.191195487976074,0,0.8895819187164307,0.1104181259870529,True
1437,7.185,0.012295173,-0.008088635,-0.025784342,-0.010417827,0,1436,7.18,7.191195487976074,0,0.8895819187164307,0.1104181259870529,True
1438,7.19,0.01591016,0.0031012404,-0.009425063,-0.0044391355,0,1436,7.18,7.191195487976074,0,0.8895819187164307,0.1104181259870529,True
1439,7.195,0.027703382,0.023474569,0.016177665,0.00725062,0,1436,7.18,7.191195487976074,0,0.8895819187164307,0.1104181259870529,True
1440,7.2,0.042577397,0.044763595,0.042619668,0.020625882,0,1440,7.2,7.210095643997192,0,0.890383243560791,0.1096167042851448,True
1441,7.205,0.052537024,0.057956602,0.061825708,0.031764336,0,1440,7.2,7.210095643997192,0,0.890383243560791,0.1096167042851448,True
1442,7.21,0.05497104,0.061468523,0.07214549,0.041520018,0,1440,7.2,7.210095643997192,0,0.890383243560791,0.1096167042851448,True
1443,7.215,0.053926755,0.061070137,0.077519245,0.053812724,0,1440,7.2,7.210095643997192,0,0.890383243560791,0.1096167042851448,True
1444,7.22,0.05372435,0.06210619,0.0807745,0.069159746,0,1444,7.22,7.227954864501953,0,0.8872594833374023,0.1127405166625976,True
1445,7.225,0.052311994,0.062303554,0.0781914,0.08052493,0,1444,7.22,7.227954864501953,0,0.8872594833374023,0.1127405166625976,True
1446,7.23,0.041590363,0.052476354,0.061212156,0.07649724,0,1444,7.22,7.227954864501953,0,0.8872594833374023,0.1127405166625976,True
1447,7.235,0.014685842,0.024627073,0.024256743,0.049813498,0,1444,7.22,7.227954864501953,0,0.8872594833374023,0.1127405166625976,True
1448,7.24,-0.026475307,-0.019718543,-0.028111422,0.0042637624,0,1448,7.24,7.24371075630188,0,0.8709508180618286,0.1290491968393325,True
1449,7.245,-0.07006814,-0.068059236,-0.081038274,-0.045836333,0,1448,7.24,7.24371075630188,0,0.8709508180618286,0.1290491968393325,True
1450,7.25,-0.10081689,-0.10363268,-0.11694433,-0.08362432,0,1448,7.24,7.24371075630188,0,0.8709508180618286,0.1290491968393325,True
1451,7.255,-0.108864285,-0.11515305,-0.12539664,-0.09938368,0,1448,7.24,7.24371075630188,0,0.8709508180618286,0.1290491968393325,True
1452,7.26,-0.09433866,-0.102349795,-0.1081237,-0.094844066,0,1452,7.26,7.269684314727783,0,0.8851996660232544,0.114800326526165,True
1453,7.265,-0.06495486,-0.073791504,-0.07593512,-0.079249576,0,1452,7.26,7.269684314727783,0,0.8851996660232544,0.114800326526165,True
1454,7.27,-0.030027093,-0.039922133,-0.040797185,-0.061115947,0,1452,7.26,7.269684314727783,0,0.8851996660232544,0.114800326526165,True
1455,7.275,0.003329567,-0.0077807833,-0.009818505,-0.04299439,0,1452,7.26,7.269684314727783,0,0.8851996660232544,0.114800326526165,True
1456,7.28,0.029680042,0.018934408,0.014865461,-0.023125261,0,1456,7.28,7.2909770011901855,0,0.881811797618866,0.1181882098317146,True
1457,7.285,0.04398587,0.037128083,0.03263175,-0.0007489659,0,1456,7.28,7.2909770011901855,0,0.881811797618866,0.1181882098317146,True
1458,7.29,0.043908734,0.044282515,0.042770512,0.021503603,0,1456,7.28,7.2909770011901855,0,0.881811797618866,0.1181882098317146,True
1459,7.295,0.0343247,0.042132717,0.046607766,0.04055124,0,1456,7.28,7.2909770011901855,0,0.881811797618866,0.1181882098317146,True
1460,7.3,0.027364224,0.038717452,0.049354214,0.056693673,0,1460,7.3,7.302066802978516,0,0.8890765309333801,0.110923483967781,True
1461,7.305,0.034302626,0.04369829,0.057130095,0.07265472,0,1460,7.3,7.302066802978516,0,0.8890765309333801,0.110923483967781,True
1462,7.31,0.055067573,0.0594648,0.07059954,0.08823484,0,1460,7.3,7.302066802978516,0,0.8890765309333801,0.110923483967781,True
1463,7.315,0.07591708,0.07672632,0.08188934,0.09695191,0,1460,7.3,7.302066802978516,0,0.8890765309333801,0.110923483967781,True
1464,7.32,0.07899409,0.08003264,0.07909895,0.089419715,0,1464,7.32,7.325363874435425,0,0.889723539352417,0.1102764979004859,True
1465,7.325,0.05570846,0.05906193,0.055087198,0.060820695,0,1464,7.32,7.325363874435425,0,0.889723539352417,0.1102764979004859,True
1466,7.33,0.012258485,0.016127054,0.012993924,0.015451761,0,1464,7.32,7.325363874435425,0,0.889723539352417,0.1102764979004859,True
1467,7.335,-0.03617209,-0.035493854,-0.035563454,-0.035341907,0,1464,7.32,7.325363874435425,0,0.889723539352417,0.1102764979004859,True
1468,7.34,-0.075515956,-0.07952166,-0.077013485,-0.07905897,0,1468,7.34,7.343623876571655,0,0.8559775948524475,0.1440223902463913,True
1469,7.345,-0.098400764,-0.104254976,-0.101631485,-0.10665634,0,1468,7.34,7.343623876571655,0,0.8559775948524475,0.1440223902463913,True
1470,7.35,-0.103245474,-0.10579311,-0.105680525,-0.1138435,0,1468,7.34,7.343623876571655,0,0.8559775948524475,0.1440223902463913,True
1471,7.355,-0.09131634,-0.08733207,-0.090704024,-0.10059979,0,1468,7.34,7.343623876571655,0,0.8559775948524475,0.1440223902463913,True
1472,7.36,-0.06573914,-0.05656537,-0.061954398,-0.07068649,0,1472,7.36,7.370034217834473,0,0.887763500213623,0.1122364699840545,True
1473,7.365,-0.031943537,-0.022424888,-0.026789723,-0.031053964,0,1472,7.36,7.370034217834473,0,0.887763500213623,0.1122364699840545,True
1474,7.37,0.0030375286,0.008030433,0.007096334,0.00961144,0,1472,7.36,7.370034217834473,0,0.887763500213623,0.1122364699840545,True
1475,7.375,0.032842547,0.031264093,0.03345572,0.04288688,0,1472,7.36,7.370034217834473,0,0.887763500213623,0.1122364699840545,True
1476,7.38,0.053647324,0.046561904,0.048689548,0.06228209,0,1476,7.38,7.3901166915893555,0,0.8857764601707458,0.1142235398292541,True
1477,7.385,0.06421839,0.0540489,0.052258614,0.06458536,0,1476,7.38,7.3901166915893555,0,0.8857764601707458,0.1142235398292541,True
1478,7.39,0.06489255,0.053714525,0.046554238,0.051360317,0,1476,7.38,7.3901166915893555,0,0.8857764601707458,0.1142235398292541,True
1479,7.395,0.05690623,0.046322085,0.03617827,0.029753558,0,1476,7.38,7.3901166915893555,0,0.8857764601707458,0.1142235398292541,True
1480,7.4,0.042495247,0.03463521,0.026260257,0.010603855,0,1480,7.4,7.41012978553772,0,0.8883448243141174,0.1116552352905273,True
1481,7.405,0.025320861,0.023048943,0.020263346,0.0034329363,0,1480,7.4,7.41012978553772,0,0.8883448243141174,0.1116552352905273,True
1482,7.41,0.010547392,0.015658254,0.018811647,0.0111384215,0,1480,7.4,7.41012978553772,0,0.8883448243141174,0.1116552352905273,True
1483,7.415,0.0035541572,0.014211991,0.020355273,0.02816625,0,1480,7.4,7.41012978553772,0,0.8883448243141174,0.1116552352905273,True
1484,7.42,0.0065642633,0.016895944,0.022390135,0.043316633,0,1484,7.42,7.426884412765503,0,0.8836691975593567,0.1163308322429657,True
1485,7.425,0.014918764,0.018282011,0.021603795,0.045251295,0,1484,7.42,7.426884412765503,0,0.8836691975593567,0.1163308322429657,True
1486,7.43,0.017451765,0.011308184,0.013759649,0.028044367,0,1484,7.42,7.426884412765503,0,0.8836691975593567,0.1163308322429657,True
1487,7.435,0.0036397667,-0.008199567,-0.0042674057,-0.005285735,0,1484,7.42,7.426884412765503,0,0.8836691975593567,0.1163308322429657,True
1488,7.44,-0.026743907,-0.036812518,-0.030486435,-0.043233544,0,1488,7.44,7.441645860671997,0,0.8854709267616272,0.1145290732383728,True
1489,7.445,-0.06066593,-0.0633107,-0.056062732,-0.071349114,0,1488,7.44,7.441645860671997,0,0.8854709267616272,0.1145290732383728,True
1490,7.45,-0.080257945,-0.07514536,-0.06958831,-0.080484636,0,1488,7.44,7.441645860671997,0,0.8854709267616272,0.1145290732383728,True
1491,7.455,-0.07632178,-0.067262076,-0.06512053,-0.071856394,0,1488,7.44,7.441645860671997,0,0.8854709267616272,0.1145290732383728,True
1492,7.46,-0.054813836,-0.045691162,-0.04691187,-0.054505806,0,1492,7.46,7.4769885540008545,0,0.8894665837287903,0.1105334162712097,True
1493,7.465,-0.030565659,-0.022511639,-0.026035791,-0.037266403,0,1492,7.46,7.4769885540008545,0,0.8894665837287903,0.1105334162712097,True
1494,7.47,-0.01456177,-0.006566882,-0.011560952,-0.022413893,0,1492,7.46,7.4769885540008545,0,0.8894665837287903,0.1105334162712097,True
1495,7.475,-0.0064432616,0.0021251386,-0.003977472,-0.0062684948,0,1492,7.46,7.4769885540008545,0,0.8894665837287903,0.1105334162712097,True
1496,7.48,0.0020683296,0.0100362515,0.0035370342,0.01472641,0,1496,7.48,7.493765115737915,0,0.8903024792671204,0.1096975281834602,True
1497,7.485,0.017462077,0.022646677,0.017439224,0.038589627,0,1496,7.48,7.493765115737915,0,0.8903024792671204,0.1096975281834602,True
1498,7.49,0.037858598,0.038690668,0.03675415,0.057900816,0,1496,7.48,7.493765115737915,0,0.8903024792671204,0.1096975281834602,True
1499,7.495,0.0549389,0.05111892,0.053089045,0.06514062,0,1496,7.48,7.493765115737915,0,0.8903024792671204,0.1096975281834602,True
1500,7.5,0.06166036,0.053705268,0.057880584,0.058699477,0,1500,7.5,7.512035608291626,0,0.8912875056266785,0.1087124720215797,True
1501,7.505,0.058194045,0.047048207,0.050284162,0.04451887,0,1500,7.5,7.512035608291626,0,0.8912875056266785,0.1087124720215797,True
1502,7.51,0.050718494,0.038096555,0.03815692,0.031765655,0,1500,7.5,7.512035608291626,0,0.8912875056266785,0.1087124720215797,True
1503,7.515,0.044634234,0.033371672,0.030831404,0.02578761,0,1500,7.5,7.512035608291626,0,0.8912875056266785,0.1087124720215797,True
1504,7.52,0.039055932,0.032329507,0.030259151,0.024076844,0,1504,7.52,7.526938676834106,0,0.883979082107544,0.116020880639553,True
1505,7.525,0.028101891,0.027482742,0.028895177,0.018672124,0,1504,7.52,7.526938676834106,0,0.883979082107544,0.116020880639553,True
1506,7.53,0.0076478864,0.011392959,0.016380224,0.002955606,0,1504,7.52,7.526938676834106,0,0.883979082107544,0.116020880639553,True
1507,7.535,-0.0194421,-0.016127713,-0.011134126,-0.022931311,0,1504,7.52,7.526938676834106,0,0.883979082107544,0.116020880639553,True
1508,7.54,-0.045063388,-0.04727647,-0.047148354,-0.052162092,0,1508,7.54,7.540068864822388,0,0.8801711201667786,0.1198288723826408,True
1509,7.545,-0.06261597,-0.071970865,-0.07889463,-0.07559617,0,1508,7.54,7.540068864822388,0,0.8801711201667786,0.1198288723826408,True
1510,7.55,-0.07135843,-0.08389508,-0.0948261,-0.08595182,0,1508,7.54,7.540068864822388,0,0.8801711201667786,0.1198288723826408,True
1511,7.555,-0.07379885,-0.081634134,-0.08962314,-0.07919091,0,1508,7.54,7.540068864822388,0,0.8801711201667786,0.1198288723826408,True
1512,7.56,-0.06970654,-0.0658799,-0.06487829,-0.05463526,0,1512,7.56,7.574089527130127,0,0.8896942734718323,0.1103057116270065,True
1513,7.565,-0.05453222,-0.03779316,-0.027494919,-0.016199986,0,1512,7.56,7.574089527130127,0,0.8896942734718323,0.1103057116270065,True
1514,7.57,-0.025107116,-0.0010366095,0.01228198,0.02619527,0,1512,7.56,7.574089527130127,0,0.8896942734718323,0.1103057116270065,True
1515,7.575,0.013287011,0.035728425,0.043505862,0.05864978,1,1512,7.56,7.574089527130127,0,0.8896942734718323,0.1103057116270065,False
1516,7.58,0.0469723,0.06078131,0.05844396,0.06996356,1,1516,7.58,7.594058513641357,0,0.8869893550872803,0.1130106374621391,False
1517,7.585,0.06255221,0.065943494,0.05613307,0.05870343,1,1516,7.58,7.594058513641357,0,0.8869893550872803,0.1130106374621391,False
1518,7.59,0.056561306,0.0523082,0.042538673,0.03426328,1,1516,7.58,7.594058513641357,0,0.8869893550872803,0.1130106374621391,False
1519,7.595,0.037197545,0.029527588,0.026437258,0.010188354,1,1516,7.58,7.594058513641357,0,0.8869893550872803,0.1130106374621391,False
1520,7.6,0.017199751,0.009142013,0.014090603,-0.0047423583,1,1520,7.6,7.608268737792969,0,0.887836217880249,0.1121637821197509,False
1521,7.605,0.0052078757,-0.002038589,0.0070457957,-0.010054462,1,1520,7.6,7.608268737792969,0,0.887836217880249,0.1121637821197509,False
1522,7.61,0.0028434917,-0.003453246,0.0041634175,-0.009681328,1,1520,7.6,7.608268737792969,0,0.887836217880249,0.1121637821197509,False
1523,7.615,0.007497087,0.0019663512,0.0046002413,-0.006074107,1,1520,7.6,7.608268737792969,0,0.887836217880249,0.1121637821197509,False
1524,7.62,0.015388696,0.01024549,0.0079141,0.00089941896,1,1524,7.62,7.622056245803833,0,0.8851302862167358,0.1148697733879089,False
1525,7.625,0.021621374,0.016289925,0.011520631,0.009760196,1,1524,7.62,7.622056245803833,0,0.8851302862167358,0.1148697733879089,False
1526,7.63,0.01976198,0.013879066,0.009744196,0.014241396,1,1524,7.62,7.622056245803833,0,0.8851302862167358,0.1148697733879089,False
1527,7.635,0.0049211755,-0.0010004904,-0.0023835162,0.0068760784,1,1524,7.62,7.622056245803833,0,0.8851302862167358,0.1148697733879089,False
1528,7.64,-0.020650038,-0.024952013,-0.023042744,-0.012728177,1,1528,7.64,7.639835357666016,0,0.8865731358528137,0.113426886498928,False
1529,7.645,-0.045450956,-0.0459204,-0.041751802,-0.03363889,1,1528,7.64,7.639835357666016,0,0.8865731358528137,0.113426886498928,False
1530,7.65,-0.05443728,-0.049646776,-0.04545926,-0.039711025,1,1528,7.64,7.639835357666016,0,0.8865731358528137,0.113426886498928,False
1531,7.655,-0.03952965,-0.030203862,-0.028737158,-0.022491686,1,1528,7.64,7.639835357666016,0,0.8865731358528137,0.113426886498928,False
1532,7.66,-0.0065848837,0.0040937364,0.00069305015,0.010272011,1,1532,7.66,7.659855604171753,0,0.8890441656112671,0.110955886542797,False
1533,7.665,0.027157038,0.035065994,0.026479915,0.038799766,1,1532,7.66,7.659855604171753,0,0.8890441656112671,0.110955886542797,False
1534,7.67,0.043412555,0.04625973,0.034676652,0.045167986,1,1532,7.66,7.659855604171753,0,0.8890441656112671,0.110955886542797,False
1535,7.675,0.033471152,0.03267303,0.022114577,0.025329024,1,1532,7.66,7.659855604171753,0,0.8890441656112671,0.110955886542797,False
1536,7.68,0.002358571,0.0018851483,-0.0038456882,-0.009964476,1,1536,7.68,7.690104722976685,0,0.8899196982383728,0.110080286860466,False
1537,7.685,-0.03480066,-0.032273147,-0.031780552,-0.044059023,1,1536,7.68,7.690104722976685,0,0.8899196982383728,0.110080286860466,False
1538,7.69,-0.060782053,-0.057015967,-0.051868107,-0.064087585,1,1536,7.68,7.690104722976685,0,0.8899196982383728,0.110080286860466,False
1539,7.695,-0.06393214,-0.06402022,-0.05702923,-0.064379424,1,1536,7.68,7.690104722976685,0,0.8899196982383728,0.110080286860466,False
1540,7.7,-0.042271778,-0.049549855,-0.04219381,-0.044463478,1,1540,7.7,7.7099997997283936,0,0.8889129161834717,0.1110870689153671,False
1541,7.705,-0.003029056,-0.01469344,-0.006138619,-0.007244827,1,1540,7.7,7.7099997997283936,0,0.8889129161834717,0.1110870689153671,False
1542,7.71,0.04124035,0.032978747,0.0440842,0.03973816,1,1540,7.7,7.7099997997283936,0,0.8889129161834717,0.1110870689153671,False
1543,7.715,0.077358045,0.07875833,0.09125306,0.08279498,1,1540,7.7,7.7099997997283936,0,0.8889129161834717,0.1110870689153671,False
1544,7.72,0.09489241,0.104496226,0.11355391,0.105057575,1,1544,7.72,7.725080490112305,0,0.8883845210075378,0.1116154417395591,False
1545,7.725,0.08813325,0.09692421,0.09657451,0.09472884,1,1544,7.72,7.725080490112305,0,0.8883845210075378,0.1116154417395591,False
1546,7.73,0.05786713,0.05621878,0.04401187,0.05343928,1,1544,7.72,7.725080490112305,0,0.8883845210075378,0.1116154417395591,False
1547,7.735,0.012656067,-0.0017281215,-0.021743758,-0.002466721,1,1544,7.72,7.725080490112305,0,0.8883845210075378,0.1116154417395591,False
1548,7.74,-0.03285667,-0.05271767,-0.07151814,-0.050331894,1,1548,7.74,7.761830806732178,0,0.8627305030822754,0.1372695118188858,False
1549,7.745,-0.06401663,-0.077608526,-0.08644917,-0.07404529,1,1548,7.74,7.761830806732178,0,0.8627305030822754,0.1372695118188858,False
1550,7.75,-0.0736017,-0.072559364,-0.068185836,-0.071984574,1,1548,7.74,7.761830806732178,0,0.8627305030822754,0.1372695118188858,False
1551,7.755,-0.06489609,-0.04886838,-0.035021886,-0.054534957,1,1548,7.74,7.761830806732178,0,0.8627305030822754,0.1372695118188858,False
1552,7.76,-0.047645375,-0.023224795,-0.0077121193,-0.03436342,1,1552,7.76,7.767394542694092,0,0.8853300213813782,0.1146700382232666,False
1553,7.765,-0.03042751,-0.006496361,0.003724298,-0.018052641,1,1552,7.76,7.767394542694092,0,0.8853300213813782,0.1146700382232666,False
1554,7.77,-0.01600632,0.00070955267,0.0029638796,-0.0051112683,1,1552,7.76,7.767394542694092,0,0.8853300213813782,0.1146700382232666,False
1555,7.775,-0.0028727606,0.0040226392,-5.350948e-07,0.006957254,1,1552,7.76,7.767394542694092,0,0.8853300213813782,0.1146700382232666,False
1556,7.78,0.009894873,0.007992718,0.001253127,0.017646896,1,1556,7.78,7.793178081512451,0,0.8893142938613892,0.1106857508420944,False
1557,7.785,0.019938959,0.012137843,0.0054793297,0.023181688,1,1556,7.78,7.793178081512451,0,0.8893142938613892,0.1106857508420944,False
1558,7.79,0.023609938,0.012872575,0.0074661127,0.020516317,1,1556,7.78,7.793178081512451,0,0.8893142938613892,0.1106857508420944,False
1559,7.795,0.020119756,0.008392713,0.0046216496,0.011324716,1,1556,7.78,7.793178081512451,0,0.8893142938613892,0.1106857508420944,False
1560,7.8,0.013383852,0.0015215905,-0.00011780896,0.0020600606,1,1560,7.8,7.808224678039551,0,0.8903676867485046,0.1096322759985923,False
1561,7.805,0.009687202,-0.0019662632,-0.0012347074,-0.00022577112,1,1560,7.8,7.808224678039551,0,0.8903676867485046,0.1096322759985923,False
1562,7.81,0.01333265,0.002242405,0.0041483436,0.00701914,1,1560,7.8,7.808224678039551,0,0.8903676867485046,0.1096322759985923,False
1563,7.815,0.023787865,0.01369301,0.013953623,0.019882293,1,1560,7.8,7.808224678039551,0,0.8903676867485046,0.1096322759985923,False
1564,7.82,0.03592462,0.027291775,0.02335429,0.030572176,1,1564,7.82,7.819770336151123,0,0.8889491558074951,0.1110508739948272,False
1565,7.825,0.042549692,0.036257222,0.02860503,0.032371238,1,1564,7.82,7.819770336151123,0,0.8889491558074951,0.1110508739948272,False
1566,7.83,0.037788417,0.035696775,0.028783962,0.023319684,1,1564,7.82,7.819770336151123,0,0.8889491558074951,0.1110508739948272,False
1567,7.835,0.020236738,0.024926359,0.024702512,0.00657056,1,1564,7.82,7.819770336151123,0,0.8889491558074951,0.1110508739948272,False
1568,7.84,-0.0054383115,0.007626848,0.017144155,-0.011922423,1,1568,7.84,7.845082521438599,0,0.884352445602417,0.1156476363539695,False
1569,7.845,-0.030029872,-0.010166011,0.0065263975,-0.026279332,1,1568,7.84,7.845082521438599,0,0.884352445602417,0.1156476363539695,False
1570,7.85,-0.04454272,-0.02319419,-0.006075245,-0.032563105,1,1568,7.84,7.845082521438599,0,0.884352445602417,0.1156476363539695,False
1571,7.855,-0.045406424,-0.029315826,-0.01815124,-0.029489331,1,1568,7.84,7.845082521438599,0,0.884352445602417,0.1156476363539695,False
1572,7.86,-0.03619444,-0.02954161,-0.026457008,-0.0185862,1,1572,7.86,7.869828224182129,0,0.8884586691856384,0.1115414053201675,False
1573,7.865,-0.024334695,-0.026101965,-0.028853463,-0.0039580367,1,1572,7.86,7.869828224182129,0,0.8884586691856384,0.1115414053201675,False
1574,7.87,-0.015485317,-0.020507332,-0.025754558,0.008951077,1,1572,7.86,7.869828224182129,0,0.8884586691856384,0.1115414053201675,False
1575,7.875,-0.010200571,-0.013317526,-0.019882778,0.015765537,1,1572,7.86,7.869828224182129,0,0.8884586691856384,0.1115414053201675,False
1576,7.88,-0.0054159923,-0.0055540483,-0.014618053,0.015256684,1,1576,7.88,7.8921959400177,0,0.8909322023391724,0.1090677753090858,False
1577,7.885,0.0008610534,-0.00014156508,-0.012603571,0.00888147,1,1576,7.88,7.8921959400177,0,0.8909322023391724,0.1090677753090858,False
1578,7.89,0.0059830383,-0.0015603245,-0.015599566,-0.0021569924,1,1576,7.88,7.8921959400177,0,0.8909322023391724,0.1090677753090858,False
1579,7.895,0.0038662034,-0.012929102,-0.02432598,-0.018758522,1,1576,7.88,7.8921959400177,0,0.8909322023391724,0.1090677753090858,False
1580,7.9,-0.00905633,-0.031689413,-0.036464997,-0.041134752,1,1580,7.9,7.909864187240601,0,0.8908350467681885,0.1091649755835533,False
1581,7.905,-0.02759478,-0.04728252,-0.044061866,-0.06312769,1,1580,7.9,7.909864187240601,0,0.8908350467681885,0.1091649755835533,False
1582,7.91,-0.03753693,-0.044660464,-0.03492612,-0.07071198,1,1580,7.9,7.909864187240601,0,0.8908350467681885,0.1091649755835533,False
1583,7.915,-0.024096401,-0.01394532,-0.00066282484,-0.049769312,1,1580,7.9,7.909864187240601,0,0.8908350467681885,0.1091649755835533,False
1584,7.92,0.015680956,0.03959471,0.053359658,0.0010600828,1,1584,7.92,7.92798376083374,0,0.8895600438117981,0.1104399189352989,False
1585,7.925,0.06662874,0.0940958,0.105763316,0.0640026,1,1584,7.92,7.92798376083374,0,0.8895600438117981,0.1104399189352989,False
1586,7.93,0.10243171,0.12215568,0.12978944,0.11033846,1,1584,7.92,7.92798376083374,0,0.8895600438117981,0.1104399189352989,False
1587,7.935,0.10262079,0.10822475,0.11071626,0.118780844,1,1584,7.92,7.92798376083374,0,0.8895600438117981,0.1104399189352989,False
1588,7.94,0.06709949,0.059602402,0.056761775,0.08983243,1,1588,7.94,7.942080020904541,0,0.8878657221794128,0.1121342256665229,False
1589,7.945,0.016444813,0.002085125,-0.0055604787,0.044384155,1,1588,7.94,7.942080020904541,0,0.8878657221794128,0.1121342256665229,False
1590,7.95,-0.0227223,-0.0370267,-0.048471063,0.0077201547,1,1588,7.94,7.942080020904541,0,0.8878657221794128,0.1121342256665229,False
1591,7.955,-0.035902996,-0.04604973,-0.059731234,-0.008101245,1,1588,7.94,7.942080020904541,0,0.8878657221794128,0.1121342256665229,False
1592,7.96,-0.02846564,-0.033886988,-0.047470752,-0.009936394,1,1592,7.96,7.974919557571411,0,0.8669179677963257,0.1330820024013519,False
1593,7.965,-0.018079273,-0.020351492,-0.030936673,-0.014251767,1,1592,7.96,7.974919557571411,0,0.8669179677963257,0.1330820024013519,False
1594,7.97,-0.019432098,-0.020415815,-0.025402913,-0.03185035,1,1592,7.96,7.974919557571411,0,0.8669179677963257,0.1330820024013519,False
1595,7.975,-0.03400213,-0.03458782,-0.032737773,-0.059337772,1,1592,7.96,7.974919557571411,0,0.8669179677963257,0.1330820024013519,False
1596,7.98,-0.05186761,-0.0515879,-0.043510288,-0.08313211,1,1596,7.98,7.993941068649292,0,0.88779217004776,0.1122078076004982,False
1597,7.985,-0.061815158,-0.05929138,-0.04701955,-0.09101458,1,1596,7.98,7.993941068649292,0,0.88779217004776,0.1122078076004982,False
1598,7.99,-0.059886817,-0.053937122,-0.039975785,-0.08078436,1,1596,7.98,7.993941068649292,0,0.88779217004776,0.1122078076004982,False
1599,7.995,-0.04965009,-0.040491097,-0.02706953,-0.059480045,1,1596,7.98,7.993941068649292,0,0.88779217004776,0.1122078076004982,False
1600,8.0,-0.036021702,-0.025699086,-0.014595307,-0.03554309,1,1600,8.0,8.008890151977539,0,0.8878520131111145,0.1121479719877243,False
1601,8.005,-0.02003728,-0.011593646,-0.0042014294,-0.011940764,1,1600,8.0,8.008890151977539,0,0.8878520131111145,0.1121479719877243,False
1602,8.01,0.00039513578,0.0045650774,0.007463222,0.013923661,1,1600,8.0,8.008890151977539,0,0.8878520131111145,0.1121479719877243,False
1603,8.015,0.025734808,0.02516639,0.023872156,0.04464711,1,1600,8.0,8.008890151977539,0,0.8878520131111145,0.1121479719877243,False
1604,8.02,0.051911164,0.048014604,0.043933433,0.07748049,1,1604,8.02,8.02491569519043,0,0.8906760811805725,0.1093239486217498,False
1605,8.025,0.07227725,0.06703639,0.061795153,0.10388427,1,1604,8.02,8.02491569519043,0,0.8906760811805725,0.1093239486217498,False
1606,8.03,0.08192351,0.076484285,0.07071987,0.1139834,1,1604,8.02,8.02491569519043,0,0.8906760811805725,0.1093239486217498,False
1607,8.035,0.08010141,0.07441767,0.0673619,0.10241463,1,1604,8.02,8.02491569519043,0,0.8906760811805725,0.1093239486217498,False
1608,8.04,0.06937345,0.06301709,0.05331661,0.071769975,1,1608,8.04,8.039830684661865,0,0.8789017200469971,0.1210982725024223,False
1609,8.045,0.053241003,0.04640314,0.033453498,0.031665232,1,1608,8.04,8.039830684661865,0,0.8789017200469971,0.1210982725024223,False
1610,8.05,0.03419947,0.027936095,0.012693742,-0.0061745653,1,1608,8.04,8.039830684661865,0,0.8789017200469971,0.1210982725024223,False
1611,8.055,0.012772961,0.008522402,-0.0065431655,-0.03422373,1,1608,8.04,8.039830684661865,0,0.8789017200469971,0.1210982725024223,False
1612,8.06,-0.012361808,-0.0132959755,-0.024769446,-0.052980144,1,1612,8.06,8.066370725631714,0,0.8671804666519165,0.1328195184469223,False
1613,8.065,-0.04272679,-0.03939658,-0.04371464,-0.06929138,1,1612,8.06,8.066370725631714,0,0.8671804666519165,0.1328195184469223,False
1614,8.07,-0.077109694,-0.06919327,-0.06370465,-0.08954931,1,1612,8.06,8.066370725631714,0,0.8671804666519165,0.1328195184469223,False
1615,8.075,-0.10921187,-0.09758396,-0.08175737,-0.112169,1,1612,8.06,8.066370725631714,0,0.8671804666519165,0.1328195184469223,False
1616,8.08,-0.12827715,-0.11536181,-0.09155262,-0.12530626,1,1616,8.08,8.082141637802124,0,0.8870303630828857,0.1129696518182754,False
1617,8.085,-0.12335946,-0.11249972,-0.08563713,-0.11284568,1,1616,8.08,8.082141637802124,0,0.8870303630828857,0.1129696518182754,False
1618,8.09,-0.08917224,-0.08314454,-0.059315495,-0.06570133,1,1616,8.08,8.082141637802124,0,0.8870303630828857,0.1129696518182754,False
1619,8.095,-0.030162966,-0.030025916,-0.014603259,0.009205642,1,1616,8.08,8.082141637802124,0,0.8870303630828857,0.1129696518182754,False
1620,8.1,0.039504215,0.03424797,0.03818528,0.08922205,1,1620,8.1,8.110175609588623,0,0.8780500292778015,0.1219500005245208,False
1621,8.105,0.10022169,0.090607345,0.08317152,0.14632122,1,1620,8.1,8.110175609588623,0,0.8780500292778015,0.1219500005245208,False
1622,8.11,0.1340453,0.121161975,0.10571162,0.16142164,1,1620,8.1,8.110175609588623,0,0.8780500292778015,0.1219500005245208,False
1623,8.115,0.13237578,0.11795574,0.100067526,0.133979,1,1620,8.1,8.110175609588623,0,0.8780500292778015,0.1219500005245208,False
1624,8.12,0.10094055,0.08790412,0.07315381,0.0813814,1,1624,8.12,8.127832412719727,0,0.8876803517341614,0.1123196184635162,False
1625,8.125,0.058091253,0.049673244,0.040960878,0.028726509,1,1624,8.12,8.127832412719727,0,0.8876803517341614,0.1123196184635162,False
1626,8.13,0.024725258,0.022522982,0.018673599,-0.0053092153,1,1624,8.12,8.127832412719727,0,0.8876803517341614,0.1123196184635162,False
1627,8.135,0.010511658,0.0134473005,0.0105787255,-0.018510966,1,1624,8.12,8.127832412719727,0,0.8876803517341614,0.1123196184635162,False
1628,8.14,0.0067548244,0.012324929,0.0074271313,-0.024576297,1,1628,8.14,8.139891862869263,0,0.837944746017456,0.1620552837848663,False
1629,8.145,-0.006413474,0.00034446255,-0.005779509,-0.04138156,1,1628,8.14,8.139891862869263,0,0.837944746017456,0.1620552837848663,False
1630,8.15,-0.042474642,-0.033742096,-0.03699822,-0.075624295,1,1628,8.14,8.139891862869263,0,0.837944746017456,0.1620552837848663,False
1631,8.155,-0.09499928,-0.082700536,-0.07953022,-0.11551086,1,1628,8.14,8.139891862869263,0,0.837944746017456,0.1620552837848663,False
1632,8.16,-0.14025432,-0.12464966,-0.11571109,-0.13790455,1,1632,8.16,8.174612522125244,0,0.8722291588783264,0.1277709007263183,False
1633,8.165,-0.15387651,-0.13831188,-0.12845226,-0.12471899,1,1632,8.16,8.174612522125244,0,0.8722291588783264,0.1277709007263183,False
1634,8.17,-0.12732102,-0.11673804,-0.11114558,-0.07566137,1,1632,8.16,8.174612522125244,0,0.8722291588783264,0.1277709007263183,False
1635,8.175,-0.0713283,-0.06920923,-0.06924474,-0.007954074,1,1632,8.16,8.174612522125244,0,0.8722291588783264,0.1277709007263183,False
1636,8.18,-0.0061763516,-0.012298776,-0.014676667,0.055281293,1,1636,8.18,8.19258165359497,0,0.8827028870582581,0.1172971129417419,False
1637,8.185,0.051128443,0.04055433,0.040786874,0.09807638,1,1636,8.18,8.19258165359497,0,0.8827028870582581,0.1172971129417419,False
1638,8.19,0.09306115,0.08302784,0.08849861,0.11714355,1,1636,8.18,8.19258165359497,0,0.8827028870582581,0.1172971129417419,False
1639,8.195,0.119627215,0.11319245,0.12232796,0.11832742,1,1636,8.18,8.19258165359497,0,0.8827028870582581,0.1172971129417419,False
1640,8.2,0.13320524,0.1294449,0.13764459,0.10908685,1,1640,8.2,8.210150957107544,0,0.8814333081245422,0.1185666769742965,False
1641,8.205,0.13517243,0.12967189,0.13223933,0.09326654,1,1640,8.2,8.210150957107544,0,0.8814333081245422,0.1185666769742965,False
1642,8.21,0.12537201,0.11342806,0.10835186,0.070713185,1,1640,8.2,8.210150957107544,0,0.8814333081245422,0.1185666769742965,False
1643,8.215,0.10274142,0.08356606,0.07282745,0.039926328,1,1640,8.2,8.210150957107544,0,0.8814333081245422,0.1185666769742965,False
1644,8.22,0.065920845,0.044865906,0.033684224,0.00060076383,1,1644,8.22,8.228050947189331,0,0.8588488698005676,0.1411511600017547,False
1645,8.225,0.014323369,0.00095137744,-0.004887965,-0.045294575,1,1644,8.22,8.228050947189331,0,0.8588488698005676,0.1411511600017547,False
1646,8.23,-0.049785413,-0.047117133,-0.04465411,-0.093285516,1,1644,8.22,8.228050947189331,0,0.8588488698005676,0.1411511600017547,False
1647,8.235,-0.11914964,-0.09875639,-0.08990915,-0.13639499,1,1644,8.22,8.228050947189331,0,0.8588488698005676,0.1411511600017547,False
1648,8.24,-0.1810744,-0.1497135,-0.14040713,-0.16575064,1,1648,8.24,8.242924690246582,0,0.8375766277313232,0.1624233871698379,False
1649,8.245,-0.21949823,-0.18916622,-0.18586195,-0.17220594,1,1648,8.24,8.242924690246582,0,0.8375766277313232,0.1624233871698379,False
1650,8.25,-0.21927272,-0.20102538,-0.20680596,-0.14866665,1,1648,8.24,8.242924690246582,0,0.8375766277313232,0.1624233871698379,False
1651,8.255,-0.17199647,-0.17047022,-0.18306215,-0.092727974,1,1648,8.24,8.242924690246582,0,0.8375766277313232,0.1624233871698379,False
1652,8.26,-0.08192936,-0.09353412,-0.10636452,-0.00946896,1,1652,8.26,8.278878450393677,0,0.8865244388580322,0.1134756058454513,False
1653,8.265,0.03144615,0.015911952,0.010123176,0.08660911,1,1652,8.26,8.278878450393677,0,0.8865244388580322,0.1134756058454513,False
1654,8.27,0.13801199,0.12793973,0.13276502,0.17294805,1,1652,8.26,8.278878450393677,0,0.8865244388580322,0.1134756058454513,False
1655,8.275,0.20860317,0.20841643,0.22095549,0.22550322,1,1652,8.26,8.278878450393677,0,0.8865244388580322,0.1134756058454513,False
1656,8.28,0.22764485,0.23480994,0.24679084,0.22889437,1,1656,8.28,8.294711351394653,1,0.386824756860733,0.6131752729415894,True
1657,8.285,0.1990876,0.20626898,0.2091052,0.1846009,1,1656,8.28,8.294711351394653,1,0.386824756860733,0.6131752729415894,True
1658,8.29,0.1422489,0.14194325,0.13263157,0.11116352,1,1656,8.28,8.294711351394653,1,0.386824756860733,0.6131752729415894,True
1659,8.295,0.0805636,0.069156855,0.052539386,0.034597762,1,1656,8.28,8.294711351394653,1,0.386824756860733,0.6131752729415894,True
1660,8.3,0.029680556,0.0088929,-0.0056199655,-0.026070789,1,1660,8.3,8.308849334716797,0,0.7455876469612122,0.2544124126434326,False
1661,8.305,-0.009063984,-0.03307257,-0.03759883,-0.0686776,1,1660,8.3,8.308849334716797,0,0.7455876469612122,0.2544124126434326,False
1662,8.31,-0.046382718,-0.06480841,-0.05704829,-0.10556111,1,1660,8.3,8.308849334716797,0,0.7455876469612122,0.2544124126434326,False
1663,8.315,-0.09473197,-0.09831336,-0.08116207,-0.14981262,1,1660,8.3,8.308849334716797,0,0.7455876469612122,0.2544124126434326,False
1664,8.32,-0.15576749,-0.13807315,-0.1166087,-0.20027485,1,1664,8.32,8.319950342178345,0,0.6150802969932556,0.3849197328090668,False
1665,8.325,-0.2141515,-0.17583965,-0.15498178,-0.2374063,1,1664,8.32,8.319950342178345,0,0.6150802969932556,0.3849197328090668,False
1666,8.33,-0.24320565,-0.19461675,-0.1785932,-0.23410961,1,1664,8.32,8.319950342178345,0,0.6150802969932556,0.3849197328090668,False
1667,8.335,-0.21985172,-0.1784303,-0.17065175,-0.17402832,1,1664,8.32,8.319950342178345,0,0.6150802969932556,0.3849197328090668,False
1668,8.34,-0.13934427,-0.12154595,-0.12361133,-0.06435595,1,1668,8.34,8.339876174926758,0,0.8776078224182129,0.1223922148346901,False
1669,8.345,-0.02012011,-0.03251781,-0.0431098,0.065372474,1,1668,8.34,8.339876174926758,0,0.8776078224182129,0.1223922148346901,False
1670,8.35,0.10431053,0.06820834,0.052853968,0.17734738,1,1668,8.34,8.339876174926758,0,0.8776078224182129,0.1223922148346901,False
1671,8.355,0.20112868,0.15592024,0.13977823,0.24358417,1,1668,8.34,8.339876174926758,0,0.8776078224182129,0.1223922148346901,False
1672,8.36,0.25184324,0.21131387,0.19642916,0.2575623,1,1672,8.36,8.36992335319519,1,0.0418158136308193,0.9581841230392456,True
1673,8.365,0.25617152,0.22740607,0.21380016,0.23314464,1,1672,8.36,8.36992335319519,1,0.0418158136308193,0.9581841230392456,True
1674,8.37,0.22570118,0.20958199,0.19707468,0.19223009,1,1672,8.36,8.36992335319519,1,0.0418158136308193,0.9581841230392456,True
1675,8.375,0.17376527,0.16901107,0.15884069,0.14966893,1,1672,8.36,8.36992335319519,1,0.0418158136308193,0.9581841230392456,True
1676,8.38,0.109203145,0.1147077,0.1090933,0.10559632,1,1676,8.38,8.382240533828735,0,0.7310269474983215,0.2689730525016784,False
1677,8.385,0.036610026,0.05029672,0.050338265,0.04962606,1,1676,8.38,8.382240533828735,0,0.7310269474983215,0.2689730525016784,False
1678,8.39,-0.040450554,-0.023094136,-0.018881423,-0.027586889,1,1676,8.38,8.382240533828735,0,0.7310269474983215,0.2689730525016784,False
1679,8.395,-0.117893144,-0.10186657,-0.09655028,-0.12460165,1,1676,8.38,8.382240533828735,0,0.7310269474983215,0.2689730525016784,False
1680,8.4,-0.19154291,-0.17780642,-0.17320229,-0.22724324,1,1680,8.4,8.401559114456177,1,0.026617381721735,0.9733826518058776,True
1681,8.405,-0.25608572,-0.23963685,-0.23432167,-0.3133077,1,1680,8.4,8.401559114456177,1,0.026617381721735,0.9733826518058776,True
1682,8.41,-0.30108613,-0.27537465,-0.26570126,-0.35904425,1,1680,8.4,8.401559114456177,1,0.026617381721735,0.9733826518058776,True
1683,8.415,-0.3085221,-0.27342895,-0.25694257,-0.3448284,1,1680,8.4,8.401559114456177,1,0.026617381721735,0.9733826518058776,True
1684,8.42,-0.2584009,-0.22421433,-0.20252833,-0.26120698,1,1684,8.42,8.427905321121216,1,0.071259506046772,0.9287405014038086,True
1685,8.425,-0.14279105,-0.12523295,-0.1038211,-0.11591054,1,1684,8.42,8.427905321121216,1,0.071259506046772,0.9287405014038086,True
1686,8.43,0.0210871,0.011591535,0.026473887,0.06221912,1,1684,8.42,8.427905321121216,1,0.071259506046772,0.9287405014038086,True
1687,8.435,0.19100296,0.1569308,0.16158232,0.22872733,1,1684,8.42,8.427905321121216,1,0.071259506046772,0.9287405014038086,True
1688,8.44,0.31682974,0.27173245,0.2661377,0.33983463,1,1688,8.44,8.443411827087402,1,0.0366543941199779,0.9633455872535706,True
1689,8.445,0.3648917,0.32415336,0.31070676,0.37173295,1,1688,8.44,8.443411827087402,1,0.0366543941199779,0.9633455872535706,True
1690,8.45,0.33336148,0.30551913,0.28713414,0.33054596,1,1688,8.44,8.443411827087402,1,0.0366543941199779,0.9633455872535706,True
1691,8.455,0.24899168,0.23388562,0.21328071,0.24602054,1,1688,8.44,8.443411827087402,1,0.0366543941199779,0.9633455872535706,True
1692,8.46,0.1491293,0.14232811,0.12263783,0.15343809,1,1692,8.46,8.482001304626465,1,0.0409903191030025,0.9590096473693848,True
1693,8.465,0.062198475,0.060224395,0.045532357,0.07593194,1,1692,8.46,8.482001304626465,1,0.0409903191030025,0.9590096473693848,True
1694,8.47,-0.0020065221,-6.414123e-05,-0.0057062795,0.017340438,1,1692,8.46,8.482001304626465,1,0.0409903191030025,0.9590096473693848,True
1695,8.475,-0.05012055,-0.044280276,-0.039278198,-0.033039436,1,1692,8.46,8.482001304626465,1,0.0409903191030025,0.9590096473693848,True
1696,8.48,-0.09650949,-0.08747911,-0.074770086,-0.08974847,1,1696,8.48,8.48380994796753,1,0.0243449192494153,0.9756550788879396,True
1697,8.485,-0.15403424,-0.14257145,-0.12921928,-0.16135699,1,1696,8.48,8.48380994796753,1,0.0243449192494153,0.9756550788879396,True
1698,8.49,-0.22656117,-0.21186997,-0.20565775,-0.24477446,1,1696,8.48,8.48380994796753,1,0.0243449192494153,0.9756550788879396,True
1699,8.495,-0.3036487,-0.28353637,-0.2884195,-0.32384217,1,1696,8.48,8.48380994796753,1,0.0243449192494153,0.9756550788879396,True
1700,8.5,-0.35972694,-0.33326873,-0.34671846,-0.3722827,1,1700,8.5,8.510226488113403,1,0.0652876794338226,0.934712290763855,True
1701,8.505,-0.36154512,-0.33191487,-0.34606507,-0.3618742,1,1700,8.5,8.510226488113403,1,0.0652876794338226,0.934712290763855,True
1702,8.51,-0.28392425,-0.25836074,-0.2643319,-0.27507484,1,1700,8.5,8.510226488113403,1,0.0652876794338226,0.934712290763855,True
1703,8.515,-0.12634693,-0.11280851,-0.10560307,-0.11711937,1,1700,8.5,8.510226488113403,1,0.0652876794338226,0.934712290763855,True
1704,8.52,0.080866985,0.07766243,0.09642931,0.0801789,1,1704,8.52,8.52187705039978,1,0.0357836261391639,0.9642163515090942,True
1705,8.525,0.2865453,0.26662344,0.2894746,0.26778284,1,1704,8.52,8.52187705039978,1,0.0357836261391639,0.9642163515090942,True
1706,8.53,0.43928656,0.40605998,0.42338252,0.39869922,1,1704,8.52,8.52187705039978,1,0.0357836261391639,0.9642163515090942,True
1707,8.535,0.5061008,0.4644446,0.46929434,0.44662216,1,1704,8.52,8.52187705039978,1,0.0357836261391639,0.9642163515090942,True
1708,8.54,0.47966725,0.43557328,0.4270913,0.41340807,1,1708,8.54,8.551136255264282,1,0.0472038872539997,0.9527961611747742,True
1709,8.545,0.37442163,0.33582637,0.3194084,0.32264754,1,1708,8.54,8.551136255264282,1,0.0472038872539997,0.9527961611747742,True
1710,8.55,0.21829095,0.19475326,0.1789334,0.20572577,1,1708,8.54,8.551136255264282,1,0.0472038872539997,0.9527961611747742,True
1711,8.555,0.045466274,0.04523324,0.03727822,0.08959542,1,1708,8.54,8.551136255264282,1,0.0472038872539997,0.9527961611747742,True
1712,8.56,-0.11014426,-0.084428236,-0.081589065,-0.009292476,1,1712,8.56,8.573784112930298,1,0.0232695546001195,0.9767304062843324,True
1713,8.565,-0.22358225,-0.17744705,-0.1656658,-0.086644754,1,1712,8.56,8.573784112930298,1,0.0232695546001195,0.9767304062843324,True
1714,8.57,-0.28832507,-0.2340334,-0.2184276,-0.15010363,1,1712,8.56,8.573784112930298,1,0.0232695546001195,0.9767304062843324,True
1715,8.575,-0.3192996,-0.27080157,-0.2576784,-0.21553554,1,1712,8.56,8.573784112930298,1,0.0232695546001195,0.9767304062843324,True
1716,8.58,-0.3424119,-0.3096054,-0.30448723,-0.2965134,1,1716,8.58,8.584127426147461,1,0.0298246853053569,0.9701752662658693,True
1717,8.585,-0.3730959,-0.3588069,-0.3644654,-0.38935807,1,1716,8.58,8.584127426147461,1,0.0298246853053569,0.9701752662658693,True
1718,8.59,-0.3980886,-0.39933792,-0.41416517,-0.46426046,1,1716,8.58,8.584127426147461,1,0.0298246853053569,0.9701752662658693,True
1719,8.595,-0.376728,-0.3889041,-0.40691075,-0.47338432,1,1716,8.58,8.584127426147461,1,0.0298246853053569,0.9701752662658693,True
1720,8.6,-0.2657592,-0.28639147,-0.29989803,-0.37595925,1,1720,8.6,8.610021352767944,1,0.0399940013885498,0.9600059986114502,True
1721,8.605,-0.053362988,-0.08275029,-0.086848296,-0.16650589,1,1720,8.6,8.610021352767944,1,0.0399940013885498,0.9600059986114502,True
1722,8.61,0.22122516,0.18267147,0.18691808,0.11252565,1,1720,8.6,8.610021352767944,1,0.0399940013885498,0.9600059986114502,True
1723,8.615,0.4783665,0.43359846,0.44001684,0.3839074,1,1720,8.6,8.610021352767944,1,0.0399940013885498,0.9600059986114502,True
1724,8.62,0.6349777,0.5914868,0.59349126,0.56889236,1,1724,8.62,8.627098798751831,1,0.033787302672863,0.9662126302719116,True
1725,8.625,0.6457698,0.6130931,0.60862666,0.6221594,1,1724,8.62,8.627098798751831,1,0.033787302672863,0.9662126302719116,True
1726,8.63,0.5231837,0.5082393,0.50094855,0.5485682,1,1724,8.62,8.627098798751831,1,0.033787302672863,0.9662126302719116,True
1727,8.635,0.32457742,0.3281657,0.32394055,0.39313388,1,1724,8.62,8.627098798751831,1,0.033787302672863,0.9662126302719116,True
1728,8.64,0.11741233,0.13449945,0.13646796,0.21273665,1,1728,8.64,8.641948699951172,1,0.02394225820899,0.9760577082633972,True
1729,8.645,-0.05333118,-0.029731447,-0.02340127,0.048830662,1,1728,8.64,8.641948699951172,1,0.02394225820899,0.9760577082633972,True
1730,8.65,-0.1766923,-0.15082207,-0.14445844,-0.08332622,1,1728,8.64,8.641948699951172,1,0.02394225820899,0.9760577082633972,True
1731,8.655,-0.26542434,-0.23646854,-0.23205,-0.18767439,1,1728,8.64,8.641948699951172,1,0.02394225820899,0.9760577082633972,True
1732,8.66,-0.33704534,-0.30071208,-0.29526362,-0.27322605,1,1732,8.66,8.670565605163574,1,0.0225424412637949,0.9774575233459472,True
1733,8.665,-0.39948595,-0.35269764,-0.34095794,-0.34388876,1,1732,8.66,8.670565605163574,1,0.0225424412637949,0.9774575233459472,True
1734,8.67,-0.44592476,-0.39201176,-0.3727288,-0.39549136,1,1732,8.66,8.670565605163574,1,0.0225424412637949,0.9774575233459472,True
1735,8.675,-0.45721936,-0.408074,-0.3882715,-0.41710544,1,1732,8.66,8.670565605163574,1,0.0225424412637949,0.9774575233459472,True
1736,8.68,-0.41002756,-0.3825094,-0.37471926,-0.3941568,1,1736,8.68,8.692338228225708,1,0.0427711755037307,0.9572288393974304,True
1737,8.685,-0.28907618,-0.2963451,-0.30955082,-0.31387657,1,1736,8.68,8.692338228225708,1,0.0427711755037307,0.9572288393974304,True
1738,8.69,-0.09929632,-0.14215761,-0.17341228,-0.17351873,1,1736,8.68,8.692338228225708,1,0.0427711755037307,0.9572288393974304,True
1739,8.695,0.12914829,0.06431956,0.03001257,0.011904204,1,1736,8.68,8.692338228225708,1,0.0427711755037307,0.9572288393974304,True
1740,8.7,0.34766856,0.28187987,0.2622049,0.20823683,1,1740,8.7,8.707012176513672,1,0.03316081315279,0.9668391942977904,True
1741,8.705,0.50586754,0.4558264,0.45914108,0.37086716,1,1740,8.7,8.707012176513672,1,0.03316081315279,0.9668391942977904,True
1742,8.71,0.5699553,0.5401984,0.56020105,0.4611804,1,1740,8.7,8.707012176513672,1,0.03316081315279,0.9668391942977904,True
1743,8.715,0.5340454,0.5183375,0.5394654,0.46276563,1,1740,8.7,8.707012176513672,1,0.03316081315279,0.9668391942977904,True
1744,8.72,0.41951242,0.40940148,0.4185238,0.38805804,1,1744,8.72,8.724902153015137,1,0.0860752835869789,0.913924753665924,True
1745,8.725,0.2635666,0.25640738,0.2516708,0.2706699,1,1744,8.72,8.724902153015137,1,0.0860752835869789,0.913924753665924,True
1746,8.73,0.102855965,0.10280133,0.09308683,0.14694984,1,1744,8.72,8.724902153015137,1,0.0860752835869789,0.913924753665924,True
1747,8.735,-0.040363375,-0.028257882,-0.032201912,0.03737242,1,1744,8.72,8.724902153015137,1,0.0860752835869789,0.913924753665924,True
1748,8.74,-0.16316593,-0.13956212,-0.13466646,-0.06066445,1,1748,8.74,8.742329359054565,1,0.0221632122993469,0.977836847305298,True
1749,8.745,-0.2753927,-0.24772868,-0.24088034,-0.16360816,1,1748,8.74,8.742329359054565,1,0.0221632122993469,0.977836847305298,True
1750,8.75,-0.3846012,-0.36177552,-0.36317968,-0.281638,1,1748,8.74,8.742329359054565,1,0.0221632122993469,0.977836847305298,True
1751,8.755,-0.48126483,-0.46688315,-0.48051822,-0.4011828,1,1748,8.74,8.742329359054565,1,0.0221632122993469,0.977836847305298,True
1752,8.76,-0.53494555,-0.52497166,-0.54444885,-0.4832292,1,1752,8.76,8.77520227432251,1,0.0252582263201475,0.974741756916046,True
1753,8.765,-0.50700974,-0.4934573,-0.5065604,-0.48113182,1,1752,8.76,8.77520227432251,1,0.0252582263201475,0.974741756916046,True
1754,8.77,-0.37451828,-0.3517973,-0.34943274,-0.3685065,1,1752,8.76,8.77520227432251,1,0.0252582263201475,0.974741756916046,True
1755,8.775,-0.15047924,-0.11953497,-0.10170701,-0.15977478,1,1752,8.76,8.77520227432251,1,0.0252582263201475,0.974741756916046,True
1756,8.78,0.11413155,0.14618452,0.17127365,0.090687394,1,1756,8.78,8.790138483047485,1,0.0331172086298465,0.9668827652931212,True
1757,8.785,0.34985906,0.3733658,0.39509532,0.31149617,1,1756,8.78,8.790138483047485,1,0.0331172086298465,0.9668827652931212,True
1758,8.79,0.4985206,0.5054753,0.51664186,0.44574907,1,1756,8.78,8.790138483047485,1,0.0331172086298465,0.9668827652931212,True
1759,8.795,0.5355163,0.52245367,0.52186924,0.47264,1,1756,8.78,8.790138483047485,1,0.0331172086298465,0.9668827652931212,True
1760,8.8,0.47337538,0.4424121,0.43400356,0.40862456,1,1760,8.8,8.81019639968872,1,0.0419108942151069,0.9580891728401184,True
1761,8.805,0.34848276,0.30648488,0.29638097,0.29157588,1,1760,8.8,8.81019639968872,1,0.0419108942151069,0.9580891728401184,True
1762,8.81,0.20219028,0.15828657,0.1515885,0.1606556,1,1760,8.8,8.81019639968872,1,0.0419108942151069,0.9580891728401184,True
1763,8.815,0.066909485,0.029267253,0.027862007,0.04323441,1,1760,8.8,8.81019639968872,1,0.0419108942151069,0.9580891728401184,True
1764,8.82,-0.039371856,-0.065980844,-0.06378548,-0.048304264,1,1764,8.82,8.827117204666138,1,0.0228350441902875,0.9771649241447448,True
1765,8.825,-0.11276516,-0.12758055,-0.12574092,-0.1139466,1,1764,8.82,8.827117204666138,1,0.0228350441902875,0.9771649241447448,True
1766,8.83,-0.16063185,-0.16602056,-0.16867888,-0.16188498,1,1764,8.82,8.827117204666138,1,0.0228350441902875,0.9771649241447448,True
1767,8.835,-0.19671206,-0.19685024,-0.20643172,-0.20329285,1,1764,8.82,8.827117204666138,1,0.0228350441902875,0.9771649241447448,True
1768,8.84,-0.23336712,-0.23300897,-0.24900787,-0.24505751,1,1768,8.84,8.841794490814209,1,0.0252589862793684,0.9747410416603088,True
1769,8.845,-0.27260396,-0.2755982,-0.29442748,-0.2826321,1,1768,8.84,8.841794490814209,1,0.0252589862793684,0.9747410416603088,True
1770,8.85,-0.30143195,-0.3087463,-0.3250194,-0.2986356,1,1768,8.84,8.841794490814209,1,0.0252589862793684,0.9747410416603088,True
1771,8.855,-0.29703087,-0.30502617,-0.31395325,-0.27097523,1,1768,8.84,8.841794490814209,1,0.0252589862793684,0.9747410416603088,True
1772,8.86,-0.240905,-0.24128559,-0.24068743,-0.1871233,1,1772,8.86,8.87613320350647,1,0.040476631373167,0.959523379802704,True
1773,8.865,-0.13314998,-0.115584396,-0.105908304,-0.055174798,1,1772,8.86,8.87613320350647,1,0.040476631373167,0.959523379802704,True
1774,8.87,0.0039747087,0.046912394,0.06439989,0.09642576,1,1772,8.86,8.87613320350647,1,0.040476631373167,0.959523379802704,True
1775,8.875,0.13664323,0.20412125,0.22871557,0.23075399,1,1772,8.86,8.87613320350647,1,0.040476631373167,0.959523379802704,True
1776,8.88,0.23675366,0.31688693,0.34742045,0.3183222,1,1776,8.88,8.894569396972656,1,0.0345061123371124,0.96549391746521,True
1777,8.885,0.29336882,0.36561546,0.3979079,0.3475927,1,1776,8.88,8.894569396972656,1,0.0345061123371124,0.96549391746521,True
1778,8.89,0.31100553,0.3539692,0.38003442,0.32503998,1,1776,8.88,8.894569396972656,1,0.0345061123371124,0.96549391746521,True
1779,8.895,0.2983794,0.29950508,0.3106476,0.26649117,1,1776,8.88,8.894569396972656,1,0.0345061123371124,0.96549391746521,True
1780,8.9,0.2584413,0.21981221,0.2117846,0.18630078,1,1780,8.9,8.910104751586914,1,0.0404817461967468,0.959518313407898,True
1781,8.905,0.18816815,0.12440205,0.10019826,0.091389745,1,1780,8.9,8.910104751586914,1,0.0404817461967468,0.959518313407898,True
1782,8.91,0.087129995,0.016666815,-0.015689174,-0.016663903,1,1780,8.9,8.910104751586914,1,0.0404817461967468,0.959518313407898,True
1783,8.915,-0.034012098,-0.09821941,-0.13101149,-0.1340121,1,1780,8.9,8.910104751586914,1,0.0404817461967468,0.959518313407898,True
1784,8.92,-0.15338062,-0.20762262,-0.23732954,-0.24775137,1,1784,8.92,8.927075386047363,1,0.0234113745391368,0.9765886068344116,True
1785,8.925,-0.24665983,-0.2930374,-0.31982258,-0.33566055,1,1784,8.92,8.927075386047363,1,0.0234113745391368,0.9765886068344116,True
1786,8.93,-0.29781836,-0.3372785,-0.3612005,-0.37360424,1,1784,8.92,8.927075386047363,1,0.0234113745391368,0.9765886068344116,True
1787,8.935,-0.30392516,-0.33143607,-0.3491159,-0.34649432,1,1784,8.92,8.927075386047363,1,0.0234113745391368,0.9765886068344116,True
1788,8.94,-0.27165928,-0.27702865,-0.2817467,-0.2562167,1,1788,8.94,8.942047119140625,1,0.0578659176826477,0.9421340227127076,True
1789,8.945,-0.20963337,-0.18337779,-0.1686692,-0.1217985,1,1788,8.94,8.942047119140625,1,0.0578659176826477,0.9421340227127076,True
1790,8.95,-0.123256296,-0.06379119,-0.028084164,0.027912764,1,1788,8.94,8.942047119140625,1,0.0578659176826477,0.9421340227127076,True
1791,8.955,-0.016214153,0.06606372,0.11683708,0.16418058,1,1788,8.94,8.942047119140625,1,0.0578659176826477,0.9421340227127076,True
1792,8.96,0.10308138,0.1875876,0.24120699,0.2653181,1,1792,8.96,8.974523544311523,1,0.035651046782732,0.9643489122390748,True
1793,8.965,0.21643116,0.27975988,0.32231778,0.31860253,1,1792,8.96,8.974523544311523,1,0.035651046782732,0.9643489122390748,True
1794,8.97,0.29834083,0.32381955,0.34528336,0.31952935,1,1792,8.96,8.974523544311523,1,0.035651046782732,0.9643489122390748,True
1795,8.975,0.3265136,0.31107926,0.3088622,0.27177656,1,1792,8.96,8.974523544311523,1,0.035651046782732,0.9643489122390748,True
1796,8.98,0.2937155,0.24841721,0.22732969,0.18818744,1,1796,8.98,8.998740911483765,1,0.0981388315558433,0.9018611311912536,True
1797,8.985,0.21219228,0.15606323,0.12517844,0.08958481,1,1796,8.98,8.998740911483765,1,0.0981388315558433,0.9018611311912536,True
1798,8.99,0.10697592,0.05780283,0.026141014,-0.0014537217,1,1796,8.98,8.998740911483765,1,0.0981388315558433,0.9018611311912536,True
1799,8.995,0.0028003207,-0.02993287,-0.05698728,-0.07017317,1,1796,8.98,8.998740911483765,1,0.0981388315558433,0.9018611311912536,True
1800,9.0,-0.08615414,-0.10243768,-0.1246123,-0.11623821,1,1800,9.0,9.010919332504272,1,0.0237772613763809,0.9762227535247804,True
1801,9.005,-0.15740253,-0.1622868,-0.18294981,-0.15135108,1,1800,9.0,9.010919332504272,1,0.0237772613763809,0.9762227535247804,True
1802,9.01,-0.21343687,-0.211049,-0.23309162,-0.18820047,1,1800,9.0,9.010919332504272,1,0.0237772613763809,0.9762227535247804,True
1803,9.015,-0.25409323,-0.2447099,-0.26613075,-0.22841097,1,1800,9.0,9.010919332504272,1,0.0237772613763809,0.9762227535247804,True
1804,9.02,-0.27420515,-0.25598237,-0.2688055,-0.2586489,1,1804,9.02,9.021226167678831,1,0.0472163893282413,0.9527835845947266,True
1805,9.025,-0.26685604,-0.23975405,-0.23421834,-0.25775787,1,1804,9.02,9.021226167678831,1,0.0472163893282413,0.9527835845947266,True
1806,9.03,-0.2276933,-0.19564031,-0.1673642,-0.2095048,1,1804,9.02,9.021226167678831,1,0.0472163893282413,0.9527835845947266,True
1807,9.035,-0.15658727,-0.12614542,-0.08086588,-0.11253719,1,1804,9.02,9.021226167678831,1,0.0472163893282413,0.9527835845947266,True
1808,9.04,-0.057234608,-0.03447236,0.013691118,0.01746311,1,1808,9.04,9.044783353805542,1,0.0375823080539703,0.962417721748352,True
1809,9.045,0.062748104,0.07426981,0.11006356,0.1534407,1,1808,9.04,9.044783353805542,1,0.0375823080539703,0.962417721748352,True
1810,9.05,0.19087674,0.18991046,0.20451564,0.2673231,1,1808,9.04,9.044783353805542,1,0.0375823080539703,0.962417721748352,True
1811,9.055,0.30989984,0.29644647,0.29042873,0.34018534,1,1808,9.04,9.044783353805542,1,0.0375823080539703,0.962417721748352,True
1812,9.06,0.39986566,0.37500876,0.35580954,0.366621,1,1812,9.06,9.074771165847778,1,0.0414889268577098,0.9585110545158386,True
1813,9.065,0.44098917,0.40775058,0.38479123,0.35039395,1,1812,9.06,9.074771165847778,1,0.0414889268577098,0.9585110545158386,True
1814,9.07,0.41664502,0.38034377,0.36126882,0.2950448,1,1812,9.06,9.074771165847778,1,0.0414889268577098,0.9585110545158386,True
1815,9.075,0.3178927,0.28469178,0.27379522,0.1984275,1,1812,9.06,9.074771165847778,1,0.0414889268577098,0.9585110545158386,True
1816,9.08,0.15021457,0.12442832,0.12213809,0.057689115,1,1816,9.08,9.092161893844604,1,0.0279152281582355,0.9720847010612488,True
1817,9.085,-0.061254214,-0.078801125,-0.07609984,-0.11846077,1,1816,9.08,9.092161893844604,1,0.0279152281582355,0.9720847010612488,True
1818,9.09,-0.27457577,-0.28519803,-0.28391933,-0.3015304,1,1816,9.08,9.092161893844604,1,0.0279152281582355,0.9720847010612488,True
1819,9.095,-0.44437566,-0.44785312,-0.45343152,-0.44865716,1,1816,9.08,9.092161893844604,1,0.0279152281582355,0.9720847010612488,True
1820,9.1,-0.5389667,-0.5309671,-0.54324454,-0.5201991,1,1820,9.1,9.11190128326416,1,0.0237881261855363,0.9762118458747864,True
1821,9.105,-0.5493199,-0.52331483,-0.53538907,-0.4975522,1,1820,9.1,9.11190128326416,1,0.0237881261855363,0.9762118458747864,True
1822,9.11,-0.48378804,-0.437191,-0.4402859,-0.38895428,1,1820,9.1,9.11190128326416,1,0.0237881261855363,0.9762118458747864,True
1823,9.115,-0.35516912,-0.2949424,-0.2861467,-0.22113416,1,1820,9.1,9.11190128326416,1,0.0237881261855363,0.9762118458747864,True
1824,9.12,-0.17376728,-0.11593297,-0.10171451,-0.025632923,1,1824,9.12,9.126272916793823,1,0.0353628918528556,0.9646371603012084,True
1825,9.125,0.046490103,0.08451577,0.093154006,0.16939524,1,1824,9.12,9.126272916793823,1,0.0353628918528556,0.9646371603012084,True
1826,9.13,0.27631754,0.2854651,0.2824622,0.3389065,1,1824,9.12,9.126272916793823,1,0.0353628918528556,0.9646371603012084,True
1827,9.135,0.46896878,0.453071,0.4427884,0.45831043,1,1824,9.12,9.126272916793823,1,0.0353628918528556,0.9646371603012084,True
1828,9.14,0.5754628,0.54737145,0.5408572,0.50591254,1,1828,9.14,9.139817237854004,1,0.0364733338356018,0.963526725769043,True
1829,9.145,0.56850827,0.54109234,0.54649466,0.47106618,1,1828,9.14,9.139817237854004,1,0.0364733338356018,0.963526725769043,True
1830,9.15,0.45720202,0.43601516,0.4518103,0.3614213,1,1828,9.14,9.139817237854004,1,0.0364733338356018,0.963526725769043,True
1831,9.155,0.2814869,0.26381734,0.28054234,0.20260385,1,1828,9.14,9.139817237854004,1,0.0364733338356018,0.963526725769043,True
1832,9.16,0.091594845,0.07135505,0.07959159,0.029958801,1,1832,9.16,9.170058488845823,1,0.023728622123599,0.976271390914917,True
1833,9.165,-0.072318226,-0.098438896,-0.1012155,-0.12256213,1,1832,9.16,9.170058488845823,1,0.023728622123599,0.976271390914917,True
1834,9.17,-0.18936852,-0.21910426,-0.22814944,-0.2313543,1,1832,9.16,9.170058488845823,1,0.023728622123599,0.976271390914917,True
1835,9.175,-0.25646818,-0.28375593,-0.29211664,-0.28808245,1,1832,9.16,9.170058488845823,1,0.023728622123599,0.976271390914917,True
1836,9.18,-0.28291222,-0.3017636,-0.3054688,-0.30018085,1,1836,9.18,9.189786195755005,1,0.0230978317558765,0.9769021272659302,True
1837,9.185,-0.28488922,-0.29190275,-0.2912426,-0.28599,1,1836,9.18,9.189786195755005,1,0.0230978317558765,0.9769021272659302,True
1838,9.19,-0.27882162,-0.2730785,-0.27041352,-0.26457208,1,1836,9.18,9.189786195755005,1,0.0230978317558765,0.9769021272659302,True
1839,9.195,-0.27294123,-0.2548565,-0.2522485,-0.2442413,1,1836,9.18,9.189786195755005,1,0.0230978317558765,0.9769021272659302,True
1840,9.2,-0.26132098,-0.23258634,-0.23147015,-0.21718922,1,1840,9.2,9.209975957870483,1,0.0376817062497139,0.962318241596222,True
1841,9.205,-0.22638169,-0.19111921,-0.19320649,-0.165375,1,1840,9.2,9.209975957870483,1,0.0376817062497139,0.962318241596222,True
1842,9.21,-0.1506909,-0.115809076,-0.12296928,-0.075046495,1,1840,9.2,9.209975957870483,1,0.0376817062497139,0.962318241596222,True
1843,9.215,-0.03093832,-0.0039789937,-0.0163552,0.050054308,1,1840,9.2,9.209975957870483,1,0.0376817062497139,0.962318241596222,True
1844,9.22,0.11583575,0.13048002,0.11625794,0.18667342,1,1844,9.22,9.220006942749023,1,0.0347698479890823,0.9652301669120787,True
1845,9.225,0.25826642,0.2617025,0.2516138,0.30281428,1,1844,9.22,9.220006942749023,1,0.0347698479890823,0.9652301669120787,True
1846,9.23,0.36449128,0.36188483,0.3605696,0.37319666,1,1844,9.22,9.220006942749023,1,0.0347698479890823,0.9652301669120787,True
1847,9.235,0.41442552,0.4106429,0.41736588,0.38853687,1,1844,9.22,9.220006942749023,1,0.0347698479890823,0.9652301669120787,True
1848,9.24,0.40374216,0.39971155,0.40825942,0.35393956,1,1848,9.24,9.239962339401243,1,0.0813635066151619,0.9186365008354188,True
1849,9.245,0.33976305,0.33273277,0.33642334,0.28060228,1,1848,9.24,9.239962339401243,1,0.0813635066151619,0.9186365008354188,True
1850,9.25,0.2346244,0.22201918,0.22023949,0.17865527,1,1848,9.24,9.239962339401243,1,0.0813635066151619,0.9186365008354188,True
1851,9.255,0.100941986,0.08413902,0.08453094,0.055320263,1,1848,9.24,9.239962339401243,1,0.0813635066151619,0.9186365008354188,True
1852,9.26,-0.0486558,-0.06438152,-0.051038,-0.08303277,1,1852,9.26,9.269848346710203,1,0.0229801051318645,0.9770199060440063,True
1853,9.265,-0.20004608,-0.20964715,-0.17862725,-0.22793819,1,1852,9.26,9.269848346710203,1,0.0229801051318645,0.9770199060440063,True
1854,9.27,-0.33637866,-0.33948836,-0.29815292,-0.3657277,1,1852,9.26,9.269848346710203,1,0.0229801051318645,0.9770199060440063,True
1855,9.275,-0.43791348,-0.43922412,-0.40460983,-0.47413173,1,1852,9.26,9.269848346710203,1,0.0229801051318645,0.9770199060440063,True
1856,9.28,-0.4834137,-0.4881501,-0.4772775,-0.5217522,1,1856,9.28,9.29019045829773,1,0.0262158624827861,0.9737841486930848,True
1857,9.285,-0.45447597,-0.462844,-0.48242345,-0.476441,1,1856,9.28,9.29019045829773,1,0.0262158624827861,0.9737841486930848,True
1858,9.29,-0.34360716,-0.3495176,-0.39203438,-0.3240615,1,1856,9.28,9.29019045829773,1,0.0262158624827861,0.9737841486930848,True
1859,9.295,-0.16317765,-0.15906158,-0.2075267,-0.08768192,1,1856,9.28,9.29019045829773,1,0.0262158624827861,0.9737841486930848,True
1860,9.3,0.051524855,0.06747969,0.029636078,0.170088,1,1860,9.3,9.310240507125854,1,0.0338120386004447,0.9661879539489746,True
1861,9.305,0.2508316,0.27125585,0.2515981,0.3710578,1,1860,9.3,9.310240507125854,1,0.0338120386004447,0.9661879539489746,True
1862,9.31,0.3890607,0.40121317,0.39608136,0.4607553,1,1860,9.3,9.310240507125854,1,0.0338120386004447,0.9661879539489746,True
1863,9.315,0.4427125,0.43709585,0.4364755,0.43656087,1,1860,9.3,9.310240507125854,1,0.0338120386004447,0.9661879539489746,True
1864,9.32,0.41725248,0.39467108,0.3904031,0.343651,1,1864,9.32,9.31985640525818,1,0.0437148474156856,0.9562851786613464,True
1865,9.325,0.33893853,0.3107599,0.3024359,0.2416707,1,1864,9.32,9.31985640525818,1,0.0437148474156856,0.9562851786613464,True
1866,9.33,0.23836426,0.21978432,0.21450624,0.16709487,1,1864,9.32,9.31985640525818,1,0.0437148474156856,0.9562851786613464,True
1867,9.335,0.13671227,0.13774446,0.14432497,0.11760163,1,1864,9.32,9.31985640525818,1,0.0437148474156856,0.9562851786613464,True
1868,9.34,0.04169105,0.061893724,0.08399225,0.06581641,1,1868,9.34,9.344473123550417,1,0.0232603438198566,0.9767395853996276,True
1869,9.345,-0.04760447,-0.017574882,0.015672497,-0.0122468425,1,1868,9.34,9.344473123550417,1,0.0232603438198566,0.9767395853996276,True
1870,9.35,-0.13284619,-0.10460206,-0.06967914,-0.116692066,1,1868,9.34,9.344473123550417,1,0.0232603438198566,0.9767395853996276,True
1871,9.355,-0.21150352,-0.19226632,-0.16419916,-0.22431459,1,1868,9.34,9.344473123550417,1,0.0232603438198566,0.9767395853996276,True
1872,9.36,-0.27686837,-0.26733696,-0.24935196,-0.30612618,1,1872,9.36,9.36991810798645,1,0.0230708271265029,0.976929247379303,True
1873,9.365,-0.32115108,-0.31857893,-0.30885065,-0.34601885,1,1872,9.36,9.36991810798645,1,0.0230708271265029,0.976929247379303,True
1874,9.37,-0.3380654,-0.3409899,-0.3363732,-0.34602422,1,1872,9.36,9.36991810798645,1,0.0230708271265029,0.976929247379303,True
1875,9.375,-0.3227585,-0.33271456,-0.33218876,-0.3157686,1,1872,9.36,9.36991810798645,1,0.0230708271265029,0.976929247379303,True
1876,9.38,-0.2702027,-0.288833,-0.29381782,-0.25726435,1,1876,9.38,9.39002251625061,1,0.0394342355430126,0.960565745830536,True
1877,9.385,-0.17566758,-0.20028608,-0.21220268,-0.16054258,1,1876,9.38,9.39002251625061,1,0.0394342355430126,0.960565745830536,True
1878,9.39,-0.039995108,-0.062525384,-0.08031941,-0.016561322,1,1876,9.38,9.39002251625061,1,0.0394342355430126,0.960565745830536,True
1879,9.395,0.12247875,0.111188956,0.09121071,0.16240245,1,1876,9.38,9.39002251625061,1,0.0394342355430126,0.960565745830536,True
1880,9.4,0.28074136,0.28435305,0.2662272,0.33435374,1,1880,9.4,9.409905195236206,1,0.0340919196605682,0.9659080505371094,True
1881,9.405,0.3953742,0.40881544,0.3940045,0.44341704,1,1880,9.4,9.409905195236206,1,0.0340919196605682,0.9659080505371094,True
1882,9.41,0.43623593,0.44879943,0.4350149,0.45183623,1,1880,9.4,9.409905195236206,1,0.0340919196605682,0.9659080505371094,True
1883,9.415,0.3976632,0.40030524,0.38342682,0.36411178,1,1880,9.4,9.409905195236206,1,0.0340919196605682,0.9659080505371094,True
1884,9.42,0.29919064,0.2907123,0.26903218,0.22351032,1,1884,9.42,9.433218717575071,1,0.0515700653195381,0.9484300017356871,True
1885,9.425,0.17156032,0.15942132,0.13719043,0.08335983,1,1884,9.42,9.433218717575071,1,0.0515700653195381,0.9484300017356871,True
1886,9.43,0.040259976,0.03562791,0.02236863,-0.02424685,1,1884,9.42,9.433218717575071,1,0.0515700653195381,0.9484300017356871,True
1887,9.435,-0.08089313,-0.070646726,-0.06592356,-0.0996333,1,1884,9.42,9.433218717575071,1,0.0515700653195381,0.9484300017356871,True
1888,9.44,-0.18512121,-0.16186129,-0.13783062,-0.16237879,1,1888,9.44,9.441899061203005,1,0.0231431238353252,0.9768568873405457,True
1889,9.445,-0.26610884,-0.24083279,-0.20635167,-0.22831179,1,1888,9.44,9.441899061203005,1,0.0231431238353252,0.9768568873405457,True
1890,9.45,-0.31700033,-0.3037952,-0.2726696,-0.29463616,1,1888,9.44,9.441899061203005,1,0.0231431238353252,0.9768568873405457,True
1891,9.455,-0.33335856,-0.34072635,-0.32229117,-0.34063298,1,1888,9.44,9.441899061203005,1,0.0231431238353252,0.9768568873405457,True
1892,9.46,-0.31391174,-0.33889472,-0.3320814,-0.33950064,1,1892,9.46,9.47006130218506,1,0.0387535095214843,0.9612464904785156,True
1893,9.465,-0.25779545,-0.28697902,-0.2828114,-0.27283007,1,1892,9.46,9.47006130218506,1,0.0387535095214843,0.9612464904785156,True
1894,9.47,-0.16378537,-0.1808484,-0.17090373,-0.14160667,1,1892,9.46,9.47006130218506,1,0.0387535095214843,0.9612464904785156,True
1895,9.475,-0.035949986,-0.031082874,-0.014408582,0.029620904,1,1892,9.46,9.47006130218506,1,0.0387535095214843,0.9612464904785156,True
1896,9.48,0.1083895,0.13293646,0.14991933,0.19788954,1,1896,9.48,9.494822978973389,1,0.0345777310431003,0.96542227268219,True
1897,9.485,0.23820893,0.26947612,0.27881524,0.31675717,1,1896,9.48,9.494822978973389,1,0.0345777310431003,0.96542227268219,True
1898,9.49,0.32049525,0.34192768,0.3398243,0.35599905,1,1896,9.48,9.494822978973389,1,0.0345777310431003,0.96542227268219,True
1899,9.495,0.33701244,0.33722058,0.32513574,0.31546658,1,1896,9.48,9.494822978973389,1,0.0345777310431003,0.96542227268219,True
1900,9.5,0.29306036,0.2715168,0.25337207,0.22356734,1,1900,9.5,9.508280515670776,1,0.0526978746056556,0.9473020434379578,True
1901,9.505,0.21171646,0.17842662,0.15767628,0.12043023,1,1900,9.5,9.508280515670776,1,0.0526978746056556,0.9473020434379578,True
1902,9.51,0.11942047,0.0889381,0.06790022,0.036911394,1,1900,9.5,9.508280515670776,1,0.0526978746056556,0.9473020434379578,True
1903,9.515,0.034514047,0.017970208,-0.0014762956,-0.016883098,1,1900,9.5,9.508280515670776,1,0.0526978746056556,0.9473020434379578,True
1904,9.52,-0.035054557,-0.035093542,-0.05153046,-0.048401613,1,1904,9.52,9.522625923156738,1,0.0236604176461696,0.97633957862854,True
1905,9.525,-0.08796616,-0.07702263,-0.09058282,-0.07110115,1,1904,9.52,9.522625923156738,1,0.0236604176461696,0.97633957862854,True
1906,9.53,-0.12628345,-0.11294681,-0.12577274,-0.09504693,1,1904,9.52,9.522625923156738,1,0.0236604176461696,0.97633957862854,True
1907,9.535,-0.15509462,-0.14534959,-0.15991867,-0.12472816,1,1904,9.52,9.522625923156738,1,0.0236604176461696,0.97633957862854,True
1908,9.54,-0.18188047,-0.17644401,-0.19244492,-0.16093752,1,1908,9.54,9.540075540542604,1,0.0388276167213916,0.9611724019050598,True
1909,9.545,-0.21202186,-0.20757896,-0.21983074,-0.20075265,1,1908,9.54,9.540075540542604,1,0.0388276167213916,0.9611724019050598,True
1910,9.55,-0.24176382,-0.23417626,-0.23374397,-0.23417853,1,1908,9.54,9.540075540542604,1,0.0388276167213916,0.9611724019050598,True
1911,9.555,-0.25479582,-0.24167845,-0.22020939,-0.24246201,1,1908,9.54,9.540075540542604,1,0.0388276167213916,0.9611724019050598,True
1912,9.56,-0.22794496,-0.20949192,-0.16460054,-0.20416945,1,1912,9.56,9.56144642829895,1,0.0468807816505432,0.9531192183494568,True
1913,9.565,-0.14485,-0.123575166,-0.062274203,-0.10860528,1,1912,9.56,9.56144642829895,1,0.0468807816505432,0.9531192183494568,True
1914,9.57,-0.00924791,0.010381333,0.07240933,0.032295212,1,1912,9.56,9.56144642829895,1,0.0468807816505432,0.9531192183494568,True
1915,9.575,0.15164573,0.16376023,0.2074058,0.18406011,1,1912,9.56,9.56144642829895,1,0.0468807816505432,0.9531192183494568,True
1916,9.58,0.29666814,0.2956083,0.30626553,0.30402568,1,1916,9.58,9.590010166168211,1,0.0364670194685459,0.9635329842567444,True
1917,9.585,0.38746867,0.37060228,0.3451875,0.3610561,1,1916,9.58,9.590010166168211,1,0.0364670194685459,0.9635329842567444,True
1918,9.59,0.4030687,0.37328035,0.3223872,0.34786427,1,1916,9.58,9.590010166168211,1,0.0364670194685459,0.9635329842567444,True
1919,9.595,0.34573963,0.3113007,0.25453267,0.27955955,1,1916,9.58,9.590010166168211,1,0.0364670194685459,0.9635329842567444,True
1920,9.6,0.23724702,0.20815614,0.16460456,0.1820374,1,1920,9.6,9.606561660766602,1,0.0486951433122158,0.951304852962494,True
1921,9.605,0.1083951,0.09095845,0.07021449,0.07880628,1,1920,9.6,9.606561660766602,1,0.0486951433122158,0.951304852962494,True
1922,9.61,-0.013439289,-0.020271383,-0.02116885,-0.017119573,1,1920,9.6,9.606561660766602,1,0.0486951433122158,0.951304852962494,True
1923,9.615,-0.113420695,-0.11717813,-0.109362975,-0.10410511,1,1920,9.6,9.606561660766602,1,0.0486951433122158,0.951304852962494,True
1924,9.62,-0.19070472,-0.20000441,-0.1944347,-0.18643983,1,1924,9.62,9.626617193222046,1,0.0238944105803966,0.9761055111885072,True
1925,9.625,-0.2518198,-0.26950556,-0.27029976,-0.26531327,1,1924,9.62,9.626617193222046,1,0.0238944105803966,0.9761055111885072,True
1926,9.63,-0.3006587,-0.3198947,-0.32309178,-0.33112305,1,1924,9.62,9.626617193222046,1,0.0238944105803966,0.9761055111885072,True
1927,9.635,-0.33193934,-0.33842123,-0.3359102,-0.36292505,1,1924,9.62,9.626617193222046,1,0.0238944105803966,0.9761055111885072,True
1928,9.64,-0.33217725,-0.31208465,-0.29750064,-0.33757994,1,1928,9.64,9.640134334564207,1,0.061454351991415,0.93854558467865,True
1929,9.645,-0.28692278,-0.23622896,-0.20923509,-0.24427219,1,1928,9.64,9.640134334564207,1,0.061454351991415,0.93854558467865,True
1930,9.65,-0.1896892,-0.118735135,-0.08567715,-0.09493246,1,1928,9.64,9.640134334564207,1,0.061454351991415,0.93854558467865,True
1931,9.655,-0.048291743,0.022006791,0.050996326,0.077132344,1,1928,9.64,9.640134334564207,1,0.061454351991415,0.93854558467865,True
1932,9.66,0.1138511,0.1622376,0.17796412,0.23018315,1,1932,9.66,9.6752028465271,1,0.0357062071561813,0.9642938375473022,True
1933,9.665,0.26263773,0.27760464,0.27584684,0.3307264,1,1932,9.66,9.6752028465271,1,0.0357062071561813,0.9642938375473022,True
1934,9.67,0.36407074,0.3473519,0.33007345,0.36457455,1,1932,9.66,9.6752028465271,1,0.0357062071561813,0.9642938375473022,True
1935,9.675,0.39716026,0.35928735,0.33258533,0.33767512,1,1932,9.66,9.6752028465271,1,0.0357062071561813,0.9642938375473022,True
1936,9.68,0.36192456,0.31443578,0.28497598,0.26861867,1,1936,9.68,9.69006371498108,1,0.0689767822623252,0.9310232400894164,True
1937,9.685,0.27696574,0.22758077,0.20021282,0.17864016,1,1936,9.68,9.69006371498108,1,0.0689767822623252,0.9310232400894164,True
1938,9.69,0.16819982,0.121542454,0.099397756,0.08462293,1,1936,9.68,9.69006371498108,1,0.0689767822623252,0.9310232400894164,True
1939,9.695,0.057028376,0.017997997,0.0037880426,-0.002813549,1,1936,9.68,9.69006371498108,1,0.0689767822623252,0.9310232400894164,True
1940,9.7,-0.044265598,-0.069465004,-0.07337147,-0.07788473,1,1940,9.7,9.710126876831056,1,0.0237585622817277,0.976241409778595,True
1941,9.705,-0.12940258,-0.13652138,-0.13001496,-0.13799411,1,1940,9.7,9.710126876831056,1,0.0237585622817277,0.976241409778595,True
1942,9.71,-0.19342235,-0.18460773,-0.17173032,-0.18323699,1,1940,9.7,9.710126876831056,1,0.0237585622817277,0.976241409778595,True
1943,9.715,-0.2322958,-0.2165324,-0.20444012,-0.2158361,1,1940,9.7,9.710126876831056,1,0.0237585622817277,0.976241409778595,True
1944,9.72,-0.2465251,-0.23400392,-0.2283968,-0.23783873,1,1944,9.72,9.733136892318726,1,0.0379943735897541,0.962005615234375,True
1945,9.725,-0.24299747,-0.23709585,-0.2371404,-0.24755476,1,1944,9.72,9.733136892318726,1,0.0379943735897541,0.962005615234375,True
1946,9.73,-0.23038505,-0.22410081,-0.22142583,-0.23761244,1,1944,9.72,9.733136892318726,1,0.0379943735897541,0.962005615234375,True
1947,9.735,-0.21041897,-0.19128719,-0.17514874,-0.1975394,1,1944,9.72,9.733136892318726,1,0.0379943735897541,0.962005615234375,True
1948,9.74,-0.17358096,-0.13411573,-0.099806294,-0.12087099,1,1948,9.74,9.753000020980837,1,0.0393626950681209,0.9606373310089112,True
1949,9.745,-0.10575639,-0.051290717,-0.0055334894,-0.012803163,1,1948,9.74,9.753000020980837,1,0.0393626950681209,0.9606373310089112,True
1950,9.75,-0.0023637444,0.05023514,0.09145131,0.10746979,1,1948,9.74,9.753000020980837,1,0.0393626950681209,0.9606373310089112,True
1951,9.755,0.122072354,0.15399872,0.17394878,0.21297921,1,1948,9.74,9.753000020980837,1,0.0393626950681209,0.9606373310089112,True
1952,9.76,0.23832227,0.23933917,0.22945558,0.28089553,1,1952,9.76,9.77496862411499,1,0.0390732437372207,0.9609267711639404,True
1953,9.765,0.31792384,0.29034388,0.253765,0.30238834,1,1952,9.76,9.77496862411499,1,0.0390732437372207,0.9609267711639404,True
1954,9.77,0.34693423,0.30168113,0.25034854,0.28373042,1,1952,9.76,9.77496862411499,1,0.0390732437372207,0.9609267711639404,True
1955,9.775,0.32762265,0.2771373,0.22567266,0.23852742,1,1952,9.76,9.77496862411499,1,0.0390732437372207,0.9609267711639404,True
1956,9.78,0.269612,0.22326887,0.18354042,0.17750472,1,1956,9.78,9.789840936660768,1,0.044088028371334,0.9559119343757628,True
1957,9.785,0.18098262,0.14459805,0.122723505,0.103355624,1,1956,9.78,9.789840936660768,1,0.044088028371334,0.9559119343757628,True
1958,9.79,0.0675866,0.04446357,0.040072825,0.013475972,1,1956,9.78,9.789840936660768,1,0.044088028371334,0.9559119343757628,True
1959,9.795,-0.061111372,-0.0702558,-0.06283572,-0.09250894,1,1956,9.78,9.789840936660768,1,0.044088028371334,0.9559119343757628,True
1960,9.8,-0.18796916,-0.18577132,-0.1743953,-0.20606704,1,1960,9.8,9.809991598129272,1,0.0244509428739547,0.9755491018295288,True
1961,9.805,-0.29118478,-0.28274497,-0.27320868,-0.30796707,1,1960,9.8,9.809991598129272,1,0.0244509428739547,0.9755491018295288,True
1962,9.81,-0.35176608,-0.34146482,-0.33449873,-0.37229714,1,1960,9.8,9.809991598129272,1,0.0244509428739547,0.9755491018295288,True
1963,9.815,-0.35921827,-0.34772402,-0.33956945,-0.37502497,1,1960,9.8,9.809991598129272,1,0.0244509428739547,0.9755491018295288,True
1964,9.82,-0.3127659,-0.29715145,-0.28349876,-0.30442074,1,1964,9.82,9.832223653793337,1,0.0591103546321392,0.9408896565437316,True
1965,9.825,-0.22027045,-0.19712915,-0.1771962,-0.16909458,1,1964,9.82,9.832223653793337,1,0.0591103546321392,0.9408896565437316,True
1966,9.83,-0.09719332,-0.06576034,-0.04309876,0.001263485,1,1964,9.82,9.832223653793337,1,0.0591103546321392,0.9408896565437316,True
1967,9.835,0.035157777,0.07224016,0.09250019,0.16476034,1,1964,9.82,9.832223653793337,1,0.0591103546321392,0.9408896565437316,True
1968,9.84,0.15382706,0.19146919,0.2059497,0.28252244,1,1968,9.84,9.844968318939207,1,0.0355072952806949,0.9644927382469176,True
1969,9.845,0.23998703,0.27140328,0.27938196,0.33260065,1,1968,9.84,9.844968318939207,1,0.0355072952806949,0.9644927382469176,True
1970,9.85,0.28325835,0.30042633,0.30232468,0.31575942,1,1968,9.84,9.844968318939207,1,0.0355072952806949,0.9644927382469176,True
1971,9.855,0.2828068,0.27848038,0.27443865,0.2516128,1,1968,9.84,9.844968318939207,1,0.0355072952806949,0.9644927382469176,True
1972,9.86,0.2460469,0.21785142,0.20814021,0.16848834,1,1972,9.86,9.876898050308228,1,0.0969279929995536,0.9030719995498656,True
1973,9.865,0.18619236,0.13993493,0.12620288,0.09188572,1,1972,9.86,9.876898050308228,1,0.0969279929995536,0.9030719995498656,True
1974,9.87,0.1184393,0.066775605,0.051924396,0.03551478,1,1972,9.86,9.876898050308228,1,0.0969279929995536,0.9030719995498656,True
1975,9.875,0.054476984,0.010607365,-0.0031161553,-0.0022684073,1,1972,9.86,9.876898050308228,1,0.0969279929995536,0.9030719995498656,True
1976,9.88,-0.0026062774,-0.03172478,-0.044335574,-0.035238516,1,1976,9.88,9.88982391357422,1,0.0243914164602756,0.97560852766037,True
1977,9.885,-0.058969356,-0.074495226,-0.08746523,-0.08044781,1,1976,9.88,9.88982391357422,1,0.0243914164602756,0.97560852766037,True
1978,9.89,-0.12388543,-0.13094355,-0.14449784,-0.14768155,1,1976,9.88,9.88982391357422,1,0.0243914164602756,0.97560852766037,True
1979,9.895,-0.19953568,-0.20130333,-0.21262296,-0.2320472,1,1976,9.88,9.88982391357422,1,0.0243914164602756,0.97560852766037,True
1980,9.9,-0.2735736,-0.26902384,-0.27348137,-0.31282306,1,1980,9.9,9.9017972946167,1,0.0408891960978508,0.9591108560562134,True
1981,9.905,-0.3205781,-0.30729234,-0.3018917,-0.35906082,1,1980,9.9,9.9017972946167,1,0.0408891960978508,0.9591108560562134,True
1982,9.91,-0.3130968,-0.29153675,-0.27758726,-0.34061158,1,1980,9.9,9.9017972946167,1,0.0408891960978508,0.9591108560562134,True
1983,9.915,-0.23676845,-0.21132869,-0.19405074,-0.24180372,1,1980,9.9,9.9017972946167,1,0.0408891960978508,0.9591108560562134,True
1984,9.92,-0.10099919,-0.07682376,-0.06216851,-0.07270318,1,1984,9.92,9.927188873291016,1,0.0386957712471485,0.961304247379303,True
1985,9.925,0.06153935,0.08257254,0.091442496,0.12890932,1,1984,9.92,9.927188873291016,1,0.0386957712471485,0.961304247379303,True
1986,9.93,0.20746025,0.2274468,0.23138393,0.3091797,1,1984,9.92,9.927188873291016,1,0.0386957712471485,0.961304247379303,True
1987,9.935,0.3009418,0.3226114,0.32459274,0.41981643,1,1984,9.92,9.927188873291016,1,0.0386957712471485,0.961304247379303,True
1988,9.94,0.3273914,0.34993485,0.3517692,0.4381232,1,1988,9.94,9.94129753112793,1,0.0393867082893848,0.960613250732422,True
1989,9.945,0.2950673,0.31309333,0.31374037,0.37370175,1,1988,9.94,9.94129753112793,1,0.0393867082893848,0.960613250732422,True
1990,9.95,0.22581258,0.23251805,0.2296894,0.25925413,1,1988,9.94,9.94129753112793,1,0.0393867082893848,0.960613250732422,True
1991,9.955,0.14312868,0.1350874,0.12861446,0.13339366,1,1988,9.94,9.94129753112793,1,0.0393867082893848,0.960613250732422,True
1992,9.96,0.06494232,0.0446439,0.038018588,0.025933996,1,1992,9.96,9.97007656097412,1,0.0246901698410511,0.9753098487854004,True
1993,9.965,0.0015590166,-0.024228057,-0.026271408,-0.049536932,1,1992,9.96,9.97007656097412,1,0.0246901698410511,0.9753098487854004,True
1994,9.97,-0.045072243,-0.0697698,-0.06576492,-0.09685109,1,1992,9.96,9.97007656097412,1,0.0246901698410511,0.9753098487854004,True
1995,9.975,-0.08200578,-0.10321211,-0.097138286,-0.13358772,1,1992,9.96,9.97007656097412,1,0.0246901698410511,0.9753098487854004,True
1996,9.98,-0.122385696,-0.14259315,-0.14107083,-0.18167469,1,1996,9.98,9.994073867797852,1,0.0278676412999629,0.9721323847770692,True
1997,9.985,-0.17641369,-0.19999072,-0.20649728,-0.25298354,1,1996,9.98,9.994073867797852,1,0.0278676412999629,0.9721323847770692,True
1998,9.99,-0.24037331,-0.26883018,-0.2800198,-0.33647394,1,1996,9.98,9.994073867797852,1,0.0278676412999629,0.9721323847770692,True
1999,9.995,-0.29273954,-0.321564,-0.329295,-0.3969218,1,1996,9.98,9.994073867797852,1,0.0278676412999629,0.9721323847770692,True
2000,10.0,-0.30292037,-0.3225847,-0.32042244,-0.39034367,1,2000,10.0,10.00918960571289,1,0.0653468146920204,0.9346532225608826,True
2001,10.005,-0.24861094,-0.24975692,-0.23870216,-0.2897089,1,2000,10.0,10.00918960571289,1,0.0653468146920204,0.9346532225608826,True
2002,10.01,-0.13061532,-0.11020094,-0.09868887,-0.10525532,1,2000,10.0,10.00918960571289,1,0.0653468146920204,0.9346532225608826,True
2003,10.015,0.024583539,0.060761463,0.063030235,0.115001276,1,2000,10.0,10.00918960571289,1,0.0653468146920204,0.9346532225608826,True
2004,10.02,0.17586057,0.21653761,0.20623298,0.30661967,1,2004,10.02,10.02211093902588,1,0.0348214469850063,0.9651785492897034,True
2005,10.025,0.28497714,0.3202379,0.30328524,0.41904274,1,2004,10.02,10.02211093902588,1,0.0348214469850063,0.9651785492897034,True
2006,10.03,0.33071738,0.35680917,0.34392482,0.43595514,1,2004,10.02,10.02211093902588,1,0.0348214469850063,0.9651785492897034,True
2007,10.035,0.3134233,0.33195713,0.33033314,0.3748586,1,2004,10.02,10.02211093902588,1,0.0348214469850063,0.9651785492897034,True
2008,10.04,0.25006616,0.26321435,0.27130976,0.27044192,1,2008,10.04,10.03999924659729,1,0.06990547478199,0.9300945401191713,True
2009,10.045,0.16445103,0.17131756,0.18118039,0.1559569,1,2008,10.04,10.03999924659729,1,0.06990547478199,0.9300945401191713,True
2010,10.05,0.077908024,0.07561768,0.08051186,0.053692315,1,2008,10.04,10.03999924659729,1,0.06990547478199,0.9300945401191713,True
2011,10.055,0.003996202,-0.008043392,-0.007712689,-0.024909006,1,2008,10.04,10.03999924659729,1,0.06990547478199,0.9300945401191713,True
2012,10.06,-0.051974237,-0.06945661,-0.067281745,-0.076107234,1,2012,10.06,10.07209587097168,1,0.0230508726090192,0.976949155330658,True
2013,10.065,-0.09036308,-0.10614473,-0.096648775,-0.102910936,1,2012,10.06,10.07209587097168,1,0.0230508726090192,0.976949155330658,True
2014,10.07,-0.11457555,-0.12367827,-0.10837884,-0.11556244,1,2012,10.06,10.07209587097168,1,0.0230508726090192,0.976949155330658,True
2015,10.075,-0.13017103,-0.13319322,-0.1200459,-0.12940158,1,2012,10.06,10.07209587097168,1,0.0230508726090192,0.976949155330658,True
2016,10.08,-0.144481,-0.14664243,-0.14338996,-0.15820491,1,2016,10.08,10.09118366241455,1,0.0583814308047294,0.9416186213493348,True
2017,10.085,-0.16387214,-0.17102186,-0.17862576,-0.20561221,1,2016,10.08,10.09118366241455,1,0.0583814308047294,0.9416186213493348,True
2018,10.09,-0.18811578,-0.20321509,-0.21533182,-0.25968313,1,2016,10.08,10.09118366241455,1,0.0583814308047294,0.9416186213493348,True
2019,10.095,-0.20598638,-0.22812465,-0.23691903,-0.2946268,1,2016,10.08,10.09118366241455,1,0.0583814308047294,0.9416186213493348,True
2020,10.1,-0.19792013,-0.22316495,-0.22603248,-0.2806716,1,2020,10.1,10.101862907409668,1,0.0424249209463596,0.9575751423835754,True
2021,10.105,-0.14698854,-0.16952041,-0.17071556,-0.19915797,1,2020,10.1,10.101862907409668,1,0.0424249209463596,0.9575751423835754,True
2022,10.11,-0.051764384,-0.06505515,-0.071080744,-0.055953614,1,2020,10.1,10.101862907409668,1,0.0424249209463596,0.9575751423835754,True
2023,10.115,0.068800986,0.07003606,0.05682622,0.11563065,1,2020,10.1,10.101862907409668,1,0.0424249209463596,0.9575751423835754,True
2024,10.12,0.18335705,0.20068067,0.18459654,0.26742318,1,2024,10.12,10.127091646194458,1,0.0376260392367839,0.9623739719390868,True
2025,10.125,0.2637687,0.2937717,0.2826276,0.35925624,1,2024,10.12,10.127091646194458,1,0.0376260392367839,0.9623739719390868,True
2026,10.13,0.29677695,0.33244622,0.33188963,0.37731355,1,2024,10.12,10.127091646194458,1,0.0376260392367839,0.9623739719390868,True
2027,10.135,0.2840649,0.3178861,0.3279178,0.33485395,1,2024,10.12,10.127091646194458,1,0.0376260392367839,0.9623739719390868,True
2028,10.14,0.23433648,0.2606656,0.2764182,0.25678888,1,2028,10.14,10.148880958557127,1,0.054610401391983,0.9453895688056946,True
2029,10.145,0.15779392,0.17311783,0.18823962,0.16350523,1,2028,10.14,10.148880958557127,1,0.054610401391983,0.9453895688056946,True
2030,10.15,0.06745289,0.06967573,0.07937922,0.06696788,1,2028,10.14,10.148880958557127,1,0.054610401391983,0.9453895688056946,True
2031,10.155,-0.019713918,-0.030883022,-0.028442664,-0.023879435,1,2028,10.14,10.148880958557127,1,0.054610401391983,0.9453895688056946,True
2032,10.16,-0.089585565,-0.11085591,-0.114332885,-0.100965835,1,2032,10.16,10.161505222320557,1,0.0235307142138481,0.9764692187309264,True
2033,10.165,-0.14068931,-0.1642411,-0.16950631,-0.1621149,1,2032,10.16,10.161505222320557,1,0.0235307142138481,0.9764692187309264,True
2034,10.17,-0.18346466,-0.19936952,-0.20113076,-0.21357678,1,2032,10.16,10.161505222320557,1,0.0235307142138481,0.9764692187309264,True
2035,10.175,-0.22567675,-0.22754171,-0.22232014,-0.26173362,1,2032,10.16,10.161505222320557,1,0.0235307142138481,0.9764692187309264,True
2036,10.18,-0.2584118,-0.24854523,-0.23728941,-0.3004036,1,2036,10.18,10.194113969802856,1,0.0526750311255455,0.9473249316215516,True
2037,10.185,-0.25907323,-0.2484756,-0.23645587,-0.30846566,1,2036,10.18,10.194113969802856,1,0.0526750311255455,0.9473249316215516,True
2038,10.19,-0.21014133,-0.21191901,-0.20559053,-0.2632983,1,2036,10.18,10.194113969802856,1,0.0526750311255455,0.9473249316215516,True
2039,10.195,-0.11573094,-0.13596718,-0.13917603,-0.15950885,1,2036,10.18,10.194113969802856,1,0.0526750311255455,0.9473249316215516,True
2040,10.2,-0.0007913079,-0.03368363,-0.045970082,-0.017140176,1,2040,10.2,10.208439111709597,1,0.0369329787790775,0.9630669951438904,True
2041,10.205,0.10459876,0.07341834,0.05578019,0.1268432,1,2040,10.2,10.208439111709597,1,0.0369329787790775,0.9630669951438904,True
2042,10.21,0.18077251,0.16521476,0.14696246,0.23647732,1,2040,10.2,10.208439111709597,1,0.0369329787790775,0.9630669951438904,True
2043,10.215,0.22246209,0.22806856,0.21323319,0.29162624,1,2040,10.2,10.208439111709597,1,0.0369329787790775,0.9630669951438904,True
2044,10.22,0.23270077,0.25524348,0.24647409,0.29225236,1,2044,10.22,10.224921703338625,1,0.0437854640185833,0.9562145471572876,True
2045,10.225,0.21589722,0.24628457,0.24477948,0.25298506,1,2044,10.22,10.224921703338625,1,0.0437854640185833,0.9562145471572876,True
2046,10.23,0.17633243,0.20689306,0.2126084,0.19350138,1,2044,10.22,10.224921703338625,1,0.0437854640185833,0.9562145471572876,True
2047,10.235,0.120627776,0.1478127,0.1599134,0.13001627,1,2044,10.22,10.224921703338625,1,0.0437854640185833,0.9562145471572876,True
2048,10.24,0.059068155,0.08157731,0.09880808,0.070906,1,2048,10.24,10.244723081588743,1,0.02592733502388,0.9740726947784424,True
2049,10.245,0.0031419988,0.01846822,0.038807955,0.017186617,1,2048,10.24,10.244723081588743,1,0.02592733502388,0.9740726947784424,True
2050,10.25,-0.039161373,-0.035973433,-0.016421063,-0.033688545,1,2048,10.24,10.244723081588743,1,0.02592733502388,0.9740726947784424,True
2051,10.255,-0.0670903,-0.08097429,-0.06860467,-0.083816886,1,2048,10.24,10.244723081588743,1,0.02592733502388,0.9740726947784424,True
2052,10.26,-0.087555766,-0.1188183,-0.12079155,-0.13298783,1,2052,10.26,10.276072263717651,1,0.0260751564055681,0.9739248156547546,True
2053,10.265,-0.11137696,-0.15227257,-0.17193078,-0.17868213,1,2052,10.26,10.276072263717651,1,0.0260751564055681,0.9739248156547546,True
2054,10.27,-0.14612144,-0.1816628,-0.21369064,-0.2160751,1,2052,10.26,10.276072263717651,1,0.0260751564055681,0.9739248156547546,True
2055,10.275,-0.18864095,-0.20268835,-0.2327417,-0.23759195,1,2052,10.26,10.276072263717651,1,0.0260751564055681,0.9739248156547546,True
2056,10.28,-0.22245264,-0.2068825,-0.21844311,-0.23385993,1,2056,10.28,10.291380643844604,1,0.0596078783273696,0.9403921365737916,True
2057,10.285,-0.22405082,-0.18562028,-0.17090619,-0.19761863,1,2056,10.28,10.291380643844604,1,0.0596078783273696,0.9403921365737916,True
2058,10.29,-0.17656976,-0.13562004,-0.102379434,-0.12895203,1,2056,10.28,10.291380643844604,1,0.0596078783273696,0.9403921365737916,True
2059,10.295,-0.082354955,-0.061915293,-0.029519167,-0.037687745,1,2056,10.28,10.291380643844604,1,0.0596078783273696,0.9403921365737916,True
2060,10.3,0.03534214,0.023990225,0.037436023,0.0596853,1,2060,10.3,10.310083866119385,1,0.0374143384397029,0.9625856876373292,True
2061,10.305,0.14407854,0.10895551,0.09872551,0.14677173,1,2060,10.3,10.310083866119385,1,0.0374143384397029,0.9625856876373292,True
2062,10.31,0.21930106,0.18200742,0.15846485,0.2128804,1,2060,10.3,10.310083866119385,1,0.0374143384397029,0.9625856876373292,True
2063,10.315,0.2543759,0.23503263,0.21407378,0.25395766,1,2060,10.3,10.310083866119385,1,0.0374143384397029,0.9625856876373292,True
2064,10.32,0.25729546,0.2618157,0.25264177,0.26944965,1,2064,10.32,10.32734227180481,1,0.0729222893714904,0.9270777106285096,True
2065,10.325,0.23891808,0.25801933,0.25830692,0.25885427,1,2064,10.32,10.32734227180481,1,0.0729222893714904,0.9270777106285096,True
2066,10.33,0.20362218,0.22267222,0.22387318,0.22125846,1,2064,10.32,10.32734227180481,1,0.0729222893714904,0.9270777106285096,True
2067,10.335,0.14938368,0.15947615,0.15608655,0.15777674,1,2064,10.32,10.32734227180481,1,0.0729222893714904,0.9270777106285096,True
2068,10.34,0.075072296,0.07638749,0.07058725,0.073825404,1,2068,10.34,10.343079090118408,1,0.0261454060673713,0.9738546013832092,True
2069,10.345,-0.013141226,-0.016246106,-0.017796632,-0.021549206,1,2068,10.34,10.343079090118408,1,0.0261454060673713,0.9738546013832092,True
2070,10.35,-0.1023979,-0.1076616,-0.10065535,-0.11881069,1,2068,10.34,10.343079090118408,1,0.0261454060673713,0.9738546013832092,True
2071,10.355,-0.17972271,-0.1879359,-0.17412026,-0.21005882,1,2068,10.34,10.343079090118408,1,0.0261454060673713,0.9738546013832092,True
2072,10.36,-0.23784702,-0.24849956,-0.23344758,-0.2872286,1,2072,10.36,10.375147342681885,1,0.0253824088722467,0.974617600440979,True
2073,10.365,-0.27457562,-0.28214628,-0.27026227,-0.33781505,1,2072,10.36,10.375147342681885,1,0.0253824088722467,0.974617600440979,True
2074,10.37,-0.28679246,-0.28296983,-0.2749912,-0.34384987,1,2072,10.36,10.375147342681885,1,0.0253824088722467,0.974617600440979,True
2075,10.375,-0.26628396,-0.247061,-0.2419571,-0.2889304,1,2072,10.36,10.375147342681885,1,0.0253824088722467,0.974617600440979,True
2076,10.38,-0.20355442,-0.17457627,-0.17283931,-0.17109977,1,2076,10.38,10.39012598991394,1,0.0428634323179721,0.957136571407318,True
2077,10.385,-0.09808458,-0.072486736,-0.0765896,-0.012089297,1,2076,10.38,10.39012598991394,1,0.0428634323179721,0.957136571407318,True
2078,10.39,0.033598054,0.04396072,0.032640997,0.14646658,1,2076,10.38,10.39012598991394,1,0.0428634323179721,0.957136571407318,True
2079,10.395,0.16008836,0.15293288,0.13724688,0.2602649,1,2076,10.38,10.39012598991394,1,0.0428634323179721,0.957136571407318,True
2080,10.4,0.24784741,0.23138225,0.21784568,0.30291688,1,2080,10.4,10.409933805465698,1,0.0365689806640148,0.9634310007095336,True
2081,10.405,0.2770051,0.26297385,0.2575155,0.27698487,1,2080,10.4,10.409933805465698,1,0.0365689806640148,0.9634310007095336,True
2082,10.41,0.25067693,0.24558729,0.24931142,0.20954421,1,2080,10.4,10.409933805465698,1,0.0365689806640148,0.9634310007095336,True
2083,10.415,0.19224724,0.19375649,0.2023939,0.13639933,1,2080,10.4,10.409933805465698,1,0.0365689806640148,0.9634310007095336,True
2084,10.42,0.13175558,0.13222751,0.13951923,0.08445018,1,2084,10.42,10.427019119262695,1,0.0396345369517803,0.9603654742240906,True
2085,10.425,0.08877105,0.08210989,0.08402307,0.06056691,1,2084,10.42,10.427019119262695,1,0.0396345369517803,0.9603654742240906,True
2086,10.43,0.062183812,0.0481366,0.044501226,0.051022664,1,2084,10.42,10.427019119262695,1,0.0396345369517803,0.9603654742240906,True
2087,10.435,0.034193907,0.017270448,0.010040655,0.031104822,1,2084,10.42,10.427019119262695,1,0.0396345369517803,0.9603654742240906,True
2088,10.44,-0.013665513,-0.028749978,-0.038381364,-0.019500477,1,2088,10.44,10.442302703857422,1,0.0243522394448518,0.9756478071212769,True
2089,10.445,-0.08419154,-0.09606998,-0.10859431,-0.1031656,1,2088,10.44,10.442302703857422,1,0.0243522394448518,0.9756478071212769,True
2090,10.45,-0.16042817,-0.17059289,-0.18601367,-0.200382,1,2088,10.44,10.442302703857422,1,0.0243522394448518,0.9756478071212769,True
2091,10.455,-0.21647112,-0.22569473,-0.24034935,-0.27837485,1,2088,10.44,10.442302703857422,1,0.0243522394448518,0.9756478071212769,True
2092,10.46,-0.23377246,-0.23934852,-0.24537748,-0.30751893,1,2092,10.46,10.46025037765503,1,0.0421783588826656,0.9578216671943665,True
2093,10.465,-0.21051228,-0.20739517,-0.1966166,-0.2757553,1,2092,10.46,10.46025037765503,1,0.0421783588826656,0.9578216671943665,True
2094,10.47,-0.15911403,-0.14413124,-0.11403934,-0.19278374,1,2092,10.46,10.46025037765503,1,0.0421783588826656,0.9578216671943665,True
2095,10.475,-0.096402325,-0.071542166,-0.028668951,-0.082635246,1,2092,10.46,10.46025037765503,1,0.0421783588826656,0.9578216671943665,True
2096,10.48,-0.034179203,-0.0057557668,0.036688637,0.029648058,1,2096,10.48,10.494059085845947,1,0.0368908978998661,0.9631090760231018,True
2097,10.485,0.024638733,0.050160542,0.07893849,0.12840636,1,2096,10.48,10.494059085845947,1,0.0368908978998661,0.9631090760231018,True
2098,10.49,0.08312891,0.10277255,0.110864125,0.20861137,1,2096,10.48,10.494059085845947,1,0.0368908978998661,0.9631090760231018,True
2099,10.495,0.1428417,0.15720378,0.14572996,0.26873118,1,2096,10.48,10.494059085845947,1,0.0368908978998661,0.9631090760231018,True
2100,10.5,0.19681096,0.20726685,0.18287596,0.302803,1,2100,10.5,10.508966207504272,1,0.0477930977940559,0.9522069692611694,True
2101,10.505,0.22922479,0.2355463,0.20612045,0.30009273,1,2100,10.5,10.508966207504272,1,0.0477930977940559,0.9522069692611694,True
2102,10.51,0.22382581,0.22454722,0.19618271,0.25354344,1,2100,10.5,10.508966207504272,1,0.0477930977940559,0.9522069692611694,True
2103,10.515,0.17556822,0.170259,0.1463632,0.1689211,1,2100,10.5,10.508966207504272,1,0.0477930977940559,0.9522069692611694,True
2104,10.52,0.095941074,0.08656143,0.068124175,0.064560615,1,2104,10.52,10.520304441452026,1,0.0335467793047428,0.9664531946182252,True
2105,10.525,0.0068578837,-0.003579592,-0.01741582,-0.039836906,1,2104,10.52,10.520304441452026,1,0.0335467793047428,0.9664531946182252,True
2106,10.53,-0.072117336,-0.08256945,-0.09347243,-0.13538669,1,2104,10.52,10.520304441452026,1,0.0335467793047428,0.9664531946182252,True
2107,10.535,-0.1324733,-0.1457401,-0.15440375,-0.22455753,1,2104,10.52,10.520304441452026,1,0.0335467793047428,0.9664531946182252,True
2108,10.54,-0.17462154,-0.19591986,-0.20047072,-0.30778542,1,2108,10.54,10.544363021850586,1,0.0254750084131956,0.9745250344276428,True
2109,10.545,-0.19855577,-0.2312101,-0.22753476,-0.36855134,1,2108,10.54,10.544363021850586,1,0.0254750084131956,0.9745250344276428,True
2110,10.55,-0.19779502,-0.23895572,-0.223442,-0.37392178,1,2108,10.54,10.544363021850586,1,0.0254750084131956,0.9745250344276428,True
2111,10.555,-0.16361459,-0.2034191,-0.17625752,-0.29554823,1,2108,10.54,10.544363021850586,1,0.0254750084131956,0.9745250344276428,True
2112,10.56,-0.095874295,-0.121402174,-0.0877485,-0.13658266,1,2112,10.56,10.570045471191406,1,0.0537621304392814,0.946237862110138,True
2113,10.565,-0.009469056,-0.011475729,0.020460574,0.05889801,1,2112,10.56,10.570045471191406,1,0.0537621304392814,0.946237862110138,True
2114,10.57,0.070896775,0.09272915,0.11509402,0.22530577,1,2112,10.56,10.570045471191406,1,0.0537621304392814,0.946237862110138,True
2115,10.575,0.12391757,0.16078973,0.16874585,0.31148857,1,2112,10.56,10.570045471191406,1,0.0537621304392814,0.946237862110138,True
2116,10.58,0.14207436,0.18121187,0.17400482,0.3070291,1,2116,10.58,10.590253591537476,1,0.0383681468665599,0.9616318345069884,True
2117,10.585,0.13187593,0.16366842,0.14460862,0.2411726,1,2116,10.58,10.590253591537476,1,0.0383681468665599,0.9616318345069884,True
2118,10.59,0.10608459,0.12855478,0.10426962,0.15881217,1,2116,10.58,10.590253591537476,1,0.0383681468665599,0.9616318345069884,True
2119,10.595,0.07562212,0.09344102,0.07200496,0.09349285,1,2116,10.58,10.590253591537476,1,0.0383681468665599,0.9616318345069884,True
2120,10.6,0.046421558,0.06548203,0.053378705,0.054807708,1,2120,10.6,10.610187530517578,1,0.0454929694533348,0.954507052898407,True
2121,10.605,0.020679839,0.042317625,0.04156729,0.03317786,1,2120,10.6,10.610187530517578,1,0.0454929694533348,0.954507052898407,True
2122,10.61,-0.000929872,0.018192682,0.02564017,0.013134801,1,2120,10.6,10.610187530517578,1,0.0454929694533348,0.954507052898407,True
2123,10.615,-0.01833806,-0.00987155,-0.0003374023,-0.015553871,1,2120,10.6,10.610187530517578,1,0.0454929694533348,0.954507052898407,True
2124,10.62,-0.032421775,-0.03975612,-0.033490296,-0.054125234,1,2124,10.62,10.627415657043455,1,0.0281805880367755,0.9718194007873536,True
2125,10.625,-0.045462117,-0.06663782,-0.06562546,-0.097414896,1,2124,10.62,10.627415657043455,1,0.0281805880367755,0.9718194007873536,True
2126,10.63,-0.060526032,-0.08742119,-0.09036703,-0.13848478,1,2124,10.62,10.627415657043455,1,0.0281805880367755,0.9718194007873536,True
2127,10.635,-0.079195485,-0.10276825,-0.1072699,-0.17117563,1,2124,10.62,10.627415657043455,1,0.0281805880367755,0.9718194007873536,True
2128,10.64,-0.09854361,-0.11443394,-0.11910795,-0.18946582,1,2128,10.64,10.643564462661743,1,0.1170034483075141,0.8829966187477112,True
2129,10.645,-0.1100026,-0.12050169,-0.1253277,-0.18624009,1,2128,10.64,10.643564462661743,1,0.1170034483075141,0.8829966187477112,True
2130,10.65,-0.10267756,-0.11398892,-0.11892794,-0.15516205,1,2128,10.64,10.643564462661743,1,0.1170034483075141,0.8829966187477112,True
2131,10.655,-0.070381194,-0.08747679,-0.090982236,-0.09591985,1,2128,10.64,10.643564462661743,1,0.1170034483075141,0.8829966187477112,True
2132,10.66,-0.01741167,-0.040108904,-0.03921124,-0.018087804,1,2132,10.66,10.666576147079468,1,0.0522213466465473,0.9477787017822266,True
2133,10.665,0.04241347,0.019810928,0.02753345,0.061741058,1,2132,10.66,10.666576147079468,1,0.0522213466465473,0.9477787017822266,True
2134,10.67,0.09371669,0.07936141,0.093247324,0.12883101,1,2132,10.66,10.666576147079468,1,0.0522213466465473,0.9477787017822266,True
2135,10.675,0.12811448,0.12819311,0.14338596,0.17754968,1,2132,10.66,10.666576147079468,1,0.0522213466465473,0.9477787017822266,True
2136,10.68,0.1460177,0.16146165,0.17044088,0.20992081,1,2136,10.68,10.690057277679443,1,0.0542275197803974,0.9457724094390868,True
2137,10.685,0.1508871,0.17685781,0.17312172,0.22716142,1,2136,10.68,10.690057277679443,1,0.0542275197803974,0.9457724094390868,True
2138,10.69,0.14265987,0.17091933,0.15280347,0.22356951,1,2136,10.68,10.690057277679443,1,0.0542275197803974,0.9457724094390868,True
2139,10.695,0.1173601,0.14015257,0.11247476,0.18973981,1,2136,10.68,10.690057277679443,1,0.0542275197803974,0.9457724094390868,True
2140,10.7,0.072670005,0.08601093,0.058433443,0.12186551,1,2140,10.7,10.715635538101196,1,0.1073670387268066,0.8926330208778381,True
2141,10.705,0.012715641,0.017431118,0.000371435,0.027416404,1,2140,10.7,10.715635538101196,1,0.1073670387268066,0.8926330208778381,True
2142,10.71,-0.05318308,-0.052927062,-0.0526137,-0.07793351,1,2140,10.7,10.715635538101196,1,0.1073670387268066,0.8926330208778381,True
2143,10.715,-0.11575247,-0.11522966,-0.09666898,-0.17747577,1,2140,10.7,10.715635538101196,1,0.1073670387268066,0.8926330208778381,True
2144,10.72,-0.16871978,-0.16499823,-0.13310236,-0.256903,1,2144,10.72,10.728078842163086,1,0.0303001161664724,0.9696998596191406,True
2145,10.725,-0.20673461,-0.19958155,-0.16301495,-0.30277598,1,2144,10.72,10.728078842163086,1,0.0303001161664724,0.9696998596191406,True
2146,10.73,-0.22204354,-0.21356025,-0.1820517,-0.3021643,1,2144,10.72,10.728078842163086,1,0.0303001161664724,0.9696998596191406,True
2147,10.735,-0.20542967,-0.19914733,-0.1807933,-0.24828058,1,2144,10.72,10.728078842163086,1,0.0303001161664724,0.9696998596191406,True
2148,10.74,-0.15221266,-0.15196481,-0.15079948,-0.14858511,1,2148,10.74,10.742051601409912,1,0.0871820971369743,0.9128179550170898,True
2149,10.745,-0.06848838,-0.07687311,-0.09137284,-0.026702594,1,2148,10.74,10.742051601409912,1,0.0871820971369743,0.9128179550170898,True
2150,10.75,0.028042644,0.011441713,-0.012149559,0.086171076,1,2148,10.74,10.742051601409912,1,0.0871820971369743,0.9128179550170898,True
2151,10.755,0.114231884,0.09375667,0.069825694,0.1654328,1,2148,10.74,10.742051601409912,1,0.0871820971369743,0.9128179550170898,True
2152,10.76,0.17131667,0.15397283,0.13668872,0.20309871,1,2152,10.76,10.776480674743652,1,0.0412898249924182,0.9587101936340332,True
2153,10.765,0.19287229,0.18495233,0.17682958,0.20766827,1,2152,10.76,10.776480674743652,1,0.0412898249924182,0.9587101936340332,True
2154,10.77,0.18633303,0.18994576,0.18904981,0.19550283,1,2152,10.76,10.776480674743652,1,0.0412898249924182,0.9587101936340332,True
2155,10.775,0.16691245,0.17896348,0.18119954,0.18023275,1,2152,10.76,10.776480674743652,1,0.0412898249924182,0.9587101936340332,True
2156,10.78,0.14719398,0.16154133,0.16342093,0.16607337,1,2156,10.78,10.79401969909668,1,0.1140413507819175,0.8859586119651794,True
2157,10.785,0.12900388,0.13988836,0.14013888,0.14734843,1,2156,10.78,10.79401969909668,1,0.1140413507819175,0.8859586119651794,True
2158,10.79,0.10358833,0.107601106,0.106986195,0.113456115,1,2156,10.78,10.79401969909668,1,0.1140413507819175,0.8859586119651794,True
2159,10.795,0.060499456,0.056159556,0.055883553,0.05673531,1,2156,10.78,10.79401969909668,1,0.1140413507819175,0.8859586119651794,True
2160,10.8,-0.0017226217,-0.015146529,-0.015288574,-0.02078288,1,2160,10.8,10.808376550674438,1,0.0293453820049762,0.9706546068191528,True
2161,10.805,-0.07237082,-0.09456929,-0.09673731,-0.106234364,1,2160,10.8,10.808376550674438,1,0.0293453820049762,0.9706546068191528,True
2162,10.81,-0.1359134,-0.16361456,-0.17023996,-0.18203482,1,2160,10.8,10.808376550674438,1,0.0293453820049762,0.9706546068191528,True
2163,10.815,-0.18276955,-0.20856617,-0.2193617,-0.23513196,1,2160,10.8,10.808376550674438,1,0.0293453820049762,0.9706546068191528,True
2164,10.82,-0.21285595,-0.22727261,-0.23754828,-0.26185757,1,2164,10.82,10.819974422454834,1,0.046233519911766,0.9537664651870728,True
2165,10.825,-0.22889072,-0.22531475,-0.22773668,-0.26448327,1,2164,10.82,10.819974422454834,1,0.046233519911766,0.9537664651870728,True
2166,10.83,-0.22761571,-0.20653446,-0.19565776,-0.24372439,1,2164,10.82,10.819974422454834,1,0.046233519911766,0.9537664651870728,True
2167,10.835,-0.19934362,-0.16821335,-0.14447486,-0.19560388,1,2164,10.82,10.819974422454834,1,0.046233519911766,0.9537664651870728,True
2168,10.84,-0.1367975,-0.1053719,-0.07544801,-0.116359055,1,2168,10.84,10.839970350265505,1,0.0434011332690715,0.9565988779067992,True
2169,10.845,-0.04389397,-0.018786233,0.0078026247,-0.010387257,1,2168,10.84,10.839970350265505,1,0.0434011332690715,0.9565988779067992,True
2170,10.85,0.064243734,0.08151008,0.09681844,0.10690544,1,2168,10.84,10.839970350265505,1,0.0434011332690715,0.9565988779067992,True
2171,10.855,0.16857879,0.17932056,0.17958482,0.21406996,1,2168,10.84,10.839970350265505,1,0.0434011332690715,0.9565988779067992,True
2172,10.86,0.25230762,0.2574913,0.24337125,0.29180062,1,2172,10.86,10.86849284172058,1,0.0421289540827274,0.9578710198402404,True
2173,10.865,0.30155155,0.3012103,0.27703053,0.3283004,1,2172,10.86,10.86849284172058,1,0.0421289540827274,0.9578710198402404,True
2174,10.87,0.30501696,0.30026448,0.27321813,0.32020977,1,2172,10.86,10.86849284172058,1,0.0421289540827274,0.9578710198402404,True
2175,10.875,0.25836363,0.25264508,0.23128088,0.2715613,1,2172,10.86,10.86849284172058,1,0.0421289540827274,0.9578710198402404,True
2176,10.88,0.17105919,0.16806795,0.15916137,0.19276026,1,2176,10.88,10.882269620895386,1,0.0541674941778183,0.9458324909210204,True
2177,10.885,0.06679522,0.06665564,0.07154551,0.09865652,1,2176,10.88,10.882269620895386,1,0.0541674941778183,0.9458324909210204,True
2178,10.89,-0.027321097,-0.029290704,-0.015957657,0.004070471,1,2176,10.88,10.882269620895386,1,0.0541674941778183,0.9458324909210204,True
2179,10.895,-0.096031554,-0.10587064,-0.0930288,-0.08195788,1,2176,10.88,10.882269620895386,1,0.0541674941778183,0.9458324909210204,True
2180,10.9,-0.14269502,-0.16252321,-0.15681891,-0.15882064,1,2180,10.9,10.902559041976929,1,0.0247532371431589,0.9752467274665833,True
2181,10.905,-0.18125275,-0.20720787,-0.20874652,-0.23037939,1,2180,10.9,10.902559041976929,1,0.0247532371431589,0.9752467274665833,True
2182,10.91,-0.22030233,-0.24561216,-0.24868825,-0.29601604,1,2180,10.9,10.902559041976929,1,0.0247532371431589,0.9752467274665833,True
2183,10.915,-0.25299495,-0.27300444,-0.2711296,-0.34359482,1,2180,10.9,10.902559041976929,1,0.0247532371431589,0.9752467274665833,True
2184,10.92,-0.260753,-0.2750552,-0.26622197,-0.35145628,1,2184,10.92,10.928386211395264,1,0.0722375214099884,0.927762508392334,True
2185,10.925,-0.22674733,-0.23682815,-0.22511195,-0.30028272,1,2184,10.92,10.928386211395264,1,0.0722375214099884,0.927762508392334,True
2186,10.93,-0.1480027,-0.15333688,-0.14608121,-0.18742663,1,2184,10.92,10.928386211395264,1,0.0722375214099884,0.927762508392334,True
2187,10.935,-0.03814131,-0.034904774,-0.037933648,-0.03334702,1,2184,10.92,10.928386211395264,1,0.0722375214099884,0.927762508392334,True
2188,10.94,0.07875125,0.095018275,0.080854684,0.12487872,1,2188,10.94,10.944268226623535,1,0.0368116199970245,0.963188409805298,True
2189,10.945,0.1773896,0.20755403,0.18672708,0.24898708,1,2188,10.94,10.944268226623535,1,0.0368116199970245,0.963188409805298,True
2190,10.95,0.23902084,0.2781561,0.25809637,0.3147131,1,2188,10.94,10.944268226623535,1,0.0368116199970245,0.963188409805298,True
2191,10.955,0.25636464,0.2952807,0.2828737,0.31918392,1,2188,10.94,10.944268226623535,1,0.0368116199970245,0.963188409805298,True
2192,10.96,0.2353856,0.26463288,0.26315686,0.27837673,1,2192,10.96,10.970180034637451,1,0.0752193108201026,0.9247806668281556,True
2193,10.965,0.19232275,0.2058597,0.21359585,0.21714833,1,2192,10.96,10.970180034637451,1,0.0752193108201026,0.9247806668281556,True
2194,10.97,0.1453076,0.1418354,0.15315424,0.15679337,1,2192,10.96,10.970180034637451,1,0.0752193108201026,0.9247806668281556,True
2195,10.975,0.104241826,0.08633859,0.09508978,0.10597129,1,2192,10.96,10.970180034637451,1,0.0752193108201026,0.9247806668281556,True
2196,10.98,0.06603294,0.038656615,0.042084906,0.059743788,1,2196,10.98,10.990150451660156,1,0.0245139859616756,0.9754859805107116,True
2197,10.985,0.019671068,-0.010787178,-0.010364145,0.007266748,1,2196,10.98,10.990150451660156,1,0.0245139859616756,0.9754859805107116,True
2198,10.99,-0.04227562,-0.06867154,-0.065997675,-0.05722295,1,2196,10.98,10.990150451660156,1,0.0245139859616756,0.9754859805107116,True
2199,10.995,-0.11534997,-0.13121895,-0.122543044,-0.12848057,1,2196,10.98,10.990150451660156,1,0.0245139859616756,0.9754859805107116,True
2200,11.0,-0.18543352,-0.18725988,-0.17331544,-0.19394535,1,2200,11.0,11.010260581970217,1,0.0299972854554653,0.9700027704238892,True
2201,11.005,-0.23907022,-0.22792546,-0.21281472,-0.24297547,1,2200,11.0,11.010260581970217,1,0.0299972854554653,0.9700027704238892,True
2202,11.01,-0.27123126,-0.25213045,-0.23939514,-0.27203777,1,2200,11.0,11.010260581970217,1,0.0299972854554653,0.9700027704238892,True
2203,11.015,-0.28227183,-0.26140076,-0.2514502,-0.2804679,1,2200,11.0,11.010260581970217,1,0.0299972854554653,0.9700027704238892,True
2204,11.02,-0.26760575,-0.24964379,-0.24136224,-0.26217428,1,2204,11.02,11.02720594406128,1,0.0515047125518322,0.9484952688217164,True
2205,11.025,-0.21289828,-0.20063683,-0.19543976,-0.20453835,1,2204,11.02,11.02720594406128,1,0.0515047125518322,0.9484952688217164,True
2206,11.03,-0.10371614,-0.099728905,-0.103249826,-0.09922585,1,2204,11.02,11.02720594406128,1,0.0515047125518322,0.9484952688217164,True
2207,11.035,0.055921435,0.048241805,0.029708944,0.043532945,1,2204,11.02,11.02720594406128,1,0.0515047125518322,0.9484952688217164,True
2208,11.04,0.23267059,0.2110262,0.17682615,0.19147865,1,2208,11.04,11.041533708572388,1,0.0370924025774002,0.9629075527191162,True
2209,11.045,0.3732395,0.34035125,0.2986565,0.3034953,1,2208,11.04,11.041533708572388,1,0.0370924025774002,0.9629075527191162,True
2210,11.05,0.43045735,0.39606312,0.36043432,0.3505026,1,2208,11.04,11.041533708572388,1,0.0370924025774002,0.9629075527191162,True
2211,11.055,0.38866866,0.36630848,0.34797588,0.3287096,1,2208,11.04,11.041533708572388,1,0.0370924025774002,0.9629075527191162,True
2212,11.06,0.2713174,0.27092242,0.27279276,0.25726265,1,2212,11.06,11.076645135879517,1,0.0948979407548904,0.9051020741462708,True
2213,11.065,0.12665986,0.1481248,0.16464804,0.16508129,1,2212,11.06,11.076645135879517,1,0.0948979407548904,0.9051020741462708,True
2214,11.07,0.0021079036,0.034986917,0.056949206,0.07753087,1,2212,11.06,11.076645135879517,1,0.0948979407548904,0.9051020741462708,True
2215,11.075,-0.07694456,-0.047025133,-0.026976172,0.009204864,1,2212,11.06,11.076645135879517,1,0.0948979407548904,0.9051020741462708,True
2216,11.08,-0.11365515,-0.096466005,-0.08090693,-0.038160406,1,2216,11.08,11.09824013710022,1,0.0240555573254823,0.9759443998336792,True
2217,11.085,-0.13156043,-0.12765886,-0.11457716,-0.07520545,1,2216,11.08,11.09824013710022,1,0.0240555573254823,0.9759443998336792,True
2218,11.09,-0.15831919,-0.16110635,-0.14607474,-0.1204683,1,2216,11.08,11.09824013710022,1,0.0240555573254823,0.9759443998336792,True
2219,11.095,-0.20912598,-0.21127841,-0.19074999,-0.18888755,1,2216,11.08,11.09824013710022,1,0.0240555573254823,0.9759443998336792,True
2220,11.1,-0.2761852,-0.27535328,-0.25033686,-0.27640173,1,2220,11.1,11.110146760940552,1,0.0562334097921848,0.9437665939331056,True
2221,11.105,-0.32917708,-0.32896307,-0.30716613,-0.35215837,1,2220,11.1,11.110146760940552,1,0.0562334097921848,0.9437665939331056,True
2222,11.11,-0.32860973,-0.33456966,-0.32831532,-0.36932406,1,2220,11.1,11.110146760940552,1,0.0562334097921848,0.9437665939331056,True
2223,11.115,-0.2474644,-0.26145124,-0.28073442,-0.292434,1,2220,11.1,11.110146760940552,1,0.0562334097921848,0.9437665939331056,True
2224,11.12,-0.08959133,-0.10688928,-0.15127793,-0.12389928,1,2224,11.12,11.126673698425291,1,0.0404109917581081,0.9595890045166016,True
2225,11.125,0.10724135,0.09555163,0.039878808,0.09029073,1,2224,11.12,11.126673698425291,1,0.0404109917581081,0.9595890045166016,True
2226,11.13,0.28688106,0.2877824,0.24222401,0.2813899,1,2224,11.12,11.126673698425291,1,0.0404109917581081,0.9595890045166016,True
2227,11.135,0.39979538,0.41292247,0.39482018,0.39166585,1,2224,11.12,11.126673698425291,1,0.0404109917581081,0.9595890045166016,True
2228,11.14,0.4226846,0.4398641,0.45294616,0.39940155,1,2228,11.14,11.144865036010742,1,0.0376241877675056,0.9623757600784302,True
2229,11.145,0.3629991,0.37330556,0.4068064,0.32185808,1,2228,11.14,11.144865036010742,1,0.0376241877675056,0.9623757600784302,True
2230,11.15,0.24944644,0.24612291,0.28261393,0.19916205,1,2228,11.14,11.144865036010742,1,0.0376241877675056,0.9623757600784302,True
2231,11.155,0.11700549,0.10129482,0.1270735,0.07272058,1,2228,11.14,11.144865036010742,1,0.0376241877675056,0.9623757600784302,True
2232,11.16,-0.005179311,-0.025615228,-0.014647162,-0.029326009,1,2232,11.16,11.173850297927856,1,0.0239078272134065,0.9760921597480774,True
2233,11.165,-0.09949927,-0.11572189,-0.11542012,-0.09563484,1,2232,11.16,11.173850297927856,1,0.0239078272134065,0.9760921597480774,True
2234,11.17,-0.16001849,-0.16651215,-0.17035483,-0.1277358,1,2232,11.16,11.173850297927856,1,0.0239078272134065,0.9760921597480774,True
2235,11.175,-0.18948962,-0.18567526,-0.18998992,-0.1341632,1,2232,11.16,11.173850297927856,1,0.0239078272134065,0.9760921597480774,True
2236,11.18,-0.19548067,-0.18420938,-0.1893243,-0.12586462,1,2236,11.18,11.192862272262571,1,0.0267597157508134,0.9732402563095092,True
2237,11.185,-0.18708636,-0.1720944,-0.17969221,-0.11326313,1,2236,11.18,11.192862272262571,1,0.0267597157508134,0.9732402563095092,True
2238,11.19,-0.17262061,-0.15670854,-0.16639051,-0.10413034,1,2236,11.18,11.192862272262571,1,0.0267597157508134,0.9732402563095092,True
2239,11.195,-0.157684,-0.14228106,-0.15041971,-0.101809576,1,2236,11.18,11.192862272262571,1,0.0267597157508134,0.9732402563095092,True
2240,11.2,-0.14315306,-0.12916653,-0.1309518,-0.10426839,1,2240,11.2,11.210012674331663,1,0.042496670037508,0.9575033187866212,True
2241,11.205,-0.12406953,-0.11339268,-0.10642536,-0.10485032,1,2240,11.2,11.210012674331663,1,0.042496670037508,0.9575033187866212,True
2242,11.21,-0.09129444,-0.087624975,-0.07431109,-0.09485488,1,2240,11.2,11.210012674331663,1,0.042496670037508,0.9575033187866212,True
2243,11.215,-0.03641747,-0.043875735,-0.03077675,-0.066825494,1,2240,11.2,11.210012674331663,1,0.042496670037508,0.9575033187866212,True
2244,11.22,0.042244934,0.02263985,0.028277596,-0.017189568,1,2244,11.22,11.22721004486084,1,0.0403197109699249,0.9596803188323976,True
2245,11.225,0.135996,0.10935121,0.103779174,0.051959444,1,2244,11.22,11.22721004486084,1,0.0403197109699249,0.9596803188323976,True
2246,11.23,0.22673792,0.20337641,0.18852669,0.1315289,1,2244,11.22,11.22721004486084,1,0.0403197109699249,0.9596803188323976,True
2247,11.235,0.29259628,0.2825483,0.26468903,0.20551741,1,2244,11.22,11.22721004486084,1,0.0403197109699249,0.9596803188323976,True
2248,11.24,0.31599954,0.32256675,0.30836928,0.2547682,1,2248,11.24,11.242003679275513,1,0.0831427127122879,0.9168573021888732,True
2249,11.245,0.29032114,0.3079518,0.3009248,0.2644203,1,2248,11.24,11.242003679275513,1,0.0831427127122879,0.9168573021888732,True
2250,11.25,0.2212542,0.23970312,0.23961419,0.23060457,1,2248,11.24,11.242003679275513,1,0.0831427127122879,0.9168573021888732,True
2251,11.255,0.122320294,0.13373901,0.13891007,0.16092208,1,2248,11.24,11.242003679275513,1,0.0831427127122879,0.9168573021888732,True
2252,11.26,0.008504613,0.011744479,0.021448402,0.068479955,1,2252,11.26,11.27510666847229,1,0.0276615805923938,0.9723384380340576,True
2253,11.265,-0.10682264,-0.107636295,-0.09326549,-0.03449154,1,2252,11.26,11.27510666847229,1,0.0276615805923938,0.9723384380340576,True
2254,11.27,-0.21075886,-0.21124256,-0.19344877,-0.1376933,1,2252,11.26,11.27510666847229,1,0.0276615805923938,0.9723384380340576,True
2255,11.275,-0.28960565,-0.28899541,-0.27198353,-0.22954719,1,2252,11.26,11.27510666847229,1,0.0276615805923938,0.9723384380340576,True
2256,11.28,-0.3313713,-0.33240128,-0.3221563,-0.29596773,1,2256,11.28,11.285211324691772,1,0.0307739824056625,0.969226062297821,True
2257,11.285,-0.33067566,-0.33650848,-0.33763853,-0.32459053,1,2256,11.28,11.285211324691772,1,0.0307739824056625,0.969226062297821,True
2258,11.29,-0.2909759,-0.3023196,-0.31548318,-0.31067175,1,2256,11.28,11.285211324691772,1,0.0307739824056625,0.969226062297821,True
2259,11.295,-0.22141822,-0.23584855,-0.2573814,-0.25815487,1,2256,11.28,11.285211324691772,1,0.0307739824056625,0.969226062297821,True
2260,11.3,-0.13123329,-0.1444249,-0.16777928,-0.17479312,1,2260,11.3,11.300323247909546,1,0.0388983450829982,0.9611017107963562,True
2261,11.305,-0.027046368,-0.034641292,-0.05251651,-0.06741125,1,2260,11.3,11.300323247909546,1,0.0388983450829982,0.9611017107963562,True
2262,11.31,0.08465674,0.08526873,0.078613274,0.056462996,1,2260,11.3,11.300323247909546,1,0.0388983450829982,0.9611017107963562,True
2263,11.315,0.19291176,0.20124777,0.20771556,0.18219961,1,2260,11.3,11.300323247909546,1,0.0388983450829982,0.9611017107963562,True
2264,11.32,0.28089008,0.29327032,0.30964094,0.285683,1,2264,11.32,11.327433824539185,1,0.0390035174787044,0.9609965682029724,True
2265,11.325,0.33074707,0.34217447,0.36118883,0.34144312,1,2264,11.32,11.327433824539185,1,0.0390035174787044,0.9609965682029724,True
2266,11.33,0.33252504,0.33966094,0.35359222,0.33725914,1,2264,11.32,11.327433824539185,1,0.0390035174787044,0.9609965682029724,True
2267,11.335,0.2908213,0.29352587,0.29818168,0.28309047,1,2264,11.32,11.327433824539185,1,0.0390035174787044,0.9609965682029724,True
2268,11.34,0.22327928,0.22310624,0.21948148,0.20551047,1,2268,11.34,11.342662572860718,1,0.0315852016210556,0.9684147238731384,True
2269,11.345,0.15040576,0.14774041,0.1403336,0.13106099,1,2268,11.34,11.342662572860718,1,0.0315852016210556,0.9684147238731384,True
2270,11.35,0.0832647,0.07679244,0.07029933,0.07142327,1,2268,11.34,11.342662572860718,1,0.0315852016210556,0.9684147238731384,True
2271,11.355,0.01825742,0.008177775,0.005293538,0.021039514,1,2268,11.34,11.342662572860718,1,0.0315852016210556,0.9684147238731384,True
2272,11.36,-0.056772232,-0.06501272,-0.06344467,-0.03341632,1,2272,11.36,11.377025604248049,1,0.0235823690891265,0.9764176607131958,True
2273,11.365,-0.14977075,-0.14624456,-0.13987374,-0.1012891,1,2272,11.36,11.377025604248049,1,0.0235823690891265,0.9764176607131958,True
2274,11.37,-0.25462747,-0.23153614,-0.22007751,-0.18233855,1,2272,11.36,11.377025604248049,1,0.0235823690891265,0.9764176607131958,True
2275,11.375,-0.35067624,-0.31026456,-0.29497036,-0.2676504,1,2272,11.36,11.377025604248049,1,0.0235823690891265,0.9764176607131958,True
2276,11.38,-0.41061223,-0.36757046,-0.35329065,-0.34210473,1,2276,11.38,11.38702630996704,1,0.0633691251277923,0.93663090467453,True
2277,11.385,-0.4112802,-0.3865408,-0.3816625,-0.3857768,1,2276,11.38,11.38702630996704,1,0.0633691251277923,0.93663090467453,True
2278,11.39,-0.34241676,-0.35175616,-0.36433846,-0.37703648,1,2276,11.38,11.38702630996704,1,0.0633691251277923,0.93663090467453,True
2279,11.395,-0.21115077,-0.25587648,-0.28753582,-0.3007411,1,2276,11.38,11.38702630996704,1,0.0633691251277923,0.93663090467453,True
2280,11.4,-0.041476414,-0.10698977,-0.1490649,-0.15920031,1,2280,11.4,11.41013503074646,1,0.0355580151081085,0.9644419550895692,True
2281,11.405,0.13170454,0.06886591,0.032751262,0.022079725,1,2280,11.4,11.41013503074646,1,0.0355580151081085,0.9644419550895692,True
2282,11.41,0.27290592,0.233914,0.21921305,0.20050617,1,2280,11.4,11.41013503074646,1,0.0355580151081085,0.9644419550895692,True
2283,11.415,0.35709006,0.35173044,0.36375463,0.33283508,1,2280,11.4,11.41013503074646,1,0.0355580151081085,0.9644419550895692,True
2284,11.42,0.37656078,0.40053457,0.4313632,0.39265823,1,2284,11.42,11.42723560333252,1,0.0387962013483047,0.9612037539482116,True
2285,11.425,0.34089237,0.3799906,0.4138869,0.37907636,1,2284,11.42,11.42723560333252,1,0.0387962013483047,0.9612037539482116,True
2286,11.43,0.27093232,0.3090017,0.3322644,0.3131311,1,2284,11.42,11.42723560333252,1,0.0387962013483047,0.9612037539482116,True
2287,11.435,0.19038898,0.21657959,0.22467488,0.2259794,1,2284,11.42,11.42723560333252,1,0.0387962013483047,0.9612037539482116,True
2288,11.44,0.11809763,0.13002008,0.12758096,0.14562134,1,2288,11.44,11.442276000976562,1,0.0239724200218915,0.9760276079177856,True
2289,11.445,0.062449038,0.064536326,0.059667762,0.08708472,1,2288,11.44,11.442276000976562,1,0.0239724200218915,0.9760276079177856,True
2290,11.45,0.019071184,0.017974617,0.016164038,0.048205633,1,2288,11.44,11.442276000976562,1,0.0239724200218915,0.9760276079177856,True
2291,11.455,-0.026533067,-0.02650628,-0.024495164,0.012081193,1,2288,11.44,11.442276000976562,1,0.0239724200218915,0.9760276079177856,True
2292,11.46,-0.09059809,-0.089508675,-0.085530266,-0.04352303,1,2292,11.46,11.46989679336548,1,0.023397522047162,0.9766024947166444,True
2293,11.465,-0.17968723,-0.18076296,-0.17620958,-0.13243872,1,2292,11.46,11.46989679336548,1,0.023397522047162,0.9766024947166444,True
2294,11.47,-0.28256783,-0.28917676,-0.28419912,-0.24861659,1,2292,11.46,11.46989679336548,1,0.023397522047162,0.9766024947166444,True
2295,11.475,-0.37133735,-0.38446283,-0.37981573,-0.3642057,1,2292,11.46,11.46989679336548,1,0.023397522047162,0.9766024947166444,True
2296,11.48,-0.4124717,-0.43007252,-0.42892414,-0.4395531,1,2296,11.48,11.490853309631348,1,0.0614469163119792,0.9385530352592468,True
2297,11.485,-0.3818389,-0.39971226,-0.4066386,-0.44006038,1,2296,11.48,11.490853309631348,1,0.0614469163119792,0.9385530352592468,True
2298,11.49,-0.27526882,-0.2883282,-0.30567074,-0.35103798,1,2296,11.48,11.490853309631348,1,0.0614469163119792,0.9385530352592468,True
2299,11.495,-0.11011283,-0.1137363,-0.13857798,-0.184199,1,2296,11.48,11.490853309631348,1,0.0614469163119792,0.9385530352592468,True
2300,11.5,0.080516286,0.0887871,0.0639231,0.025195824,1,2300,11.5,11.51002812385559,1,0.0335630923509597,0.9664369821548462,True
2301,11.505,0.25651044,0.27533898,0.25838333,0.2283375,1,2300,11.5,11.51002812385559,1,0.0335630923509597,0.9664369821548462,True
2302,11.51,0.38044938,0.40453365,0.39980218,0.37750727,1,2300,11.5,11.51002812385559,1,0.0335630923509597,0.9664369821548462,True
2303,11.515,0.42812335,0.4503102,0.45750704,0.44202313,1,2300,11.5,11.51002812385559,1,0.0335630923509597,0.9664369821548462,True
2304,11.52,0.3974124,0.41196725,0.4280654,0.41935533,1,2304,11.52,11.520041227340698,1,0.0479444861412048,0.9520555138587952,True
2305,11.525,0.30947748,0.31422076,0.33560538,0.33436784,1,2304,11.52,11.520041227340698,1,0.0479444861412048,0.9520555138587952,True
2306,11.53,0.19840863,0.19446057,0.21742524,0.22505617,1,2304,11.52,11.520041227340698,1,0.0479444861412048,0.9520555138587952,True
2307,11.535,0.09394778,0.08394275,0.10418706,0.1225998,1,2304,11.52,11.520041227340698,1,0.0479444861412048,0.9520555138587952,True
2308,11.54,0.008506254,-0.004829514,0.008321558,0.03851011,1,2308,11.54,11.544104099273682,1,0.0230483263731002,0.9769516587257384,True
2309,11.545,-0.063084655,-0.07699334,-0.07311725,-0.033585686,1,2308,11.54,11.544104099273682,1,0.0230483263731002,0.9769516587257384,True
2310,11.55,-0.13261215,-0.14374329,-0.14698422,-0.105298854,1,2308,11.54,11.544104099273682,1,0.0230483263731002,0.9769516587257384,True
2311,11.555,-0.2056161,-0.21043153,-0.21509355,-0.18092841,1,2308,11.54,11.544104099273682,1,0.0230483263731002,0.9769516587257384,True
2312,11.56,-0.27534238,-0.27215248,-0.27341348,-0.25332302,1,2312,11.56,11.570130109786987,1,0.0239441320300102,0.976055920124054,True
2313,11.565,-0.32564524,-0.31695434,-0.31577253,-0.30812103,1,2312,11.56,11.570130109786987,1,0.0239441320300102,0.976055920124054,True
2314,11.57,-0.33895588,-0.33163062,-0.3353804,-0.33071482,1,2312,11.56,11.570130109786987,1,0.0239441320300102,0.976055920124054,True
2315,11.575,-0.30387858,-0.30584,-0.32280016,-0.3111702,1,2312,11.56,11.570130109786987,1,0.0239441320300102,0.976055920124054,True
2316,11.58,-0.21915627,-0.23426616,-0.2656229,-0.24643397,1,2316,11.58,11.590166091918944,1,0.0399015992879867,0.960098385810852,True
2317,11.585,-0.09395748,-0.118859924,-0.15497564,-0.1414342,1,2316,11.58,11.590166091918944,1,0.0399015992879867,0.960098385810852,True
2318,11.59,0.05366172,0.028088933,0.0031824892,-0.00973299,1,2316,11.58,11.590166091918944,1,0.0399015992879867,0.960098385810852,True
2319,11.595,0.19885036,0.18240632,0.18096465,0.1274459,1,2316,11.58,11.590166091918944,1,0.0399015992879867,0.960098385810852,True
2320,11.6,0.3135043,0.31174773,0.3340694,0.24521063,1,2320,11.6,11.601012229919434,1,0.0346473306417465,0.9653527140617372,True
2321,11.605,0.37297142,0.3857277,0.41978455,0.32167682,1,2320,11.6,11.601012229919434,1,0.0346473306417465,0.9653527140617372,True
2322,11.61,0.3650898,0.3884552,0.41757312,0.34485918,1,2320,11.6,11.601012229919434,1,0.0346473306417465,0.9653527140617372,True
2323,11.615,0.2968499,0.32612595,0.33922577,0.31656018,1,2320,11.6,11.601012229919434,1,0.0346473306417465,0.9653527140617372,True
2324,11.62,0.1932225,0.22429752,0.22177331,0.2511699,1,2324,11.62,11.619880199432371,1,0.0369979366660118,0.96300208568573,True
2325,11.625,0.08681308,0.11565207,0.107291676,0.16943283,1,2324,11.62,11.619880199432371,1,0.0369979366660118,0.96300208568573,True
2326,11.63,0.0029353544,0.024757374,0.021650037,0.0893324,1,2324,11.62,11.619880199432371,1,0.0369979366660118,0.96300208568573,True
2327,11.635,-0.051947236,-0.042076197,-0.035662353,0.017972289,1,2324,11.62,11.619880199432371,1,0.0369979366660118,0.96300208568573,True
2328,11.64,-0.09156884,-0.09645422,-0.085452065,-0.050783675,1,2328,11.64,11.64413285255432,1,0.0230850037187337,0.9769150018692015,True
2329,11.645,-0.13908292,-0.15695721,-0.15075834,-0.1297573,1,2328,11.64,11.64413285255432,1,0.0230850037187337,0.9769150018692015,True
2330,11.65,-0.20920955,-0.23338453,-0.23794985,-0.22504604,1,2328,11.64,11.64413285255432,1,0.0230850037187337,0.9769150018692015,True
2331,11.655,-0.29399848,-0.31572556,-0.3286951,-0.32409573,1,2328,11.64,11.64413285255432,1,0.0230850037187337,0.9769150018692015,True
2332,11.66,-0.36252123,-0.37566453,-0.38799518,-0.39518756,1,2332,11.66,11.670055150985718,1,0.0402044504880905,0.9597955346107484,True
2333,11.665,-0.37645563,-0.3807109,-0.38328338,-0.4017087,1,2332,11.66,11.670055150985718,1,0.0402044504880905,0.9597955346107484,True
2334,11.67,-0.31216493,-0.31232178,-0.30248162,-0.32358748,1,2332,11.66,11.670055150985718,1,0.0402044504880905,0.9597955346107484,True
2335,11.675,-0.17478035,-0.17668265,-0.16017699,-0.17173626,1,2332,11.66,11.670055150985718,1,0.0402044504880905,0.9597955346107484,True
2336,11.68,0.004200191,-0.0023804698,0.0102683585,0.014684508,1,2336,11.68,11.68985366821289,1,0.0348284840583801,0.96517151594162,True
2337,11.685,0.18221688,0.17188251,0.17174786,0.18652098,1,2336,11.68,11.68985366821289,1,0.0348284840583801,0.96517151594162,True
2338,11.69,0.3224328,0.31123403,0.29585657,0.3062991,1,2336,11.68,11.68985366821289,1,0.0348284840583801,0.96517151594162,True
2339,11.695,0.40265647,0.3933611,0.3674379,0.36012143,1,2336,11.68,11.68985366821289,1,0.0348284840583801,0.96517151594162,True
2340,11.7,0.4154767,0.41036975,0.38266954,0.35498956,1,2340,11.7,11.710070848464966,1,0.0413419120013713,0.9586580395698548,True
2341,11.705,0.36503127,0.3664804,0.34560508,0.3073203,1,2340,11.7,11.710070848464966,1,0.0413419120013713,0.9586580395698548,True
2342,11.71,0.2651738,0.27508348,0.26655924,0.23283781,1,2340,11.7,11.710070848464966,1,0.0413419120013713,0.9586580395698548,True
2343,11.715,0.13861467,0.15647255,0.16183247,0.14382406,1,2340,11.7,11.710070848464966,1,0.0413419120013713,0.9586580395698548,True
2344,11.72,0.013328907,0.03495691,0.051974118,0.05182051,1,2344,11.72,11.728097438812256,1,0.023737970739603,0.976262092590332,True
2345,11.725,-0.08536831,-0.06637194,-0.043079715,-0.030425545,1,2344,11.72,11.728097438812256,1,0.023737970739603,0.976262092590332,True
2346,11.73,-0.14389364,-0.1327514,-0.11055033,-0.09172256,1,2344,11.72,11.728097438812256,1,0.023737970739603,0.976262092590332,True
2347,11.735,-0.16526806,-0.16350687,-0.14948435,-0.12827893,1,2344,11.72,11.728097438812256,1,0.023737970739603,0.976262092590332,True
2348,11.74,-0.16670227,-0.1724145,-0.17043138,-0.14736721,1,2348,11.74,11.743723154067991,1,0.0242501124739646,0.9757499098777772,True
2349,11.745,-0.17066023,-0.18060426,-0.18928616,-0.16433713,1,2348,11.74,11.743723154067991,1,0.0242501124739646,0.9757499098777772,True
2350,11.75,-0.1927613,-0.20393498,-0.21724455,-0.19278038,1,2348,11.74,11.743723154067991,1,0.0242501124739646,0.9757499098777772,True
2351,11.755,-0.23148927,-0.24114855,-0.25155005,-0.23296629,1,2348,11.74,11.743723154067991,1,0.0242501124739646,0.9757499098777772,True
2352,11.76,-0.2657863,-0.27105385,-0.27323198,-0.26686192,1,2352,11.76,11.77535104751587,1,0.0466923452913761,0.9533076882362366,True
2353,11.765,-0.26461104,-0.26319292,-0.25580525,-0.26567593,1,2352,11.76,11.77535104751587,1,0.0466923452913761,0.9533076882362366,True
2354,11.77,-0.20523417,-0.19710737,-0.18190546,-0.20738798,1,2352,11.76,11.77535104751587,1,0.0466923452913761,0.9533076882362366,True
2355,11.775,-0.088863246,-0.07724074,-0.057392713,-0.09282738,1,2352,11.76,11.77535104751587,1,0.0466923452913761,0.9533076882362366,True
2356,11.78,0.057939064,0.06772589,0.08794256,0.051797125,1,2356,11.78,11.790306806564333,1,0.0356434099376201,0.964356541633606,True
2357,11.785,0.1970396,0.20032004,0.2147821,0.18806207,1,2356,11.78,11.790306806564333,1,0.0356434099376201,0.964356541633606,True
2358,11.79,0.2967858,0.29219696,0.29386964,0.28415915,1,2356,11.78,11.790306806564333,1,0.0356434099376201,0.964356541633606,True
2359,11.795,0.34197652,0.33233207,0.31738222,0.32638252,1,2356,11.78,11.790306806564333,1,0.0356434099376201,0.964356541633606,True
2360,11.8,0.3330709,0.32397446,0.29634103,0.31851822,1,2360,11.8,11.809873819351196,1,0.070210225880146,0.9297897815704346,True
2361,11.805,0.28110084,0.27795193,0.2492493,0.274367,1,2360,11.8,11.809873819351196,1,0.070210225880146,0.9297897815704346,True
2362,11.81,0.2038946,0.20859364,0.19134401,0.21054646,1,2360,11.8,11.809873819351196,1,0.070210225880146,0.9297897815704346,True
2363,11.815,0.122221,0.13119194,0.12972772,0.14145479,1,2360,11.8,11.809873819351196,1,0.070210225880146,0.9297897815704346,True
2364,11.82,0.052400906,0.05738109,0.06394721,0.07471809,1,2364,11.82,11.834713220596312,1,0.0241296757012605,0.9758703708648682,True
2365,11.825,-0.0020584774,-0.010088394,-0.01008953,0.008119588,1,2364,11.82,11.834713220596312,1,0.0241296757012605,0.9758703708648682,True
2366,11.83,-0.051920697,-0.07715855,-0.09420297,-0.06754524,1,2364,11.82,11.834713220596312,1,0.0241296757012605,0.9758703708648682,True
2367,11.835,-0.1127529,-0.15040721,-0.18226618,-0.15823601,1,2364,11.82,11.834713220596312,1,0.0241296757012605,0.9758703708648682,True
2368,11.84,-0.1903908,-0.22690868,-0.2587903,-0.25539795,1,2368,11.84,11.854137182235718,1,0.0251761842519044,0.9748237729072572,True
2369,11.845,-0.27237755,-0.2908968,-0.3042402,-0.33361226,1,2368,11.84,11.854137182235718,1,0.0251761842519044,0.9748237729072572,True
2370,11.85,-0.3318595,-0.32051155,-0.3043173,-0.36142954,1,2368,11.84,11.854137182235718,1,0.0251761842519044,0.9748237729072572,True
2371,11.855,-0.34127313,-0.2997918,-0.256921,-0.3193836,1,2368,11.84,11.854137182235718,1,0.0251761842519044,0.9748237729072572,True
2372,11.86,-0.28724182,-0.2279248,-0.1726948,-0.21329382,1,2372,11.86,11.870110988616943,1,0.0453790128231048,0.9546210169792176,True
2373,11.865,-0.17826699,-0.12057076,-0.07019949,-0.07375844,1,2372,11.86,11.870110988616943,1,0.0453790128231048,0.9546210169792176,True
2374,11.87,-0.041321065,-0.003090152,0.03065735,0.058387578,1,2372,11.86,11.870110988616943,1,0.0453790128231048,0.9546210169792176,True
2375,11.875,0.09034439,0.10031664,0.11432029,0.15189518,1,2372,11.86,11.870110988616943,1,0.0453790128231048,0.9546210169792176,True
2376,11.88,0.1908944,0.17542563,0.17310567,0.19794354,1,2376,11.88,11.890694856643677,1,0.0359920039772987,0.9640080332756042,True
2377,11.885,0.24935271,0.21983552,0.20720749,0.20839885,1,2376,11.88,11.890694856643677,1,0.0359920039772987,0.9640080332756042,True
2378,11.89,0.2679532,0.23775959,0.22068633,0.20218213,1,2376,11.88,11.890694856643677,1,0.0359920039772987,0.9640080332756042,True
2379,11.895,0.25513342,0.23304348,0.21599413,0.19085285,1,2376,11.88,11.890694856643677,1,0.0359920039772987,0.9640080332756042,True
2380,11.9,0.2195543,0.20663778,0.19183454,0.17397965,1,2380,11.9,11.913740396499634,1,0.0823575258255004,0.9176424145698548,True
2381,11.905,0.16850564,0.15990247,0.14672336,0.14567518,1,2380,11.9,11.913740396499634,1,0.0823575258255004,0.9176424145698548,True
2382,11.91,0.10909279,0.09907949,0.084790416,0.10413641,1,2380,11.9,11.913740396499634,1,0.0823575258255004,0.9176424145698548,True
2383,11.915,0.04867536,0.035237104,0.017362494,0.054856777,1,2380,11.9,11.913740396499634,1,0.0823575258255004,0.9176424145698548,True
2384,11.92,-0.0067550396,-0.021003364,-0.042308424,0.005773462,1,2384,11.92,11.932367086410522,1,0.0240495968610048,0.9759504199028016,True
2385,11.925,-0.0545002,-0.065033056,-0.08671463,-0.039245065,1,2384,11.92,11.932367086410522,1,0.0240495968610048,0.9759504199028016,True
2386,11.93,-0.09517928,-0.09892773,-0.11700704,-0.08157962,1,2384,11.92,11.932367086410522,1,0.0240495968610048,0.9759504199028016,True
2387,11.935,-0.13070014,-0.12705894,-0.13875282,-0.12323935,1,2384,11.92,11.932367086410522,1,0.0240495968610048,0.9759504199028016,True
2388,11.94,-0.16172875,-0.15107217,-0.15514116,-0.16188663,1,2388,11.94,11.940333127975464,1,0.0388428531587123,0.961157202720642,True
2389,11.945,-0.18597548,-0.16827226,-0.16402444,-0.19037071,1,2388,11.94,11.940333127975464,1,0.0388428531587123,0.961157202720642,True
2390,11.95,-0.1977301,-0.17348547,-0.16041376,-0.20044386,1,2388,11.94,11.940333127975464,1,0.0388428531587123,0.961157202720642,True
2391,11.955,-0.18904759,-0.16173542,-0.14058322,-0.18677521,1,2388,11.94,11.940333127975464,1,0.0388428531587123,0.961157202720642,True
2392,11.96,-0.15309836,-0.1299066,-0.103683814,-0.14852208,1,2392,11.96,11.97685956954956,1,0.04370142146945,0.9562985897064208,True
2393,11.965,-0.088946246,-0.07783865,-0.051030006,-0.08898375,1,2392,11.96,11.97685956954956,1,0.04370142146945,0.9562985897064208,True
2394,11.97,-0.005016808,-0.009792724,0.013864401,-0.015163499,1,2392,11.96,11.97685956954956,1,0.04370142146945,0.9562985897064208,True
2395,11.975,0.08183271,0.06445854,0.08346142,0.062471546,1,2392,11.96,11.97685956954956,1,0.04370142146945,0.9562985897064208,True
2396,11.98,0.15230988,0.13104555,0.1455121,0.13153242,1,2396,11.98,11.990371465682983,1,0.040769025683403,0.9592309594154358,True
2397,11.985,0.19281237,0.17673914,0.18662545,0.18138312,1,2396,11.98,11.990371465682983,1,0.040769025683403,0.9592309594154358,True
2398,11.99,0.20070167,0.19450271,0.19864942,0.20700249,1,2396,11.98,11.990371465682983,1,0.040769025683403,0.9592309594154358,True
2399,11.995,0.18312544,0.18558818,0.18247022,0.20956457,1,2396,11.98,11.990371465682983,1,0.040769025683403,0.9592309594154358,True
2400,12.0,0.15026979,0.15640037,0.14566067,0.19266927,1,2400,12.0,12.005800247192385,1,0.1195470988750457,0.8804528713226318,True
2401,12.005,0.108417444,0.113171965,0.096364304,0.15766089,1,2400,12.0,12.005800247192385,1,0.1195470988750457,0.8804528713226318,True
2402,12.01,0.058471348,0.059473757,0.03927259,0.103014104,1,2400,12.0,12.005800247192385,1,0.1195470988750457,0.8804528713226318,True
2403,12.015,0.0005912934,-0.0016732283,-0.02309536,0.028947707,1,2400,12.0,12.005800247192385,1,0.1195470988750457,0.8804528713226318,True
2404,12.02,-0.06024226,-0.06422546,-0.08607961,-0.057036012,1,2404,12.02,12.032139301300049,1,0.0263229310512542,0.973677098751068,True
2405,12.025,-0.11357936,-0.118393466,-0.14035888,-0.13924514,1,2404,12.02,12.032139301300049,1,0.0263229310512542,0.973677098751068,True
2406,12.03,-0.14844769,-0.15377542,-0.17395452,-0.19897594,1,2404,12.02,12.032139301300049,1,0.0263229310512542,0.973677098751068,True
2407,12.035,-0.15925097,-0.16379791,-0.17768773,-0.22227277,1,2404,12.02,12.032139301300049,1,0.0263229310512542,0.973677098751068,True
2408,12.04,-0.14779076,-0.14851703,-0.15071373,-0.2055153,1,2408,12.04,12.039945840835571,1,0.0552644878625869,0.9447355270385742,True
2409,12.045,-0.12075961,-0.11465036,-0.10262294,-0.15642944,1,2408,12.04,12.039945840835571,1,0.0552644878625869,0.9447355270385742,True
2410,12.05,-0.08563945,-0.07307128,-0.05007085,-0.09087167,1,2408,12.04,12.039945840835571,1,0.0552644878625869,0.9447355270385742,True
2411,12.055,-0.04791142,-0.034417205,-0.00876159,-0.026942862,1,2408,12.04,12.039945840835571,1,0.0552644878625869,0.9447355270385742,True
2412,12.06,-0.010276813,-0.0042831283,0.014969528,0.02167514,1,2412,12.06,12.078291177749634,1,0.0425016768276691,0.95749831199646,True
2413,12.065,0.026804395,0.019280484,0.027296979,0.05073736,1,2412,12.06,12.078291177749634,1,0.0425016768276691,0.95749831199646,True
2414,12.07,0.06370893,0.04354426,0.041904844,0.06620258,1,2412,12.06,12.078291177749634,1,0.0425016768276691,0.95749831199646,True
2415,12.075,0.099563636,0.074772276,0.06980352,0.07969324,1,2412,12.06,12.078291177749634,1,0.0425016768276691,0.95749831199646,True
2416,12.08,0.13056809,0.112151355,0.11106652,0.10077894,1,2416,12.08,12.09020185470581,1,0.0597035214304924,0.9402965307235718,True
2417,12.085,0.15053442,0.14680806,0.1540861,0.13059844,1,2416,12.08,12.09020185470581,1,0.0597035214304924,0.9402965307235718,True
2418,12.09,0.1538384,0.16651557,0.18184541,0.16040987,1,2416,12.08,12.09020185470581,1,0.0597035214304924,0.9402965307235718,True
2419,12.095,0.13801652,0.16163829,0.17971171,0.17512706,1,2416,12.08,12.09020185470581,1,0.0597035214304924,0.9402965307235718,True
2420,12.1,0.10306639,0.12767744,0.14006798,0.1593824,1,2420,12.1,12.110373497009276,1,0.1393678933382034,0.8606321215629578,True
2421,12.105,0.04874597,0.064843014,0.063982934,0.10411877,1,2420,12.1,12.110373497009276,1,0.1393678933382034,0.8606321215629578,True
2422,12.11,-0.024981085,-0.021142602,-0.0374027,0.01271376,1,2420,12.1,12.110373497009276,1,0.1393678933382034,0.8606321215629578,True
2423,12.115,-0.111924104,-0.115796335,-0.14214253,-0.09577823,1,2420,12.1,12.110373497009276,1,0.1393678933382034,0.8606321215629578,True
2424,12.12,-0.19349718,-0.19520906,-0.22155397,-0.19051091,1,2424,12.12,12.133203029632568,1,0.0280889086425304,0.971911072731018,True
2425,12.125,-0.24159391,-0.23357637,-0.2510887,-0.24135096,1,2424,12.12,12.133203029632568,1,0.0280889086425304,0.971911072731018,True
2426,12.13,-0.23303607,-0.21687217,-0.22280593,-0.23414785,1,2424,12.12,12.133203029632568,1,0.0280889086425304,0.971911072731018,True
2427,12.135,-0.166308,-0.15267041,-0.15028366,-0.17823695,1,2424,12.12,12.133203029632568,1,0.0280889086425304,0.971911072731018,True
2428,12.14,-0.06641965,-0.0672383,-0.061505307,-0.10003425,1,2428,12.14,12.142318487167358,1,0.0607583485543727,0.9392417073249816,True
2429,12.145,0.028131552,0.009083008,0.015593228,-0.027161255,1,2428,12.14,12.142318487167358,1,0.0607583485543727,0.9392417073249816,True
2430,12.15,0.08780851,0.057880122,0.065353476,0.02539197,1,2428,12.14,12.142318487167358,1,0.0607583485543727,0.9392417073249816,True
2431,12.155,0.10743194,0.07923349,0.08778294,0.05824251,1,2428,12.14,12.142318487167358,1,0.0607583485543727,0.9392417073249816,True
2432,12.16,0.10378114,0.08592531,0.09326568,0.080195986,1,2432,12.16,12.17007613182068,1,0.0469436272978782,0.9530563950538636,True
2433,12.165,0.098998696,0.091370255,0.09362684,0.09829714,1,2432,12.16,12.17007613182068,1,0.0469436272978782,0.9530563950538636,True
2434,12.17,0.10392087,0.10055765,0.09527542,0.11314628,1,2432,12.16,12.17007613182068,1,0.0469436272978782,0.9530563950538636,True
2435,12.175,0.11356965,0.109350905,0.097720265,0.121240854,1,2432,12.16,12.17007613182068,1,0.0469436272978782,0.9530563950538636,True
2436,12.18,0.1155406,0.110479616,0.09704466,0.12009532,1,2436,12.18,12.193920850753784,1,0.1525361388921737,0.847463846206665,True
2437,12.185,0.1017887,0.100092664,0.09072765,0.11071518,1,2436,12.18,12.193920850753784,1,0.1525361388921737,0.847463846206665,True
2438,12.19,0.07372407,0.07965841,0.07947739,0.09558504,1,2436,12.18,12.193920850753784,1,0.1525361388921737,0.847463846206665,True
2439,12.195,0.038261894,0.052700456,0.064491004,0.07476156,1,2436,12.18,12.193920850753784,1,0.1525361388921737,0.847463846206665,True
2440,12.2,0.0003994719,0.020223213,0.043072823,0.044210408,1,2440,12.2,12.208991289138794,1,0.045727539807558,0.9542723894119264,True
2441,12.205,-0.040425632,-0.020492349,0.007916935,-0.00148,1,2440,12.2,12.208991289138794,1,0.045727539807558,0.9542723894119264,True
2442,12.21,-0.087388754,-0.07205916,-0.047228683,-0.06346568,1,2440,12.2,12.208991289138794,1,0.045727539807558,0.9542723894119264,True
2443,12.215,-0.1397671,-0.13094713,-0.11885543,-0.13410236,1,2440,12.2,12.208991289138794,1,0.045727539807558,0.9542723894119264,True
2444,12.22,-0.18853067,-0.18452887,-0.1894636,-0.19717713,1,2444,12.22,12.225029706954956,1,0.0592361539602279,0.9407638907432556,True
2445,12.225,-0.21778296,-0.21462728,-0.2330915,-0.23339427,1,2444,12.22,12.225029706954956,1,0.0592361539602279,0.9407638907432556,True
2446,12.23,-0.21139447,-0.20594122,-0.22834931,-0.22788219,1,2444,12.22,12.225029706954956,1,0.0592361539602279,0.9407638907432556,True
2447,12.235,-0.16090196,-0.1538638,-0.17033759,-0.17557772,1,2444,12.22,12.225029706954956,1,0.0592361539602279,0.9407638907432556,True
2448,12.24,-0.07071647,-0.067035176,-0.0734683,-0.08292964,1,2448,12.24,12.240169525146484,1,0.0525071546435356,0.9474928379058838,True
2449,12.245,0.04121731,0.03571194,0.03578921,0.03278528,1,2448,12.24,12.240169525146484,1,0.0525071546435356,0.9474928379058838,True
2450,12.25,0.1474712,0.13110274,0.1302798,0.14556095,1,2448,12.24,12.240169525146484,1,0.0525071546435356,0.9474928379058838,True
2451,12.255,0.21936642,0.19732293,0.19058645,0.22568232,1,2448,12.24,12.240169525146484,1,0.0525071546435356,0.9474928379058838,True
2452,12.26,0.23756957,0.21950582,0.20788775,0.249289,1,2452,12.26,12.276790618896484,1,0.0449547730386257,0.955045223236084,True
2453,12.265,0.20080407,0.1945419,0.18345585,0.2098902,1,2452,12.26,12.276790618896484,1,0.0449547730386257,0.955045223236084,True
2454,12.27,0.12739097,0.13341755,0.12778449,0.1246728,1,2452,12.26,12.276790618896484,1,0.0449547730386257,0.955045223236084,True
2455,12.275,0.04740196,0.058624625,0.059412047,0.029268438,1,2452,12.26,12.276790618896484,1,0.0449547730386257,0.955045223236084,True
2456,12.28,-0.010956658,-0.0038857604,0.00089524325,-0.0383903,1,2456,12.28,12.293895959854126,1,0.0352835655212402,0.9647164344787598,True
2457,12.285,-0.03338167,-0.03546757,-0.029465634,-0.056782663,1,2456,12.28,12.293895959854126,1,0.0352835655212402,0.9647164344787598,True
2458,12.29,-0.024083009,-0.033349555,-0.027126867,-0.03141477,1,2456,12.28,12.293895959854126,1,0.0352835655212402,0.9647164344787598,True
2459,12.295,-0.0018962428,-0.01231467,-0.0054650414,0.008800001,1,2456,12.28,12.293895959854126,1,0.0352835655212402,0.9647164344787598,True
2460,12.3,0.00931198,0.0025109171,0.010348556,0.0275425,1,2460,12.3,12.308404922485352,1,0.0538354851305484,0.9461645483970642,True
2461,12.305,-0.008097551,-0.010781322,-0.0021255738,0.0009665309,1,2460,12.3,12.308404922485352,1,0.0538354851305484,0.9461645483970642,True
2462,12.31,-0.05666254,-0.057886768,-0.048460495,-0.06905317,1,2460,12.3,12.308404922485352,1,0.0538354851305484,0.9461645483970642,True
2463,12.315,-0.12116978,-0.12367075,-0.11311725,-0.1552753,1,2460,12.3,12.308404922485352,1,0.0538354851305484,0.9461645483970642,True
2464,12.32,-0.17453402,-0.17930529,-0.1678602,-0.21866637,1,2464,12.32,12.32013726234436,1,0.1344872117042541,0.8655127882957458,True
2465,12.325,-0.19058588,-0.19718003,-0.1868977,-0.22763374,1,2464,12.32,12.32013726234436,1,0.1344872117042541,0.8655127882957458,True
2466,12.33,-0.15757364,-0.16476227,-0.15916578,-0.1726538,1,2464,12.32,12.32013726234436,1,0.1344872117042541,0.8655127882957458,True
2467,12.335,-0.08465823,-0.089837015,-0.09167093,-0.06937281,1,2464,12.32,12.32013726234436,1,0.1344872117042541,0.8655127882957458,True
2468,12.34,0.0027625195,0.004543988,-0.004373428,0.049903855,1,2468,12.34,12.340227842330933,1,0.0467843674123287,0.9532155990600586,True
2469,12.345,0.07636183,0.091267586,0.078773156,0.15068349,1,2468,12.34,12.340227842330933,1,0.0467843674123287,0.9532155990600586,True
2470,12.35,0.11895056,0.15022185,0.13816728,0.20943215,1,2468,12.34,12.340227842330933,1,0.0467843674123287,0.9532155990600586,True
2471,12.355,0.13101241,0.17440549,0.1640276,0.22021191,1,2468,12.34,12.340227842330933,1,0.0467843674123287,0.9532155990600586,True
2472,12.36,0.12614386,0.16929054,0.15812598,0.19318001,1,2472,12.36,12.36305022239685,1,0.069442793726921,0.930557131767273,True
2473,12.365,0.11890068,0.14666471,0.13129218,0.14664419,1,2472,12.36,12.36305022239685,1,0.069442793726921,0.930557131767273,True
2474,12.37,0.113767885,0.11676643,0.0972935,0.09696803,1,2472,12.36,12.36305022239685,1,0.069442793726921,0.930557131767273,True
2475,12.375,0.1035114,0.083672084,0.06599775,0.0517458,1,2472,12.36,12.36305022239685,1,0.069442793726921,0.930557131767273,True
2476,12.38,0.07812611,0.046807796,0.03992179,0.009867483,1,2476,12.38,12.394455909729004,1,0.0433350875973701,0.9566649198532104,True
2477,12.385,0.036480334,0.006410897,0.016021034,-0.032618474,1,2476,12.38,12.394455909729004,1,0.0433350875973701,0.9566649198532104,True
2478,12.39,-0.010348729,-0.033074006,-0.009710995,-0.076293476,1,2476,12.38,12.394455909729004,1,0.0433350875973701,0.9566649198532104,True
2479,12.395,-0.047946654,-0.065763235,-0.03922196,-0.117040955,1,2476,12.38,12.394455909729004,1,0.0433350875973701,0.9566649198532104,True
2480,12.4,-0.07175357,-0.09061298,-0.07270768,-0.14972337,1,2480,12.4,12.408652782440186,1,0.0445330739021301,0.95546692609787,True
2481,12.405,-0.0915416,-0.11376957,-0.10973092,-0.17188984,1,2480,12.4,12.408652782440186,1,0.0445330739021301,0.95546692609787,True
2482,12.41,-0.1214574,-0.14248021,-0.14781325,-0.18284725,1,2480,12.4,12.408652782440186,1,0.0445330739021301,0.95546692609787,True
2483,12.415,-0.16344896,-0.17463031,-0.17893934,-0.17902833,1,2480,12.4,12.408652782440186,1,0.0445330739021301,0.95546692609787,True
2484,12.42,-0.19904473,-0.19380844,-0.18848698,-0.15162458,1,2484,12.42,12.420284032821655,1,0.1392650157213211,0.8607349991798401,True
2485,12.425,-0.19831586,-0.17659713,-0.16053046,-0.0913249,1,2484,12.42,12.420284032821655,1,0.1392650157213211,0.8607349991798401,True
2486,12.43,-0.1406127,-0.1087436,-0.0881605,0.001737984,1,2484,12.42,12.420284032821655,1,0.1392650157213211,0.8607349991798401,True
2487,12.435,-0.03157599,0.0013558916,0.017870545,0.11084167,1,2484,12.42,12.420284032821655,1,0.1392650157213211,0.8607349991798401,True
2488,12.44,0.09666154,0.12265478,0.12941533,0.20586549,1,2488,12.44,12.440186262130736,1,0.0417054295539855,0.9582945704460144,True
2489,12.445,0.20252761,0.21635857,0.21218948,0.25706783,1,2488,12.44,12.440186262130736,1,0.0417054295539855,0.9582945704460144,True
2490,12.45,0.2571874,0.25632384,0.2424948,0.2511892,1,2488,12.44,12.440186262130736,1,0.0417054295539855,0.9582945704460144,True
2491,12.455,0.2567321,0.24133384,0.21903421,0.19869968,1,2488,12.44,12.440186262130736,1,0.0417054295539855,0.9582945704460144,True
2492,12.46,0.21751142,0.19125572,0.16150045,0.12645824,1,2492,12.46,12.47381830215454,1,0.1098478287458419,0.8901521563529968,True
2493,12.465,0.16045485,0.13078506,0.09647195,0.060448464,1,2492,12.46,12.47381830215454,1,0.1098478287458419,0.8901521563529968,True
2494,12.47,0.09763385,0.073652335,0.040868364,0.010971925,1,2492,12.46,12.47381830215454,1,0.1098478287458419,0.8901521563529968,True
2495,12.475,0.030779222,0.0191595,-0.00458625,-0.028867142,1,2492,12.46,12.47381830215454,1,0.1098478287458419,0.8901521563529968,True
2496,12.48,-0.039941967,-0.03816554,-0.04791108,-0.07117519,1,2496,12.48,12.492968320846558,1,0.0296484436839818,0.9703515768051147,True
2497,12.485,-0.107754506,-0.096694075,-0.09271648,-0.11889148,1,2496,12.48,12.492968320846558,1,0.0296484436839818,0.9703515768051147,True
2498,12.49,-0.16081415,-0.14564702,-0.13217103,-0.16184121,1,2496,12.48,12.492968320846558,1,0.0296484436839818,0.9703515768051147,True
2499,12.495,-0.19152163,-0.1741676,-0.15510574,-0.18590225,1,2496,12.48,12.492968320846558,1,0.0296484436839818,0.9703515768051147,True
2500,12.5,-0.2028079,-0.18113446,-0.15694954,-0.18537828,1,2500,12.5,12.510181903839111,1,0.0692598074674606,0.930740237236023,True
2501,12.505,-0.20359409,-0.17494385,-0.1438114,-0.16614011,1,2500,12.5,12.510181903839111,1,0.0692598074674606,0.930740237236023,True
2502,12.51,-0.19754261,-0.16355696,-0.12569688,-0.13720937,1,2500,12.5,12.510181903839111,1,0.0692598074674606,0.930740237236023,True
2503,12.515,-0.17706622,-0.14549981,-0.10618889,-0.10059044,1,2500,12.5,12.510181903839111,1,0.0692598074674606,0.930740237236023,True
2504,12.52,-0.1295558,-0.111197025,-0.079185605,-0.050524585,1,2504,12.52,12.532356262207031,1,0.0472273901104927,0.9527725577354432,True
2505,12.525,-0.050176036,-0.0530116,-0.035670556,0.01719504,1,2504,12.52,12.532356262207031,1,0.0472273901104927,0.9527725577354432,True
2506,12.53,0.051090058,0.026165407,0.026489668,0.09600154,1,2504,12.52,12.532356262207031,1,0.0472273901104927,0.9527725577354432,True
2507,12.535,0.1542675,0.11333072,0.098821014,0.16913824,1,2504,12.52,12.532356262207031,1,0.0472273901104927,0.9527725577354432,True
2508,12.54,0.24024928,0.19255488,0.1667189,0.21924907,1,2508,12.54,12.541590690612791,1,0.0439778752624988,0.956022083759308,True
2509,12.545,0.29707554,0.2509043,0.21649075,0.23745663,1,2508,12.54,12.541590690612791,1,0.0439778752624988,0.956022083759308,True
2510,12.55,0.31784925,0.2788257,0.23877513,0.22438663,1,2508,12.54,12.541590690612791,1,0.0439778752624988,0.956022083759308,True
2511,12.555,0.29649302,0.26843467,0.22801314,0.18483694,1,2508,12.54,12.541590690612791,1,0.0439778752624988,0.956022083759308,True
2512,12.56,0.22934964,0.21541731,0.18228146,0.12357738,1,2512,12.56,12.577444076538086,1,0.0671441629528999,0.9328558444976808,True
2513,12.565,0.122607395,0.12478118,0.10599174,0.046532877,1,2512,12.56,12.577444076538086,1,0.0671441629528999,0.9328558444976808,True
2514,12.57,-0.0029137987,0.014308451,0.01256595,-0.03579087,1,2512,12.56,12.577444076538086,1,0.0671441629528999,0.9328558444976808,True
2515,12.575,-0.1172502,-0.09004215,-0.077812985,-0.10866523,1,2512,12.56,12.577444076538086,1,0.0671441629528999,0.9328558444976808,True
2516,12.58,-0.19516806,-0.16542083,-0.14612578,-0.158947,1,2516,12.58,12.589983224868774,1,0.0269170999526977,0.9730829000473022,True
2517,12.585,-0.2282744,-0.20228285,-0.18300816,-0.18175383,1,2516,12.58,12.589983224868774,1,0.0269170999526977,0.9730829000473022,True
2518,12.59,-0.22650723,-0.20643276,-0.1914914,-0.18205838,1,2516,12.58,12.589983224868774,1,0.0269170999526977,0.9730829000473022,True
2519,12.595,-0.2089777,-0.19245213,-0.18230893,-0.1697588,1,2516,12.58,12.589983224868774,1,0.0269170999526977,0.9730829000473022,True
2520,12.6,-0.19147371,-0.17388141,-0.1658091,-0.15223467,1,2520,12.6,12.610196828842165,1,0.053297609090805,0.9467024207115172,True
2521,12.605,-0.1782008,-0.15619026,-0.14621574,-0.12990506,1,2520,12.6,12.610196828842165,1,0.053297609090805,0.9467024207115172,True
2522,12.61,-0.16105552,-0.13550949,-0.121188216,-0.09755244,1,2520,12.6,12.610196828842165,1,0.053297609090805,0.9467024207115172,True
2523,12.615,-0.12589884,-0.10289776,-0.0856908,-0.050148666,1,2520,12.6,12.610196828842165,1,0.053297609090805,0.9467024207115172,True
2524,12.62,-0.06286588,-0.051706146,-0.0370197,0.010863085,1,2524,12.62,12.633081912994385,1,0.0421210750937461,0.9578788876533508,True
2525,12.625,0.024721049,0.016152492,0.022101492,0.07540391,1,2524,12.62,12.633081912994385,1,0.0421210750937461,0.9578788876533508,True
2526,12.63,0.1191375,0.08937714,0.08393098,0.12897131,1,2524,12.62,12.633081912994385,1,0.0421210750937461,0.9578788876533508,True
2527,12.635,0.19676517,0.15284961,0.13893667,0.16077259,1,2524,12.62,12.633081912994385,1,0.0421210750937461,0.9578788876533508,True
2528,12.64,0.2404598,0.19524337,0.17928867,0.16944887,1,2528,12.64,12.63998031616211,1,0.0638462454080581,0.936153769493103,True
2529,12.645,0.24625568,0.2125014,0.2002132,0.16137758,1,2528,12.64,12.63998031616211,1,0.0638462454080581,0.936153769493103,True
2530,12.65,0.22056931,0.2055461,0.19925512,0.14322357,1,2528,12.64,12.63998031616211,1,0.0638462454080581,0.936153769493103,True
2531,12.655,0.17343763,0.17678237,0.17580462,0.11625686,1,2528,12.64,12.63998031616211,1,0.0638462454080581,0.936153769493103,True
2532,12.66,0.11547728,0.13029969,0.13248841,0.07823416,1,2532,12.66,12.676039934158323,1,0.0297799538820981,0.9702200293540956,True
2533,12.665,0.058831226,0.074516,0.07677233,0.030377103,1,2532,12.66,12.676039934158323,1,0.0297799538820981,0.9702200293540956,True
2534,12.67,0.015464759,0.021338543,0.019508312,-0.018954465,1,2532,12.66,12.676039934158323,1,0.0297799538820981,0.9702200293540956,True
2535,12.675,-0.010314764,-0.020459851,-0.030081242,-0.058891404,1,2532,12.66,12.676039934158323,1,0.0297799538820981,0.9702200293540956,True
2536,12.68,-0.02813084,-0.051817577,-0.06906707,-0.08461026,1,2536,12.68,12.692304134368896,1,0.0284621939063072,0.9715377688407898,True
2537,12.685,-0.056677636,-0.081939176,-0.10059558,-0.100601405,1,2536,12.68,12.692304134368896,1,0.0284621939063072,0.9715377688407898,True
2538,12.69,-0.108115174,-0.11861741,-0.12885848,-0.11481004,1,2536,12.68,12.692304134368896,1,0.0284621939063072,0.9715377688407898,True
2539,12.695,-0.1749376,-0.15932173,-0.1541441,-0.12950504,1,2536,12.68,12.692304134368896,1,0.0284621939063072,0.9715377688407898,True
2540,12.7,-0.23238073,-0.19174303,-0.1723292,-0.13803966,1,2540,12.7,12.70723581314087,1,0.0777281373739242,0.9222719073295592,True
2541,12.705,-0.25504646,-0.20273001,-0.17803507,-0.13032207,1,2540,12.7,12.70723581314087,1,0.0777281373739242,0.9222719073295592,True
2542,12.71,-0.23298772,-0.1864886,-0.16720396,-0.10122224,1,2540,12.7,12.70723581314087,1,0.0777281373739242,0.9222719073295592,True
2543,12.715,-0.17415415,-0.14520586,-0.13696921,-0.054308135,1,2540,12.7,12.70723581314087,1,0.0777281373739242,0.9222719073295592,True
2544,12.72,-0.09410376,-0.08417047,-0.08513865,0.0010847404,1,2544,12.72,12.72737431526184,1,0.0429047495126724,0.9570952653884888,True
2545,12.725,-0.004936184,-0.008431467,-0.012392413,0.0553209,1,2544,12.72,12.72737431526184,1,0.0429047495126724,0.9570952653884888,True
2546,12.73,0.08671308,0.07549914,0.07359791,0.10151104,1,2544,12.72,12.72737431526184,1,0.0429047495126724,0.9570952653884888,True
2547,12.735,0.17355606,0.1560209,0.1565146,0.13485481,1,2544,12.72,12.72737431526184,1,0.0429047495126724,0.9570952653884888,True
2548,12.74,0.24198551,0.21624784,0.21543698,0.1506077,1,2548,12.74,12.744165182113647,1,0.0483793914318084,0.951620638370514,True
2549,12.745,0.27384964,0.23920992,0.23320661,0.14369394,1,2548,12.74,12.744165182113647,1,0.0483793914318084,0.951620638370514,True
2550,12.75,0.25544077,0.21584307,0.20440973,0.11121711,0,2548,12.74,12.744165182113647,1,0.0483793914318084,0.951620638370514,False
2551,12.755,0.18747935,0.15111324,0.13861777,0.05654926,0,2548,12.74,12.744165182113647,1,0.0483793914318084,0.951620638370514,False
2552,12.76,0.08871756,0.064281985,0.05709209,-0.008293921,0,2552,12.76,12.773874044418337,1,0.0378052368760108,0.9621947407722472,False
2553,12.765,-0.010632661,-0.018185252,-0.015980085,-0.06519341,0,2552,12.76,12.773874044418337,1,0.0378052368760108,0.9621947407722472,False
2554,12.77,-0.08297204,-0.07443553,-0.0638653,-0.09748794,0,2552,12.76,12.773874044418337,1,0.0378052368760108,0.9621947407722472,False
2555,12.775,-0.11639217,-0.09701648,-0.08356796,-0.09820361,0,2552,12.76,12.773874044418337,1,0.0378052368760108,0.9621947407722472,False
2556,12.78,-0.11787744,-0.09384325,-0.083867386,-0.07298094,0,2556,12.78,12.789886236190796,1,0.0313330963253974,0.9686669111251832,False
2557,12.785,-0.10463281,-0.07968772,-0.07665409,-0.035528354,0,2556,12.78,12.789886236190796,1,0.0313330963253974,0.9686669111251832,False
2558,12.79,-0.09078087,-0.06534713,-0.06863774,0.00035449272,0,2556,12.78,12.789886236190796,1,0.0313330963253974,0.9686669111251832,False
2559,12.795,-0.079886,-0.053270016,-0.059913542,0.025820183,0,2556,12.78,12.789886236190796,1,0.0313330963253974,0.9686669111251832,False
2560,12.8,-0.06773828,-0.041617006,-0.04896315,0.03677831,0,2560,12.8,12.80460238456726,1,0.0598773397505283,0.9401226043701172,False
2561,12.805,-0.050499506,-0.030478321,-0.03744239,0.03186912,0,2560,12.8,12.80460238456726,1,0.0598773397505283,0.9401226043701172,False
2562,12.81,-0.029707301,-0.023000252,-0.029279573,0.012765079,0,2560,12.8,12.80460238456726,1,0.0598773397505283,0.9401226043701172,False
2563,12.815,-0.010420438,-0.021012755,-0.02568702,-0.013770464,0,2560,12.8,12.80460238456726,1,0.0598773397505283,0.9401226043701172,False
2564,12.82,0.003930333,-0.02124943,-0.022536613,-0.036534708,0,2564,12.82,12.819949388504028,1,0.0617909543216228,0.938209056854248,False
2565,12.825,0.014136671,-0.017188385,-0.013735078,-0.04540997,0,2564,12.82,12.819949388504028,1,0.0617909543216228,0.938209056854248,False
2566,12.83,0.02335225,-0.0047433213,0.0027988497,-0.03782766,0,2564,12.82,12.819949388504028,1,0.0617909543216228,0.938209056854248,False
2567,12.835,0.033780158,0.0143447695,0.02304655,-0.019835902,0,2564,12.82,12.819949388504028,1,0.0617909543216228,0.938209056854248,False
2568,12.84,0.045487203,0.03472144,0.040858787,-0.00024692793,0,2568,12.84,12.841703176498411,1,0.1488340198993683,0.8511659502983093,False
2569,12.845,0.05739803,0.05212794,0.05335197,0.01648893,0,2568,12.84,12.841703176498411,1,0.1488340198993683,0.8511659502983093,False
2570,12.85,0.06766526,0.06495102,0.061498377,0.031441927,0,2568,12.84,12.841703176498411,1,0.1488340198993683,0.8511659502983093,False
2571,12.855,0.07210397,0.07115902,0.06528521,0.045410514,0,2568,12.84,12.841703176498411,1,0.1488340198993683,0.8511659502983093,False
2572,12.86,0.06348499,0.06540405,0.059713464,0.05314872,0,2572,12.86,12.87721872329712,1,0.1701440066099167,0.8298559784889221,False
2573,12.865,0.03560055,0.041993815,0.03814253,0.045568872,0,2572,12.86,12.87721872329712,1,0.1701440066099167,0.8298559784889221,False
2574,12.87,-0.008887093,0.002927401,0.0015564703,0.019659508,0,2572,12.86,12.87721872329712,1,0.1701440066099167,0.8298559784889221,False
2575,12.875,-0.05431535,-0.037397105,-0.036012113,-0.013852636,0,2572,12.86,12.87721872329712,1,0.1701440066099167,0.8298559784889221,False
2576,12.88,-0.07878616,-0.05861969,-0.054375246,-0.03523307,0,2576,12.88,12.890204668045044,1,0.1692080050706863,0.8307920098304749,False
2577,12.885,-0.06944909,-0.049432967,-0.04304718,-0.03129988,0,2576,12.88,12.890204668045044,1,0.1692080050706863,0.8307920098304749,False
2578,12.89,-0.03387269,-0.01827522,-0.011820882,-0.00782411,0,2576,12.88,12.890204668045044,1,0.1692080050706863,0.8307920098304749,False
2579,12.895,0.0038782908,0.011538519,0.015436694,0.014285923,0,2576,12.88,12.890204668045044,1,0.1692080050706863,0.8307920098304749,False
2580,12.9,0.020776406,0.019644722,0.019774461,0.016876416,0,2580,12.9,12.90991234779358,1,0.1100557073950767,0.889944314956665,False
2581,12.905,0.011488828,0.004130158,0.0019994983,-2.4427134e-06,0,2580,12.9,12.90991234779358,1,0.1100557073950767,0.889944314956665,False
2582,12.91,-0.009934212,-0.018959368,-0.020132994,-0.019780919,0,2580,12.9,12.90991234779358,1,0.1100557073950767,0.889944314956665,False
2583,12.915,-0.023924317,-0.03101509,-0.029082166,-0.026170138,0,2580,12.9,12.90991234779358,1,0.1100557073950767,0.889944314956665,False
2584,12.92,-0.02171908,-0.02659708,-0.0224535,-0.018385146,0,2584,12.92,12.927230834960938,1,0.2336118817329406,0.7663880586624146,False
2585,12.925,-0.009907219,-0.01550999,-0.012319382,-0.010125642,0,2584,12.92,12.927230834960938,1,0.2336118817329406,0.7663880586624146,False
2586,12.93,-0.0007453008,-0.010694506,-0.011204051,-0.013956495,0,2584,12.92,12.927230834960938,1,0.2336118817329406,0.7663880586624146,False
2587,12.935,0.0010745185,-0.014519069,-0.019213406,-0.026962327,0,2584,12.92,12.927230834960938,1,0.2336118817329406,0.7663880586624146,False
2588,12.94,0.002218209,-0.016693935,-0.024347853,-0.032070126,0,2588,12.94,12.941519021987917,1,0.2754903435707092,0.7245096564292908,False
2589,12.945,0.012015512,-0.0053848117,-0.01476586,-0.014234192,0,2588,12.94,12.941519021987917,1,0.2754903435707092,0.7245096564292908,False
2590,12.95,0.030463757,0.019407168,0.008996831,0.023490742,0,2588,12.94,12.941519021987917,1,0.2754903435707092,0.7245096564292908,False
2591,12.955,0.045238324,0.04315631,0.032949537,0.05914526,0,2588,12.94,12.941519021987917,1,0.2754903435707092,0.7245096564292908,False
2592,12.96,0.041518625,0.048030924,0.040597025,0.06805134,0,2592,12.96,12.970319271087646,1,0.3363575339317322,0.6636424660682678,False
2593,12.965,0.016277961,0.028666133,0.02676901,0.042862438,0,2592,12.96,12.970319271087646,1,0.3363575339317322,0.6636424660682678,False
2594,12.97,-0.016158838,-0.0013787127,0.0029824313,0.00075254776,0,2592,12.96,12.970319271087646,1,0.3363575339317322,0.6636424660682678,False
2595,12.975,-0.033476472,-0.018912576,-0.010440844,-0.028634785,0,2592,12.96,12.970319271087646,1,0.3363575339317322,0.6636424660682678,False
2596,12.98,-0.022801807,-0.009297167,-8.725764e-06,-0.025304645,0,2596,12.98,12.990233898162842,1,0.380474179983139,0.6195258498191833,False
2597,12.985,0.008248361,0.021251995,0.029510813,0.006139039,0,2596,12.98,12.990233898162842,1,0.380474179983139,0.6195258498191833,False
2598,12.99,0.03650662,0.04956199,0.057221103,0.04013154,0,2596,12.98,12.990233898162842,1,0.380474179983139,0.6195258498191833,False
2599,12.995,0.04046789,0.052651834,0.06078867,0.04911374,0,2596,12.98,12.990233898162842,1,0.380474179983139,0.6195258498191833,False
2600,13.0,0.01593219,0.02448139,0.032619078,0.023091622,0,2600,13.0,13.000744104385376,0,0.5230817794799805,0.4769181907176971,True
2601,13.005,-0.022021124,-0.020480867,-0.01478945,-0.024350673,0,2600,13.0,13.000744104385376,0,0.5230817794799805,0.4769181907176971,True
2602,13.01,-0.05120398,-0.05850301,-0.057851452,-0.066563845,0,2600,13.0,13.000744104385376,0,0.5230817794799805,0.4769181907176971,True
2603,13.015,-0.058029424,-0.07284673,-0.07765627,-0.081833124,0,2600,13.0,13.000744104385376,0,0.5230817794799805,0.4769181907176971,True
2604,13.02,-0.04473259,-0.0627867,-0.07064001,-0.06595826,0,2604,13.02,13.026501178741457,0,0.6673654913902283,0.3326344788074493,True
2605,13.025,-0.024290942,-0.040349554,-0.047546353,-0.03211334,0,2604,13.02,13.026501178741457,0,0.6673654913902283,0.3326344788074493,True
2606,13.03,-0.009028168,-0.019400945,-0.023363555,-4.6190424e-05,0,2604,13.02,13.026501178741457,0,0.6673654913902283,0.3326344788074493,True
2607,13.035,-0.0023151336,-0.0061712475,-0.0067840745,0.01699628,0,2604,13.02,13.026501178741457,0,0.6673654913902283,0.3326344788074493,True
2608,13.04,0.0013699296,0.002482577,0.0033766439,0.019046234,0,2608,13.04,13.047505378723145,0,0.7500228881835938,0.2499771118164062,True
2609,13.045,0.009676603,0.013312566,0.013492565,0.016292708,0,2608,13.04,13.047505378723145,0,0.7500228881835938,0.2499771118164062,True
2610,13.05,0.024889011,0.028909763,0.027126146,0.019259,0,2608,13.04,13.047505378723145,0,0.7500228881835938,0.2499771118164062,True
2611,13.055,0.04132002,0.04427417,0.040681247,0.029977797,0,2608,13.04,13.047505378723145,0,0.7500228881835938,0.2499771118164062,True
2612,13.06,0.049230102,0.050305888,0.04613619,0.040828176,0,2612,13.06,13.060188293457031,0,0.8167247176170349,0.1832752823829651,True
2613,13.065,0.04207283,0.041167006,0.038083512,0.041479826,0,2612,13.06,13.060188293457031,0,0.8167247176170349,0.1832752823829651,True
2614,13.07,0.021470975,0.019353183,0.018729087,0.027800348,0,2612,13.06,13.060188293457031,0,0.8167247176170349,0.1832752823829651,True
2615,13.075,-0.0037033532,-0.0055667246,-0.0033067055,0.0053096567,0,2612,13.06,13.060188293457031,0,0.8167247176170349,0.1832752823829651,True
2616,13.08,-0.022955507,-0.023113783,-0.018849755,-0.015122149,0,2616,13.08,13.094238758087158,0,0.8638388514518738,0.1361611634492874,True
2617,13.085,-0.029893117,-0.027797813,-0.023497073,-0.0250194,0,2616,13.08,13.094238758087158,0,0.8638388514518738,0.1361611634492874,True
2618,13.09,-0.024332538,-0.020768711,-0.018662324,-0.02305481,0,2616,13.08,13.094238758087158,0,0.8638388514518738,0.1361611634492874,True
2619,13.095,-0.010794298,-0.0074568936,-0.008918081,-0.014010196,0,2616,13.08,13.094238758087158,0,0.8638388514518738,0.1361611634492874,True
2620,13.1,0.004143912,0.005797349,0.0011539615,-0.0043170825,0,2620,13.1,13.110984563827516,0,0.8692941665649414,0.1307057738304138,True
2621,13.105,0.013986385,0.013910259,0.008353407,0.0016180045,0,2620,13.1,13.110984563827516,0,0.8692941665649414,0.1307057738304138,True
2622,13.11,0.014317747,0.014126268,0.010807454,0.0023651726,0,2620,13.1,13.110984563827516,0,0.8692941665649414,0.1307057738304138,True
2623,13.115,0.00508352,0.0068956623,0.007993746,-0.0012041137,0,2620,13.1,13.110984563827516,0,0.8692941665649414,0.1307057738304138,True
2624,13.12,-0.008344192,-0.0037539026,0.0013829743,-0.006527271,0,2624,13.12,13.12610149383545,0,0.8852380514144897,0.1147619485855102,True
2625,13.125,-0.01750004,-0.011626022,-0.005317105,-0.009801385,0,2624,13.12,13.12610149383545,0,0.8852380514144897,0.1147619485855102,True
2626,13.13,-0.016144658,-0.0116985105,-0.0075504496,-0.007305538,0,2624,13.12,13.12610149383545,0,0.8852380514144897,0.1147619485855102,True
2627,13.135,-0.004708833,-0.0034137166,-0.0027517243,0.0022328212,0,2624,13.12,13.12610149383545,0,0.8852380514144897,0.1147619485855102,True
2628,13.14,0.009957927,0.008597765,0.0071967724,0.015706368,0,2628,13.14,13.141919374465942,0,0.8877196311950684,0.1122803390026092,True
2629,13.145,0.019273942,0.016982097,0.016023843,0.02603342,0,2628,13.14,13.141919374465942,0,0.8877196311950684,0.1122803390026092,True
2630,13.15,0.018024163,0.015619092,0.016308447,0.02545594,0,2628,13.14,13.141919374465942,0,0.8877196311950684,0.1122803390026092,True
2631,13.155,0.0063398564,0.0027821977,0.0042682183,0.01023642,0,2628,13.14,13.141919374465942,0,0.8877196311950684,0.1122803390026092,True
2632,13.16,-0.011472364,-0.017788298,-0.017018784,-0.01606849,0,2632,13.16,13.160229206085203,0,0.8888192176818848,0.1111807823181152,True
2633,13.165,-0.029127123,-0.038149178,-0.03846881,-0.043238904,0,2632,13.16,13.160229206085203,0,0.8888192176818848,0.1111807823181152,True
2634,13.17,-0.040343177,-0.04945164,-0.049809586,-0.05923513,0,2632,13.16,13.160229206085203,0,0.8888192176818848,0.1111807823181152,True
2635,13.175,-0.040797066,-0.04611611,-0.0453124,-0.056593046,0,2632,13.16,13.160229206085203,0,0.8888192176818848,0.1111807823181152,True
2636,13.18,-0.029791195,-0.028588805,-0.026515475,-0.036160618,0,2636,13.18,13.19384241104126,0,0.8900354504585266,0.109964519739151,True
2637,13.185,-0.010316703,-0.00263026,-0.00028838267,-0.0056543453,0,2636,13.18,13.19384241104126,0,0.8900354504585266,0.109964519739151,True
2638,13.19,0.012920873,0.024346445,0.02563905,0.025423652,0,2636,13.18,13.19384241104126,0,0.8900354504585266,0.109964519739151,True
2639,13.195,0.035634145,0.04665128,0.045760382,0.050155412,0,2636,13.18,13.19384241104126,0,0.8900354504585266,0.109964519739151,True
2640,13.2,0.053995747,0.060671274,0.05666749,0.06488257,0,2640,13.2,13.202343225479126,0,0.8901808857917786,0.1098191440105438,True
2641,13.205,0.063186705,0.06319044,0.05571513,0.06741317,0,2640,13.2,13.202343225479126,0,0.8901808857917786,0.1098191440105438,True
2642,13.21,0.057737507,0.051312335,0.041620377,0.056377012,0,2640,13.2,13.202343225479126,0,0.8901808857917786,0.1098191440105438,True
2643,13.215,0.035455354,0.0255948,0.017134713,0.03320291,0,2640,13.2,13.202343225479126,0,0.8901808857917786,0.1098191440105438,True
2644,13.22,0.0019737484,-0.00671625,-0.009660092,0.0041167373,0,2644,13.22,13.225144624710085,0,0.8810508847236633,0.1189490854740142,True
2645,13.225,-0.02956861,-0.033195347,-0.028496569,-0.021454912,0,2644,13.22,13.225144624710085,0,0.8810508847236633,0.1189490854740142,True
2646,13.23,-0.045728162,-0.04334385,-0.033192575,-0.036141988,0,2644,13.22,13.225144624710085,0,0.8810508847236633,0.1189490854740142,True
2647,13.235,-0.04202328,-0.036099408,-0.025961408,-0.039267574,0,2644,13.22,13.225144624710085,0,0.8810508847236633,0.1189490854740142,True
2648,13.24,-0.026171371,-0.020794136,-0.015608579,-0.036296733,0,2648,13.24,13.2444109916687,0,0.8826532959938049,0.1173467487096786,True
2649,13.245,-0.01161514,-0.00971143,-0.010553332,-0.033106267,0,2648,13.24,13.2444109916687,0,0.8826532959938049,0.1173467487096786,True
2650,13.25,-0.006488905,-0.008198435,-0.012339112,-0.030291203,0,2648,13.24,13.2444109916687,0,0.8826532959938049,0.1173467487096786,True
2651,13.255,-0.007982021,-0.011231843,-0.015238373,-0.023205996,0,2648,13.24,13.2444109916687,0,0.8826532959938049,0.1173467487096786,True
2652,13.26,-0.007314124,-0.009706146,-0.012326022,-0.008074535,0,2652,13.26,13.27525019645691,0,0.8900312781333923,0.1099686920642852,True
2653,13.265,-0.0001286077,-0.000310811,-0.0024414577,0.011816428,0,2652,13.26,13.27525019645691,0,0.8900312781333923,0.1099686920642852,True
2654,13.27,0.00847543,0.010853646,0.008521971,0.026550848,0,2652,13.26,13.27525019645691,0,0.8900312781333923,0.1099686920642852,True
2655,13.275,0.009541154,0.014519226,0.013228482,0.027165564,0,2652,13.26,13.27525019645691,0,0.8900312781333923,0.1099686920642852,True
2656,13.28,0.00054405635,0.007908527,0.009973751,0.013702857,0,2656,13.28,13.29037380218506,0,0.8900684714317322,0.1099315509200096,True
2657,13.285,-0.010606742,-0.0020412356,0.0043717553,-0.003864783,0,2656,13.28,13.29037380218506,0,0.8900684714317322,0.1099315509200096,True
2658,13.29,-0.012319964,-0.0050877836,0.004027245,-0.013034893,0,2656,13.28,13.29037380218506,0,0.8900684714317322,0.1099315509200096,True
2659,13.295,-0.00022311368,0.0026634862,0.01121941,-0.008205025,0,2656,13.28,13.29037380218506,0,0.8900684714317322,0.1099315509200096,True
2660,13.3,0.018449558,0.0151085155,0.020379348,0.0057356013,0,2660,13.3,13.3100106716156,0,0.8902124166488647,0.1097875535488128,True
2661,13.305,0.030972265,0.021600908,0.022641005,0.018118637,0,2660,13.3,13.3100106716156,0,0.8902124166488647,0.1097875535488128,True
2662,13.31,0.029640084,0.016088517,0.01336155,0.02090763,0,2660,13.3,13.3100106716156,0,0.8902124166488647,0.1097875535488128,True
2663,13.315,0.017088087,0.0017402807,-0.0039500585,0.013772301,0,2660,13.3,13.3100106716156,0,0.8902124166488647,0.1097875535488128,True
2664,13.32,0.0026046785,-0.012240989,-0.020342864,0.0026115577,0,2664,13.32,13.32863712310791,0,0.8843817710876465,0.1156182512640953,True
2665,13.325,-0.0059417696,-0.017881857,-0.027897695,-0.0058494247,0,2664,13.32,13.32863712310791,0,0.8843817710876465,0.1156182512640953,True
2666,13.33,-0.007208817,-0.013563952,-0.024458677,-0.00845546,0,2664,13.32,13.32863712310791,0,0.8843817710876465,0.1156182512640953,True
2667,13.335,-0.0055005574,-0.00399233,-0.013673687,-0.006432011,0,2664,13.32,13.32863712310791,0,0.8843817710876465,0.1156182512640953,True
2668,13.34,-0.0063537164,0.003676215,-0.0016308955,-0.003390167,0,2668,13.34,13.340193510055542,0,0.8882776498794556,0.111722320318222,True
2669,13.345,-0.012342215,0.004597513,0.006854033,-0.0024799306,0,2668,13.34,13.340193510055542,0,0.8882776498794556,0.111722320318222,True
2670,13.35,-0.021036504,-0.00062908797,0.010192883,-0.004259076,0,2668,13.34,13.340193510055542,0,0.8882776498794556,0.111722320318222,True
2671,13.355,-0.025921103,-0.0064175827,0.009601443,-0.006565346,0,2668,13.34,13.340193510055542,0,0.8882776498794556,0.111722320318222,True
2672,13.36,-0.020728493,-0.006727472,0.0069111316,-0.0068670977,0,2672,13.36,13.360077142715454,0,0.8897751569747925,0.1102248504757881,True
2673,13.365,-0.0053615253,-0.0007441497,0.0025718785,-0.0052478584,0,2672,13.36,13.360077142715454,0,0.8897751569747925,0.1102248504757881,True
2674,13.37,0.011758372,0.005707038,-0.0038942427,-0.004571754,0,2672,13.36,13.360077142715454,0,0.8897751569747925,0.1102248504757881,True
2675,13.375,0.019149266,0.0056123785,-0.011070427,-0.0067051826,0,2672,13.36,13.360077142715454,0,0.8897751569747925,0.1102248504757881,True
2676,13.38,0.012592605,-0.0013490573,-0.013863218,-0.008547418,0,2676,13.38,13.39385747909546,0,0.8908540606498718,0.1091459393501281,True
2677,13.385,0.0006079178,-0.0068202736,-0.0062291385,-0.0032239615,0,2676,13.38,13.39385747909546,0,0.8908540606498718,0.1091459393501281,True
2678,13.39,-0.0021052696,-0.0012140283,0.012638787,0.012975555,0,2676,13.38,13.39385747909546,0,0.8908540606498718,0.1091459393501281,True
2679,13.395,0.011110939,0.01564661,0.03444005,0.034110647,0,2676,13.38,13.39385747909546,0,0.8908540606498718,0.1091459393501281,True
2680,13.4,0.030490924,0.03155122,0.045306075,0.045961313,0,2680,13.4,13.409974336624146,0,0.8906727433204651,0.1093272417783737,True
2681,13.405,0.03670608,0.03100166,0.03539132,0.035991143,0,2680,13.4,13.409974336624146,0,0.8906727433204651,0.1093272417783737,True
2682,13.41,0.017793812,0.008886455,0.00689549,0.004105847,0,2680,13.4,13.409974336624146,0,0.8906727433204651,0.1093272417783737,True
2683,13.415,-0.019317966,-0.023967572,-0.02663828,-0.035367772,0,2680,13.4,13.409974336624146,0,0.8906727433204651,0.1093272417783737,True
2684,13.42,-0.053241957,-0.048676793,-0.049499586,-0.06275888,0,2684,13.42,13.420283794403076,0,0.8757434487342834,0.1242565363645553,True
2685,13.425,-0.06405872,-0.052307602,-0.05379085,-0.06582642,0,2684,13.42,13.420283794403076,0,0.8757434487342834,0.1242565363645553,True
2686,13.43,-0.046596266,-0.035708785,-0.042348906,-0.046094704,0,2684,13.42,13.420283794403076,0,0.8757434487342834,0.1242565363645553,True
2687,13.435,-0.011275709,-0.009883587,-0.023703411,-0.015001571,0,2684,13.42,13.420283794403076,0,0.8757434487342834,0.1242565363645553,True
2688,13.44,0.025175665,0.013596836,-0.0049994276,0.015048014,0,2688,13.44,13.444742441177368,0,0.8895424604415894,0.1104574650526046,True
2689,13.445,0.049653802,0.02897009,0.010939401,0.036744338,0,2688,13.44,13.444742441177368,0,0.8895424604415894,0.1104574650526046,True
2690,13.45,0.056629937,0.035738673,0.023618901,0.04779547,0,2688,13.44,13.444742441177368,0,0.8895424604415894,0.1104574650526046,True
2691,13.455,0.046842046,0.034826744,0.031914756,0.04793701,0,2688,13.44,13.444742441177368,0,0.8895424604415894,0.1104574650526046,True
2692,13.46,0.02508528,0.026841646,0.03384474,0.037884593,0,2692,13.46,13.470012426376345,0,0.8902191519737244,0.1097808927297592,True
2693,13.465,-0.00077696296,0.013690002,0.02888654,0.02106891,0,2692,13.46,13.470012426376345,0,0.8902191519737244,0.1097808927297592,True
2694,13.47,-0.021240681,0.0001862532,0.019696316,0.004502425,0,2692,13.46,13.470012426376345,0,0.8902191519737244,0.1097808927297592,True
2695,13.475,-0.028949577,-0.0077494252,0.010861971,-0.0044776024,0,2692,13.46,13.470012426376345,0,0.8902191519737244,0.1097808927297592,True
2696,13.48,-0.023185223,-0.007416589,0.0056450586,-0.0037897201,0,2696,13.48,13.492480993270874,0,0.8897410035133362,0.1102589666843414,True
2697,13.485,-0.010606021,-0.0016727712,0.0039096004,0.0011902441,0,2696,13.48,13.492480993270874,0,0.8897410035133362,0.1102589666843414,True
2698,13.49,-0.00014623207,0.003704625,0.0031997678,0.0021153546,0,2696,13.48,13.492480993270874,0,0.8897410035133362,0.1102589666843414,True
2699,13.495,0.0040091984,0.005204359,0.0015272759,-0.004760391,0,2696,13.48,13.492480993270874,0,0.8897410035133362,0.1102589666843414,True
2700,13.5,0.004542641,0.0037500733,-0.0013293468,-0.015412705,0,2700,13.5,13.500800848007202,0,0.8903904557228088,0.1096095442771911,True
2701,13.505,0.0058771498,0.0015291369,-0.0052398527,-0.02269297,0,2700,13.5,13.500800848007202,0,0.8903904557228088,0.1096095442771911,True
2702,13.51,0.007267559,-0.002573371,-0.01163483,-0.024052536,0,2700,13.5,13.500800848007202,0,0.8903904557228088,0.1096095442771911,True
2703,13.515,0.0019945768,-0.0130352145,-0.022906978,-0.024216896,0,2700,13.5,13.500800848007202,0,0.8903904557228088,0.1096095442771911,True
2704,13.52,-0.015640873,-0.03228975,-0.039190818,-0.029851967,0,2704,13.52,13.520292520523071,0,0.8896079659461975,0.110392078757286,True
2705,13.525,-0.042256683,-0.055288132,-0.05569653,-0.041507494,0,2704,13.52,13.520292520523071,0,0.8896079659461975,0.110392078757286,True
2706,13.53,-0.06463549,-0.07017386,-0.06377152,-0.05090714,0,2704,13.52,13.520292520523071,0,0.8896079659461975,0.110392078757286,True
2707,13.535,-0.067763515,-0.06544477,-0.055617753,-0.046498448,0,2704,13.52,13.520292520523071,0,0.8896079659461975,0.110392078757286,True
2708,13.54,-0.044945575,-0.037826084,-0.029378733,-0.022535454,0,2708,13.54,13.54458785057068,0,0.8885502815246582,0.1114496514201164,True
2709,13.545,-0.0018900485,0.005405441,0.009034882,0.015934233,0,2708,13.54,13.54458785057068,0,0.8885502815246582,0.1114496514201164,True
2710,13.55,0.04727224,0.05075758,0.04850615,0.055852134,0,2708,13.54,13.54458785057068,0,0.8885502815246582,0.1114496514201164,True
2711,13.555,0.087310135,0.08523099,0.07770074,0.08375887,0,2708,13.54,13.54458785057068,0,0.8885502815246582,0.1114496514201164,True
2712,13.56,0.106924556,0.10046729,0.08929104,0.092072934,0,2712,13.56,13.571037769317629,0,0.8903779983520508,0.109621986746788,True
2713,13.565,0.10041822,0.09336448,0.081579864,0.08042604,0,2712,13.56,13.571037769317629,0,0.8903779983520508,0.109621986746788,True
2714,13.57,0.06872149,0.06586093,0.058045916,0.0534635,0,2712,13.56,13.571037769317629,0,0.8903779983520508,0.109621986746788,True
2715,13.575,0.020969396,0.025698317,0.026161702,0.018637536,0,2712,13.56,13.571037769317629,0,0.8903779983520508,0.109621986746788,True
2716,13.58,-0.026352605,-0.013976941,-0.004419387,-0.014855856,0,2716,13.58,13.591114282608032,0,0.882460355758667,0.11753960698843,True
2717,13.585,-0.05589981,-0.039412647,-0.025150394,-0.037864093,0,2716,13.58,13.591114282608032,0,0.882460355758667,0.11753960698843,True
2718,13.59,-0.05923005,-0.044184115,-0.03268824,-0.04500758,0,2716,13.58,13.591114282608032,0,0.882460355758667,0.11753960698843,True
2719,13.595,-0.04228574,-0.03383165,-0.03081483,-0.038116097,0,2716,13.58,13.591114282608032,0,0.882460355758667,0.11753960698843,True
2720,13.6,-0.02119117,-0.022006525,-0.027713414,-0.025718711,0,2720,13.6,13.61028289794922,0,0.8848598003387451,0.1151402220129966,True
2721,13.605,-0.011140832,-0.020409344,-0.029957863,-0.017899795,0,2720,13.6,13.61028289794922,0,0.8848598003387451,0.1151402220129966,True
2722,13.61,-0.01698214,-0.030668918,-0.037785027,-0.020038962,0,2720,13.6,13.61028289794922,0,0.8848598003387451,0.1151402220129966,True
2723,13.615,-0.03195718,-0.0443732,-0.045273136,-0.029907646,0,2720,13.6,13.61028289794922,0,0.8848598003387451,0.1151402220129966,True
2724,13.62,-0.04395091,-0.05017819,-0.044955958,-0.039710652,0,2724,13.62,13.628250122070312,0,0.8882871270179749,0.1117129027843475,True
2725,13.625,-0.043516558,-0.041667916,-0.033122428,-0.04108561,0,2724,13.62,13.628250122070312,0,0.8882871270179749,0.1117129027843475,True
2726,13.63,-0.02835244,-0.020455167,-0.012080792,-0.029688064,0,2724,13.62,13.628250122070312,0,0.8882871270179749,0.1117129027843475,True
2727,13.635,-0.0028291373,0.0062394966,0.0116486875,-0.0070808604,0,2724,13.62,13.628250122070312,0,0.8882871270179749,0.1117129027843475,True
2728,13.64,0.025278803,0.030283796,0.031245435,0.020283036,0,2728,13.64,13.64272928237915,0,0.8899292349815369,0.1100707873702049,True
2729,13.645,0.04793012,0.045897126,0.04249597,0.043757934,0,2728,13.64,13.64272928237915,0,0.8899292349815369,0.1100707873702049,True
2730,13.65,0.058694374,0.05030455,0.04409968,0.05557155,0,2728,13.64,13.64272928237915,0,0.8899292349815369,0.1100707873702049,True
2731,13.655,0.054257207,0.043281045,0.036525674,0.051648475,0,2728,13.64,13.64272928237915,0,0.8899292349815369,0.1100707873702049,True
2732,13.66,0.03624347,0.027298868,0.021703891,0.033759106,0,2732,13.66,13.669279098510742,0,0.8894616365432739,0.1105383411049842,True
2733,13.665,0.011955995,0.007923107,0.0039794073,0.009820123,0,2732,13.66,13.669279098510742,0,0.8894616365432739,0.1105383411049842,True
2734,13.67,-0.008137232,-0.0073455265,-0.009841012,-0.009029883,0,2732,13.66,13.669279098510742,0,0.8894616365432739,0.1105383411049842,True
2735,13.675,-0.015754728,-0.012276177,-0.013281913,-0.0140711535,0,2732,13.66,13.669279098510742,0,0.8894616365432739,0.1105383411049842,True
2736,13.68,-0.00926746,-0.0051627187,-0.0044643185,-0.004036676,0,2736,13.68,13.690282106399536,0,0.8868533372879028,0.1131466776132583,True
2737,13.685,0.0061220075,0.010266043,0.011922796,0.01419825,0,2736,13.68,13.690282106399536,0,0.8868533372879028,0.1131466776132583,True
2738,13.69,0.021888096,0.026510736,0.026996452,0.029754786,0,2736,13.68,13.690282106399536,0,0.8868533372879028,0.1131466776132583,True
2739,13.695,0.029894296,0.034983877,0.032458447,0.033385143,0,2736,13.68,13.690282106399536,0,0.8868533372879028,0.1131466776132583,True
2740,13.7,0.024304697,0.02871747,0.024146924,0.020915058,0,2740,13.7,13.717449188232422,0,0.8899884223937988,0.1100116148591041,True
2741,13.705,0.0028754352,0.0052757,0.0028356814,-0.0061765136,0,2740,13.7,13.717449188232422,0,0.8899884223937988,0.1100116148591041,True
2742,13.71,-0.030985769,-0.03063869,-0.026487794,-0.04132498,0,2740,13.7,13.717449188232422,0,0.8899884223937988,0.1100116148591041,True
2743,13.715,-0.0669168,-0.06710352,-0.055544823,-0.073758386,0,2740,13.7,13.717449188232422,0,0.8899884223937988,0.1100116148591041,True
2744,13.72,-0.09017618,-0.089268476,-0.07440808,-0.090970695,0,2744,13.72,13.726692914962769,0,0.8830562829971313,0.1169437319040298,True
2745,13.725,-0.088589005,-0.08662862,-0.07486489,-0.08374396,0,2744,13.72,13.726692914962769,0,0.8830562829971313,0.1169437319040298,True
2746,13.73,-0.059890665,-0.05879729,-0.0545088,-0.051607158,0,2744,13.72,13.726692914962769,0,0.8830562829971313,0.1169437319040298,True
2747,13.735,-0.013948938,-0.015713481,-0.018671049,-0.004493957,0,2744,13.72,13.726692914962769,0,0.8830562829971313,0.1169437319040298,True
2748,13.74,0.032371134,0.027880112,0.02169992,0.041669272,0,2748,13.74,13.740160703659058,0,0.8897143602371216,0.1102856397628784,True
2749,13.745,0.06443824,0.05978303,0.05490591,0.07294996,0,2748,13.74,13.740160703659058,0,0.8897143602371216,0.1102856397628784,True
2750,13.75,0.07678593,0.07472747,0.07281099,0.08347608,0,2748,13.74,13.740160703659058,0,0.8897143602371216,0.1102856397628784,True
2751,13.755,0.07323057,0.07383836,0.072467536,0.07581664,0,2748,13.74,13.740160703659058,0,0.8897143602371216,0.1102856397628784,True
2752,13.76,0.061079267,0.061055053,0.055583213,0.056632902,0,2752,13.76,13.775132417678831,0,0.8886763453483582,0.1113236472010612,True
2753,13.765,0.04479801,0.04010722,0.027491972,0.03186683,0,2752,13.76,13.775132417678831,0,0.8886763453483582,0.1113236472010612,True
2754,13.77,0.02434563,0.014166803,-0.0037892028,0.005066767,0,2752,13.76,13.775132417678831,0,0.8886763453483582,0.1113236472010612,True
2755,13.775,-0.0011059246,-0.012610594,-0.029182844,-0.020946348,0,2752,13.76,13.775132417678831,0,0.8886763453483582,0.1113236472010612,True
2756,13.78,-0.028227272,-0.034222964,-0.0414042,-0.041847136,0,2756,13.78,13.792901277542114,0,0.881897509098053,0.1181025132536888,True
2757,13.785,-0.04867772,-0.044548444,-0.0381199,-0.05207881,0,2756,13.78,13.792901277542114,0,0.881897509098053,0.1181025132536888,True
2758,13.79,-0.054041926,-0.041041333,-0.023403168,-0.048195954,0,2756,13.78,13.792901277542114,0,0.881897509098053,0.1181025132536888,True
2759,13.795,-0.042759582,-0.027362302,-0.0059685833,-0.032513823,0,2756,13.78,13.792901277542114,0,0.881897509098053,0.1181025132536888,True
2760,13.8,-0.022659158,-0.011913134,0.005403198,-0.013160287,0,2760,13.8,13.810169219970703,0,0.8876998424530029,0.1123001500964164,True
2761,13.805,-0.005888682,-0.0023999803,0.006720561,0.00069117954,0,2760,13.8,13.810169219970703,0,0.8876998424530029,0.1123001500964164,True
2762,13.81,0.00015410065,-0.00049739005,0.0007240425,0.0050656423,0,2760,13.8,13.810169219970703,0,0.8876998424530029,0.1123001500964164,True
2763,13.815,-0.001941608,-0.0013777522,-0.0055512744,0.003573334,0,2760,13.8,13.810169219970703,0,0.8876998424530029,0.1123001500964164,True
2764,13.82,-0.0030368392,0.0012090573,-0.0059015965,0.003673729,0,2764,13.82,13.828032493591309,0,0.8888406753540039,0.1111593171954155,True
2765,13.825,0.0035667818,0.008900302,0.0009727831,0.010037056,0,2764,13.82,13.828032493591309,0,0.8888406753540039,0.1111593171954155,True
2766,13.83,0.01589575,0.017289458,0.011185222,0.020722182,0,2764,13.82,13.828032493591309,0,0.8888406753540039,0.1111593171954155,True
2767,13.835,0.025290882,0.020074224,0.018717572,0.029026112,0,2764,13.82,13.828032493591309,0,0.8888406753540039,0.1111593171954155,True
2768,13.84,0.024236921,0.014495376,0.019071756,0.028819399,0,2768,13.84,13.84345841407776,0,0.8897662162780762,0.110233835875988,True
2769,13.845,0.01281145,0.0033082669,0.011345435,0.018917758,0,2768,13.84,13.84345841407776,0,0.8897662162780762,0.110233835875988,True
2770,13.85,-0.0013089404,-0.007452636,-0.0014714834,0.003802528,0,2768,13.84,13.84345841407776,0,0.8897662162780762,0.110233835875988,True
2771,13.855,-0.00854527,-0.01223987,-0.013526432,-0.00909026,0,2768,13.84,13.84345841407776,0,0.8897662162780762,0.110233835875988,True
2772,13.86,-0.004250887,-0.008862665,-0.01871087,-0.0138196675,0,2772,13.86,13.870558261871338,0,0.8873512744903564,0.1126487255096435,True
2773,13.865,0.0078074974,0.00018671027,-0.01462345,-0.010004984,0,2772,13.86,13.870558261871338,0,0.8873512744903564,0.1126487255096435,True
2774,13.87,0.017417464,0.008289666,-0.005341734,-0.003972147,0,2772,13.86,13.870558261871338,0,0.8873512744903564,0.1126487255096435,True
2775,13.875,0.014351702,0.007881287,0.00046316488,-0.005109083,0,2772,13.86,13.870558261871338,0,0.8873512744903564,0.1126487255096435,True
2776,13.88,-0.0045205513,-0.0044368147,-0.0038537055,-0.018671358,0,2776,13.88,13.89022135734558,0,0.8906140923500061,0.1093859001994133,True
2777,13.885,-0.032137208,-0.02418374,-0.01662021,-0.040055566,0,2776,13.88,13.89022135734558,0,0.8906140923500061,0.1093859001994133,True
2778,13.89,-0.054504625,-0.040252693,-0.027857635,-0.055807177,0,2776,13.88,13.89022135734558,0,0.8906140923500061,0.1093859001994133,True
2779,13.895,-0.058309264,-0.041102167,-0.026275218,-0.05180869,0,2776,13.88,13.89022135734558,0,0.8906140923500061,0.1093859001994133,True
2780,13.9,-0.03807184,-0.021747345,-0.0075804247,-0.023063438,0,2780,13.9,13.910192966461182,0,0.8901594281196594,0.1098405867815017,True
2781,13.905,0.0010241442,0.013045539,0.022434542,0.022077303,0,2780,13.9,13.910192966461182,0,0.8901594281196594,0.1098405867815017,True
2782,13.91,0.045253318,0.050711125,0.051490255,0.066008404,0,2780,13.9,13.910192966461182,0,0.8901594281196594,0.1098405867815017,True
2783,13.915,0.07765676,0.07609233,0.06729069,0.09093666,0,2780,13.9,13.910192966461182,0,0.8901594281196594,0.1098405867815017,True
2784,13.92,0.0845674,0.07748223,0.0625854,0.087095164,0,2784,13.92,13.928233861923218,0,0.8904651403427124,0.1095348671078682,True
2785,13.925,0.061800458,0.052009292,0.037644338,0.05645422,0,2784,13.92,13.928233861923218,0,0.8904651403427124,0.1095348671078682,True
2786,13.93,0.018200759,0.008608267,0.0007571217,0.011569387,0,2784,13.92,13.928233861923218,0,0.8904651403427124,0.1095348671078682,True
2787,13.935,-0.026695658,-0.034259524,-0.033847302,-0.029482547,0,2784,13.92,13.928233861923218,0,0.8904651403427124,0.1095348671078682,True
2788,13.94,-0.052158333,-0.057475902,-0.05198409,-0.050948743,0,2788,13.94,13.940241575241089,0,0.8694137334823608,0.1305862665176391,True
2789,13.945,-0.048668593,-0.052821,-0.04772573,-0.047405284,0,2788,13.94,13.940241575241089,0,0.8694137334823608,0.1305862665176391,True
2790,13.95,-0.02448661,-0.028846517,-0.028014561,-0.02714609,0,2788,13.94,13.940241575241089,0,0.8694137334823608,0.1305862665176391,True
2791,13.955,-7.2310584e-05,-0.0051227636,-0.008490273,-0.0071622683,0,2788,13.94,13.940241575241089,0,0.8694137334823608,0.1305862665176391,True
2792,13.96,0.0066559035,0.0019402112,-0.002284887,-0.0016605349,0,2792,13.96,13.97440505027771,0,0.8885721564292908,0.1114278957247734,True
2793,13.965,-0.0070080794,-0.009308153,-0.010508469,-0.012231907,0,2792,13.96,13.97440505027771,0,0.8885721564292908,0.1114278957247734,True
2794,13.97,-0.028097069,-0.026146498,-0.022514798,-0.027696734,0,2792,13.96,13.97440505027771,0,0.8885721564292908,0.1114278957247734,True
2795,13.975,-0.039648276,-0.033067506,-0.025604576,-0.033965748,0,2792,13.96,13.97440505027771,0,0.8885721564292908,0.1114278957247734,True
2796,13.98,-0.034198098,-0.024274006,-0.015526081,-0.025508178,0,2796,13.98,13.998131275177002,0,0.890335738658905,0.1096642613410949,True
2797,13.985,-0.017718075,-0.006602917,0.0011936681,-0.008576393,0,2796,13.98,13.998131275177002,0,0.890335738658905,0.1096642613410949,True
2798,13.99,-0.0015690458,0.008635725,0.014384636,0.0060670064,0,2796,13.98,13.998131275177002,0,0.890335738658905,0.1096642613410949,True
2799,13.995,0.009109585,0.016563397,0.019713564,0.013493355,0,2796,13.98,13.998131275177002,0,0.890335738658905,0.1096642613410949,True
2800,14.0,0.019203752,0.02204062,0.021670762,0.017992875,0,2800,14.0,14.00999927520752,0,0.8906438946723938,0.1093560457229614,True
2801,14.005,0.03599796,0.03253886,0.027501743,0.02651639,0,2800,14.0,14.00999927520752,0,0.8906438946723938,0.1093560457229614,True
2802,14.01,0.0579331,0.04787531,0.038106352,0.039153643,0,2800,14.0,14.00999927520752,0,0.8906438946723938,0.1093560457229614,True
2803,14.015,0.0717154,0.05739895,0.045029372,0.04672509,0,2800,14.0,14.00999927520752,0,0.8906438946723938,0.1093560457229614,True
2804,14.02,0.06206531,0.048289802,0.03718695,0.03857816,0,2804,14.02,14.020161151885986,0,0.887398362159729,0.1126016303896904,True
2805,14.025,0.025953468,0.017885128,0.0117246425,0.013444168,0,2804,14.02,14.020161151885986,0,0.887398362159729,0.1126016303896904,True
2806,14.03,-0.021807207,-0.02129903,-0.020940509,-0.017087191,0,2804,14.02,14.020161151885986,0,0.887398362159729,0.1126016303896904,True
2807,14.035,-0.057270464,-0.04887065,-0.043037914,-0.036107834,0,2804,14.02,14.020161151885986,0,0.887398362159729,0.1126016303896904,True
2808,14.04,-0.06344027,-0.05048866,-0.041936863,-0.03355139,0,2808,14.04,14.039953231811523,0,0.870543360710144,0.1294566243886947,True
2809,14.045,-0.04094308,-0.027448583,-0.019265454,-0.012909227,0,2808,14.04,14.039953231811523,0,0.870543360710144,0.1294566243886947,True
2810,14.05,-0.00587865,0.004874777,0.010273348,0.01217431,0,2808,14.04,14.039953231811523,0,0.870543360710144,0.1294566243886947,True
2811,14.055,0.021968355,0.027580142,0.028945986,0.027545488,0,2808,14.04,14.039953231811523,0,0.870543360710144,0.1294566243886947,True
2812,14.06,0.030906547,0.029584898,0.02704811,0.026542924,0,2812,14.06,14.060724020004272,0,0.8885354399681091,0.1114645302295684,True
2813,14.065,0.021319138,0.012331065,0.007407606,0.011441413,0,2812,14.06,14.060724020004272,0,0.8885354399681091,0.1114645302295684,True
2814,14.07,0.0013246874,-0.013744567,-0.018494977,-0.010501734,0,2812,14.06,14.060724020004272,0,0.8885354399681091,0.1114645302295684,True
2815,14.075,-0.02014637,-0.03665814,-0.03853405,-0.03165201,0,2812,14.06,14.060724020004272,0,0.8885354399681091,0.1114645302295684,True
2816,14.08,-0.036763765,-0.048353326,-0.04596915,-0.04587835,0,2816,14.08,14.09017848968506,0,0.890371561050415,0.1096284165978431,True
2817,14.085,-0.043848686,-0.045764618,-0.04042674,-0.04841686,0,2816,14.08,14.09017848968506,0,0.890371561050415,0.1096284165978431,True
2818,14.09,-0.037403584,-0.02967106,-0.025374955,-0.036668424,0,2816,14.08,14.09017848968506,0,0.890371561050415,0.1096284165978431,True
2819,14.095,-0.01674424,-0.0044655115,-0.005639306,-0.012886288,0,2816,14.08,14.09017848968506,0,0.890371561050415,0.1096284165978431,True
2820,14.1,0.011516618,0.021366684,0.013333634,0.014103805,0,2820,14.1,14.100571632385254,0,0.890396237373352,0.1096037700772285,True
2821,14.105,0.03410074,0.03710833,0.025753004,0.031801455,0,2820,14.1,14.100571632385254,0,0.890396237373352,0.1096037700772285,True
2822,14.11,0.038537253,0.03521914,0.027221408,0.031284366,0,2820,14.1,14.100571632385254,0,0.890396237373352,0.1096037700772285,True
2823,14.115,0.022246415,0.016910339,0.017674182,0.013765454,0,2820,14.1,14.100571632385254,0,0.890396237373352,0.1096037700772285,True
2824,14.12,-0.0046214913,-0.0071363677,0.0030143326,-0.0090520885,0,2824,14.12,14.126260042190552,0,0.8853574991226196,0.1146425679326057,True
2825,14.125,-0.025258275,-0.022383356,-0.0068585407,-0.021729056,0,2824,14.12,14.126260042190552,0,0.8853574991226196,0.1146425679326057,True
2826,14.13,-0.0264852,-0.01879886,-0.003407003,-0.01448401,0,2824,14.12,14.126260042190552,0,0.8853574991226196,0.1146425679326057,True
2827,14.135,-0.0060220296,0.0034931772,0.01482753,0.010945655,0,2824,14.12,14.126260042190552,0,0.8853574991226196,0.1146425679326057,True
2828,14.14,0.027164347,0.03451459,0.040175296,0.042474158,0,2828,14.14,14.14595913887024,0,0.8867804408073425,0.1132195368409156,True
2829,14.145,0.058276206,0.060014516,0.05953965,0.06477111,0,2828,14.14,14.14595913887024,0,0.8867804408073425,0.1132195368409156,True
2830,14.15,0.07388018,0.06868744,0.061855197,0.06764153,0,2828,14.14,14.14595913887024,0,0.8867804408073425,0.1132195368409156,True
2831,14.155,0.0671574,0.056833845,0.044169527,0.050492223,0,2828,14.14,14.14595913887024,0,0.8867804408073425,0.1132195368409156,True
2832,14.16,0.039510466,0.028370779,0.012168797,0.020596784,0,2832,14.16,14.17729640007019,0,0.888540506362915,0.1114595010876655,True
2833,14.165,-0.0010944299,-0.008586458,-0.024391335,-0.012624483,0,2832,14.16,14.17729640007019,0,0.888540506362915,0.1114595010876655,True
2834,14.17,-0.043577265,-0.045443647,-0.056924436,-0.04246859,0,2832,14.16,14.17729640007019,0,0.888540506362915,0.1114595010876655,True
2835,14.175,-0.07740133,-0.07496126,-0.08003429,-0.06566338,0,2832,14.16,14.17729640007019,0,0.888540506362915,0.1114595010876655,True
2836,14.18,-0.09518126,-0.09143739,-0.09041174,-0.079875536,0,2836,14.18,14.19031023979187,0,0.8864800333976746,0.1135200262069702,True
2837,14.185,-0.093594655,-0.090815894,-0.085579135,-0.081773534,0,2836,14.18,14.19031023979187,0,0.8864800333976746,0.1135200262069702,True
2838,14.19,-0.07299875,-0.071670845,-0.064568885,-0.06820946,0,2836,14.18,14.19031023979187,0,0.8864800333976746,0.1135200262069702,True
2839,14.195,-0.037033696,-0.036647182,-0.02979668,-0.039458208,0,2836,14.18,14.19031023979187,0,0.8864800333976746,0.1135200262069702,True
2840,14.2,0.0070501654,0.006828701,0.011991765,-0.0012669249,0,2840,14.2,14.210365533828735,0,0.8871702551841736,0.112829715013504,True
2841,14.205,0.048486017,0.04768135,0.05088209,0.036358982,0,2840,14.2,14.210365533828735,0,0.8871702551841736,0.112829715013504,True
2842,14.21,0.07556309,0.07454952,0.076731995,0.06291118,0,2840,14.2,14.210365533828735,0,0.8871702551841736,0.112829715013504,True
2843,14.215,0.08075337,0.08040739,0.082867354,0.07143393,0,2840,14.2,14.210365533828735,0,0.8871702551841736,0.112829715013504,True
2844,14.22,0.06514146,0.0660176,0.069192946,0.06112758,0,2844,14.22,14.22719383239746,0,0.8886792659759521,0.1113206893205642,True
2845,14.225,0.03813721,0.03966648,0.042912286,0.03772499,0,2844,14.22,14.22719383239746,0,0.8886792659759521,0.1113206893205642,True
2846,14.23,0.011865817,0.012738671,0.015450845,0.011304596,0,2844,14.22,14.22719383239746,0,0.8886792659759521,0.1113206893205642,True
2847,14.235,-0.005778956,-0.006219185,-0.0034920066,-0.0081083635,0,2844,14.22,14.22719383239746,0,0.8886792659759521,0.1113206893205642,True
2848,14.24,-0.014227295,-0.01496135,-0.011009604,-0.015222893,0,2848,14.24,14.242401123046877,0,0.8723777532577515,0.1276222914457321,True
2849,14.245,-0.017673384,-0.016487291,-0.011313715,-0.011484221,0,2848,14.24,14.242401123046877,0,0.8723777532577515,0.1276222914457321,True
2850,14.25,-0.01981127,-0.015078244,-0.01111698,-0.002910614,0,2848,14.24,14.242401123046877,0,0.8723777532577515,0.1276222914457321,True
2851,14.255,-0.020664832,-0.013091937,-0.014110115,0.0044053462,0,2848,14.24,14.242401123046877,0,0.8723777532577515,0.1276222914457321,True
2852,14.26,-0.017945975,-0.010849584,-0.019123271,0.0074171643,0,2852,14.26,14.27015233039856,0,0.8873645067214966,0.1126355305314064,True
2853,14.265,-0.011150101,-0.008735015,-0.022848725,0.0058270684,0,2852,14.26,14.27015233039856,0,0.8873645067214966,0.1126355305314064,True
2854,14.27,-0.004122808,-0.00864908,-0.02378529,-0.0001422998,0,2852,14.26,14.27015233039856,0,0.8873645067214966,0.1126355305314064,True
2855,14.275,-0.0030598547,-0.012859967,-0.023362689,-0.010728239,0,2852,14.26,14.27015233039856,0,0.8873645067214966,0.1126355305314064,True
2856,14.28,-0.010937663,-0.021033209,-0.02338745,-0.02498167,0,2856,14.28,14.291273593902588,0,0.8896818161010742,0.1103181615471839,True
2857,14.285,-0.023144169,-0.028412877,-0.022803245,-0.038479116,0,2856,14.28,14.291273593902588,0,0.8896818161010742,0.1103181615471839,True
2858,14.29,-0.02916375,-0.027810253,-0.017629456,-0.043837532,0,2856,14.28,14.291273593902588,0,0.8896818161010742,0.1103181615471839,True
2859,14.295,-0.020477917,-0.0150178615,-0.0049183397,-0.03526858,0,2856,14.28,14.291273593902588,0,0.8896818161010742,0.1103181615471839,True
2860,14.3,0.0013242704,0.006364694,0.012688436,-0.014177694,0,2860,14.3,14.3023042678833,0,0.8902115821838379,0.1097884476184845,True
2861,14.305,0.023907362,0.025468694,0.026629146,0.00947014,0,2860,14.3,14.3023042678833,0,0.8902115821838379,0.1097884476184845,True
2862,14.31,0.032987926,0.031048087,0.027872937,0.022736784,0,2860,14.3,14.3023042678833,0,0.8902115821838379,0.1097884476184845,True
2863,14.315,0.023826621,0.020031556,0.014349031,0.019006504,0,2860,14.3,14.3023042678833,0,0.8902115821838379,0.1097884476184845,True
2864,14.32,0.005409961,0.0007414557,-0.0058884337,0.0036869696,0,2864,14.32,14.327199220657349,0,0.8869937062263489,0.1130063235759735,True
2865,14.325,-0.006648352,-0.012406126,-0.018949954,-0.008868015,0,2864,14.32,14.327199220657349,0,0.8869937062263489,0.1130063235759735,True
2866,14.33,-0.0025015033,-0.009004668,-0.01411393,-0.0054730657,0,2864,14.32,14.327199220657349,0,0.8869937062263489,0.1130063235759735,True
2867,14.335,0.014665318,0.010052331,0.008797971,0.01618266,0,2864,14.32,14.327199220657349,0,0.8869937062263489,0.1130063235759735,True
2868,14.34,0.031947564,0.033309482,0.03859788,0.045340672,0,2868,14.34,14.344125032424929,0,0.8874527215957642,0.112547218799591,True
2869,14.345,0.036894523,0.046455696,0.058786385,0.064887196,0,2868,14.34,14.344125032424929,0,0.8874527215957642,0.112547218799591,True
2870,14.35,0.025945598,0.041189443,0.056754123,0.062154297,0,2868,14.34,14.344125032424929,0,0.8874527215957642,0.112547218799591,True
2871,14.355,0.0053382996,0.019517781,0.0310229,0.03665782,0,2868,14.34,14.344125032424929,0,0.8874527215957642,0.112547218799591,True
2872,14.36,-0.014612786,-0.00838961,-0.0074121933,0.00010458728,0,2872,14.36,14.37536120414734,0,0.8882904052734375,0.1117095574736595,True
2873,14.365,-0.026478266,-0.030529344,-0.040732868,-0.030917617,0,2872,14.36,14.37536120414734,0,0.8882904052734375,0.1117095574736595,True
2874,14.37,-0.029009055,-0.039444976,-0.054296535,-0.044716056,0,2872,14.36,14.37536120414734,0,0.8882904052734375,0.1117095574736595,True
2875,14.375,-0.025628004,-0.03524541,-0.045196224,-0.040566348,0,2872,14.36,14.37536120414734,0,0.8882904052734375,0.1117095574736595,True
2876,14.38,-0.020551573,-0.02409066,-0.023512047,-0.027447028,0,2876,14.38,14.392310619354248,0,0.8895858526229858,0.1104141399264335,True
2877,14.385,-0.015927115,-0.0135195535,-0.0048040436,-0.016740853,0,2876,14.38,14.392310619354248,0,0.8895858526229858,0.1104141399264335,True
2878,14.39,-0.01166356,-0.007747165,0.0009765949,-0.0143629685,0,2876,14.38,14.392310619354248,0,0.8895858526229858,0.1104141399264335,True
2879,14.395,-0.007148869,-0.006005819,-0.0043520834,-0.01801594,0,2876,14.38,14.392310619354248,0,0.8895858526229858,0.1104141399264335,True
2880,14.4,-0.0028610507,-0.0048102546,-0.010721182,-0.021085335,0,2880,14.4,14.410140752792358,0,0.8902390599250793,0.1097609549760818,True
2881,14.405,-0.0005159264,-0.0019661896,-0.009526598,-0.019260349,0,2880,14.4,14.410140752792358,0,0.8902390599250793,0.1097609549760818,True
2882,14.41,-0.001768351,0.0012821327,-0.0008576913,-0.013953498,0,2880,14.4,14.410140752792358,0,0.8902390599250793,0.1097609549760818,True
2883,14.415,-0.0064357165,0.0018318947,0.0076680407,-0.0098628355,0,2880,14.4,14.410140752792358,0,0.8902390599250793,0.1097609549760818,True
2884,14.42,-0.011540519,-0.0016267631,0.008515115,-0.009520852,0,2884,14.42,14.427541017532349,0,0.8892831802368164,0.1107168346643447,True
2885,14.425,-0.012264585,-0.006527942,0.0010310555,-0.010229117,0,2884,14.42,14.427541017532349,0,0.8892831802368164,0.1107168346643447,True
2886,14.43,-0.0048177172,-0.007994594,-0.008131637,-0.006152568,0,2884,14.42,14.427541017532349,0,0.8892831802368164,0.1107168346643447,True
2887,14.435,0.010611016,-0.0025258993,-0.010443457,0.0066433684,0,2884,14.42,14.427541017532349,0,0.8892831802368164,0.1107168346643447,True
2888,14.44,0.029489156,0.009676881,-0.0017204727,0.02687836,0,2888,14.44,14.444324016571043,0,0.8879361152648926,0.1120638996362686,True
2889,14.445,0.04588581,0.025484828,0.0154857375,0.04895263,0,2888,14.44,14.444324016571043,0,0.8879361152648926,0.1120638996362686,True
2890,14.45,0.055994753,0.0410146,0.034092497,0.066382594,0,2888,14.44,14.444324016571043,0,0.8879361152648926,0.1120638996362686,True
2891,14.455,0.058621034,0.05243667,0.04667659,0.07434975,0,2888,14.44,14.444324016571043,0,0.8879361152648926,0.1120638996362686,True
2892,14.46,0.052534107,0.055233624,0.04860828,0.06994772,0,2892,14.46,14.470291376113892,0,0.8896000981330872,0.1103999018669128,True
2893,14.465,0.03471199,0.04452145,0.038910434,0.051648702,0,2892,14.46,14.470291376113892,0,0.8896000981330872,0.1103999018669128,True
2894,14.47,0.00290744,0.01813769,0.019490706,0.01995552,0,2892,14.46,14.470291376113892,0,0.8896000981330872,0.1103999018669128,True
2895,14.475,-0.03916531,-0.019572765,-0.0059758527,-0.020885069,0,2892,14.46,14.470291376113892,0,0.8896000981330872,0.1103999018669128,True
2896,14.48,-0.07952059,-0.057262324,-0.03261417,-0.062061295,0,2896,14.48,14.490432262420654,0,0.8865705132484436,0.1134294867515564,True
2897,14.485,-0.10206245,-0.0809637,-0.054344554,-0.09190407,0,2896,14.48,14.490432262420654,0,0.8865705132484436,0.1134294867515564,True
2898,14.49,-0.095281124,-0.08092468,-0.06435738,-0.10005565,0,2896,14.48,14.490432262420654,0,0.8865705132484436,0.1134294867515564,True
2899,14.495,-0.05971462,-0.056781575,-0.05743835,-0.082459554,0,2896,14.48,14.490432262420654,0,0.8865705132484436,0.1134294867515564,True
2900,14.5,-0.00902392,-0.018240625,-0.033874486,-0.04460984,0,2900,14.5,14.510337591171265,0,0.8888590335845947,0.1111409440636634,True
2901,14.505,0.036476366,0.019165792,-0.0019235689,-0.0005403968,0,2900,14.5,14.510337591171265,0,0.8888590335845947,0.1111409440636634,True
2902,14.51,0.06021592,0.04132539,0.024686506,0.033089582,0,2900,14.5,14.510337591171265,0,0.8888590335845947,0.1111409440636634,True
2903,14.515,0.057294976,0.04201465,0.034115463,0.045037422,0,2900,14.5,14.510337591171265,0,0.8888590335845947,0.1111409440636634,True
2904,14.52,0.035064284,0.024876885,0.023710167,0.034686677,0,2904,14.52,14.52004337310791,0,0.8892984986305237,0.1107015013694763,True
2905,14.525,0.006920366,0.00018347564,0.0016194294,0.011222876,0,2904,14.52,14.52004337310791,0,0.8892984986305237,0.1107015013694763,True
2906,14.53,-0.015199482,-0.020626869,-0.018377252,-0.011929955,0,2904,14.52,14.52004337310791,0,0.8892984986305237,0.1107015013694763,True
2907,14.535,-0.024492655,-0.028979914,-0.02471963,-0.023267023,0,2904,14.52,14.52004337310791,0,0.8892984986305237,0.1107015013694763,True
2908,14.54,-0.01901299,-0.02094814,-0.013452597,-0.01702137,0,2908,14.54,14.539942979812622,0,0.8816562294960022,0.1183437407016754,True
2909,14.545,-0.0009840361,0.0016940273,0.01096847,0.005412657,0,2908,14.54,14.539942979812622,0,0.8816562294960022,0.1183437407016754,True
2910,14.55,0.022646246,0.030840866,0.038398854,0.03572689,0,2908,14.54,14.539942979812622,0,0.8816562294960022,0.1183437407016754,True
2911,14.555,0.04111196,0.05406816,0.057435524,0.061261266,0,2908,14.54,14.539942979812622,0,0.8816562294960022,0.1183437407016754,True
2912,14.56,0.045008145,0.060637675,0.060232144,0.0705822,0,2912,14.56,14.570090770721436,0,0.8896092772483826,0.1103907823562622,True
2913,14.565,0.033124823,0.0482656,0.046038695,0.059837982,0,2912,14.56,14.570090770721436,0,0.8896092772483826,0.1103907823562622,True
2914,14.57,0.014051652,0.024590593,0.02117789,0.034955792,0,2912,14.56,14.570090770721436,0,0.8896092772483826,0.1103907823562622,True
2915,14.575,-0.0007865425,0.00092293025,-0.005342319,0.0068333987,0,2912,14.56,14.570090770721436,0,0.8896092772483826,0.1103907823562622,True
2916,14.58,-0.007119473,-0.016617153,-0.027633835,-0.016974052,0,2916,14.58,14.591517448425291,0,0.8876212239265442,0.112378753721714,True
2917,14.585,-0.010966475,-0.030141827,-0.04502622,-0.036403995,0,2916,14.58,14.591517448425291,0,0.8876212239265442,0.112378753721714,True
2918,14.59,-0.021176264,-0.044208214,-0.058381118,-0.054723177,0,2916,14.58,14.591517448425291,0,0.8876212239265442,0.112378753721714,True
2919,14.595,-0.038590148,-0.05742489,-0.06480645,-0.07055117,0,2916,14.58,14.591517448425291,0,0.8876212239265442,0.112378753721714,True
2920,14.6,-0.053139832,-0.06091691,-0.05755772,-0.07529536,0,2920,14.6,14.60240077972412,0,0.8890873789787292,0.1109126135706901,True
2921,14.605,-0.05250416,-0.046307087,-0.032850347,-0.060147114,0,2920,14.6,14.60240077972412,0,0.8890873789787292,0.1109126135706901,True
2922,14.61,-0.03410891,-0.015687633,0.002837876,-0.026464233,0,2920,14.6,14.60240077972412,0,0.8890873789787292,0.1109126135706901,True
2923,14.615,-0.008558058,0.016800042,0.03354484,0.011321621,0,2920,14.6,14.60240077972412,0,0.8890873789787292,0.1109126135706901,True
2924,14.62,0.009070212,0.03440269,0.044089254,0.03465201,0,2924,14.62,14.6202130317688,0,0.8898969888687134,0.1101029962301254,True
2925,14.625,0.011847294,0.030260567,0.031626478,0.034569215,0,2924,14.62,14.6202130317688,0,0.8898969888687134,0.1101029962301254,True
2926,14.63,0.005952024,0.012204913,0.008227829,0.018270992,0,2924,14.62,14.6202130317688,0,0.8898969888687134,0.1101029962301254,True
2927,14.635,0.004150635,-0.0037424853,-0.008043994,0.0029625308,0,2924,14.62,14.6202130317688,0,0.8898969888687134,0.1101029962301254,True
2928,14.64,0.014446418,-0.0051826504,-0.0061641904,0.0025795107,0,2928,14.64,14.644182443618774,0,0.8856232762336731,0.1143767237663269,True
2929,14.645,0.033743057,0.008788507,0.011019641,0.018264048,0,2928,14.64,14.644182443618774,0,0.8856232762336731,0.1143767237663269,True
2930,14.65,0.05076578,0.028464008,0.030516533,0.039135028,0,2928,14.64,14.644182443618774,0,0.8856232762336731,0.1143767237663269,True
2931,14.655,0.054664798,0.04109614,0.039257593,0.051128082,0,2928,14.64,14.644182443618774,0,0.8856232762336731,0.1143767237663269,True
2932,14.66,0.042317234,0.03918128,0.032349933,0.04633029,0,2932,14.66,14.672195196151732,0,0.8896897435188293,0.1103102788329124,True
2933,14.665,0.01951896,0.024119144,0.014284704,0.026563156,0,2932,14.66,14.672195196151732,0,0.8896897435188293,0.1103102788329124,True
2934,14.67,-0.0038783199,0.0036480338,-0.0059996047,0.00034351504,0,2932,14.66,14.672195196151732,0,0.8896897435188293,0.1103102788329124,True
2935,14.675,-0.020657638,-0.014153261,-0.021218082,-0.023038547,0,2932,14.66,14.672195196151732,0,0.8896897435188293,0.1103102788329124,True
2936,14.68,-0.029554147,-0.025327487,-0.028592039,-0.0377607,0,2936,14.68,14.690088033676147,0,0.887097179889679,0.1129028722643852,True
2937,14.685,-0.033171058,-0.029972425,-0.028812911,-0.042153727,0,2936,14.68,14.690088033676147,0,0.887097179889679,0.1129028722643852,True
2938,14.69,-0.033504386,-0.029285645,-0.023778733,-0.0373588,0,2936,14.68,14.690088033676147,0,0.887097179889679,0.1129028722643852,True
2939,14.695,-0.030118756,-0.023929954,-0.015825864,-0.02646915,0,2936,14.68,14.690088033676147,0,0.887097179889679,0.1129028722643852,True
2940,14.7,-0.02257779,-0.015468362,-0.008401361,-0.014561459,0,2940,14.7,14.71170449256897,0,0.8897429704666138,0.1102570369839668,True
2941,14.705,-0.013526149,-0.008052989,-0.005748969,-0.007611048,0,2940,14.7,14.71170449256897,0,0.8897429704666138,0.1102570369839668,True
2942,14.71,-0.007967814,-0.0066734822,-0.010137338,-0.009000473,0,2940,14.7,14.71170449256897,0,0.8897429704666138,0.1102570369839668,True
2943,14.715,-0.008812007,-0.012470595,-0.018630402,-0.015869666,0,2940,14.7,14.71170449256897,0,0.8897429704666138,0.1102570369839668,True
2944,14.72,-0.0132463975,-0.01988033,-0.02325884,-0.019532587,0,2944,14.72,14.722068548202516,0,0.8893105983734131,0.1106893643736839,True
2945,14.725,-0.013872322,-0.019429853,-0.015939528,-0.011298902,0,2944,14.72,14.722068548202516,0,0.8893105983734131,0.1106893643736839,True
2946,14.73,-0.0039366595,-0.004700028,0.0051836786,0.010369331,0,2944,14.72,14.722068548202516,0,0.8893105983734131,0.1106893643736839,True
2947,14.735,0.017473517,0.022090593,0.033226464,0.037565183,0,2944,14.72,14.722068548202516,0,0.8893105983734131,0.1106893643736839,True
2948,14.74,0.043923154,0.050396632,0.05620737,0.057874914,0,2948,14.74,14.756677389144896,0,0.8906366229057312,0.1093633398413658,True
2949,14.745,0.064549394,0.06738073,0.064241484,0.062650785,0,2948,14.74,14.756677389144896,0,0.8906366229057312,0.1093633398413658,True
2950,14.75,0.06957614,0.06540554,0.05513391,0.052005563,0,2948,14.74,14.756677389144896,0,0.8906366229057312,0.1093633398413658,True
2951,14.755,0.055437706,0.046041984,0.034766156,0.033060454,0,2948,14.74,14.756677389144896,0,0.8906366229057312,0.1093633398413658,True
2952,14.76,0.02666906,0.018247848,0.012498318,0.0137191275,0,2952,14.76,14.77043080329895,0,0.8882584571838379,0.1117415055632591,True
2953,14.765,-0.0067235953,-0.007750596,-0.004997963,-0.0026049824,0,2952,14.76,14.77043080329895,0,0.8882584571838379,0.1117415055632591,True
2954,14.77,-0.034884878,-0.02654094,-0.017309394,-0.017515114,0,2952,14.76,14.77043080329895,0,0.8882584571838379,0.1117415055632591,True
2955,14.775,-0.052874345,-0.03931697,-0.028937874,-0.03389583,0,2952,14.76,14.77043080329895,0,0.8882584571838379,0.1117415055632591,True
2956,14.78,-0.061216258,-0.050285142,-0.04405838,-0.051505376,0,2956,14.78,14.7901713848114,0,0.8887359499931335,0.1112640723586082,True
2957,14.785,-0.062339757,-0.060780708,-0.06125724,-0.065413624,0,2956,14.78,14.7901713848114,0,0.8887359499931335,0.1112640723586082,True
2958,14.79,-0.056575082,-0.06619206,-0.072539,-0.06838913,0,2956,14.78,14.7901713848114,0,0.8887359499931335,0.1112640723586082,True
2959,14.795,-0.04170405,-0.058731608,-0.068085894,-0.055643156,0,2956,14.78,14.7901713848114,0,0.8887359499931335,0.1112640723586082,True
2960,14.8,-0.016663713,-0.034287073,-0.04379906,-0.028836077,0,2960,14.8,14.810822248458862,0,0.8900529146194458,0.1099471151828765,True
2961,14.805,0.014176205,0.0021657192,-0.005914912,0.0035018118,0,2960,14.8,14.810822248458862,0,0.8900529146194458,0.1099471151828765,True
2962,14.81,0.040849566,0.03752162,0.031385828,0.029971253,0,2960,14.8,14.810822248458862,0,0.8900529146194458,0.1099471151828765,True
2963,14.815,0.053144366,0.057998378,0.05424714,0.04259201,0,2960,14.8,14.810822248458862,0,0.8900529146194458,0.1099471151828765,True
2964,14.82,0.047765452,0.057885338,0.057439994,0.041244507,0,2964,14.82,14.825313329696655,0,0.889778733253479,0.1102212518453598,True
2965,14.825,0.031233802,0.042957604,0.04664487,0.033005986,0,2964,14.82,14.825313329696655,0,0.889778733253479,0.1102212518453598,True
2966,14.83,0.015395996,0.025783567,0.03326443,0.026711315,0,2964,14.82,14.825313329696655,0,0.889778733253479,0.1102212518453598,True
2967,14.835,0.008654622,0.0164452,0.025971493,0.02670552,0,2964,14.82,14.825313329696655,0,0.889778733253479,0.1102212518453598,True
2968,14.84,0.010134556,0.015897177,0.025361842,0.030401895,0,2968,14.84,14.840230703353882,0,0.8792725205421448,0.1207275241613388,True
2969,14.845,0.01181426,0.017044762,0.025229441,0.031235512,0,2968,14.84,14.840230703353882,0,0.8792725205421448,0.1207275241613388,True
2970,14.85,0.0065621063,0.012082268,0.018653477,0.024298819,0,2968,14.84,14.840230703353882,0,0.8792725205421448,0.1207275241613388,True
2971,14.855,-0.0054681282,-0.0006701149,0.0036529491,0.009954593,0,2968,14.84,14.840230703353882,0,0.8792725205421448,0.1207275241613388,True
2972,14.86,-0.01787019,-0.016254544,-0.015763784,-0.0072032292,0,2972,14.86,14.877285242080688,0,0.8839219212532043,0.1160781383514404,True
2973,14.865,-0.024716329,-0.028380327,-0.03305129,-0.02240474,0,2972,14.86,14.877285242080688,0,0.8839219212532043,0.1160781383514404,True
2974,14.87,-0.025721043,-0.034674235,-0.043478053,-0.033708587,0,2972,14.86,14.877285242080688,0,0.8839219212532043,0.1160781383514404,True
2975,14.875,-0.02478904,-0.036900245,-0.04594292,-0.04152937,0,2972,14.86,14.877285242080688,0,0.8839219212532043,0.1160781383514404,True
2976,14.88,-0.024214653,-0.036901377,-0.04182637,-0.04604222,0,2976,14.88,14.89034938812256,0,0.8897452354431152,0.1102547645568847,True
2977,14.885,-0.021259619,-0.03332026,-0.03297119,-0.045733396,0,2976,14.88,14.89034938812256,0,0.8897452354431152,0.1102547645568847,True
2978,14.89,-0.011032977,-0.022850681,-0.020777483,-0.038655702,0,2976,14.88,14.89034938812256,0,0.8897452354431152,0.1102547645568847,True
2979,14.895,0.0071237115,-0.0047169076,-0.006539384,-0.024793614,0,2976,14.88,14.89034938812256,0,0.8897452354431152,0.1102547645568847,True
2980,14.9,0.02634853,0.016428368,0.008120508,-0.006818258,0,2980,14.9,14.910077810287476,0,0.8898921012878418,0.110107846558094,True
2981,14.905,0.03605495,0.03260995,0.021481736,0.011577037,0,2980,14.9,14.910077810287476,0,0.8898921012878418,0.110107846558094,True
2982,14.91,0.030190933,0.03819093,0.032254323,0.027880095,0,2980,14.9,14.910077810287476,0,0.8898921012878418,0.110107846558094,True
2983,14.915,0.012701608,0.03394328,0.03959185,0.04109814,0,2980,14.9,14.910077810287476,0,0.8898921012878418,0.110107846558094,True
2984,14.92,-0.005141162,0.025616506,0.04245341,0.050063558,0,2984,14.92,14.92249345779419,0,0.8888223171234131,0.1111777275800705,True
2985,14.925,-0.013534919,0.018389935,0.039169103,0.05211362,0,2984,14.92,14.92249345779419,0,0.8888223171234131,0.1111777275800705,True
2986,14.93,-0.011119063,0.012751281,0.028218865,0.044452667,0,2984,14.92,14.92249345779419,0,0.8888223171234131,0.1111777275800705,True
2987,14.935,-0.0039007135,0.005853498,0.010180983,0.027498387,0,2984,14.92,14.92249345779419,0,0.8888223171234131,0.1111777275800705,True
2988,14.94,0.0020218922,-0.0034554077,-0.010672939,0.0067373095,0,2988,14.94,14.960063457489014,0,0.885645866394043,0.1143541634082794,True
2989,14.945,0.0059783314,-0.011789714,-0.027182395,-0.009696051,0,2988,14.94,14.960063457489014,0,0.885645866394043,0.1143541634082794,True
2990,14.95,0.010849322,-0.014198596,-0.03315614,-0.016632657,0,2988,14.94,14.960063457489014,0,0.885645866394043,0.1143541634082794,True
2991,14.955,0.016417794,-0.010243446,-0.028133493,-0.016180774,0,2988,14.94,14.960063457489014,0,0.885645866394043,0.1143541634082794,True
2992,14.96,0.016003398,-0.0065994733,-0.018935215,-0.016629558,0,2992,14.96,14.970311164855955,0,0.88985276222229,0.1101472154259681,True
2993,14.965,0.001366182,-0.012324215,-0.015315792,-0.025939291,0,2992,14.96,14.970311164855955,0,0.88985276222229,0.1101472154259681,True
2994,14.97,-0.02768568,-0.02992875,-0.021881385,-0.04439394,0,2992,14.96,14.970311164855955,0,0.88985276222229,0.1101472154259681,True
2995,14.975,-0.058249254,-0.05022761,-0.03287764,-0.06238182,0,2992,14.96,14.970311164855955,0,0.88985276222229,0.1101472154259681,True
2996,14.98,-0.07029207,-0.05684437,-0.035483155,-0.065976135,0,2996,14.98,14.990352630615234,0,0.8906418085098267,0.1093581691384315,True
2997,14.985,-0.050731435,-0.038275987,-0.020184407,-0.04693535,0,2996,14.98,14.990352630615234,0,0.8906418085098267,0.1093581691384315,True
2998,14.99,-0.004781198,0.001884452,0.010371996,-0.009550099,0,2996,14.98,14.990352630615234,0,0.8906418085098267,0.1093581691384315,True
2999,14.995,0.04547681,0.045660365,0.042340625,0.031481493,0,2996,14.98,14.990352630615234,0,0.8906418085098267,0.1093581691384315,True
3000,15.0,0.07543144,0.07266705,0.06105232,0.06079227,0,3000,15.0,15.010709524154665,0,0.8888323903083801,0.1111675947904586,True
3001,15.005,0.0742454,0.073737636,0.061436687,0.07169294,0,3000,15.0,15.010709524154665,0,0.8888323903083801,0.1111675947904586,True
3002,15.01,0.050081857,0.05497985,0.04917891,0.06750601,0,3000,15.0,15.010709524154665,0,0.8888323903083801,0.1111675947904586,True
3003,15.015,0.020841956,0.029883957,0.03267828,0.05491241,0,3000,15.0,15.010709524154665,0,0.8888323903083801,0.1111675947904586,True
3004,15.02,-0.0003278904,0.007926524,0.014906575,0.036894526,0,3004,15.02,15.025169372558594,0,0.8774591684341431,0.1225407719612121,True
3005,15.025,-0.012064352,-0.009877018,-0.006527945,0.012488173,0,3004,15.02,15.025169372558594,0,0.8774591684341431,0.1225407719612121,True
3006,15.03,-0.020330288,-0.026289294,-0.032251608,-0.017354246,0,3004,15.02,15.025169372558594,0,0.8774591684341431,0.1225407719612121,True
3007,15.035,-0.029452559,-0.040984888,-0.05567656,-0.045263194,0,3004,15.02,15.025169372558594,0,0.8774591684341431,0.1225407719612121,True
3008,15.04,-0.03778386,-0.04902997,-0.065730326,-0.060100775,0,3008,15.04,15.040292978286743,0,0.8748172521591187,0.1251827478408813,True
3009,15.045,-0.04022118,-0.045229953,-0.055323284,-0.0547044,0,3008,15.04,15.040292978286743,0,0.8748172521591187,0.1251827478408813,True
3010,15.05,-0.03310424,-0.029058304,-0.027467467,-0.031529427,0,3008,15.04,15.040292978286743,0,0.8748172521591187,0.1251827478408813,True
3011,15.055,-0.016946644,-0.0057299654,0.0061491714,-0.0014646278,0,3008,15.04,15.040292978286743,0,0.8748172521591187,0.1251827478408813,True
3012,15.06,0.0036995988,0.016506288,0.032210328,0.022621363,0,3012,15.06,15.077276468276978,0,0.8891324400901794,0.1108676120638847,True
3013,15.065,0.021962821,0.03022878,0.042629868,0.032563735,0,3012,15.06,15.077276468276978,0,0.8891324400901794,0.1108676120638847,True
3014,15.07,0.03137195,0.03181306,0.03711993,0.027963944,0,3012,15.06,15.077276468276978,0,0.8891324400901794,0.1108676120638847,True
3015,15.075,0.029127896,0.022639044,0.021351459,0.014775849,0,3012,15.06,15.077276468276978,0,0.8891324400901794,0.1108676120638847,True
3016,15.08,0.018043403,0.008114814,0.0030864186,0.0008632708,0,3016,15.08,15.090327739715576,0,0.8904830813407898,0.1095169484615325,True
3017,15.085,0.005029783,-0.005167383,-0.011189693,-0.008641375,0,3016,15.08,15.090327739715576,0,0.8904830813407898,0.1095169484615325,True
3018,15.09,-0.0033495603,-0.012528598,-0.017807417,-0.013136146,0,3016,15.08,15.090327739715576,0,0.8904830813407898,0.1095169484615325,True
3019,15.095,-0.00480064,-0.012647964,-0.015842594,-0.014477763,0,3016,15.08,15.090327739715576,0,0.8904830813407898,0.1095169484615325,True
3020,15.1,-0.001650228,-0.0069995336,-0.006659534,-0.013512877,0,3020,15.1,15.101790189743042,0,0.8887302279472351,0.1112698093056678,True
3021,15.105,0.0019102735,0.0013578464,0.0060821106,-0.009188856,0,3020,15.1,15.101790189743042,0,0.8887302279472351,0.1112698093056678,True
3022,15.11,0.0026397684,0.008494254,0.016610084,-0.0013227449,0,3020,15.1,15.101790189743042,0,0.8887302279472351,0.1112698093056678,True
3023,15.115,-0.0008690956,0.0103593245,0.01888549,0.0065296018,0,3020,15.1,15.101790189743042,0,0.8887302279472351,0.1112698093056678,True
3024,15.12,-0.008430172,0.004643619,0.010179182,0.008486242,0,3024,15.12,15.127834796905518,0,0.886843740940094,0.1131562292575836,True
3025,15.125,-0.018086117,-0.0069453265,-0.006140119,0.0017215594,0,3024,15.12,15.127834796905518,0,0.886843740940094,0.1131562292575836,True
3026,15.13,-0.025867922,-0.018533353,-0.021759534,-0.00966361,0,3024,15.12,15.127834796905518,0,0.886843740940094,0.1131562292575836,True
3027,15.135,-0.027119547,-0.023464596,-0.028683104,-0.017057179,0,3024,15.12,15.127834796905518,0,0.886843740940094,0.1131562292575836,True
3028,15.14,-0.019383151,-0.01895653,-0.024593895,-0.01435635,0,3028,15.14,15.14227533340454,0,0.8855995535850525,0.1144004836678505,True
3029,15.145,-0.004429527,-0.007768852,-0.013567109,-0.0028187952,0,3028,15.14,15.14227533340454,0,0.8855995535850525,0.1144004836678505,True
3030,15.15,0.012603603,0.00467291,-0.0016480823,0.010797806,0,3028,15.14,15.14227533340454,0,0.8855995535850525,0.1144004836678505,True
3031,15.155,0.026049618,0.014467114,0.008011682,0.020210363,0,3028,15.14,15.14227533340454,0,0.8855995535850525,0.1144004836678505,True
3032,15.16,0.03191358,0.020338655,0.015507826,0.023250755,0,3032,15.16,15.175147533416748,0,0.8904569745063782,0.1095429882407188,True
3033,15.165,0.02843074,0.02140403,0.020454118,0.020419633,0,3032,15.16,15.175147533416748,0,0.8904569745063782,0.1095429882407188,True
3034,15.17,0.016330859,0.0157831,0.019645795,0.012039358,0,3032,15.16,15.175147533416748,0,0.8904569745063782,0.1095429882407188,True
3035,15.175,-0.00019561741,0.0031660527,0.010154148,-0.0011299565,0,3032,15.16,15.175147533416748,0,0.8904569745063782,0.1095429882407188,True
3036,15.18,-0.013319288,-0.011197486,-0.004875872,-0.014402807,0,3036,15.18,15.194214582443236,0,0.8904433846473694,0.1095566153526306,True
3037,15.185,-0.014475153,-0.016892947,-0.014873116,-0.018511564,0,3036,15.18,15.194214582443236,0,0.8904433846473694,0.1095566153526306,True
3038,15.19,0.00010137732,-0.0052504237,-0.0085725,-0.005424373,0,3036,15.18,15.194214582443236,0,0.8904433846473694,0.1095566153526306,True
3039,15.195,0.025210897,0.022267872,0.015877508,0.023238044,0,3036,15.18,15.194214582443236,0,0.8904433846473694,0.1095566153526306,True
3040,15.2,0.048036363,0.052124765,0.04665029,0.053539574,0,3040,15.2,15.208250284194946,0,0.8904294967651367,0.1095705032348632,True
3041,15.205,0.055000786,0.066174164,0.064668514,0.066508986,0,3040,15.2,15.208250284194946,0,0.8904294967651367,0.1095705032348632,True
3042,15.21,0.03943347,0.05321891,0.056231752,0.05047197,0,3040,15.2,15.208250284194946,0,0.8904294967651367,0.1095705032348632,True
3043,15.215,0.004657152,0.015732288,0.021912746,0.0086836135,0,3040,15.2,15.208250284194946,0,0.8904294967651367,0.1095705032348632,True
3044,15.22,-0.038806196,-0.03272795,-0.024737097,-0.043279186,0,3044,15.22,15.226305961608888,0,0.8838802576065063,0.1161197051405906,True
3045,15.225,-0.07846112,-0.07593557,-0.0663746,-0.08705179,0,3044,15.22,15.226305961608888,0,0.8838802576065063,0.1161197051405906,True
3046,15.23,-0.1034009,-0.10206605,-0.090955146,-0.10990474,0,3044,15.22,15.226305961608888,0,0.8838802576065063,0.1161197051405906,True
3047,15.235,-0.105685815,-0.105629966,-0.09475424,-0.10722402,0,3044,15.22,15.226305961608888,0,0.8838802576065063,0.1161197051405906,True
3048,15.24,-0.08203424,-0.08627059,-0.07986324,-0.08072335,0,3048,15.24,15.244431257247925,0,0.8870021104812622,0.1129978448152542,True
3049,15.245,-0.036856595,-0.0481841,-0.05083437,-0.036709093,0,3048,15.24,15.244431257247925,0,0.8870021104812622,0.1129978448152542,True
3050,15.25,0.016357709,-0.0006987326,-0.013698515,0.014190892,0,3048,15.24,15.244431257247925,0,0.8870021104812622,0.1129978448152542,True
3051,15.255,0.059210334,0.042771813,0.02351444,0.05816737,0,3048,15.24,15.244431257247925,0,0.8870021104812622,0.1129978448152542,True
3052,15.26,0.077526115,0.06928137,0.051525608,0.08236613,0,3052,15.26,15.276644706726074,0,0.8862718939781189,0.1137280836701393,True
3053,15.265,0.06930108,0.072379716,0.06289675,0.08059324,0,3052,15.26,15.276644706726074,0,0.8862718939781189,0.1137280836701393,True
3054,15.27,0.04508318,0.055362716,0.055765796,0.056702267,0,3052,15.26,15.276644706726074,0,0.8862718939781189,0.1137280836701393,True
3055,15.275,0.02041769,0.02936425,0.035576526,0.023083681,0,3052,15.26,15.276644706726074,0,0.8862718939781189,0.1137280836701393,True
3056,15.28,0.0064659673,0.0076950197,0.013353268,-0.004906449,0,3056,15.28,15.2901713848114,0,0.8853716850280762,0.1146283373236656,True
3057,15.285,0.005599114,-0.00011748444,0.00097111566,-0.015516623,0,3056,15.28,15.2901713848114,0,0.8853716850280762,0.1146283373236656,True
3058,15.29,0.013583074,0.00811492,0.0053727766,-0.0052849427,0,3056,15.28,15.2901713848114,0,0.8853716850280762,0.1146283373236656,True
3059,15.295,0.024529262,0.026983935,0.02455668,0.019735284,0,3056,15.28,15.2901713848114,0,0.8853716850280762,0.1146283373236656,True
3060,15.3,0.034000747,0.046216104,0.047944576,0.046635304,0,3060,15.3,15.31043529510498,0,0.8841778039932251,0.1158221289515495,True
3061,15.305,0.0390352,0.055372085,0.061701763,0.061465647,0,3060,15.3,15.31043529510498,0,0.8841778039932251,0.1158221289515495,True
3062,15.31,0.037114814,0.048627287,0.05631588,0.055854555,0,3060,15.3,15.31043529510498,0,0.8841778039932251,0.1158221289515495,True
3063,15.315,0.026262574,0.027175201,0.03168608,0.030887704,0,3060,15.3,15.31043529510498,0,0.8841778039932251,0.1158221289515495,True
3064,15.32,0.006287616,-0.0023044532,-0.0036637571,-0.004333032,0,3064,15.32,15.327753067016602,0,0.8836209774017334,0.1163790524005889,True
3065,15.325,-0.020377342,-0.032155123,-0.038452733,-0.038652923,0,3064,15.32,15.327753067016602,0,0.8836209774017334,0.1163790524005889,True
3066,15.33,-0.049231093,-0.0578733,-0.065063715,-0.06507197,0,3064,15.32,15.327753067016602,0,0.8836209774017334,0.1163790524005889,True
3067,15.335,-0.07499262,-0.07855961,-0.08181361,-0.08254364,0,3064,15.32,15.327753067016602,0,0.8836209774017334,0.1163790524005889,True
3068,15.34,-0.092398316,-0.09352973,-0.090021245,-0.09239674,0,3068,15.34,15.341812372207642,0,0.8880753517150879,0.1119246631860733,True
3069,15.345,-0.09648852,-0.098804265,-0.0893967,-0.093366705,0,3068,15.34,15.341812372207642,0,0.8880753517150879,0.1119246631860733,True
3070,15.35,-0.083717644,-0.08797781,-0.07677978,-0.08079741,0,3068,15.34,15.341812372207642,0,0.8880753517150879,0.1119246631860733,True
3071,15.355,-0.054571677,-0.05799622,-0.049927544,-0.051596023,0,3068,15.34,15.341812372207642,0,0.8880753517150879,0.1119246631860733,True
3072,15.36,-0.015855758,-0.01481586,-0.012628144,-0.010268442,0,3072,15.36,15.370190382003784,0,0.888571560382843,0.1114284321665763,True
3073,15.365,0.020618653,0.027384697,0.02465685,0.03074216,0,3072,15.36,15.370190382003784,0,0.888571560382843,0.1114284321665763,True
3074,15.37,0.043909773,0.054431744,0.050468422,0.058194377,0,3072,15.36,15.370190382003784,0,0.888571560382843,0.1114284321665763,True
3075,15.375,0.050689522,0.061481915,0.059833404,0.06689019,0,3072,15.36,15.370190382003784,0,0.888571560382843,0.1114284321665763,True
3076,15.38,0.047050204,0.05534322,0.056873698,0.062232144,0,3076,15.38,15.394613027572632,0,0.8901844024658203,0.109815664589405,True
3077,15.385,0.04313751,0.047763903,0.050276596,0.05428037,0,3076,15.38,15.394613027572632,0,0.8901844024658203,0.109815664589405,True
3078,15.39,0.0448413,0.045752283,0.045892186,0.049049377,0,3076,15.38,15.394613027572632,0,0.8901844024658203,0.109815664589405,True
3079,15.395,0.049780972,0.04729109,0.04297116,0.044938657,0,3076,15.38,15.394613027572632,0,0.8901844024658203,0.109815664589405,True
3080,15.4,0.051016457,0.045458958,0.036791172,0.036783215,0,3080,15.4,15.409117698669434,0,0.8804081678390503,0.1195918694138526,True
3081,15.405,0.044652548,0.03632255,0.024620378,0.022771506,0,3080,15.4,15.409117698669434,0,0.8804081678390503,0.1195918694138526,True
3082,15.41,0.033767305,0.022969667,0.009335165,0.0072909407,0,3080,15.4,15.409117698669434,0,0.8804081678390503,0.1195918694138526,True
3083,15.415,0.024752092,0.012113031,-0.0025513135,-0.002836788,0,3080,15.4,15.409117698669434,0,0.8804081678390503,0.1195918694138526,True
3084,15.42,0.019892925,0.00693737,-0.0065651727,-0.0048232973,0,3084,15.42,15.42025113105774,0,0.8667738437652588,0.1332261860370636,True
3085,15.425,0.01409972,0.0035090006,-0.0044448944,-0.002758543,0,3084,15.42,15.42025113105774,0,0.8667738437652588,0.1332261860370636,True
3086,15.43,-0.00039668125,-0.005516655,-0.003031487,-0.004202373,0,3084,15.42,15.42025113105774,0,0.8667738437652588,0.1332261860370636,True
3087,15.435,-0.025837168,-0.023523191,-0.008913592,-0.013902962,0,3084,15.42,15.42025113105774,0,0.8667738437652588,0.1332261860370636,True
3088,15.44,-0.055393755,-0.046111424,-0.023428755,-0.030351214,0,3088,15.44,15.440157413482666,0,0.887738823890686,0.1122611463069915,True
3089,15.445,-0.077671885,-0.06418368,-0.04170178,-0.047503054,0,3088,15.44,15.440157413482666,0,0.887738823890686,0.1122611463069915,True
3090,15.45,-0.08466237,-0.070438646,-0.055590313,-0.05897716,0,3088,15.44,15.440157413482666,0,0.887738823890686,0.1122611463069915,True
3091,15.455,-0.07590034,-0.06328595,-0.05789343,-0.060750555,0,3088,15.44,15.440157413482666,0,0.887738823890686,0.1122611463069915,True
3092,15.46,-0.05636179,-0.04592286,-0.045659553,-0.051402096,0,3092,15.46,15.46037483215332,0,0.8891034126281738,0.1108965650200843,True
3093,15.465,-0.031870306,-0.023256967,-0.021828905,-0.03192213,0,3092,15.46,15.46037483215332,0,0.8891034126281738,0.1108965650200843,True
3094,15.47,-0.006875387,-0.00015692085,0.005333265,-0.006436022,0,3092,15.46,15.46037483215332,0,0.8891034126281738,0.1108965650200843,True
3095,15.475,0.0147139365,0.018610526,0.02563182,0.017645882,0,3092,15.46,15.46037483215332,0,0.8891034126281738,0.1108965650200843,True
3096,15.48,0.028869139,0.028937582,0.032286853,0.032286227,0,3096,15.48,15.49041509628296,0,0.8876413702964783,0.1123586148023605,True
3097,15.485,0.033394303,0.029535312,0.026014108,0.033672404,0,3096,15.48,15.49041509628296,0,0.8876413702964783,0.1123586148023605,True
3098,15.49,0.030779546,0.023792021,0.01443946,0.025368411,0,3096,15.48,15.49041509628296,0,0.8876413702964783,0.1123586148023605,True
3099,15.495,0.027920483,0.018476991,0.0067047356,0.01628682,0,3096,15.48,15.49041509628296,0,0.8876413702964783,0.1123586148023605,True
3100,15.5,0.03124965,0.019131724,0.007203824,0.014335139,0,3100,15.5,15.510305881500244,0,0.8877481818199158,0.1122517958283424,True
3101,15.505,0.040846303,0.02563703,0.013274595,0.020699956,0,3100,15.5,15.510305881500244,0,0.8877481818199158,0.1122517958283424,True
3102,15.51,0.04915265,0.03202822,0.018320436,0.029457519,0,3100,15.5,15.510305881500244,0,0.8877481818199158,0.1122517958283424,True
3103,15.515,0.046422433,0.031184144,0.017359877,0.032692865,0,3100,15.5,15.510305881500244,0,0.8877481818199158,0.1122517958283424,True
3104,15.52,0.028930902,0.020669166,0.010441606,0.026735177,0,3104,15.52,15.528522729873655,0,0.8826127052307129,0.1173872575163841,True
3105,15.525,0.00300635,0.004851793,0.0017381209,0.014465106,0,3104,15.52,15.528522729873655,0,0.8826127052307129,0.1173872575163841,True
3106,15.53,-0.018906986,-0.008432801,-0.0041459063,0.002205952,0,3104,15.52,15.528522729873655,0,0.8826127052307129,0.1173872575163841,True
3107,15.535,-0.027297514,-0.013821271,-0.0053785495,-0.005774318,0,3104,15.52,15.528522729873655,0,0.8826127052307129,0.1173872575163841,True
3108,15.54,-0.022552706,-0.012130725,-0.003548887,-0.01038675,0,3108,15.54,15.544632911682127,0,0.8814090490341187,0.1185909435153007,True
3109,15.545,-0.014282194,-0.009121648,-0.0020300604,-0.015959738,0,3108,15.54,15.544632911682127,0,0.8814090490341187,0.1185909435153007,True
3110,15.55,-0.013467916,-0.010588883,-0.0035778403,-0.025267191,0,3108,15.54,15.544632911682127,0,0.8814090490341187,0.1185909435153007,True
3111,15.555,-0.02340344,-0.01754593,-0.0084274225,-0.03567371,0,3108,15.54,15.544632911682127,0,0.8814090490341187,0.1185909435153007,True
3112,15.56,-0.036381103,-0.024902364,-0.013610883,-0.039833043,0,3112,15.56,15.57022476196289,0,0.8897554278373718,0.1102445423603057,True
3113,15.565,-0.039127383,-0.024760779,-0.014165953,-0.030846303,0,3112,15.56,15.57022476196289,0,0.8897554278373718,0.1102445423603057,True
3114,15.57,-0.023646683,-0.012634645,-0.006492542,-0.008353975,0,3112,15.56,15.57022476196289,0,0.8897554278373718,0.1102445423603057,True
3115,15.575,0.0045632143,0.0074827364,0.007649988,0.018985096,0,3112,15.56,15.57022476196289,0,0.8897554278373718,0.1102445423603057,True
3116,15.58,0.028307589,0.023694826,0.019987369,0.037196677,0,3116,15.58,15.590328454971312,0,0.890059769153595,0.109940156340599,True
3117,15.585,0.030977981,0.02380047,0.02020159,0.035480704,0,3116,15.58,15.590328454971312,0,0.890059769153595,0.109940156340599,True
3118,15.59,0.010718431,0.00547312,0.0043312483,0.014267115,0,3116,15.58,15.590328454971312,0,0.890059769153595,0.109940156340599,True
3119,15.595,-0.015691234,-0.019340796,-0.019491889,-0.013339709,0,3116,15.58,15.590328454971312,0,0.890059769153595,0.109940156340599,True
3120,15.6,-0.02450301,-0.03129409,-0.034371603,-0.029228477,0,3120,15.6,15.610273122787476,0,0.8876917362213135,0.1123082637786865,True
3121,15.605,-0.0042653517,-0.018238919,-0.026577124,-0.02278676,0,3120,15.6,15.610273122787476,0,0.8876917362213135,0.1123082637786865,True
3122,15.61,0.033214983,0.0137337865,0.0025624533,0.0007883712,0,3120,15.6,15.610273122787476,0,0.8876917362213135,0.1123082637786865,True
3123,15.615,0.060318977,0.042704385,0.035009366,0.023339566,0,3120,15.6,15.610273122787476,0,0.8876917362213135,0.1123082637786865,True
3124,15.62,0.05416976,0.046142895,0.047342364,0.026447505,0,3124,15.62,15.627201318740845,0,0.8900097608566284,0.1099902540445327,True
3125,15.625,0.013835381,0.017536536,0.027276786,0.0047811717,0,3124,15.62,15.627201318740845,0,0.8900097608566284,0.1099902540445327,True
3126,15.63,-0.039080225,-0.028338244,-0.016860653,-0.029759943,0,3124,15.62,15.627201318740845,0,0.8900097608566284,0.1099902540445327,True
3127,15.635,-0.07566755,-0.0651244,-0.0606472,-0.055836365,0,3124,15.62,15.627201318740845,0,0.8900097608566284,0.1099902540445327,True
3128,15.64,-0.07806521,-0.07175992,-0.07863661,-0.056323722,0,3128,15.64,15.64159607887268,0,0.8755005598068237,0.124499388039112,True
3129,15.645,-0.047992602,-0.044431716,-0.059468143,-0.028306492,0,3128,15.64,15.64159607887268,0,0.8755005598068237,0.124499388039112,True
3130,15.65,-0.0020386016,0.0032690463,-0.0115354555,0.016380161,0,3128,15.64,15.64159607887268,0,0.8755005598068237,0.124499388039112,True
3131,15.655,0.039951175,0.049840413,0.04302616,0.05885768,0,3128,15.64,15.64159607887268,0,0.8755005598068237,0.124499388039112,True
3132,15.66,0.06449992,0.07744053,0.080886886,0.083214514,0,3132,15.66,15.66004753112793,0,0.8869619965553284,0.1130380481481552,True
3133,15.665,0.06768264,0.07892733,0.088758014,0.0829871,0,3132,15.66,15.66004753112793,0,0.8869619965553284,0.1130380481481552,True
3134,15.67,0.05317068,0.058355782,0.06793172,0.06182832,0,3132,15.66,15.66004753112793,0,0.8869619965553284,0.1130380481481552,True
3135,15.675,0.028694635,0.02681147,0.0313534,0.02976653,0,3132,15.66,15.66004753112793,0,0.8869619965553284,0.1130380481481552,True
3136,15.68,0.0030208093,-0.0033577143,-0.004017677,-0.0019898172,0,3136,15.68,15.694483518600464,0,0.8887372016906738,0.1112627983093261,True
3137,15.685,-0.016538916,-0.023513714,-0.025516571,-0.025311075,0,3136,15.68,15.694483518600464,0,0.8887372016906738,0.1112627983093261,True
3138,15.69,-0.026311615,-0.031414475,-0.030067552,-0.03733591,0,3136,15.68,15.694483518600464,0,0.8887372016906738,0.1112627983093261,True
3139,15.695,-0.0272838,-0.030802598,-0.024153471,-0.04030323,0,3136,15.68,15.694483518600464,0,0.8887372016906738,0.1112627983093261,True
3140,15.7,-0.023826102,-0.028082766,-0.018510364,-0.03924201,0,3140,15.7,15.710042715072632,0,0.8864524960517883,0.1135475039482116,True
3141,15.705,-0.02047814,-0.027806053,-0.02056659,-0.03851109,0,3140,15.7,15.710042715072632,0,0.8864524960517883,0.1135475039482116,True
3142,15.71,-0.019052377,-0.029835857,-0.02954412,-0.039149463,0,3140,15.7,15.710042715072632,0,0.8864524960517883,0.1135475039482116,True
3143,15.715,-0.018481521,-0.030436607,-0.037897244,-0.03901605,0,3140,15.7,15.710042715072632,0,0.8864524960517883,0.1135475039482116,True
3144,15.72,-0.017528236,-0.026673922,-0.038208593,-0.035782088,0,3144,15.72,15.72591233253479,0,0.888898491859436,0.1111015602946281,True
3145,15.725,-0.017434586,-0.020220937,-0.02986356,-0.029991357,0,3144,15.72,15.72591233253479,0,0.888898491859436,0.1111015602946281,True
3146,15.73,-0.020987676,-0.01628756,-0.01932544,-0.024632273,0,3144,15.72,15.72591233253479,0,0.888898491859436,0.1111015602946281,True
3147,15.735,-0.027935168,-0.017649457,-0.013283856,-0.020913823,0,3144,15.72,15.72591233253479,0,0.888898491859436,0.1111015602946281,True
3148,15.74,-0.031533614,-0.019501673,-0.011109472,-0.014711698,0,3148,15.74,15.740188598632812,0,0.8902860283851624,0.1097139939665794,True
3149,15.745,-0.021642305,-0.011666316,-0.004593315,0.0011642808,0,3148,15.74,15.740188598632812,0,0.8902860283851624,0.1097139939665794,True
3150,15.75,0.0062921876,0.012113675,0.013888319,0.029449565,0,3148,15.74,15.740188598632812,0,0.8902860283851624,0.1097139939665794,True
3151,15.755,0.04443625,0.04633857,0.04257462,0.06295437,0,3148,15.74,15.740188598632812,0,0.8902860283851624,0.1097139939665794,True
3152,15.76,0.07587903,0.07596995,0.069943964,0.08790548,0,3152,15.76,15.77526879310608,0,0.8908535838127136,0.1091464310884475,True
3153,15.765,0.086540535,0.08755785,0.08336501,0.09412715,0,3152,15.76,15.77526879310608,0,0.8908535838127136,0.1091464310884475,True
3154,15.77,0.07500514,0.07878628,0.07823913,0.08240752,0,3152,15.76,15.77526879310608,0,0.8908535838127136,0.1091464310884475,True
3155,15.775,0.051351693,0.05771928,0.059329063,0.061944008,0,3152,15.76,15.77526879310608,0,0.8908535838127136,0.1091464310884475,True
3156,15.78,0.027219996,0.033980355,0.0347495,0.0411173,0,3156,15.78,15.794028520584106,0,0.8855013251304626,0.1144986823201179,True
3157,15.785,0.00747727,0.011655266,0.009981265,0.021314424,0,3156,15.78,15.794028520584106,0,0.8855013251304626,0.1144986823201179,True
3158,15.79,-0.009594087,-0.0100511,-0.0129067395,-0.0008749077,0,3156,15.78,15.794028520584106,0,0.8855013251304626,0.1144986823201179,True
3159,15.795,-0.026450964,-0.031691287,-0.0327049,-0.027185922,0,3156,15.78,15.794028520584106,0,0.8855013251304626,0.1144986823201179,True
3160,15.8,-0.042272292,-0.050938528,-0.04792365,-0.054545365,0,3160,15.8,15.810436248779297,0,0.8830265998840332,0.1169733479619026,True
3161,15.805,-0.0540248,-0.064575665,-0.058122437,-0.07763914,0,3160,15.8,15.810436248779297,0,0.8830265998840332,0.1169733479619026,True
3162,15.81,-0.059648603,-0.07137417,-0.06466774,-0.092936926,0,3160,15.8,15.810436248779297,0,0.8830265998840332,0.1169733479619026,True
3163,15.815,-0.059449475,-0.072209574,-0.06895739,-0.09957536,0,3160,15.8,15.810436248779297,0,0.8830265998840332,0.1169733479619026,True
3164,15.82,-0.055276547,-0.06816531,-0.07023626,-0.097390264,0,3164,15.82,15.82010531425476,0,0.8893575668334961,0.1106424108147621,True
3165,15.825,-0.049292523,-0.059598453,-0.06609318,-0.08563269,0,3164,15.82,15.82010531425476,0,0.8893575668334961,0.1106424108147621,True
3166,15.83,-0.042986523,-0.04686371,-0.055134095,-0.06397548,0,3164,15.82,15.82010531425476,0,0.8893575668334961,0.1106424108147621,True
3167,15.835,-0.035809904,-0.0306753,-0.038222056,-0.0338359,0,3164,15.82,15.82010531425476,0,0.8893575668334961,0.1106424108147621,True
3168,15.84,-0.024086917,-0.010971052,-0.01655224,0.0021356384,0,3168,15.84,15.843035221099854,0,0.8904556035995483,0.1095444038510322,True
3169,15.845,-0.002466702,0.013865381,0.010575904,0.041439634,0,3168,15.84,15.843035221099854,0,0.8904556035995483,0.1095444038510322,True
3170,15.85,0.031387273,0.045047328,0.044331707,0.08132449,0,3168,15.84,15.843035221099854,0,0.8904556035995483,0.1095444038510322,True
3171,15.855,0.07211538,0.079548694,0.08176095,0.11638808,0,3168,15.84,15.843035221099854,0,0.8904556035995483,0.1095444038510322,True
3172,15.86,0.10683161,0.10844411,0.113359146,0.13756569,0,3172,15.86,15.878077030181885,0,0.8913142681121826,0.1086857542395591,True
3173,15.865,0.12152529,0.1204465,0.12706,0.1355881,0,3172,15.86,15.878077030181885,0,0.8913142681121826,0.1086857542395591,True
3174,15.87,0.10942367,0.10882797,0.116264984,0.10730994,0,3172,15.86,15.878077030181885,0,0.8913142681121826,0.1086857542395591,True
3175,15.875,0.07481794,0.07613097,0.08461927,0.05940054,0,3172,15.86,15.878077030181885,0,0.8913142681121826,0.1086857542395591,True
3176,15.88,0.029586261,0.03259473,0.042981528,0.0056205187,0,3176,15.88,15.890041589736938,0,0.8764184713363647,0.1235815361142158,True
3177,15.885,-0.01401669,-0.010070601,0.0018582889,-0.040197942,0,3176,15.88,15.890041589736938,0,0.8764184713363647,0.1235815361142158,True
3178,15.89,-0.048061468,-0.04388434,-0.03321147,-0.069710486,0,3176,15.88,15.890041589736938,0,0.8764184713363647,0.1235815361142158,True
3179,15.895,-0.068650074,-0.06515503,-0.06003144,-0.08087721,0,3176,15.88,15.890041589736938,0,0.8764184713363647,0.1235815361142158,True
3180,15.9,-0.07401457,-0.072501026,-0.07613251,-0.07599555,0,3180,15.9,15.910062074661257,0,0.8741772770881653,0.1258226931095123,True
3181,15.905,-0.06528895,-0.066751085,-0.07914258,-0.06051062,0,3180,15.9,15.910062074661257,0,0.8741772770881653,0.1258226931095123,True
3182,15.91,-0.04896306,-0.053112224,-0.0710052,-0.042751286,0,3180,15.9,15.910062074661257,0,0.8741772770881653,0.1258226931095123,True
3183,15.915,-0.03567486,-0.04108968,-0.059792884,-0.031663917,0,3180,15.9,15.910062074661257,0,0.8741772770881653,0.1258226931095123,True
3184,15.92,-0.03323113,-0.039017636,-0.054721627,-0.031706113,0,3184,15.92,15.92709994316101,0,0.8867615461349487,0.1132384166121482,True
3185,15.925,-0.03944751,-0.046823777,-0.057936344,-0.038882308,0,3184,15.92,15.92709994316101,0,0.8867615461349487,0.1132384166121482,True
3186,15.93,-0.042750042,-0.054434806,-0.06129471,-0.042717706,0,3184,15.92,15.92709994316101,0,0.8867615461349487,0.1132384166121482,True
3187,15.935,-0.031475574,-0.048729654,-0.052176733,-0.033716228,0,3184,15.92,15.92709994316101,0,0.8867615461349487,0.1132384166121482,True
3188,15.94,-0.0038594631,-0.023695916,-0.023766773,-0.010222317,0,3188,15.94,15.94206476211548,0,0.8885971903800964,0.1114028170704841,True
3189,15.945,0.030211648,0.014717316,0.018872144,0.020921178,0,3188,15.94,15.94206476211548,0,0.8885971903800964,0.1114028170704841,True
3190,15.95,0.056716003,0.052681994,0.061710782,0.04960508,0,3188,15.94,15.94206476211548,0,0.8885971903800964,0.1114028170704841,True
3191,15.955,0.06723114,0.07759416,0.090851605,0.06848156,0,3188,15.94,15.94206476211548,0,0.8885971903800964,0.1114028170704841,True
3192,15.96,0.06314629,0.08501635,0.10055099,0.075456925,0,3192,15.96,15.971306562423706,0,0.8906117677688599,0.1093882396817207,True
3193,15.965,0.05240247,0.07906081,0.09455118,0.07240491,0,3192,15.96,15.971306562423706,0,0.8906117677688599,0.1093882396817207,True
3194,15.97,0.0426177,0.0671663,0.08069389,0.062422704,0,3192,15.96,15.971306562423706,0,0.8906117677688599,0.1093882396817207,True
3195,15.975,0.035895456,0.053858284,0.06380205,0.047589958,0,3192,15.96,15.971306562423706,0,0.8906117677688599,0.1093882396817207,True
3196,15.98,0.028361628,0.03813454,0.042746805,0.028132642,0,3196,15.98,15.994210481643677,0,0.881391167640686,0.1186088174581527,True
3197,15.985,0.014224537,0.016141007,0.013906515,0.003531786,0,3196,15.98,15.994210481643677,0,0.881391167640686,0.1186088174581527,True
3198,15.99,-0.008532414,-0.013254574,-0.022337776,-0.024751548,0,3196,15.98,15.994210481643677,0,0.881391167640686,0.1186088174581527,True
3199,15.995,-0.03499874,-0.04482226,-0.058293216,-0.05118868,0,3196,15.98,15.994210481643677,0,0.881391167640686,0.1186088174581527,True
3200,16.0,-0.05556037,-0.068763025,-0.08244106,-0.06761322,0,3200,16.0,16.00888156890869,0,0.8780417442321777,0.1219582706689834,True
3201,16.005,-0.06229263,-0.076901056,-0.08716684,-0.06825169,0,3200,16.0,16.00888156890869,0,0.8780417442321777,0.1219582706689834,True
3202,16.01,-0.05449094,-0.06824215,-0.07406214,-0.054363612,0,3200,16.0,16.00888156890869,0,0.8780417442321777,0.1219582706689834,True
3203,16.015,-0.038595166,-0.04919658,-0.052105393,-0.0338745,0,3200,16.0,16.00888156890869,0,0.8780417442321777,0.1219582706689834,True
3204,16.02,-0.022554645,-0.028347962,-0.030409018,-0.015667457,0,3204,16.02,16.02001976966858,0,0.8886789679527283,0.1113209947943687,True
3205,16.025,-0.009711777,-0.010370561,-0.012021526,-0.0033330813,0,3204,16.02,16.02001976966858,0,0.8886789679527283,0.1113209947943687,True
3206,16.03,0.002271691,0.005684642,0.0059291585,0.006081525,0,3204,16.02,16.02001976966858,0,0.8886789679527283,0.1113209947943687,True
3207,16.035,0.016638562,0.022528747,0.026404962,0.017316887,0,3204,16.02,16.02001976966858,0,0.8886789679527283,0.1113209947943687,True
3208,16.04,0.03171722,0.039122347,0.04675369,0.030697735,0,3208,16.04,16.04021167755127,0,0.8888624310493469,0.111137606203556,True
3209,16.045,0.04012404,0.04911391,0.05872939,0.040443275,0,3208,16.04,16.04021167755127,0,0.8888624310493469,0.111137606203556,True
3210,16.05,0.034506492,0.04533077,0.054565936,0.039308883,0,3208,16.04,16.04021167755127,0,0.8888624310493469,0.111137606203556,True
3211,16.055,0.0149974115,0.02667647,0.033901382,0.025442576,0,3208,16.04,16.04021167755127,0,0.8888624310493469,0.111137606203556,True
3212,16.06,-0.008597005,0.0011024659,0.005473348,0.0051645776,0,3212,16.06,16.062207460403442,0,0.8884294629096985,0.1115705072879791,True
3213,16.065,-0.02256528,-0.01859839,-0.018064242,-0.010970467,0,3212,16.06,16.062207460403442,0,0.8884294629096985,0.1115705072879791,True
3214,16.07,-0.018844437,-0.023303399,-0.028185109,-0.015535649,0,3212,16.06,16.062207460403442,0,0.8884294629096985,0.1115705072879791,True
3215,16.075,-0.00094822067,-0.013846609,-0.025342923,-0.009085191,0,3212,16.06,16.062207460403442,0,0.8884294629096985,0.1115705072879791,True
3216,16.08,0.01820169,-0.00031955505,-0.017420249,0.00083876797,0,3216,16.08,16.09024477005005,0,0.8886525630950928,0.1113475188612937,True
3217,16.085,0.024888784,0.005116617,-0.013358332,0.005188162,0,3216,16.08,16.09024477005005,0,0.8886525630950928,0.1113475188612937,True
3218,16.09,0.013747527,-0.0030401065,-0.016545305,-0.0005923658,0,3216,16.08,16.09024477005005,0,0.8886525630950928,0.1113475188612937,True
3219,16.095,-0.008345236,-0.019181686,-0.022270268,-0.013514964,0,3216,16.08,16.09024477005005,0,0.8886525630950928,0.1113475188612937,True
3220,16.1,-0.026042286,-0.029613547,-0.020937622,-0.024516925,0,3220,16.1,16.110055685043335,0,0.8887355923652649,0.1112643703818321,True
3221,16.105,-0.025153477,-0.021792978,-0.0053186864,-0.024024362,0,3220,16.1,16.110055685043335,0,0.8887355923652649,0.1112643703818321,True
3222,16.11,-0.002832209,0.0057520927,0.022736749,-0.008902116,0,3220,16.1,16.110055685043335,0,0.8887355923652649,0.1112643703818321,True
3223,16.115,0.028476957,0.040027555,0.05130307,0.013920943,0,3220,16.1,16.110055685043335,0,0.8887355923652649,0.1112643703818321,True
3224,16.12,0.047670618,0.060696542,0.06511392,0.031044787,0,3224,16.12,16.12028169631958,0,0.8898987174034119,0.1101012825965881,True
3225,16.125,0.039507214,0.0541526,0.056150187,0.032207243,0,3224,16.12,16.12028169631958,0,0.8898987174034119,0.1101012825965881,True
3226,16.13,0.0068988064,0.024283974,0.030051937,0.018702438,0,3224,16.12,16.12028169631958,0,0.8898987174034119,0.1101012825965881,True
3227,16.135,-0.029584412,-0.009430526,0.0025054743,0.0028443784,0,3224,16.12,16.12028169631958,0,0.8898987174034119,0.1101012825965881,True
3228,16.14,-0.046260867,-0.026274284,-0.012357493,-0.0021909368,0,3228,16.14,16.140461206436157,0,0.8818963766098022,0.1181036531925201,True
3229,16.145,-0.03419842,-0.020146018,-0.012520866,0.00604882,0,3228,16.14,16.140461206436157,0,0.8818963766098022,0.1181036531925201,True
3230,16.15,-0.0060676867,-0.003974286,-0.0090354085,0.016426047,0,3228,16.14,16.140461206436157,0,0.8818963766098022,0.1181036531925201,True
3231,16.155,0.013676582,0.0011060928,-0.016522674,0.013002786,0,3228,16.14,16.140461206436157,0,0.8818963766098022,0.1181036531925201,True
3232,16.16,0.007549711,-0.016879074,-0.04071118,-0.011446542,0,3232,16.16,16.170462131500244,0,0.8902062773704529,0.1097936853766441,True
3233,16.165,-0.021817675,-0.05072164,-0.07264813,-0.048082326,0,3232,16.16,16.170462131500244,0,0.8902062773704529,0.1097936853766441,True
3234,16.17,-0.053846024,-0.079048395,-0.093977526,-0.07679757,0,3232,16.16,16.170462131500244,0,0.8902062773704529,0.1097936853766441,True
3235,16.175,-0.06516201,-0.08193096,-0.08933355,-0.07970129,0,3232,16.16,16.170462131500244,0,0.8902062773704529,0.1097936853766441,True
3236,16.18,-0.045770794,-0.054571837,-0.05667476,-0.05317583,0,3236,16.18,16.190096378326416,0,0.8902360796928406,0.1097639501094818,True
3237,16.185,-0.0043466757,-0.0089612445,-0.008151683,-0.009610002,0,3236,16.18,16.190096378326416,0,0.8902360796928406,0.1097639501094818,True
3238,16.19,0.0398632,0.036158167,0.038430315,0.031906936,0,3236,16.18,16.190096378326416,0,0.8902360796928406,0.1097639501094818,True
3239,16.195,0.07046503,0.06754408,0.070368476,0.058084555,0,3236,16.18,16.190096378326416,0,0.8902360796928406,0.1097639501094818,True
3240,16.2,0.08191965,0.0824316,0.08509633,0.06752109,0,3240,16.2,16.21026635169983,0,0.8893091678619385,0.1106908693909645,True
3241,16.205,0.07796302,0.08474307,0.087357655,0.06704484,0,3240,16.2,16.21026635169983,0,0.8893091678619385,0.1106908693909645,True
3242,16.21,0.064887166,0.078576475,0.082844384,0.06320924,0,3240,16.2,16.21026635169983,0,0.8893091678619385,0.1106908693909645,True
3243,16.215,0.04671694,0.06533399,0.073988475,0.0567754,0,3240,16.2,16.21026635169983,0,0.8893091678619385,0.1106908693909645,True
3244,16.22,0.025177367,0.04540227,0.060017306,0.044017773,0,3244,16.22,16.226439952850342,0,0.8800681233406067,0.1199318319559097,True
3245,16.225,0.0020967869,0.020721367,0.039484113,0.02232478,0,3244,16.22,16.226439952850342,0,0.8800681233406067,0.1199318319559097,True
3246,16.23,-0.019557422,-0.0051075807,0.012549031,-0.0056312094,0,3244,16.22,16.226439952850342,0,0.8800681233406067,0.1199318319559097,True
3247,16.235,-0.037394524,-0.029098652,-0.018392658,-0.03297164,0,3244,16.22,16.226439952850342,0,0.8800681233406067,0.1199318319559097,True
3248,16.24,-0.052103717,-0.050902784,-0.049647104,-0.053821016,0,3248,16.24,16.242130041122437,0,0.8727834224700928,0.1272165179252624,True
3249,16.245,-0.067309454,-0.07212604,-0.077669926,-0.06757918,0,3248,16.24,16.242130041122437,0,0.8727834224700928,0.1272165179252624,True
3250,16.25,-0.08522388,-0.09280241,-0.099528655,-0.07765647,0,3248,16.24,16.242130041122437,0,0.8727834224700928,0.1272165179252624,True
3251,16.255,-0.10101989,-0.10770617,-0.11169981,-0.08524573,0,3248,16.24,16.242130041122437,0,0.8727834224700928,0.1272165179252624,True
3252,16.26,-0.102051556,-0.10653429,-0.10879957,-0.08438536,0,3252,16.26,16.276031494140625,0,0.8895887136459351,0.1104112789034843,True
3253,16.265,-0.075493254,-0.07995049,-0.08530197,-0.064780846,0,3252,16.26,16.276031494140625,0,0.8895887136459351,0.1104112789034843,True
3254,16.27,-0.02017474,-0.028402863,-0.041005947,-0.021933679,0,3252,16.26,16.276031494140625,0,0.8895887136459351,0.1104112789034843,True
3255,16.275,0.047492187,0.03348413,0.013998291,0.034081798,0,3252,16.26,16.276031494140625,0,0.8895887136459351,0.1104112789034843,True
3256,16.28,0.100539856,0.08249696,0.061219588,0.080759704,0,3256,16.28,16.298200368881226,0,0.8757941126823425,0.1242059245705604,True
3257,16.285,0.11791,0.1004,0.08397106,0.09704279,0,3256,16.28,16.298200368881226,0,0.8757941126823425,0.1242059245705604,True
3258,16.29,0.09826907,0.08606763,0.07898105,0.07876673,0,3256,16.28,16.298200368881226,0,0.8757941126823425,0.1242059245705604,True
3259,16.295,0.06055944,0.05655626,0.05935905,0.0427829,0,3256,16.28,16.298200368881226,0,0.8757941126823425,0.1242059245705604,True
3260,16.3,0.030897511,0.03551489,0.045284368,0.015627,0,3260,16.3,16.310232639312744,0,0.8796346187591553,0.1203653812408447,True
3261,16.305,0.025507728,0.0371072,0.04924876,0.015180955,0,3260,16.3,16.310232639312744,0,0.8796346187591553,0.1203653812408447,True
3262,16.31,0.041400358,0.056939717,0.067280754,0.039041147,0,3260,16.3,16.310232639312744,0,0.8796346187591553,0.1203653812408447,True
3263,16.315,0.059964977,0.07585094,0.08229971,0.06723202,0,3260,16.3,16.310232639312744,0,0.8796346187591553,0.1203653812408447,True
3264,16.32,0.059626617,0.072912715,0.0760609,0.075748496,0,3264,16.32,16.325180053710938,0,0.8796749711036682,0.1203249841928482,True
3265,16.325,0.02888144,0.03831406,0.040663227,0.050796088,0,3264,16.32,16.325180053710938,0,0.8796749711036682,0.1203249841928482,True
3266,16.33,-0.027488433,-0.021525595,-0.017299272,-0.004547462,0,3264,16.32,16.325180053710938,0,0.8796749711036682,0.1203249841928482,True
3267,16.335,-0.09119159,-0.0880201,-0.08070631,-0.07300405,0,3264,16.32,16.325180053710938,0,0.8796749711036682,0.1203249841928482,True
3268,16.34,-0.13970204,-0.13970572,-0.13012114,-0.1316885,0,3268,16.34,16.340335369110107,0,0.8646354079246521,0.1353646069765091,True
3269,16.345,-0.15704569,-0.16137545,-0.15160717,-0.16182609,0,3268,16.34,16.340335369110107,0,0.8646354079246521,0.1353646069765091,True
3270,16.35,-0.14071679,-0.14927147,-0.14123307,-0.15569924,0,3268,16.34,16.340335369110107,0,0.8646354079246521,0.1353646069765091,True
3271,16.355,-0.10104411,-0.1108374,-0.105234526,-0.118319005,0,3268,16.34,16.340335369110107,0,0.8646354079246521,0.1353646069765091,True
3272,16.36,-0.053384777,-0.05962436,-0.056178126,-0.063289836,0,3272,16.36,16.37590789794922,0,0.8828628659248352,0.1171371787786483,True
3273,16.365,-0.008481985,-0.008166395,-0.00695859,-0.00532453,0,3272,16.36,16.37590789794922,0,0.8828628659248352,0.1171371787786483,True
3274,16.37,0.0317056,0.036797497,0.034141175,0.04577611,0,3272,16.36,16.37590789794922,0,0.8828628659248352,0.1171371787786483,True
3275,16.375,0.069526546,0.07367914,0.064465046,0.08595465,0,3272,16.36,16.37590789794922,0,0.8828628659248352,0.1171371787786483,True
3276,16.38,0.10331574,0.101465814,0.084226795,0.113459416,0,3276,16.38,16.390270471572876,0,0.8775823712348938,0.1224176436662674,True
3277,16.385,0.124376826,0.11664821,0.093482226,0.12597433,0,3276,16.38,16.390270471572876,0,0.8775823712348938,0.1224176436662674,True
3278,16.39,0.123513244,0.1155205,0.09217357,0.12180691,0,3276,16.38,16.390270471572876,0,0.8775823712348938,0.1224176436662674,True
3279,16.395,0.1009647,0.09932277,0.08249103,0.103152364,0,3276,16.38,16.390270471572876,0,0.8775823712348938,0.1224176436662674,True
3280,16.4,0.068765506,0.07559359,0.0694148,0.07634942,0,3280,16.4,16.41036057472229,0,0.8749770522117615,0.1250229924917221,True
3281,16.405,0.04164869,0.05282523,0.0572052,0.047508564,0,3280,16.4,16.41036057472229,0,0.8749770522117615,0.1250229924917221,True
3282,16.41,0.024840925,0.033370983,0.045015235,0.017998097,0,3280,16.4,16.41036057472229,0,0.8749770522117615,0.1250229924917221,True
3283,16.415,0.010937508,0.012238159,0.027007341,-0.014717585,0,3280,16.4,16.41036057472229,0,0.8749770522117615,0.1250229924917221,True
3284,16.42,-0.011113545,-0.016605888,-0.001945794,-0.051248755,0,3284,16.42,16.42805504798889,0,0.8498342633247375,0.1501657217741012,True
3285,16.425,-0.0441013,-0.052690443,-0.04006913,-0.08576236,0,3284,16.42,16.42805504798889,0,0.8498342633247375,0.1501657217741012,True
3286,16.43,-0.0791413,-0.087565035,-0.07802775,-0.10805722,0,3284,16.42,16.42805504798889,0,0.8498342633247375,0.1501657217741012,True
3287,16.435,-0.10303441,-0.11037477,-0.1045245,-0.11072459,0,3284,16.42,16.42805504798889,0,0.8498342633247375,0.1501657217741012,True
3288,16.44,-0.108585775,-0.115108185,-0.11321593,-0.094873875,0,3288,16.44,16.442607402801514,0,0.8845241665840149,0.1154757738113403,True
3289,16.445,-0.098724976,-0.10364157,-0.10548537,-0.06951453,0,3288,16.44,16.442607402801514,0,0.8845241665840149,0.1154757738113403,True
3290,16.45,-0.082058266,-0.08302594,-0.08770001,-0.045410626,0,3288,16.44,16.442607402801514,0,0.8845241665840149,0.1154757738113403,True
3291,16.455,-0.06477282,-0.059819326,-0.065797426,-0.028307104,0,3288,16.44,16.442607402801514,0,0.8845241665840149,0.1154757738113403,True
3292,16.46,-0.045819946,-0.03575578,-0.041323792,-0.01612217,0,3292,16.46,16.470969676971436,0,0.8790191411972046,0.1209808364510536,True
3293,16.465,-0.01898578,-0.0077888467,-0.011575637,-0.0015343918,0,3292,16.46,16.470969676971436,0,0.8790191411972046,0.1209808364510536,True
3294,16.47,0.019923083,0.027413953,0.026251025,0.021937182,0,3292,16.46,16.470969676971436,0,0.8790191411972046,0.1209808364510536,True
3295,16.475,0.06653312,0.06788028,0.069818206,0.0542561,0,3292,16.46,16.470969676971436,0,0.8790191411972046,0.1209808364510536,True
3296,16.48,0.10776459,0.10460306,0.109651305,0.087500066,0,3296,16.48,16.490354776382446,0,0.8867861032485962,0.1132139265537262,True
3297,16.485,0.12924138,0.12613155,0.13307133,0.110254616,0,3296,16.48,16.490354776382446,0,0.8867861032485962,0.1132139265537262,True
3298,16.49,0.124948315,0.12634814,0.13208775,0.115015864,0,3296,16.48,16.490354776382446,0,0.8867861032485962,0.1132139265537262,True
3299,16.495,0.10108164,0.10859951,0.10908788,0.10282879,0,3296,16.48,16.490354776382446,0,0.8867861032485962,0.1132139265537262,True
3300,16.5,0.07039087,0.081978746,0.074895956,0.08094185,0,3300,16.5,16.510103225708008,0,0.8736082315444946,0.1263918131589889,True
3301,16.505,0.041670494,0.052888475,0.040104978,0.055268474,0,3300,16.5,16.510103225708008,0,0.8736082315444946,0.1263918131589889,True
3302,16.51,0.013728858,0.019988675,0.0072122263,0.024814377,0,3300,16.5,16.510103225708008,0,0.8736082315444946,0.1263918131589889,True
3303,16.515,-0.020655608,-0.022166442,-0.028871732,-0.015866274,0,3300,16.5,16.510103225708008,0,0.8736082315444946,0.1263918131589889,True
3304,16.52,-0.06433387,-0.07382742,-0.07200825,-0.06771258,0,3304,16.52,16.527713298797607,0,0.8423337340354919,0.157666265964508,True
3305,16.525,-0.10849987,-0.123993665,-0.11612455,-0.1202803,0,3304,16.52,16.527713298797607,0,0.8423337340354919,0.157666265964508,True
3306,16.53,-0.13563699,-0.1541473,-0.14556335,-0.15460788,0,3304,16.52,16.527713298797607,0,0.8423337340354919,0.157666265964508,True
3307,16.535,-0.13110055,-0.1497435,-0.14512527,-0.15478477,0,3304,16.52,16.527713298797607,0,0.8423337340354919,0.157666265964508,True
3308,16.54,-0.09424938,-0.110467784,-0.11133387,-0.11897147,0,3308,16.54,16.543012857437134,0,0.8863855004310608,0.1136144623160362,True
3309,16.545,-0.040115062,-0.051151562,-0.05545881,-0.060915645,0,3308,16.54,16.543012857437134,0,0.8863855004310608,0.1136144623160362,True
3310,16.55,0.009823883,0.007079722,0.0035119762,-0.0013028187,0,3308,16.54,16.543012857437134,0,0.8863855004310608,0.1136144623160362,True
3311,16.555,0.040572885,0.048373815,0.049428884,0.04365473,0,3308,16.54,16.543012857437134,0,0.8863855004310608,0.1136144623160362,True
3312,16.56,0.050682895,0.06834585,0.07519912,0.06829796,0,3312,16.56,16.570319652557373,0,0.8611843585968018,0.138815701007843,True
3313,16.565,0.049311202,0.07214522,0.08220701,0.07604898,0,3312,16.56,16.570319652557373,0,0.8611843585968018,0.138815701007843,True
3314,16.57,0.047160033,0.06790941,0.07614224,0.07400001,0,3312,16.56,16.570319652557373,0,0.8611843585968018,0.138815701007843,True
3315,16.575,0.04894495,0.061241858,0.06337065,0.06821394,0,3312,16.56,16.570319652557373,0,0.8611843585968018,0.138815701007843,True
3316,16.58,0.05231403,0.053815633,0.049183957,0.06168735,0,3316,16.58,16.590270280838013,0,0.8877650499343872,0.1122350022196769,True
3317,16.585,0.05221799,0.045224957,0.0369452,0.054391887,0,3316,16.58,16.590270280838013,0,0.8877650499343872,0.1122350022196769,True
3318,16.59,0.045776963,0.035126276,0.027368378,0.04435319,0,3316,16.58,16.590270280838013,0,0.8877650499343872,0.1122350022196769,True
3319,16.595,0.03348099,0.02359207,0.018459482,0.02929863,0,3316,16.58,16.590270280838013,0,0.8877650499343872,0.1122350022196769,True
3320,16.6,0.016830992,0.010124185,0.006879699,0.00852113,0,3320,16.6,16.610330820083618,0,0.8651053309440613,0.1348946988582611,True
3321,16.605,-0.003828098,-0.0065301866,-0.009543821,-0.01578856,0,3320,16.6,16.610330820083618,0,0.8651053309440613,0.1348946988582611,True
3322,16.61,-0.028120918,-0.026516201,-0.029546512,-0.038627442,0,3320,16.6,16.610330820083618,0,0.8651053309440613,0.1348946988582611,True
3323,16.615,-0.052350152,-0.04652552,-0.048070453,-0.054086972,0,3320,16.6,16.610330820083618,0,0.8651053309440613,0.1348946988582611,True
3324,16.62,-0.06882606,-0.060181726,-0.058713973,-0.058514014,0,3324,16.62,16.620028495788574,0,0.8780132532119751,0.1219867095351219,True
3325,16.625,-0.07057272,-0.062326238,-0.058028605,-0.05321334,0,3324,16.62,16.620028495788574,0,0.8780132532119751,0.1219867095351219,True
3326,16.63,-0.057929497,-0.05390987,-0.048597783,-0.04438345,0,3324,16.62,16.620028495788574,0,0.8780132532119751,0.1219867095351219,True
3327,16.635,-0.039821498,-0.042099066,-0.037581407,-0.039106824,0,3324,16.62,16.620028495788574,0,0.8780132532119751,0.1219867095351219,True
3328,16.64,-0.026560783,-0.033934284,-0.030649636,-0.039342288,0,3328,16.64,16.644408702850342,0,0.8886994123458862,0.1113006100058555,True
3329,16.645,-0.019980662,-0.028780093,-0.026046045,-0.03876987,0,3328,16.64,16.644408702850342,0,0.8886994123458862,0.1113006100058555,True
3330,16.65,-0.010971244,-0.017549368,-0.01486838,-0.026449464,0,3328,16.64,16.644408702850342,0,0.8886994123458862,0.1113006100058555,True
3331,16.655,0.0117909685,0.008965357,0.01123835,0.004190386,0,3328,16.64,16.644408702850342,0,0.8886994123458862,0.1113006100058555,True
3332,16.66,0.049448613,0.049568113,0.050983746,0.048034217,0,3332,16.66,16.675106287002563,0,0.8899210691452026,0.1100788563489914,True
3333,16.665,0.08883436,0.08997789,0.091069944,0.08925707,0,3332,16.66,16.675106287002563,0,0.8899210691452026,0.1100788563489914,True
3334,16.67,0.110859856,0.111168556,0.11317299,0.110416286,0,3332,16.66,16.675106287002563,0,0.8899210691452026,0.1100788563489914,True
3335,16.675,0.103821896,0.10190024,0.1050322,0.10263709,0,3332,16.66,16.675106287002563,0,0.8899210691452026,0.1100788563489914,True
3336,16.68,0.07025316,0.06545094,0.067623116,0.06961857,0,3336,16.68,16.692370653152466,0,0.8909251093864441,0.1090749204158783,True
3337,16.685,0.023235234,0.01650027,0.014273028,0.024078686,0,3336,16.68,16.692370653152466,0,0.8909251093864441,0.1090749204158783,True
3338,16.69,-0.022370791,-0.02781811,-0.03653146,-0.019213593,0,3336,16.68,16.692370653152466,0,0.8909251093864441,0.1090749204158783,True
3339,16.695,-0.05618659,-0.055962157,-0.06987919,-0.049249,0,3336,16.68,16.692370653152466,0,0.8909251093864441,0.1090749204158783,True
3340,16.7,-0.073714174,-0.06538115,-0.080421135,-0.061822742,0,3340,16.7,16.702589750289917,0,0.8675184845924377,0.1324815452098846,True
3341,16.705,-0.075458646,-0.061349254,-0.07320618,-0.060046732,0,3340,16.7,16.702589750289917,0,0.8675184845924377,0.1324815452098846,True
3342,16.71,-0.06605811,-0.052811764,-0.059165932,-0.052202944,0,3340,16.7,16.702589750289917,0,0.8675184845924377,0.1324815452098846,True
3343,16.715,-0.0527486,-0.047048878,-0.047721747,-0.046920914,0,3340,16.7,16.702589750289917,0,0.8675184845924377,0.1324815452098846,True
3344,16.72,-0.041958123,-0.04556228,-0.041133642,-0.04771097,0,3344,16.72,16.728583812713623,0,0.8883015513420105,0.1116984188556671,True
3345,16.725,-0.035391822,-0.0436939,-0.03449488,-0.050570704,0,3344,16.72,16.728583812713623,0,0.8883015513420105,0.1116984188556671,True
3346,16.73,-0.028899368,-0.03449372,-0.021139711,-0.046849657,0,3344,16.72,16.728583812713623,0,0.8883015513420105,0.1116984188556671,True
3347,16.735,-0.015809925,-0.014177608,0.0011619943,-0.029530635,0,3344,16.72,16.728583812713623,0,0.8883015513420105,0.1116984188556671,True
3348,16.74,0.007407485,0.014851628,0.028317718,0.0016734715,0,3348,16.74,16.74836015701294,0,0.889223575592041,0.1107764765620231,True
3349,16.745,0.037554286,0.045426313,0.053326994,0.039878972,0,3348,16.74,16.74836015701294,0,0.889223575592041,0.1107764765620231,True
3350,16.75,0.06594773,0.069792986,0.071172126,0.07483029,0,3348,16.74,16.74836015701294,0,0.889223575592041,0.1107764765620231,True
3351,16.755,0.083208956,0.0828595,0.08040255,0.09743803,0,3348,16.74,16.74836015701294,0,0.889223575592041,0.1107764765620231,True
3352,16.76,0.083720475,0.082356565,0.08043398,0.10194016,0,3352,16.76,16.76011371612549,0,0.8910725712776184,0.1089274585247039,True
3353,16.765,0.06712218,0.06730826,0.06843821,0.08578068,0,3352,16.76,16.76011371612549,0,0.8910725712776184,0.1089274585247039,True
3354,16.77,0.03743836,0.037995115,0.040575903,0.04981237,0,3352,16.76,16.76011371612549,0,0.8910725712776184,0.1089274585247039,True
3355,16.775,0.0018100116,-0.001606573,-0.0022411335,0.00025572296,0,3352,16.76,16.76011371612549,0,0.8910725712776184,0.1089274585247039,True
3356,16.78,-0.030699385,-0.04185923,-0.049640696,-0.049888827,0,3356,16.78,16.795106649398804,0,0.8718022704124451,0.1281977444887161,True
3357,16.785,-0.05134241,-0.069816194,-0.08436006,-0.08392435,0,3356,16.78,16.795106649398804,0,0.8718022704124451,0.1281977444887161,True
3358,16.79,-0.05515961,-0.075850114,-0.0921267,-0.08955732,0,3356,16.78,16.795106649398804,0,0.8718022704124451,0.1281977444887161,True
3359,16.795,-0.04359487,-0.059679657,-0.071414664,-0.06682458,0,3356,16.78,16.795106649398804,0,0.8718022704124451,0.1281977444887161,True
3360,16.8,-0.023760248,-0.03049708,-0.034586582,-0.028903574,0,3360,16.8,16.800244331359863,0,0.8857051134109497,0.1142948642373085,True
3361,16.805,-0.004337761,-0.000787684,0.00095893495,0.006046132,0,3360,16.8,16.800244331359863,0,0.8857051134109497,0.1142948642373085,True
3362,16.81,0.008942317,0.02101454,0.024177115,0.026079806,0,3360,16.8,16.800244331359863,0,0.8857051134109497,0.1142948642373085,True
3363,16.815,0.0148920445,0.033071287,0.034757193,0.030794807,0,3360,16.8,16.800244331359863,0,0.8857051134109497,0.1142948642373085,True
3364,16.82,0.014777914,0.036675304,0.03776548,0.027035985,0,3364,16.82,16.820189952850342,0,0.8877853155136108,0.1122147217392921,True
3365,16.825,0.009115711,0.03140949,0.03511727,0.01999782,0,3364,16.82,16.820189952850342,0,0.8877853155136108,0.1122147217392921,True
3366,16.83,-0.0030395524,0.01482651,0.023210034,0.008788978,0,3364,16.82,16.820189952850342,0,0.8877853155136108,0.1122147217392921,True
3367,16.835,-0.02107652,-0.012315051,-0.0006019056,-0.00927749,0,3364,16.82,16.820189952850342,0,0.8877853155136108,0.1122147217392921,True
3368,16.84,-0.038959246,-0.040805973,-0.029737566,-0.030651689,0,3368,16.84,16.844412088394165,0,0.8869200944900513,0.1130799278616905,True
3369,16.845,-0.04552007,-0.05488032,-0.048322875,-0.043311104,0,3368,16.84,16.844412088394165,0,0.8869200944900513,0.1130799278616905,True
3370,16.85,-0.031211501,-0.042421967,-0.041845314,-0.03464834,0,3368,16.84,16.844412088394165,0,0.8869200944900513,0.1130799278616905,True
3371,16.855,0.0027679591,-0.0059625157,-0.009959654,-0.0033505077,0,3368,16.84,16.844412088394165,0,0.8869200944900513,0.1130799278616905,True
3372,16.86,0.041401252,0.0358844,0.030629672,0.036141597,0,3372,16.86,16.87019181251526,0,0.8899721503257751,0.1100278198719024,True
3373,16.865,0.06394578,0.059836663,0.056978066,0.06209931,0,3372,16.86,16.87019181251526,0,0.8899721503257751,0.1100278198719024,True
3374,16.87,0.058521163,0.05405937,0.05574169,0.06051768,0,3372,16.86,16.87019181251526,0,0.8899721503257751,0.1100278198719024,True
3375,16.875,0.031203182,0.02585585,0.03099141,0.03414817,0,3372,16.86,16.87019181251526,0,0.8899721503257751,0.1100278198719024,True
3376,16.88,0.0010920863,-0.0053145653,-0.0013486545,-0.0013147986,0,3376,16.88,16.890340328216553,0,0.8893321752548218,0.1106678545475006,True
3377,16.885,-0.014925541,-0.023064543,-0.026004152,-0.02926736,0,3376,16.88,16.890340328216553,0,0.8893321752548218,0.1106678545475006,True
3378,16.89,-0.014478263,-0.0245056,-0.03682377,-0.041803706,0,3376,16.88,16.890340328216553,0,0.8893321752548218,0.1106678545475006,True
3379,16.895,-0.008545119,-0.018130647,-0.03601574,-0.040449105,0,3376,16.88,16.890340328216553,0,0.8893321752548218,0.1106678545475006,True
3380,16.9,-0.00882213,-0.013048101,-0.0279485,-0.030374086,0,3380,16.9,16.91028094291687,0,0.887622594833374,0.1123773977160453,True
3381,16.905,-0.015986737,-0.010434491,-0.014807121,-0.0150944805,0,3380,16.9,16.91028094291687,0,0.887622594833374,0.1123773977160453,True
3382,16.91,-0.01978802,-0.0046108807,0.00252396,0.0039012078,0,3380,16.9,16.91028094291687,0,0.887622594833374,0.1123773977160453,True
3383,16.915,-0.010400902,0.00854458,0.021003978,0.02389299,0,3380,16.9,16.91028094291687,0,0.887622594833374,0.1123773977160453,True
3384,16.92,0.010058086,0.024727646,0.0341668,0.038573254,0,3384,16.92,16.920156002044678,0,0.888961136341095,0.1110388338565826,True
3385,16.925,0.02691507,0.03268592,0.03495862,0.03979426,0,3384,16.92,16.920156002044678,0,0.888961136341095,0.1110388338565826,True
3386,16.93,0.024186632,0.022861615,0.02047532,0.022758638,0,3384,16.92,16.920156002044678,0,0.888961136341095,0.1110388338565826,True
3387,16.935,-0.001877174,-0.0042261477,-0.0051530413,-0.009073357,0,3384,16.92,16.920156002044678,0,0.888961136341095,0.1110388338565826,True
3388,16.94,-0.03820686,-0.03665902,-0.03183495,-0.04333178,0,3388,16.94,16.940446853637695,0,0.8843330144882202,0.1156669855117797,True
3389,16.945,-0.06279366,-0.05766911,-0.047900055,-0.063757986,0,3388,16.94,16.940446853637695,0,0.8843330144882202,0.1156669855117797,True
3390,16.95,-0.058894396,-0.055211067,-0.045413535,-0.05860736,0,3388,16.94,16.940446853637695,0,0.8843330144882202,0.1156669855117797,True
3391,16.955,-0.025597947,-0.028528532,-0.023921624,-0.027621958,0,3388,16.94,16.940446853637695,0,0.8843330144882202,0.1156669855117797,True
3392,16.96,0.021681713,0.011486207,0.008953355,0.016844753,0,3392,16.96,16.97045922279358,0,0.8893138766288757,0.1106861606240272,True
3393,16.965,0.060358766,0.047697026,0.040393177,0.055704657,0,3392,16.96,16.97045922279358,0,0.8893138766288757,0.1106861606240272,True
3394,16.97,0.07352907,0.06507262,0.057781413,0.07293284,0,3392,16.96,16.97045922279358,0,0.8893138766288757,0.1106861606240272,True
3395,16.975,0.058819626,0.05800458,0.05444278,0.0636295,0,3392,16.96,16.97045922279358,0,0.8893138766288757,0.1106861606240272,True
3396,16.98,0.028057905,0.03264386,0.0328342,0.035548914,0,3396,16.98,16.9937162399292,0,0.8903147578239441,0.1096852421760559,True
3397,16.985,-0.0016132777,0.0025269988,0.0030459645,0.003343501,0,3396,16.98,16.9937162399292,0,0.8903147578239441,0.1096852421760559,True
3398,16.99,-0.018744381,-0.019890154,-0.02287025,-0.020448202,0,3396,16.98,16.9937162399292,0,0.8903147578239441,0.1096852421760559,True
3399,16.995,-0.022897786,-0.029809712,-0.037142422,-0.03149888,0,3396,16.98,16.9937162399292,0,0.8903147578239441,0.1096852421760559,True
3400,17.0,-0.021190152,-0.030151337,-0.03885519,-0.033100516,0,3400,17.0,17.0011944770813,0,0.8835740685462952,0.1164258792996406,True
3401,17.005,-0.020155467,-0.026143178,-0.031711303,-0.030499674,0,3400,17.0,17.0011944770813,0,0.8835740685462952,0.1164258792996406,True
3402,17.01,-0.020393316,-0.020219529,-0.020010734,-0.025771547,0,3400,17.0,17.0011944770813,0,0.8835740685462952,0.1164258792996406,True
3403,17.015,-0.018077958,-0.011883838,-0.0068295114,-0.017741889,0,3400,17.0,17.0011944770813,0,0.8835740685462952,0.1164258792996406,True
3404,17.02,-0.010640213,-0.0013838373,0.0049950643,-0.0060605407,0,3404,17.02,17.02236580848694,0,0.8887195587158203,0.111280433833599,True
3405,17.025,-0.00032945455,0.008070123,0.012127511,0.005858259,0,3404,17.02,17.02236580848694,0,0.8887195587158203,0.111280433833599,True
3406,17.03,0.0077683027,0.012621197,0.012616477,0.012878656,0,3404,17.02,17.02236580848694,0,0.8887195587158203,0.111280433833599,True
3407,17.035,0.010588521,0.011834829,0.00851863,0.013054726,0,3404,17.02,17.02236580848694,0,0.8887195587158203,0.111280433833599,True
3408,17.04,0.009362119,0.009283354,0.0052523846,0.0095589645,0,3408,17.04,17.04464602470398,0,0.8900080323219299,0.1099919080734252,True
3409,17.045,0.0071909223,0.008495883,0.0070258346,0.0069827787,0,3408,17.04,17.04464602470398,0,0.8900080323219299,0.1099919080734252,True
3410,17.05,0.005266642,0.008917623,0.012766158,0.006108664,0,3408,17.04,17.04464602470398,0,0.8900080323219299,0.1099919080734252,True
3411,17.055,0.002327517,0.0068663787,0.01721884,0.0034521893,0,3408,17.04,17.04464602470398,0,0.8900080323219299,0.1099919080734252,True
3412,17.06,-0.0022763647,0.000647264,0.016342368,-0.0035266895,0,3412,17.06,17.075080633163452,0,0.8908571004867554,0.1091428473591804,True
3413,17.065,-0.0060796477,-0.006207575,0.011137071,-0.011550591,0,3412,17.06,17.075080633163452,0,0.8908571004867554,0.1091428473591804,True
3414,17.07,-0.005200466,-0.007884069,0.005684946,-0.013186474,0,3412,17.06,17.075080633163452,0,0.8908571004867554,0.1091428473591804,True
3415,17.075,0.0010855297,-0.0027792235,0.0017738832,-0.0041555786,0,3412,17.06,17.075080633163452,0,0.8908571004867554,0.1091428473591804,True
3416,17.08,0.007922773,0.0034940895,-0.0035490047,0.011086212,0,3416,17.08,17.0901517868042,0,0.8903841376304626,0.1096158400177955,True
3417,17.085,0.007890629,0.0024384693,-0.014427308,0.021569,0,3416,17.08,17.0901517868042,0,0.8903841376304626,0.1096158400177955,True
3418,17.09,-0.0026229504,-0.009311305,-0.03038272,0.018280074,0,3416,17.08,17.0901517868042,0,0.8903841376304626,0.1096158400177955,True
3419,17.095,-0.019223798,-0.025830619,-0.04458236,0.0014829537,0,3416,17.08,17.0901517868042,0,0.8903841376304626,0.1096158400177955,True
3420,17.1,-0.031292424,-0.035516858,-0.048166387,-0.019045653,0,3420,17.1,17.110262870788574,0,0.8876827359199524,0.1123172417283058,True
3421,17.105,-0.028639443,-0.029289277,-0.0364749,-0.030417178,0,3420,17.1,17.110262870788574,0,0.8876827359199524,0.1123172417283058,True
3422,17.11,-0.008453702,-0.0068200477,-0.011866745,-0.024575947,0,3420,17.1,17.110262870788574,0,0.8876827359199524,0.1123172417283058,True
3423,17.115,0.021774394,0.023044415,0.017944789,-0.00301412,0,3420,17.1,17.110262870788574,0,0.8876827359199524,0.1123172417283058,True
3424,17.12,0.047090087,0.046807602,0.043273605,0.023597691,0,3424,17.12,17.132487297058105,0,0.8895148634910583,0.110485166311264,True
3425,17.125,0.052736357,0.05286107,0.055426586,0.040537465,0,3424,17.12,17.132487297058105,0,0.8895148634910583,0.110485166311264,True
3426,17.13,0.033343963,0.03751919,0.049692746,0.037159607,0,3424,17.12,17.132487297058105,0,0.8895148634910583,0.110485166311264,True
3427,17.135,-0.001727232,0.008101524,0.028547782,0.014149718,0,3424,17.12,17.132487297058105,0,0.8895148634910583,0.110485166311264,True
3428,17.14,-0.031993628,-0.019671297,0.0024366875,-0.015390791,0,3428,17.14,17.144165992736816,0,0.8850712776184082,0.1149286925792694,True
3429,17.145,-0.038414024,-0.030408638,-0.014887032,-0.033598207,0,3428,17.14,17.144165992736816,0,0.8850712776184082,0.1149286925792694,True
3430,17.15,-0.01714177,-0.019189373,-0.014968252,-0.029984497,0,3428,17.14,17.144165992736816,0,0.8850712776184082,0.1149286925792694,True
3431,17.155,0.016575221,0.0046735043,-0.00069363875,-0.00882518,0,3428,17.14,17.144165992736816,0,0.8850712776184082,0.1149286925792694,True
3432,17.16,0.038855463,0.024126863,0.015842872,0.014480124,0,3432,17.16,17.178503274917603,0,0.8895877599716187,0.1104122623801231,True
3433,17.165,0.034406945,0.026390878,0.022230048,0.025004135,0,3432,17.16,17.178503274917603,0,0.8895877599716187,0.1104122623801231,True
3434,17.17,0.0066086417,0.010789018,0.0138354,0.017989265,0,3432,17.16,17.178503274917603,0,0.8895877599716187,0.1104122623801231,True
3435,17.175,-0.027128767,-0.013193636,-0.0051268684,-0.0005405147,0,3432,17.16,17.178503274917603,0,0.8895877599716187,0.1104122623801231,True
3436,17.18,-0.049229518,-0.034158118,-0.026618063,-0.020425873,0,3436,17.18,17.190184831619263,0,0.890072762966156,0.1099272072315216,True
3437,17.185,-0.052569203,-0.04524927,-0.043827295,-0.03376861,0,3436,17.18,17.190184831619263,0,0.890072762966156,0.1099272072315216,True
3438,17.19,-0.04055008,-0.04459758,-0.052202705,-0.03642676,0,3436,17.18,17.190184831619263,0,0.890072762966156,0.1099272072315216,True
3439,17.195,-0.020081704,-0.032522578,-0.048233908,-0.026655462,0,3436,17.18,17.190184831619263,0,0.890072762966156,0.1099272072315216,True
3440,17.2,0.003931026,-0.010512116,-0.030150972,-0.0052897236,0,3440,17.2,17.210232734680176,0,0.8899912238121033,0.1100087687373161,True
3441,17.205,0.028116785,0.016927266,-0.0011915906,0.02202636,0,3440,17.2,17.210232734680176,0,0.8899912238121033,0.1100087687373161,True
3442,17.21,0.047128275,0.04098853,0.02858591,0.044443976,0,3440,17.2,17.210232734680176,0,0.8899912238121033,0.1100087687373161,True
3443,17.215,0.052977998,0.05125973,0.045909874,0.05040922,0,3440,17.2,17.210232734680176,0,0.8899912238121033,0.1100087687373161,True
3444,17.22,0.039597128,0.04172519,0.04224855,0.03502158,0,3444,17.22,17.233420610427856,0,0.8898686170578003,0.1101313978433609,True
3445,17.225,0.00916014,0.015704986,0.020254692,0.0045522787,0,3444,17.22,17.233420610427856,0,0.8898686170578003,0.1101313978433609,True
3446,17.23,-0.025942728,-0.014528855,-0.0068042926,-0.02598517,0,3444,17.22,17.233420610427856,0,0.8898686170578003,0.1101313978433609,True
3447,17.235,-0.04865164,-0.034007765,-0.022890052,-0.041084003,0,3444,17.22,17.233420610427856,0,0.8898686170578003,0.1101313978433609,True
3448,17.24,-0.04724865,-0.033416893,-0.019014446,-0.033463147,0,3448,17.24,17.244227409362793,0,0.8760511875152588,0.1239487752318382,True
3449,17.245,-0.022669401,-0.014163971,0.0016401121,-0.007847016,0,3448,17.24,17.244227409362793,0,0.8760511875152588,0.1239487752318382,True
3450,17.25,0.012226277,0.012888217,0.026412075,0.022039624,0,3448,17.24,17.244227409362793,0,0.8760511875152588,0.1239487752318382,True
3451,17.255,0.04052206,0.03375138,0.041277118,0.040918693,0,3448,17.24,17.244227409362793,0,0.8760511875152588,0.1239487752318382,True
3452,17.26,0.050291233,0.038478944,0.038689453,0.03944803,0,3452,17.26,17.27022886276245,0,0.8895353078842163,0.1104646846652031,True
3453,17.265,0.03916316,0.025269154,0.020444721,0.018131841,0,3452,17.26,17.27022886276245,0,0.8895353078842163,0.1104646846652031,True
3454,17.27,0.013226507,0.00021326369,-0.0050725685,-0.013588768,0,3452,17.26,17.27022886276245,0,0.8895353078842163,0.1104646846652031,True
3455,17.275,-0.01700921,-0.026140908,-0.02818165,-0.042046532,0,3452,17.26,17.27022886276245,0,0.8895353078842163,0.1104646846652031,True
3456,17.28,-0.0406452,-0.04339103,-0.042015094,-0.055571154,0,3456,17.28,17.29023766517639,0,0.8877565860748291,0.1122434586286544,True
3457,17.285,-0.049616225,-0.04537184,-0.043911982,-0.04957318,0,3456,17.28,17.29023766517639,0,0.8877565860748291,0.1122434586286544,True
3458,17.29,-0.041397836,-0.032457035,-0.0349583,-0.028213825,0,3456,17.28,17.29023766517639,0,0.8877565860748291,0.1122434586286544,True
3459,17.295,-0.02036864,-0.011033072,-0.0189725,-0.0017161058,0,3456,17.28,17.29023766517639,0,0.8877565860748291,0.1122434586286544,True
3460,17.3,0.003961063,0.009965964,-0.0011805751,0.019379275,0,3460,17.3,17.310188055038452,0,0.8897736668586731,0.1102263778448104,True
3461,17.305,0.021945499,0.023735156,0.01364465,0.029665478,0,3460,17.3,17.310188055038452,0,0.8897736668586731,0.1102263778448104,True
3462,17.31,0.02898689,0.028540203,0.022951651,0.030609189,0,3460,17.3,17.310188055038452,0,0.8897736668586731,0.1102263778448104,True
3463,17.315,0.027114376,0.027104773,0.026782239,0.02769811,0,3460,17.3,17.310188055038452,0,0.8897736668586731,0.1102263778448104,True
3464,17.32,0.022147793,0.023472121,0.02640874,0.025549795,0,3464,17.32,17.332461833953857,0,0.8876781463623047,0.1123218461871147,True
3465,17.325,0.019203307,0.02015471,0.022669833,0.024929654,0,3464,17.32,17.332461833953857,0,0.8876781463623047,0.1123218461871147,True
3466,17.33,0.019814357,0.017425332,0.0158106,0.023637868,0,3464,17.32,17.332461833953857,0,0.8876781463623047,0.1123218461871147,True
3467,17.335,0.021746436,0.014318971,0.006888843,0.019665455,0,3464,17.32,17.332461833953857,0,0.8876781463623047,0.1123218461871147,True
3468,17.34,0.020719687,0.009833217,-0.0012080778,0.013239765,0,3468,17.34,17.345039129257202,0,0.888049304485321,0.1119507327675819,True
3469,17.345,0.012999816,0.003479697,-0.005015665,0.005971333,0,3468,17.34,17.345039129257202,0,0.888049304485321,0.1119507327675819,True
3470,17.35,-0.0021391837,-0.0046892078,-0.0035094984,-0.001477271,0,3468,17.34,17.345039129257202,0,0.888049304485321,0.1119507327675819,True
3471,17.355,-0.02148738,-0.014231401,-4.352057e-05,-0.01029697,0,3468,17.34,17.345039129257202,0,0.888049304485321,0.1119507327675819,True
3472,17.36,-0.039547507,-0.02450208,-0.00072556536,-0.02187605,0,3472,17.36,17.37731623649597,0,0.8900537490844727,0.1099462732672691,True
3473,17.365,-0.051879928,-0.03478094,-0.009901633,-0.035487384,0,3472,17.36,17.37731623649597,0,0.8900537490844727,0.1099462732672691,True
3474,17.37,-0.057438657,-0.04416807,-0.026395526,-0.048050348,0,3472,17.36,17.37731623649597,0,0.8900537490844727,0.1099462732672691,True
3475,17.375,-0.057774525,-0.05118759,-0.043773703,-0.056258738,0,3472,17.36,17.37731623649597,0,0.8900537490844727,0.1099462732672691,True
3476,17.38,-0.053862948,-0.05337371,-0.054325175,-0.05851682,0,3476,17.38,17.391255855560303,0,0.8906532526016235,0.1093467026948928,True
3477,17.385,-0.043745007,-0.047427643,-0.053232156,-0.05441117,0,3476,17.38,17.391255855560303,0,0.8906532526016235,0.1093467026948928,True
3478,17.39,-0.023620697,-0.030443914,-0.03977714,-0.042662017,0,3476,17.38,17.391255855560303,0,0.8906532526016235,0.1093467026948928,True
3479,17.395,0.008142112,-0.0019810216,-0.01577113,-0.02070632,0,3476,17.38,17.391255855560303,0,0.8906532526016235,0.1093467026948928,True
3480,17.4,0.047462247,0.034208663,0.015989212,0.012583141,0,3480,17.4,17.410194396972656,0,0.8906309604644775,0.1093690097332,True
3481,17.405,0.08468744,0.070227854,0.051220417,0.053245913,0,3480,17.4,17.410194396972656,0,0.8906309604644775,0.1093690097332,True
3482,17.41,0.10866803,0.0963382,0.082673885,0.09138299,0,3480,17.4,17.410194396972656,0,0.8906309604644775,0.1093690097332,True
3483,17.415,0.111895,0.10447366,0.10054775,0.11454639,0,3480,17.4,17.410194396972656,0,0.8906309604644775,0.1093690097332,True
3484,17.42,0.09324936,0.09114442,0.09616079,0.113292724,0,3484,17.42,17.432896614074707,0,0.8886025547981262,0.1113974079489708,True
3485,17.425,0.05720997,0.058563724,0.06709405,0.08558294,0,3484,17.42,17.432896614074707,0,0.8886025547981262,0.1113974079489708,True
3486,17.43,0.011338801,0.014143113,0.020296793,0.03815935,0,3484,17.42,17.432896614074707,0,0.8886025547981262,0.1113974079489708,True
3487,17.435,-0.035439692,-0.031065952,-0.029399231,-0.015266141,0,3484,17.42,17.432896614074707,0,0.8886025547981262,0.1113974079489708,True
3488,17.44,-0.07350117,-0.06516719,-0.06540981,-0.058701143,0,3488,17.44,17.440328359603882,0,0.8505785465240479,0.1494215130805969,True
3489,17.445,-0.09413894,-0.07972656,-0.07743373,-0.080456644,0,3488,17.44,17.440328359603882,0,0.8505785465240479,0.1494215130805969,True
3490,17.45,-0.09303901,-0.07384588,-0.06658712,-0.07853069,0,3488,17.44,17.440328359603882,0,0.8505785465240479,0.1494215130805969,True
3491,17.455,-0.07305881,-0.054415684,-0.043537345,-0.0605942,0,3488,17.44,17.440328359603882,0,0.8505785465240479,0.1494215130805969,True
3492,17.46,-0.042951204,-0.031190785,-0.02044682,-0.037768215,0,3492,17.46,17.478073835372925,0,0.8856807947158813,0.1143192052841186,True
3493,17.465,-0.012527129,-0.010644338,-0.0033403006,-0.017328015,0,3492,17.46,17.478073835372925,0,0.8856807947158813,0.1143192052841186,True
3494,17.47,0.0114373835,0.0056032506,0.008465227,-0.0009126657,0,3492,17.46,17.478073835372925,0,0.8856807947158813,0.1143192052841186,True
3495,17.475,0.025674282,0.017093819,0.016519291,0.011222964,0,3492,17.46,17.478073835372925,0,0.8856807947158813,0.1143192052841186,True
3496,17.48,0.029104993,0.02120791,0.018566411,0.016274234,0,3496,17.48,17.490142822265625,0,0.8840543627738953,0.1159456074237823,True
3497,17.485,0.022947907,0.015123341,0.010802189,0.010799659,0,3496,17.48,17.490142822265625,0,0.8840543627738953,0.1159456074237823,True
3498,17.49,0.011843575,0.00078945945,-0.0058291634,-0.0037036797,0,3496,17.48,17.490142822265625,0,0.8840543627738953,0.1159456074237823,True
3499,17.495,0.0026636606,-0.013804946,-0.02321163,-0.018753989,0,3496,17.48,17.490142822265625,0,0.8840543627738953,0.1159456074237823,True
3500,17.5,0.00026105653,-0.019672424,-0.030939832,-0.023763597,0,3500,17.5,17.506526708602905,0,0.8876258134841919,0.1123741939663887,True
3501,17.505,0.004226901,-0.013246209,-0.023713773,-0.013508175,0,3500,17.5,17.506526708602905,0,0.8876258134841919,0.1123741939663887,True
3502,17.51,0.010617261,0.0022596351,-0.004227065,0.008627901,0,3500,17.5,17.506526708602905,0,0.8876258134841919,0.1123741939663887,True
3503,17.515,0.016740967,0.020818586,0.019907665,0.033523995,0,3500,17.5,17.506526708602905,0,0.8876258134841919,0.1123741939663887,True
3504,17.52,0.022915287,0.037342723,0.040708587,0.05146476,0,3504,17.52,17.527074098587036,0,0.8874211311340332,0.1125788688659668,True
3505,17.525,0.028810171,0.04746301,0.051807977,0.055508647,0,3504,17.52,17.527074098587036,0,0.8874211311340332,0.1125788688659668,True
3506,17.53,0.02959037,0.04610661,0.048763346,0.04300691,0,3504,17.52,17.527074098587036,0,0.8874211311340332,0.1125788688659668,True
3507,17.535,0.018490456,0.029739538,0.030765226,0.01707639,0,3504,17.52,17.527074098587036,0,0.8874211311340332,0.1125788688659668,True
3508,17.54,-0.0052334866,0.0015983948,0.0033760476,-0.01270308,0,3508,17.54,17.541211366653442,0,0.885154664516449,0.1148453578352928,True
3509,17.545,-0.031856094,-0.026698576,-0.021964727,-0.033485997,0,3508,17.54,17.541211366653442,0,0.885154664516449,0.1148453578352928,True
3510,17.55,-0.04684064,-0.04159993,-0.03410168,-0.036709152,0,3508,17.54,17.541211366653442,0,0.885154664516449,0.1148453578352928,True
3511,17.555,-0.042430613,-0.037733607,-0.029991698,-0.024706818,0,3508,17.54,17.541211366653442,0,0.885154664516449,0.1148453578352928,True
3512,17.56,-0.023903437,-0.021988712,-0.016776636,-0.009505469,0,3512,17.56,17.575542211532593,0,0.8888279795646667,0.1111720204353332,True
3513,17.565,-0.0041958583,-0.0069615757,-0.005236794,-0.0030744772,0,3512,17.56,17.575542211532593,0,0.8888279795646667,0.1111720204353332,True
3514,17.57,0.007569133,0.00019057201,-0.00030338485,-0.0069882795,0,3512,17.56,17.575542211532593,0,0.8888279795646667,0.1111720204353332,True
3515,17.575,0.01226403,0.0026208856,0.002207824,-0.011364147,0,3512,17.56,17.575542211532593,0,0.8888279795646667,0.1111720204353332,True
3516,17.58,0.01634889,0.007906475,0.009323285,-0.004868281,0,3516,17.58,17.594489336013794,0,0.8899158835411072,0.1100840717554092,True
3517,17.585,0.022647327,0.017963609,0.021472353,0.013253119,0,3516,17.58,17.594489336013794,0,0.8899158835411072,0.1100840717554092,True
3518,17.59,0.02642253,0.025525399,0.029860137,0.030835595,0,3516,17.58,17.594489336013794,0,0.8899158835411072,0.1100840717554092,True
3519,17.595,0.020611826,0.021030491,0.024041288,0.03305136,0,3516,17.58,17.594489336013794,0,0.8899158835411072,0.1100840717554092,True
3520,17.6,0.004409579,0.0030169608,0.0026658901,0.016083177,0,3520,17.6,17.608864545822144,0,0.8902818560600281,0.1097180843353271,True
3521,17.605,-0.013796044,-0.01847526,-0.023238987,-0.008476168,0,3520,17.6,17.608864545822144,0,0.8902818560600281,0.1097180843353271,True
3522,17.61,-0.022289287,-0.029097345,-0.03806583,-0.02271624,0,3520,17.6,17.608864545822144,0,0.8902818560600281,0.1097180843353271,True
3523,17.615,-0.015462037,-0.021582553,-0.03365385,-0.01707662,0,3520,17.6,17.608864545822144,0,0.8902818560600281,0.1097180843353271,True
3524,17.62,0.0012503135,-0.0016485106,-0.015271587,0.0017501442,0,3524,17.62,17.623537063598633,0,0.8863133788108826,0.113686628639698,True
3525,17.625,0.014577505,0.015752692,0.002563979,0.0156232,0,3524,17.62,17.623537063598633,0,0.8863133788108826,0.113686628639698,True
3526,17.63,0.01196767,0.016240567,0.006050937,0.008175905,0,3524,17.62,17.623537063598633,0,0.8863133788108826,0.113686628639698,True
3527,17.635,-0.010182027,-0.0048145168,-0.009400399,-0.023152897,0,3524,17.62,17.623537063598633,0,0.8863133788108826,0.113686628639698,True
3528,17.64,-0.043028243,-0.038484063,-0.036289677,-0.063858435,0,3528,17.64,17.642507553100586,0,0.886193573474884,0.1138064637780189,True
3529,17.645,-0.0683864,-0.06553642,-0.058121275,-0.08960799,0,3528,17.64,17.642507553100586,0,0.886193573474884,0.1138064637780189,True
3530,17.65,-0.06778647,-0.065998934,-0.057210937,-0.08000404,0,3528,17.64,17.642507553100586,0,0.886193573474884,0.1138064637780189,True
3531,17.655,-0.03360924,-0.031161036,-0.024635267,-0.03124117,0,3528,17.64,17.642507553100586,0,0.886193573474884,0.1138064637780189,True
3532,17.66,0.024380028,0.029004881,0.032603644,0.040105276,0,3532,17.66,17.670292139053345,0,0.8902668356895447,0.1097331121563911,True
3533,17.665,0.0825165,0.089177854,0.09267108,0.10518934,0,3532,17.66,17.670292139053345,0,0.8902668356895447,0.1097331121563911,True
3534,17.67,0.11562736,0.12214525,0.12936838,0.138156,0,3532,17.66,17.670292139053345,0,0.8902668356895447,0.1097331121563911,True
3535,17.675,0.11034714,0.113825105,0.12617917,0.12876274,0,3532,17.66,17.670292139053345,0,0.8902668356895447,0.1097331121563911,True
3536,17.68,0.07080065,0.069846876,0.08493026,0.08496497,0,3536,17.68,17.690379858016968,0,0.8898804783821106,0.110119454562664,True
3537,17.685,0.014435545,0.010408071,0.023872394,0.025895044,0,3536,17.68,17.690379858016968,0,0.8898804783821106,0.110119454562664,True
3538,17.69,-0.03738364,-0.041432768,-0.032774296,-0.028299095,0,3536,17.68,17.690379858016968,0,0.8898804783821106,0.110119454562664,True
3539,17.695,-0.06808069,-0.07010571,-0.06700777,-0.06374735,0,3536,17.68,17.690379858016968,0,0.8898804783821106,0.110119454562664,True
3540,17.7,-0.07117633,-0.072122835,-0.07439461,-0.07572668,0,3540,17.7,17.710428953170776,0,0.8565102219581604,0.143489807844162,True
3541,17.705,-0.051958255,-0.055007886,-0.063481405,-0.0683085,0,3540,17.7,17.710428953170776,0,0.8565102219581604,0.143489807844162,True
3542,17.71,-0.024838105,-0.03226113,-0.04835012,-0.051404383,0,3540,17.7,17.710428953170776,0,0.8565102219581604,0.143489807844162,True
3543,17.715,-0.0058368226,-0.016169513,-0.03899033,-0.035343487,0,3540,17.7,17.710428953170776,0,0.8565102219581604,0.143489807844162,True
3544,17.72,-0.003159391,-0.011460239,-0.035730697,-0.025197076,0,3544,17.72,17.72734832763672,0,0.8872055411338806,0.1127944961190223,True
3545,17.725,-0.012462013,-0.013807783,-0.031572275,-0.019009138,0,3544,17.72,17.72734832763672,0,0.8872055411338806,0.1127944961190223,True
3546,17.73,-0.021365177,-0.014780762,-0.02028433,-0.011824937,0,3544,17.72,17.72734832763672,0,0.8872055411338806,0.1127944961190223,True
3547,17.735,-0.020085033,-0.009550054,-0.0031442184,-0.0020004893,0,3544,17.72,17.72734832763672,0,0.8872055411338806,0.1127944961190223,True
3548,17.74,-0.009158419,-0.00079608563,0.011698219,0.006372192,0,3548,17.74,17.740494966506958,0,0.8892397880554199,0.1107601672410965,True
3549,17.745,0.0023534151,0.004567138,0.016509885,0.0074772527,0,3548,17.74,17.740494966506958,0,0.8892397880554199,0.1107601672410965,True
3550,17.75,0.006143249,0.0027225753,0.011178703,0.00042204023,0,3548,17.74,17.740494966506958,0,0.8892397880554199,0.1107601672410965,True
3551,17.755,0.0028391797,-0.0023742209,0.003992011,-0.007878494,0,3548,17.74,17.740494966506958,0,0.8892397880554199,0.1107601672410965,True
3552,17.76,0.0018420254,-0.0012545568,0.0055426373,-0.0065887882,0,3552,17.76,17.775397539138794,0,0.8903259038925171,0.1096740886569023,True
3553,17.765,0.012954471,0.013441546,0.020809589,0.011082424,0,3552,17.76,17.775397539138794,0,0.8903259038925171,0.1096740886569023,True
3554,17.77,0.036854498,0.039901484,0.045166366,0.04167733,0,3552,17.76,17.775397539138794,0,0.8903259038925171,0.1096740886569023,True
3555,17.775,0.062496953,0.06631172,0.06662234,0.071691245,0,3552,17.76,17.775397539138794,0,0.8903259038925171,0.1096740886569023,True
3556,17.78,0.07395276,0.077426404,0.07247913,0.084645465,0,3556,17.78,17.794767141342163,0,0.8903370499610901,0.1096629798412323,True
3557,17.785,0.061423834,0.06413223,0.056380425,0.07091548,0,3556,17.78,17.794767141342163,0,0.8903370499610901,0.1096629798412323,True
3558,17.79,0.027816761,0.029287832,0.021964088,0.03398722,0,3556,17.78,17.794767141342163,0,0.8903370499610901,0.1096629798412323,True
3559,17.795,-0.013579703,-0.013914757,-0.018652568,-0.011163544,0,3556,17.78,17.794767141342163,0,0.8903370499610901,0.1096629798412323,True
3560,17.8,-0.047179814,-0.049145103,-0.05056858,-0.046493985,0,3560,17.8,17.808475971221924,0,0.8754221796989441,0.1245778053998947,True
3561,17.805,-0.062283874,-0.064487755,-0.062878646,-0.0603073,0,3560,17.8,17.808475971221924,0,0.8754221796989441,0.1245778053998947,True
3562,17.81,-0.05585567,-0.05660802,-0.053180344,-0.05175733,0,3560,17.8,17.808475971221924,0,0.8754221796989441,0.1245778053998947,True
3563,17.815,-0.03233396,-0.031255994,-0.028097134,-0.029015582,0,3560,17.8,17.808475971221924,0,0.8754221796989441,0.1245778053998947,True
3564,17.82,-0.0026644128,-0.0012675207,-0.00024580138,-0.0042545376,0,3564,17.82,17.823965072631836,0,0.888482391834259,0.1115176007151603,True
3565,17.825,0.018335868,0.01782659,0.016841495,0.010880572,0,3564,17.82,17.823965072631836,0,0.888482391834259,0.1115176007151603,True
3566,17.83,0.018351361,0.014780538,0.014349266,0.008546386,0,3564,17.82,17.823965072631836,0,0.888482391834259,0.1115176007151603,True
3567,17.835,-0.0041213515,-0.010154388,-0.007274057,-0.012165898,0,3564,17.82,17.823965072631836,0,0.888482391834259,0.1115176007151603,True
3568,17.84,-0.0361243,-0.043062866,-0.037205223,-0.042863987,0,3568,17.84,17.84044313430786,0,0.8891183733940125,0.1108815670013427,True
3569,17.845,-0.056660518,-0.063090116,-0.058575567,-0.06745032,0,3568,17.84,17.84044313430786,0,0.8891183733940125,0.1108815670013427,True
3570,17.85,-0.050451927,-0.05530347,-0.05730375,-0.06960942,0,3568,17.84,17.84044313430786,0,0.8891183733940125,0.1108815670013427,True
3571,17.855,-0.018710805,-0.020757463,-0.030523475,-0.042835556,0,3568,17.84,17.84044313430786,0,0.8891183733940125,0.1108815670013427,True
3572,17.86,0.021969745,0.024135465,0.011267647,0.004218833,0,3572,17.86,17.86011576652527,0,0.8899960517883301,0.1100039109587669,True
3573,17.865,0.051459357,0.05844379,0.050167453,0.051834483,0,3572,17.86,17.86011576652527,0,0.8899960517883301,0.1100039109587669,True
3574,17.87,0.058577035,0.0691752,0.07077871,0.08033101,0,3572,17.86,17.86011576652527,0,0.8899960517883301,0.1100039109587669,True
3575,17.875,0.045015737,0.056532823,0.06739364,0.08049669,0,3572,17.86,17.86011576652527,0,0.8899960517883301,0.1100039109587669,True
3576,17.88,0.020472748,0.03033639,0.04479369,0.056923747,0,3576,17.88,17.890135288238525,0,0.8903937339782715,0.1096062660217285,True
3577,17.885,-0.0040737116,0.0029598554,0.0141763305,0.023722153,0,3576,17.88,17.890135288238525,0,0.8903937339782715,0.1096062660217285,True
3578,17.89,-0.019419791,-0.015428016,-0.011914243,-0.0031815206,0,3576,17.88,17.890135288238525,0,0.8903937339782715,0.1096062660217285,True
3579,17.895,-0.018638857,-0.018396333,-0.023473468,-0.012770258,0,3576,17.88,17.890135288238525,0,0.8903937339782715,0.1096062660217285,True
3580,17.9,0.00070599356,-0.0043645925,-0.016092751,-0.002877514,0,3580,17.9,17.90061378479004,0,0.8765244483947754,0.1234755590558052,True
3581,17.905,0.032282382,0.021263454,0.006506521,0.01888685,0,3580,17.9,17.90061378479004,0,0.8765244483947754,0.1234755590558052,True
3582,17.91,0.059838492,0.04545005,0.032247506,0.0377982,0,3580,17.9,17.90061378479004,0,0.8765244483947754,0.1234755590558052,True
3583,17.915,0.06403135,0.051953416,0.045145407,0.038682505,0,3580,17.9,17.90061378479004,0,0.8765244483947754,0.1234755590558052,True
3584,17.92,0.03503038,0.030599385,0.03385182,0.014554685,0,3584,17.92,17.924724817276,0,0.8882618546485901,0.1117381528019905,True
3585,17.925,-0.018227214,-0.014232893,-0.0005075817,-0.02772235,0,3584,17.92,17.924724817276,0,0.8882618546485901,0.1117381528019905,True
3586,17.93,-0.07074592,-0.06312453,-0.043210343,-0.06949981,0,3584,17.92,17.924724817276,0,0.8882618546485901,0.1117381528019905,True
3587,17.935,-0.096234724,-0.091703065,-0.073707506,-0.090348825,0,3584,17.92,17.924724817276,0,0.8882618546485901,0.1117381528019905,True
3588,17.94,-0.08416956,-0.08584329,-0.07801128,-0.08036166,0,3588,17.94,17.945769548416138,0,0.8795121908187866,0.1204877644777298,True
3589,17.945,-0.04654262,-0.051372364,-0.057330836,-0.046546344,0,3588,17.94,17.945769548416138,0,0.8795121908187866,0.1204877644777298,True
3590,17.95,-0.008773962,-0.010327362,-0.026482284,-0.008374402,0,3588,17.94,17.945769548416138,0,0.8795121908187866,0.1204877644777298,True
3591,17.955,0.008749614,0.014549444,-0.0028153888,0.015091852,0,3588,17.94,17.945769548416138,0,0.8795121908187866,0.1204877644777298,True
3592,17.96,0.0045407885,0.015766824,0.0061046164,0.017625965,0,3592,17.96,17.977312803268433,0,0.8851485848426819,0.1148513779044151,True
3593,17.965,-0.0053151883,0.0048945723,0.0063133077,0.008623078,0,3592,17.96,17.977312803268433,0,0.8851485848426819,0.1148513779044151,True
3594,17.97,-0.002133576,0.0010958202,0.009801418,0.0041044634,0,3592,17.96,17.977312803268433,0,0.8851485848426819,0.1148513779044151,True
3595,17.975,0.019497544,0.014284693,0.022486374,0.013321015,0,3592,17.96,17.977312803268433,0,0.8851485848426819,0.1148513779044151,True
3596,17.98,0.048138544,0.037565812,0.038908463,0.032076966,0,3596,17.98,17.99236297607422,0,0.8904836773872375,0.1095163151621818,True
3597,17.985,0.06623046,0.05486386,0.048212286,0.04779946,0,3596,17.98,17.99236297607422,0,0.8904836773872375,0.1095163151621818,True
3598,17.99,0.06447011,0.05545834,0.044890407,0.05074812,0,3596,17.98,17.99236297607422,0,0.8904836773872375,0.1095163151621818,True
3599,17.995,0.04704628,0.041625246,0.03347825,0.040913045,0,3596,17.98,17.99236297607422,0,0.8904836773872375,0.1095163151621818,True
3600,18.0,0.024994288,0.023830466,0.023223303,0.025577215,0,3600,18.0,18.01046848297119,0,0.8840293288230896,0.1159707382321357,True
3601,18.005,0.0061878576,0.010331043,0.018982245,0.0118378475,0,3600,18.0,18.01046848297119,0,0.8840293288230896,0.1159707382321357,True
3602,18.01,-0.008431088,0.0016184609,0.017368564,0.0017833591,0,3600,18.0,18.01046848297119,0,0.8840293288230896,0.1159707382321357,True
3603,18.015,-0.021252569,-0.0069786124,0.010737868,-0.006644737,0,3600,18.0,18.01046848297119,0,0.8840293288230896,0.1159707382321357,True
3604,18.02,-0.033242542,-0.019416356,-0.0058906875,-0.016092835,0,3604,18.02,18.028400897979736,0,0.8796833157539368,0.120316669344902,True
3605,18.025,-0.043108415,-0.035593353,-0.030925434,-0.027465064,0,3604,18.02,18.028400897979736,0,0.8796833157539368,0.120316669344902,True
3606,18.03,-0.04940629,-0.05169312,-0.056951094,-0.039568383,0,3604,18.02,18.028400897979736,0,0.8796833157539368,0.120316669344902,True
3607,18.035,-0.051693104,-0.062083703,-0.074223936,-0.049377088,0,3604,18.02,18.028400897979736,0,0.8796833157539368,0.120316669344902,True
3608,18.04,-0.04934628,-0.06137042,-0.07488093,-0.052503403,0,3608,18.04,18.04382467269897,0,0.8891536593437195,0.1108464077115058,True
3609,18.045,-0.040145,-0.046641972,-0.056652464,-0.044701308,0,3608,18.04,18.04382467269897,0,0.8891536593437195,0.1108464077115058,True
3610,18.05,-0.021001464,-0.019383281,-0.024470676,-0.024377998,0,3608,18.04,18.04382467269897,0,0.8891536593437195,0.1108464077115058,True
3611,18.055,0.009036795,0.014421344,0.011629592,0.0054945876,0,3608,18.04,18.04382467269897,0,0.8891536593437195,0.1108464077115058,True
3612,18.06,0.045504037,0.046423044,0.041555658,0.037548013,0,3612,18.06,18.060184001922607,0,0.8867006301879883,0.1132994070649147,True
3613,18.065,0.077684484,0.068771295,0.059573308,0.062184095,0,3612,18.06,18.060184001922607,0,0.8867006301879883,0.1132994070649147,True
3614,18.07,0.09219853,0.07610208,0.06496745,0.070774086,0,3612,18.06,18.060184001922607,0,0.8867006301879883,0.1132994070649147,True
3615,18.075,0.08028503,0.06664698,0.0595461,0.059128024,0,3612,18.06,18.060184001922607,0,0.8867006301879883,0.1132994070649147,True
3616,18.08,0.04433532,0.04301397,0.04533074,0.03022512,0,3616,18.08,18.09438395500183,0,0.8908308744430542,0.1091691330075264,True
3617,18.085,-0.0019614622,0.011937324,0.02448395,-0.0057763346,0,3616,18.08,18.09438395500183,0,0.8908308744430542,0.1091691330075264,True
3618,18.09,-0.041348666,-0.01821016,0.00026641545,-0.03579812,0,3616,18.08,18.09438395500183,0,0.8908308744430542,0.1091691330075264,True
3619,18.095,-0.06325163,-0.041334037,-0.023167217,-0.05079538,0,3616,18.08,18.09438395500183,0,0.8908308744430542,0.1091691330075264,True
3620,18.1,-0.06839038,-0.055846196,-0.042179674,-0.050530106,0,3620,18.1,18.110076904296875,0,0.8698952794075012,0.1301046907901764,True
3621,18.105,-0.06432831,-0.062958755,-0.054342013,-0.04194393,0,3620,18.1,18.110076904296875,0,0.8698952794075012,0.1301046907901764,True
3622,18.11,-0.056625687,-0.06270597,-0.057514146,-0.032135133,0,3620,18.1,18.110076904296875,0,0.8698952794075012,0.1301046907901764,True
3623,18.115,-0.0440034,-0.052171916,-0.049115796,-0.022181943,0,3620,18.1,18.110076904296875,0,0.8698952794075012,0.1301046907901764,True
3624,18.12,-0.021788621,-0.028595561,-0.027888767,-0.0077563543,0,3624,18.12,18.120215892791748,0,0.8881615996360779,0.1118384003639221,True
3625,18.125,0.010175291,0.005186456,0.0025971509,0.0139394,0,3624,18.12,18.120215892791748,0,0.8881615996360779,0.1118384003639221,True
3626,18.13,0.043443013,0.0388814,0.032719694,0.038030885,0,3624,18.12,18.120215892791748,0,0.8881615996360779,0.1118384003639221,True
3627,18.135,0.06547018,0.05982318,0.050941236,0.053586897,0,3624,18.12,18.120215892791748,0,0.8881615996360779,0.1118384003639221,True
3628,18.14,0.06901884,0.061596047,0.051183745,0.052347545,0,3628,18.14,18.144652366638184,0,0.8893488645553589,0.1106511726975441,True
3629,18.145,0.05759954,0.04855751,0.037148014,0.03629471,0,3628,18.14,18.144652366638184,0,0.8893488645553589,0.1106511726975441,True
3630,18.15,0.041659605,0.03180964,0.019220173,0.01637826,0,3628,18.14,18.144652366638184,0,0.8893488645553589,0.1106511726975441,True
3631,18.155,0.029270131,0.020141415,0.0064060404,0.003379442,0,3628,18.14,18.144652366638184,0,0.8893488645553589,0.1106511726975441,True
3632,18.16,0.020358862,0.0141937295,0.00052093866,-0.00029604044,0,3632,18.16,18.175417184829712,0,0.8879779577255249,0.1120220571756362,True
3633,18.165,0.009564566,0.008643054,-0.0025337082,-0.00039193907,0,3632,18.16,18.175417184829712,0,0.8879779577255249,0.1120220571756362,True
3634,18.17,-0.006205597,-0.0008350541,-0.006749003,-0.0034995237,0,3632,18.16,18.175417184829712,0,0.8879779577255249,0.1120220571756362,True
3635,18.175,-0.023912843,-0.01331667,-0.011963719,-0.010872239,0,3632,18.16,18.175417184829712,0,0.8879779577255249,0.1120220571756362,True
3636,18.18,-0.03799733,-0.024866993,-0.015588697,-0.019283662,0,3636,18.18,18.19040298461914,0,0.8885375261306763,0.1114625260233879,True
3637,18.185,-0.0467583,-0.033670988,-0.017122211,-0.026509658,0,3636,18.18,18.19040298461914,0,0.8885375261306763,0.1114625260233879,True
3638,18.19,-0.053737924,-0.04152384,-0.019446194,-0.034042984,0,3636,18.18,18.19040298461914,0,0.8885375261306763,0.1114625260233879,True
3639,18.195,-0.062025346,-0.049716823,-0.024906961,-0.043415185,0,3636,18.18,18.19040298461914,0,0.8885375261306763,0.1114625260233879,True
3640,18.2,-0.067674875,-0.054255433,-0.030641312,-0.050560758,0,3640,18.2,18.210124969482425,0,0.8901908993721008,0.1098090708255767,True
3641,18.205,-0.060286548,-0.046832357,-0.029144617,-0.04583994,0,3640,18.2,18.210124969482425,0,0.8901908993721008,0.1098090708255767,True
3642,18.21,-0.031892,-0.022163415,-0.014762469,-0.021812,0,3640,18.2,18.210124969482425,0,0.8901908993721008,0.1098090708255767,True
3643,18.215,0.0135319475,0.014820009,0.009758144,0.017761732,0,3640,18.2,18.210124969482425,0,0.8901908993721008,0.1098090708255767,True
3644,18.22,0.059271596,0.049335714,0.033286523,0.05680787,0,3644,18.22,18.22671103477478,0,0.8903670907020569,0.1096329092979431,True
3645,18.225,0.085638374,0.06555557,0.04356987,0.076297455,0,3644,18.22,18.22671103477478,0,0.8903670907020569,0.1096329092979431,True
3646,18.23,0.08261395,0.057044864,0.035729352,0.06705133,0,3644,18.22,18.22671103477478,0,0.8903670907020569,0.1096329092979431,True
3647,18.235,0.055419225,0.030576454,0.015094417,0.035624262,0,3644,18.22,18.22671103477478,0,0.8903670907020569,0.1096329092979431,True
3648,18.24,0.019689726,0.0009085654,-0.007199342,-0.0010749499,0,3648,18.24,18.24220395088196,0,0.8823660612106323,0.1176340207457542,True
3649,18.245,-0.008630373,-0.018666394,-0.021482274,-0.027304018,0,3648,18.24,18.24220395088196,0,0.8823660612106323,0.1176340207457542,True
3650,18.25,-0.021096412,-0.022990828,-0.024094636,-0.036835626,0,3648,18.24,18.24220395088196,0,0.8823660612106323,0.1176340207457542,True
3651,18.255,-0.018605191,-0.015434579,-0.01708007,-0.032898825,0,3648,18.24,18.24220395088196,0,0.8823660612106323,0.1176340207457542,True
3652,18.26,-0.008389191,-0.003489469,-0.004965328,-0.022082131,0,3652,18.26,18.260573863983154,0,0.8854357004165649,0.1145642697811126,True
3653,18.265,0.0010095191,0.006497002,0.008167147,-0.008688544,0,3652,18.26,18.260573863983154,0,0.8854357004165649,0.1145642697811126,True
3654,18.27,0.0043865493,0.012170988,0.019598262,0.006086263,0,3652,18.26,18.260573863983154,0,0.8854357004165649,0.1145642697811126,True
3655,18.275,0.0021153912,0.014579289,0.027325552,0.02109193,0,3652,18.26,18.260573863983154,0,0.8854357004165649,0.1145642697811126,True
3656,18.28,-0.0014097564,0.01540898,0.029382683,0.03256731,0,3656,18.28,18.29049158096313,0,0.8899252414703369,0.1100746989250183,True
3657,18.285,-0.0022747498,0.014572799,0.024249911,0.035063602,0,3656,18.28,18.29049158096313,0,0.8899252414703369,0.1100746989250183,True
3658,18.29,-0.00090013945,0.010132007,0.012185285,0.02530712,0,3656,18.28,18.29049158096313,0,0.8899252414703369,0.1100746989250183,True
3659,18.295,-0.0015688286,0.00058186386,-0.0037652652,0.005598329,0,3656,18.28,18.29049158096313,0,0.8899252414703369,0.1100746989250183,True
3660,18.3,-0.0076459283,-0.012479898,-0.018310357,-0.016251946,0,3660,18.3,18.31712794303894,0,0.8880789279937744,0.111921027302742,True
3661,18.305,-0.016951336,-0.023857486,-0.02620665,-0.030787043,0,3660,18.3,18.31712794303894,0,0.8880789279937744,0.111921027302742,True
3662,18.31,-0.022342352,-0.027602758,-0.025237108,-0.032300815,0,3660,18.3,18.31712794303894,0,0.8880789279937744,0.111921027302742,True
3663,18.315,-0.017999586,-0.021687739,-0.018053291,-0.022459026,0,3660,18.3,18.31712794303894,0,0.8880789279937744,0.111921027302742,True
3664,18.32,-0.0060223844,-0.0108007435,-0.011236406,-0.009640779,0,3664,18.32,18.32248544692993,0,0.8885073661804199,0.1114926561713218,True
3665,18.325,0.003469725,-0.004046488,-0.011312913,-0.0038200568,0,3664,18.32,18.32248544692993,0,0.8885073661804199,0.1114926561713218,True
3666,18.33,0.00029079453,-0.008101531,-0.019754225,-0.00976311,0,3664,18.32,18.32248544692993,0,0.8885073661804199,0.1114926561713218,True
3667,18.335,-0.015936881,-0.02082823,-0.030620094,-0.023067659,0,3664,18.32,18.32248544692993,0,0.8885073661804199,0.1114926561713218,True
3668,18.34,-0.032994505,-0.031141384,-0.033438876,-0.03228134,0,3668,18.34,18.340378284454346,0,0.8882793188095093,0.1117206439375877,True
3669,18.345,-0.034034103,-0.026380075,-0.020131463,-0.026264884,0,3668,18.34,18.340378284454346,0,0.8882793188095093,0.1117206439375877,True
3670,18.35,-0.010732998,-0.002085775,0.008740911,-0.0020288767,0,3668,18.34,18.340378284454346,0,0.8882793188095093,0.1117206439375877,True
3671,18.355,0.028846717,0.03338512,0.04306594,0.03233736,0,3668,18.34,18.340378284454346,0,0.8882793188095093,0.1117206439375877,True
3672,18.36,0.064362034,0.063272096,0.06847155,0.06177279,0,3672,18.36,18.375529050827023,0,0.8897976279258728,0.1102024093270301,True
3673,18.365,0.07659321,0.07287899,0.0742939,0.072811246,0,3672,18.36,18.375529050827023,0,0.8897976279258728,0.1102024093270301,True
3674,18.37,0.060210656,0.058609616,0.059026238,0.061093573,0,3672,18.36,18.375529050827023,0,0.8897976279258728,0.1102024093270301,True
3675,18.375,0.026391065,0.029190162,0.029989773,0.03302282,0,3672,18.36,18.375529050827023,0,0.8897976279258728,0.1102024093270301,True
3676,18.38,-0.006385393,-0.0014159362,-0.002019475,0.00077976607,0,3676,18.38,18.39039659500122,0,0.8882197737693787,0.1117802336812019,True
3677,18.385,-0.025715934,-0.023569936,-0.028927758,-0.025328962,0,3676,18.38,18.39039659500122,0,0.8882197737693787,0.1117802336812019,True
3678,18.39,-0.032010432,-0.0364165,-0.047887612,-0.041392226,0,3676,18.38,18.39039659500122,0,0.8882197737693787,0.1117802336812019,True
3679,18.395,-0.033781514,-0.0442566,-0.05888434,-0.04849399,0,3676,18.38,18.39039659500122,0,0.8882197737693787,0.1117802336812019,True
3680,18.4,-0.03689637,-0.04910302,-0.060742155,-0.048062854,0,3680,18.4,18.4104118347168,0,0.8844802379608154,0.1155197024345398,True
3681,18.405,-0.038263723,-0.047041263,-0.05031519,-0.039371066,0,3680,18.4,18.4104118347168,0,0.8844802379608154,0.1155197024345398,True
3682,18.41,-0.029671147,-0.03219502,-0.02631268,-0.021758394,0,3680,18.4,18.4104118347168,0,0.8844802379608154,0.1155197024345398,True
3683,18.415,-0.0076391003,-0.0045674043,0.005999142,0.0013212274,0,3680,18.4,18.4104118347168,0,0.8844802379608154,0.1155197024345398,True
3684,18.42,0.02044007,0.026133575,0.03481666,0.021679858,0,3684,18.42,18.427451133728027,0,0.8896774053573608,0.1103226095438003,True
3685,18.425,0.0400658,0.04536065,0.04828392,0.031106554,0,3684,18.42,18.427451133728027,0,0.8896774053573608,0.1103226095438003,True
3686,18.43,0.04042127,0.044090033,0.0428818,0.027632626,0,3684,18.42,18.427451133728027,0,0.8896774053573608,0.1103226095438003,True
3687,18.435,0.022973869,0.026028479,0.026456743,0.017377244,0,3684,18.42,18.427451133728027,0,0.8896774053573608,0.1103226095438003,True
3688,18.44,0.00051301945,0.005148284,0.012580644,0.009706316,0,3688,18.44,18.442286729812626,0,0.8884089589118958,0.1115910708904266,True
3689,18.445,-0.012526405,-0.0047892514,0.010347777,0.009638661,0,3688,18.44,18.442286729812626,0,0.8884089589118958,0.1115910708904266,True
3690,18.45,-0.010413174,-0.0001693969,0.017829405,0.014119941,0,3688,18.44,18.442286729812626,0,0.8884089589118958,0.1115910708904266,True
3691,18.455,0.00082756125,0.010881422,0.024301862,0.015226449,0,3688,18.44,18.442286729812626,0,0.8884089589118958,0.1115910708904266,True
3692,18.46,0.0089760525,0.015593299,0.018873032,0.0069951443,0,3692,18.46,18.470399379730225,0,0.8899669051170349,0.1100331619381904,True
3693,18.465,0.0044358196,0.00580142,-0.0018210979,-0.010305035,0,3692,18.46,18.470399379730225,0,0.8899669051170349,0.1100331619381904,True
3694,18.47,-0.014159061,-0.017524503,-0.032349113,-0.031399388,0,3692,18.46,18.470399379730225,0,0.8899669051170349,0.1100331619381904,True
3695,18.475,-0.039990883,-0.04606906,-0.062936336,-0.050074305,0,3692,18.46,18.470399379730225,0,0.8899669051170349,0.1100331619381904,True
3696,18.48,-0.061816346,-0.068901934,-0.0845658,-0.061478276,0,3696,18.48,18.49451303482056,0,0.8870446085929871,0.1129553392529487,True
3697,18.485,-0.06838267,-0.07634276,-0.090850204,-0.06138549,0,3696,18.48,18.49451303482056,0,0.8870446085929871,0.1129553392529487,True
3698,18.49,-0.052146517,-0.062173937,-0.07742524,-0.045465168,0,3696,18.48,18.49451303482056,0,0.8870446085929871,0.1129553392529487,True
3699,18.495,-0.012475756,-0.025651488,-0.0423822,-0.011703328,0,3696,18.48,18.49451303482056,0,0.8870446085929871,0.1129553392529487,True
3700,18.5,0.042076834,0.026311034,0.0107533755,0.035171494,0,3700,18.5,18.50921869277954,0,0.8899590373039246,0.110040932893753,True
3701,18.505,0.09454868,0.07907613,0.07036414,0.082130454,0,3700,18.5,18.50921869277954,0,0.8899590373039246,0.110040932893753,True
3702,18.51,0.12540632,0.11491834,0.11879682,0.1125892,0,3700,18.5,18.50921869277954,0,0.8899590373039246,0.110040932893753,True
3703,18.515,0.121983856,0.121273115,0.13981147,0.115164034,0,3700,18.5,18.50921869277954,0,0.8899590373039246,0.110040932893753,True
3704,18.52,0.08571463,0.09717008,0.1266296,0.089793526,0,3704,18.52,18.52036547660828,0,0.8886975646018982,0.1113025173544883,True
3705,18.525,0.031194016,0.052663386,0.08455881,0.046339303,0,3704,18.52,18.52036547660828,0,0.8886975646018982,0.1113025173544883,True
3706,18.53,-0.022927761,0.0018631925,0.02694028,-0.0025971052,0,3704,18.52,18.52036547660828,0,0.8886975646018982,0.1113025173544883,True
3707,18.535,-0.06405412,-0.04409896,-0.031141909,-0.047887765,0,3704,18.52,18.52036547660828,0,0.8886975646018982,0.1113025173544883,True
3708,18.54,-0.08881952,-0.07863997,-0.07661239,-0.08421883,0,3708,18.54,18.54035449028015,0,0.841330885887146,0.1586691439151764,True
3709,18.545,-0.09850475,-0.096956275,-0.099613,-0.10649869,0,3708,18.54,18.54035449028015,0,0.841330885887146,0.1586691439151764,True
3710,18.55,-0.09340062,-0.09476475,-0.095447525,-0.108567186,0,3708,18.54,18.54035449028015,0,0.841330885887146,0.1586691439151764,True
3711,18.555,-0.07264508,-0.07156922,-0.06796838,-0.08727472,0,3708,18.54,18.54035449028015,0,0.841330885887146,0.1586691439151764,True
3712,18.56,-0.038847793,-0.034736447,-0.030475195,-0.0479961,0,3712,18.56,18.561150312423703,0,0.8859865069389343,0.1140134632587432,True
3713,18.565,-0.0010937807,0.0015792019,-0.00041277314,-0.004890188,0,3712,18.56,18.561150312423703,0,0.8859865069389343,0.1140134632587432,True
3714,18.57,0.028219659,0.023654463,0.010074979,0.026126109,0,3712,18.56,18.561150312423703,0,0.8859865069389343,0.1140134632587432,True
3715,18.575,0.040615473,0.02618231,0.0009112975,0.036723662,0,3712,18.56,18.561150312423703,0,0.8859865069389343,0.1140134632587432,True
3716,18.58,0.03671351,0.014754585,-0.016902305,0.030640695,0,3716,18.58,18.590065956115723,0,0.8845295906066895,0.1154703795909881,True
3717,18.585,0.02531214,0.0014569095,-0.028773328,0.02026142,0,3716,18.58,18.590065956115723,0,0.8845295906066895,0.1154703795909881,True
3718,18.59,0.01752268,-0.002554864,-0.024734754,0.018282961,0,3716,18.58,18.590065956115723,0,0.8845295906066895,0.1154703795909881,True
3719,18.595,0.020359552,0.007474099,-0.0034631712,0.030235771,0,3716,18.58,18.590065956115723,0,0.8845295906066895,0.1154703795909881,True
3720,18.6,0.03349984,0.02863518,0.028702011,0.051942375,0,3720,18.6,18.610498428344727,0,0.8877066969871521,0.1122932806611061,True
3721,18.605,0.050056968,0.052457817,0.061386388,0.07231499,0,3720,18.6,18.610498428344727,0,0.8877066969871521,0.1122932806611061,True
3722,18.61,0.060020696,0.068518646,0.083970696,0.07917275,0,3720,18.6,18.610498428344727,0,0.8877066969871521,0.1122932806611061,True
3723,18.615,0.05466931,0.068376996,0.088669404,0.06509089,0,3720,18.6,18.610498428344727,0,0.8877066969871521,0.1122932806611061,True
3724,18.62,0.030704435,0.04910751,0.07295086,0.030933589,0,3724,18.62,18.620100259780884,0,0.8803250789642334,0.1196748837828636,True
3725,18.625,-0.0073108366,0.015137867,0.04075367,-0.014280272,0,3724,18.62,18.620100259780884,0,0.8803250789642334,0.1196748837828636,True
3726,18.63,-0.048015047,-0.023211751,0.0012667867,-0.057236876,0,3724,18.62,18.620100259780884,0,0.8803250789642334,0.1196748837828636,True
3727,18.635,-0.07840433,-0.054576993,-0.034964774,-0.08619422,0,3724,18.62,18.620100259780884,0,0.8803250789642334,0.1196748837828636,True
3728,18.64,-0.090525866,-0.072084345,-0.060539737,-0.09567904,0,3728,18.64,18.644328117370605,0,0.8720523118972778,0.1279476583003997,True
3729,18.645,-0.08486051,-0.07556193,-0.07315087,-0.08726276,0,3728,18.64,18.644328117370605,0,0.8720523118972778,0.1279476583003997,True
3730,18.65,-0.067457214,-0.06872033,-0.07380026,-0.066401586,0,3728,18.64,18.644328117370605,0,0.8720523118972778,0.1279476583003997,True
3731,18.655,-0.043422412,-0.05412351,-0.063626856,-0.03838273,0,3728,18.64,18.644328117370605,0,0.8720523118972778,0.1279476583003997,True
3732,18.66,-0.013295319,-0.03117189,-0.04305887,-0.006864289,0,3732,18.66,18.67178177833557,0,0.8864254355430603,0.1135746240615844,True
3733,18.665,0.023670603,0.00046056704,-0.014334979,0.024399552,0,3732,18.66,18.67178177833557,0,0.8864254355430603,0.1135746240615844,True
3734,18.67,0.06270699,0.03543011,0.01575245,0.04957295,0,3732,18.66,18.67178177833557,0,0.8864254355430603,0.1135746240615844,True
3735,18.675,0.09136118,0.06196074,0.03714746,0.061875895,0,3732,18.66,18.67178177833557,0,0.8864254355430603,0.1135746240615844,True
3736,18.68,0.09633107,0.06853685,0.042393688,0.057890058,0,3736,18.68,18.69041609764099,0,0.8873981237411499,0.1126018837094307,True
3737,18.685,0.07429184,0.053144146,0.03247531,0.041206747,0,3736,18.68,18.69041609764099,0,0.8873981237411499,0.1126018837094307,True
3738,18.69,0.036400095,0.026296018,0.016872343,0.021280577,0,3736,18.68,18.69041609764099,0,0.8873981237411499,0.1126018837094307,True
3739,18.695,0.0011681545,0.0038647992,0.0067009605,0.007351842,0,3736,18.68,18.69041609764099,0,0.8873981237411499,0.1126018837094307,True
3740,18.7,-0.018714035,-0.0047726445,0.0062969793,0.0020982858,0,3740,18.7,18.710400581359863,0,0.8774377107620239,0.1225623413920402,True
3741,18.705,-0.024076527,-0.0028352048,0.010681339,0.00066459837,0,3740,18.7,18.710400581359863,0,0.8774377107620239,0.1225623413920402,True
3742,18.71,-0.024957854,-0.00096581544,0.011450479,-0.0035744475,0,3740,18.7,18.710400581359863,0,0.8774377107620239,0.1225623413920402,True
3743,18.715,-0.028969884,-0.0057668234,0.005768894,-0.011412797,0,3740,18.7,18.710400581359863,0,0.8774377107620239,0.1225623413920402,True
3744,18.72,-0.03375842,-0.013142002,-0.00029929305,-0.01578529,0,3744,18.72,18.728411436080933,0,0.8830706477165222,0.1169293299317359,True
3745,18.725,-0.030835286,-0.013155782,0.00201675,-0.008370347,0,3744,18.72,18.728411436080933,0,0.8830706477165222,0.1169293299317359,True
3746,18.73,-0.016832603,-0.0019324471,0.013914437,0.010358024,0,3744,18.72,18.728411436080933,0,0.8830706477165222,0.1169293299317359,True
3747,18.735,-0.00051233143,0.011349863,0.024902146,0.027414817,0,3744,18.72,18.728411436080933,0,0.8830706477165222,0.1169293299317359,True
3748,18.74,0.0026618477,0.010443921,0.020083493,0.025314553,0,3748,18.74,18.74233102798462,0,0.8904517889022827,0.1095482558012008,True
3749,18.745,-0.0152950445,-0.013127518,-0.006602488,-0.0033309958,0,3748,18.74,18.74233102798462,0,0.8904517889022827,0.1095482558012008,True
3750,18.75,-0.044729367,-0.0495796,-0.044781365,-0.04684922,0,3748,18.74,18.74233102798462,0,0.8904517889022827,0.1095482558012008,True
3751,18.755,-0.062379953,-0.07497741,-0.072855696,-0.07982062,0,3748,18.74,18.74233102798462,0,0.8904517889022827,0.1095482558012008,True
3752,18.76,-0.04772603,-0.06779386,-0.07241315,-0.07976007,0,3752,18.76,18.772141218185425,0,0.8893368244171143,0.1106632277369499,True
3753,18.765,0.0007509221,-0.025204375,-0.04094741,-0.042907726,0,3752,18.76,18.772141218185425,0,0.8893368244171143,0.1106632277369499,True
3754,18.77,0.061954703,0.033344675,0.0060725277,0.012453356,0,3752,18.76,18.772141218185425,0,0.8893368244171143,0.1106632277369499,True
3755,18.775,0.104260504,0.07785407,0.04458188,0.05732723,0,3752,18.76,18.772141218185425,0,0.8893368244171143,0.1106632277369499,True
3756,18.78,0.10510773,0.086353965,0.056152094,0.06993086,0,3756,18.78,18.79441523551941,0,0.8874933123588562,0.1125067248940467,True
3757,18.785,0.0648474,0.057754207,0.038288232,0.04827592,0,3756,18.78,18.79441523551941,0,0.8874933123588562,0.1125067248940467,True
3758,18.79,0.0056597856,0.010948329,0.0049627186,0.009650706,0,3756,18.78,18.79441523551941,0,0.8874933123588562,0.1125067248940467,True
3759,18.795,-0.043281,-0.028305477,-0.02261521,-0.021856323,0,3756,18.78,18.79441523551941,0,0.8874933123588562,0.1125067248940467,True
3760,18.8,-0.063582264,-0.043184835,-0.029132372,-0.03082099,0,3760,18.8,18.808780908584595,0,0.8643193244934082,0.135680690407753,True
3761,18.805,-0.055858478,-0.033626765,-0.01371791,-0.01836302,0,3760,18.8,18.808780908584595,0,0.8643193244934082,0.135680690407753,True
3762,18.81,-0.033954833,-0.012082756,0.0115937395,0.0021713201,0,3760,18.8,18.808780908584595,0,0.8643193244934082,0.135680690407753,True
3763,18.815,-0.01199188,0.0076725497,0.031697925,0.017054915,0,3760,18.8,18.808780908584595,0,0.8643193244934082,0.135680690407753,True
3764,18.82,0.0043013385,0.019161455,0.03865566,0.0216558,0,3764,18.82,18.82601523399353,0,0.8872124552726746,0.1127875298261642,True
3765,18.825,0.016375592,0.023594787,0.034745887,0.02075904,0,3764,18.82,18.82601523399353,0,0.8872124552726746,0.1127875298261642,True
3766,18.83,0.026199132,0.024393067,0.027268391,0.02131848,0,3764,18.82,18.82601523399353,0,0.8872124552726746,0.1127875298261642,True
3767,18.835,0.03247264,0.022564951,0.020845354,0.02511847,0,3764,18.82,18.82601523399353,0,0.8872124552726746,0.1127875298261642,True
3768,18.84,0.03266008,0.016824156,0.014076945,0.027426599,0,3768,18.84,18.84129047393799,0,0.8892830610275269,0.1107169538736343,True
3769,18.845,0.026355626,0.0064403866,0.002472647,0.021507725,0,3768,18.84,18.84129047393799,0,0.8892830610275269,0.1107169538736343,True
3770,18.85,0.015033094,-0.0073024514,-0.016113749,0.0042974274,0,3768,18.84,18.84129047393799,0,0.8892830610275269,0.1107169538736343,True
3771,18.855,-0.0005513546,-0.022018075,-0.03853833,-0.020941181,0,3768,18.84,18.84129047393799,0,0.8892830610275269,0.1107169538736343,True
3772,18.86,-0.020122204,-0.035062082,-0.057592668,-0.045768574,0,3772,18.86,18.86313796043396,0,0.8903107643127441,0.1096891611814498,True
3773,18.865,-0.039894853,-0.04285208,-0.06553293,-0.060147215,0,3772,18.86,18.86313796043396,0,0.8903107643127441,0.1096891611814498,True
3774,18.87,-0.050805416,-0.04078651,-0.057541966,-0.05705845,0,3772,18.86,18.86313796043396,0,0.8903107643127441,0.1096891611814498,True
3775,18.875,-0.044322155,-0.026359076,-0.03422542,-0.03677789,0,3772,18.86,18.86313796043396,0,0.8903107643127441,0.1096891611814498,True
3776,18.88,-0.022059353,-0.0037348946,-0.0026570498,-0.008341216,0,3776,18.88,18.894620895385746,0,0.890049397945404,0.1099506169557571,True
3777,18.885,0.0015631943,0.015857516,0.025487067,0.014353754,0,3776,18.88,18.894620895385746,0,0.890049397945404,0.1099506169557571,True
3778,18.89,0.009411814,0.021087972,0.039635606,0.021100678,0,3776,18.88,18.894620895385746,0,0.890049397945404,0.1099506169557571,True
3779,18.895,-0.0029277995,0.010310869,0.03724506,0.012977005,0,3776,18.88,18.894620895385746,0,0.890049397945404,0.1099506169557571,True
3780,18.9,-0.021191275,-0.00516771,0.026109565,0.0020803437,0,3780,18.9,18.9052848815918,0,0.889835000038147,0.1101650074124336,True
3781,18.905,-0.023379939,-0.009234058,0.018437393,0.001984461,0,3780,18.9,18.9052848815918,0,0.889835000038147,0.1101650074124336,True
3782,18.91,0.0008416774,0.005231441,0.020465525,0.01594996,0,3780,18.9,18.9052848815918,0,0.889835000038147,0.1101650074124336,True
3783,18.915,0.039601468,0.029103585,0.02679376,0.033218794,0,3780,18.9,18.9052848815918,0,0.889835000038147,0.1101650074124336,True
3784,18.92,0.067211136,0.04360593,0.02533098,0.03752059,0,3784,18.92,18.920288562774655,0,0.888353168964386,0.1116468384861946,True
3785,18.925,0.06469797,0.035679795,0.008875147,0.021085273,0,3784,18.92,18.920288562774655,0,0.888353168964386,0.1116468384861946,True
3786,18.93,0.034762464,0.00885918,-0.01734713,-0.007940668,0,3784,18.92,18.920288562774655,0,0.888353168964386,0.1116468384861946,True
3787,18.935,-0.0015261872,-0.019773485,-0.039284326,-0.031330816,0,3784,18.92,18.920288562774655,0,0.888353168964386,0.1116468384861946,True
3788,18.94,-0.02272962,-0.03359869,-0.045426622,-0.03501074,0,3788,18.94,18.944137811660767,0,0.8742556571960449,0.1257443577051162,True
3789,18.945,-0.023469856,-0.028948056,-0.03545355,-0.019626528,0,3788,18.94,18.944137811660767,0,0.8742556571960449,0.1257443577051162,True
3790,18.95,-0.01519542,-0.015417322,-0.018625781,0.0012611412,0,3788,18.94,18.944137811660767,0,0.8742556571960449,0.1257443577051162,True
3791,18.955,-0.011960418,-0.0046946197,-0.0041784793,0.0133748455,0,3788,18.94,18.944137811660767,0,0.8742556571960449,0.1257443577051162,True
3792,18.96,-0.015597253,0.0009239246,0.0067544198,0.013560953,0,3792,18.96,18.97769832611084,0,0.8892496228218079,0.1107504069805145,True
3793,18.965,-0.014692515,0.009153495,0.0200022,0.011023072,0,3792,18.96,18.97769832611084,0,0.8892496228218079,0.1107504069805145,True
3794,18.97,0.0018341255,0.026959565,0.039371517,0.017040787,0,3792,18.96,18.97769832611084,0,0.8892496228218079,0.1107504069805145,True
3795,18.975,0.030140854,0.04936303,0.05895155,0.032572042,0,3792,18.96,18.97769832611084,0,0.8892496228218079,0.1107504069805145,True
3796,18.98,0.050805166,0.059814934,0.06496675,0.045297477,0,3796,18.98,18.99526715278625,0,0.8893292546272278,0.1106707081198692,True
3797,18.985,0.043849878,0.043218847,0.046514347,0.039334185,0,3796,18.98,18.99526715278625,0,0.8893292546272278,0.1106707081198692,True
3798,18.99,0.006198169,0.00018953466,0.0059469435,0.009341896,0,3796,18.98,18.99526715278625,0,0.8893292546272278,0.1106707081198692,True
3799,18.995,-0.043997463,-0.050523743,-0.04035396,-0.03326229,0,3796,18.98,18.99526715278625,0,0.8893292546272278,0.1106707081198692,True
3800,19.0,-0.07956704,-0.08381786,-0.07167527,-0.06718536,0,3800,19.0,19.01043939590454,0,0.8772420883178711,0.1227579712867736,True
3801,19.005,-0.08229032,-0.08432473,-0.07540534,-0.07531369,0,3800,19.0,19.01043939590454,0,0.8772420883178711,0.1227579712867736,True
3802,19.01,-0.052699406,-0.0545187,-0.053267058,-0.0550209,0,3800,19.0,19.01043939590454,0,0.8772420883178711,0.1227579712867736,True
3803,19.015,-0.006661445,-0.010672029,-0.018385556,-0.018218894,0,3800,19.0,19.01043939590454,0,0.8772420883178711,0.1227579712867736,True
3804,19.02,0.03557277,0.027880628,0.013008895,0.016957287,0,3804,19.02,19.02813482284546,0,0.8895843625068665,0.1104156151413917,True
3805,19.025,0.058942527,0.047806017,0.029236414,0.035975214,0,3804,19.02,19.02813482284546,0,0.8895843625068665,0.1104156151413917,True
3806,19.03,0.05747071,0.04499293,0.026672125,0.033558164,0,3804,19.02,19.02813482284546,0,0.8895843625068665,0.1104156151413917,True
3807,19.035,0.034040883,0.02340932,0.009324343,0.013963401,0,3804,19.02,19.02813482284546,0,0.8895843625068665,0.1104156151413917,True
3808,19.04,-0.0010017517,-0.007100067,-0.013552889,-0.012073589,0,3808,19.04,19.0434844493866,0,0.8874025344848633,0.1125974953174591,True
3809,19.045,-0.0323101,-0.033194657,-0.03065924,-0.031686135,0,3808,19.04,19.0434844493866,0,0.8874025344848633,0.1125974953174591,True
3810,19.05,-0.044928007,-0.042214353,-0.032741375,-0.034841,0,3808,19.04,19.0434844493866,0,0.8874025344848633,0.1125974953174591,True
3811,19.055,-0.03200533,-0.028366461,-0.017005654,-0.01903388,0,3808,19.04,19.0434844493866,0,0.8874025344848633,0.1125974953174591,True
3812,19.06,0.00016582914,0.0028561312,0.01071549,0.008850659,0,3812,19.06,19.072895288467407,0,0.8883385062217712,0.1116615012288093,True
3813,19.065,0.03489922,0.0367354,0.038628235,0.035888802,0,3812,19.06,19.072895288467407,0,0.8883385062217712,0.1116615012288093,True
3814,19.07,0.05476437,0.057687584,0.055494234,0.050352495,0,3812,19.06,19.072895288467407,0,0.8883385062217712,0.1116615012288093,True
3815,19.075,0.051138937,0.0578005,0.056242827,0.047780745,0,3812,19.06,19.072895288467407,0,0.8883385062217712,0.1116615012288093,True
3816,19.08,0.027262226,0.039413456,0.042728346,0.031770863,0,3816,19.08,19.099311351776123,0,0.8894105553627014,0.1105894595384597,True
3817,19.085,-0.005343359,0.0115821725,0.02062664,0.010307446,0,3816,19.08,19.099311351776123,0,0.8894105553627014,0.1105894595384597,True
3818,19.09,-0.032723345,-0.014924359,-0.0033627707,-0.008293657,0,3816,19.08,19.099311351776123,0,0.8894105553627014,0.1105894595384597,True
3819,19.095,-0.043525122,-0.030826876,-0.022193896,-0.017508227,0,3816,19.08,19.099311351776123,0,0.8894105553627014,0.1105894595384597,True
3820,19.1,-0.03321237,-0.030664036,-0.029442837,-0.014015851,0,3820,19.1,19.11127877235413,0,0.8778651356697083,0.1221348494291305,True
3821,19.105,-0.0071466262,-0.015732188,-0.022833744,0.00016744692,0,3820,19.1,19.11127877235413,0,0.8778651356697083,0.1221348494291305,True
3822,19.11,0.020292768,0.004411569,-0.007878227,0.016519725,0,3820,19.1,19.11127877235413,0,0.8778651356697083,0.1221348494291305,True
3823,19.115,0.03268694,0.015675023,0.0035692747,0.02301623,0,3820,19.1,19.11127877235413,0,0.8778651356697083,0.1221348494291305,True
3824,19.12,0.021644253,0.00824156,0.0011135058,0.011370667,0,3824,19.12,19.12606310844421,0,0.8889773488044739,0.1110226213932037,True
3825,19.125,-0.007259132,-0.015629461,-0.015760321,-0.016315665,0,3824,19.12,19.12606310844421,0,0.8889773488044739,0.1110226213932037,True
3826,19.13,-0.037736766,-0.0418695,-0.036443334,-0.04739155,0,3824,19.12,19.12606310844421,0,0.8889773488044739,0.1110226213932037,True
3827,19.135,-0.053167477,-0.053890247,-0.04698138,-0.066193,0,3824,19.12,19.12606310844421,0,0.8889773488044739,0.1110226213932037,True
3828,19.14,-0.046520375,-0.04407196,-0.04042002,-0.06400876,0,3828,19.14,19.14377903938293,0,0.8856498599052429,0.1143501549959182,True
3829,19.145,-0.023199625,-0.018482119,-0.020951835,-0.043886043,0,3828,19.14,19.14377903938293,0,0.8856498599052429,0.1143501549959182,True
3830,19.15,0.0040357923,0.008611004,0.0010291965,-0.01684624,0,3828,19.14,19.14377903938293,0,0.8856498599052429,0.1143501549959182,True
3831,19.155,0.02363635,0.025591433,0.017747013,0.006844402,0,3828,19.14,19.14377903938293,0,0.8856498599052429,0.1143501549959182,True
3832,19.16,0.03162747,0.030963229,0.02880642,0.023956684,0,3832,19.16,19.174890279769897,0,0.8889064788818359,0.1110934987664222,True
3833,19.165,0.032400414,0.03206489,0.038538247,0.037537176,0,3832,19.16,19.174890279769897,0,0.8889064788818359,0.1110934987664222,True
3834,19.17,0.03408071,0.037024662,0.049477383,0.05103823,0,3832,19.16,19.174890279769897,0,0.8889064788818359,0.1110934987664222,True
3835,19.175,0.04166732,0.047063123,0.058442257,0.06340629,0,3832,19.16,19.174890279769897,0,0.8889064788818359,0.1110934987664222,True
3836,19.18,0.052523177,0.055247646,0.058603816,0.06937351,0,3836,19.18,19.19195532798767,0,0.8912383317947388,0.1087616682052612,True
3837,19.185,0.057415273,0.052026402,0.045223866,0.06375793,0,3836,19.18,19.19195532798767,0,0.8912383317947388,0.1087616682052612,True
3838,19.19,0.046457745,0.032443456,0.019658221,0.045158114,0,3836,19.18,19.19195532798767,0,0.8912383317947388,0.1087616682052612,True
3839,19.195,0.015787976,-0.00062374055,-0.011682594,0.016108906,0,3836,19.18,19.19195532798767,0,0.8912383317947388,0.1087616682052612,True
3840,19.2,-0.029382046,-0.038629115,-0.041725356,-0.018971654,0,3840,19.2,19.201051473617557,0,0.8805111646652222,0.1194887906312942,True
3841,19.205,-0.07668432,-0.07182894,-0.06590766,-0.05489407,0,3840,19.2,19.201051473617557,0,0.8805111646652222,0.1194887906312942,True
3842,19.21,-0.111679785,-0.09240453,-0.08161177,-0.085069716,0,3840,19.2,19.201051473617557,0,0.8805111646652222,0.1194887906312942,True
3843,19.215,-0.12332836,-0.095514156,-0.08586851,-0.10149312,0,3840,19.2,19.201051473617557,0,0.8805111646652222,0.1194887906312942,True
3844,19.22,-0.10777724,-0.07986242,-0.07521831,-0.09748225,0,3844,19.22,19.22715997695923,0,0.8822571039199829,0.1177429407835006,True
3845,19.225,-0.06938177,-0.048625104,-0.04883763,-0.07198368,0,3844,19.22,19.22715997695923,0,0.8822571039199829,0.1177429407835006,True
3846,19.23,-0.018811444,-0.009577445,-0.011897825,-0.03182019,0,3844,19.22,19.22715997695923,0,0.8822571039199829,0.1177429407835006,True
3847,19.235,0.03083199,0.02696972,0.02481551,0.010502761,0,3844,19.22,19.22715997695923,0,0.8822571039199829,0.1177429407835006,True
3848,19.24,0.06827553,0.052057777,0.0498723,0.04239071,0,3848,19.24,19.244539737701416,0,0.8875012993812561,0.1124986782670021,True
3849,19.245,0.08734795,0.061771374,0.057574198,0.056844786,0,3848,19.24,19.244539737701416,0,0.8875012993812561,0.1124986782670021,True
3850,19.25,0.08852482,0.058678508,0.051173605,0.055243626,0,3848,19.24,19.244539737701416,0,0.8875012993812561,0.1124986782670021,True
3851,19.255,0.078243725,0.05022172,0.04058131,0.04605865,0,3848,19.24,19.244539737701416,0,0.8875012993812561,0.1124986782670021,True
3852,19.26,0.06568974,0.044761386,0.036088537,0.04017451,0,3852,19.26,19.274096250534058,0,0.889415442943573,0.1105845794081687,True
3853,19.265,0.05781073,0.047012687,0.04216968,0.04478931,0,3852,19.26,19.274096250534058,0,0.889415442943573,0.1105845794081687,True
3854,19.27,0.054958012,0.054955296,0.05492522,0.058674153,0,3852,19.26,19.274096250534058,0,0.889415442943573,0.1105845794081687,True
3855,19.275,0.05015201,0.05994824,0.06411175,0.07159857,0,3852,19.26,19.274096250534058,0,0.889415442943573,0.1105845794081687,True
3856,19.28,0.033329323,0.050758358,0.058365434,0.06928145,0,3856,19.28,19.29050040245056,0,0.8866397142410278,0.1133603453636169,True
3857,19.285,-0.0013243629,0.020360595,0.031315923,0.042117253,0,3856,19.28,19.29050040245056,0,0.8866397142410278,0.1133603453636169,True
3858,19.29,-0.049503326,-0.027939372,-0.013936741,-0.0073392536,0,3856,19.28,19.29050040245056,0,0.8866397142410278,0.1133603453636169,True
3859,19.295,-0.096744895,-0.07952295,-0.06451882,-0.06362179,0,3856,19.28,19.29050040245056,0,0.8866397142410278,0.1133603453636169,True
3860,19.3,-0.12510967,-0.11474037,-0.10287757,-0.105847366,0,3860,19.3,19.30261468887329,0,0.874015748500824,0.1259842664003372,True
3861,19.305,-0.12281365,-0.11946084,-0.1153005,-0.118947044,0,3860,19.3,19.30261468887329,0,0.874015748500824,0.1259842664003372,True
3862,19.31,-0.09080843,-0.09308664,-0.09897189,-0.101231426,0,3860,19.3,19.30261468887329,0,0.874015748500824,0.1259842664003372,True
3863,19.315,-0.04236205,-0.048604053,-0.06308858,-0.06384336,0,3860,19.3,19.30261468887329,0,0.874015748500824,0.1259842664003372,True
3864,19.32,0.0037178441,-0.0049579754,-0.023427855,-0.023600223,0,3864,19.32,19.32035660743713,0,0.8854683041572571,0.1145317330956459,True
3865,19.325,0.032082416,0.022889845,0.006043033,0.005571019,0,3864,19.32,19.32035660743713,0,0.8854683041572571,0.1145317330956459,True
3866,19.33,0.03747485,0.030306494,0.019493185,0.018075146,0,3864,19.32,19.32035660743713,0,0.8854683041572571,0.1145317330956459,True
3867,19.335,0.026168106,0.0231254,0.02027917,0.017331367,0,3864,19.32,19.32035660743713,0,0.8854683041572571,0.1145317330956459,True
3868,19.34,0.011745666,0.012745766,0.016930057,0.012390138,0,3868,19.34,19.344592094421387,0,0.8879255056381226,0.1120745167136192,True
3869,19.345,0.0071822423,0.009388648,0.017192509,0.012389612,0,3868,19.34,19.344592094421387,0,0.8879255056381226,0.1120745167136192,True
3870,19.35,0.017350636,0.016939599,0.024013026,0.02149112,0,3868,19.34,19.344592094421387,0,0.8879255056381226,0.1120745167136192,True
3871,19.355,0.036586184,0.031808253,0.035440072,0.036919735,0,3868,19.34,19.344592094421387,0,0.8879255056381226,0.1120745167136192,True
3872,19.36,0.053231593,0.046139307,0.04731052,0.051173955,0,3872,19.36,19.374248266220093,0,0.8888726830482483,0.1111272871494293,True
3873,19.365,0.05806741,0.053076398,0.05582346,0.056837097,0,3872,19.36,19.374248266220093,0,0.8888726830482483,0.1111272871494293,True
3874,19.37,0.05013777,0.050331328,0.058120094,0.050692067,0,3872,19.36,19.374248266220093,0,0.8888726830482483,0.1111272871494293,True
3875,19.375,0.035406332,0.039719395,0.05157848,0.03461197,0,3872,19.36,19.374248266220093,0,0.8888726830482483,0.1111272871494293,True
3876,19.38,0.020049363,0.023951804,0.03403549,0.013432976,0,3876,19.38,19.390281200408936,0,0.8824535012245178,0.1175464764237403,True
3877,19.385,0.005184893,0.004494434,0.005994809,-0.00774196,0,3876,19.38,19.390281200408936,0,0.8824535012245178,0.1175464764237403,True
3878,19.39,-0.01186764,-0.017213741,-0.026893822,-0.024697488,0,3876,19.38,19.390281200408936,0,0.8824535012245178,0.1175464764237403,True
3879,19.395,-0.031680074,-0.037132267,-0.054289367,-0.033948,0,3876,19.38,19.390281200408936,0,0.8824535012245178,0.1175464764237403,True
3880,19.4,-0.048933223,-0.04865967,-0.06587406,-0.033058565,0,3880,19.4,19.408443927764893,0,0.8791735172271729,0.1208265051245689,True
3881,19.405,-0.055143476,-0.046638265,-0.05763251,-0.02221825,0,3880,19.4,19.408443927764893,0,0.8791735172271729,0.1208265051245689,True
3882,19.41,-0.045497987,-0.03192036,-0.034774434,-0.0056153443,0,3880,19.4,19.408443927764893,0,0.8791735172271729,0.1208265051245689,True
3883,19.415,-0.023506053,-0.011895335,-0.008635948,0.009431337,0,3880,19.4,19.408443927764893,0,0.8791735172271729,0.1208265051245689,True
3884,19.42,0.00046037385,0.0039366097,0.010159006,0.015767882,0,3884,19.42,19.43218946456909,0,0.8888329267501831,0.1111670956015586,True
3885,19.425,0.015288121,0.0096869115,0.017027292,0.010002644,0,3884,19.42,19.43218946456909,0,0.8888329267501831,0.1111670956015586,True
3886,19.43,0.015218413,0.005546653,0.013728589,-0.0060772686,0,3884,19.42,19.43218946456909,0,0.8888329267501831,0.1111670956015586,True
3887,19.435,0.0021122633,-0.004256588,0.0047126873,-0.02688475,0,3884,19.42,19.43218946456909,0,0.8888329267501831,0.1111670956015586,True
3888,19.44,-0.016590562,-0.0152164,-0.006344393,-0.04562948,0,3888,19.44,19.441713571548465,0,0.8887491226196289,0.1112509220838546,True
3889,19.445,-0.03188555,-0.024257736,-0.016830754,-0.056166988,0,3888,19.44,19.441713571548465,0,0.8887491226196289,0.1112509220838546,True
3890,19.45,-0.036537345,-0.028563505,-0.023334453,-0.053777512,0,3888,19.44,19.441713571548465,0,0.8887491226196289,0.1112509220838546,True
3891,19.455,-0.026891327,-0.024360588,-0.02126888,-0.036169264,1,3888,19.44,19.441713571548465,0,0.8887491226196289,0.1112509220838546,False
3892,19.46,-0.003907235,-0.008716981,-0.007909237,-0.0054080235,1,3892,19.46,19.476322889328003,0,0.8911389112472534,0.1088611111044883,False
3893,19.465,0.026303418,0.016480915,0.013672928,0.030824453,1,3892,19.46,19.476322889328003,0,0.8911389112472534,0.1088611111044883,False
3894,19.47,0.05364341,0.042848185,0.03445693,0.061183438,1,3892,19.46,19.476322889328003,0,0.8911389112472534,0.1088611111044883,False
3895,19.475,0.06792265,0.0593229,0.04471014,0.075990364,1,3892,19.46,19.476322889328003,0,0.8911389112472534,0.1088611111044883,False
3896,19.48,0.06397574,0.059227485,0.040703434,0.072459765,1,3896,19.48,19.494306802749637,0,0.8910940885543823,0.1089059934020042,False
3897,19.485,0.04437922,0.04449655,0.026935186,0.055573322,1,3896,19.48,19.494306802749637,0,0.8910940885543823,0.1089059934020042,False
3898,19.49,0.017391168,0.023258733,0.011797586,0.033793792,1,3896,19.48,19.494306802749637,0,0.8910940885543823,0.1089059934020042,False
3899,19.495,-0.008332412,0.0031585812,0.00067152473,0.013224591,1,3896,19.48,19.494306802749637,0,0.8910940885543823,0.1089059934020042,False
3900,19.5,-0.027969452,-0.013401511,-0.0073662517,-0.005080677,1,3900,19.5,19.50955843925476,0,0.8803883790969849,0.1196116358041763,False
3901,19.505,-0.040727317,-0.028207699,-0.01664639,-0.023012677,1,3900,19.5,19.50955843925476,0,0.8803883790969849,0.1196116358041763,False
3902,19.51,-0.046965986,-0.042265516,-0.028974509,-0.041048735,1,3900,19.5,19.50955843925476,0,0.8803883790969849,0.1196116358041763,False
3903,19.515,-0.045840643,-0.052326318,-0.04036254,-0.0558371,1,3900,19.5,19.50955843925476,0,0.8803883790969849,0.1196116358041763,False
3904,19.52,-0.03593401,-0.052451856,-0.043451604,-0.061843976,1,3904,19.52,19.52658724784851,0,0.8846343755722046,0.1153656691312789,False
3905,19.525,-0.017941425,-0.039119016,-0.033445384,-0.05541278,1,3904,19.52,19.52658724784851,0,0.8846343755722046,0.1153656691312789,False
3906,19.53,0.0036447726,-0.015099161,-0.012345243,-0.03756072,1,3904,19.52,19.52658724784851,0,0.8846343755722046,0.1153656691312789,False
3907,19.535,0.021803353,0.011308636,0.011990421,-0.013368682,1,3904,19.52,19.52658724784851,0,0.8846343755722046,0.1153656691312789,False
3908,19.54,0.03032557,0.030869635,0.030769518,0.010825006,1,3908,19.54,19.54020404815674,0,0.8901839256286621,0.1098161116242408,False
3909,19.545,0.026794804,0.038110446,0.038895424,0.029699488,1,3908,19.54,19.54020404815674,0,0.8901839256286621,0.1098161116242408,False
3910,19.55,0.013633118,0.033202473,0.036244553,0.039706852,1,3908,19.54,19.54020404815674,0,0.8901839256286621,0.1098161116242408,False
3911,19.555,-0.0027483776,0.020938385,0.026127936,0.039614875,1,3908,19.54,19.54020404815674,0,0.8901839256286621,0.1098161116242408,False
3912,19.56,-0.014220901,0.008285194,0.013276943,0.031656872,1,3912,19.56,19.575859546661377,0,0.8911155462265015,0.1088844239711761,False
3913,19.565,-0.014435106,0.0014692537,0.0023689505,0.021598121,1,3912,19.56,19.575859546661377,0,0.8911155462265015,0.1088844239711761,False
3914,19.57,-0.002593393,0.0029839606,-0.003564725,0.015629284,1,3912,19.56,19.575859546661377,0,0.8911155462265015,0.1088844239711761,False
3915,19.575,0.015006711,0.009781347,-0.004836738,0.015390645,1,3912,19.56,19.575859546661377,0,0.8911155462265015,0.1088844239711761,False
3916,19.58,0.027884867,0.014594137,-0.0051852623,0.015774388,1,3916,19.58,19.5922110080719,0,0.8888035416603088,0.1111963987350463,False
3917,19.585,0.02763515,0.010534315,-0.009062872,0.008617006,1,3916,19.58,19.5922110080719,0,0.8888035416603088,0.1111963987350463,False
3918,19.59,0.013020359,-0.004077847,-0.01787884,-0.010208742,1,3916,19.58,19.5922110080719,0,0.8888035416603088,0.1111963987350463,False
3919,19.595,-0.009854808,-0.024407571,-0.028504578,-0.036337454,1,3916,19.58,19.5922110080719,0,0.8888035416603088,0.1111963987350463,False
3920,19.6,-0.031473696,-0.04191068,-0.035194047,-0.05863315,1,3920,19.6,19.611775636672974,0,0.8831350803375244,0.1168648600578308,False
3921,19.605,-0.042963583,-0.048397325,-0.032823104,-0.06519644,1,3920,19.6,19.611775636672974,0,0.8831350803375244,0.1168648600578308,False
3922,19.61,-0.038177226,-0.038806744,-0.019063989,-0.04933981,1,3920,19.6,19.611775636672974,0,0.8831350803375244,0.1168648600578308,False
3923,19.615,-0.015497115,-0.013031149,0.0045293234,-0.0130759645,1,3920,19.6,19.611775636672974,0,0.8831350803375244,0.1168648600578308,False
3924,19.62,0.019131245,0.022163216,0.031604037,0.032199863,1,3924,19.62,19.621585845947266,0,0.8901721239089966,0.1098278760910034,False
3925,19.625,0.050844267,0.052833937,0.05131428,0.068447135,1,3924,19.62,19.621585845947266,0,0.8901721239089966,0.1098278760910034,False
3926,19.63,0.061088737,0.06258512,0.052219056,0.0780822,1,3924,19.62,19.621585845947266,0,0.8901721239089966,0.1098278760910034,False
3927,19.635,0.039171062,0.04219023,0.029425487,0.053664297,1,3924,19.62,19.621585845947266,0,0.8901721239089966,0.1098278760910034,False
3928,19.64,-0.007957394,-0.002043524,-0.0098252,0.0044270223,1,3928,19.64,19.65025043487549,0,0.8890695571899414,0.1109304279088974,False
3929,19.645,-0.056949116,-0.048816655,-0.047610022,-0.046178807,1,3928,19.64,19.65025043487549,0,0.8890695571899414,0.1109304279088974,False
3930,19.65,-0.08137404,-0.072999746,-0.064451896,-0.07227216,1,3928,19.64,19.65025043487549,0,0.8890695571899414,0.1109304279088974,False
3931,19.655,-0.06797367,-0.06066343,-0.05060032,-0.06009073,1,3928,19.64,19.65025043487549,0,0.8890695571899414,0.1109304279088974,False
3932,19.66,-0.024254663,-0.017701617,-0.011920145,-0.016153172,1,3932,19.66,19.67300248146057,0,0.887332558631897,0.1126673892140388,False
3933,19.665,0.027205715,0.033874836,0.03350907,0.036327943,1,3932,19.66,19.67300248146057,0,0.887332558631897,0.1126673892140388,False
3934,19.67,0.06270783,0.06927122,0.06566338,0.0707181,1,3932,19.66,19.67300248146057,0,0.887332558631897,0.1126673892140388,False
3935,19.675,0.070015594,0.07481808,0.07294997,0.07174233,1,3932,19.66,19.67300248146057,0,0.887332558631897,0.1126673892140388,False
3936,19.68,0.05256941,0.053714428,0.056478087,0.04275921,1,3936,19.68,19.691584825515747,0,0.8887004256248474,0.111299529671669,False
3937,19.685,0.02456137,0.021082563,0.02672522,0.0015337274,1,3936,19.68,19.691584825515747,0,0.8887004256248474,0.111299529671669,False
3938,19.69,0.0012800412,-0.006940435,-0.0038174393,-0.03188881,1,3936,19.68,19.691584825515747,0,0.8887004256248474,0.111299529671669,False
3939,19.695,-0.009172426,-0.022175297,-0.02668382,-0.046649225,1,3936,19.68,19.691584825515747,0,0.8887004256248474,0.111299529671669,False
3940,19.7,-0.008452039,-0.026154771,-0.039110433,-0.044563785,1,3940,19.7,19.70260000228882,0,0.8796297311782837,0.1203702613711357,False
3941,19.705,-0.0044271764,-0.025320487,-0.042201705,-0.034817558,1,3940,19.7,19.70260000228882,0,0.8796297311782837,0.1203702613711357,False
3942,19.71,-0.004929363,-0.024893295,-0.038626596,-0.025598751,1,3940,19.7,19.70260000228882,0,0.8796297311782837,0.1203702613711357,False
3943,19.715,-0.013280913,-0.026336161,-0.03182981,-0.019567383,1,3940,19.7,19.70260000228882,0,0.8796297311782837,0.1203702613711357,False
3944,19.72,-0.027663086,-0.028858047,-0.02591275,-0.015189099,1,3944,19.72,19.73241233825684,0,0.8879790902137756,0.1120209172368049,False
3945,19.725,-0.043027468,-0.031476002,-0.024095261,-0.010302698,1,3944,19.72,19.73241233825684,0,0.8879790902137756,0.1120209172368049,False
3946,19.73,-0.053258892,-0.032808166,-0.025766741,-0.003592326,1,3944,19.72,19.73241233825684,0,0.8879790902137756,0.1120209172368049,False
3947,19.735,-0.05291848,-0.029781975,-0.02523658,0.0061774575,1,3944,19.72,19.73241233825684,0,0.8879790902137756,0.1120209172368049,False
3948,19.74,-0.03927937,-0.018580396,-0.015130578,0.019941114,1,3948,19.74,19.744898319244385,0,0.8893239498138428,0.110676072537899,False
3949,19.745,-0.014470675,0.0015103131,0.0069968323,0.03569932,1,3948,19.74,19.744898319244385,0,0.8893239498138428,0.110676072537899,False
3950,19.75,0.01420894,0.025043558,0.034522437,0.046597958,1,3948,19.74,19.744898319244385,0,0.8893239498138428,0.110676072537899,False
3951,19.755,0.037426986,0.042372547,0.05479027,0.043914225,1,3948,19.74,19.744898319244385,0,0.8893239498138428,0.110676072537899,False
3952,19.76,0.04911781,0.04627494,0.05791513,0.02440532,1,3952,19.76,19.776605129241943,0,0.8896383047103882,0.1103616654872894,False
3953,19.765,0.050070155,0.03786255,0.04441896,-0.0042412137,1,3952,19.76,19.776605129241943,0,0.8896383047103882,0.1103616654872894,False
3954,19.77,0.046748772,0.026366036,0.025270658,-0.02604296,1,3952,19.76,19.776605129241943,0,0.8896383047103882,0.1103616654872894,False
3955,19.775,0.04611249,0.022526106,0.014040016,-0.026918024,1,3952,19.76,19.776605129241943,0,0.8896383047103882,0.1103616654872894,False
3956,19.78,0.050290983,0.030572377,0.017090326,-0.004940108,1,3956,19.78,19.794557571411133,0,0.8866083025932312,0.1133917346596717,False
3957,19.785,0.05464901,0.0445672,0.028964624,0.027330112,1,3956,19.78,19.794557571411133,0,0.8866083025932312,0.1133917346596717,False
3958,19.79,0.050149724,0.051493533,0.036082488,0.050263144,1,3956,19.78,19.794557571411133,0,0.8866083025932312,0.1133917346596717,False
3959,19.795,0.02876729,0.03923926,0.026117947,0.049115997,1,3956,19.78,19.794557571411133,0,0.8866083025932312,0.1133917346596717,False
3960,19.8,-0.010434413,0.0049083377,-0.003247584,0.02268339,1,3960,19.8,19.808159828186035,0,0.8874512314796448,0.1125487312674522,False
3961,19.805,-0.05799784,-0.041745566,-0.04216362,-0.01660026,1,3960,19.8,19.808159828186035,0,0.8874512314796448,0.1125487312674522,False
3962,19.81,-0.0969896,-0.08282485,-0.074699774,-0.050874513,1,3960,19.8,19.808159828186035,0,0.8874512314796448,0.1125487312674522,False
3963,19.815,-0.11220531,-0.10271498,-0.08893775,-0.06787111,1,3960,19.8,19.808159828186035,0,0.8874512314796448,0.1125487312674522,False
3964,19.82,-0.100058384,-0.09740596,-0.08365485,-0.06726611,1,3964,19.82,19.833433628082275,0,0.8825116753578186,0.1174883022904396,False
3965,19.825,-0.07118055,-0.07568735,-0.06688116,-0.058171675,1,3964,19.82,19.833433628082275,0,0.8825116753578186,0.1174883022904396,False
3966,19.83,-0.04259807,-0.05136707,-0.04823741,-0.050260786,1,3964,19.82,19.833433628082275,0,0.8825116753578186,0.1174883022904396,False
3967,19.835,-0.024968475,-0.03281406,-0.03163193,-0.045763504,1,3964,19.82,19.833433628082275,0,0.8825116753578186,0.1174883022904396,False
3968,19.84,-0.014901727,-0.017850216,-0.013736204,-0.0383283,1,3968,19.84,19.854122400283813,0,0.8888319730758667,0.1111680269241333,False
3969,19.845,0.0013816265,0.0026924424,0.011478119,-0.018947085,1,3968,19.84,19.854122400283813,0,0.8888319730758667,0.1111680269241333,False
3970,19.85,0.0356557,0.036003213,0.046168383,0.016016703,1,3968,19.84,19.854122400283813,0,0.8888319730758667,0.1111680269241333,False
3971,19.855,0.08596045,0.07959563,0.08475833,0.0604875,1,3968,19.84,19.854122400283813,0,0.8888319730758667,0.1111680269241333,False
3972,19.86,0.1346345,0.12025189,0.11526286,0.10069273,1,3972,19.86,19.877824783325195,0,0.8896515369415283,0.1103484705090522,False
3973,19.865,0.15812874,0.1405081,0.12504782,0.12197848,1,3972,19.86,19.877824783325195,0,0.8896515369415283,0.1103484705090522,False
3974,19.87,0.1419628,0.12882245,0.10777807,0.1162545,1,3972,19.86,19.877824783325195,0,0.8896515369415283,0.1103484705090522,False
3975,19.875,0.090294935,0.087108925,0.067570426,0.0859875,1,3972,19.86,19.877824783325195,0,0.8896515369415283,0.1103484705090522,False
3976,19.88,0.02329784,0.03047549,0.01761918,0.042758424,1,3976,19.88,19.895198822021484,0,0.879508912563324,0.1204911544919014,False
3977,19.885,-0.0358399,-0.021511009,-0.026632264,0.0010599064,1,3976,19.88,19.895198822021484,0,0.879508912563324,0.1204911544919014,False
3978,19.89,-0.075017445,-0.05685066,-0.056217395,-0.029587105,1,3976,19.88,19.895198822021484,0,0.879508912563324,0.1204911544919014,False
3979,19.895,-0.098153666,-0.07770851,-0.073349245,-0.0494886,1,3976,19.88,19.895198822021484,0,0.879508912563324,0.1204911544919014,False
3980,19.9,-0.117278546,-0.09559241,-0.08764443,-0.06660396,1,3980,19.9,19.910537004470825,0,0.8548678755760193,0.1451321691274643,False
3981,19.905,-0.13818395,-0.11804547,-0.10559219,-0.087819934,1,3980,19.9,19.910537004470825,0,0.8548678755760193,0.1451321691274643,False
3982,19.91,-0.15183379,-0.13811539,-0.1216914,-0.110130444,1,3980,19.9,19.910537004470825,0,0.8548678755760193,0.1451321691274643,False
3983,19.915,-0.13957341,-0.13689598,-0.11988869,-0.119788975,1,3980,19.9,19.910537004470825,0,0.8548678755760193,0.1451321691274643,False
3984,19.92,-0.08855173,-0.098344065,-0.08567578,-0.10155564,1,3984,19.92,19.932586431503296,0,0.8876394033432007,0.1123605370521545,False
3985,19.925,-0.004744363,-0.024293121,-0.019482298,-0.051313665,1,3984,19.92,19.932586431503296,0,0.8876394033432007,0.1123605370521545,False
3986,19.93,0.08711024,0.062915064,0.05972347,0.018003777,1,3984,19.92,19.932586431503296,0,0.8876394033432007,0.1123605370521545,False
3987,19.935,0.15654755,0.13230847,0.12383578,0.08201558,1,3984,19.92,19.932586431503296,0,0.8876394033432007,0.1123605370521545,False
3988,19.94,0.18370542,0.16165243,0.15128566,0.11820981,1,3988,19.94,19.94432759284973,0,0.8674058318138123,0.1325941979885101,False
3989,19.945,0.16832288,0.14856026,0.13840991,0.118137114,1,3988,19.94,19.94432759284973,0,0.8674058318138123,0.1325941979885101,False
3990,19.95,0.12696819,0.1092142,0.09967967,0.09084217,1,3988,19.94,19.94432759284973,0,0.8674058318138123,0.1325941979885101,False
3991,19.955,0.08127971,0.0665865,0.05730398,0.05551117,1,3988,19.94,19.94432759284973,0,0.8674058318138123,0.1325941979885101,False
3992,19.96,0.044482432,0.03579186,0.027099172,0.028151898,1,3992,19.96,19.9785270690918,0,0.8716809749603271,0.1283190697431564,False
3993,19.965,0.014381099,0.015787926,0.009779043,0.011513826,1,3992,19.96,19.9785270690918,0,0.8716809749603271,0.1283190697431564,False
3994,19.97,-0.022217797,-0.0069452156,-0.006613602,-0.00420739,1,3992,19.96,19.9785270690918,0,0.8716809749603271,0.1283190697431564,False
3995,19.975,-0.07599797,-0.04509962,-0.035145625,-0.030308604,1,3992,19.96,19.9785270690918,0,0.8716809749603271,0.1283190697431564,False
3996,19.98,-0.14220244,-0.09747612,-0.07806694,-0.067206316,1,3996,19.98,19.990168809890747,0,0.8556270003318787,0.1443730443716049,False
3997,19.985,-0.19881228,-0.14655346,-0.12338973,-0.10126262,1,3996,19.98,19.990168809890747,0,0.8556270003318787,0.1443730443716049,False
3998,19.99,-0.2184688,-0.16901194,-0.15191767,-0.11360101,1,3996,19.98,19.990168809890747,0,0.8556270003318787,0.1443730443716049,False
3999,19.995,-0.18582918,-0.15110157,-0.14868918,-0.09350618,1,3996,19.98,19.990168809890747,0,0.8556270003318787,0.1443730443716049,False
4000,20.0,-0.10743622,-0.096956536,-0.110545725,-0.045589205,1,4000,20.0,20.01017689704895,0,0.8864918351173401,0.1135081723332405,False
4001,20.005,-0.007252741,-0.024273088,-0.046130087,0.0139854485,1,4000,20.0,20.01017689704895,0,0.8864918351173401,0.1135081723332405,False
4002,20.01,0.0873721,0.04745713,0.02908158,0.067506604,1,4000,20.0,20.01017689704895,0,0.8864918351173401,0.1135081723332405,False
4003,20.015,0.15774116,0.10562145,0.09796615,0.10333994,1,4000,20.0,20.01017689704895,0,0.8864918351173401,0.1135081723332405,False
4004,20.02,0.19624053,0.14436632,0.14521132,0.11688677,1,4004,20.02,20.028286695480347,0,0.8566513657569885,0.1433486640453338,False
4005,20.025,0.20166633,0.1596203,0.16041535,0.10772354,1,4004,20.02,20.028286695480347,0,0.8566513657569885,0.1433486640453338,False
4006,20.03,0.17561215,0.14743322,0.14181624,0.07819655,1,4004,20.02,20.028286695480347,0,0.8566513657569885,0.1433486640453338,False
4007,20.035,0.1239825,0.10845962,0.098446764,0.03482468,1,4004,20.02,20.028286695480347,0,0.8566513657569885,0.1433486640453338,False
4008,20.04,0.059519574,0.052893747,0.04723068,-0.011078983,1,4008,20.04,20.0426025390625,0,0.8547449707984924,0.1452550590038299,False
4009,20.045,-0.0010859447,-0.0017068877,0.0048226565,-0.047165357,1,4008,20.04,20.0426025390625,0,0.8547449707984924,0.1452550590038299,False
4010,20.05,-0.045662884,-0.04016113,-0.020984244,-0.066777594,1,4008,20.04,20.0426025390625,0,0.8547449707984924,0.1452550590038299,False
4011,20.055,-0.07329192,-0.05894594,-0.034018263,-0.07280491,1,4008,20.04,20.0426025390625,0,0.8547449707984924,0.1452550590038299,False
4012,20.06,-0.09222718,-0.06642554,-0.044580877,-0.07421814,1,4012,20.06,20.070281744003296,0,0.8411042094230652,0.1588958352804184,False
4013,20.065,-0.11036053,-0.07382052,-0.060696393,-0.077485345,1,4012,20.06,20.070281744003296,0,0.8411042094230652,0.1588958352804184,False
4014,20.07,-0.12741704,-0.08560743,-0.082827404,-0.080570996,1,4012,20.06,20.070281744003296,0,0.8411042094230652,0.1588958352804184,False
4015,20.075,-0.13645808,-0.09803269,-0.10547685,-0.07538724,1,4012,20.06,20.070281744003296,0,0.8411042094230652,0.1588958352804184,False
4016,20.08,-0.13224155,-0.10531049,-0.12233512,-0.05625861,1,4016,20.08,20.09011030197144,0,0.8860626816749573,0.1139372736215591,False
4017,20.085,-0.11633248,-0.10484876,-0.1286387,-0.0255445,1,4016,20.08,20.09011030197144,0,0.8860626816749573,0.1139372736215591,False
4018,20.09,-0.09263927,-0.095045306,-0.11872562,0.0094851265,1,4016,20.08,20.09011030197144,0,0.8860626816749573,0.1139372736215591,False
4019,20.095,-0.0587404,-0.06956333,-0.08390709,0.044581503,1,4016,20.08,20.09011030197144,0,0.8860626816749573,0.1139372736215591,False
4020,20.1,-0.004773826,-0.018150978,-0.017108398,0.081470825,1,4020,20.1,20.110350131988525,0,0.8816789388656616,0.1183210685849189,False
4021,20.105,0.07542492,0.062356256,0.076684855,0.12141491,1,4020,20.1,20.110350131988525,0,0.8816789388656616,0.1183210685849189,False
4022,20.11,0.17019045,0.1560979,0.173966,0.15618037,1,4020,20.1,20.110350131988525,0,0.8816789388656616,0.1183210685849189,False
4023,20.115,0.2480667,0.22932412,0.23978777,0.16774209,1,4020,20.1,20.110350131988525,0,0.8816789388656616,0.1183210685849189,False
4024,20.12,0.27380723,0.24839377,0.24686614,0.14013587,1,4024,20.12,20.12771487236023,0,0.8849940299987793,0.1150059774518013,False
4025,20.125,0.23167303,0.20226128,0.19321768,0.0741471,1,4024,20.12,20.12771487236023,0,0.8849940299987793,0.1150059774518013,False
4026,20.13,0.137466,0.11105067,0.103999086,-0.008924031,1,4024,20.12,20.12771487236023,0,0.8849940299987793,0.1150059774518013,False
4027,20.135,0.029198956,0.0131073985,0.015345222,-0.07927484,1,4024,20.12,20.12771487236023,0,0.8849940299987793,0.1150059774518013,False
4028,20.14,-0.05636351,-0.059182793,-0.047500387,-0.11719664,1,4028,20.14,20.14251160621643,1,0.4848244190216064,0.5151755809783936,True
4029,20.145,-0.1033785,-0.09605284,-0.08155684,-0.12327142,1,4028,20.14,20.14251160621643,1,0.4848244190216064,0.5151755809783936,True
4030,20.15,-0.11974964,-0.1088074,-0.1004546,-0.11301359,1,4028,20.14,20.14251160621643,1,0.4848244190216064,0.5151755809783936,True
4031,20.155,-0.12473044,-0.1152546,-0.119143814,-0.102378555,1,4028,20.14,20.14251160621643,1,0.4848244190216064,0.5151755809783936,True
4032,20.16,-0.13357936,-0.12596153,-0.14216861,-0.09695212,1,4032,20.16,20.171674013137817,0,0.871722936630249,0.1282770782709121,False
4033,20.165,-0.14993648,-0.14040744,-0.16281344,-0.09192517,1,4032,20.16,20.171674013137817,0,0.871722936630249,0.1282770782709121,False
4034,20.17,-0.1671805,-0.15125118,-0.17010327,-0.07940336,1,4032,20.16,20.171674013137817,0,0.871722936630249,0.1282770782709121,False
4035,20.175,-0.1734288,-0.1495212,-0.15577547,-0.054887287,1,4032,20.16,20.171674013137817,0,0.871722936630249,0.1282770782709121,False
4036,20.18,-0.15608683,-0.12706612,-0.11678777,-0.01875476,1,4036,20.18,20.190266132354736,0,0.8670363426208496,0.1329636871814727,False
4037,20.185,-0.10636026,-0.07847089,-0.055061877,0.025136458,1,4036,20.18,20.190266132354736,0,0.8670363426208496,0.1329636871814727,False
4038,20.19,-0.02482401,-0.0050789765,0.022118937,0.07022871,1,4036,20.18,20.190266132354736,0,0.8670363426208496,0.1329636871814727,False
4039,20.195,0.07470938,0.081201605,0.101324916,0.10754351,1,4036,20.18,20.190266132354736,0,0.8670363426208496,0.1329636871814727,False
4040,20.2,0.16810611,0.15984581,0.16548839,0.12825729,1,4040,20.2,20.210273265838623,0,0.8483255505561829,0.1516743749380111,False
4041,20.205,0.23162957,0.21103771,0.20114169,0.12893131,1,4040,20.2,20.210273265838623,0,0.8483255505561829,0.1516743749380111,False
4042,20.21,0.25390258,0.22619343,0.20569868,0.1149574,1,4040,20.2,20.210273265838623,0,0.8483255505561829,0.1516743749380111,False
4043,20.215,0.23964998,0.21064965,0.18768239,0.09721743,1,4040,20.2,20.210273265838623,0,0.8483255505561829,0.1516743749380111,False
4044,20.22,0.2020268,0.17603329,0.15846251,0.08296352,1,4044,20.22,20.22759747505188,0,0.8294751048088074,0.1705248951911926,False
4045,20.225,0.15067674,0.12975456,0.122639626,0.06875929,1,4044,20.22,20.22759747505188,0,0.8294751048088074,0.1705248951911926,False
4046,20.23,0.08661601,0.07168011,0.0760739,0.042878095,1,4044,20.22,20.22759747505188,0,0.8294751048088074,0.1705248951911926,False
4047,20.235,0.007939602,0.00016953355,0.013045106,-0.003982012,1,4044,20.22,20.22759747505188,0,0.8294751048088074,0.1705248951911926,False
4048,20.24,-0.08067837,-0.08004914,-0.064813316,-0.068921044,1,4048,20.24,20.24261689186096,1,0.1512223035097122,0.8487776517868042,True
4049,20.245,-0.16497092,-0.15654258,-0.14588368,-0.13626984,1,4048,20.24,20.24261689186096,1,0.1512223035097122,0.8487776517868042,True
4050,20.25,-0.22727627,-0.21468632,-0.21314897,-0.18569003,1,4048,20.24,20.24261689186096,1,0.1512223035097122,0.8487776517868042,True
4051,20.255,-0.25539115,-0.24357885,-0.25079706,-0.20150782,1,4048,20.24,20.24261689186096,1,0.1512223035097122,0.8487776517868042,True
4052,20.26,-0.24657361,-0.23786217,-0.24868378,-0.17750639,1,4052,20.26,20.26048874855041,0,0.867209792137146,0.1327902376651764,False
4053,20.265,-0.20579599,-0.19736351,-0.20498087,-0.117668584,1,4052,20.26,20.26048874855041,0,0.867209792137146,0.1327902376651764,False
4054,20.27,-0.14236112,-0.12807967,-0.12815206,-0.03573005,1,4052,20.26,20.26048874855041,0,0.867209792137146,0.1327902376651764,False
4055,20.275,-0.067487605,-0.043366842,-0.03625075,0.04689673,1,4052,20.26,20.26048874855041,0,0.867209792137146,0.1327902376651764,False
4056,20.28,0.008021394,0.038978975,0.049203206,0.10761941,1,4056,20.28,20.294522762298584,1,0.0433995760977268,0.9566004276275636,True
4057,20.285,0.076520965,0.10419426,0.11270502,0.13267098,1,4056,20.28,20.294522762298584,1,0.0433995760977268,0.9566004276275636,True
4058,20.29,0.1344064,0.14678945,0.15066396,0.12400519,1,4056,20.28,20.294522762298584,1,0.0433995760977268,0.9566004276275636,True
4059,20.295,0.17943838,0.16980484,0.16885155,0.09685739,1,4056,20.28,20.294522762298584,1,0.0433995760977268,0.9566004276275636,True
4060,20.3,0.20721674,0.1783073,0.17429018,0.06930955,1,4060,20.3,20.310292959213257,1,0.0773646309971809,0.9226353764533995,True
4061,20.305,0.21158835,0.17398773,0.16931824,0.05199114,1,4060,20.3,20.310292959213257,1,0.0773646309971809,0.9226353764533995,True
4062,20.31,0.18960768,0.15550502,0.15222406,0.04485665,1,4060,20.3,20.310292959213257,1,0.0773646309971809,0.9226353764533995,True
4063,20.315,0.14580002,0.1224369,0.12167649,0.04090484,1,4060,20.3,20.310292959213257,1,0.0773646309971809,0.9226353764533995,True
4064,20.32,0.09042256,0.077560514,0.07935375,0.031817354,1,4064,20.32,20.32031774520874,1,0.0296962037682533,0.9703037738800048,True
4065,20.325,0.03278111,0.025464484,0.02876372,0.011770788,1,4064,20.32,20.32031774520874,1,0.0296962037682533,0.9703037738800048,True
4066,20.33,-0.02390615,-0.029902978,-0.027110064,-0.020630844,1,4064,20.32,20.32031774520874,1,0.0296962037682533,0.9703037738800048,True
4067,20.335,-0.081314564,-0.08573234,-0.08621732,-0.061380055,1,4064,20.32,20.32031774520874,1,0.0296962037682533,0.9703037738800048,True
4068,20.34,-0.14024991,-0.13894685,-0.14564055,-0.10167567,1,4068,20.34,20.34524440765381,1,0.0321935601532459,0.9678063988685608,True
4069,20.345,-0.19594975,-0.18482012,-0.19935013,-0.13093817,1,4068,20.34,20.34524440765381,1,0.0321935601532459,0.9678063988685608,True
4070,20.35,-0.2377858,-0.21643113,-0.23699564,-0.14076641,1,4068,20.34,20.34524440765381,1,0.0321935601532459,0.9678063988685608,True
4071,20.355,-0.25222915,-0.22453144,-0.24464504,-0.12698926,1,4068,20.34,20.34524440765381,1,0.0321935601532459,0.9678063988685608,True
4072,20.36,-0.2268073,-0.19854578,-0.20868942,-0.089121655,1,4072,20.36,20.370287656784058,1,0.0600234270095825,0.9399766325950624,True
4073,20.365,-0.15491407,-0.13089228,-0.12337398,-0.029783197,1,4072,20.36,20.370287656784058,1,0.0600234270095825,0.9399766325950624,True
4074,20.37,-0.041879546,-0.024724536,0.0010023222,0.043602183,1,4072,20.36,20.370287656784058,1,0.0600234270095825,0.9399766325950624,True
4075,20.375,0.090634435,0.09993755,0.13565722,0.11657201,1,4072,20.36,20.370287656784058,1,0.0600234270095825,0.9399766325950624,True
4076,20.38,0.20782593,0.20907363,0.24177346,0.16950202,1,4076,20.38,20.39056706428528,1,0.0378869846463203,0.962113082408905,True
4077,20.385,0.275184,0.2687478,0.28767508,0.18556698,1,4076,20.38,20.39056706428528,1,0.0378869846463203,0.962113082408905,True
4078,20.39,0.27592346,0.26288086,0.26472872,0.16035075,1,4076,20.38,20.39056706428528,1,0.0378869846463203,0.962113082408905,True
4079,20.395,0.22001731,0.2019144,0.19091561,0.10520805,1,4076,20.38,20.39056706428528,1,0.0378869846463203,0.962113082408905,True
4080,20.4,0.13679942,0.11515508,0.09902415,0.04046294,1,4080,20.4,20.410557508468628,1,0.0656022951006889,0.9343977570533752,True
4081,20.405,0.056008708,0.032345317,0.017679458,-0.016900167,1,4080,20.4,20.410557508468628,1,0.0656022951006889,0.9343977570533752,True
4082,20.41,-0.007995965,-0.03137565,-0.041406438,-0.061261132,1,4080,20.4,20.410557508468628,1,0.0656022951006889,0.9343977570533752,True
4083,20.415,-0.057265714,-0.07671541,-0.08219204,-0.09601551,1,4080,20.4,20.410557508468628,1,0.0656022951006889,0.9343977570533752,True
4084,20.42,-0.09858454,-0.10992509,-0.11295393,-0.12424917,1,4084,20.42,20.427345275878903,1,0.0262180715799331,0.9737818837165833,True
4085,20.425,-0.1320141,-0.13258268,-0.13609818,-0.14202398,1,4084,20.42,20.427345275878903,1,0.0262180715799331,0.9737818837165833,True
4086,20.43,-0.15030006,-0.14065342,-0.14725915,-0.14068195,1,4084,20.42,20.427345275878903,1,0.0262180715799331,0.9737818837165833,True
4087,20.435,-0.14756194,-0.13133171,-0.14194612,-0.11533007,1,4084,20.42,20.427345275878903,1,0.0262180715799331,0.9737818837165833,True
4088,20.44,-0.12657583,-0.10859646,-0.12136499,-0.07074099,1,4088,20.44,20.44133186340332,1,0.0874108001589775,0.9125892519950868,True
4089,20.445,-0.096751444,-0.08100576,-0.09152523,-0.018988023,1,4088,20.44,20.44133186340332,1,0.0874108001589775,0.9125892519950868,True
4090,20.45,-0.06550848,-0.05419623,-0.05761326,0.028467545,1,4088,20.44,20.44133186340332,1,0.0874108001589775,0.9125892519950868,True
4091,20.455,-0.032569647,-0.026197512,-0.020249555,0.066558756,1,4088,20.44,20.44133186340332,1,0.0874108001589775,0.9125892519950868,True
4092,20.46,0.006912713,0.009335365,0.02255057,0.095624134,1,4092,20.46,20.46114158630371,1,0.0420248508453369,0.9579751491546632,True
4093,20.465,0.05397196,0.05491995,0.070216455,0.11617581,1,4092,20.46,20.46114158630371,1,0.0420248508453369,0.9579751491546632,True
4094,20.47,0.1010726,0.10392046,0.11672399,0.1256639,1,4092,20.46,20.46114158630371,1,0.0420248508453369,0.9579751491546632,True
4095,20.475,0.13587628,0.14309515,0.15256707,0.12040599,1,4092,20.46,20.46114158630371,1,0.0420248508453369,0.9579751491546632,True
4096,20.48,0.14966245,0.16055228,0.16929643,0.09986975,1,4096,20.48,20.494032382965088,1,0.0685218870639801,0.9314781427383424,True
4097,20.485,0.14214021,0.15199655,0.16254827,0.068109296,1,4096,20.48,20.494032382965088,1,0.0685218870639801,0.9314781427383424,True
4098,20.49,0.11860444,0.12060964,0.13203582,0.03064941,1,4096,20.48,20.494032382965088,1,0.0685218870639801,0.9314781427383424,True
4099,20.495,0.08347664,0.07254733,0.08046029,-0.00953094,1,4096,20.48,20.494032382965088,1,0.0685218870639801,0.9314781427383424,True
4100,20.5,0.03768,0.013834546,0.013796227,-0.051996928,1,4100,20.5,20.5103452205658,1,0.0362399704754352,0.9637600779533386,True
4101,20.505,-0.017401816,-0.048394013,-0.057392817,-0.094362125,1,4100,20.5,20.5103452205658,1,0.0362399704754352,0.9637600779533386,True
4102,20.51,-0.074338704,-0.10341273,-0.118603274,-0.12839362,1,4100,20.5,20.5103452205658,1,0.0362399704754352,0.9637600779533386,True
4103,20.515,-0.11984963,-0.13857126,-0.15607038,-0.14225872,1,4100,20.5,20.5103452205658,1,0.0362399704754352,0.9637600779533386,True
4104,20.52,-0.1424748,-0.14604738,-0.16342558,-0.12853216,1,4104,20.52,20.520262479782104,1,0.0494596473872661,0.9505403637886048,True
4105,20.525,-0.14114271,-0.12905651,-0.14516975,-0.09102878,1,4104,20.52,20.520262479782104,1,0.0494596473872661,0.9505403637886048,True
4106,20.53,-0.1258996,-0.100689046,-0.11346869,-0.04354064,1,4104,20.52,20.520262479782104,1,0.0494596473872661,0.9505403637886048,True
4107,20.535,-0.10891104,-0.07481086,-0.08024153,-0.00089092425,1,4104,20.52,20.520262479782104,1,0.0494596473872661,0.9505403637886048,True
4108,20.54,-0.09332773,-0.056157183,-0.0505507,0.02988531,1,4108,20.54,20.54419255256653,1,0.0517128184437751,0.9482871890068054,True
4109,20.545,-0.07027377,-0.037981782,-0.02191314,0.050763696,1,4108,20.54,20.54419255256653,1,0.0517128184437751,0.9482871890068054,True
4110,20.55,-0.027185561,-0.009079816,0.01106488,0.06662044,1,4108,20.54,20.54419255256653,1,0.0517128184437751,0.9482871890068054,True
4111,20.555,0.039351795,0.035871036,0.05110465,0.078886054,1,4108,20.54,20.54419255256653,1,0.0517128184437751,0.9482871890068054,True
4112,20.56,0.11699001,0.09077273,0.09543099,0.08502175,1,4112,20.56,20.57553434371948,1,0.0515239499509334,0.9484760761260986,True
4113,20.565,0.1826329,0.14083453,0.13628156,0.08290062,1,4112,20.56,20.57553434371948,1,0.0515239499509334,0.9484760761260986,True
4114,20.57,0.2151728,0.17058983,0.1634002,0.07424217,1,4112,20.56,20.57553434371948,1,0.0515239499509334,0.9484760761260986,True
4115,20.575,0.20644921,0.17121187,0.16737463,0.06311332,1,4112,20.56,20.57553434371948,1,0.0515239499509334,0.9484760761260986,True
4116,20.58,0.16299693,0.1428856,0.14315523,0.051200256,1,4116,20.58,20.59417843818665,1,0.1553982198238372,0.8446017503738403,True
4117,20.585,0.09876197,0.092249304,0.09263106,0.034888636,1,4116,20.58,20.59417843818665,1,0.1553982198238372,0.8446017503738403,True
4118,20.59,0.025975423,0.028323524,0.024857864,0.007539949,1,4116,20.58,20.59417843818665,1,0.1553982198238372,0.8446017503738403,True
4119,20.595,-0.04796077,-0.039434973,-0.04631396,-0.034048416,1,4116,20.58,20.59417843818665,1,0.1553982198238372,0.8446017503738403,True
4120,20.6,-0.11619061,-0.10034549,-0.105893925,-0.083616935,1,4120,20.6,20.61019730567932,1,0.0301781557500362,0.9698218703269958,True
4121,20.605,-0.16724941,-0.14202078,-0.1413207,-0.12507975,1,4120,20.6,20.61019730567932,1,0.0301781557500362,0.9698218703269958,True
4122,20.61,-0.18700084,-0.15368184,-0.14574942,-0.13992289,1,4120,20.6,20.61019730567932,1,0.0301781557500362,0.9698218703269958,True
4123,20.615,-0.1682821,-0.1327344,-0.12096579,-0.11872955,1,4120,20.6,20.61019730567932,1,0.0301781557500362,0.9698218703269958,True
4124,20.62,-0.119644456,-0.089217745,-0.078295425,-0.06877145,1,4124,20.62,20.627158164978027,1,0.1090994998812675,0.8909005522727966,True
4125,20.625,-0.063437335,-0.04267896,-0.035230823,-0.011100022,1,4124,20.62,20.627158164978027,1,0.1090994998812675,0.8909005522727966,True
4126,20.63,-0.022670422,-0.011930485,-0.007879549,0.031785812,1,4124,20.62,20.627158164978027,1,0.1090994998812675,0.8909005522727966,True
4127,20.635,-0.0067390185,-0.004558,-0.003015197,0.048933167,1,4124,20.62,20.627158164978027,1,0.1090994998812675,0.8909005522727966,True
4128,20.64,-0.007337468,-0.013549255,-0.014682909,0.045255426,1,4128,20.64,20.640140056610107,1,0.0498437248170375,0.9501563310623168,True
4129,20.645,-0.006658838,-0.022713775,-0.02761858,0.03510806,1,4128,20.64,20.640140056610107,1,0.0498437248170375,0.9501563310623168,True
4130,20.65,0.010040551,-0.016369248,-0.025500096,0.031424046,1,4128,20.64,20.640140056610107,1,0.0498437248170375,0.9501563310623168,True
4131,20.655,0.04682868,0.012798846,0.0005755451,0.03882021,1,4128,20.64,20.640140056610107,1,0.0498437248170375,0.9501563310623168,True
4132,20.66,0.09713843,0.060957305,0.047678433,0.05401572,1,4132,20.66,20.67061758041382,1,0.0897945612668991,0.9102054238319396,True
4133,20.665,0.14784639,0.11514571,0.10242259,0.07035335,1,4132,20.66,20.67061758041382,1,0.0897945612668991,0.9102054238319396,True
4134,20.67,0.18346979,0.15817282,0.14675424,0.081241384,1,4132,20.66,20.67061758041382,1,0.0897945612668991,0.9102054238319396,True
4135,20.675,0.18996459,0.17442784,0.16491424,0.08062887,1,4132,20.66,20.67061758041382,1,0.0897945612668991,0.9102054238319396,True
4136,20.68,0.15915403,0.15497154,0.14864378,0.06280281,1,4136,20.68,20.690245866775516,1,0.1918395608663559,0.8081604838371277,True
4137,20.685,0.0929808,0.100623116,0.09945379,0.024471054,1,4136,20.68,20.690245866775516,1,0.1918395608663559,0.8081604838371277,True
4138,20.69,0.004802259,0.022339862,0.028221654,-0.03099158,1,4136,20.68,20.690245866775516,1,0.1918395608663559,0.8081604838371277,True
4139,20.695,-0.08423012,-0.061265033,-0.047491014,-0.09075592,1,4136,20.68,20.690245866775516,1,0.1918395608663559,0.8081604838371277,True
4140,20.7,-0.15274397,-0.12917,-0.10843055,-0.13526109,1,4140,20.7,20.715291500091556,1,0.0347214937210083,0.9652785062789916,True
4141,20.705,-0.18722762,-0.16520165,-0.14040187,-0.14700033,1,4140,20.7,20.715291500091556,1,0.0347214937210083,0.9652785062789916,True
4142,20.71,-0.1865866,-0.16472588,-0.14027835,-0.12076553,1,4140,20.7,20.715291500091556,1,0.0347214937210083,0.9652785062789916,True
4143,20.715,-0.16058657,-0.13655992,-0.11731562,-0.06804394,1,4140,20.7,20.715291500091556,1,0.0347214937210083,0.9652785062789916,True
4144,20.72,-0.12283321,-0.09741873,-0.08745208,-0.011172955,1,4144,20.72,20.72509717941284,1,0.0930099040269851,0.906990110874176,True
4145,20.725,-0.08274176,-0.061573636,-0.06322255,0.029660396,1,4144,20.72,20.72509717941284,1,0.0930099040269851,0.906990110874176,True
4146,20.73,-0.04232835,-0.03324951,-0.046364214,0.047294024,1,4144,20.72,20.72509717941284,1,0.0930099040269851,0.906990110874176,True
4147,20.735,-8.599141e-05,-0.007813649,-0.02914031,0.048322305,1,4144,20.72,20.72509717941284,1,0.0930099040269851,0.906990110874176,True
4148,20.74,0.042325262,0.020021101,-0.0033169142,0.044245444,1,4148,20.74,20.74046206474304,1,0.0549289509654045,0.9450711011886596,True
4149,20.745,0.077912115,0.04936851,0.031228378,0.04170957,1,4148,20.74,20.74046206474304,1,0.0549289509654045,0.9450711011886596,True
4150,20.75,0.09942462,0.07411676,0.06586115,0.040120568,1,4148,20.74,20.74046206474304,1,0.0549289509654045,0.9450711011886596,True
4151,20.755,0.10627762,0.089406304,0.090311944,0.036689226,1,4148,20.74,20.74046206474304,1,0.0549289509654045,0.9450711011886596,True
4152,20.76,0.105461635,0.0958643,0.10024658,0.03190622,1,4152,20.76,20.77750825881958,1,0.0899205654859542,0.9100794196128844,True
4153,20.765,0.10505818,0.09742517,0.098674566,0.029648509,1,4152,20.76,20.77750825881958,1,0.0899205654859542,0.9100794196128844,True
4154,20.77,0.10699691,0.09624137,0.09137382,0.032889124,1,4152,20.76,20.77750825881958,1,0.0899205654859542,0.9100794196128844,True
4155,20.775,0.105937146,0.090545945,0.08153963,0.040072773,1,4152,20.76,20.77750825881958,1,0.0899205654859542,0.9100794196128844,True
4156,20.78,0.094004,0.07663579,0.06784802,0.045184594,1,4156,20.78,20.793891429901123,1,0.1129344850778579,0.8870655298233032,True
4157,20.785,0.06576227,0.05156831,0.046174172,0.0406039,1,4156,20.78,20.793891429901123,1,0.1129344850778579,0.8870655298233032,True
4158,20.79,0.020012353,0.014275829,0.013104957,0.020748498,1,4156,20.78,20.793891429901123,1,0.1129344850778579,0.8870655298233032,True
4159,20.795,-0.039876297,-0.03355367,-0.030453758,-0.014473238,1,4156,20.78,20.793891429901123,1,0.1129344850778579,0.8870655298233032,True
4160,20.8,-0.10489774,-0.08553921,-0.07725133,-0.057549246,1,4160,20.8,20.81039786338806,1,0.0642254203557968,0.935774564743042,True
4161,20.805,-0.16047935,-0.12996598,-0.115269035,-0.09485862,1,4160,20.8,20.81039786338806,1,0.0642254203557968,0.935774564743042,True
4162,20.81,-0.1911738,-0.15389994,-0.13344736,-0.112861425,1,4160,20.8,20.81039786338806,1,0.0642254203557968,0.935774564743042,True
4163,20.815,-0.18896832,-0.15097359,-0.12848684,-0.10597033,1,4160,20.8,20.81039786338806,1,0.0642254203557968,0.935774564743042,True
4164,20.82,-0.1586077,-0.126324,-0.10722246,-0.08014724,1,4164,20.82,20.827800512313843,1,0.1760610342025756,0.8239389657974243,True
4165,20.825,-0.11403182,-0.092897065,-0.08142355,-0.048574258,1,4164,20.82,20.827800512313843,1,0.1760610342025756,0.8239389657974243,True
4166,20.83,-0.06766987,-0.06093805,-0.058222733,-0.02219836,1,4164,20.82,20.827800512313843,1,0.1760610342025756,0.8239389657974243,True
4167,20.835,-0.021639349,-0.029794347,-0.03426232,-0.0027572326,1,4164,20.82,20.827800512313843,1,0.1760610342025756,0.8239389657974243,True
4168,20.84,0.0308433,0.009774646,0.00037792738,0.01586052,1,4168,20.84,20.842385053634644,1,0.0527409575879573,0.9472590684890748,True
4169,20.845,0.09457606,0.06404164,0.050921492,0.03945199,1,4168,20.84,20.842385053634644,1,0.0527409575879573,0.9472590684890748,True
4170,20.85,0.16203171,0.12608829,0.1093212,0.06644771,1,4168,20.84,20.842385053634644,1,0.0527409575879573,0.9472590684890748,True
4171,20.855,0.21389815,0.17702489,0.15692535,0.08878043,1,4168,20.84,20.842385053634644,1,0.0527409575879573,0.9472590684890748,True
4172,20.86,0.23103617,0.19817781,0.17670445,0.099448636,1,4172,20.86,20.876209497451782,1,0.0630208775401115,0.936979115009308,True
4173,20.865,0.20761546,0.18345115,0.16425675,0.09866877,1,4172,20.86,20.876209497451782,1,0.0630208775401115,0.936979115009308,True
4174,20.87,0.15411074,0.14145826,0.12834662,0.09220594,1,4172,20.86,20.876209497451782,1,0.0630208775401115,0.936979115009308,True
4175,20.875,0.088369444,0.08713722,0.082112916,0.08392404,1,4172,20.86,20.876209497451782,1,0.0630208775401115,0.936979115009308,True
4176,20.88,0.023272634,0.03143967,0.03404974,0.07048524,1,4176,20.88,20.89423370361328,1,0.0507063753902912,0.9492936730384828,True
4177,20.885,-0.039027102,-0.022864122,-0.014237579,0.043411665,1,4176,20.88,20.89423370361328,1,0.0507063753902912,0.9492936730384828,True
4178,20.89,-0.10327284,-0.07825597,-0.06441041,-0.0036881084,1,4176,20.88,20.89423370361328,1,0.0507063753902912,0.9492936730384828,True
4179,20.895,-0.17205024,-0.13645081,-0.11692026,-0.06872964,1,4176,20.88,20.89423370361328,1,0.0507063753902912,0.9492936730384828,True
4180,20.9,-0.23811644,-0.19312201,-0.16819574,-0.13927664,1,4180,20.9,20.90901517868042,1,0.0340574979782104,0.9659425020217896,True
4181,20.905,-0.2828693,-0.23551661,-0.20891303,-0.19519216,1,4180,20.9,20.90901517868042,1,0.0340574979782104,0.9659425020217896,True
4182,20.91,-0.28281072,-0.2450098,-0.2240453,-0.2149955,1,4180,20.9,20.90901517868042,1,0.0340574979782104,0.9659425020217896,True
4183,20.915,-0.22220162,-0.2057952,-0.19778383,-0.18515663,1,4180,20.9,20.90901517868042,1,0.0340574979782104,0.9659425020217896,True
4184,20.92,-0.10553508,-0.11646835,-0.12378394,-0.10901748,1,4184,20.92,20.92442393302917,1,0.0642260834574699,0.9357739686965942,True
4185,20.925,0.038858946,0.0035949838,-0.014426743,-0.008932618,1,4184,20.92,20.92442393302917,1,0.0642260834574699,0.9357739686965942,True
4186,20.93,0.16878316,0.11988338,0.0999244,0.08264263,1,4184,20.92,20.92442393302917,1,0.0642260834574699,0.9357739686965942,True
4187,20.935,0.24739866,0.19875488,0.18423904,0.13927858,1,4184,20.92,20.92442393302917,1,0.0642260834574699,0.9357739686965942,True
4188,20.94,0.26034856,0.22367273,0.21673398,0.1532745,1,4188,20.94,20.94262194633484,1,0.0406422428786754,0.959357738494873,True
4189,20.945,0.22039892,0.20105825,0.19892043,0.13622978,1,4188,20.94,20.94262194633484,1,0.0406422428786754,0.959357738494873,True
4190,20.95,0.15740475,0.1529513,0.15124424,0.10816368,1,4188,20.94,20.94262194633484,1,0.0406422428786754,0.959357738494873,True
4191,20.955,0.100526154,0.10275838,0.09867254,0.08408412,1,4188,20.94,20.94262194633484,1,0.0406422428786754,0.959357738494873,True
4192,20.96,0.06364854,0.0637499,0.05706981,0.06718801,1,4192,20.96,20.97490096092224,1,0.0468074977397918,0.9531925320625304,True
4193,20.965,0.041973166,0.036272313,0.028647078,0.051355734,1,4192,20.96,20.97490096092224,1,0.0468074977397918,0.9531925320625304,True
4194,20.97,0.020122292,0.01281514,0.006591031,0.028710227,1,4192,20.96,20.97490096092224,1,0.0468074977397918,0.9531925320625304,True
4195,20.975,-0.015141079,-0.014551729,-0.017265776,-0.004093895,1,4192,20.96,20.97490096092224,1,0.0468074977397918,0.9531925320625304,True
4196,20.98,-0.066448554,-0.049514603,-0.047591366,-0.04428309,1,4196,20.98,20.994280576705933,1,0.0312915295362472,0.9687085151672364,True
4197,20.985,-0.1259177,-0.09090433,-0.0846148,-0.08514302,1,4196,20.98,20.994280576705933,1,0.0312915295362472,0.9687085151672364,True
4198,20.99,-0.1809909,-0.13399217,-0.12462528,-0.11888961,1,4196,20.98,20.994280576705933,1,0.0312915295362472,0.9687085151672364,True
4199,20.995,-0.21977377,-0.17132741,-0.16008678,-0.13826977,1,4196,20.98,20.994280576705933,1,0.0312915295362472,0.9687085151672364,True
4200,21.0,-0.23245232,-0.1929982,-0.1802414,-0.13734281,1,4200,21.0,21.00921630859375,1,0.0996810346841812,0.90031898021698,True
4201,21.005,-0.21080668,-0.18801717,-0.17389794,-0.112888806,1,4200,21.0,21.00921630859375,1,0.0996810346841812,0.90031898021698,True
4202,21.01,-0.1498968,-0.14803287,-0.13416235,-0.06660062,1,4200,21.0,21.00921630859375,1,0.0996810346841812,0.90031898021698,True
4203,21.015,-0.052786987,-0.07240749,-0.06270126,-0.006348603,1,4200,21.0,21.00921630859375,1,0.0996810346841812,0.90031898021698,True
4204,21.02,0.065415524,0.028108407,0.028920984,0.05530722,1,4204,21.02,21.024486541748047,1,0.0417508482933044,0.9582491517066956,True
4205,21.025,0.17895046,0.13197364,0.12163127,0.105184935,1,4204,21.02,21.024486541748047,1,0.0417508482933044,0.9582491517066956,True
4206,21.03,0.25947577,0.21289231,0.19421023,0.13386834,1,4204,21.02,21.024486541748047,1,0.0417508482933044,0.9582491517066956,True
4207,21.035,0.28722864,0.24958387,0.23003724,0.13804276,1,4204,21.02,21.024486541748047,1,0.0417508482933044,0.9582491517066956,True
4208,21.04,0.2591585,0.23477346,0.22284168,0.12010978,1,4208,21.04,21.04435968399048,1,0.0623536705970764,0.9376463294029236,True
4209,21.045,0.18929364,0.17812389,0.1785685,0.086082585,1,4208,21.04,21.04435968399048,1,0.0623536705970764,0.9376463294029236,True
4210,21.05,0.10109021,0.10073485,0.11177528,0.043206353,1,4208,21.04,21.04435968399048,1,0.0623536705970764,0.9376463294029236,True
4211,21.055,0.016413445,0.024310473,0.038407054,-0.0017094222,1,4208,21.04,21.04435968399048,1,0.0623536705970764,0.9376463294029236,True
4212,21.06,-0.052350834,-0.038086995,-0.030378457,-0.042931315,1,4212,21.06,21.06699013710022,1,0.0320001915097236,0.9679998159408568,True
4213,21.065,-0.10336962,-0.08430849,-0.08960749,-0.07578685,1,4212,21.06,21.06699013710022,1,0.0320001915097236,0.9679998159408568,True
4214,21.07,-0.14097385,-0.11866892,-0.13752365,-0.096768565,1,4212,21.06,21.06699013710022,1,0.0320001915097236,0.9679998159408568,True
4215,21.075,-0.16990112,-0.14546537,-0.17188564,-0.10408689,1,4212,21.06,21.06699013710022,1,0.0320001915097236,0.9679998159408568,True
4216,21.08,-0.19106337,-0.16480832,-0.18857381,-0.09800299,1,4216,21.08,21.09538745880127,1,0.0531250461935997,0.946874976158142,True
4217,21.085,-0.19951944,-0.17188141,-0.18272589,-0.08012404,1,4216,21.08,21.09538745880127,1,0.0531250461935997,0.946874976158142,True
4218,21.09,-0.18525097,-0.15882093,-0.15099013,-0.052164793,1,4216,21.08,21.09538745880127,1,0.0531250461935997,0.946874976158142,True
4219,21.095,-0.1381665,-0.11876966,-0.093957916,-0.015891232,1,4216,21.08,21.09538745880127,1,0.0531250461935997,0.946874976158142,True
4220,21.1,-0.05682121,-0.051605765,-0.018447911,0.024966089,1,4220,21.1,21.11227321624756,1,0.0480256713926792,0.9519742727279664,True
4221,21.105,0.044384867,0.031345066,0.061457403,0.06267392,1,4220,21.1,21.11227321624756,1,0.0480256713926792,0.9519742727279664,True
4222,21.11,0.13700277,0.10824768,0.12676322,0.08658108,1,4220,21.1,21.11227321624756,1,0.0480256713926792,0.9519742727279664,True
4223,21.115,0.19178861,0.15579098,0.16044042,0.088499576,1,4220,21.1,21.11227321624756,1,0.0480256713926792,0.9519742727279664,True
4224,21.12,0.19601184,0.16229759,0.1563503,0.06919218,1,4224,21.12,21.129597663879395,1,0.0500592403113842,0.9499408006668092,True
4225,21.125,0.16158675,0.13546123,0.12413506,0.040153585,1,4224,21.12,21.129597663879395,1,0.0500592403113842,0.9499408006668092,True
4226,21.13,0.11612989,0.09724551,0.08463726,0.017369626,1,4224,21.12,21.129597663879395,1,0.0500592403113842,0.9499408006668092,True
4227,21.135,0.08275268,0.06826878,0.05685835,0.010407556,1,4224,21.12,21.129597663879395,1,0.0500592403113842,0.9499408006668092,True
4228,21.14,0.06457955,0.053621262,0.045295767,0.0153381005,1,4228,21.14,21.14430069923401,1,0.0386293642222881,0.9613706469535828,True
4229,21.145,0.046427935,0.04180828,0.0379807,0.017940119,1,4228,21.14,21.14430069923401,1,0.0386293642222881,0.9613706469535828,True
4230,21.15,0.011225951,0.017357754,0.017561667,0.0051359246,1,4228,21.14,21.14430069923401,1,0.0386293642222881,0.9613706469535828,True
4231,21.155,-0.04363637,-0.024307782,-0.023358667,-0.024626687,1,4228,21.14,21.14430069923401,1,0.0386293642222881,0.9613706469535828,True
4232,21.16,-0.10335206,-0.07243246,-0.07527038,-0.060203798,1,4232,21.16,21.17321276664734,1,0.0565297417342662,0.9434702396392822,True
4233,21.165,-0.14672512,-0.10952023,-0.11848594,-0.08578375,1,4232,21.16,21.17321276664734,1,0.0565297417342662,0.9434702396392822,True
4234,21.17,-0.16055095,-0.12431395,-0.13720635,-0.0910063,1,4232,21.16,21.17321276664734,1,0.0565297417342662,0.9434702396392822,True
4235,21.175,-0.14620472,-0.118197635,-0.12920196,-0.0759532,1,4232,21.16,21.17321276664734,1,0.0565297417342662,0.9434702396392822,True
4236,21.18,-0.11539743,-0.10111575,-0.10430787,-0.049021628,1,4236,21.18,21.194196224212646,1,0.0969040319323539,0.9030959606170654,True
4237,21.185,-0.08035855,-0.08195261,-0.07473131,-0.02066766,1,4236,21.18,21.194196224212646,1,0.0969040319323539,0.9030959606170654,True
4238,21.19,-0.046282288,-0.061699696,-0.046058025,0.0025132645,1,4236,21.18,21.194196224212646,1,0.0969040319323539,0.9030959606170654,True
4239,21.195,-0.010655681,-0.034299593,-0.015691275,0.020265581,1,4236,21.18,21.194196224212646,1,0.0969040319323539,0.9030959606170654,True
4240,21.2,0.03141686,0.006385876,0.02159374,0.0369638,1,4240,21.2,21.210519313812256,1,0.0525659956037998,0.9474340081214904,True
4241,21.205,0.08065736,0.05941232,0.066733174,0.057196654,1,4240,21.2,21.210519313812256,1,0.0525659956037998,0.9474340081214904,True
4242,21.21,0.1306168,0.114822425,0.11366921,0.081504926,1,4240,21.2,21.210519313812256,1,0.0525659956037998,0.9474340081214904,True
4243,21.215,0.16978097,0.1579496,0.15190792,0.10488407,1,4240,21.2,21.210519313812256,1,0.0525659956037998,0.9474340081214904,True
4244,21.22,0.18667859,0.17635895,0.17113373,0.118753314,1,4244,21.22,21.226989030838013,1,0.1016384214162826,0.8983616232872009,True
4245,21.225,0.17452016,0.16460682,0.16423829,0.114807166,1,4244,21.22,21.226989030838013,1,0.1016384214162826,0.8983616232872009,True
4246,21.23,0.1330776,0.12458273,0.1280462,0.08823584,1,4244,21.22,21.226989030838013,1,0.1016384214162826,0.8983616232872009,True
4247,21.235,0.067591734,0.062785454,0.06369528,0.038868185,1,4244,21.22,21.226989030838013,1,0.1016384214162826,0.8983616232872009,True
4248,21.24,-0.0139011955,-0.012576886,-0.02184518,-0.029190736,1,4248,21.24,21.252434015274048,1,0.048491608351469,0.9515083432197572,True
4249,21.245,-0.102561675,-0.092707634,-0.11437843,-0.10769195,1,4248,21.24,21.252434015274048,1,0.048491608351469,0.9515083432197572,True
4250,21.25,-0.18807104,-0.16734816,-0.19391839,-0.18324119,1,4248,21.24,21.252434015274048,1,0.048491608351469,0.9515083432197572,True
4251,21.255,-0.2556883,-0.22317219,-0.23987673,-0.2366634,1,4248,21.24,21.252434015274048,1,0.048491608351469,0.9515083432197572,True
4252,21.26,-0.2851379,-0.24397033,-0.23784465,-0.24611247,1,4252,21.26,21.2765588760376,1,0.0451455786824226,0.954854428768158,True
4253,21.265,-0.25642174,-0.21529904,-0.18476588,-0.19597313,1,4252,21.26,21.2765588760376,1,0.0451455786824226,0.954854428768158,True
4254,21.27,-0.16253005,-0.13344045,-0.090769954,-0.08846615,1,4252,21.26,21.2765588760376,1,0.0451455786824226,0.954854428768158,True
4255,21.275,-0.02079497,-0.013427376,0.022433113,0.050293494,1,4252,21.26,21.2765588760376,1,0.0451455786824226,0.954854428768158,True
4256,21.28,0.12816226,0.11155459,0.12645738,0.17723987,1,4256,21.28,21.295156955718998,1,0.038807101547718,0.9611928462982178,True
4257,21.285,0.23727128,0.20257054,0.1942675,0.25129622,1,4256,21.28,21.295156955718998,1,0.038807101547718,0.9611928462982178,True
4258,21.29,0.27633354,0.23329931,0.20967701,0.25343123,1,4256,21.28,21.295156955718998,1,0.038807101547718,0.9611928462982178,True
4259,21.295,0.24632384,0.20291194,0.17448573,0.19481814,1,4256,21.28,21.295156955718998,1,0.038807101547718,0.9611928462982178,True
4260,21.3,0.17543621,0.13521078,0.10893815,0.10833114,1,4260,21.3,21.310375928878784,1,0.0943768993020057,0.9056230783462524,True
4261,21.305,0.10080393,0.064954,0.043626066,0.03013995,1,4260,21.3,21.310375928878784,1,0.0943768993020057,0.9056230783462524,True
4262,21.31,0.048642203,0.0198306,0.005264864,-0.01677695,1,4260,21.3,21.310375928878784,1,0.0943768993020057,0.9056230783462524,True
4263,21.315,0.023977518,0.0076772403,0.0027695438,-0.029563652,1,4260,21.3,21.310375928878784,1,0.0943768993020057,0.9056230783462524,True
4264,21.32,0.012825199,0.014517903,0.02153934,-0.022790354,1,4264,21.32,21.32739806175232,1,0.0278937462717294,0.9721062183380128,True
4265,21.325,-0.0073426515,0.013665129,0.030961215,-0.019944936,1,4264,21.32,21.32739806175232,1,0.0278937462717294,0.9721062183380128,True
4266,21.33,-0.05475273,-0.0184731,0.0028001366,-0.04227561,1,4264,21.32,21.32739806175232,1,0.0278937462717294,0.9721062183380128,True
4267,21.335,-0.13267748,-0.08750849,-0.06983197,-0.097379565,1,4264,21.32,21.32739806175232,1,0.0278937462717294,0.9721062183380128,True
4268,21.34,-0.22456592,-0.17523989,-0.16539916,-0.17176777,1,4268,21.34,21.34232974052429,1,0.0561436787247657,0.9438562989234924,True
4269,21.345,-0.29798532,-0.24697067,-0.24420978,-0.2331652,1,4268,21.34,21.34232974052429,1,0.0561436787247657,0.9438562989234924,True
4270,21.35,-0.31775084,-0.2686011,-0.26965997,-0.2448646,1,4268,21.34,21.34232974052429,1,0.0561436787247657,0.9438562989234924,True
4271,21.355,-0.263344,-0.22394153,-0.22677739,-0.18626632,1,4268,21.34,21.34232974052429,1,0.0561436787247657,0.9438562989234924,True
4272,21.36,-0.14130612,-0.122471035,-0.12736055,-0.06721683,1,4272,21.36,21.372430324554443,1,0.0521575883030891,0.9478424191474916,True
4273,21.365,0.015618296,0.0061870823,-0.0011024489,0.07431847,1,4272,21.36,21.372430324554443,1,0.0521575883030891,0.9478424191474916,True
4274,21.37,0.16328901,0.12680542,0.11930209,0.1911765,1,4272,21.36,21.372430324554443,1,0.0521575883030891,0.9478424191474916,True
4275,21.375,0.26639435,0.21324217,0.20985639,0.25086746,1,4272,21.36,21.372430324554443,1,0.0521575883030891,0.9478424191474916,True
4276,21.38,0.31177586,0.2557353,0.2595637,0.24934724,1,4276,21.38,21.398211002349854,1,0.039118006825447,0.9608819484710692,True
4277,21.385,0.30764642,0.25885186,0.26872766,0.20720217,1,4276,21.38,21.398211002349854,1,0.039118006825447,0.9608819484710692,True
4278,21.39,0.27168033,0.2337788,0.24468611,0.15307578,1,4276,21.38,21.398211002349854,1,0.039118006825447,0.9608819484710692,True
4279,21.395,0.2180774,0.19072458,0.19727328,0.10657508,1,4276,21.38,21.398211002349854,1,0.039118006825447,0.9608819484710692,True
4280,21.4,0.15238865,0.1352672,0.13495758,0.07068586,1,4280,21.4,21.41017270088196,1,0.0310880541801452,0.9689119458198548,True
4281,21.405,0.075092115,0.0689534,0.06259534,0.03543811,1,4280,21.4,21.41017270088196,1,0.0310880541801452,0.9689119458198548,True
4282,21.41,-0.012166518,-0.007892032,-0.018127194,-0.012437347,1,4280,21.4,21.41017270088196,1,0.0310880541801452,0.9689119458198548,True
4283,21.415,-0.10416291,-0.09332048,-0.10567069,-0.080439165,1,4280,21.4,21.41017270088196,1,0.0310880541801452,0.9689119458198548,True
4284,21.42,-0.194191,-0.18176599,-0.1948449,-0.16522509,1,4284,21.42,21.42057776451111,1,0.0252071414142847,0.9747928380966188,True
4285,21.425,-0.27569175,-0.26269373,-0.2744344,-0.25153267,1,4284,21.42,21.42057776451111,1,0.0252071414142847,0.9747928380966188,True
4286,21.43,-0.33931577,-0.32006595,-0.32751822,-0.31446284,1,4284,21.42,21.42057776451111,1,0.0252071414142847,0.9747928380966188,True
4287,21.435,-0.36831105,-0.33435127,-0.33503324,-0.32596514,1,4284,21.42,21.42057776451111,1,0.0252071414142847,0.9747928380966188,True
4288,21.44,-0.34036967,-0.2890983,-0.2827232,-0.26624513,1,4288,21.44,21.4441921710968,1,0.0738902017474174,0.926109790802002,True
4289,21.445,-0.24011411,-0.18096529,-0.16984947,-0.13673452,1,4288,21.44,21.4441921710968,1,0.0738902017474174,0.926109790802002,True
4290,21.45,-0.075320795,-0.027269036,-0.014973943,0.033740543,1,4288,21.44,21.4441921710968,1,0.0738902017474174,0.926109790802002,True
4291,21.455,0.117106624,0.13606197,0.14668363,0.19718571,1,4288,21.44,21.4441921710968,1,0.0738902017474174,0.926109790802002,True
4292,21.46,0.28372,0.26762393,0.27540377,0.30751228,1,4292,21.46,21.475396156311035,1,0.034764502197504,0.9652355313301086,True
4293,21.465,0.37935302,0.33774364,0.3426795,0.34207144,1,4292,21.46,21.475396156311035,1,0.034764502197504,0.9652355313301086,True
4294,21.47,0.3876507,0.33917487,0.34131095,0.30928758,1,4292,21.46,21.475396156311035,1,0.034764502197504,0.9652355313301086,True
4295,21.475,0.3242508,0.28561983,0.2846566,0.23807272,1,4292,21.46,21.475396156311035,1,0.034764502197504,0.9652355313301086,True
4296,21.48,0.22300442,0.20117171,0.19725828,0.15822564,1,4296,21.48,21.491650581359863,1,0.0659156516194343,0.9340843558311462,True
4297,21.485,0.116738394,0.1086331,0.10345636,0.08605159,1,4296,21.48,21.491650581359863,1,0.0659156516194343,0.9340843558311462,True
4298,21.49,0.024537925,0.02261617,0.019390425,0.022565471,1,4296,21.48,21.491650581359863,1,0.0659156516194343,0.9340843558311462,True
4299,21.495,-0.050144188,-0.05175188,-0.049933266,-0.039234407,1,4296,21.48,21.491650581359863,1,0.0659156516194343,0.9340843558311462,True
4300,21.5,-0.11354191,-0.116381176,-0.10887524,-0.1061219,1,4300,21.5,21.510276794433597,1,0.0236236751079559,0.9763762950897216,True
4301,21.505,-0.17278014,-0.17533444,-0.16519947,-0.17971729,1,4300,21.5,21.510276794433597,1,0.0236236751079559,0.9763762950897216,True
4302,21.51,-0.22801235,-0.22852765,-0.22153158,-0.2538214,1,4300,21.5,21.510276794433597,1,0.0236236751079559,0.9763762950897216,True
4303,21.515,-0.26871547,-0.26710355,-0.26884046,-0.31283528,1,4300,21.5,21.510276794433597,1,0.0236236751079559,0.9763762950897216,True
4304,21.52,-0.27710402,-0.27503148,-0.28779328,-0.3338852,1,4304,21.52,21.520199298858643,1,0.0399290956556797,0.9600709080696106,True
4305,21.525,-0.23851292,-0.23822658,-0.25949576,-0.29592428,1,4304,21.52,21.520199298858643,1,0.0399290956556797,0.9600709080696106,True
4306,21.53,-0.15289894,-0.15572093,-0.17919947,-0.19330275,1,4304,21.52,21.520199298858643,1,0.0399290956556797,0.9600709080696106,True
4307,21.535,-0.038751572,-0.043925453,-0.06247545,-0.04452764,1,4304,21.52,21.520199298858643,1,0.0399290956556797,0.9600709080696106,True
4308,21.54,0.0747697,0.070376985,0.061693367,0.112423316,1,4308,21.54,21.544697761535645,1,0.0360324308276176,0.9639676213264464,True
4309,21.545,0.16248529,0.16339009,0.16595796,0.23733109,1,4308,21.54,21.544697761535645,1,0.0360324308276176,0.9639676213264464,True
4310,21.55,0.21410745,0.22392072,0.2363202,0.30628654,1,4308,21.54,21.544697761535645,1,0.0360324308276176,0.9639676213264464,True
4311,21.555,0.23431623,0.2530862,0.27266955,0.31907764,1,4308,21.54,21.544697761535645,1,0.0360324308276176,0.9639676213264464,True
4312,21.56,0.23403181,0.25694785,0.28054234,0.29216573,1,4312,21.56,21.570608377456665,1,0.0493488237261772,0.950651228427887,True
4313,21.565,0.22118443,0.24008593,0.2634631,0.2450793,1,4312,21.56,21.570608377456665,1,0.0493488237261772,0.950651228427887,True
4314,21.57,0.19740134,0.20486459,0.2223802,0.1908676,1,4312,21.56,21.570608377456665,1,0.0493488237261772,0.950651228427887,True
4315,21.575,0.16002983,0.15375279,0.15974933,0.1344645,1,4312,21.56,21.570608377456665,1,0.0493488237261772,0.950651228427887,True
4316,21.58,0.10463207,0.08915448,0.08089278,0.07479077,1,4316,21.58,21.59260606765747,1,0.0261296853423118,0.9738702774047852,True
4317,21.585,0.025707249,0.01008998,-0.0100264335,0.005845857,1,4316,21.58,21.59260606765747,1,0.0261296853423118,0.9738702774047852,True
4318,21.59,-0.08116763,-0.08827577,-0.11333902,-0.081796825,1,4316,21.58,21.59260606765747,1,0.0261296853423118,0.9738702774047852,True
4319,21.595,-0.21213092,-0.20682241,-0.22872886,-0.19392161,1,4316,21.58,21.59260606765747,1,0.0261296853423118,0.9738702774047852,True
4320,21.6,-0.3458781,-0.33012024,-0.34303847,-0.32024118,1,4320,21.6,21.601985692977905,1,0.0249627716839313,0.9750372171401978,True
4321,21.605,-0.44259524,-0.42198884,-0.42357773,-0.42677268,1,4320,21.6,21.601985692977905,1,0.0249627716839313,0.9750372171401978,True
4322,21.61,-0.45853955,-0.4387908,-0.42913872,-0.4653482,1,4320,21.6,21.601985692977905,1,0.0249627716839313,0.9750372171401978,True
4323,21.615,-0.37092423,-0.35562253,-0.3359775,-0.4003923,1,4320,21.6,21.601985692977905,1,0.0249627716839313,0.9750372171401978,True
4324,21.62,-0.1956353,-0.18647355,-0.15949114,-0.23557149,1,4324,21.62,21.621999502182007,1,0.044544193893671,0.9554558396339417,True
4325,21.625,0.017556796,0.0191201,0.048113395,-0.018168248,1,4324,21.62,21.621999502182007,1,0.044544193893671,0.9554558396339417,True
4326,21.63,0.21046732,0.20211956,0.22495557,0.18494518,1,4324,21.62,21.621999502182007,1,0.044544193893671,0.9554558396339417,True
4327,21.635,0.34389818,0.3231,0.3310952,0.32237706,1,4324,21.62,21.621999502182007,1,0.044544193893671,0.9554558396339417,True
4328,21.64,0.40795055,0.37371778,0.36164504,0.3786158,1,4328,21.64,21.64412498474121,1,0.0362872146070003,0.963712751865387,True
4329,21.645,0.4124979,0.3669514,0.3361593,0.3686161,1,4328,21.64,21.64412498474121,1,0.0362872146070003,0.963712751865387,True
4330,21.65,0.37124142,0.3200354,0.27855703,0.31751892,1,4328,21.64,21.64412498474121,1,0.0362872146070003,0.963712751865387,True
4331,21.655,0.29393014,0.24544461,0.20480064,0.24472892,1,4328,21.64,21.64412498474121,1,0.0362872146070003,0.963712751865387,True
4332,21.66,0.1893423,0.15275057,0.12306873,0.16133104,1,4332,21.66,21.67024827003479,1,0.0272586811333894,0.9727413058280944,True
4333,21.665,0.07064572,0.053113736,0.03909669,0.07513675,1,4332,21.66,21.67024827003479,1,0.0272586811333894,0.9727413058280944,True
4334,21.67,-0.045172267,-0.04112323,-0.041201264,-0.0065190373,1,4332,21.66,21.67024827003479,1,0.0272586811333894,0.9727413058280944,True
4335,21.675,-0.14382651,-0.120969936,-0.11255429,-0.0789979,1,4332,21.66,21.67024827003479,1,0.0272586811333894,0.9727413058280944,True
4336,21.68,-0.21958739,-0.18351227,-0.17088236,-0.14260292,1,4336,21.68,21.69040560722351,1,0.0231290496885776,0.9768709540367126,True
4337,21.685,-0.27476075,-0.22955722,-0.2120727,-0.19990656,1,4336,21.68,21.69040560722351,1,0.0231290496885776,0.9768709540367126,True
4338,21.69,-0.31322232,-0.25882408,-0.23137408,-0.24942501,1,4336,21.68,21.69040560722351,1,0.0231290496885776,0.9768709540367126,True
4339,21.695,-0.3334971,-0.26756722,-0.22554679,-0.28161633,1,4336,21.68,21.69040560722351,1,0.0231290496885776,0.9768709540367126,True
4340,21.7,-0.32696608,-0.25055695,-0.19607471,-0.28167504,1,4340,21.7,21.71061420440674,1,0.063815914094448,0.9361840486526488,True
4341,21.705,-0.28265825,-0.20512216,-0.14955778,-0.23792784,1,4340,21.7,21.71061420440674,1,0.063815914094448,0.9361840486526488,True
4342,21.71,-0.19529474,-0.1337128,-0.0939266,-0.15024352,1,4340,21.7,21.71061420440674,1,0.063815914094448,0.9361840486526488,True
4343,21.715,-0.07118822,-0.04360301,-0.03373783,-0.033034567,1,4340,21.7,21.71061420440674,1,0.063815914094448,0.9361840486526488,True
4344,21.72,0.07160099,0.05492367,0.030665359,0.08889664,1,4344,21.72,21.73262596130371,1,0.0357075594365596,0.9642925262451172,True
4345,21.725,0.20850652,0.14999919,0.09890785,0.18940797,1,4344,21.72,21.73262596130371,1,0.0357075594365596,0.9642925262451172,True
4346,21.73,0.31580797,0.22892264,0.16523978,0.25051624,1,4344,21.72,21.73262596130371,1,0.0357075594365596,0.9642925262451172,True
4347,21.735,0.37671238,0.27952304,0.21755798,0.26786345,1,4344,21.72,21.73262596130371,1,0.0357075594365596,0.9642925262451172,True
4348,21.74,0.38459402,0.2929935,0.2423481,0.24954559,1,4348,21.74,21.74453067779541,1,0.0589480958878994,0.9410519003868104,True
4349,21.745,0.34333804,0.2671409,0.23175375,0.20916265,1,4348,21.74,21.74453067779541,1,0.0589480958878994,0.9410519003868104,True
4350,21.75,0.26510993,0.20782281,0.18746878,0.15756337,1,4348,21.74,21.74453067779541,1,0.0589480958878994,0.9410519003868104,True
4351,21.755,0.16601478,0.1272147,0.119397976,0.09874896,1,4348,21.74,21.74453067779541,1,0.0589480958878994,0.9410519003868104,True
4352,21.76,0.06087816,0.03955276,0.04109033,0.032140292,1,4352,21.76,21.77765727043152,1,0.0265932492911815,0.9734067320823668,True
4353,21.765,-0.04069315,-0.043570932,-0.03493347,-0.041823786,1,4352,21.76,21.77765727043152,1,0.0265932492911815,0.9734067320823668,True
4354,21.77,-0.13491327,-0.11609697,-0.1002686,-0.118149325,1,4352,21.76,21.77765727043152,1,0.0265932492911815,0.9734067320823668,True
4355,21.775,-0.22071719,-0.17713514,-0.15169233,-0.1883439,1,4352,21.76,21.77765727043152,1,0.0265932492911815,0.9734067320823668,True
4356,21.78,-0.29502743,-0.22752045,-0.18991557,-0.24368194,1,4356,21.78,21.79063630104065,1,0.0281982030719518,0.9718018174171448,True
4357,21.785,-0.34973517,-0.2653321,-0.21614742,-0.2766556,1,4356,21.78,21.79063630104065,1,0.0281982030719518,0.9718018174171448,True
4358,21.79,-0.37257516,-0.2833405,-0.22810782,-0.27975067,1,4356,21.78,21.79063630104065,1,0.0281982030719518,0.9718018174171448,True
4359,21.795,-0.35136992,-0.2704013,-0.21837829,-0.24478653,1,4356,21.78,21.79063630104065,1,0.0281982030719518,0.9718018174171448,True
4360,21.8,-0.27930456,-0.21658695,-0.17722352,-0.16631815,1,4360,21.8,21.810465812683105,1,0.0460434928536415,0.9539564847946168,True
4361,21.805,-0.15915723,-0.119813874,-0.09926302,-0.048431206,1,4360,21.8,21.810465812683105,1,0.0460434928536415,0.9539564847946168,True
4362,21.81,-0.005444863,0.009255034,0.009597842,0.09030753,1,4360,21.8,21.810465812683105,1,0.0460434928536415,0.9539564847946168,True
4363,21.815,0.15636794,0.14703697,0.12968944,0.21934237,1,4360,21.8,21.810465812683105,1,0.0460434928536415,0.9539564847946168,True
4364,21.82,0.29464674,0.26297063,0.23243754,0.30687395,1,4364,21.82,21.82224941253662,1,0.0373725406825542,0.9626274704933168,True
4365,21.825,0.3803361,0.32998994,0.29125124,0.33337018,1,4364,21.82,21.82224941253662,1,0.0373725406825542,0.9626274704933168,True
4366,21.83,0.3971244,0.33496976,0.29294455,0.29969874,1,4364,21.82,21.82224941253662,1,0.0373725406825542,0.9626274704933168,True
4367,21.835,0.34822458,0.28370354,0.2430336,0.22494313,1,4364,21.82,21.82224941253662,1,0.0373725406825542,0.9626274704933168,True
4368,21.84,0.25515667,0.19725762,0.16149956,0.13547659,1,4368,21.84,21.86031579971313,1,0.0438733994960784,0.9561265707015992,True
4369,21.845,0.14751852,0.101132415,0.07154362,0.051894136,1,4368,21.84,21.86031579971313,1,0.0438733994960784,0.9561265707015992,True
4370,21.85,0.04860419,0.013213609,-0.01146484,-0.01896036,1,4368,21.84,21.86031579971313,1,0.0438733994960784,0.9561265707015992,True
4371,21.855,-0.034029607,-0.06197813,-0.08372286,-0.08288145,1,4368,21.84,21.86031579971313,1,0.0438733994960784,0.9561265707015992,True
4372,21.86,-0.10608154,-0.12888078,-0.14753681,-0.1490794,1,4372,21.86,21.875972270965576,1,0.0243993550539016,0.9756006002426147,True
4373,21.865,-0.17408389,-0.1899982,-0.20182228,-0.21846204,1,4372,21.86,21.875972270965576,1,0.0243993550539016,0.9756006002426147,True
4374,21.87,-0.23387764,-0.23794591,-0.23710737,-0.27728105,1,4372,21.86,21.875972270965576,1,0.0243993550539016,0.9756006002426147,True
4375,21.875,-0.27057275,-0.25791484,-0.23998918,-0.3016758,1,4372,21.86,21.875972270965576,1,0.0243993550539016,0.9756006002426147,True
4376,21.88,-0.27001888,-0.23880538,-0.20366046,-0.2716189,1,4376,21.88,21.89293885231018,1,0.067301407456398,0.9326986074447632,True
4377,21.885,-0.23069862,-0.18296307,-0.13519843,-0.18524358,1,4376,21.88,21.89293885231018,1,0.067301407456398,0.9326986074447632,True
4378,21.89,-0.16475894,-0.10555279,-0.052743707,-0.06303656,1,4376,21.88,21.89293885231018,1,0.067301407456398,0.9326986074447632,True
4379,21.895,-0.088098496,-0.024530772,0.025206089,0.06160211,1,4376,21.88,21.89293885231018,1,0.067301407456398,0.9326986074447632,True
4380,21.9,-0.010159051,0.049187493,0.08913853,0.15880881,1,4380,21.9,21.910236358642575,1,0.036657441407442,0.9633426070213318,True
4381,21.905,0.06700523,0.11324335,0.13930668,0.21464153,1,4380,21.9,21.910236358642575,1,0.036657441407442,0.9633426070213318,True
4382,21.91,0.14166826,0.16810602,0.17932868,0.23278095,1,4380,21.9,21.910236358642575,1,0.036657441407442,0.9633426070213318,True
4383,21.915,0.20660457,0.2114987,0.20978276,0.22705817,1,4380,21.9,21.910236358642575,1,0.036657441407442,0.9633426070213318,True
4384,21.92,0.25049227,0.237767,0.2266375,0.21091522,1,4384,21.92,21.925405740737915,1,0.0602699555456638,0.9397299885749816,True
4385,21.925,0.26354444,0.24034783,0.22321452,0.18931174,1,4384,21.92,21.925405740737915,1,0.0602699555456638,0.9397299885749816,True
4386,21.93,0.24084073,0.21344538,0.19221933,0.15624456,1,4384,21.92,21.925405740737915,1,0.0602699555456638,0.9397299885749816,True
4387,21.935,0.18177381,0.15278435,0.1275243,0.0992174,1,4384,21.92,21.925405740737915,1,0.0602699555456638,0.9397299885749816,True
4388,21.94,0.089623205,0.058270723,0.027917033,0.009364938,1,4388,21.94,21.94259548187256,1,0.0280029755085706,0.9719969630241394,True
4389,21.945,-0.025958816,-0.061219398,-0.09748957,-0.10811875,1,4388,21.94,21.94259548187256,1,0.0280029755085706,0.9719969630241394,True
4390,21.95,-0.1465187,-0.18540226,-0.22678798,-0.23062825,1,4388,21.94,21.94259548187256,1,0.0280029755085706,0.9719969630241394,True
4391,21.955,-0.24752356,-0.28697547,-0.3300421,-0.32549587,1,4388,21.94,21.94259548187256,1,0.0280029755085706,0.9719969630241394,True
4392,21.96,-0.3066527,-0.34156656,-0.37988615,-0.36398995,1,4392,21.96,21.977530479431152,1,0.0265787206590175,0.973421275615692,True
4393,21.965,-0.31209174,-0.33668578,-0.36153033,-0.33314392,1,4392,21.96,21.977530479431152,1,0.0265787206590175,0.973421275615692,True
4394,21.97,-0.26493403,-0.2741281,-0.27671975,-0.23911212,1,4392,21.96,21.977530479431152,1,0.0265787206590175,0.973421275615692,True
4395,21.975,-0.17536347,-0.16625135,-0.14150375,-0.1025511,1,4392,21.96,21.977530479431152,1,0.0265787206590175,0.973421275615692,True
4396,21.98,-0.057606015,-0.03106503,0.01862148,0.04899754,1,4396,21.98,21.992514610290527,1,0.0375089384615421,0.9624910354614258,True
4397,21.985,0.07168612,0.110074915,0.17353295,0.18758404,1,4396,21.98,21.992514610290527,1,0.0375089384615421,0.9624910354614258,True
4398,21.99,0.19212392,0.2331317,0.2935895,0.28949445,1,4396,21.98,21.992514610290527,1,0.0375089384615421,0.9624910354614258,True
4399,21.995,0.2802381,0.31436872,0.35628164,0.33921725,1,4396,21.98,21.992514610290527,1,0.0375089384615421,0.9624910354614258,True
4400,22.0,0.31583077,0.33752927,0.35337704,0.33284485,1,4400,22.0,22.010288953781128,1,0.042269580066204,0.9577303528785706,True
4401,22.005,0.29173216,0.3017607,0.2945746,0.27908495,1,4400,22.0,22.010288953781128,1,0.042269580066204,0.9577303528785706,True
4402,22.01,0.21953304,0.22360471,0.20370406,0.1958889,1,4400,22.0,22.010288953781128,1,0.042269580066204,0.9577303528785706,True
4403,22.015,0.125109,0.12934355,0.107741825,0.10307953,1,4400,22.0,22.010288953781128,1,0.042269580066204,0.9577303528785706,True
4404,22.02,0.035194714,0.04151657,0.024531228,0.014522545,1,4404,22.02,22.03264880180359,1,0.0247872322797775,0.975212812423706,True
4405,22.025,-0.036266435,-0.03118389,-0.042977333,-0.0655254,1,4404,22.02,22.03264880180359,1,0.0247872322797775,0.975212812423706,True
4406,22.03,-0.092381045,-0.09360114,-0.10250011,-0.13966091,1,4404,22.02,22.03264880180359,1,0.0247872322797775,0.975212812423706,True
4407,22.035,-0.14528127,-0.15449506,-0.1621146,-0.21023533,1,4404,22.02,22.03264880180359,1,0.0247872322797775,0.975212812423706,True
4408,22.04,-0.20200951,-0.21559341,-0.221722,-0.27284867,1,4408,22.04,22.040443897247314,1,0.0254932027310132,0.9745067954063416,True
4409,22.045,-0.2549754,-0.26726097,-0.2714901,-0.3147799,1,4408,22.04,22.040443897247314,1,0.0254932027310132,0.9745067954063416,True
4410,22.05,-0.2841862,-0.2928466,-0.29653907,-0.31944856,1,4408,22.04,22.040443897247314,1,0.0254932027310132,0.9745067954063416,True
4411,22.055,-0.26964137,-0.2776779,-0.28357872,-0.2745067,1,4408,22.04,22.040443897247314,1,0.0254932027310132,0.9745067954063416,True
4412,22.06,-0.20475256,-0.21677783,-0.22612326,-0.17932445,1,4412,22.06,22.07725429534912,1,0.0436048880219459,0.9563950300216676,True
4413,22.065,-0.10122812,-0.11762528,-0.1275154,-0.048003476,1,4412,22.06,22.07725429534912,1,0.0436048880219459,0.9563950300216676,True
4414,22.07,0.017230205,0.0022500837,-0.0018643256,0.0937866,1,4412,22.06,22.07725429534912,1,0.0436048880219459,0.9563950300216676,True
4415,22.075,0.12671453,0.1208226,0.12791282,0.21688691,1,4412,22.06,22.07725429534912,1,0.0436048880219459,0.9563950300216676,True
4416,22.08,0.21175492,0.21773833,0.2358476,0.29798958,1,4416,22.08,22.090590238571167,1,0.0361047647893428,0.9638952612876892,True
4417,22.085,0.26632273,0.2790048,0.3011902,0.32608294,1,4416,22.08,22.090590238571167,1,0.0361047647893428,0.9638952612876892,True
4418,22.09,0.2893246,0.29895175,0.31525758,0.30358863,1,4416,22.08,22.090590238571167,1,0.0361047647893428,0.9638952612876892,True
4419,22.095,0.28012812,0.2793756,0.28290755,0.24271369,1,4416,22.08,22.090590238571167,1,0.0361047647893428,0.9638952612876892,True
4420,22.1,0.23807475,0.22706798,0.21804395,0.15979785,1,4420,22.1,22.10578417778015,1,0.0442101955413818,0.9557898640632628,True
4421,22.105,0.16578537,0.15154436,0.13656251,0.07063394,1,4420,22.1,22.10578417778015,1,0.0442101955413818,0.9557898640632628,True
4422,22.11,0.072726674,0.06397159,0.05125124,-0.011983601,1,4420,22.1,22.10578417778015,1,0.0442101955413818,0.9557898640632628,True
4423,22.115,-0.025027664,-0.023499995,-0.029389305,-0.07927331,1,4420,22.1,22.10578417778015,1,0.0442101955413818,0.9557898640632628,True
4424,22.12,-0.11028487,-0.099661656,-0.0998942,-0.1274028,1,4424,22.12,22.127652645111084,1,0.0235047079622745,0.9764952659606934,True
4425,22.125,-0.17248708,-0.15757546,-0.15671709,-0.15833992,1,4424,22.12,22.127652645111084,1,0.0235047079622745,0.9764952659606934,True
4426,22.13,-0.21180858,-0.19679195,-0.19808544,-0.17883301,1,4424,22.12,22.127652645111084,1,0.0235047079622745,0.9764952659606934,True
4427,22.135,-0.23553203,-0.22144216,-0.22363782,-0.19589801,1,4424,22.12,22.127652645111084,1,0.0235047079622745,0.9764952659606934,True
4428,22.14,-0.24885158,-0.23442855,-0.23275827,-0.2101552,1,4428,22.14,22.14274263381958,1,0.0621935352683067,0.9378064870834352,True
4429,22.145,-0.24758485,-0.23212756,-0.22249798,-0.2118514,1,4428,22.14,22.14274263381958,1,0.0621935352683067,0.9378064870834352,True
4430,22.15,-0.21931078,-0.20457312,-0.187381,-0.18439792,1,4428,22.14,22.14274263381958,1,0.0621935352683067,0.9378064870834352,True
4431,22.155,-0.15257752,-0.14194527,-0.1224651,-0.11515693,1,4428,22.14,22.14274263381958,1,0.0621935352683067,0.9378064870834352,True
4432,22.16,-0.04731705,-0.04318223,-0.028506769,-0.0067112152,1,4432,22.16,22.17064499855041,1,0.0370302386581897,0.9629697799682616,True
4433,22.165,0.08088843,0.078951925,0.08383688,0.119823836,1,4432,22.16,22.17064499855041,1,0.0370302386581897,0.9629697799682616,True
4434,22.17,0.2050412,0.19950324,0.19377175,0.23242982,1,4432,22.16,22.17064499855041,1,0.0370302386581897,0.9629697799682616,True
4435,22.175,0.29637846,0.28904852,0.2753001,0.3017345,1,4432,22.16,22.17064499855041,1,0.0370302386581897,0.9629697799682616,True
4436,22.18,0.3342676,0.32413995,0.30598682,0.31193927,1,4436,22.18,22.194958925247192,1,0.0412614233791828,0.9587386250495912,True
4437,22.185,0.31227663,0.29595408,0.27595693,0.26394394,1,4436,22.18,22.194958925247192,1,0.0412614233791828,0.9587386250495912,True
4438,22.19,0.23871042,0.21325922,0.1927283,0.17167372,1,4436,22.18,22.194958925247192,1,0.0412614233791828,0.9587386250495912,True
4439,22.195,0.13237506,0.09851998,0.07913783,0.056025643,1,4436,22.18,22.194958925247192,1,0.0412614233791828,0.9587386250495912,True
4440,22.2,0.016216379,-0.020449074,-0.034886237,-0.06024297,1,4440,22.2,22.20871424674988,1,0.025065055117011,0.9749348759651184,True
4441,22.205,-0.088335045,-0.119067915,-0.12292798,-0.15638179,1,4440,22.2,22.20871424674988,1,0.025065055117011,0.9749348759651184,True
4442,22.21,-0.16517945,-0.18182471,-0.1705787,-0.21739726,1,4440,22.2,22.20871424674988,1,0.025065055117011,0.9749348759651184,True
4443,22.215,-0.2060278,-0.2046616,-0.17864668,-0.23751748,1,4440,22.2,22.20871424674988,1,0.025065055117011,0.9749348759651184,True
4444,22.22,-0.21167329,-0.19411467,-0.16003275,-0.22120343,1,4444,22.22,22.22046542167664,1,0.026727482676506,0.9732725620269777,True
4445,22.225,-0.19085215,-0.1633122,-0.13179304,-0.17986663,1,4444,22.22,22.22046542167664,1,0.026727482676506,0.9732725620269777,True
4446,22.23,-0.15595649,-0.12581924,-0.10642782,-0.12560217,1,4444,22.22,22.22046542167664,1,0.026727482676506,0.9732725620269777,True
4447,22.235,-0.11731304,-0.089983106,-0.08700127,-0.06604348,1,4444,22.22,22.22046542167664,1,0.026727482676506,0.9732725620269777,True
4448,22.24,-0.079301074,-0.0566197,-0.0680837,-0.0036378377,1,4448,22.24,22.24046492576599,1,0.0427423492074012,0.9572576880455016,True
4449,22.245,-0.040395256,-0.020957801,-0.04079932,0.060983926,1,4448,22.24,22.24046492576599,1,0.0427423492074012,0.9572576880455016,True
4450,22.25,0.0032904278,0.022403818,0.0011626823,0.12459432,1,4448,22.24,22.24046492576599,1,0.0427423492074012,0.9572576880455016,True
4451,22.255,0.053102296,0.07389118,0.05673997,0.1789113,1,4448,22.24,22.24046492576599,1,0.0427423492074012,0.9572576880455016,True
4452,22.26,0.104401805,0.12571369,0.115525626,0.21171403,1,4452,22.26,22.262882947921756,1,0.0417098328471183,0.9582902193069458,True
4453,22.265,0.1471697,0.1639326,0.16074206,0.21179983,1,4452,22.26,22.262882947921756,1,0.0417098328471183,0.9582902193069458,True
4454,22.27,0.17114012,0.17607933,0.17757271,0.17597067,1,4452,22.26,22.262882947921756,1,0.0417098328471183,0.9582902193069458,True
4455,22.275,0.1720345,0.15949984,0.16228771,0.11344568,1,4452,22.26,22.262882947921756,1,0.0417098328471183,0.9582902193069458,True
4456,22.28,0.15331343,0.12309032,0.12446842,0.042774174,1,4456,22.28,22.29536461830139,1,0.0942525491118431,0.905747413635254,True
4457,22.285,0.12122543,0.079729445,0.07911117,-0.018703831,1,4456,22.28,22.29536461830139,1,0.0942525491118431,0.905747413635254,True
4458,22.29,0.077907905,0.035700828,0.03496207,-0.06547756,1,4456,22.28,22.29536461830139,1,0.0942525491118431,0.905747413635254,True
4459,22.295,0.020539338,-0.012459409,-0.009922358,-0.10507128,1,4456,22.28,22.29536461830139,1,0.0942525491118431,0.905747413635254,True
4460,22.3,-0.050886504,-0.069719166,-0.06092604,-0.1474581,1,4460,22.3,22.300366163253784,1,0.0286278594285249,0.9713721871376038,True
4461,22.305,-0.124426894,-0.13069144,-0.115361094,-0.19129236,1,4460,22.3,22.300366163253784,1,0.0286278594285249,0.9713721871376038,True
4462,22.31,-0.17682247,-0.17694768,-0.15897252,-0.21982516,1,4460,22.3,22.300366163253784,1,0.0286278594285249,0.9713721871376038,True
4463,22.315,-0.18727423,-0.18840411,-0.17504759,-0.2117006,1,4460,22.3,22.300366163253784,1,0.0286278594285249,0.9713721871376038,True
4464,22.32,-0.15445955,-0.15977864,-0.15799797,-0.15841027,1,4464,22.32,22.322546243667603,1,0.1203138977289199,0.8796860575675964,True
4465,22.325,-0.100989096,-0.10679678,-0.11834169,-0.07332148,1,4464,22.32,22.322546243667603,1,0.1203138977289199,0.8796860575675964,True
4466,22.33,-0.058364406,-0.0550362,-0.07393818,0.016152073,1,4464,22.32,22.322546243667603,1,0.1203138977289199,0.8796860575675964,True
4467,22.335,-0.0427544,-0.02014358,-0.035495818,0.086886354,1,4464,22.32,22.322546243667603,1,0.1203138977289199,0.8796860575675964,True
4468,22.34,-0.04197225,0.0031276478,2.771774e-05,0.13306364,1,4468,22.34,22.34768295288086,1,0.0424787886440753,0.9575212597846984,True
4469,22.345,-0.02617963,0.032895047,0.04205467,0.16307743,1,4468,22.34,22.34768295288086,1,0.0424787886440753,0.9575212597846984,True
4470,22.35,0.025548143,0.080274835,0.09253031,0.18477912,1,4468,22.34,22.34768295288086,1,0.0424787886440753,0.9575212597846984,True
4471,22.355,0.10538893,0.13602678,0.13949084,0.19443159,1,4468,22.34,22.34768295288086,1,0.0424787886440753,0.9575212597846984,True
4472,22.36,0.18089919,0.17616636,0.16478583,0.18044932,1,4472,22.36,22.36080551147461,1,0.0609258934855461,0.9390740990638732,True
4473,22.365,0.21894978,0.18115601,0.15874283,0.13760135,1,4472,22.36,22.36080551147461,1,0.0609258934855461,0.9390740990638732,True
4474,22.37,0.20787549,0.1506827,0.1276433,0.07633211,1,4472,22.36,22.36080551147461,1,0.0609258934855461,0.9390740990638732,True
4475,22.375,0.1594113,0.10091946,0.08697384,0.01655095,1,4472,22.36,22.36080551147461,1,0.0609258934855461,0.9390740990638732,True
4476,22.38,0.09231268,0.048478343,0.047443375,-0.028889738,1,4476,22.38,22.39393258094788,1,0.0364505164325237,0.9635494947433472,True
4477,22.385,0.016513815,-0.0023573618,0.007637638,-0.06472732,1,4476,22.38,22.39393258094788,1,0.0364505164325237,0.9635494947433472,True
4478,22.39,-0.06648109,-0.057089273,-0.039826054,-0.106565036,1,4476,22.38,22.39393258094788,1,0.0364505164325237,0.9635494947433472,True
4479,22.395,-0.15026602,-0.11726765,-0.09536543,-0.16215257,1,4476,22.38,22.39393258094788,1,0.0364505164325237,0.9635494947433472,True
4480,22.4,-0.21480846,-0.17074767,-0.14600392,-0.2179991,1,4480,22.4,22.41120171546936,1,0.0334462821483612,0.9665537476539612,True
4481,22.405,-0.23459692,-0.19647658,-0.17217115,-0.24458209,1,4480,22.4,22.41120171546936,1,0.0334462821483612,0.9665537476539612,True
4482,22.41,-0.19753075,-0.17970385,-0.16176188,-0.21698411,1,4480,22.4,22.41120171546936,1,0.0334462821483612,0.9665537476539612,True
4483,22.415,-0.11674948,-0.1238467,-0.11903048,-0.13423897,1,4480,22.4,22.41120171546936,1,0.0334462821483612,0.9665537476539612,True
4484,22.42,-0.024169987,-0.049108125,-0.061179373,-0.022017185,1,4484,22.42,22.42536735534668,1,0.050141341984272,0.9498586058616638,True
4485,22.425,0.04866759,0.019976033,-0.0065740882,0.08257035,1,4484,22.42,22.42536735534668,1,0.050141341984272,0.9498586058616638,True
4486,22.43,0.086869314,0.06753684,0.0351853,0.15151046,1,4484,22.42,22.42536735534668,1,0.050141341984272,0.9498586058616638,True
4487,22.435,0.09486787,0.091130674,0.0644325,0.17719556,1,4484,22.42,22.42536735534668,1,0.050141341984272,0.9498586058616638,True
4488,22.44,0.0873381,0.09755579,0.08540693,0.16939585,1,4488,22.44,22.44225215911865,1,0.0475577339529991,0.9524422883987428,True
4489,22.445,0.07794892,0.09538654,0.09999019,0.14401919,1,4488,22.44,22.44225215911865,1,0.0475577339529991,0.9524422883987428,True
4490,22.45,0.07354307,0.09009144,0.10650301,0.11355622,1,4488,22.44,22.44225215911865,1,0.0475577339529991,0.9524422883987428,True
4491,22.455,0.07435309,0.08342154,0.10297706,0.08432362,1,4488,22.44,22.44225215911865,1,0.0475577339529991,0.9524422883987428,True
4492,22.46,0.07646157,0.0749028,0.09018975,0.058489606,1,4492,22.46,22.47746992111206,1,0.1284918487071991,0.8715081810951233,True
4493,22.465,0.073713,0.06284955,0.07091344,0.036112376,1,4492,22.46,22.47746992111206,1,0.1284918487071991,0.8715081810951233,True
4494,22.47,0.059543498,0.044648938,0.04658025,0.015217891,1,4492,22.46,22.47746992111206,1,0.1284918487071991,0.8715081810951233,True
4495,22.475,0.030071544,0.01785542,0.015764732,-0.008189603,1,4492,22.46,22.47746992111206,1,0.1284918487071991,0.8715081810951233,True
4496,22.48,-0.012672746,-0.017453857,-0.023025535,-0.038044114,1,4496,22.48,22.49049687385559,1,0.0482878535985946,0.9517121911048888,True
4497,22.485,-0.060642775,-0.057138976,-0.06688706,-0.075016804,1,4496,22.48,22.49049687385559,1,0.0482878535985946,0.9517121911048888,True
4498,22.49,-0.10406177,-0.09455068,-0.107572764,-0.11514167,1,4496,22.48,22.49049687385559,1,0.0482878535985946,0.9517121911048888,True
4499,22.495,-0.13654578,-0.12415715,-0.13585807,-0.15132186,1,4496,22.48,22.49049687385559,1,0.0482878535985946,0.9517121911048888,True
4500,22.5,-0.15571335,-0.14320388,-0.14706181,-0.17553559,1,4500,22.5,22.50075507164001,1,0.1138482987880706,0.8861517310142517,True
4501,22.505,-0.15858139,-0.14911668,-0.14186487,-0.1794645,1,4500,22.5,22.50075507164001,1,0.1138482987880706,0.8861517310142517,True
4502,22.51,-0.1377778,-0.13582332,-0.121605866,-0.15462889,1,4500,22.5,22.50075507164001,1,0.1138482987880706,0.8861517310142517,True
4503,22.515,-0.085204065,-0.09492908,-0.08379372,-0.09531417,1,4500,22.5,22.50075507164001,1,0.1138482987880706,0.8861517310142517,True
4504,22.52,-0.0020869449,-0.023435934,-0.024195261,-0.004874056,1,4504,22.52,22.528005599975582,1,0.0547983832657337,0.9452016353607178,True
4505,22.525,0.09393707,0.0679064,0.054878023,0.09933123,1,4504,22.52,22.528005599975582,1,0.0547983832657337,0.9452016353607178,True
4506,22.53,0.17342806,0.15431103,0.13795596,0.18881182,1,4504,22.52,22.528005599975582,1,0.0547983832657337,0.9452016353607178,True
4507,22.535,0.21023262,0.20765333,0.19963937,0.23598817,1,4504,22.52,22.528005599975582,1,0.0547983832657337,0.9452016353607178,True
4508,22.54,0.19624397,0.21171588,0.2178105,0.22871046,1,4508,22.54,22.542644262313843,1,0.0522072352468967,0.9477928280830384,True
4509,22.545,0.14500536,0.17116433,0.18767682,0.17711432,1,4508,22.54,22.542644262313843,1,0.0522072352468967,0.9477928280830384,True
4510,22.55,0.082343385,0.10792632,0.12559423,0.107514344,1,4508,22.54,22.542644262313843,1,0.0522072352468967,0.9477928280830384,True
4511,22.555,0.031522945,0.047899324,0.05914664,0.047374427,1,4508,22.54,22.542644262313843,1,0.0522072352468967,0.9477928280830384,True
4512,22.56,0.0025912642,0.0072297696,0.010508701,0.011378058,1,4512,22.56,22.57046580314636,1,0.0385697111487388,0.9614302515983582,True
4513,22.565,-0.009269831,-0.013673293,-0.015246391,-0.0033988971,1,4512,22.56,22.57046580314636,1,0.0385697111487388,0.9614302515983582,True
4514,22.57,-0.018032623,-0.026692918,-0.029863525,-0.012614304,1,4512,22.56,22.57046580314636,1,0.0385697111487388,0.9614302515983582,True
4515,22.575,-0.03865269,-0.047388706,-0.051692594,-0.035283376,1,4512,22.56,22.57046580314636,1,0.0385697111487388,0.9614302515983582,True
4516,22.58,-0.08036557,-0.08665177,-0.09332723,-0.084958486,1,4516,22.58,22.59445595741272,1,0.0593185350298881,0.9406814575195312,True
4517,22.585,-0.14248557,-0.14527455,-0.15390603,-0.16284439,1,4516,22.58,22.59445595741272,1,0.0593185350298881,0.9406814575195312,True
4518,22.59,-0.21223053,-0.21154922,-0.21830893,-0.25287348,1,4516,22.58,22.59445595741272,1,0.0593185350298881,0.9406814575195312,True
4519,22.595,-0.26540524,-0.26240382,-0.2621654,-0.32169035,1,4516,22.58,22.59445595741272,1,0.0593185350298881,0.9406814575195312,True
4520,22.6,-0.27263096,-0.26994354,-0.26081708,-0.32865733,1,4520,22.6,22.608811616897583,1,0.1578260213136673,0.8421739935874939,True
4521,22.605,-0.21212304,-0.21362206,-0.19991802,-0.24617228,1,4520,22.6,22.608811616897583,1,0.1578260213136673,0.8421739935874939,True
4522,22.61,-0.08412459,-0.093236975,-0.083829135,-0.08030063,1,4520,22.6,22.608811616897583,1,0.1578260213136673,0.8421739935874939,True
4523,22.615,0.08269055,0.06563648,0.06280984,0.12387868,1,4520,22.6,22.608811616897583,1,0.1578260213136673,0.8421739935874939,True
4524,22.62,0.23983328,0.21927893,0.20254733,0.30020297,1,4524,22.62,22.62463760375977,1,0.0377791449427604,0.9622209072113036,True
4525,22.625,0.33977816,0.32373223,0.29894477,0.3937086,1,4524,22.62,22.62463760375977,1,0.0377791449427604,0.9622209072113036,True
4526,22.63,0.35712048,0.3532038,0.330273,0.3866062,1,4524,22.62,22.62463760375977,1,0.0377791449427604,0.9622209072113036,True
4527,22.635,0.29803345,0.30917236,0.2966825,0.3016936,1,4524,22.62,22.62463760375977,1,0.0377791449427604,0.9622209072113036,True
4528,22.64,0.19394523,0.21655457,0.2179759,0.18372458,1,4528,22.64,22.64526629447937,1,0.079135961830616,0.9208640456199646,True
4529,22.645,0.08462711,0.11038603,0.12358561,0.073814325,1,4528,22.64,22.64526629447937,1,0.079135961830616,0.9208640456199646,True
4530,22.65,0.00034076555,0.020325817,0.039715834,-0.006738625,1,4528,22.64,22.64526629447937,1,0.079135961830616,0.9208640456199646,True
4531,22.655,-0.048558492,-0.039816074,-0.020254651,-0.05710848,1,4528,22.64,22.64526629447937,1,0.079135961830616,0.9208640456199646,True
4532,22.66,-0.070891894,-0.07344601,-0.057803433,-0.087448776,1,4532,22.66,22.661407709121704,1,0.0244809985160827,0.9755190014839172,True
4533,22.665,-0.08497549,-0.094255425,-0.08381142,-0.10884946,1,4532,22.66,22.661407709121704,1,0.0244809985160827,0.9755190014839172,True
4534,22.67,-0.106581986,-0.11618061,-0.110095695,-0.12870908,1,4532,22.66,22.661407709121704,1,0.0244809985160827,0.9755190014839172,True
4535,22.675,-0.14133573,-0.14627516,-0.14327493,-0.15105607,1,4532,22.66,22.661407709121704,1,0.0244809985160827,0.9755190014839172,True
4536,22.68,-0.18397453,-0.18300563,-0.18295734,-0.17753798,1,4536,22.68,22.69031524658203,1,0.0699844732880592,0.930015504360199,True
4537,22.685,-0.2219234,-0.21799545,-0.22225158,-0.2058299,1,4536,22.68,22.69031524658203,1,0.0699844732880592,0.930015504360199,True
4538,22.69,-0.23959287,-0.23824447,-0.24832548,-0.2265041,1,4536,22.68,22.69031524658203,1,0.0699844732880592,0.930015504360199,True
4539,22.695,-0.22257361,-0.2286641,-0.24405551,-0.22288206,1,4536,22.68,22.69031524658203,1,0.0699844732880592,0.930015504360199,True
4540,22.7,-0.16275296,-0.17694914,-0.19378883,-0.17738931,1,4540,22.7,22.710325002670288,1,0.0452008359134197,0.9547991752624512,True
4541,22.705,-0.06343793,-0.08071358,-0.09300498,-0.08250541,1,4540,22.7,22.710325002670288,1,0.0452008359134197,0.9547991752624512,True
4542,22.71,0.0591822,0.04737451,0.04410998,0.05082236,1,4540,22.7,22.710325002670288,1,0.0452008359134197,0.9547991752624512,True
4543,22.715,0.18063053,0.1813415,0.18643586,0.1940518,1,4540,22.7,22.710325002670288,1,0.0452008359134197,0.9547991752624512,True
4544,22.72,0.27624914,0.29059166,0.29795265,0.31147903,1,4544,22.72,22.722806930541992,1,0.038334559649229,0.9616655111312866,True
4545,22.725,0.32743505,0.35013968,0.3524802,0.37364206,1,4544,22.72,22.722806930541992,1,0.038334559649229,0.9616655111312866,True
4546,22.73,0.32363498,0.34684184,0.34162095,0.36614314,1,4544,22.72,22.722806930541992,1,0.038334559649229,0.9616655111312866,True
4547,22.735,0.2629045,0.2808248,0.2729717,0.2914319,1,4544,22.72,22.722806930541992,1,0.038334559649229,0.9616655111312866,True
4548,22.74,0.1543805,0.16497977,0.1636461,0.16630813,1,4548,22.74,22.749304056167603,1,0.0349616110324859,0.9650384187698364,True
4549,22.745,0.020914907,0.02397466,0.035504937,0.018191632,1,4548,22.74,22.749304056167603,1,0.0349616110324859,0.9650384187698364,True
4550,22.75,-0.10403356,-0.10947666,-0.08685094,-0.120080106,1,4548,22.74,22.749304056167603,1,0.0349616110324859,0.9650384187698364,True
4551,22.755,-0.18809734,-0.20362587,-0.17917296,-0.21861996,1,4548,22.74,22.749304056167603,1,0.0349616110324859,0.9650384187698364,True
4552,22.76,-0.21487193,-0.2398399,-0.22434361,-0.26068553,1,4552,22.76,22.77538251876831,1,0.0237907618284225,0.9762092232704164,True
4553,22.765,-0.19154076,-0.22077769,-0.21979536,-0.24911557,1,4552,22.76,22.77538251876831,1,0.0237907618284225,0.9762092232704164,True
4554,22.77,-0.14287275,-0.16803041,-0.17917468,-0.20345348,1,4552,22.76,22.77538251876831,1,0.0237907618284225,0.9762092232704164,True
4555,22.775,-0.09533662,-0.10948519,-0.12506756,-0.14806311,1,4552,22.76,22.77538251876831,1,0.0237907618284225,0.9762092232704164,True
4556,22.78,-0.06255625,-0.064398326,-0.07684204,-0.09870757,1,4556,22.78,22.79399013519287,1,0.0441292002797126,0.9558707475662231,True
4557,22.785,-0.04184474,-0.0360441,-0.042070873,-0.056884695,1,4556,22.78,22.79399013519287,1,0.0441292002797126,0.9558707475662231,True
4558,22.79,-0.022518432,-0.015850471,-0.017091505,-0.015276668,1,4556,22.78,22.79399013519287,1,0.0441292002797126,0.9558707475662231,True
4559,22.795,0.0023234023,0.0060047535,0.0054869233,0.031350996,1,4556,22.78,22.79399013519287,1,0.0441292002797126,0.9558707475662231,True
4560,22.8,0.03055545,0.032834906,0.029803418,0.079595104,1,4560,22.8,22.808889865875244,1,0.0424999631941318,0.9575000405311584,True
4561,22.805,0.05555037,0.061831735,0.05565182,0.12032764,1,4560,22.8,22.808889865875244,1,0.0424999631941318,0.9575000405311584,True
4562,22.81,0.07450124,0.08964232,0.08172901,0.14701459,1,4560,22.8,22.808889865875244,1,0.0424999631941318,0.9575000405311584,True
4563,22.815,0.09124968,0.11565348,0.1074836,0.16047096,1,4560,22.8,22.808889865875244,1,0.0424999631941318,0.9575000405311584,True
4564,22.82,0.11013348,0.13903001,0.13065322,0.16519411,1,4564,22.82,22.82429361343384,1,0.1055758669972419,0.8944241404533386,True
4565,22.825,0.12701121,0.15328777,0.14382827,0.16132793,1,4564,22.82,22.82429361343384,1,0.1055758669972419,0.8944241404533386,True
4566,22.83,0.12757267,0.14583652,0.13563508,0.14096905,1,4564,22.82,22.82429361343384,1,0.1055758669972419,0.8944241404533386,True
4567,22.835,0.09668606,0.10533975,0.09759622,0.09330516,1,4564,22.82,22.82429361343384,1,0.1055758669972419,0.8944241404533386,True
4568,22.84,0.031534463,0.03147558,0.031376723,0.01446943,1,4568,22.84,22.84056115150452,1,0.0468001179397106,0.953199863433838,True
4569,22.845,-0.05322838,-0.06151723,-0.049949754,-0.08625092,1,4568,22.84,22.84056115150452,1,0.0468001179397106,0.953199863433838,True
4570,22.85,-0.13302812,-0.150716,-0.12754962,-0.18833548,1,4568,22.84,22.84056115150452,1,0.0468001179397106,0.953199863433838,True
4571,22.855,-0.18671598,-0.21466191,-0.18429627,-0.2673807,1,4568,22.84,22.84056115150452,1,0.0468001179397106,0.953199863433838,True
4572,22.86,-0.20451015,-0.23998372,-0.20863076,-0.30226055,1,4572,22.86,22.865434646606445,1,0.0472024120390415,0.9527975916862488,True
4573,22.865,-0.18623401,-0.22183588,-0.19449301,-0.2796773,1,4572,22.86,22.865434646606445,1,0.0472024120390415,0.9527975916862488,True
4574,22.87,-0.13545483,-0.16194561,-0.14128289,-0.19772239,1,4572,22.86,22.865434646606445,1,0.0472024120390415,0.9527975916862488,True
4575,22.875,-0.057526596,-0.068771474,-0.056388795,-0.06951891,1,4572,22.86,22.865434646606445,1,0.0472024120390415,0.9527975916862488,True
4576,22.88,0.036876444,0.040575713,0.04231238,0.07600006,1,4576,22.88,22.892348289489743,1,0.0418033711612224,0.9581966400146484,True
4577,22.885,0.1284551,0.14115903,0.12911026,0.20061682,1,4576,22.88,22.892348289489743,1,0.0418033711612224,0.9581966400146484,True
4578,22.89,0.1926168,0.207054,0.17991312,0.27075434,1,4576,22.88,22.892348289489743,1,0.0418033711612224,0.9581966400146484,True
4579,22.895,0.20991495,0.22212307,0.18372175,0.27217862,1,4576,22.88,22.892348289489743,1,0.0418033711612224,0.9581966400146484,True
4580,22.9,0.17728801,0.18823725,0.14818282,0.21632035,1,4580,22.9,22.91132092475891,1,0.0643712952733039,0.9356286525726318,True
4581,22.905,0.1117967,0.124892384,0.09467917,0.13367969,1,4580,22.9,22.91132092475891,1,0.0643712952733039,0.9356286525726318,True
4582,22.91,0.042893887,0.05944132,0.045925256,0.05817589,1,4580,22.9,22.91132092475891,1,0.0643712952733039,0.9356286525726318,True
4583,22.915,-0.0030904093,0.013458989,0.014470139,0.01181036,1,4580,22.9,22.91132092475891,1,0.0643712952733039,0.9356286525726318,True
4584,22.92,-0.017032268,-0.0067687556,-0.00078082224,-0.0024696037,1,4584,22.92,22.925230503082275,1,0.0275087170302867,0.9724913239479064,True
4585,22.925,-0.011027707,-0.0108132735,-0.009684532,0.0017089045,1,4584,22.92,22.925230503082275,1,0.0275087170302867,0.9724913239479064,True
4586,22.93,-0.009932242,-0.016777642,-0.023221489,0.0022382098,1,4584,22.92,22.925230503082275,1,0.0275087170302867,0.9724913239479064,True
4587,22.935,-0.035522528,-0.04093852,-0.048586294,-0.022122636,1,4584,22.92,22.925230503082275,1,0.0275087170302867,0.9724913239479064,True
4588,22.94,-0.092441976,-0.08911987,-0.08760826,-0.082767285,1,4588,22.94,22.94270181655884,1,0.0578588619828224,0.9421411156654358,True
4589,22.945,-0.16377112,-0.15254697,-0.13562746,-0.17343958,1,4588,22.94,22.94270181655884,1,0.0578588619828224,0.9421411156654358,True
4590,22.95,-0.21856403,-0.20941426,-0.17974877,-0.26704994,1,4588,22.94,22.94270181655884,1,0.0578588619828224,0.9421411156654358,True
4591,22.955,-0.22719173,-0.23242533,-0.19965765,-0.32236993,1,4588,22.94,22.94270181655884,1,0.0578588619828224,0.9421411156654358,True
4592,22.96,-0.1763512,-0.20072046,-0.17487755,-0.30194005,1,4592,22.96,22.9613299369812,1,0.0915848389267921,0.908415138721466,True
4593,22.965,-0.07612607,-0.11167623,-0.0972452,-0.1937901,1,4592,22.96,22.9613299369812,1,0.0915848389267921,0.908415138721466,True
4594,22.97,0.044140156,0.013930472,0.019167446,-0.023344966,1,4592,22.96,22.9613299369812,1,0.0915848389267921,0.908415138721466,True
4595,22.975,0.14874932,0.13818617,0.13960674,0.15469459,1,4592,22.96,22.9613299369812,1,0.0915848389267921,0.908415138721466,True
4596,22.98,0.21075462,0.22246073,0.22376306,0.28213933,1,4596,22.98,22.99499225616455,1,0.0373951569199562,0.962604820728302,True
4597,22.985,0.2218558,0.24563,0.24640119,0.3257361,1,4596,22.98,22.99499225616455,1,0.0373951569199562,0.962604820728302,True
4598,22.99,0.19268167,0.2132533,0.2102248,0.29076952,1,4596,22.98,22.99499225616455,1,0.0373951569199562,0.962604820728302,True
4599,22.995,0.14445724,0.1519706,0.1422994,0.21259093,1,4596,22.98,22.99499225616455,1,0.0373951569199562,0.962604820728302,True
4600,23.0,0.09752499,0.092951484,0.07661978,0.13360967,1,4600,23.0,23.00991797447205,1,0.0430701524019241,0.9569298624992372,True
4601,23.005,0.062797315,0.055046286,0.034647252,0.0811898,1,4600,23.0,23.00991797447205,1,0.0430701524019241,0.9569298624992372,True
4602,23.01,0.03916075,0.037372895,0.01597683,0.058138654,1,4600,23.0,23.00991797447205,1,0.0430701524019241,0.9569298624992372,True
4603,23.015,0.016254444,0.023889348,0.0032604812,0.04721561,1,4600,23.0,23.00991797447205,1,0.0430701524019241,0.9569298624992372,True
4604,23.02,-0.019421844,-0.004854328,-0.024012122,0.023413917,1,4604,23.02,23.02041983604431,1,0.0280566718429327,0.9719433784484864,True
4605,23.025,-0.07685711,-0.0600951,-0.07634146,-0.03296193,1,4604,23.02,23.02041983604431,1,0.0280566718429327,0.9719433784484864,True
4606,23.03,-0.15336378,-0.13827698,-0.1482416,-0.12614058,1,4604,23.02,23.02041983604431,1,0.0280566718429327,0.9719433784484864,True
4607,23.035,-0.23122282,-0.22076762,-0.22026286,-0.23943153,1,4604,23.02,23.02041983604431,1,0.0280566718429327,0.9719433784484864,True
4608,23.04,-0.28162876,-0.2792237,-0.26615056,-0.33705848,1,4608,23.04,23.04611659049988,1,0.0517561398446559,0.9482438564300536,True
4609,23.045,-0.27637893,-0.28555393,-0.26223433,-0.37594086,1,4608,23.04,23.04611659049988,1,0.0517561398446559,0.9482438564300536,True
4610,23.05,-0.20264852,-0.22434239,-0.19721602,-0.32578388,1,4608,23.04,23.04611659049988,1,0.0517561398446559,0.9482438564300536,True
4611,23.055,-0.072817765,-0.10301629,-0.07977548,-0.18842344,1,4608,23.04,23.04611659049988,1,0.0517561398446559,0.9482438564300536,True
4612,23.06,0.077316195,0.046723712,0.060563687,-0.0033678734,1,4612,23.06,23.07825088500977,1,0.0373681522905826,0.96263188123703,True
4613,23.065,0.20268661,0.18005744,0.18305868,0.16790506,1,4612,23.06,23.07825088500977,1,0.0373681522905826,0.96263188123703,True
4614,23.07,0.26887402,0.25902906,0.25357303,0.2723287,1,4612,23.06,23.07825088500977,1,0.0373681522905826,0.96263188123703,True
4615,23.075,0.26692185,0.2700714,0.26077956,0.29155207,1,4612,23.06,23.07825088500977,1,0.0373681522905826,0.96263188123703,True
4616,23.08,0.21443334,0.22765237,0.21963875,0.24651104,1,4616,23.08,23.09024977684021,1,0.0520296320319175,0.9479703903198242,True
4617,23.085,0.14276606,0.16194929,0.15943049,0.17821701,1,4616,23.08,23.09024977684021,1,0.0520296320319175,0.9479703903198242,True
4618,23.09,0.07922915,0.10012286,0.105330326,0.12044344,1,4616,23.08,23.09024977684021,1,0.0520296320319175,0.9479703903198242,True
4619,23.095,0.035700202,0.054386318,0.066762306,0.08433116,1,4616,23.08,23.09024977684021,1,0.0520296320319175,0.9479703903198242,True
4620,23.1,0.008819639,0.02256952,0.03856547,0.06241949,1,4620,23.1,23.102065563201904,1,0.0249567609280347,0.97504323720932,True
4621,23.105,-0.012305597,-0.0039693364,0.009889091,0.042670548,1,4620,23.1,23.102065563201904,1,0.0249567609280347,0.97504323720932,True
4622,23.11,-0.038695313,-0.03390826,-0.028350562,0.0175935,1,4620,23.1,23.102065563201904,1,0.0249567609280347,0.97504323720932,True
4623,23.115,-0.07800934,-0.07411969,-0.08105791,-0.016941035,1,4620,23.1,23.102065563201904,1,0.0249567609280347,0.97504323720932,True
4624,23.12,-0.132507,-0.12837546,-0.14794159,-0.06583391,1,4624,23.12,23.128435373306274,1,0.0290431194007396,0.9709568619728088,True
4625,23.125,-0.19541933,-0.19262975,-0.22010417,-0.13218644,1,4624,23.12,23.128435373306274,1,0.0290431194007396,0.9709568619728088,True
4626,23.13,-0.2479225,-0.24980582,-0.2769196,-0.20807879,1,4624,23.12,23.128435373306274,1,0.0290431194007396,0.9709568619728088,True
4627,23.135,-0.262737,-0.27189428,-0.29012913,-0.2690429,1,4624,23.12,23.128435373306274,1,0.0290431194007396,0.9709568619728088,True
4628,23.14,-0.2168411,-0.23309383,-0.23759554,-0.2819068,1,4628,23.14,23.14230298995972,1,0.0808052867650985,0.919194757938385,True
4629,23.145,-0.10726081,-0.12756507,-0.11946861,-0.22418533,1,4628,23.14,23.14230298995972,1,0.0808052867650985,0.919194757938385,True
4630,23.15,0.041266106,0.021101162,0.035519727,-0.10174254,1,4628,23.14,23.14230298995972,1,0.0808052867650985,0.919194757938385,True
4631,23.155,0.18414114,0.16756663,0.1805226,0.049321312,1,4628,23.14,23.14230298995972,1,0.0808052867650985,0.919194757938385,True
4632,23.16,0.27731586,0.26648134,0.27279338,0.17971553,1,4632,23.16,23.16166520118713,1,0.0353159122169017,0.9646840691566468,True
4633,23.165,0.2983301,0.29472247,0.2938118,0.25226426,1,4632,23.16,23.16166520118713,1,0.0353159122169017,0.9646840691566468,True
4634,23.17,0.25511137,0.2599227,0.2547022,0.25884166,1,4632,23.16,23.16166520118713,1,0.0353159122169017,0.9646840691566468,True
4635,23.175,0.1775731,0.19079377,0.18465984,0.21869874,1,4632,23.16,23.16166520118713,1,0.0353159122169017,0.9646840691566468,True
4636,23.18,0.09841283,0.117464334,0.111778796,0.16155446,1,4636,23.18,23.19503927230835,1,0.0566264353692531,0.9433735609054564,True
4637,23.185,0.036258798,0.056057412,0.049908977,0.10893783,1,4636,23.18,23.19503927230835,1,0.0566264353692531,0.9433735609054564,True
4638,23.19,-0.0086376555,0.006655501,-0.0011203815,0.06620188,1,4636,23.18,23.19503927230835,1,0.0566264353692531,0.9433735609054564,True
4639,23.195,-0.046224833,-0.037678037,-0.045914102,0.027268246,1,4636,23.18,23.19503927230835,1,0.0566264353692531,0.9433735609054564,True
4640,23.2,-0.08501223,-0.08108717,-0.08521392,-0.015771555,1,4640,23.2,23.2105085849762,1,0.0251415334641933,0.9748584032058716,True
4641,23.205,-0.12629731,-0.122536354,-0.11605407,-0.0670635,1,4640,23.2,23.2105085849762,1,0.0251415334641933,0.9748584032058716,True
4642,23.21,-0.16607745,-0.15995522,-0.13782333,-0.12699437,1,4640,23.2,23.2105085849762,1,0.0251415334641933,0.9748584032058716,True
4643,23.215,-0.19919282,-0.19327523,-0.15540315,-0.1925761,1,4640,23.2,23.2105085849762,1,0.0251415334641933,0.9748584032058716,True
4644,23.22,-0.22008125,-0.22104141,-0.17391224,-0.25418025,1,4644,23.22,23.229297399520878,1,0.0568037591874599,0.9431962370872498,True
4645,23.225,-0.22044502,-0.23397109,-0.18930562,-0.29201376,1,4644,23.22,23.229297399520878,1,0.0568037591874599,0.9431962370872498,True
4646,23.23,-0.18902655,-0.21438095,-0.1852344,-0.28014922,1,4644,23.22,23.229297399520878,1,0.0568037591874599,0.9431962370872498,True
4647,23.235,-0.11717487,-0.14617537,-0.14218862,-0.20071523,1,4644,23.22,23.229297399520878,1,0.0568037591874599,0.9431962370872498,True
4648,23.24,-0.007613804,-0.029510016,-0.053390827,-0.059949018,1,4648,23.24,23.244505405426025,1,0.0419999212026596,0.9580000638961792,True
4649,23.245,0.12067749,0.112142354,0.06564568,0.10745916,1,4648,23.24,23.244505405426025,1,0.0419999212026596,0.9580000638961792,True
4650,23.25,0.23674527,0.2400152,0.18260254,0.25208908,1,4648,23.24,23.244505405426025,1,0.0419999212026596,0.9580000638961792,True
4651,23.255,0.30990788,0.31868237,0.2650809,0.33380845,1,4648,23.24,23.244505405426025,1,0.0419999212026596,0.9580000638961792,True
4652,23.26,0.32319942,0.3326042,0.29597628,0.34009904,1,4652,23.26,23.2727472782135,1,0.0411730222404003,0.9588268995285034,True
4653,23.265,0.28045774,0.29025573,0.27752104,0.28752843,1,4652,23.26,23.2727472782135,1,0.0411730222404003,0.9588268995285034,True
4654,23.27,0.20315425,0.21519135,0.22414006,0.20786484,1,4652,23.26,23.2727472782135,1,0.0411730222404003,0.9588268995285034,True
4655,23.275,0.11848118,0.13165912,0.15185134,0.12967148,1,4652,23.26,23.2727472782135,1,0.0411730222404003,0.9588268995285034,True
4656,23.28,0.04495792,0.053756084,0.07155115,0.06620525,1,4656,23.28,23.29058861732483,1,0.0266724433749914,0.9733275771141052,True
4657,23.285,-0.016187383,-0.017168963,-0.01177653,0.013956302,1,4656,23.28,23.29058861732483,1,0.0266724433749914,0.9733275771141052,True
4658,23.29,-0.07824703,-0.08763775,-0.09612236,-0.04035002,1,4656,23.28,23.29058861732483,1,0.0266724433749914,0.9733275771141052,True
4659,23.295,-0.15612572,-0.16379388,-0.17873402,-0.10933918,1,4656,23.28,23.29058861732483,1,0.0266724433749914,0.9733275771141052,True
4660,23.3,-0.251363,-0.24424542,-0.25338626,-0.19582146,1,4660,23.3,23.31036353111267,1,0.0256817899644374,0.9743182063102722,True
4661,23.305,-0.34474483,-0.31685024,-0.30936807,-0.287929,1,4660,23.3,23.31036353111267,1,0.0256817899644374,0.9743182063102722,True
4662,23.31,-0.40147847,-0.36046514,-0.33258533,-0.36025006,1,4660,23.3,23.31036353111267,1,0.0256817899644374,0.9743182063102722,True
4663,23.315,-0.3867363,-0.35160047,-0.30907562,-0.38156077,1,4660,23.3,23.31036353111267,1,0.0256817899644374,0.9743182063102722,True
4664,23.32,-0.28405106,-0.27475548,-0.2307,-0.32784328,1,4664,23.32,23.327523469924927,1,0.0550201088190078,0.9449798464775084,True
4665,23.325,-0.10729877,-0.13282958,-0.10144893,-0.1960027,1,4664,23.32,23.327523469924927,1,0.0550201088190078,0.9449798464775084,True
4666,23.33,0.10081859,0.048265833,0.058796164,-0.010920853,1,4664,23.32,23.327523469924927,1,0.0550201088190078,0.9449798464775084,True
4667,23.335,0.2846202,0.22547738,0.21650627,0.1802291,1,4664,23.32,23.327523469924927,1,0.0550201088190078,0.9449798464775084,True
4668,23.34,0.3981801,0.35393408,0.33390725,0.3257899,1,4668,23.34,23.342586755752563,1,0.0351199619472026,0.9648799896240234,True
4669,23.345,0.42268932,0.4042824,0.38248014,0.39074153,1,4668,23.34,23.342586755752563,1,0.0351199619472026,0.9648799896240234,True
4670,23.35,0.36941722,0.37287867,0.35417065,0.3693744,1,4668,23.34,23.342586755752563,1,0.0351199619472026,0.9648799896240234,True
4671,23.355,0.26870537,0.28017116,0.26426288,0.28318363,1,4668,23.34,23.342586755752563,1,0.0351199619472026,0.9648799896240234,True
4672,23.36,0.1536773,0.15957269,0.14418335,0.16733989,1,4672,23.36,23.367641925811768,1,0.0368388779461383,0.9631611704826356,True
4673,23.365,0.048329115,0.0435396,0.02806051,0.055196673,1,4672,23.36,23.367641925811768,1,0.0368388779461383,0.9631611704826356,True
4674,23.37,-0.035888057,-0.046620507,-0.0599892,-0.03130071,1,4672,23.36,23.367641925811768,1,0.0368388779461383,0.9631611704826356,True
4675,23.375,-0.09726008,-0.1040432,-0.11199172,-0.08372158,1,4672,23.36,23.367641925811768,1,0.0368388779461383,0.9631611704826356,True
4676,23.38,-0.13954292,-0.13348,-0.13415079,-0.10497973,1,4676,23.38,23.39548969268799,1,0.0231764260679483,0.9768235683441162,True
4677,23.385,-0.1692656,-0.14572783,-0.13988072,-0.106246464,1,4676,23.38,23.39548969268799,1,0.0231764260679483,0.9768235683441162,True
4678,23.39,-0.19429477,-0.15276173,-0.14275798,-0.10353065,1,4676,23.38,23.39548969268799,1,0.0231764260679483,0.9768235683441162,True
4679,23.395,-0.22131503,-0.16455214,-0.152301,-0.1124586,1,4676,23.38,23.39548969268799,1,0.0231764260679483,0.9768235683441162,True
4680,23.4,-0.25084004,-0.18584663,-0.17178561,-0.14070746,1,4680,23.4,23.412025213241577,1,0.0694989338517189,0.930501103401184,True
4681,23.405,-0.2720037,-0.2116913,-0.19595128,-0.18095137,1,4680,23.4,23.412025213241577,1,0.0694989338517189,0.930501103401184,True
4682,23.41,-0.26264518,-0.22454268,-0.20924228,-0.21002,1,4680,23.4,23.412025213241577,1,0.0694989338517189,0.930501103401184,True
4683,23.415,-0.19886346,-0.19870374,-0.1888124,-0.198404,1,4680,23.4,23.412025213241577,1,0.0694989338517189,0.930501103401184,True
4684,23.42,-0.071273886,-0.11420297,-0.115349025,-0.12738112,1,4684,23.42,23.425407648086548,1,0.0412615351378917,0.9587385058403016,True
4685,23.425,0.10227347,0.026607113,0.012161325,-0.0035885,1,4684,23.42,23.425407648086548,1,0.0412615351378917,0.9587385058403016,True
4686,23.43,0.2782429,0.19218858,0.16810994,0.13988914,1,4684,23.42,23.425407648086548,1,0.0412615351378917,0.9587385058403016,True
4687,23.435,0.40513754,0.33259076,0.30717337,0.25840607,1,4684,23.42,23.425407648086548,1,0.0412615351378917,0.9587385058403016,True
4688,23.44,0.44746384,0.40309674,0.38487178,0.31754333,1,4688,23.44,23.44041657447815,1,0.0385519638657569,0.9614480137825012,True
4689,23.445,0.4009907,0.38577953,0.37932643,0.30777824,1,4688,23.44,23.44041657447815,1,0.0385519638657569,0.9614480137825012,True
4690,23.45,0.2905683,0.2953227,0.30014783,0.24390335,1,4688,23.44,23.44041657447815,1,0.0385519638657569,0.9614480137825012,True
4691,23.455,0.15397304,0.16715018,0.179757,0.15241314,1,4688,23.44,23.44041657447815,1,0.0385519638657569,0.9614480137825012,True
4692,23.46,0.023529256,0.037857123,0.05472566,0.057235103,1,4692,23.46,23.48240756988525,1,0.0273155681788921,0.9726845026016236,True
4693,23.465,-0.08398578,-0.069263004,-0.050192866,-0.027749302,1,4692,23.46,23.48240756988525,1,0.0273155681788921,0.9726845026016236,True
4694,23.47,-0.16655861,-0.14759158,-0.1276037,-0.09837942,1,4692,23.46,23.48240756988525,1,0.0273155681788921,0.9726845026016236,True
4695,23.475,-0.22988598,-0.2022948,-0.18364298,-0.156496,1,4692,23.46,23.48240756988525,1,0.0273155681788921,0.9726845026016236,True
4696,23.48,-0.28022596,-0.24331361,-0.23031278,-0.2066454,1,4696,23.48,23.48240756988525,1,0.026062786579132,0.973937213420868,True
4697,23.485,-0.320026,-0.27930576,-0.27753288,-0.25293058,1,4696,23.48,23.48240756988525,1,0.026062786579132,0.973937213420868,True
4698,23.49,-0.3455286,-0.31176355,-0.32523084,-0.29386222,1,4696,23.48,23.48240756988525,1,0.026062786579132,0.973937213420868,True
4699,23.495,-0.34536314,-0.3294496,-0.35702202,-0.31634945,1,4696,23.48,23.48240756988525,1,0.026062786579132,0.973937213420868,True
4700,23.5,-0.30202466,-0.3079466,-0.3414478,-0.2951203,1,4700,23.5,23.5104820728302,1,0.0551548339426517,0.9448451399803162,True
4701,23.505,-0.19955923,-0.22030963,-0.24658927,-0.2038801,1,4700,23.5,23.5104820728302,1,0.0551548339426517,0.9448451399803162,True
4702,23.51,-0.03678513,-0.057381473,-0.06440288,-0.036006708,1,4700,23.5,23.5104820728302,1,0.0551548339426517,0.9448451399803162,True
4703,23.515,0.1618449,0.15500213,0.17119533,0.17871532,1,4700,23.5,23.5104820728302,1,0.0551548339426517,0.9448451399803162,True
4704,23.52,0.34835884,0.35796383,0.39010257,0.377407,1,4704,23.52,23.52835488319397,1,0.03528793156147,0.9647120237350464,True
4705,23.525,0.46983764,0.4851818,0.5181532,0.49147502,1,4704,23.52,23.52835488319397,1,0.03528793156147,0.9647120237350464,True
4706,23.53,0.4940379,0.49782044,0.5167799,0.48307645,1,4704,23.52,23.52835488319397,1,0.03528793156147,0.9647120237350464,True
4707,23.535,0.4251563,0.404895,0.4028727,0.3659803,1,4704,23.52,23.52835488319397,1,0.03528793156147,0.9647120237350464,True
4708,23.54,0.29844868,0.2545227,0.23484194,0.1956547,1,4708,23.54,23.543240785598755,1,0.0431562438607215,0.9568437337875366,True
4709,23.545,0.1576975,0.10299666,0.07581477,0.035654373,1,4708,23.54,23.543240785598755,1,0.0431562438607215,0.9568437337875366,True
4710,23.55,0.032141425,-0.0154284965,-0.039232545,-0.075665966,1,4708,23.54,23.543240785598755,1,0.0431562438607215,0.9568437337875366,True
4711,23.555,-0.071267694,-0.097755715,-0.11134769,-0.13632187,1,4708,23.54,23.543240785598755,1,0.0431562438607215,0.9568437337875366,True
4712,23.56,-0.15803027,-0.15851331,-0.16068663,-0.16688028,1,4712,23.56,23.570589303970337,1,0.0235424134880304,0.9764575362205504,True
4713,23.565,-0.2309701,-0.20905615,-0.20321293,-0.18771164,1,4712,23.56,23.570589303970337,1,0.0235424134880304,0.9764575362205504,True
4714,23.57,-0.28446883,-0.24822973,-0.24003103,-0.20643088,1,4712,23.56,23.570589303970337,1,0.0235424134880304,0.9764575362205504,True
4715,23.575,-0.31118754,-0.2688236,-0.26327428,-0.22105186,1,4712,23.56,23.570589303970337,1,0.0235424134880304,0.9764575362205504,True
4716,23.58,-0.31096435,-0.2684989,-0.2671797,-0.22873303,1,4716,23.58,23.590580224990845,1,0.0631243661046028,0.936875581741333,True
4717,23.585,-0.29023343,-0.25163087,-0.2514881,-0.22763135,1,4716,23.58,23.590580224990845,1,0.0631243661046028,0.936875581741333,True
4718,23.59,-0.2522015,-0.22076257,-0.21589707,-0.2110702,1,4716,23.58,23.590580224990845,1,0.0631243661046028,0.936875581741333,True
4719,23.595,-0.18983991,-0.16920745,-0.15534969,-0.16488044,1,4716,23.58,23.590580224990845,1,0.0631243661046028,0.936875581741333,True
4720,23.6,-0.0921038,-0.085834384,-0.06466477,-0.07673996,1,4720,23.6,23.60235595703125,1,0.0372573696076869,0.9627426862716676,True
4721,23.605,0.040117677,0.030172348,0.05049363,0.04772917,1,4720,23.6,23.60235595703125,1,0.0372573696076869,0.9627426862716676,True
4722,23.61,0.18342745,0.15869309,0.16805923,0.17803214,1,4720,23.6,23.60235595703125,1,0.0372573696076869,0.9627426862716676,True
4723,23.615,0.29881206,0.26431713,0.25749102,0.2715983,1,4720,23.6,23.60235595703125,1,0.0372573696076869,0.9627426862716676,True
4724,23.62,0.35297862,0.3161127,0.29672876,0.29934242,1,4724,23.62,23.62024664878845,1,0.0406572297215461,0.9593427181243896,True
4725,23.625,0.33811945,0.30641523,0.28483206,0.2642113,1,4724,23.62,23.62024664878845,1,0.0406572297215461,0.9593427181243896,True
4726,23.63,0.27485213,0.25374985,0.24017924,0.19752312,1,4724,23.62,23.62024664878845,1,0.0406572297215461,0.9593427181243896,True
4727,23.635,0.19647151,0.18793029,0.18609431,0.1359731,1,4724,23.62,23.62024664878845,1,0.0406572297215461,0.9593427181243896,True
4728,23.64,0.12702894,0.12953752,0.1355976,0.09749996,1,4728,23.64,23.645307540893555,1,0.0249361675232648,0.9750638604164124,True
4729,23.645,0.069600545,0.07958116,0.086598404,0.07385693,1,4728,23.64,23.645307540893555,1,0.0249361675232648,0.9750638604164124,True
4730,23.65,0.012075878,0.025856806,0.029538289,0.04319401,1,4728,23.64,23.645307540893555,1,0.0249361675232648,0.9750638604164124,True
4731,23.655,-0.05626629,-0.04127709,-0.04041999,-0.009623711,1,4728,23.64,23.645307540893555,1,0.0249361675232648,0.9750638604164124,True
4732,23.66,-0.13194731,-0.1177461,-0.11713784,-0.08137356,1,4732,23.66,23.67030382156372,1,0.0261547341942787,0.9738453030586244,True
4733,23.665,-0.19853261,-0.18797292,-0.1874654,-0.15479067,1,4732,23.66,23.67030382156372,1,0.0261547341942787,0.9738453030586244,True
4734,23.67,-0.23975813,-0.23698832,-0.24044442,-0.21255341,1,4732,23.66,23.67030382156372,1,0.0261547341942787,0.9738453030586244,True
4735,23.675,-0.25207177,-0.26049882,-0.27248654,-0.24779497,1,4732,23.66,23.67030382156372,1,0.0261547341942787,0.9738453030586244,True
4736,23.68,-0.24476208,-0.2634995,-0.28373024,-0.26259413,1,4736,23.68,23.690651416778564,1,0.0628164112567901,0.9371836185455322,True
4737,23.685,-0.22733247,-0.24929903,-0.26997414,-0.25739455,1,4736,23.68,23.690651416778564,1,0.0628164112567901,0.9371836185455322,True
4738,23.69,-0.19630766,-0.21061637,-0.2198276,-0.22288594,1,4736,23.68,23.690651416778564,1,0.0628164112567901,0.9371836185455322,True
4739,23.695,-0.13542548,-0.13328116,-0.12256038,-0.14415698,1,4736,23.68,23.690651416778564,1,0.0628164112567901,0.9371836185455322,True
4740,23.7,-0.031474553,-0.011454663,0.018098613,-0.015974838,1,4740,23.7,23.71052050590515,1,0.0378551185131073,0.9621448516845704,True
4741,23.705,0.106929764,0.13825467,0.17589502,0.1429749,1,4740,23.7,23.71052050590515,1,0.0378551185131073,0.9621448516845704,True
4742,23.71,0.24461803,0.27707237,0.3083989,0.29034618,1,4740,23.7,23.71052050590515,1,0.0378551185131073,0.9621448516845704,True
4743,23.715,0.33550426,0.36107644,0.37579334,0.37808532,1,4740,23.7,23.71052050590515,1,0.0378551185131073,0.9621448516845704,True
4744,23.72,0.3485525,0.36421135,0.36057436,0.37749964,1,4744,23.72,23.727490425109863,1,0.044960506260395,0.9550395607948304,True
4745,23.725,0.28571728,0.2919252,0.275648,0.29474518,1,4744,23.72,23.727490425109863,1,0.044960506260395,0.9550395607948304,True
4746,23.73,0.17948273,0.17686814,0.1562308,0.16652457,1,4744,23.72,23.727490425109863,1,0.044960506260395,0.9550395607948304,True
4747,23.735,0.0725282,0.060417444,0.041457765,0.039536327,1,4744,23.72,23.727490425109863,1,0.044960506260395,0.9550395607948304,True
4748,23.74,-0.005903452,-0.027718594,-0.04299568,-0.052695155,1,4748,23.74,23.74241590499878,1,0.0244777016341686,0.97552227973938,True
4749,23.745,-0.051814046,-0.080303654,-0.09260906,-0.10249603,1,4748,23.74,23.74241590499878,1,0.0244777016341686,0.97552227973938,True
4750,23.75,-0.08124146,-0.109928876,-0.12038758,-0.12562902,1,4748,23.74,23.74241590499878,1,0.0244777016341686,0.97552227973938,True
4751,23.755,-0.11440921,-0.1368591,-0.14576885,-0.14766344,1,4748,23.74,23.74241590499878,1,0.0244777016341686,0.97552227973938,True
4752,23.76,-0.16058375,-0.17473805,-0.18167828,-0.18671606,1,4752,23.76,23.775463104248047,1,0.0338839963078498,0.966115951538086,True
4753,23.765,-0.2120337,-0.2210876,-0.22527103,-0.2404561,1,4752,23.76,23.775463104248047,1,0.0338839963078498,0.966115951538086,True
4754,23.77,-0.24873953,-0.25716817,-0.25719368,-0.28414628,1,4752,23.76,23.775463104248047,1,0.0338839963078498,0.966115951538086,True
4755,23.775,-0.24954166,-0.2576353,-0.2511282,-0.28252637,1,4752,23.76,23.775463104248047,1,0.0338839963078498,0.966115951538086,True
4756,23.78,-0.20289813,-0.20504904,-0.18938053,-0.21063069,1,4756,23.78,23.799092292785645,1,0.0530085265636444,0.946991503238678,True
4757,23.785,-0.11212443,-0.10100088,-0.07540679,-0.07166791,1,4756,23.78,23.799092292785645,1,0.0530085265636444,0.946991503238678,True
4758,23.79,0.005699471,0.032343626,0.06460191,0.09951039,1,4756,23.78,23.799092292785645,1,0.0530085265636444,0.946991503238678,True
4759,23.795,0.12473054,0.16052024,0.19203828,0.25022447,1,4756,23.78,23.799092292785645,1,0.0530085265636444,0.946991503238678,True
4760,23.8,0.21706969,0.25007722,0.27211782,0.33356938,1,4760,23.8,23.81022548675537,1,0.0371852554380893,0.9628147482872008,True
4761,23.805,0.26074705,0.28095368,0.28776962,0.32926372,1,4760,23.8,23.81022548675537,1,0.0371852554380893,0.9628147482872008,True
4762,23.81,0.24809706,0.25340837,0.24521205,0.25143966,1,4760,23.8,23.81022548675537,1,0.0371852554380893,0.9628147482872008,True
4763,23.815,0.19068806,0.18701841,0.1694838,0.1401149,1,4760,23.8,23.81022548675537,1,0.0371852554380893,0.9628147482872008,True
4764,23.82,0.11580527,0.11170487,0.09236403,0.04119016,1,4764,23.82,23.82571649551392,1,0.0319814495742321,0.9680185914039612,True
4765,23.825,0.053594094,0.05400459,0.03808541,-0.014693374,1,4764,23.82,23.82571649551392,1,0.0319814495742321,0.9680185914039612,True
4766,23.83,0.021168446,0.024778785,0.0130886,-0.024025762,1,4764,23.82,23.82571649551392,1,0.0319814495742321,0.9680185914039612,True
4767,23.835,0.013852443,0.014933032,0.0044570914,-0.008029091,1,4764,23.82,23.82571649551392,1,0.0319814495742321,0.9680185914039612,True
4768,23.84,0.00990419,0.0022147663,-0.011791357,0.0014440143,1,4768,23.84,23.845267057418823,1,0.0276243463158607,0.9723756313323976,True
4769,23.845,-0.0140920365,-0.03400408,-0.055773,-0.020201504,1,4768,23.84,23.845267057418823,1,0.0276243463158607,0.9723756313323976,True
4770,23.85,-0.067293435,-0.098344624,-0.1294734,-0.07743353,1,4768,23.84,23.845267057418823,1,0.0276243463158607,0.9723756313323976,True
4771,23.855,-0.13820645,-0.17448169,-0.21187477,-0.15256341,1,4768,23.84,23.845267057418823,1,0.0276243463158607,0.9723756313323976,True
4772,23.86,-0.20118473,-0.23337759,-0.2682415,-0.21520883,1,4772,23.86,23.87717914581299,1,0.0965401232242584,0.903459906578064,True
4773,23.865,-0.23104464,-0.24988052,-0.26945072,-0.23825985,1,4772,23.86,23.87717914581299,1,0.0965401232242584,0.903459906578064,True
4774,23.87,-0.21656406,-0.21687329,-0.2092437,-0.21157043,1,4772,23.86,23.87717914581299,1,0.0965401232242584,0.903459906578064,True
4775,23.875,-0.16483398,-0.14757837,-0.10750374,-0.14545584,1,4772,23.86,23.87717914581299,1,0.0965401232242584,0.903459906578064,True
4776,23.88,-0.09443567,-0.06520734,0.0024217474,-0.06238412,1,4776,23.88,23.885557174682617,1,0.0391967855393886,0.9608032703399658,True
4777,23.885,-0.022949172,0.011462999,0.09241895,0.016661001,1,4776,23.88,23.885557174682617,1,0.0391967855393886,0.9608032703399658,True
4778,23.89,0.041753784,0.07564529,0.15089844,0.081248485,1,4776,23.88,23.885557174682617,1,0.0391967855393886,0.9608032703399658,True
4779,23.895,0.100384735,0.12909405,0.18099946,0.130701,1,4776,23.88,23.885557174682617,1,0.0391967855393886,0.9608032703399658,True
4780,23.9,0.15389273,0.17320412,0.19109848,0.16681616,1,4780,23.9,23.91024923324585,1,0.0521385930478572,0.9478614330291748,True
4781,23.905,0.19675207,0.20378934,0.1871244,0.18821312,1,4780,23.9,23.91024923324585,1,0.0521385930478572,0.9478614330291748,True
4782,23.91,0.21847548,0.21351099,0.17121372,0.19107437,1,4780,23.9,23.91024923324585,1,0.0521385930478572,0.9478614330291748,True
4783,23.915,0.21143013,0.198068,0.14414783,0.17378634,1,4780,23.9,23.91024923324585,1,0.0521385930478572,0.9478614330291748,True
4784,23.92,0.1769451,0.15961294,0.10706465,0.13953549,1,4784,23.92,23.92340612411499,1,0.0362403951585292,0.9637596011161804,True
4785,23.925,0.12397034,0.10492695,0.0611916,0.09422563,1,4784,23.92,23.92340612411499,1,0.0362403951585292,0.9637596011161804,True
4786,23.93,0.062210243,0.04123464,0.00746848,0.042563003,1,4784,23.92,23.92340612411499,1,0.0362403951585292,0.9637596011161804,True
4787,23.935,-0.0034098197,-0.026274595,-0.052502573,-0.013423566,1,4784,23.92,23.92340612411499,1,0.0362403951585292,0.9637596011161804,True
4788,23.94,-0.072206885,-0.09393449,-0.1149121,-0.07250466,1,4788,23.94,23.943536043167114,1,0.0269973371177911,0.9730026125907898,True
4789,23.945,-0.142389,-0.1574919,-0.17292376,-0.1314938,1,4788,23.94,23.943536043167114,1,0.0269973371177911,0.9730026125907898,True
4790,23.95,-0.20599207,-0.2100917,-0.21678334,-0.1839006,1,4788,23.94,23.943536043167114,1,0.0269973371177911,0.9730026125907898,True
4791,23.955,-0.24843992,-0.24144183,-0.23470362,-0.2200861,1,4788,23.94,23.943536043167114,1,0.0269973371177911,0.9730026125907898,True
4792,23.96,-0.25365454,-0.23945586,-0.21551442,-0.22850202,1,4792,23.96,23.97266387939453,1,0.0751696899533271,0.9248303174972534,True
4793,23.965,-0.2123737,-0.19554052,-0.15420315,-0.19898677,1,4792,23.96,23.97266387939453,1,0.0751696899533271,0.9248303174972534,True
4794,23.97,-0.12931344,-0.112084255,-0.0585164,-0.12886445,1,4792,23.96,23.97266387939453,1,0.0751696899533271,0.9248303174972534,True
4795,23.975,-0.024390124,-0.0067474493,0.04899268,-0.028952835,1,4792,23.96,23.97266387939453,1,0.0751696899533271,0.9248303174972534,True
4796,23.98,0.074633,0.09239344,0.13852645,0.076692976,1,4796,23.98,23.9845929145813,1,0.03711399435997,0.9628860354423524,True
4797,23.985,0.14547889,0.16073525,0.18825698,0.16068399,1,4796,23.98,23.9845929145813,1,0.03711399435997,0.9628860354423524,True
4798,23.99,0.18229496,0.19092892,0.19681089,0.20653878,1,4796,23.98,23.9845929145813,1,0.03711399435997,0.9628860354423524,True
4799,23.995,0.19514355,0.19451623,0.18174969,0.21574315,1,4796,23.98,23.9845929145813,1,0.03711399435997,0.9628860354423524,True
4800,24.0,0.19702423,0.18830301,0.16319296,0.20087613,1,4800,24.0,24.01806950569153,1,0.0803717002272605,0.9196282625198364,True
4801,24.005,0.18928553,0.17696561,0.1457915,0.17131832,1,4800,24.0,24.01806950569153,1,0.0803717002272605,0.9196282625198364,True
4802,24.01,0.16003576,0.14893751,0.115832776,0.12622733,1,4800,24.0,24.01806950569153,1,0.0803717002272605,0.9196282625198364,True
4803,24.015,0.09885209,0.09080855,0.05720627,0.06207763,1,4800,24.0,24.01806950569153,1,0.0803717002272605,0.9196282625198364,True
4804,24.02,0.01368774,0.0062419088,-0.028674634,-0.014453536,1,4804,24.02,24.02518630027771,1,0.0305096842348575,0.9694902896881104,True
4805,24.025,-0.06891401,-0.08083643,-0.11886112,-0.084659345,1,4804,24.02,24.02518630027771,1,0.0305096842348575,0.9694902896881104,True
4806,24.03,-0.123508245,-0.14372881,-0.18522134,-0.13164842,1,4804,24.02,24.02518630027771,1,0.0305096842348575,0.9694902896881104,True
4807,24.035,-0.14703496,-0.17418769,-0.21498637,-0.15575658,1,4804,24.02,24.02518630027771,1,0.0305096842348575,0.9694902896881104,True
4808,24.04,-0.15947588,-0.18559094,-0.21540363,-0.17334318,1,4808,24.04,24.041512727737427,1,0.0397889055311679,0.9602111577987672,True
4809,24.045,-0.1814865,-0.19470236,-0.19957857,-0.19757824,1,4808,24.04,24.041512727737427,1,0.0397889055311679,0.9602111577987672,True
4810,24.05,-0.21050403,-0.20109716,-0.17018647,-0.21997923,1,4808,24.04,24.041512727737427,1,0.0397889055311679,0.9602111577987672,True
4811,24.055,-0.2194423,-0.18577857,-0.11869206,-0.21267492,1,4808,24.04,24.041512727737427,1,0.0397889055311679,0.9602111577987672,True
4812,24.06,-0.17998792,-0.13041152,-0.039838113,-0.15148084,1,4812,24.06,24.061952590942383,1,0.0488650724291801,0.951134979724884,True
4813,24.065,-0.088413775,-0.037530035,0.055370122,-0.039265413,1,4812,24.06,24.061952590942383,1,0.0488650724291801,0.951134979724884,True
4814,24.07,0.029763931,0.06810078,0.14269783,0.091502726,1,4812,24.06,24.061952590942383,1,0.0488650724291801,0.951134979724884,True
4815,24.075,0.13865612,0.15720826,0.20100228,0.19903606,1,4812,24.06,24.061952590942383,1,0.0488650724291801,0.951134979724884,True
4816,24.08,0.2153137,0.21499838,0.22585957,0.2577485,1,4816,24.08,24.09115219116211,1,0.0413913913071155,0.9586086869239808,True
4817,24.085,0.25735983,0.24452664,0.22798268,0.26880082,1,4816,24.08,24.09115219116211,1,0.0413913913071155,0.9586086869239808,True
4818,24.09,0.27230942,0.25420058,0.21890819,0.2499525,1,4816,24.08,24.09115219116211,1,0.0413913913071155,0.9586086869239808,True
4819,24.095,0.26284003,0.24382418,0.19787261,0.2163313,1,4816,24.08,24.09115219116211,1,0.0413913913071155,0.9586086869239808,True
4820,24.1,0.22328782,0.20329022,0.15211794,0.16946411,1,4820,24.1,24.111395835876465,1,0.0377143062651157,0.9622856974601746,True
4821,24.105,0.1494719,0.124940544,0.07072264,0.102689326,1,4820,24.1,24.111395835876465,1,0.0377143062651157,0.9622856974601746,True
4822,24.11,0.050460253,0.017442,-0.039974317,0.015726162,1,4820,24.1,24.111395835876465,1,0.0377143062651157,0.9622856974601746,True
4823,24.115,-0.05082291,-0.092797615,-0.15335727,-0.076893196,1,4820,24.1,24.111395835876465,1,0.0377143062651157,0.9622856974601746,True
4824,24.12,-0.1304861,-0.17575191,-0.23601545,-0.1525551,1,4824,24.12,24.12778878211975,1,0.0242471788078546,0.975752890110016,True
4825,24.125,-0.17927521,-0.21640822,-0.26778015,-0.19660956,1,4824,24.12,24.12778878211975,1,0.0242471788078546,0.975752890110016,True
4826,24.13,-0.20666164,-0.22221762,-0.25238076,-0.2124215,1,4824,24.12,24.12778878211975,1,0.0242471788078546,0.975752890110016,True
4827,24.135,-0.22889589,-0.21304472,-0.21058466,-0.21537918,1,4824,24.12,24.12778878211975,1,0.0242471788078546,0.975752890110016,True
4828,24.14,-0.25094494,-0.20248236,-0.1625281,-0.21601385,1,4828,24.14,24.14490437507629,1,0.0544937290251255,0.9455062747001648,True
4829,24.145,-0.2583019,-0.18664293,-0.11441238,-0.20801193,1,4828,24.14,24.14490437507629,1,0.0544937290251255,0.9455062747001648,True
4830,24.15,-0.22662795,-0.14951624,-0.05959903,-0.17276399,1,4828,24.14,24.14490437507629,1,0.0544937290251255,0.9455062747001648,True
4831,24.155,-0.1420608,-0.07950729,0.009032355,-0.097086854,1,4828,24.14,24.14490437507629,1,0.0544937290251255,0.9455062747001648,True
4832,24.16,-0.016009316,0.017161086,0.08752784,0.011173043,1,4832,24.16,24.17535376548767,1,0.0374510399997234,0.9625489115715028,True
4833,24.165,0.11727938,0.11686464,0.15982294,0.12315509,1,4832,24.16,24.17535376548767,1,0.0374510399997234,0.9625489115715028,True
4834,24.17,0.218635,0.19176278,0.20708366,0.20487224,1,4832,24.16,24.17535376548767,1,0.0374510399997234,0.9625489115715028,True
4835,24.175,0.26454186,0.22533661,0.21926937,0.23666637,1,4832,24.16,24.17535376548767,1,0.0374510399997234,0.9625489115715028,True
4836,24.18,0.25688496,0.21956636,0.20036946,0.2223079,1,4836,24.18,24.19154000282288,1,0.0560947395861148,0.9439052939414978,True
4837,24.185,0.21705624,0.19021256,0.16441913,0.18287642,1,4836,24.18,24.19154000282288,1,0.0560947395861148,0.9439052939414978,True
4838,24.19,0.17021093,0.15484813,0.12580137,0.14158535,1,4836,24.18,24.19154000282288,1,0.0560947395861148,0.9439052939414978,True
4839,24.195,0.13073362,0.12213546,0.09057052,0.11042321,1,4836,24.18,24.19154000282288,1,0.0560947395861148,0.9439052939414978,True
4840,24.2,0.097463995,0.088957354,0.05448144,0.08621428,1,4840,24.2,24.222581148147583,1,0.0260984785854816,0.9739015102386476,True
4841,24.205,0.05967178,0.046227627,0.008800902,0.056501467,1,4840,24.2,24.222581148147583,1,0.0260984785854816,0.9739015102386476,True
4842,24.21,0.0077057383,-0.011747446,-0.050679058,0.0098048225,1,4840,24.2,24.222581148147583,1,0.0260984785854816,0.9739015102386476,True
4843,24.215,-0.059549183,-0.08149088,-0.11849053,-0.056468256,1,4840,24.2,24.222581148147583,1,0.0260984785854816,0.9739015102386476,True
4844,24.22,-0.13411634,-0.15165736,-0.18180794,-0.13400398,1,4844,24.22,24.22696137428284,1,0.0267967488616704,0.9732032418251038,True
4845,24.225,-0.20301078,-0.20874532,-0.2271625,-0.20652167,1,4844,24.22,24.22696137428284,1,0.0267967488616704,0.9732032418251038,True
4846,24.23,-0.25231633,-0.24168824,-0.2452729,-0.25474468,1,4844,24.22,24.22696137428284,1,0.0267967488616704,0.9732032418251038,True
4847,24.235,-0.26932406,-0.24283497,-0.2312797,-0.26178512,1,4844,24.22,24.22696137428284,1,0.0267967488616704,0.9732032418251038,True
4848,24.24,-0.24476066,-0.20790394,-0.18357931,-0.21903445,1,4848,24.24,24.24464106559753,1,0.060694757848978,0.9393051862716676,True
4849,24.245,-0.17733006,-0.1384247,-0.10550808,-0.13174936,1,4848,24.24,24.24464106559753,1,0.060694757848978,0.9393051862716676,True
4850,24.25,-0.078595296,-0.045666646,-0.009038483,-0.020848008,1,4848,24.24,24.24464106559753,1,0.060694757848978,0.9393051862716676,True
4851,24.255,0.027529709,0.04946709,0.08525993,0.08297674,1,4848,24.24,24.24464106559753,1,0.060694757848978,0.9393051862716676,True
4852,24.26,0.114243366,0.12440441,0.15586446,0.15238345,1,4852,24.26,24.270493030548096,1,0.0371920764446258,0.9628078937530518,True
4853,24.265,0.16596039,0.1669496,0.19170335,0.17685466,1,4852,24.26,24.270493030548096,1,0.0371920764446258,0.9628078937530518,True
4854,24.27,0.18634576,0.18166895,0.19794923,0.16710076,1,4852,24.26,24.270493030548096,1,0.0371920764446258,0.9628078937530518,True
4855,24.275,0.19242615,0.18389772,0.19017798,0.14615254,1,4852,24.26,24.270493030548096,1,0.0371920764446258,0.9628078937530518,True
4856,24.28,0.19849265,0.18536012,0.18089141,0.13279775,1,4856,24.28,24.2932448387146,1,0.1050144135951995,0.8949856162071228,True
4857,24.285,0.2034022,0.18374579,0.16959262,0.12945706,1,4856,24.28,24.2932448387146,1,0.1050144135951995,0.8949856162071228,True
4858,24.29,0.19250917,0.16556685,0.14466007,0.12331926,1,4856,24.28,24.2932448387146,1,0.1050144135951995,0.8949856162071228,True
4859,24.295,0.15189111,0.119315565,0.094764926,0.098681256,1,4856,24.28,24.2932448387146,1,0.1050144135951995,0.8949856162071228,True
4860,24.3,0.08097245,0.04638223,0.01952969,0.049435545,1,4860,24.3,24.310405015945435,1,0.0278564020991325,0.9721436500549316,True
4861,24.305,-0.007878874,-0.039884426,-0.069077566,-0.018220093,1,4860,24.3,24.310405015945435,1,0.0278564020991325,0.9721436500549316,True
4862,24.31,-0.10018504,-0.12425879,-0.15392628,-0.092694975,1,4860,24.3,24.310405015945435,1,0.0278564020991325,0.9721436500549316,True
4863,24.315,-0.18747395,-0.1973939,-0.22062624,-0.1643921,1,4860,24.3,24.310405015945435,1,0.0278564020991325,0.9721436500549316,True
4864,24.32,-0.2638857,-0.2537628,-0.25979736,-0.22560857,1,4864,24.32,24.332746982574463,1,0.0301223415881395,0.9698777198791504,True
4865,24.325,-0.31680652,-0.28432596,-0.26486748,-0.26488763,1,4864,24.32,24.332746982574463,1,0.0301223415881395,0.9698777198791504,True
4866,24.33,-0.32519475,-0.27500114,-0.23136052,-0.26537296,1,4864,24.32,24.332746982574463,1,0.0301223415881395,0.9698777198791504,True
4867,24.335,-0.27166355,-0.21562451,-0.16061604,-0.2131683,1,4864,24.32,24.332746982574463,1,0.0301223415881395,0.9698777198791504,True
4868,24.34,-0.15897547,-0.1118296,-0.06409762,-0.11033994,1,4868,24.34,24.340684413909912,1,0.0410089269280433,0.9589911103248596,True
4869,24.345,-0.015123035,0.012255493,0.037789553,0.019652348,1,4868,24.34,24.340684413909912,1,0.0410089269280433,0.9589911103248596,True
4870,24.35,0.11929309,0.1245103,0.12343868,0.1408778,1,4868,24.34,24.340684413909912,1,0.0410089269280433,0.9589911103248596,True
4871,24.355,0.21201532,0.20062143,0.17895268,0.22258557,1,4868,24.34,24.340684413909912,1,0.0410089269280433,0.9589911103248596,True
4872,24.36,0.25272536,0.2334816,0.20197153,0.25285965,1,4872,24.36,24.37851595878601,1,0.0386689417064189,0.9613310098648072,True
4873,24.365,0.25138023,0.23118405,0.19902313,0.23981157,1,4872,24.36,24.37851595878601,1,0.0386689417064189,0.9613310098648072,True
4874,24.37,0.22609653,0.20782374,0.17979135,0.20205954,1,4872,24.36,24.37851595878601,1,0.0386689417064189,0.9613310098648072,True
4875,24.375,0.19123465,0.17472535,0.15217583,0.15674236,1,4872,24.36,24.37851595878601,1,0.0386689417064189,0.9613310098648072,True
4876,24.38,0.15243836,0.13653581,0.11962089,0.11212001,1,4876,24.38,24.390629529953003,1,0.0386491455137729,0.9613508582115172,True
4877,24.385,0.10816855,0.09196938,0.08065539,0.06668857,1,4876,24.38,24.390629529953003,1,0.0386491455137729,0.9613508582115172,True
4878,24.39,0.053904764,0.037108094,0.030882776,0.013209384,1,4876,24.38,24.390629529953003,1,0.0386491455137729,0.9613508582115172,True
4879,24.395,-0.01339462,-0.030233558,-0.032404486,-0.054534942,1,4876,24.38,24.390629529953003,1,0.0386491455137729,0.9613508582115172,True
4880,24.4,-0.091047496,-0.10620289,-0.10482668,-0.13458948,1,4880,24.4,24.410444736480716,1,0.0247953366488218,0.9752046465873718,True
4881,24.405,-0.16788822,-0.17879246,-0.17282598,-0.21289176,1,4880,24.4,24.410444736480716,1,0.0247953366488218,0.9752046465873718,True
4882,24.41,-0.22599933,-0.23052523,-0.21807452,-0.2664707,1,4880,24.4,24.410444736480716,1,0.0247953366488218,0.9752046465873718,True
4883,24.415,-0.24840337,-0.24611704,-0.22673365,-0.2741183,1,4880,24.4,24.410444736480716,1,0.0247953366488218,0.9752046465873718,True
4884,24.42,-0.22890072,-0.22084936,-0.19707006,-0.22871514,1,4884,24.42,24.428991556167603,1,0.0715746209025383,0.9284253716468812,True
4885,24.425,-0.17646609,-0.16339359,-0.13942409,-0.14247464,1,4884,24.42,24.428991556167603,1,0.0715746209025383,0.9284253716468812,True
4886,24.43,-0.10970829,-0.09050478,-0.06891672,-0.040836617,1,4884,24.42,24.428991556167603,1,0.0715746209025383,0.9284253716468812,True
4887,24.435,-0.045232527,-0.017705403,0.00243655,0.050577864,1,4884,24.42,24.428991556167603,1,0.0715746209025383,0.9284253716468812,True
4888,24.44,0.0107007045,0.046726525,0.06789309,0.11662893,1,4888,24.44,24.444393396377563,1,0.0374856889247894,0.962514340877533,True
4889,24.445,0.06095567,0.10075357,0.12261535,0.15480702,1,4888,24.44,24.444393396377563,1,0.0374856889247894,0.962514340877533,True
4890,24.45,0.10930226,0.14346267,0.1604299,0.17025349,1,4888,24.44,24.444393396377563,1,0.0374856889247894,0.962514340877533,True
4891,24.455,0.15353973,0.17175327,0.1752272,0.16958795,1,4888,24.44,24.444393396377563,1,0.0374856889247894,0.962514340877533,True
4892,24.46,0.18584938,0.18180083,0.16571353,0.15795328,1,4892,24.46,24.470454692840576,1,0.0706016048789024,0.9293984174728394,True
4893,24.465,0.1988174,0.1730032,0.13826649,0.13917866,1,4892,24.46,24.470454692840576,1,0.0706016048789024,0.9293984174728394,True
4894,24.47,0.19067149,0.14974165,0.10422594,0.1163273,1,4892,24.46,24.470454692840576,1,0.0706016048789024,0.9293984174728394,True
4895,24.475,0.16507468,0.11866415,0.07302358,0.09094635,1,4892,24.46,24.470454692840576,1,0.0706016048789024,0.9293984174728394,True
4896,24.48,0.12669021,0.08377585,0.046370424,0.062025268,1,4896,24.48,24.49448847770691,1,0.0316606238484382,0.9683393836021424,True
4897,24.485,0.07754797,0.044001997,0.01815058,0.026707713,1,4896,24.48,24.49448847770691,1,0.0316606238484382,0.9683393836021424,True
4898,24.49,0.017584795,-0.0042988462,-0.01976382,-0.017015588,1,4896,24.48,24.49448847770691,1,0.0316606238484382,0.9683393836021424,True
4899,24.495,-0.05194317,-0.062086377,-0.07021266,-0.067872025,1,4896,24.48,24.49448847770691,1,0.0316606238484382,0.9683393836021424,True
4900,24.5,-0.12587833,-0.124328576,-0.12729627,-0.121245496,1,4900,24.5,24.50876259803772,1,0.033850759267807,0.9661492109298706,True
4901,24.505,-0.19523104,-0.18111731,-0.17861514,-0.17079711,1,4900,24.5,24.50876259803772,1,0.033850759267807,0.9661492109298706,True
4902,24.51,-0.24878028,-0.22152434,-0.21068762,-0.20927146,1,4900,24.5,24.50876259803772,1,0.033850759267807,0.9661492109298706,True
4903,24.515,-0.27481502,-0.23682094,-0.2137137,-0.22785911,1,4900,24.5,24.50876259803772,1,0.033850759267807,0.9661492109298706,True
4904,24.52,-0.26335377,-0.22153758,-0.18378268,-0.21661769,1,4904,24.52,24.520463705062863,1,0.0845241472125053,0.9154759049415588,True
4905,24.525,-0.2095401,-0.17346734,-0.12302502,-0.16831544,1,4904,24.52,24.520463705062863,1,0.0845241472125053,0.9154759049415588,True
4906,24.53,-0.1172057,-0.094506755,-0.039088216,-0.084307164,1,4904,24.52,24.520463705062863,1,0.0845241472125053,0.9154759049415588,True
4907,24.535,-0.00043845663,0.0070087407,0.055203572,0.021917168,1,4904,24.52,24.520463705062863,1,0.0845241472125053,0.9154759049415588,True
4908,24.54,0.11818313,0.11408712,0.14242363,0.12683618,1,4908,24.54,24.54242968559265,1,0.0383028052747249,0.9616972208023072,True
4909,24.545,0.21280992,0.20252793,0.2031628,0.20450088,1,4908,24.54,24.54242968559265,1,0.0383028052747249,0.9616972208023072,True
4910,24.55,0.26246992,0.24881703,0.22232784,0.23665348,1,4908,24.54,24.54242968559265,1,0.0383028052747249,0.9616972208023072,True
4911,24.555,0.25991938,0.24220812,0.19743961,0.22090502,1,4908,24.54,24.54242968559265,1,0.0383028052747249,0.9616972208023072,True
4912,24.56,0.21603136,0.19266896,0.14289004,0.17216626,1,4912,24.56,24.57046842575073,1,0.091026097536087,0.9089738726615906,True
4913,24.565,0.1545929,0.12648322,0.08423761,0.11486098,1,4912,24.56,24.57046842575073,1,0.091026097536087,0.9089738726615906,True
4914,24.57,0.098745905,0.070430085,0.043778326,0.069387026,1,4912,24.56,24.57046842575073,1,0.091026097536087,0.9089738726615906,True
4915,24.575,0.0583413,0.03605556,0.027180357,0.04172149,1,4912,24.56,24.57046842575073,1,0.091026097536087,0.9089738726615906,True
4916,24.58,0.027819743,0.016191946,0.02166263,0.023478808,1,4916,24.58,24.59257769584656,1,0.0263228993862867,0.973677098751068,True
4917,24.585,-0.0051345583,-0.005154835,0.0069259666,0.00095789204,1,4916,24.58,24.59257769584656,1,0.0263228993862867,0.973677098751068,True
4918,24.59,-0.049279362,-0.039848246,-0.030480558,-0.035521373,1,4916,24.58,24.59257769584656,1,0.0263228993862867,0.973677098751068,True
4919,24.595,-0.10597973,-0.08996515,-0.09006184,-0.08844058,1,4916,24.58,24.59257769584656,1,0.0263228993862867,0.973677098751068,True
4920,24.6,-0.17081529,-0.1499611,-0.15997016,-0.1540004,1,4920,24.6,24.607377529144287,1,0.0333685018122196,0.9666315317153932,True
4921,24.605,-0.23417276,-0.20965686,-0.2232988,-0.22131512,1,4920,24.6,24.607377529144287,1,0.0333685018122196,0.9666315317153932,True
4922,24.61,-0.27913886,-0.2538821,-0.26196584,-0.26985165,1,4920,24.6,24.607377529144287,1,0.0333685018122196,0.9666315317153932,True
4923,24.615,-0.28274855,-0.26262832,-0.25852963,-0.27233014,1,4920,24.6,24.607377529144287,1,0.0333685018122196,0.9666315317153932,True
4924,24.62,-0.22604695,-0.2177284,-0.20052758,-0.20801114,1,4924,24.62,24.622768878936768,1,0.0709670856595039,0.9290329217910768,True
4925,24.625,-0.108714946,-0.11508735,-0.08866568,-0.07984491,1,4924,24.62,24.622768878936768,1,0.0709670856595039,0.9290329217910768,True
4926,24.63,0.04380566,0.02671448,0.056740675,0.079114236,1,4924,24.62,24.622768878936768,1,0.0709670856595039,0.9290329217910768,True
4927,24.635,0.18892322,0.17034888,0.19885458,0.21876036,1,4924,24.62,24.622768878936768,1,0.0709670856595039,0.9290329217910768,True
4928,24.64,0.2868007,0.27569726,0.29845178,0.29734164,1,4928,24.64,24.64029550552368,1,0.0366558991372585,0.963344156742096,True
4929,24.645,0.31784368,0.31764707,0.33121178,0.30132455,1,4928,24.64,24.64029550552368,1,0.0366558991372585,0.963344156742096,True
4930,24.65,0.28686315,0.29451004,0.29687783,0.24660924,1,4928,24.64,24.64029550552368,1,0.0366558991372585,0.963344156742096,True
4931,24.655,0.21439573,0.22376585,0.21520454,0.16348177,1,4928,24.64,24.64029550552368,1,0.0366558991372585,0.963344156742096,True
4932,24.66,0.124467045,0.1308349,0.113603756,0.07909298,1,4932,24.66,24.677855253219604,1,0.049084898084402,0.9509150981903076,True
4933,24.665,0.037106004,0.039037086,0.015932167,0.009142304,1,4932,24.66,24.677855253219604,1,0.049084898084402,0.9509150981903076,True
4934,24.67,-0.033605903,-0.035493463,-0.06225391,-0.040637784,1,4932,24.66,24.677855253219604,1,0.049084898084402,0.9509150981903076,True
4935,24.675,-0.0803236,-0.085445695,-0.11384506,-0.07055682,1,4932,24.66,24.677855253219604,1,0.049084898084402,0.9509150981903076,True
4936,24.68,-0.10453977,-0.1129766,-0.14012228,-0.08616962,1,4936,24.68,24.692575931549072,1,0.0253591760993003,0.9746408462524414,True
4937,24.685,-0.11725603,-0.12891541,-0.15108769,-0.09890854,1,4936,24.68,24.692575931549072,1,0.0253591760993003,0.9746408462524414,True
4938,24.69,-0.13399449,-0.14796945,-0.16227685,-0.12264121,1,4936,24.68,24.692575931549072,1,0.0253591760993003,0.9746408462524414,True
4939,24.695,-0.16449432,-0.17946856,-0.18535654,-0.16439356,1,4936,24.68,24.692575931549072,1,0.0253591760993003,0.9746408462524414,True
4940,24.7,-0.20342357,-0.21805689,-0.21663368,-0.21474622,1,4940,24.7,24.71027565002441,1,0.0827512368559837,0.917248785495758,True
4941,24.705,-0.22951224,-0.24153712,-0.23306492,-0.24674089,1,4940,24.7,24.71027565002441,1,0.0827512368559837,0.917248785495758,True
4942,24.71,-0.21531385,-0.22019842,-0.20261025,-0.22766967,1,4940,24.7,24.71027565002441,1,0.0827512368559837,0.917248785495758,True
4943,24.715,-0.14278166,-0.1345592,-0.10540338,-0.1388451,1,4940,24.7,24.71027565002441,1,0.0827512368559837,0.917248785495758,True
4944,24.72,-0.016220668,0.008394715,0.047653046,0.008572091,1,4944,24.72,24.72765350341797,1,0.0407149195671081,0.9592850208282472,True
4945,24.725,0.13464367,0.171598,0.21304789,0.17292951,1,4944,24.72,24.72765350341797,1,0.0407149195671081,0.9592850208282472,True
4946,24.73,0.26441112,0.3018811,0.33372617,0.29941344,1,4944,24.72,24.72765350341797,1,0.0407149195671081,0.9592850208282472,True
4947,24.735,0.33151287,0.3556766,0.36879385,0.34682897,1,4944,24.72,24.72765350341797,1,0.0407149195671081,0.9592850208282472,True
4948,24.74,0.31815323,0.3215302,0.31502157,0.30815896,1,4948,24.74,24.7414984703064,1,0.0457238368690013,0.954276204109192,True
4949,24.745,0.23863813,0.22448409,0.20572604,0.21179163,1,4948,24.74,24.7414984703064,1,0.0457238368690013,0.954276204109192,True
4950,24.75,0.1295679,0.10887575,0.08820652,0.10251709,1,4948,24.74,24.7414984703064,1,0.0457238368690013,0.954276204109192,True
4951,24.755,0.027911205,0.01179457,-0.0036857615,0.01543067,1,4948,24.74,24.7414984703064,1,0.0457238368690013,0.954276204109192,True
4952,24.76,-0.047306843,-0.053745534,-0.06279971,-0.039429754,1,4952,24.76,24.77816104888916,1,0.0246747862547636,0.9753251671791076,True
4953,24.765,-0.09704755,-0.09567422,-0.101365775,-0.0730804,1,4952,24.76,24.77816104888916,1,0.0246747862547636,0.9753251671791076,True
4954,24.77,-0.12970583,-0.12636846,-0.13309051,-0.100997426,1,4952,24.76,24.77816104888916,1,0.0246747862547636,0.9753251671791076,True
4955,24.775,-0.14799486,-0.14903659,-0.16063,-0.12904379,1,4952,24.76,24.77816104888916,1,0.0246747862547636,0.9753251671791076,True
4956,24.78,-0.14790021,-0.15786046,-0.17665803,-0.15203623,1,4956,24.78,24.792536735534668,1,0.038984540849924,0.9610154628753662,True
4957,24.785,-0.12884429,-0.14873734,-0.17412342,-0.16265602,1,4956,24.78,24.792536735534668,1,0.038984540849924,0.9610154628753662,True
4958,24.79,-0.1020506,-0.12790522,-0.15466602,-0.1599194,1,4956,24.78,24.792536735534668,1,0.038984540849924,0.9610154628753662,True
4959,24.795,-0.08542895,-0.108560614,-0.127382,-0.14850059,1,4956,24.78,24.792536735534668,1,0.038984540849924,0.9610154628753662,True
4960,24.8,-0.08733976,-0.09777523,-0.099415086,-0.13023028,1,4960,24.8,24.810709476470947,1,0.0459448881447315,0.95405513048172,True
4961,24.805,-0.09483247,-0.08665582,-0.067780025,-0.0978859,1,4960,24.8,24.810709476470947,1,0.0459448881447315,0.95405513048172,True
4962,24.81,-0.08041212,-0.055456527,-0.021645276,-0.04029594,1,4960,24.8,24.810709476470947,1,0.0459448881447315,0.95405513048172,True
4963,24.815,-0.024673376,0.008210127,0.04512398,0.043511905,1,4960,24.8,24.810709476470947,1,0.0459448881447315,0.95405513048172,True
4964,24.82,0.06435074,0.093892336,0.122408524,0.13461033,1,4964,24.82,24.828516721725464,1,0.0444624610245227,0.9555375576019288,True
4965,24.825,0.15345974,0.17121212,0.18576461,0.20114003,1,4964,24.82,24.828516721725464,1,0.0444624610245227,0.9555375576019288,True
4966,24.83,0.20749721,0.21063347,0.2125097,0.21927401,1,4964,24.82,24.828516721725464,1,0.0444624610245227,0.9555375576019288,True
4967,24.835,0.21345018,0.20429593,0.19836839,0.19077763,1,4964,24.82,24.828516721725464,1,0.0444624610245227,0.9555375576019288,True
4968,24.84,0.18480188,0.16844022,0.15928872,0.14084817,1,4968,24.84,24.843775510787964,1,0.1263628005981445,0.8736372590065002,True
4969,24.845,0.14438002,0.12623797,0.11662127,0.0972825,1,4968,24.84,24.843775510787964,1,0.1263628005981445,0.8736372590065002,True
4970,24.85,0.10349417,0.08797086,0.07955185,0.06915893,1,4968,24.84,24.843775510787964,1,0.1263628005981445,0.8736372590065002,True
4971,24.855,0.056484982,0.046567697,0.040735353,0.04329965,1,4968,24.84,24.843775510787964,1,0.1263628005981445,0.8736372590065002,True
4972,24.86,-0.006897703,-0.009560041,-0.012139042,6.905928e-05,1,4972,24.86,24.872276067733765,1,0.0336835943162441,0.9663164019584656,True
4973,24.865,-0.08568689,-0.08062241,-0.08088352,-0.066792995,1,4972,24.86,24.872276067733765,1,0.0336835943162441,0.9663164019584656,True
4974,24.87,-0.1637564,-0.15153614,-0.15164907,-0.14315218,1,4972,24.86,24.872276067733765,1,0.0336835943162441,0.9663164019584656,True
4975,24.875,-0.21971655,-0.20190911,-0.20341763,-0.20403667,1,4972,24.86,24.872276067733765,1,0.0336835943162441,0.9663164019584656,True
4976,24.88,-0.24015783,-0.21938461,-0.2215116,-0.22974408,1,4976,24.88,24.894150972366333,1,0.042214848101139,0.9577851295471193,True
4977,24.885,-0.2252598,-0.20513679,-0.20503755,-0.21574096,1,4976,24.88,24.894150972366333,1,0.042214848101139,0.9577851295471193,True
4978,24.89,-0.18449128,-0.1691126,-0.16408677,-0.17124327,1,4976,24.88,24.894150972366333,1,0.042214848101139,0.9577851295471193,True
4979,24.895,-0.1279163,-0.12086671,-0.1107876,-0.110360324,1,4976,24.88,24.894150972366333,1,0.042214848101139,0.9577851295471193,True
4980,24.9,-0.059952475,-0.06340747,-0.051529016,-0.04323024,1,4980,24.9,24.9088876247406,1,0.0441008694469928,0.9558990597724916,True
4981,24.905,0.020663757,0.0061404407,0.014518716,0.027353372,1,4980,24.9,24.9088876247406,1,0.0441008694469928,0.9558990597724916,True
4982,24.91,0.114807375,0.089935236,0.09010027,0.102512255,1,4980,24.9,24.9088876247406,1,0.0441008694469928,0.9558990597724916,True
4983,24.915,0.21446729,0.18134373,0.17171076,0.1799162,1,4980,24.9,24.9088876247406,1,0.0441008694469928,0.9558990597724916,True
4984,24.92,0.29824308,0.26142356,0.2447563,0.24810617,1,4984,24.92,24.920891761779785,1,0.0440882109105587,0.9559118151664734,True
4985,24.925,0.3366257,0.30416563,0.2867324,0.28770855,1,4984,24.92,24.920891761779785,1,0.0440882109105587,0.9559118151664734,True
4986,24.93,0.3068905,0.289185,0.2779042,0.28031057,1,4984,24.92,24.920891761779785,1,0.0440882109105587,0.9559118151664734,True
4987,24.935,0.20911612,0.21443655,0.21315089,0.21975258,1,4984,24.92,24.920891761779785,1,0.0440882109105587,0.9559118151664734,True
4988,24.94,0.07126039,0.09988698,0.10676728,0.11772697,1,4988,24.94,24.94045853614807,1,0.0463039278984069,0.9536961317062378,True
4989,24.945,-0.06288359,-0.021655545,-0.013743569,-0.0011093925,1,4988,24.94,24.94045853614807,1,0.0463039278984069,0.9536961317062378,True
4990,24.95,-0.15674984,-0.12129162,-0.12111174,-0.11161396,1,4988,24.94,24.94045853614807,1,0.0463039278984069,0.9536961317062378,True
4991,24.955,-0.19975337,-0.18709582,-0.19978343,-0.19916436,1,4988,24.94,24.94045853614807,1,0.0463039278984069,0.9536961317062378,True
4992,24.96,-0.20839971,-0.2245428,-0.24779186,-0.26103586,1,4992,24.96,24.9756543636322,1,0.0257158260792493,0.9742841720581056,True
4993,24.965,-0.2091417,-0.244915,-0.2691654,-0.2981152,1,4992,24.96,24.9756543636322,1,0.0257158260792493,0.9742841720581056,True
4994,24.97,-0.2161832,-0.25174996,-0.26474708,-0.30559772,1,4992,24.96,24.9756543636322,1,0.0257158260792493,0.9742841720581056,True
4995,24.975,-0.22104985,-0.23662293,-0.2299779,-0.27235323,1,4992,24.96,24.9756543636322,1,0.0257158260792493,0.9742841720581056,True
4996,24.98,-0.2010781,-0.18729086,-0.16110615,-0.19050452,1,4996,24.98,24.99468469619751,1,0.0514406561851501,0.9485592842102052,True
4997,24.985,-0.13910268,-0.10074201,-0.0633176,-0.066992484,1,4996,24.98,24.99468469619751,1,0.0514406561851501,0.9485592842102052,True
4998,24.99,-0.038769018,0.009790297,0.046946723,0.07323899,1,4996,24.98,24.99468469619751,1,0.0514406561851501,0.9485592842102052,True
4999,24.995,0.07531622,0.118979506,0.1473454,0.19579972,1,4996,24.98,24.99468469619751,1,0.0514406561851501,0.9485592842102052,True
5000,25.0,0.1711637,0.20095006,0.2181975,0.27146497,1,5000,25.0,25.00064301490784,1,0.038370244204998,0.9616297483444214,True
5001,25.005,0.22603752,0.24019131,0.248784,0.28776142,1,5000,25.0,25.00064301490784,1,0.038370244204998,0.9616297483444214,True
5002,25.01,0.23549385,0.23618995,0.23939118,0.25189963,1,5000,25.0,25.00064301490784,1,0.038370244204998,0.9616297483444214,True
5003,25.015,0.21131255,0.20110907,0.20005459,0.18523455,1,5000,25.0,25.00064301490784,1,0.038370244204998,0.9616297483444214,True
5004,25.02,0.17218581,0.15299241,0.14687902,0.1131449,1,5004,25.02,25.020256519317627,1,0.0467503294348716,0.95324969291687,True
5005,25.025,0.13370664,0.10759866,0.09592108,0.054925546,1,5004,25.02,25.020256519317627,1,0.0467503294348716,0.95324969291687,True
5006,25.03,0.10236498,0.071899354,0.055942543,0.017412426,1,5004,25.02,25.020256519317627,1,0.0467503294348716,0.95324969291687,True
5007,25.035,0.07497692,0.04215739,0.024055613,-0.005417474,1,5004,25.02,25.020256519317627,1,0.0467503294348716,0.95324969291687,True
5008,25.04,0.042517837,0.007977795,-0.011619733,-0.026902193,1,5008,25.04,25.040565729141235,1,0.0251436680555343,0.9748563766479492,True
5009,25.045,-0.0038494165,-0.039669562,-0.062608324,-0.059074435,1,5008,25.04,25.040565729141235,1,0.0251436680555343,0.9748563766479492,True
5010,25.05,-0.06695732,-0.1012728,-0.12994213,-0.10552396,1,5008,25.04,25.040565729141235,1,0.0251436680555343,0.9748563766479492,True
5011,25.055,-0.14010361,-0.16671641,-0.20041798,-0.15924312,1,5008,25.04,25.040565729141235,1,0.0251436680555343,0.9748563766479492,True
5012,25.06,-0.20752418,-0.21919496,-0.2520241,-0.20585614,1,5012,25.06,25.076083421707157,1,0.0770122334361076,0.922987699508667,True
5013,25.065,-0.24981809,-0.24268463,-0.2650659,-0.22991048,1,5012,25.06,25.076083421707157,1,0.0770122334361076,0.922987699508667,True
5014,25.07,-0.25284496,-0.22911575,-0.23213023,-0.22098778,1,5012,25.06,25.076083421707157,1,0.0770122334361076,0.922987699508667,True
5015,25.075,-0.21507436,-0.18149185,-0.16110592,-0.17695133,1,5012,25.06,25.076083421707157,1,0.0770122334361076,0.922987699508667,True
5016,25.08,-0.14763276,-0.11099476,-0.06989322,-0.103280224,1,5016,25.08,25.09453773498535,1,0.0400868244469165,0.95991313457489,True
5017,25.085,-0.06640911,-0.030041348,0.02321606,-0.009937322,1,5016,25.08,25.09453773498535,1,0.0400868244469165,0.95991313457489,True
5018,25.09,0.017059494,0.053057004,0.10657471,0.09104942,1,5016,25.08,25.09453773498535,1,0.0400868244469165,0.95991313457489,True
5019,25.095,0.09768091,0.13319033,0.17505303,0.18550637,1,5016,25.08,25.09453773498535,1,0.0400868244469165,0.95991313457489,True
5020,25.1,0.17084426,0.20291726,0.22464296,0.25665444,1,5020,25.1,25.108984231948853,1,0.0424881540238857,0.957511842250824,True
5021,25.105,0.22609708,0.2493392,0.24855006,0.28827778,1,5020,25.1,25.108984231948853,1,0.0424881540238857,0.957511842250824,True
5022,25.11,0.24874122,0.25855812,0.23967591,0.27206522,1,5020,25.1,25.108984231948853,1,0.0424881540238857,0.957511842250824,True
5023,25.115,0.22916749,0.22500817,0.1973565,0.21383967,1,5020,25.1,25.108984231948853,1,0.0424881540238857,0.957511842250824,True
5024,25.12,0.17127766,0.15719375,0.13117383,0.13200936,1,5024,25.12,25.12048029899597,1,0.0457412973046302,0.9542587399482728,True
5025,25.125,0.09172205,0.07389388,0.056951173,0.04738023,1,5024,25.12,25.12048029899597,1,0.0457412973046302,0.9542587399482728,True
5026,25.13,0.010320764,-0.0066146567,-0.01240893,-0.028557956,1,5024,25.12,25.12048029899597,1,0.0457412973046302,0.9542587399482728,True
5027,25.135,-0.05992851,-0.07544244,-0.0732024,-0.097435854,1,5024,25.12,25.12048029899597,1,0.0457412973046302,0.9542587399482728,True
5028,25.14,-0.11520606,-0.13298143,-0.12851238,-0.1665087,1,5028,25.14,25.14251828193665,1,0.0255280472338199,0.974471926689148,True
5029,25.145,-0.15538307,-0.18088068,-0.17934352,-0.2358757,1,5028,25.14,25.14251828193665,1,0.0255280472338199,0.974471926689148,True
5030,25.15,-0.17768335,-0.21423094,-0.21786246,-0.2911442,1,5028,25.14,25.14251828193665,1,0.0255280472338199,0.974471926689148,True
5031,25.155,-0.17622507,-0.22166426,-0.22974904,-0.30832368,1,5028,25.14,25.14251828193665,1,0.0255280472338199,0.974471926689148,True
5032,25.16,-0.14755102,-0.1937195,-0.20439896,-0.26837462,1,5032,25.16,25.16043186187744,1,0.069925956428051,0.9300739765167236,True
5033,25.165,-0.09628507,-0.13223474,-0.14432532,-0.171387,1,5032,25.16,25.16043186187744,1,0.069925956428051,0.9300739765167236,True
5034,25.17,-0.035121515,-0.052348565,-0.06544969,-0.040249027,1,5032,25.16,25.16043186187744,1,0.069925956428051,0.9300739765167236,True
5035,25.175,0.021374514,0.025163682,0.012208103,0.08924542,1,5032,25.16,25.16043186187744,1,0.069925956428051,0.9300739765167236,True
5036,25.18,0.06427892,0.08531593,0.07569588,0.18565744,1,5036,25.18,25.190608739852905,1,0.0378263741731643,0.9621736407279968,True
5037,25.185,0.09317213,0.12503532,0.12315611,0.23541369,1,5036,25.18,25.190608739852905,1,0.0378263741731643,0.9621736407279968,True
5038,25.19,0.11238421,0.14970993,0.1585219,0.24452534,1,5036,25.18,25.190608739852905,1,0.0378263741731643,0.9621736407279968,True
5039,25.195,0.124475345,0.16446617,0.18315372,0.22932063,1,5036,25.18,25.190608739852905,1,0.0378263741731643,0.9621736407279968,True
5040,25.2,0.12725534,0.16873264,0.1927536,0.20442356,1,5040,25.2,25.205949544906616,1,0.1089467108249664,0.8910532593727112,True
5041,25.205,0.11690516,0.15836103,0.18173414,0.17617068,1,5040,25.2,25.205949544906616,1,0.1089467108249664,0.8910532593727112,True
5042,25.21,0.093162246,0.13143928,0.1494367,0.14333357,1,5040,25.2,25.205949544906616,1,0.1089467108249664,0.8910532593727112,True
5043,25.215,0.060263637,0.09084081,0.101397306,0.10140798,1,5040,25.2,25.205949544906616,1,0.1089467108249664,0.8910532593727112,True
5044,25.22,0.022483138,0.041458745,0.045017667,0.046561256,1,5044,25.22,25.2203471660614,1,0.0281516928225755,0.9718483090400696,True
5045,25.225,-0.020040533,-0.013462644,-0.014936237,-0.021750808,1,5044,25.22,25.2203471660614,1,0.0281516928225755,0.9718483090400696,True
5046,25.23,-0.06939736,-0.072237104,-0.07637372,-0.09935038,1,5044,25.22,25.2203471660614,1,0.0281516928225755,0.9718483090400696,True
5047,25.235,-0.12345396,-0.1316646,-0.13661578,-0.1778999,1,5044,25.22,25.2203471660614,1,0.0281516928225755,0.9718483090400696,True
5048,25.24,-0.17229056,-0.1853035,-0.19025671,-0.24768704,1,5048,25.24,25.244174242019653,1,0.0484810322523117,0.9515189528465272,True
5049,25.245,-0.20196664,-0.22478998,-0.22993225,-0.30005938,1,5048,25.24,25.244174242019653,1,0.0484810322523117,0.9515189528465272,True
5050,25.25,-0.2018335,-0.24162841,-0.24777961,-0.32639986,1,5048,25.24,25.244174242019653,1,0.0484810322523117,0.9515189528465272,True
5051,25.255,-0.16845167,-0.22744672,-0.23576741,-0.31512395,1,5048,25.24,25.244174242019653,1,0.0484810322523117,0.9515189528465272,True
5052,25.26,-0.104551494,-0.17510094,-0.18680972,-0.253077,1,5052,25.26,25.275460720062256,1,0.0453315898776054,0.954668402671814,True
5053,25.265,-0.017601527,-0.083870225,-0.09942292,-0.13518456,1,5052,25.26,25.275460720062256,1,0.0453315898776054,0.954668402671814,True
5054,25.27,0.07894914,0.033662476,0.015912345,0.023527345,1,5052,25.26,25.275460720062256,1,0.0453315898776054,0.954668402671814,True
5055,25.275,0.16528012,0.15086117,0.13523155,0.18595451,1,5052,25.26,25.275460720062256,1,0.0453315898776054,0.954668402671814,True
5056,25.28,0.22088024,0.23709345,0.22894557,0.30743837,1,5056,25.28,25.292484998703003,1,0.0386480875313282,0.9613519310951232,True
5057,25.285,0.23472154,0.2731071,0.27548894,0.35866123,1,5056,25.28,25.292484998703003,1,0.0386480875313282,0.9613519310951232,True
5058,25.29,0.21130642,0.25990322,0.2711139,0.33993495,1,5056,25.28,25.292484998703003,1,0.0386480875313282,0.9613519310951232,True
5059,25.295,0.16624677,0.21430792,0.2288297,0.27634904,1,5056,25.28,25.292484998703003,1,0.0386480875313282,0.9613519310951232,True
5060,25.3,0.114944726,0.15597872,0.16836229,0.1990612,1,5060,25.3,25.3106586933136,1,0.0375117771327495,0.9624881744384766,True
5061,25.305,0.06436385,0.09687437,0.10541269,0.1280634,1,5060,25.3,25.3106586933136,1,0.0375117771327495,0.9624881744384766,True
5062,25.31,0.013826694,0.039798375,0.046981674,0.067541115,1,5060,25.3,25.3106586933136,1,0.0375117771327495,0.9624881744384766,True
5063,25.315,-0.03857847,-0.016540414,-0.0069395914,0.012446065,1,5060,25.3,25.3106586933136,1,0.0375117771327495,0.9624881744384766,True
5064,25.32,-0.09159799,-0.07276632,-0.059362352,-0.043090414,1,5064,25.32,25.327537059783936,1,0.0237616617232561,0.9762383103370668,True
5065,25.325,-0.14161679,-0.1277543,-0.11303022,-0.102255434,1,5064,25.32,25.327537059783936,1,0.0237616617232561,0.9762383103370668,True
5066,25.33,-0.18522948,-0.17915566,-0.16780427,-0.16579676,1,5064,25.32,25.327537059783936,1,0.0237616617232561,0.9762383103370668,True
5067,25.335,-0.219031,-0.2224974,-0.21807955,-0.23103257,1,5064,25.32,25.327537059783936,1,0.0237616617232561,0.9762383103370668,True
5068,25.34,-0.23682295,-0.24945787,-0.25194508,-0.28830707,1,5068,25.34,25.34208035469055,1,0.0648862645030021,0.9351137280464172,True
5069,25.345,-0.22868362,-0.24876589,-0.25482994,-0.3194321,1,5068,25.34,25.34208035469055,1,0.0648862645030021,0.9351137280464172,True
5070,25.35,-0.18503854,-0.21124767,-0.2171879,-0.30331317,1,5068,25.34,25.34208035469055,1,0.0648862645030021,0.9351137280464172,True
5071,25.355,-0.10370032,-0.13601914,-0.14115995,-0.22794251,1,5068,25.34,25.34208035469055,1,0.0648862645030021,0.9351137280464172,True
5072,25.36,0.0053905356,-0.033108808,-0.040792696,-0.10110099,1,5072,25.36,25.370505332946777,1,0.0372038520872592,0.962796151638031,True
5073,25.365,0.12132628,0.079199925,0.06436846,0.04867905,1,5072,25.36,25.370505332946777,1,0.0372038520872592,0.962796151638031,True
5074,25.37,0.21879826,0.18002729,0.1569743,0.18303719,1,5072,25.36,25.370505332946777,1,0.0372038520872592,0.962796151638031,True
5075,25.375,0.2769443,0.25150988,0.22557563,0.2706232,1,5072,25.36,25.370505332946777,1,0.0372038520872592,0.962796151638031,True
5076,25.38,0.28694504,0.2831523,0.26398492,0.30005988,1,5076,25.38,25.390531301498413,1,0.0435157753527164,0.9564842581748962,True
5077,25.385,0.2550782,0.27444986,0.2696735,0.28180566,1,5076,25.38,25.390531301498413,1,0.0435157753527164,0.9564842581748962,True
5078,25.39,0.19880909,0.23421888,0.24349032,0.23843536,1,5076,25.38,25.390531301498413,1,0.0435157753527164,0.9564842581748962,True
5079,25.395,0.13672334,0.17544883,0.18988676,0.18976286,1,5076,25.38,25.390531301498413,1,0.0435157753527164,0.9564842581748962,True
5080,25.4,0.07804117,0.10809467,0.116215415,0.14237519,1,5080,25.4,25.410479068756104,1,0.0270213522017002,0.9729785919189452,True
5081,25.405,0.01937874,0.035340518,0.03149959,0.090056784,1,5080,25.4,25.410479068756104,1,0.0270213522017002,0.9729785919189452,True
5082,25.41,-0.048408214,-0.04339839,-0.054280173,0.02351829,1,5080,25.4,25.410479068756104,1,0.0270213522017002,0.9729785919189452,True
5083,25.415,-0.12890041,-0.12590858,-0.13100712,-0.05925025,1,5080,25.4,25.410479068756104,1,0.0270213522017002,0.9729785919189452,True
5084,25.42,-0.21374321,-0.20379041,-0.19077502,-0.15021354,1,5084,25.42,25.428487062454224,1,0.0242661479860544,0.9757338166236876,True
5085,25.425,-0.28562263,-0.26523325,-0.23073816,-0.23622373,1,5084,25.42,25.428487062454224,1,0.0242661479860544,0.9757338166236876,True
5086,25.43,-0.32632768,-0.30006707,-0.2527341,-0.3042641,1,5084,25.42,25.428487062454224,1,0.0242661479860544,0.9757338166236876,True
5087,25.435,-0.3225987,-0.3014445,-0.2578617,-0.34115022,1,5084,25.42,25.428487062454224,1,0.0242661479860544,0.9757338166236876,True
5088,25.44,-0.26758745,-0.26392975,-0.24025872,-0.33087835,1,5088,25.44,25.442594051361084,1,0.0554054342210292,0.9445945620536804,True
5089,25.445,-0.16198371,-0.18346433,-0.18769962,-0.25837928,1,5088,25.44,25.442594051361084,1,0.0554054342210292,0.9445945620536804,True
5090,25.45,-0.018163122,-0.06307697,-0.0918589,-0.1224273,1,5088,25.44,25.442594051361084,1,0.0554054342210292,0.9445945620536804,True
5091,25.455,0.13610876,0.07957752,0.038602658,0.051934946,1,5088,25.44,25.442594051361084,1,0.0554054342210292,0.9445945620536804,True
5092,25.46,0.26207864,0.21190943,0.17400558,0.21589793,1,5092,25.46,25.470890045166016,1,0.0354607626795768,0.9645391702651978,True
5093,25.465,0.3253042,0.29821223,0.274918,0.31854725,1,5092,25.46,25.470890045166016,1,0.0354607626795768,0.9645391702651978,True
5094,25.47,0.3140985,0.31789964,0.3127041,0.33483773,1,5092,25.46,25.470890045166016,1,0.0354607626795768,0.9645391702651978,True
5095,25.475,0.24736361,0.2771503,0.28502202,0.27925712,1,5092,25.46,25.470890045166016,1,0.0354607626795768,0.9645391702651978,True
5096,25.48,0.16368376,0.20430605,0.21501552,0.19424313,1,5096,25.48,25.49059152603149,1,0.0810635387897491,0.9189364910125732,True
5097,25.485,0.097601935,0.13145204,0.13512202,0.121682875,1,5096,25.48,25.49059152603149,1,0.0810635387897491,0.9189364910125732,True
5098,25.49,0.059857905,0.07551642,0.06771404,0.07833863,1,5096,25.48,25.49059152603149,1,0.0810635387897491,0.9189364910125732,True
5099,25.495,0.035926208,0.032542795,0.016179955,0.051895145,1,5096,25.48,25.49059152603149,1,0.0810635387897491,0.9189364910125732,True
5100,25.5,0.0026725943,-0.011986847,-0.029024923,0.017897476,1,5100,25.5,25.51039433479309,1,0.0237589571624994,0.9762410521507264,True
5101,25.505,-0.05127515,-0.06663995,-0.076494284,-0.03730743,1,5100,25.5,25.51039433479309,1,0.0237589571624994,0.9762410521507264,True
5102,25.51,-0.11747249,-0.12524776,-0.12429078,-0.10535451,1,5100,25.5,25.51039433479309,1,0.0237589571624994,0.9762410521507264,True
5103,25.515,-0.17631091,-0.17226389,-0.16185957,-0.16372384,1,5100,25.5,25.51039433479309,1,0.0237589571624994,0.9762410521507264,True
5104,25.52,-0.21280125,-0.1963974,-0.18030459,-0.19480987,1,5104,25.52,25.527843713760376,1,0.0384094975888729,0.9615905284881592,True
5105,25.525,-0.22536094,-0.19973518,-0.18068244,-0.19953303,1,5104,25.52,25.527843713760376,1,0.0384094975888729,0.9615905284881592,True
5106,25.53,-0.22100961,-0.1936341,-0.17195612,-0.19343638,1,5104,25.52,25.527843713760376,1,0.0384094975888729,0.9615905284881592,True
5107,25.535,-0.20287015,-0.18472739,-0.16019061,-0.18851055,1,5104,25.52,25.527843713760376,1,0.0384094975888729,0.9615905284881592,True
5108,25.54,-0.16292171,-0.16448124,-0.13977571,-0.17772874,1,5108,25.54,25.54277610778809,1,0.0393699221312999,0.9606300592422484,True
5109,25.545,-0.08850567,-0.114059165,-0.09661267,-0.13831198,1,5108,25.54,25.54277610778809,1,0.0393699221312999,0.9606300592422484,True
5110,25.55,0.021728504,-0.022537882,-0.021920156,-0.052982792,1,5108,25.54,25.54277610778809,1,0.0393699221312999,0.9606300592422484,True
5111,25.555,0.14687926,0.09719942,0.07568041,0.06925357,1,5108,25.54,25.54277610778809,1,0.0393699221312999,0.9606300592422484,True
5112,25.56,0.24965072,0.21025641,0.17130478,0.19223103,1,5112,25.56,25.57668828964233,1,0.0378972589969635,0.962102711200714,True
5113,25.565,0.2966161,0.2792775,0.23748158,0.27346858,1,5112,25.56,25.57668828964233,1,0.0378972589969635,0.962102711200714,True
5114,25.57,0.27762926,0.28615755,0.25868443,0.289487,1,5112,25.56,25.57668828964233,1,0.0378972589969635,0.962102711200714,True
5115,25.575,0.20982154,0.23939884,0.23604426,0.24610616,1,5112,25.56,25.57668828964233,1,0.0378972589969635,0.962102711200714,True
5116,25.58,0.124780536,0.16420297,0.18193312,0.16922773,1,5116,25.58,25.59250235557556,1,0.0549401901662349,0.9450598359107972,True
5117,25.585,0.050136782,0.08605028,0.11196708,0.0874097,1,5116,25.58,25.59250235557556,1,0.0549401901662349,0.9450598359107972,True
5118,25.59,-0.0019467163,0.020049611,0.040333897,0.019786231,1,5116,25.58,25.59250235557556,1,0.0549401901662349,0.9450598359107972,True
5119,25.595,-0.035187352,-0.030300586,-0.022106363,-0.026570497,1,5116,25.58,25.59250235557556,1,0.0549401901662349,0.9450598359107972,True
5120,25.6,-0.062220056,-0.06907671,-0.06996769,-0.054284975,1,5120,25.6,25.61070704460144,1,0.0242883544415235,0.975711703300476,True
5121,25.605,-0.095652744,-0.10326735,-0.105400726,-0.07270683,1,5120,25.6,25.61070704460144,1,0.0242883544415235,0.975711703300476,True
5122,25.61,-0.14058095,-0.1387181,-0.13657361,-0.09407092,1,5120,25.6,25.61070704460144,1,0.0242883544415235,0.975711703300476,True
5123,25.615,-0.19077846,-0.17641242,-0.17105849,-0.12701856,1,5120,25.6,25.61070704460144,1,0.0242883544415235,0.975711703300476,True
5124,25.62,-0.23010851,-0.2098937,-0.2076012,-0.16910022,1,5124,25.62,25.627591609954838,1,0.0570572316646575,0.94294273853302,True
5125,25.625,-0.23859411,-0.2254153,-0.2322447,-0.2035515,1,5124,25.62,25.627591609954838,1,0.0570572316646575,0.94294273853302,True
5126,25.63,-0.20037524,-0.20591323,-0.22273022,-0.20507301,1,5124,25.62,25.627591609954838,1,0.0570572316646575,0.94294273853302,True
5127,25.635,-0.11102608,-0.13896656,-0.16053158,-0.15413062,1,5124,25.62,25.627591609954838,1,0.0570572316646575,0.94294273853302,True
5128,25.64,0.017054902,-0.02682763,-0.045049556,-0.052414373,1,5128,25.64,25.642385005950928,1,0.0403132736682891,0.9596866965293884,True
5129,25.645,0.153627,0.107216984,0.09882813,0.07160679,1,5128,25.64,25.642385005950928,1,0.0403132736682891,0.9596866965293884,True
5130,25.65,0.25819096,0.22356458,0.2272623,0.17399229,1,5128,25.64,25.642385005950928,1,0.0403132736682891,0.9596866965293884,True
5131,25.655,0.29685295,0.283673,0.29739976,0.21882193,1,5128,25.64,25.642385005950928,1,0.0403132736682891,0.9596866965293884,True
5132,25.66,0.26022366,0.270632,0.28940922,0.19839329,1,5132,25.66,25.67074680328369,1,0.0407075621187686,0.959292471408844,True
5133,25.665,0.16930568,0.1981365,0.21590804,0.13537684,1,5132,25.66,25.67074680328369,1,0.0407075621187686,0.959292471408844,True
5134,25.67,0.06355636,0.10089516,0.11264838,0.06579459,1,5132,25.66,25.67074680328369,1,0.0407075621187686,0.959292471408844,True
5135,25.675,-0.020717971,0.014126301,0.017979773,0.016545976,1,5132,25.66,25.67074680328369,1,0.0407075621187686,0.959292471408844,True
5136,25.68,-0.0665035,-0.04279545,-0.04472082,-0.0062149516,1,5136,25.68,25.690650701522827,1,0.0260097496211528,0.973990261554718,True
5137,25.685,-0.07794845,-0.06938407,-0.07240568,-0.012614072,1,5136,25.68,25.690650701522827,1,0.0260097496211528,0.973990261554718,True
5138,25.69,-0.07117393,-0.07641512,-0.07649229,-0.016465329,1,5136,25.68,25.690650701522827,1,0.0260097496211528,0.973990261554718,True
5139,25.695,-0.06331355,-0.076573536,-0.07305265,-0.026151322,1,5136,25.68,25.690650701522827,1,0.0260097496211528,0.973990261554718,True
5140,25.7,-0.0659828,-0.079521805,-0.07535996,-0.04380948,1,5140,25.7,25.71055603027344,1,0.0404967032372951,0.9595032930374146,True
5141,25.705,-0.083214045,-0.09097986,-0.09036187,-0.06894107,1,5140,25.7,25.71055603027344,1,0.0404967032372951,0.9595032930374146,True
5142,25.71,-0.1112554,-0.11205047,-0.11728013,-0.09989358,1,5140,25.7,25.71055603027344,1,0.0404967032372951,0.9595032930374146,True
5143,25.715,-0.13915476,-0.13697365,-0.14684314,-0.13093385,1,5140,25.7,25.71055603027344,1,0.0404967032372951,0.9595032930374146,True
5144,25.72,-0.15110847,-0.15166292,-0.16223869,-0.14878625,1,5144,25.72,25.727441549301147,1,0.0869282782077789,0.9130716919898988,True
5145,25.725,-0.13153957,-0.13718456,-0.14431992,-0.13482884,1,5144,25.72,25.727441549301147,1,0.0869282782077789,0.9130716919898988,True
5146,25.73,-0.072178304,-0.07952268,-0.08144031,-0.075335555,1,5144,25.72,25.727441549301147,1,0.0869282782077789,0.9130716919898988,True
5147,25.735,0.021477181,0.018741647,0.020442024,0.025320286,1,5144,25.72,25.727441549301147,1,0.0869282782077789,0.9130716919898988,True
5148,25.74,0.12807713,0.13317649,0.13477102,0.13881616,1,5148,25.74,25.742565870285038,1,0.0404315255582332,0.959568440914154,True
5149,25.745,0.21586604,0.2250034,0.22330412,0.22220013,1,5148,25.74,25.742565870285038,1,0.0404315255582332,0.959568440914154,True
5150,25.75,0.25537443,0.2596409,0.25410327,0.23992306,1,5148,25.74,25.742565870285038,1,0.0404315255582332,0.959568440914154,True
5151,25.755,0.23370524,0.22573237,0.21848749,0.18524978,1,5148,25.74,25.742565870285038,1,0.0404315255582332,0.959568440914154,True
5152,25.76,0.16160938,0.14182903,0.13594079,0.085750595,1,5152,25.76,25.770655155181885,1,0.1143882498145103,0.8856117129325867,True
5153,25.765,0.067837775,0.045449257,0.043186426,-0.01220918,1,5152,25.76,25.770655155181885,1,0.1143882498145103,0.8856117129325867,True
5154,25.77,-0.016042287,-0.028223116,-0.025713524,-0.06987615,1,5152,25.76,25.770655155181885,1,0.1143882498145103,0.8856117129325867,True
5155,25.775,-0.0702055,-0.06335166,-0.0553833,-0.075551555,1,5152,25.76,25.770655155181885,1,0.1143882498145103,0.8856117129325867,True
5156,25.78,-0.091795005,-0.065947,-0.05215746,-0.045525663,1,5156,25.78,25.794426918029785,1,0.0285917911678552,0.971408188343048,True
5157,25.785,-0.09059851,-0.05395393,-0.03535294,-0.009618184,1,5156,25.78,25.794426918029785,1,0.0285917911678552,0.971408188343048,True
5158,25.79,-0.0817148,-0.045615587,-0.025756855,0.0057000043,1,5156,25.78,25.794426918029785,1,0.0285917911678552,0.971408188343048,True
5159,25.795,-0.08033703,-0.05398056,-0.03866651,-0.013585989,1,5156,25.78,25.794426918029785,1,0.0285917911678552,0.971408188343048,True
5160,25.8,-0.09764085,-0.08586449,-0.081033126,-0.06760715,1,5160,25.8,25.80910801887512,1,0.1013562828302383,0.8986436724662781,True
5161,25.805,-0.13484031,-0.13909559,-0.14810145,-0.14304124,1,5160,25.8,25.80910801887512,1,0.1013562828302383,0.8986436724662781,True
5162,25.81,-0.17762437,-0.19754383,-0.21935345,-0.21362454,1,5160,25.8,25.80910801887512,1,0.1013562828302383,0.8986436724662781,True
5163,25.815,-0.19815506,-0.23142989,-0.26039302,-0.24556275,1,5160,25.8,25.80910801887512,1,0.1013562828302383,0.8986436724662781,True
5164,25.82,-0.16831867,-0.20936806,-0.23647472,-0.21146801,1,5164,25.82,25.82229471206665,1,0.1455870568752288,0.8544129729270935,True
5165,25.825,-0.07765802,-0.11762864,-0.13312392,-0.10710961,1,5164,25.82,25.82229471206665,1,0.1455870568752288,0.8544129729270935,True
5166,25.83,0.056968477,0.027349597,0.030210368,0.041592013,1,5164,25.82,25.82229471206665,1,0.1455870568752288,0.8544129729270935,True
5167,25.835,0.1978317,0.1840665,0.2052901,0.18901183,1,5164,25.82,25.82229471206665,1,0.1455870568752288,0.8544129729270935,True
5168,25.84,0.30430597,0.30585352,0.33729658,0.29193425,1,5168,25.84,25.842761516571045,1,0.0380941070616245,0.9619058966636658,True
5169,25.845,0.3497502,0.36146304,0.3895943,0.32823178,1,5168,25.84,25.842761516571045,1,0.0380941070616245,0.9619058966636658,True
5170,25.85,0.32780263,0.3437156,0.35588875,0.3006979,1,5168,25.84,25.842761516571045,1,0.0380941070616245,0.9619058966636658,True
5171,25.855,0.24848765,0.2649278,0.255728,0.22740315,1,5168,25.84,25.842761516571045,1,0.0380941070616245,0.9619058966636658,True
5172,25.86,0.13118418,0.14734404,0.12114725,0.12950544,1,5172,25.86,25.87052273750305,1,0.0427750386297702,0.9572249054908752,True
5173,25.865,-0.00013718562,0.01644045,-0.015169062,0.025695205,1,5172,25.86,25.87052273750305,1,0.0427750386297702,0.9572249054908752,True
5174,25.87,-0.119954616,-0.10219192,-0.12620182,-0.067011744,1,5172,25.86,25.87052273750305,1,0.0427750386297702,0.9572249054908752,True
5175,25.875,-0.20594482,-0.18658714,-0.19411708,-0.13307825,1,5172,25.86,25.87052273750305,1,0.0427750386297702,0.9572249054908752,True
5176,25.88,-0.24597992,-0.22480972,-0.21399188,-0.1633104,1,5176,25.88,25.89432430267334,1,0.0245005525648593,0.9754995107650756,True
5177,25.885,-0.24314155,-0.22038354,-0.19604452,-0.16133241,1,5176,25.88,25.89432430267334,1,0.0245005525648593,0.9754995107650756,True
5178,25.89,-0.21354088,-0.19085257,-0.16187428,-0.1439063,1,5176,25.88,25.89432430267334,1,0.0245005525648593,0.9754995107650756,True
5179,25.895,-0.17630215,-0.15778153,-0.13355811,-0.13150983,1,5176,25.88,25.89432430267334,1,0.0245005525648593,0.9754995107650756,True
5180,25.9,-0.14161676,-0.13367775,-0.12108552,-0.13445143,1,5180,25.9,25.908945083618164,1,0.0487120896577835,0.9512879252433776,True
5181,25.905,-0.10552729,-0.11498375,-0.11680438,-0.14494273,1,5180,25.9,25.908945083618164,1,0.0487120896577835,0.9512879252433776,True
5182,25.91,-0.05593106,-0.0867026,-0.101553746,-0.14196849,1,5180,25.9,25.908945083618164,1,0.0487120896577835,0.9512879252433776,True
5183,25.915,0.014233251,-0.03569424,-0.058836512,-0.10623371,1,5180,25.9,25.908945083618164,1,0.0487120896577835,0.9512879252433776,True
5184,25.92,0.09678709,0.03708581,0.012555384,-0.034710955,1,5184,25.92,25.92054510116577,1,0.0411547534167766,0.9588451981544496,True
5185,25.925,0.1696458,0.11459954,0.09602121,0.05553898,1,5184,25.92,25.92054510116577,1,0.0411547534167766,0.9588451981544496,True
5186,25.93,0.20965862,0.17360154,0.16628197,0.1368389,1,5184,25.92,25.92054510116577,1,0.0411547534167766,0.9588451981544496,True
5187,25.935,0.20784794,0.1990839,0.20381202,0.18676719,1,5184,25.92,25.92054510116577,1,0.0411547534167766,0.9588451981544496,True
5188,25.94,0.17529273,0.19243415,0.2047214,0.19921614,1,5188,25.94,25.94066333770752,1,0.0655021965503692,0.9344977736473083,True
5189,25.945,0.13421284,0.16709536,0.17950858,0.18332078,1,5188,25.94,25.94066333770752,1,0.0655021965503692,0.9344977736473083,True
5190,25.95,0.10032802,0.135441,0.14233011,0.1523857,1,5188,25.94,25.94066333770752,1,0.0655021965503692,0.9344977736473083,True
5191,25.955,0.070792004,0.09836257,0.0999781,0.11290572,1,5188,25.94,25.94066333770752,1,0.0655021965503692,0.9344977736473083,True
5192,25.96,0.029044893,0.047549225,0.050184082,0.063475594,1,5192,25.96,25.975134134292603,1,0.0285745002329349,0.9714255332946776,True
5193,25.965,-0.03609189,-0.020840257,-0.009558698,0.004026877,1,5192,25.96,25.975134134292603,1,0.0285745002329349,0.9714255332946776,True
5194,25.97,-0.113832146,-0.09439064,-0.072166696,-0.054961976,1,5192,25.96,25.975134134292603,1,0.0285745002329349,0.9714255332946776,True
5195,25.975,-0.1742109,-0.14818957,-0.12178166,-0.09503799,1,5192,25.96,25.975134134292603,1,0.0285745002329349,0.9714255332946776,True
5196,25.98,-0.19036973,-0.16358308,-0.14631838,-0.10450756,1,5196,25.98,25.998464107513428,1,0.0293719004839658,0.9706281423568726,True
5197,25.985,-0.16120562,-0.14504832,-0.14917664,-0.09155725,1,5196,25.98,25.998464107513428,1,0.0293719004839658,0.9706281423568726,True
5198,25.99,-0.112936415,-0.11748887,-0.1462732,-0.08051473,1,5196,25.98,25.998464107513428,1,0.0293719004839658,0.9706281423568726,True
5199,25.995,-0.07698916,-0.10430874,-0.1492236,-0.09128188,1,5196,25.98,25.998464107513428,1,0.0293719004839658,0.9706281423568726,True
5200,26.0,-0.06395568,-0.10612552,-0.15111847,-0.11965833,1,5200,26.0,26.01039934158325,1,0.0501910671591758,0.949808955192566,True
5201,26.005,-0.056910682,-0.10024948,-0.1301381,-0.13753948,1,5200,26.0,26.01039934158325,1,0.0501910671591758,0.949808955192566,True
5202,26.01,-0.02888958,-0.061355695,-0.06880522,-0.11440081,1,5200,26.0,26.01039934158325,1,0.0501910671591758,0.949808955192566,True
5203,26.015,0.032265157,0.0155343395,0.02837353,-0.042300437,1,5200,26.0,26.01039934158325,1,0.0501910671591758,0.949808955192566,True
5204,26.02,0.11276156,0.10897004,0.13379832,0.055913337,1,5204,26.02,26.025484800338745,1,0.0437525883316993,0.9562474489212036,True
5205,26.025,0.18219993,0.18476254,0.21197078,0.14067277,1,5204,26.02,26.025484800338745,1,0.0437525883316993,0.9562474489212036,True
5206,26.03,0.21326283,0.21676582,0.23871365,0.18020837,1,5204,26.02,26.025484800338745,1,0.0437525883316993,0.9562474489212036,True
5207,26.035,0.19653441,0.19975424,0.21198331,0.16782758,1,5204,26.02,26.025484800338745,1,0.0437525883316993,0.9562474489212036,True
5208,26.04,0.14239192,0.14814824,0.14965907,0.12170315,1,5208,26.04,26.04468560218811,1,0.1078892573714256,0.8921107053756714,True
5209,26.045,0.07205606,0.08448853,0.077719994,0.06983441,1,5208,26.04,26.04468560218811,1,0.1078892573714256,0.8921107053756714,True
5210,26.05,0.0053636744,0.02649518,0.016603077,0.03199758,1,5208,26.04,26.04468560218811,1,0.1078892573714256,0.8921107053756714,True
5211,26.055,-0.047549464,-0.019643206,-0.026500558,0.010711721,1,5208,26.04,26.04468560218811,1,0.1078892573714256,0.8921107053756714,True
5212,26.06,-0.08722354,-0.05731506,-0.05608186,-0.004658071,1,5212,26.06,26.075522422790527,1,0.0342350155115127,0.9657649993896484,True
5213,26.065,-0.119599625,-0.09227928,-0.08064963,-0.026311083,1,5212,26.06,26.075522422790527,1,0.0342350155115127,0.9657649993896484,True
5214,26.07,-0.14880557,-0.12632135,-0.10567041,-0.05869576,1,5212,26.06,26.075522422790527,1,0.0342350155115127,0.9657649993896484,True
5215,26.075,-0.17263721,-0.15567678,-0.13130264,-0.097050235,1,5212,26.06,26.075522422790527,1,0.0342350155115127,0.9657649993896484,True
5216,26.08,-0.18282542,-0.17337376,-0.15359569,-0.1316858,1,5216,26.08,26.094672203063965,1,0.0884385928511619,0.9115613698959352,True
5217,26.085,-0.16894971,-0.17199561,-0.16549581,-0.152205,1,5216,26.08,26.094672203063965,1,0.0884385928511619,0.9115613698959352,True
5218,26.09,-0.12347608,-0.14503393,-0.15698265,-0.14892395,1,5216,26.08,26.094672203063965,1,0.0884385928511619,0.9115613698959352,True
5219,26.095,-0.046201795,-0.08843798,-0.11751292,-0.11412165,1,5216,26.08,26.094672203063965,1,0.0884385928511619,0.9115613698959352,True
5220,26.1,0.052640922,-0.0045664925,-0.04301181,-0.046613984,1,5220,26.1,26.11029291152954,1,0.0514139793813228,0.9485860466957092,True
5221,26.105,0.15194727,0.09292925,0.056048784,0.041979425,1,5220,26.1,26.11029291152954,1,0.0514139793813228,0.9485860466957092,True
5222,26.11,0.22424346,0.17876427,0.15314564,0.12617642,1,5220,26.1,26.11029291152954,1,0.0514139793813228,0.9485860466957092,True
5223,26.115,0.2457925,0.22444081,0.21532561,0.1759135,1,5220,26.1,26.11029291152954,1,0.0514139793813228,0.9485860466957092,True
5224,26.12,0.20836775,0.21260405,0.21970138,0.17251994,1,5224,26.12,26.12846040725708,1,0.0516812093555927,0.9483187794685364,True
5225,26.125,0.12534226,0.14806645,0.16624534,0.12038983,1,5224,26.12,26.12846040725708,1,0.0516812093555927,0.9483187794685364,True
5226,26.13,0.027104286,0.057324596,0.078621864,0.04549736,1,5224,26.12,26.12846040725708,1,0.0516812093555927,0.9483187794685364,True
5227,26.135,-0.052080084,-0.023559596,-0.0068254196,-0.018126044,1,5224,26.12,26.12846040725708,1,0.0516812093555927,0.9483187794685364,True
5228,26.14,-0.0882331,-0.06539378,-0.05730114,-0.04475496,1,5228,26.14,26.14272975921631,1,0.0284821260720491,0.9715178608894348,True
5229,26.145,-0.07619631,-0.058251146,-0.057706974,-0.027462764,1,5228,26.14,26.14272975921631,1,0.0284821260720491,0.9715178608894348,True
5230,26.15,-0.030551616,-0.015211721,-0.017626395,0.02010013,1,5228,26.14,26.14272975921631,1,0.0284821260720491,0.9715178608894348,True
5231,26.155,0.019994363,0.033490088,0.032298673,0.069511764,1,5228,26.14,26.14272975921631,1,0.0284821260720491,0.9715178608894348,True
5232,26.16,0.04348919,0.054343775,0.055313956,0.08938043,1,5232,26.16,26.17600560188293,1,0.0778547748923301,0.9221452474594116,True
5233,26.165,0.018770613,0.02746853,0.02908169,0.06029692,1,5232,26.16,26.17600560188293,1,0.0778547748923301,0.9221452474594116,True
5234,26.17,-0.05266869,-0.04206488,-0.040411796,-0.013725674,1,5232,26.16,26.17600560188293,1,0.0778547748923301,0.9221452474594116,True
5235,26.175,-0.14440683,-0.12619476,-0.12210635,-0.10541443,1,5232,26.16,26.17600560188293,1,0.0778547748923301,0.9221452474594116,True
5236,26.18,-0.21631683,-0.18912822,-0.17907469,-0.17815965,1,5236,26.18,26.194550037384037,1,0.1387011110782623,0.8612989187240601,True
5237,26.185,-0.23478207,-0.20652181,-0.19000116,-0.20572029,1,5236,26.18,26.194550037384037,1,0.1387011110782623,0.8612989187240601,True
5238,26.19,-0.19022451,-0.17624244,-0.15781805,-0.18463455,1,5236,26.18,26.194550037384037,1,0.1387011110782623,0.8612989187240601,True
5239,26.195,-0.10060434,-0.114668444,-0.10145466,-0.13152158,1,5236,26.18,26.194550037384037,1,0.1387011110782623,0.8612989187240601,True
5240,26.2,0.0015635078,-0.042912472,-0.039823074,-0.068776034,1,5240,26.2,26.20915150642395,1,0.0622442699968814,0.9377557635307312,True
5241,26.205,0.08931829,0.026100455,0.018773194,-0.010158215,1,5240,26.2,26.20915150642395,1,0.0622442699968814,0.9377557635307312,True
5242,26.21,0.15354152,0.090516075,0.07536483,0.043422494,1,5240,26.2,26.20915150642395,1,0.0622442699968814,0.9377557635307312,True
5243,26.215,0.19886132,0.1516595,0.13100483,0.096420355,1,5240,26.2,26.20915150642395,1,0.0622442699968814,0.9377557635307312,True
5244,26.22,0.22888619,0.20355739,0.17877807,0.14732309,1,5244,26.22,26.220508575439453,1,0.0725846290588378,0.9274153113365172,True
5245,26.225,0.23613982,0.2304477,0.20424463,0.18411525,1,5244,26.22,26.220508575439453,1,0.0725846290588378,0.9274153113365172,True
5246,26.23,0.20731905,0.21609467,0.1941671,0.19111228,1,5244,26.22,26.220508575439453,1,0.0725846290588378,0.9274153113365172,True
5247,26.235,0.13909853,0.15789838,0.1467658,0.16170053,1,5244,26.22,26.220508575439453,1,0.0725846290588378,0.9274153113365172,True
5248,26.24,0.048589442,0.07346006,0.07555343,0.106043495,1,5248,26.24,26.240571975708008,1,0.0696152448654174,0.9303848147392272,True
5249,26.245,-0.033092756,-0.007195287,0.0036377078,0.04675862,1,5248,26.24,26.240571975708008,1,0.0696152448654174,0.9303848147392272,True
5250,26.25,-0.08015848,-0.05877939,-0.047829613,0.005373136,1,5248,26.24,26.240571975708008,1,0.0696152448654174,0.9303848147392272,True
5251,26.255,-0.088834785,-0.07491776,-0.069952406,-0.010646243,1,5248,26.24,26.240571975708008,1,0.0696152448654174,0.9303848147392272,True
5252,26.26,-0.07867232,-0.07000134,-0.06977203,-0.011762636,1,5252,26.26,26.27471208572388,1,0.0388627052307128,0.9611372351646424,True
5253,26.265,-0.07863578,-0.06888397,-0.06612389,-0.019640988,1,5252,26.26,26.27471208572388,1,0.0388627052307128,0.9611372351646424,True
5254,26.27,-0.108494356,-0.09175341,-0.07956614,-0.054381363,1,5252,26.26,26.27471208572388,1,0.0388627052307128,0.9611372351646424,True
5255,26.275,-0.16644897,-0.1420078,-0.11993259,-0.12178978,1,5252,26.26,26.27471208572388,1,0.0388627052307128,0.9611372351646424,True
5256,26.28,-0.22803822,-0.20189866,-0.17688477,-0.20584188,1,5256,26.28,26.29747724533081,1,0.1023778021335601,0.8976222276687622,True
5257,26.285,-0.25628406,-0.23829551,-0.22019699,-0.27094844,1,5256,26.28,26.29747724533081,1,0.1023778021335601,0.8976222276687622,True
5258,26.29,-0.2200769,-0.21847194,-0.2136646,-0.27677464,1,5256,26.28,26.29747724533081,1,0.1023778021335601,0.8976222276687622,True
5259,26.295,-0.113662526,-0.13028057,-0.13777605,-0.20158152,1,5256,26.28,26.29747724533081,1,0.1023778021335601,0.8976222276687622,True
5260,26.3,0.03438262,0.0053561092,-0.0070128073,-0.060651425,1,5260,26.3,26.31064081192017,1,0.0458406321704387,0.9541593194007874,True
5261,26.305,0.17208883,0.14106438,0.13262638,0.09584841,1,5260,26.3,26.31064081192017,1,0.0458406321704387,0.9541593194007874,True
5262,26.31,0.25180483,0.22820897,0.22778758,0.20907673,1,5260,26.3,26.31064081192017,1,0.0458406321704387,0.9541593194007874,True
5263,26.315,0.257048,0.24468583,0.24861062,0.24578336,1,5260,26.3,26.31064081192017,1,0.0458406321704387,0.9541593194007874,True
5264,26.32,0.20884392,0.20508915,0.2045622,0.21552818,1,5264,26.32,26.32136106491089,1,0.0607627592980861,0.9392372965812684,True
5265,26.325,0.1470228,0.14606476,0.13419901,0.15804167,1,5264,26.32,26.32136106491089,1,0.0607627592980861,0.9392372965812684,True
5266,26.33,0.10185686,0.09942652,0.077597275,0.11210423,1,5264,26.32,26.32136106491089,1,0.0607627592980861,0.9392372965812684,True
5267,26.335,0.07801614,0.074205406,0.052368354,0.091306575,1,5264,26.32,26.32136106491089,1,0.0607627592980861,0.9392372965812684,True
5268,26.34,0.06039877,0.05888202,0.04895854,0.08332109,1,5268,26.34,26.34035444259644,1,0.0283021591603755,0.9716978073120116,True
5269,26.345,0.03239593,0.03709885,0.04434574,0.06761396,1,5268,26.34,26.34035444259644,1,0.0283021591603755,0.9716978073120116,True
5270,26.35,-0.010726535,0.0012173716,0.020485573,0.03301344,1,5268,26.34,26.34035444259644,1,0.0283021591603755,0.9716978073120116,True
5271,26.355,-0.062069528,-0.04553896,-0.025688501,-0.018122895,1,5268,26.34,26.34035444259644,1,0.0283021591603755,0.9716978073120116,True
5272,26.36,-0.11156824,-0.09513339,-0.08406552,-0.07700884,1,5272,26.36,26.372738122940063,1,0.0351555198431015,0.964844524860382,True
5273,26.365,-0.15191744,-0.14013329,-0.13954028,-0.13562076,1,5272,26.36,26.372738122940063,1,0.0351555198431015,0.964844524860382,True
5274,26.37,-0.1776586,-0.17414089,-0.17943706,-0.1868667,1,5272,26.36,26.372738122940063,1,0.0351555198431015,0.964844524860382,True
5275,26.375,-0.18215285,-0.18996339,-0.19650836,-0.2205804,1,5272,26.36,26.372738122940063,1,0.0351555198431015,0.964844524860382,True
5276,26.38,-0.15878145,-0.18010686,-0.18796396,-0.22297102,1,5276,26.38,26.39943289756775,1,0.0872617438435554,0.91273832321167,True
5277,26.385,-0.10665769,-0.140563,-0.15334757,-0.18309382,1,5276,26.38,26.39943289756775,1,0.0872617438435554,0.91273832321167,True
5278,26.39,-0.03519,-0.074955314,-0.09423765,-0.102218196,1,5276,26.38,26.39943289756775,1,0.0872617438435554,0.91273832321167,True
5279,26.395,0.03774003,0.0044348487,-0.016598873,0.0018751993,1,5276,26.38,26.39943289756775,1,0.0872617438435554,0.91273832321167,True
5280,26.4,0.09364654,0.080078736,0.06679465,0.10053015,1,5280,26.4,26.41049671173096,1,0.0389684848487377,0.9610315561294556,True
5281,26.405,0.12206058,0.13569137,0.1379777,0.16729476,1,5280,26.4,26.41049671173096,1,0.0389684848487377,0.9610315561294556,True
5282,26.41,0.12424358,0.16253023,0.1807124,0.19016089,1,5280,26.4,26.41049671173096,1,0.0389684848487377,0.9610315561294556,True
5283,26.415,0.110097,0.16192059,0.18866137,0.17509343,1,5280,26.4,26.41049671173096,1,0.0389684848487377,0.9610315561294556,True
5284,26.42,0.09108652,0.1425797,0.16846317,0.13950945,1,5284,26.42,26.427191495895386,1,0.1052465736865997,0.8947534561157227,True
5285,26.425,0.07430963,0.1149473,0.13497739,0.10158895,1,5284,26.42,26.427191495895386,1,0.1052465736865997,0.8947534561157227,True
5286,26.43,0.061083347,0.08655367,0.10214683,0.072845526,1,5284,26.42,26.427191495895386,1,0.1052465736865997,0.8947534561157227,True
5287,26.435,0.04912831,0.06046228,0.07572536,0.056421667,1,5284,26.42,26.427191495895386,1,0.1052465736865997,0.8947534561157227,True
5288,26.44,0.034723315,0.03552838,0.051687703,0.04811269,1,5288,26.44,26.444571495056152,1,0.0461613237857818,0.9538387060165404,True
5289,26.445,0.012965822,0.0068421,0.019953497,0.037275333,1,5288,26.44,26.444571495056152,1,0.0461613237857818,0.9538387060165404,True
5290,26.45,-0.021711381,-0.032673687,-0.02906412,0.009261677,1,5288,26.44,26.444571495056152,1,0.0461613237857818,0.9538387060165404,True
5291,26.455,-0.07176947,-0.087516874,-0.097611554,-0.047367603,1,5288,26.44,26.444571495056152,1,0.0461613237857818,0.9538387060165404,True
5292,26.46,-0.13079938,-0.15303774,-0.17603555,-0.1305659,1,5292,26.46,26.476360082626343,1,0.0619465708732605,0.9380533695220948,True
5293,26.465,-0.18155734,-0.21248706,-0.24338637,-0.21936063,1,5292,26.46,26.476360082626343,1,0.0619465708732605,0.9380533695220948,True
5294,26.47,-0.20213969,-0.24219683,-0.27453285,-0.28014505,1,5292,26.46,26.476360082626343,1,0.0619465708732605,0.9380533695220948,True
5295,26.475,-0.17752734,-0.22305322,-0.25119856,-0.28265375,1,5292,26.46,26.476360082626343,1,0.0619465708732605,0.9380533695220948,True
5296,26.48,-0.10829028,-0.15087357,-0.17099567,-0.21542424,1,5296,26.48,26.495453119277958,1,0.0926678329706192,0.907332181930542,True
5297,26.485,-0.010443094,-0.039267115,-0.049461853,-0.091422215,1,5296,26.48,26.495453119277958,1,0.0926678329706192,0.907332181930542,True
5298,26.49,0.092131354,0.08541939,0.08516462,0.057357017,1,5296,26.48,26.495453119277958,1,0.0926678329706192,0.907332181930542,True
5299,26.495,0.17642382,0.19285096,0.20070657,0.19107023,1,5296,26.48,26.495453119277958,1,0.0926678329706192,0.907332181930542,True
5300,26.5,0.22570021,0.25726953,0.26970923,0.2740511,1,5300,26.5,26.510783672332764,1,0.0405388474464416,0.9594611525535583,True
5301,26.505,0.23176052,0.2645369,0.2767541,0.28582996,1,5300,26.5,26.510783672332764,1,0.0405388474464416,0.9594611525535583,True
5302,26.51,0.19607988,0.21681769,0.2238006,0.2292082,1,5300,26.5,26.510783672332764,1,0.0405388474464416,0.9594611525535583,True
5303,26.515,0.12991613,0.1326626,0.13116813,0.13087703,1,5300,26.5,26.510783672332764,1,0.0405388474464416,0.9594611525535583,True
5304,26.52,0.05166973,0.040612772,0.031328786,0.031053087,1,5304,26.52,26.528305053710938,1,0.0325326062738895,0.9674674272537231,True
5305,26.525,-0.019007288,-0.031973578,-0.043744124,-0.034642134,1,5304,26.52,26.528305053710938,1,0.0325326062738895,0.9674674272537231,True
5306,26.53,-0.06815416,-0.06952977,-0.07586855,-0.051118616,1,5304,26.52,26.528305053710938,1,0.0325326062738895,0.9674674272537231,True
5307,26.535,-0.0922167,-0.073092155,-0.06737495,-0.028285483,1,5304,26.52,26.528305053710938,1,0.0325326062738895,0.9674674272537231,True
5308,26.54,-0.09849193,-0.05775869,-0.03794812,0.0071985163,1,5308,26.54,26.54068756103516,1,0.0312751568853855,0.9687248468399048,True
5309,26.545,-0.10110392,-0.044922043,-0.014003349,0.026169384,1,5308,26.54,26.54068756103516,1,0.0312751568853855,0.9687248468399048,True
5310,26.55,-0.113610335,-0.05261705,-0.016155737,0.00915762,1,5308,26.54,26.54068756103516,1,0.0312751568853855,0.9687248468399048,True
5311,26.555,-0.14066294,-0.08697873,-0.050003175,-0.04710009,1,5308,26.54,26.54068756103516,1,0.0312751568853855,0.9687248468399048,True
5312,26.56,-0.17280328,-0.1378498,-0.10360081,-0.12848039,1,5312,26.56,26.572776794433597,1,0.0732238218188285,0.9267761707305908,True
5313,26.565,-0.18871862,-0.18157986,-0.15287486,-0.20717211,1,5312,26.56,26.572776794433597,1,0.0732238218188285,0.9267761707305908,True
5314,26.57,-0.1659172,-0.19165048,-0.17317733,-0.25090694,1,5312,26.56,26.572776794433597,1,0.0732238218188285,0.9267761707305908,True
5315,26.575,-0.09472625,-0.15263695,-0.15144698,-0.23632209,1,5312,26.56,26.572776794433597,1,0.0732238218188285,0.9267761707305908,True
5316,26.58,0.013409627,-0.06917639,-0.09195592,-0.16049246,1,5316,26.58,26.58466362953186,1,0.05053685978055,0.9494630694389344,True
5317,26.585,0.12962961,0.036186382,-0.012265113,-0.04323251,1,5316,26.58,26.58466362953186,1,0.05053685978055,0.9494630694389344,True
5318,26.59,0.2213939,0.1346364,0.06697326,0.08205258,1,5316,26.58,26.58466362953186,1,0.05053685978055,0.9494630694389344,True
5319,26.595,0.26721132,0.20385475,0.13054065,0.18322915,1,5316,26.58,26.58466362953186,1,0.05053685978055,0.9494630694389344,True
5320,26.6,0.26348293,0.23412952,0.17061257,0.24097069,1,5320,26.6,26.611358642578125,1,0.0499669462442398,0.9500331282615662,True
5321,26.605,0.2213817,0.22684002,0.18426101,0.25194693,1,5320,26.6,26.611358642578125,1,0.0499669462442398,0.9500331282615662,True
5322,26.61,0.15857352,0.19013005,0.17204404,0.2252177,1,5320,26.6,26.611358642578125,1,0.0499669462442398,0.9500331282615662,True
5323,26.615,0.09184038,0.13596298,0.13958052,0.17621899,1,5320,26.6,26.611358642578125,1,0.0499669462442398,0.9500331282615662,True
5324,26.62,0.032839235,0.07795812,0.09814264,0.120881945,1,5324,26.62,26.621768474578857,1,0.0377269051969051,0.962273120880127,True
5325,26.625,-0.014280195,0.027161507,0.059852473,0.07012612,1,5324,26.62,26.621768474578857,1,0.0377269051969051,0.962273120880127,True
5326,26.63,-0.05399225,-0.013744325,0.029262593,0.025592718,1,5324,26.62,26.621768474578857,1,0.0377269051969051,0.962273120880127,True
5327,26.635,-0.09700975,-0.052619323,-0.0010687873,-0.020540232,1,5324,26.62,26.621768474578857,1,0.0377269051969051,0.962273120880127,True
5328,26.64,-0.1525362,-0.101942435,-0.045245025,-0.0795426,1,5328,26.64,26.66147470474243,1,0.0374852381646633,0.9625147581100464,True
5329,26.645,-0.21844627,-0.16718447,-0.111680575,-0.15611766,1,5328,26.64,26.66147470474243,1,0.0374852381646633,0.9625147581100464,True
5330,26.65,-0.2772135,-0.23817314,-0.19306943,-0.24057159,1,5328,26.64,26.66147470474243,1,0.0374852381646633,0.9625147581100464,True
5331,26.655,-0.30275488,-0.29075524,-0.26614207,-0.3087342,1,5328,26.64,26.66147470474243,1,0.0374852381646633,0.9625147581100464,True
5332,26.66,-0.27449858,-0.29795727,-0.3009,-0.33042377,1,5332,26.66,26.668211698532104,1,0.0903767496347427,0.9096232056617736,True
5333,26.665,-0.18867444,-0.24313168,-0.27333507,-0.2826143,1,5332,26.66,26.668211698532104,1,0.0903767496347427,0.9096232056617736,True
5334,26.67,-0.059815075,-0.12807305,-0.17605601,-0.16183904,1,5332,26.66,26.668211698532104,1,0.0903767496347427,0.9096232056617736,True
5335,26.675,0.085780464,0.02584011,-0.024234325,0.009245289,1,5332,26.66,26.668211698532104,1,0.0903767496347427,0.9096232056617736,True
5336,26.68,0.21799101,0.18229412,0.14500792,0.18533964,1,5336,26.68,26.69448685646057,1,0.0368356332182884,0.9631643891334534,True
5337,26.685,0.30876005,0.29982504,0.2823469,0.31363335,1,5336,26.68,26.69448685646057,1,0.0368356332182884,0.9631643891334534,True
5338,26.69,0.3378369,0.3460069,0.34495774,0.35614863,1,5336,26.68,26.69448685646057,1,0.0368356332182884,0.9631643891334534,True
5339,26.695,0.30013445,0.31163034,0.3168538,0.308133,1,5336,26.68,26.69448685646057,1,0.0368356332182884,0.9631643891334534,True
5340,26.7,0.21108574,0.21666889,0.21840848,0.20054926,1,5340,26.7,26.7161705493927,1,0.0990545153617858,0.900945484638214,True
5341,26.705,0.10339044,0.10194299,0.09660074,0.08328802,1,5340,26.7,26.7161705493927,1,0.0990545153617858,0.900945484638214,True
5342,26.71,0.013171919,0.009071451,-0.00010458406,-0.0014559868,1,5340,26.7,26.7161705493927,1,0.0990545153617858,0.900945484638214,True
5343,26.715,-0.03769512,-0.03997614,-0.04694782,-0.03916377,1,5340,26.7,26.7161705493927,1,0.0990545153617858,0.900945484638214,True
5344,26.72,-0.051723324,-0.051121064,-0.05205517,-0.044417504,1,5344,26.72,26.72258496284485,1,0.0237798988819122,0.9762201309204102,True
5345,26.725,-0.051127944,-0.04928032,-0.04449585,-0.04461254,1,5344,26.72,26.72258496284485,1,0.0237798988819122,0.9762201309204102,True
5346,26.73,-0.061018653,-0.058766935,-0.050770085,-0.058451187,1,5344,26.72,26.72258496284485,1,0.0237798988819122,0.9762201309204102,True
5347,26.735,-0.09196371,-0.08671491,-0.07694765,-0.08441486,1,5344,26.72,26.72258496284485,1,0.0237798988819122,0.9762201309204102,True
5348,26.74,-0.13442452,-0.12111813,-0.10872173,-0.10652408,1,5348,26.74,26.740333795547485,1,0.0683385208249092,0.9316614270210266,True
5349,26.745,-0.16880491,-0.14396463,-0.12743336,-0.11142454,1,5348,26.74,26.740333795547485,1,0.0683385208249092,0.9316614270210266,True
5350,26.75,-0.1819329,-0.14750424,-0.12732877,-0.10168737,1,5348,26.74,26.740333795547485,1,0.0683385208249092,0.9316614270210266,True
5351,26.755,-0.17492664,-0.13879785,-0.118683584,-0.09317509,1,5348,26.74,26.740333795547485,1,0.0683385208249092,0.9316614270210266,True
5352,26.76,-0.15574865,-0.12865826,-0.11445825,-0.098458655,1,5352,26.76,26.761990785598755,1,0.042369220405817,0.9576307535171508,True
5353,26.765,-0.12563747,-0.116714925,-0.11382087,-0.111787185,1,5352,26.76,26.761990785598755,1,0.042369220405817,0.9576307535171508,True
5354,26.77,-0.075502805,-0.088824004,-0.09934653,-0.11070105,1,5352,26.76,26.761990785598755,1,0.042369220405817,0.9576307535171508,True
5355,26.775,0.0023648804,-0.030709885,-0.051845483,-0.07407876,1,5352,26.76,26.761990785598755,1,0.042369220405817,0.9576307535171508,True
5356,26.78,0.09943584,0.0552294,0.030419748,-0.00059272547,1,5356,26.78,26.79240131378174,1,0.0466128587722778,0.9533870816230774,True
5357,26.785,0.18980244,0.14670782,0.12598112,0.088879846,1,5356,26.78,26.79240131378174,1,0.0466128587722778,0.9533870816230774,True
5358,26.79,0.24567796,0.21518417,0.20314415,0.16590455,1,5356,26.78,26.79240131378174,1,0.0466128587722778,0.9533870816230774,True
5359,26.795,0.2550901,0.24336717,0.23979929,0.2117857,1,5356,26.78,26.79240131378174,1,0.0466128587722778,0.9533870816230774,True
5360,26.8,0.22559354,0.2314414,0.23326309,0.22302963,1,5360,26.8,26.81037449836731,1,0.118984617292881,0.8810153603553772,True
5361,26.805,0.17294629,0.18971777,0.19453639,0.20434533,1,5360,26.8,26.81037449836731,1,0.118984617292881,0.8810153603553772,True
5362,26.81,0.108374275,0.1284395,0.13615733,0.16050307,1,5360,26.8,26.81037449836731,1,0.118984617292881,0.8810153603553772,True
5363,26.815,0.03670026,0.055154562,0.06621654,0.096129484,1,5360,26.8,26.81037449836731,1,0.118984617292881,0.8810153603553772,True
5364,26.82,-0.03648221,-0.021209072,-0.008603198,0.020528711,1,5364,26.82,26.82551741600037,1,0.0291919242590665,0.9708080887794496,True
5365,26.825,-0.10022938,-0.08843288,-0.07862896,-0.052035667,1,5364,26.82,26.82551741600037,1,0.0291919242590665,0.9708080887794496,True
5366,26.83,-0.14302735,-0.1359908,-0.13289604,-0.1097498,1,5364,26.82,26.82551741600037,1,0.0291919242590665,0.9708080887794496,True
5367,26.835,-0.1614698,-0.16169426,-0.16539368,-0.15051182,1,5364,26.82,26.82551741600037,1,0.0291919242590665,0.9708080887794496,True
5368,26.84,-0.16266143,-0.17178057,-0.17824852,-0.17975485,1,5368,26.84,26.8450129032135,1,0.042989894747734,0.9570100903511048,True
5369,26.845,-0.15745802,-0.17358714,-0.17791606,-0.2000401,1,5368,26.84,26.8450129032135,1,0.042989894747734,0.9570100903511048,True
5370,26.85,-0.15124188,-0.1682414,-0.16839576,-0.20372872,1,5368,26.84,26.8450129032135,1,0.042989894747734,0.9570100903511048,True
5371,26.855,-0.14025909,-0.15027665,-0.14808585,-0.17754795,1,5368,26.84,26.8450129032135,1,0.042989894747734,0.9570100903511048,True
5372,26.86,-0.115229346,-0.11339137,-0.11228348,-0.11536925,1,5372,26.86,26.87043690681457,1,0.0443412661552429,0.9556587338447572,True
5373,26.865,-0.06830712,-0.05622286,-0.05805308,-0.026946714,1,5372,26.86,26.87043690681457,1,0.0443412661552429,0.9556587338447572,True
5374,26.87,0.000990895,0.016030336,0.012312212,0.06546712,1,5372,26.86,26.87043690681457,1,0.0443412661552429,0.9556587338447572,True
5375,26.875,0.08327883,0.093326084,0.09030825,0.13925539,1,5372,26.86,26.87043690681457,1,0.0443412661552429,0.9556587338447572,True
5376,26.88,0.16133143,0.16320458,0.1622968,0.18212801,1,5376,26.88,26.892874002456665,1,0.0427056849002838,0.9572942852973938,True
5377,26.885,0.21632409,0.21296017,0.2126441,0.19417156,1,5376,26.88,26.892874002456665,1,0.0427056849002838,0.9572942852973938,True
5378,26.89,0.23518811,0.23198996,0.22868085,0.18205863,1,5376,26.88,26.892874002456665,1,0.0427056849002838,0.9572942852973938,True
5379,26.895,0.2145799,0.214323,0.20557593,0.1517245,1,5376,26.88,26.892874002456665,1,0.0427056849002838,0.9572942852973938,True
5380,26.9,0.15985028,0.16078953,0.14846027,0.105586305,1,5380,26.9,26.910550594329838,1,0.0605368427932262,0.9394631385803224,True
5381,26.905,0.08197576,0.0804261,0.07075285,0.0457879,1,5380,26.9,26.910550594329838,1,0.0605368427932262,0.9394631385803224,True
5382,26.91,-0.004148653,-0.009790875,-0.01014611,-0.020493042,1,5380,26.9,26.910550594329838,1,0.0605368427932262,0.9394631385803224,True
5383,26.915,-0.08101284,-0.08878522,-0.077988535,-0.07989987,1,5380,26.9,26.910550594329838,1,0.0605368427932262,0.9394631385803224,True
5384,26.92,-0.13299733,-0.13935043,-0.122244515,-0.11867632,1,5384,26.92,26.927795886993408,1,0.0251819137483835,0.9748181104660034,True
5385,26.925,-0.15367617,-0.15630731,-0.14058022,-0.13112813,1,5384,26.92,26.927795886993408,1,0.0251819137483835,0.9748181104660034,True
5386,26.93,-0.14939173,-0.14802729,-0.13769376,-0.12276525,1,5384,26.92,26.927795886993408,1,0.0251819137483835,0.9748181104660034,True
5387,26.935,-0.1335375,-0.12862732,-0.12092553,-0.1045766,1,5384,26.92,26.927795886993408,1,0.0251819137483835,0.9748181104660034,True
5388,26.94,-0.11523908,-0.1069878,-0.09610982,-0.08390413,1,5388,26.94,26.94267225265503,1,0.0586903542280197,0.9413096308708192,True
5389,26.945,-0.09334278,-0.082679056,-0.06721325,-0.061073203,1,5388,26.94,26.94267225265503,1,0.0586903542280197,0.9413096308708192,True
5390,26.95,-0.061908413,-0.052018326,-0.03883616,-0.034358077,1,5388,26.94,26.94267225265503,1,0.0586903542280197,0.9413096308708192,True
5391,26.955,-0.020744698,-0.016429596,-0.016501548,-0.0061072796,1,5388,26.94,26.94267225265503,1,0.0586903542280197,0.9413096308708192,True
5392,26.96,0.02135253,0.017063929,-0.0020917878,0.018262487,1,5392,26.96,26.97058391571045,1,0.0415172204375267,0.9584828019142152,True
5393,26.965,0.054401297,0.043524183,0.010718673,0.03723367,1,5392,26.96,26.97058391571045,1,0.0415172204375267,0.9584828019142152,True
5394,26.97,0.076612696,0.065793954,0.03327446,0.056462687,1,5392,26.96,26.97058391571045,1,0.0415172204375267,0.9584828019142152,True
5395,26.975,0.094137676,0.09017023,0.07079498,0.08247479,1,5392,26.96,26.97058391571045,1,0.0415172204375267,0.9584828019142152,True
5396,26.98,0.11179215,0.11659038,0.11366683,0.112989716,1,5396,26.98,26.9944851398468,1,0.0905590802431106,0.9094408750534058,True
5397,26.985,0.12600106,0.13521005,0.14167386,0.13536264,1,5396,26.98,26.9944851398468,1,0.0905590802431106,0.9094408750534058,True
5398,26.99,0.12775029,0.13395403,0.13896734,0.13584659,1,5396,26.98,26.9944851398468,1,0.0905590802431106,0.9094408750534058,True
5399,26.995,0.11098683,0.10873098,0.10578177,0.10999565,1,5396,26.98,26.9944851398468,1,0.0905590802431106,0.9094408750534058,True
5400,27.0,0.07649131,0.065429226,0.0559742,0.06366331,1,5400,27.0,27.008835077285767,1,0.0621601454913616,0.9378398656845092,True
5401,27.005,0.028572416,0.013104387,0.004297176,0.005410696,1,5400,27.0,27.008835077285767,1,0.0621601454913616,0.9378398656845092,True
5402,27.01,-0.02871651,-0.04237533,-0.042893343,-0.059464168,1,5400,27.0,27.008835077285767,1,0.0621601454913616,0.9378398656845092,True
5403,27.015,-0.089935906,-0.09720694,-0.08545431,-0.12653607,1,5400,27.0,27.008835077285767,1,0.0621601454913616,0.9378398656845092,True
5404,27.02,-0.14421448,-0.14432031,-0.12113964,-0.18579635,1,5404,27.02,27.020416498184204,1,0.0426351316273212,0.957364857196808,True
5405,27.025,-0.17643285,-0.17219494,-0.14207901,-0.2204299,1,5404,27.02,27.020416498184204,1,0.0426351316273212,0.957364857196808,True
5406,27.03,-0.17538823,-0.17063503,-0.13985781,-0.2141171,1,5404,27.02,27.020416498184204,1,0.0426351316273212,0.957364857196808,True
5407,27.035,-0.141804,-0.13792604,-0.11297425,-0.16117854,1,5404,27.02,27.020416498184204,1,0.0426351316273212,0.957364857196808,True
5408,27.04,-0.08816114,-0.08254574,-0.06881769,-0.07166795,1,5408,27.04,27.04044818878174,1,0.0604681633412838,0.9395318031311036,True
5409,27.045,-0.030410629,-0.018659532,-0.01911912,0.0314948,1,5408,27.04,27.04044818878174,1,0.0604681633412838,0.9395318031311036,True
5410,27.05,0.020702537,0.040001407,0.025967475,0.12084919,1,5408,27.04,27.04044818878174,1,0.0604681633412838,0.9395318031311036,True
5411,27.055,0.06175707,0.08387207,0.060564235,0.17421475,1,5408,27.04,27.04044818878174,1,0.0604681633412838,0.9395318031311036,True
5412,27.06,0.09262392,0.10869759,0.082597196,0.18279108,1,5412,27.06,27.07035255432129,1,0.0453497394919395,0.9546502232551576,True
5413,27.065,0.112289324,0.11559756,0.092720546,0.15448897,1,5412,27.06,27.07035255432129,1,0.0453497394919395,0.9546502232551576,True
5414,27.07,0.11910813,0.11023582,0.09376638,0.10989177,1,5412,27.06,27.07035255432129,1,0.0453497394919395,0.9546502232551576,True
5415,27.075,0.11406389,0.10010102,0.08965389,0.07136079,1,5412,27.06,27.07035255432129,1,0.0453497394919395,0.9546502232551576,True
5416,27.08,0.10171895,0.09004161,0.08289549,0.050680906,1,5416,27.08,27.09076404571533,1,0.0923799276351928,0.907620131969452,True
5417,27.085,0.08605112,0.078549944,0.07209735,0.04303474,1,5416,27.08,27.09076404571533,1,0.0923799276351928,0.907620131969452,True
5418,27.09,0.06515796,0.058376364,0.052433103,0.031991836,1,5416,27.08,27.09076404571533,1,0.0923799276351928,0.907620131969452,True
5419,27.095,0.032444037,0.023081647,0.020617673,0.0030423251,1,5416,27.08,27.09076404571533,1,0.0923799276351928,0.907620131969452,True
5420,27.1,-0.013604485,-0.023929209,-0.018511595,-0.043395843,1,5420,27.1,27.101361513137817,1,0.0355764776468277,0.9644235372543336,True
5421,27.105,-0.060149252,-0.066205405,-0.050612476,-0.08981938,1,5420,27.1,27.101361513137817,1,0.0355764776468277,0.9644235372543336,True
5422,27.11,-0.08451074,-0.083640665,-0.060577307,-0.11407668,1,5420,27.1,27.101361513137817,1,0.0355764776468277,0.9644235372543336,True
5423,27.115,-0.07402766,-0.07051298,-0.047154494,-0.10829252,1,5420,27.1,27.101361513137817,1,0.0355764776468277,0.9644235372543336,True
5424,27.12,-0.043973137,-0.04630508,-0.030023836,-0.08795939,1,5424,27.12,27.12038516998291,1,0.1660989373922348,0.8339011073112488,True
5425,27.125,-0.031776495,-0.044681326,-0.03821617,-0.080147445,1,5424,27.12,27.12038516998291,1,0.1660989373922348,0.8339011073112488,True
5426,27.13,-0.06600618,-0.08467454,-0.08494245,-0.09797211,1,5424,27.12,27.12038516998291,1,0.1660989373922348,0.8339011073112488,True
5427,27.135,-0.13595526,-0.14825566,-0.14992543,-0.1239907,1,5424,27.12,27.12038516998291,1,0.1660989373922348,0.8339011073112488,True
5428,27.14,-0.19229734,-0.18746988,-0.18799439,-0.120563075,1,5428,27.14,27.144724369049072,1,0.0835398584604263,0.9164601564407348,True
5429,27.145,-0.18256097,-0.15914138,-0.1606736,-0.061277978,1,5428,27.14,27.144724369049072,1,0.0835398584604263,0.9164601564407348,True
5430,27.15,-0.0923733,-0.059134945,-0.065916926,0.043405052,1,5428,27.14,27.144724369049072,1,0.0835398584604263,0.9164601564407348,True
5431,27.155,0.04240453,0.07249982,0.058473747,0.1494624,1,5428,27.14,27.144724369049072,1,0.0835398584604263,0.9164601564407348,True
5432,27.16,0.16116132,0.17874299,0.15992258,0.20915665,1,5432,27.16,27.170352458953857,1,0.0430147312581539,0.9569852352142334,True
5433,27.165,0.21850549,0.22186379,0.20388392,0.20239282,1,5432,27.16,27.170352458953857,1,0.0430147312581539,0.9569852352142334,True
5434,27.17,0.20768036,0.20146824,0.19010496,0.1455513,1,5432,27.16,27.170352458953857,1,0.0430147312581539,0.9569852352142334,True
5435,27.175,0.15484942,0.14556089,0.1441985,0.074803434,1,5432,27.16,27.170352458953857,1,0.0430147312581539,0.9569852352142334,True
5436,27.18,0.095375136,0.087054275,0.09560744,0.02069604,1,5436,27.18,27.190648078918457,1,0.0623088590800762,0.93769109249115,True
5437,27.185,0.052105367,0.04476868,0.059854228,-0.0067782276,1,5436,27.18,27.190648078918457,1,0.0623088590800762,0.93769109249115,True
5438,27.19,0.027931063,0.01919558,0.035345968,-0.01596464,1,5436,27.18,27.190648078918457,1,0.0623088590800762,0.93769109249115,True
5439,27.195,0.012062338,0.0004422065,0.012293456,-0.021166176,1,5436,27.18,27.190648078918457,1,0.0623088590800762,0.93769109249115,True
5440,27.2,-0.008062645,-0.020865649,-0.016144892,-0.031432915,1,5440,27.2,27.21169662475586,1,0.029487119987607,0.9705129265785216,True
5441,27.205,-0.037580084,-0.047328543,-0.048872557,-0.047071725,1,5440,27.2,27.21169662475586,1,0.029487119987607,0.9705129265785216,True
5442,27.21,-0.07208887,-0.07507197,-0.07941935,-0.06302851,1,5440,27.2,27.21169662475586,1,0.029487119987607,0.9705129265785216,True
5443,27.215,-0.101959765,-0.097730145,-0.101442955,-0.07405654,0,5440,27.2,27.21169662475586,1,0.029487119987607,0.9705129265785216,False
5444,27.22,-0.11868356,-0.11004088,-0.11181184,-0.07728316,0,5444,27.22,27.22046542167664,1,0.0941541939973831,0.905845820903778,False
5445,27.225,-0.11854376,-0.10905072,-0.109845065,-0.0715892,0,5444,27.22,27.22046542167664,1,0.0941541939973831,0.905845820903778,False
5446,27.23,-0.10213722,-0.09383015,-0.095416225,-0.056440398,0,5444,27.22,27.22046542167664,1,0.0941541939973831,0.905845820903778,False
5447,27.235,-0.072137676,-0.06560767,-0.069003865,-0.032613587,0,5444,27.22,27.22046542167664,1,0.0941541939973831,0.905845820903778,False
5448,27.24,-0.032523166,-0.028742332,-0.033697568,-0.0042079603,0,5448,27.24,27.245354652404785,1,0.0493044629693031,0.9506954550743104,False
5449,27.245,0.010229361,0.00898734,0.0035623824,0.021013375,0,5448,27.24,27.245354652404785,1,0.0493044629693031,0.9506954550743104,False
5450,27.25,0.04653773,0.038331017,0.033737693,0.034772165,0,5448,27.24,27.245354652404785,1,0.0493044629693031,0.9506954550743104,False
5451,27.255,0.06631106,0.052376207,0.049809303,0.033232093,0,5448,27.24,27.245354652404785,1,0.0493044629693031,0.9506954550743104,False
5452,27.26,0.06435596,0.05004299,0.050481305,0.01992097,0,5452,27.26,27.27698373794556,1,0.0544086694717407,0.9455912709236144,False
5453,27.265,0.045004833,0.037079137,0.04101063,0.0041768337,0,5452,27.26,27.27698373794556,1,0.0544086694717407,0.9455912709236144,False
5454,27.27,0.021851502,0.023819644,0.030681023,-0.0038142996,0,5452,27.26,27.27698373794556,1,0.0544086694717407,0.9455912709236144,False
5455,27.275,0.01120457,0.02051411,0.028285718,0.001966619,0,5452,27.26,27.27698373794556,1,0.0544086694717407,0.9455912709236144,False
5456,27.28,0.022182181,0.03199879,0.037726942,0.020965334,0,5456,27.28,27.29073214530945,1,0.0889916643500328,0.9110082983970642,False
5457,27.285,0.049568225,0.05410628,0.055619016,0.046541322,0,5456,27.28,27.29073214530945,1,0.0889916643500328,0.9110082983970642,False
5458,27.29,0.07511751,0.074284606,0.07207783,0.06821098,0,5456,27.28,27.29073214530945,1,0.0889916643500328,0.9110082983970642,False
5459,27.295,0.078115106,0.0774555,0.07488561,0.07500818,0,5456,27.28,27.29073214530945,1,0.0889916643500328,0.9110082983970642,False
5460,27.3,0.04915356,0.054907423,0.055830006,0.060042456,0,5460,27.3,27.310668230056763,1,0.1442404687404632,0.8557595014572144,False
5461,27.305,-0.002458595,0.010936691,0.0163691,0.025208151,0,5460,27.3,27.310668230056763,1,0.1442404687404632,0.8557595014572144,False
5462,27.31,-0.053630672,-0.037901536,-0.031102108,-0.017266363,0,5460,27.3,27.310668230056763,1,0.1442404687404632,0.8557595014572144,False
5463,27.315,-0.08185533,-0.07163794,-0.06860087,-0.049715567,0,5460,27.3,27.310668230056763,1,0.1442404687404632,0.8557595014572144,False
5464,27.32,-0.07892241,-0.07860557,-0.08252394,-0.059300184,0,5464,27.32,27.334821939468384,1,0.0824723467230796,0.917527675628662,False
5465,27.325,-0.054426305,-0.06209659,-0.07193982,-0.04685178,0,5464,27.32,27.334821939468384,1,0.0824723467230796,0.917527675628662,False
5466,27.33,-0.027281972,-0.037157092,-0.04876367,-0.026592651,0,5464,27.32,27.334821939468384,1,0.0824723467230796,0.917527675628662,False
5467,27.335,-0.0121883415,-0.019758217,-0.028945895,-0.01555232,0,5464,27.32,27.334821939468384,1,0.0824723467230796,0.917527675628662,False
5468,27.34,-0.011036397,-0.016281644,-0.021182915,-0.020566069,0,5468,27.34,27.35048723220825,1,0.0742912292480468,0.9257087707519532,False
5469,27.345,-0.0147289485,-0.020962456,-0.022090394,-0.033665963,0,5468,27.34,27.35048723220825,1,0.0742912292480468,0.9257087707519532,False
5470,27.35,-0.012584154,-0.022526229,-0.021326557,-0.03977177,0,5468,27.34,27.35048723220825,1,0.0742912292480468,0.9257087707519532,False
5471,27.355,-0.0010496936,-0.0139066735,-0.011470335,-0.029738164,0,5468,27.34,27.35048723220825,1,0.0742912292480468,0.9257087707519532,False
5472,27.36,0.014869916,0.002976536,0.0062260684,-0.0072848247,0,5472,27.36,27.37042260169983,1,0.0865843445062637,0.9134156107902528,False
5473,27.365,0.027108412,0.020273548,0.024342,0.015482135,0,5472,27.36,27.37042260169983,1,0.0865843445062637,0.9134156107902528,False
5474,27.37,0.030928543,0.03096044,0.03612972,0.02856274,0,5472,27.36,27.37042260169983,1,0.0865843445062637,0.9134156107902528,False
5475,27.375,0.026896434,0.033010166,0.039684806,0.030563276,0,5472,27.36,27.37042260169983,1,0.0865843445062637,0.9134156107902528,False
5476,27.38,0.018575177,0.028699674,0.03676015,0.02661854,0,5476,27.38,27.391088485717773,1,0.1825685501098632,0.8174314498901367,False
5477,27.385,0.009873813,0.021746645,0.029577622,0.022043431,0,5476,27.38,27.391088485717773,1,0.1825685501098632,0.8174314498901367,False
5478,27.39,0.004403145,0.01560458,0.019914435,0.01887833,0,5476,27.38,27.391088485717773,1,0.1825685501098632,0.8174314498901367,False
5479,27.395,0.0052319122,0.0130754,0.010440365,0.017334912,0,5476,27.38,27.391088485717773,1,0.1825685501098632,0.8174314498901367,False
5480,27.4,0.012753555,0.015302794,0.004824467,0.01802191,0,5480,27.4,27.41202735900879,1,0.1528710126876831,0.8471289277076721,False
5481,27.405,0.02199989,0.0199029,0.004916886,0.020977573,0,5480,27.4,27.41202735900879,1,0.1528710126876831,0.8471289277076721,False
5482,27.41,0.02365633,0.020782223,0.007819762,0.022972347,0,5480,27.4,27.41202735900879,1,0.1528710126876831,0.8471289277076721,False
5483,27.415,0.010444725,0.011723561,0.006937272,0.017881434,0,5480,27.4,27.41202735900879,1,0.1528710126876831,0.8471289277076721,False
5484,27.42,-0.015642626,-0.008161155,-0.0027866648,0.0017148955,0,5484,27.42,27.42684030532837,1,0.2518108487129211,0.7481890916824341,False
5485,27.425,-0.042423084,-0.032004725,-0.019934678,-0.022072569,0,5484,27.42,27.42684030532837,1,0.2518108487129211,0.7481890916824341,False
5486,27.43,-0.05519726,-0.04876517,-0.036685225,-0.042890903,0,5484,27.42,27.42684030532837,1,0.2518108487129211,0.7481890916824341,False
5487,27.435,-0.04724971,-0.050460007,-0.044070423,-0.049874786,0,5484,27.42,27.42684030532837,1,0.2518108487129211,0.7481890916824341,False
5488,27.44,-0.02444537,-0.037317958,-0.038080383,-0.039917316,0,5488,27.44,27.4407057762146,1,0.3183880150318146,0.681611955165863,False
5489,27.445,-0.00034108636,-0.01697515,-0.021941407,-0.020143608,0,5488,27.44,27.4407057762146,1,0.3183880150318146,0.681611955165863,False
5490,27.45,0.013700477,0.0011245759,-0.003424032,-0.0027211218,0,5488,27.44,27.4407057762146,1,0.3183880150318146,0.681611955165863,False
5491,27.455,0.0153876385,0.011488039,0.01019787,0.0038705713,0,5488,27.44,27.4407057762146,1,0.3183880150318146,0.681611955165863,False
5492,27.46,0.010724873,0.01446581,0.015826868,0.00032206907,0,5492,27.46,27.477503538131717,1,0.1954018473625183,0.8045982122421265,False
5493,27.465,0.007371589,0.013717385,0.014826953,-0.0053315745,0,5492,27.46,27.477503538131717,1,0.1954018473625183,0.8045982122421265,False
5494,27.47,0.008074532,0.012029523,0.010542104,-0.0050406936,0,5492,27.46,27.477503538131717,1,0.1954018473625183,0.8045982122421265,False
5495,27.475,0.009413197,0.009232249,0.005483991,0.0026838942,0,5492,27.46,27.477503538131717,1,0.1954018473625183,0.8045982122421265,False
5496,27.48,0.0065428168,0.0039734133,0.0005403408,0.012535245,0,5496,27.48,27.4904580116272,0,0.5270905494689941,0.4729094803333282,True
5497,27.485,-0.00042710814,-0.0024665876,-0.0033834637,0.018485751,0,5496,27.48,27.4904580116272,0,0.5270905494689941,0.4729094803333282,True
5498,27.49,-0.004488268,-0.0044766357,-0.003347429,0.020264084,0,5496,27.48,27.4904580116272,0,0.5270905494689941,0.4729094803333282,True
5499,27.495,0.003138936,0.0046484517,0.005099864,0.023713816,0,5496,27.48,27.4904580116272,0,0.5270905494689941,0.4729094803333282,True
5500,27.5,0.024486095,0.026245423,0.0239992,0.034244575,0,5500,27.5,27.504568099975582,0,0.5599896907806396,0.4400103092193603,True
5501,27.505,0.050435547,0.05217903,0.04850987,0.04953214,0,5500,27.5,27.504568099975582,0,0.5599896907806396,0.4400103092193603,True
5502,27.51,0.06526473,0.06783794,0.06664123,0.05895433,0,5500,27.5,27.504568099975582,0,0.5599896907806396,0.4400103092193603,True
5503,27.515,0.05739169,0.0612783,0.065361135,0.05122427,0,5500,27.5,27.504568099975582,0,0.5599896907806396,0.4400103092193603,True
5504,27.52,0.027702427,0.031717602,0.03953918,0.023799349,0,5504,27.52,27.522464990615845,0,0.8139234781265259,0.1860765069723129,True
5505,27.525,-0.01157862,-0.009752746,-0.003475841,-0.01442561,0,5504,27.52,27.522464990615845,0,0.8139234781265259,0.1860765069723129,True
5506,27.53,-0.046303637,-0.048048448,-0.048046812,-0.049600497,0,5504,27.52,27.522464990615845,0,0.8139234781265259,0.1860765069723129,True
5507,27.535,-0.06951349,-0.073758736,-0.080029935,-0.07257087,0,5504,27.52,27.522464990615845,0,0.8139234781265259,0.1860765069723129,True
5508,27.54,-0.08237821,-0.08632106,-0.093906306,-0.08305599,0,5508,27.54,27.55285382270813,0,0.853504478931427,0.1464955359697342,True
5509,27.545,-0.087552495,-0.08903431,-0.09199087,-0.08545273,0,5508,27.54,27.55285382270813,0,0.853504478931427,0.1464955359697342,True
5510,27.55,-0.08315401,-0.0823933,-0.078469925,-0.08157255,0,5508,27.54,27.55285382270813,0,0.853504478931427,0.1464955359697342,True
5511,27.555,-0.0642894,-0.06330413,-0.05540797,-0.06804016,0,5508,27.54,27.55285382270813,0,0.853504478931427,0.1464955359697342,True
5512,27.56,-0.030307727,-0.030670015,-0.024205614,-0.040717345,0,5512,27.56,27.570565462112427,0,0.871245801448822,0.1287541985511779,True
5513,27.565,0.010564498,0.009391207,0.010797379,-0.0013362595,0,5512,27.56,27.570565462112427,0,0.871245801448822,0.1287541985511779,True
5514,27.57,0.04479831,0.04493948,0.041879714,0.040343538,0,5512,27.56,27.570565462112427,0,0.871245801448822,0.1287541985511779,True
5515,27.575,0.06236839,0.06540453,0.061749965,0.071122214,0,5512,27.56,27.570565462112427,0,0.871245801448822,0.1287541985511779,True
5516,27.58,0.06292562,0.06823938,0.06798511,0.08221894,0,5516,27.58,27.59170866012573,0,0.8596908450126648,0.1403091847896576,True
5517,27.585,0.0547198,0.05985237,0.06423628,0.07471513,0,5516,27.58,27.59170866012573,0,0.8596908450126648,0.1403091847896576,True
5518,27.59,0.048303716,0.050818004,0.05754796,0.058825847,0,5516,27.58,27.59170866012573,0,0.8596908450126648,0.1403091847896576,True
5519,27.595,0.050064504,0.049014132,0.05377412,0.047146533,0,5516,27.58,27.59170866012573,0,0.8596908450126648,0.1403091847896576,True
5520,27.6,0.05881745,0.054590438,0.053629547,0.04583656,0,5520,27.6,27.602822065353397,0,0.8691986203193665,0.1308014243841171,True
5521,27.605,0.06613127,0.059365842,0.051577553,0.04973971,0,5520,27.6,27.602822065353397,0,0.8691986203193665,0.1308014243841171,True
5522,27.61,0.06031244,0.051524077,0.038945954,0.04575107,0,5520,27.6,27.602822065353397,0,0.8691986203193665,0.1308014243841171,True
5523,27.615,0.033306558,0.023720276,0.010391912,0.023015093,0,5520,27.6,27.602822065353397,0,0.8691986203193665,0.1308014243841171,True
5524,27.62,-0.012635407,-0.020360278,-0.030336348,-0.017449038,0,5524,27.62,27.620561838150024,0,0.8681612610816956,0.1318387538194656,True
5525,27.625,-0.063571,-0.06622039,-0.0703109,-0.06164337,0,5524,27.62,27.620561838150024,0,0.8681612610816956,0.1318387538194656,True
5526,27.63,-0.10043358,-0.09643319,-0.09437607,-0.091458805,0,5524,27.62,27.620561838150024,0,0.8681612610816956,0.1318387538194656,True
5527,27.635,-0.110097475,-0.10102295,-0.09462542,-0.09669429,0,5524,27.62,27.620561838150024,0,0.8681612610816956,0.1318387538194656,True
5528,27.64,-0.09306935,-0.082845755,-0.075099364,-0.08081084,0,5528,27.64,27.644824981689453,0,0.886381208896637,0.1136187985539436,True
5529,27.645,-0.06196713,-0.054242857,-0.047877237,-0.056401003,0,5528,27.64,27.644824981689453,0,0.886381208896637,0.1136187985539436,True
5530,27.65,-0.032123175,-0.027969446,-0.023870697,-0.03483795,0,5528,27.64,27.644824981689453,0,0.886381208896637,0.1136187985539436,True
5531,27.655,-0.01172735,-0.009475017,-0.0060749194,-0.018823372,0,5528,27.64,27.644824981689453,0,0.886381208896637,0.1136187985539436,True
5532,27.66,0.0012429648,0.004055791,0.009405392,-0.00335821,0,5532,27.66,27.67082118988037,0,0.8803494572639465,0.1196504905819892,True
5533,27.665,0.01397594,0.018201804,0.026453367,0.01679263,0,5532,27.66,27.67082118988037,0,0.8803494572639465,0.1196504905819892,True
5534,27.67,0.030789735,0.0346843,0.043313187,0.04033306,0,5532,27.66,27.67082118988037,0,0.8803494572639465,0.1196504905819892,True
5535,27.675,0.049011655,0.04937693,0.053686205,0.059389357,0,5532,27.66,27.67082118988037,0,0.8803494572639465,0.1196504905819892,True
5536,27.68,0.06164335,0.056247972,0.053069666,0.06591012,0,5536,27.68,27.692794799804688,0,0.8898303508758545,0.1101695820689201,True
5537,27.685,0.063568145,0.053099416,0.043630388,0.058462303,0,5536,27.68,27.692794799804688,0,0.8898303508758545,0.1101695820689201,True
5538,27.69,0.05533026,0.043491844,0.032572694,0.043256823,0,5536,27.68,27.692794799804688,0,0.8898303508758545,0.1101695820689201,True
5539,27.695,0.04149863,0.03315809,0.025655434,0.02874559,0,5536,27.68,27.692794799804688,0,0.8898303508758545,0.1101695820689201,True
5540,27.7,0.026127048,0.0246684,0.022292307,0.01897503,0,5540,27.7,27.7104070186615,0,0.8745684027671814,0.1254316568374633,True
5541,27.705,0.0102136545,0.015647834,0.016813338,0.01156615,0,5540,27.7,27.7104070186615,0,0.8745684027671814,0.1254316568374633,True
5542,27.71,-0.0068303267,0.0020525046,0.004256547,0.0014153623,0,5540,27.7,27.7104070186615,0,0.8745684027671814,0.1254316568374633,True
5543,27.715,-0.024289576,-0.017011851,-0.014997557,-0.014008957,0,5540,27.7,27.7104070186615,0,0.8745684027671814,0.1254316568374633,True
5544,27.72,-0.039501168,-0.037580892,-0.035593443,-0.032552857,0,5544,27.72,27.726887941360477,0,0.879305899143219,0.1206941306591034,True
5545,27.725,-0.04981057,-0.0533798,-0.051225927,-0.049338445,0,5544,27.72,27.726887941360477,0,0.879305899143219,0.1206941306591034,True
5546,27.73,-0.054107476,-0.059673794,-0.05803828,-0.059822015,0,5544,27.72,27.726887941360477,0,0.879305899143219,0.1206941306591034,True
5547,27.735,-0.05179787,-0.05500083,-0.054982934,-0.061045423,0,5544,27.72,27.726887941360477,0,0.879305899143219,0.1206941306591034,True
5548,27.74,-0.04110058,-0.040464453,-0.042612463,-0.051375765,0,5548,27.74,27.741619348526,0,0.8891217708587646,0.1108782589435577,True
5549,27.745,-0.020296894,-0.018878914,-0.022971934,-0.031016627,0,5548,27.74,27.741619348526,0,0.8891217708587646,0.1108782589435577,True
5550,27.75,0.008033407,0.0049595074,-0.000647234,-0.0037714152,0,5548,27.74,27.741619348526,0,0.8891217708587646,0.1108782589435577,True
5551,27.755,0.03474413,0.024520686,0.01770948,0.02256103,0,5548,27.74,27.741619348526,0,0.8891217708587646,0.1108782589435577,True
5552,27.76,0.048345447,0.03428107,0.02689184,0.039568126,0,5552,27.76,27.77648138999939,0,0.8881650567054749,0.1118349209427833,True
5553,27.765,0.04350292,0.033560537,0.027117921,0.043651927,0,5552,27.76,27.77648138999939,0,0.8881650567054749,0.1118349209427833,True
5554,27.77,0.02588472,0.027365603,0.024112465,0.038507026,0,5552,27.76,27.77648138999939,0,0.8881650567054749,0.1118349209427833,True
5555,27.775,0.007988388,0.022412553,0.024357345,0.03175471,0,5552,27.76,27.77648138999939,0,0.8881650567054749,0.1118349209427833,True
5556,27.78,-0.0005873724,0.021727389,0.029701017,0.02857402,0,5556,27.78,27.79285860061645,0,0.8846006989479065,0.1153993159532547,True
5557,27.785,0.0005985279,0.023077244,0.03635851,0.028224954,0,5556,27.78,27.79285860061645,0,0.8846006989479065,0.1153993159532547,True
5558,27.79,0.005213026,0.022392754,0.038792465,0.026282797,0,5556,27.78,27.79285860061645,0,0.8846006989479065,0.1153993159532547,True
5559,27.795,0.007441613,0.01798168,0.03418054,0.019604292,0,5556,27.78,27.79285860061645,0,0.8846006989479065,0.1153993159532547,True
5560,27.8,0.006227094,0.010948343,0.02329246,0.00875751,0,5560,27.8,27.8077392578125,0,0.883100152015686,0.1168998554348945,True
5561,27.805,0.0030485264,0.002066857,0.007969649,-0.003992648,0,5560,27.8,27.8077392578125,0,0.883100152015686,0.1168998554348945,True
5562,27.81,-0.0024853821,-0.010338825,-0.011064841,-0.017959597,0,5560,27.8,27.8077392578125,0,0.883100152015686,0.1168998554348945,True
5563,27.815,-0.012837122,-0.028076924,-0.03321149,-0.034090318,0,5560,27.8,27.8077392578125,0,0.883100152015686,0.1168998554348945,True
5564,27.82,-0.02773458,-0.048241623,-0.054940138,-0.05123669,0,5564,27.82,27.82116675376892,0,0.8872061967849731,0.1127938032150268,True
5565,27.825,-0.04035289,-0.061557658,-0.068664595,-0.063083306,0,5564,27.82,27.82116675376892,0,0.8872061967849731,0.1127938032150268,True
5566,27.83,-0.040522635,-0.05754277,-0.066318944,-0.0606412,0,5564,27.82,27.82116675376892,0,0.8872061967849731,0.1127938032150268,True
5567,27.835,-0.023643525,-0.03350453,-0.045909658,-0.03985366,0,5564,27.82,27.82116675376892,0,0.8872061967849731,0.1127938032150268,True
5568,27.84,0.0030990255,0.0005744508,-0.015456148,-0.0076475544,0,5568,27.84,27.84082341194153,0,0.889652669429779,0.1103472858667373,True
5569,27.845,0.024424678,0.027120316,0.010497047,0.020528883,0,5568,27.84,27.84082341194153,0,0.889652669429779,0.1103472858667373,True
5570,27.85,0.028690454,0.03352939,0.020777687,0.03152552,0,5568,27.84,27.84082341194153,0,0.889652669429779,0.1103472858667373,True
5571,27.855,0.017586349,0.02221573,0.016436463,0.02511979,0,5568,27.84,27.84082341194153,0,0.889652669429779,0.1103472858667373,True
5572,27.86,0.004685522,0.008888584,0.0103198,0.014585977,0,5572,27.86,27.87080931663513,0,0.8904830813407898,0.1095168963074684,True
5573,27.865,0.003479291,0.009312959,0.01619417,0.015433586,0,5572,27.86,27.87080931663513,0,0.8904830813407898,0.1095168963074684,True
5574,27.87,0.015271619,0.02534362,0.03591154,0.03143621,0,5572,27.86,27.87080931663513,0,0.8904830813407898,0.1095168963074684,True
5575,27.875,0.028003315,0.042795863,0.05629731,0.050570335,0,5572,27.86,27.87080931663513,0,0.8904830813407898,0.1095168963074684,True
5576,27.88,0.02749968,0.043894302,0.059754778,0.055287253,0,5576,27.88,27.895583868026733,0,0.8892208337783813,0.1107792034745216,True
5577,27.885,0.010981519,0.023586065,0.039888937,0.03828681,0,5576,27.88,27.895583868026733,0,0.8892208337783813,0.1107792034745216,True
5578,27.89,-0.01000743,-0.0053797397,0.007827429,0.009202405,0,5576,27.88,27.895583868026733,0,0.8892208337783813,0.1107792034745216,True
5579,27.895,-0.020300806,-0.023709174,-0.01707592,-0.014206214,0,5576,27.88,27.895583868026733,0,0.8892208337783813,0.1107792034745216,True
5580,27.9,-0.015064759,-0.022666652,-0.023682134,-0.021881936,0,5580,27.9,27.91062092781067,0,0.8732162714004517,0.1267837733030319,True
5581,27.905,-0.0033010396,-0.010789744,-0.017253095,-0.019110799,0,5580,27.9,27.91062092781067,0,0.8732162714004517,0.1267837733030319,True
5582,27.91,0.0020504557,-0.004309198,-0.012268139,-0.019228652,0,5580,27.9,27.91062092781067,0,0.8732162714004517,0.1267837733030319,True
5583,27.915,-0.0033502064,-0.011400032,-0.017875044,-0.02956729,0,5580,27.9,27.91062092781067,0,0.8732162714004517,0.1267837733030319,True
5584,27.92,-0.012842887,-0.025733152,-0.030391712,-0.04476714,0,5584,27.92,27.92640781402588,0,0.8885814547538757,0.1114185452461242,True
5585,27.925,-0.017824596,-0.034509785,-0.038973257,-0.053082343,0,5584,27.92,27.92640781402588,0,0.8885814547538757,0.1114185452461242,True
5586,27.93,-0.017495481,-0.031573214,-0.037085306,-0.04807091,0,5584,27.92,27.92640781402588,0,0.8885814547538757,0.1114185452461242,True
5587,27.935,-0.018619804,-0.022186166,-0.027802154,-0.033731252,0,5584,27.92,27.92640781402588,0,0.8885814547538757,0.1114185452461242,True
5588,27.94,-0.026013328,-0.015674533,-0.018747682,-0.018996535,0,5588,27.94,27.942540645599365,0,0.8901488780975342,0.1098511442542076,True
5589,27.945,-0.034594964,-0.014647834,-0.013371555,-0.008411229,0,5588,27.94,27.942540645599365,0,0.8901488780975342,0.1098511442542076,True
5590,27.95,-0.032244645,-0.012274821,-0.007980693,0.0012574999,0,5588,27.94,27.942540645599365,0,0.8901488780975342,0.1098511442542076,True
5591,27.955,-0.011343416,-6.9868474e-05,0.0031309077,0.015788846,0,5588,27.94,27.942540645599365,0,0.8901488780975342,0.1098511442542076,True
5592,27.96,0.022452137,0.022348981,0.020678906,0.036001477,0,5592,27.96,27.976471424102783,0,0.8910170197486877,0.108983039855957,True
5593,27.965,0.053284455,0.045721877,0.03898206,0.055992678,0,5592,27.96,27.976471424102783,0,0.8910170197486877,0.108983039855957,True
5594,27.97,0.0673903,0.059093017,0.05110252,0.06837452,0,5592,27.96,27.976471424102783,0,0.8910170197486877,0.108983039855957,True
5595,27.975,0.063031375,0.058847256,0.05471189,0.07036856,0,5592,27.96,27.976471424102783,0,0.8910170197486877,0.108983039855957,True
5596,27.98,0.04939138,0.05012577,0.052784465,0.06452717,0,5596,27.98,27.99263072013855,0,0.887822687625885,0.1121772974729538,True
5597,27.985,0.036887735,0.040351715,0.049074378,0.054353047,0,5596,27.98,27.99263072013855,0,0.887822687625885,0.1121772974729538,True
5598,27.99,0.028695477,0.03207754,0.043422595,0.040323067,0,5596,27.98,27.99263072013855,0,0.887822687625885,0.1121772974729538,True
5599,27.995,0.020238033,0.021628942,0.031459376,0.020360991,0,5596,27.98,27.99263072013855,0,0.887822687625885,0.1121772974729538,True
5600,28.0,0.0050734794,0.003611973,0.008790412,-0.0065440345,0,5600,28.0,28.007518768310547,0,0.8817023634910583,0.1182976365089416,True
5601,28.005,-0.0189026,-0.023340862,-0.023954391,-0.037668213,0,5600,28.0,28.007518768310547,0,0.8817023634910583,0.1182976365089416,True
5602,28.01,-0.047224812,-0.053980056,-0.05922716,-0.06708002,0,5600,28.0,28.007518768310547,0,0.8817023634910583,0.1182976365089416,True
5603,28.015,-0.07114606,-0.078595124,-0.085625656,-0.0884466,0,5600,28.0,28.007518768310547,0,0.8817023634910583,0.1182976365089416,True
5604,28.02,-0.0827793,-0.088682294,-0.09440551,-0.09794488,0,5604,28.02,28.02054476737976,0,0.8863851428031921,0.1136149019002914,True
5605,28.025,-0.08007687,-0.0824449,-0.08498043,-0.0955372,0,5604,28.02,28.02054476737976,0,0.8863851428031921,0.1136149019002914,True
5606,28.03,-0.06776781,-0.06553706,-0.06467542,-0.08374734,0,5604,28.02,28.02054476737976,0,0.8863851428031921,0.1136149019002914,True
5607,28.035,-0.052445546,-0.04555764,-0.04217253,-0.06460368,0,5604,28.02,28.02054476737976,0,0.8863851428031921,0.1136149019002914,True
5608,28.04,-0.03556447,-0.024952708,-0.020253908,-0.03749942,0,5608,28.04,28.040619134902958,0,0.8863375782966614,0.1136624366044998,True
5609,28.045,-0.01180585,0.0001595792,0.0048118043,-0.00093638303,0,5608,28.04,28.040619134902958,0,0.8863375782966614,0.1136624366044998,True
5610,28.05,0.023858879,0.033068117,0.03605057,0.04245978,0,5608,28.04,28.040619134902958,0,0.8863375782966614,0.1136624366044998,True
5611,28.055,0.06660302,0.068438396,0.068227515,0.08282414,0,5608,28.04,28.040619134902958,0,0.8863375782966614,0.1136624366044998,True
5612,28.06,0.10040095,0.092701375,0.088853315,0.10676901,0,5612,28.06,28.077731132507324,0,0.8891748189926147,0.1108251959085464,True
5613,28.065,0.108572476,0.09416946,0.08803755,0.106437445,0,5612,28.06,28.077731132507324,0,0.8891748189926147,0.1108251959085464,True
5614,28.07,0.08752194,0.073521055,0.067726895,0.086062394,0,5612,28.06,28.077731132507324,0,0.8891748189926147,0.1108251959085464,True
5615,28.075,0.05059623,0.044091057,0.040907037,0.059369385,0,5612,28.06,28.077731132507324,0,0.8891748189926147,0.1108251959085464,True
5616,28.08,0.017910868,0.021304056,0.02129296,0.039381534,0,5616,28.08,28.09084224700928,0,0.8595001697540283,0.140499860048294,True
5617,28.085,0.0012386554,0.011020852,0.0130671915,0.02917329,0,5616,28.08,28.09084224700928,0,0.8595001697540283,0.140499860048294,True
5618,28.09,-0.002819679,0.0069281277,0.009315345,0.021038387,0,5616,28.08,28.09084224700928,0,0.8595001697540283,0.140499860048294,True
5619,28.095,-0.006604513,-0.0019222524,-0.00071993185,0.0040987525,0,5616,28.08,28.09084224700928,0,0.8595001697540283,0.140499860048294,True
5620,28.1,-0.019124143,-0.020970065,-0.02233681,-0.026091056,0,5620,28.1,28.10278272628784,0,0.8705242276191711,0.1294758319854736,True
5621,28.105,-0.03877787,-0.0457267,-0.050830796,-0.06301011,0,5620,28.1,28.10278272628784,0,0.8705242276191711,0.1294758319854736,True
5622,28.11,-0.0561542,-0.065515324,-0.07407355,-0.09253621,0,5620,28.1,28.10278272628784,0,0.8705242276191711,0.1294758319854736,True
5623,28.115,-0.06288924,-0.07145107,-0.08012209,-0.1017425,0,5620,28.1,28.10278272628784,0,0.8705242276191711,0.1294758319854736,True
5624,28.12,-0.058306277,-0.062418584,-0.065118946,-0.08725898,0,5624,28.12,28.127793312072757,0,0.888191282749176,0.1118087396025657,True
5625,28.125,-0.04858994,-0.04497287,-0.03626093,-0.057405822,0,5624,28.12,28.127793312072757,0,0.888191282749176,0.1118087396025657,True
5626,28.13,-0.040033508,-0.027675668,-0.0072120386,-0.026282806,0,5624,28.12,28.127793312072757,0,0.888191282749176,0.1118087396025657,True
5627,28.135,-0.03270186,-0.014418704,0.01130518,-0.003946954,0,5624,28.12,28.127793312072757,0,0.888191282749176,0.1118087396025657,True
5628,28.14,-0.02016534,-0.002060441,0.01861902,0.009747929,0,5628,28.14,28.14283061027527,0,0.8845020532608032,0.1154979616403579,True
5629,28.145,0.004272003,0.01561216,0.022974035,0.02271747,0,5628,28.14,28.14283061027527,0,0.8845020532608032,0.1154979616403579,True
5630,28.15,0.039898325,0.04075178,0.033005953,0.041852213,0,5628,28.14,28.14283061027527,0,0.8845020532608032,0.1154979616403579,True
5631,28.155,0.07596098,0.067198955,0.049226914,0.06553125,0,5628,28.14,28.14283061027527,0,0.8845020532608032,0.1154979616403579,True
5632,28.16,0.096843384,0.083069384,0.062845275,0.08372035,0,5632,28.16,28.16053318977356,0,0.8905742168426514,0.1094258055090904,True
5633,28.165,0.0917262,0.078468494,0.06248787,0.0850819,0,5632,28.16,28.16053318977356,0,0.8905742168426514,0.1094258055090904,True
5634,28.17,0.06166568,0.052229736,0.042613912,0.06479869,0,5632,28.16,28.16053318977356,0,0.8905742168426514,0.1094258055090904,True
5635,28.175,0.01881932,0.012550249,0.0070169894,0.027290778,0,5632,28.16,28.16053318977356,0,0.8905742168426514,0.1094258055090904,True
5636,28.18,-0.021307683,-0.028157076,-0.03376489,-0.016729096,0,5636,28.18,28.19530868530273,0,0.8640358448028564,0.1359641551971435,True
5637,28.185,-0.04835094,-0.059321944,-0.06743263,-0.05518554,0,5636,28.18,28.19530868530273,0,0.8640358448028564,0.1359641551971435,True
5638,28.19,-0.060195416,-0.07493508,-0.08382024,-0.07831728,0,5636,28.18,28.19530868530273,0,0.8640358448028564,0.1359641551971435,True
5639,28.195,-0.059922926,-0.0730615,-0.077479206,-0.08088732,0,5636,28.18,28.19530868530273,0,0.8640358448028564,0.1359641551971435,True
5640,28.2,-0.051094245,-0.055160392,-0.049961112,-0.063913584,0,5640,28.2,28.21056008338928,0,0.8773906826972961,0.1226093024015426,True
5641,28.205,-0.03611871,-0.026693106,-0.0107664475,-0.035235744,0,5640,28.2,28.21056008338928,0,0.8773906826972961,0.1226093024015426,True
5642,28.21,-0.018055607,0.0028659024,0.02556579,-0.0068897074,0,5640,28.2,28.21056008338928,0,0.8773906826972961,0.1226093024015426,True
5643,28.215,-0.0021415504,0.023141652,0.046406463,0.010909244,0,5640,28.2,28.21056008338928,0,0.8773906826972961,0.1226093024015426,True
5644,28.22,0.006130227,0.028442265,0.047943465,0.015745183,0,5644,28.22,28.220356464385983,0,0.8883059620857239,0.1116940453648567,True
5645,28.225,0.005348253,0.021677675,0.036749523,0.014184891,0,5644,28.22,28.220356464385983,0,0.8883059620857239,0.1116940453648567,True
5646,28.23,0.00071746856,0.012777989,0.024505075,0.016509853,0,5644,28.22,28.220356464385983,0,0.8883059620857239,0.1116940453648567,True
5647,28.235,0.0016416974,0.012034328,0.019821908,0.02854863,0,5644,28.22,28.220356464385983,0,0.8883059620857239,0.1116940453648567,True
5648,28.24,0.015315525,0.02308466,0.02323589,0.046865117,0,5648,28.24,28.24575138092041,0,0.8902424573898315,0.1097574979066848,True
5649,28.245,0.040723067,0.04067076,0.028591936,0.06118883,0,5648,28.24,28.24575138092041,0,0.8902424573898315,0.1097574979066848,True
5650,28.25,0.06765126,0.054577027,0.028950224,0.062289603,0,5648,28.24,28.24575138092041,0,0.8902424573898315,0.1097574979066848,True
5651,28.255,0.08218804,0.056553077,0.021927739,0.04904746,0,5648,28.24,28.24575138092041,0,0.8902424573898315,0.1097574979066848,True
5652,28.26,0.075446606,0.04505313,0.010328453,0.028921233,0,5652,28.26,28.27574348449707,0,0.8900567889213562,0.1099432185292244,True
5653,28.265,0.049143795,0.024577994,-0.0018707406,0.011279833,0,5652,28.26,28.27574348449707,0,0.8900567889213562,0.1099432185292244,True
5654,28.27,0.013431836,0.0008004706,-0.013992672,-0.00089035905,0,5652,28.26,28.27574348449707,0,0.8900567889213562,0.1099432185292244,True
5655,28.275,-0.021152157,-0.023821209,-0.028958317,-0.013592686,0,5652,28.26,28.27574348449707,0,0.8900567889213562,0.1099432185292244,True
5656,28.28,-0.05013804,-0.04971252,-0.048746824,-0.035848133,0,5656,28.28,28.29051637649536,0,0.8835257887840271,0.1164742335677146,True
5657,28.285,-0.0740514,-0.07554408,-0.06936412,-0.06965293,0,5656,28.28,28.29051637649536,0,0.8835257887840271,0.1164742335677146,True
5658,28.29,-0.0919951,-0.09453314,-0.08086193,-0.10455541,0,5656,28.28,28.29051637649536,0,0.8835257887840271,0.1164742335677146,True
5659,28.295,-0.09818068,-0.09686403,-0.07372773,-0.122485176,0,5656,28.28,28.29051637649536,0,0.8835257887840271,0.1164742335677146,True
5660,28.3,-0.08649119,-0.07754072,-0.046915516,-0.11013117,0,5660,28.3,28.31052017211914,0,0.8891562819480896,0.110843725502491,True
5661,28.305,-0.05856455,-0.042639375,-0.01049188,-0.06932851,0,5660,28.3,28.31052017211914,0,0.8891562819480896,0.110843725502491,True
5662,28.31,-0.025757888,-0.006976272,0.020242877,-0.016707204,0,5660,28.3,28.31052017211914,0,0.8891562819480896,0.110843725502491,True
5663,28.315,-0.0011396396,0.016294401,0.035217166,0.027706195,0,5660,28.3,28.31052017211914,0,0.8891562819480896,0.110843725502491,True
5664,28.32,0.011490602,0.025549093,0.036425438,0.053980306,0,5664,28.32,28.32810139656067,0,0.8893802762031555,0.1106196790933609,True
5665,28.325,0.020588934,0.031079633,0.035460413,0.06701298,0,5664,28.32,28.32810139656067,0,0.8893802762031555,0.1106196790933609,True
5666,28.33,0.038410757,0.045354757,0.043594263,0.079124525,0,5664,28.32,28.32810139656067,0,0.8893802762031555,0.1106196790933609,True
5667,28.335,0.06877085,0.0715482,0.062353063,0.09737384,0,5664,28.32,28.32810139656067,0,0.8893802762031555,0.1106196790933609,True
5668,28.34,0.1019803,0.09983785,0.08183171,0.116315655,0,5668,28.34,28.342535495758057,0,0.8908309936523438,0.109169065952301,True
5669,28.345,0.12083409,0.11375739,0.08742456,0.12147321,0,5668,28.34,28.342535495758057,0,0.8908309936523438,0.109169065952301,True
5670,28.35,0.112027146,0.10087563,0.06936296,0.09985252,0,5668,28.34,28.342535495758057,0,0.8908309936523438,0.109169065952301,True
5671,28.355,0.07432503,0.060232367,0.02855975,0.04938383,0,5668,28.34,28.342535495758057,0,0.8908309936523438,0.109169065952301,True
5672,28.36,0.019045604,0.0029681202,-0.023850253,-0.018426515,0,5672,28.36,28.36066484451294,0,0.8707512021064758,0.1292488574981689,True
5673,28.365,-0.035866246,-0.052812263,-0.07170054,-0.0831769,0,5672,28.36,28.36066484451294,0,0.8707512021064758,0.1292488574981689,True
5674,28.37,-0.07425481,-0.09001946,-0.10063601,-0.124666624,0,5672,28.36,28.36066484451294,0,0.8707512021064758,0.1292488574981689,True
5675,28.375,-0.08875808,-0.10017205,-0.10387029,-0.13224249,0,5672,28.36,28.36066484451294,0,0.8707512021064758,0.1292488574981689,True
5676,28.38,-0.08310954,-0.086943835,-0.084479555,-0.109768994,0,5676,28.38,28.395307302474976,0,0.870455265045166,0.1295447051525116,True
5677,28.385,-0.06802131,-0.06281226,-0.05266226,-0.07260722,0,5676,28.38,28.395307302474976,0,0.870455265045166,0.1295447051525116,True
5678,28.39,-0.05274054,-0.04002955,-0.019140476,-0.037379947,0,5676,28.38,28.395307302474976,0,0.870455265045166,0.1295447051525116,True
5679,28.395,-0.03848493,-0.022397198,0.0106258355,-0.011400449,0,5676,28.38,28.395307302474976,0,0.870455265045166,0.1295447051525116,True
5680,28.4,-0.019670136,-0.0050104503,0.036547605,0.009584355,0,5680,28.4,28.408034086227417,0,0.8842672109603882,0.1157327443361282,True
5681,28.405,0.007592363,0.017431935,0.058474794,0.033108156,0,5680,28.4,28.408034086227417,0,0.8842672109603882,0.1157327443361282,True
5682,28.41,0.03766352,0.041709457,0.07135443,0.058903337,0,5680,28.4,28.408034086227417,0,0.8842672109603882,0.1157327443361282,True
5683,28.415,0.05664514,0.056030933,0.067259386,0.07621595,0,5680,28.4,28.408034086227417,0,0.8842672109603882,0.1157327443361282,True
5684,28.42,0.052944604,0.05000551,0.043457452,0.07292027,0,5684,28.42,28.425586700439453,0,0.8884612917900085,0.1115387678146362,True
5685,28.425,0.027907675,0.025351986,0.008307342,0.04785494,0,5684,28.42,28.425586700439453,0,0.8884612917900085,0.1115387678146362,True
5686,28.43,-0.003615455,-0.0035084977,-0.022367556,0.0139865065,0,5684,28.42,28.425586700439453,0,0.8884612917900085,0.1115387678146362,True
5687,28.435,-0.02384907,-0.02025038,-0.036465652,-0.011187981,0,5684,28.42,28.425586700439453,0,0.8884612917900085,0.1115387678146362,True
5688,28.44,-0.02464874,-0.018930325,-0.03411803,-0.018990599,0,5688,28.44,28.444409132003784,0,0.8826082348823547,0.1173917353153228,True
5689,28.445,-0.01145312,-0.0066612326,-0.025379473,-0.014319516,0,5688,28.44,28.444409132003784,0,0.8826082348823547,0.1173917353153228,True
5690,28.45,0.0035341785,0.004574326,-0.019819792,-0.008592052,0,5688,28.44,28.444409132003784,0,0.8826082348823547,0.1173917353153228,True
5691,28.455,0.011499615,0.0079106325,-0.018815635,-0.009184369,0,5688,28.44,28.444409132003784,0,0.8826082348823547,0.1173917353153228,True
5692,28.46,0.011463866,0.0041766083,-0.017736066,-0.015545404,0,5692,28.46,28.47059774398804,0,0.8882890343666077,0.1117110177874565,True
5693,28.465,0.0069833263,-0.0029571105,-0.013952009,-0.02346191,0,5692,28.46,28.47059774398804,0,0.8882890343666077,0.1117110177874565,True
5694,28.47,0.0008581337,-0.011566296,-0.010401336,-0.03025871,0,5692,28.46,28.47059774398804,0,0.8882890343666077,0.1117110177874565,True
5695,28.475,-0.005839468,-0.020229442,-0.010327602,-0.034597524,0,5692,28.46,28.47059774398804,0,0.8882890343666077,0.1117110177874565,True
5696,28.48,-0.010658672,-0.024075426,-0.0099880425,-0.032879107,0,5696,28.48,28.49057149887085,0,0.8891317844390869,0.110868215560913,True
5697,28.485,-0.008551522,-0.0156476,0.00045535114,-0.01937191,0,5696,28.48,28.49057149887085,0,0.8891317844390869,0.110868215560913,True
5698,28.49,0.003666811,0.0075566196,0.02652464,0.0074278936,0,5696,28.48,28.49057149887085,0,0.8891317844390869,0.110868215560913,True
5699,28.495,0.021299602,0.036460552,0.059877437,0.038724277,0,5696,28.48,28.49057149887085,0,0.8891317844390869,0.110868215560913,True
5700,28.5,0.032320786,0.05391621,0.081173316,0.0583975,0,5700,28.5,28.510799169540405,0,0.8898705840110779,0.1101294383406639,True
5701,28.505,0.026681008,0.04788642,0.07502065,0.05517876,0,5700,28.5,28.510799169540405,0,0.8898705840110779,0.1101294383406639,True
5702,28.51,0.0062988796,0.022565225,0.04360535,0.033274323,0,5700,28.5,28.510799169540405,0,0.8898705840110779,0.1101294383406639,True
5703,28.515,-0.014946812,-0.004219904,0.005478032,0.010025876,0,5700,28.5,28.510799169540405,0,0.8898705840110779,0.1101294383406639,True
5704,28.52,-0.02259518,-0.016119566,-0.02010275,0.0011504778,0,5704,28.52,28.527974367141724,0,0.8790576457977295,0.1209424063563346,True
5705,28.525,-0.013881975,-0.011909944,-0.028668256,0.00703014,0,5704,28.52,28.527974367141724,0,0.8790576457977295,0.1209424063563346,True
5706,28.53,0.0008676072,-0.0047262935,-0.0313711,0.0134342965,0,5704,28.52,28.527974367141724,0,0.8790576457977295,0.1209424063563346,True
5707,28.535,0.008552489,-0.008145333,-0.041142616,0.006051367,0,5704,28.52,28.527974367141724,0,0.8790576457977295,0.1209424063563346,True
5708,28.54,0.0046256743,-0.023137324,-0.058428407,-0.015594378,0,5708,28.54,28.54050040245056,0,0.8899953961372375,0.1100045889616012,True
5709,28.545,-0.005243454,-0.038230382,-0.07050365,-0.038370978,0,5708,28.54,28.54050040245056,0,0.8899953961372375,0.1100045889616012,True
5710,28.55,-0.01312036,-0.0414699,-0.06430628,-0.048767492,0,5708,28.54,28.54050040245056,0,0.8899953961372375,0.1100045889616012,True
5711,28.555,-0.016848933,-0.031493172,-0.039463587,-0.04505863,0,5708,28.54,28.54050040245056,0,0.8899953961372375,0.1100045889616012,True
5712,28.56,-0.020018633,-0.017256785,-0.008878599,-0.03648652,0,5712,28.56,28.570472240448,0,0.8900306224822998,0.1099693998694419,True
5713,28.565,-0.02519567,-0.008109985,0.012772649,-0.031655837,0,5712,28.56,28.570472240448,0,0.8900306224822998,0.1099693998694419,True
5714,28.57,-0.028749324,-0.0049612024,0.020863432,-0.029052433,0,5712,28.56,28.570472240448,0,0.8900306224822998,0.1099693998694419,True
5715,28.575,-0.023267435,-0.00082499144,0.022332985,-0.019289522,0,5712,28.56,28.570472240448,0,0.8900306224822998,0.1099693998694419,True
5716,28.58,-0.0052270996,0.010994088,0.027244378,0.0039402456,0,5716,28.58,28.59084439277649,0,0.8898028135299683,0.1101971417665481,True
5717,28.585,0.019873532,0.029726814,0.039507885,0.035625666,0,5716,28.58,28.59084439277649,0,0.8898028135299683,0.1101971417665481,True
5718,28.59,0.04018369,0.04736054,0.05459643,0.06178392,0,5716,28.58,28.59084439277649,0,0.8898028135299683,0.1101971417665481,True
5719,28.595,0.045751035,0.054907914,0.064118594,0.0696664,0,5716,28.58,28.59084439277649,0,0.8898028135299683,0.1101971417665481,True
5720,28.6,0.035158925,0.048364013,0.061557256,0.05634901,0,5720,28.6,28.60954213142395,0,0.8887639045715332,0.1112360432744026,True
5721,28.605,0.015281855,0.029783538,0.04478165,0.029002076,0,5720,28.6,28.60954213142395,0,0.8887639045715332,0.1112360432744026,True
5722,28.61,-0.004671356,0.004371329,0.015649108,-0.0015860342,0,5720,28.6,28.60954213142395,0,0.8887639045715332,0.1112360432744026,True
5723,28.615,-0.01896676,-0.022331156,-0.02067837,-0.027293375,0,5720,28.6,28.60954213142395,0,0.8887639045715332,0.1112360432744026,True
5724,28.62,-0.02625492,-0.044724498,-0.05579478,-0.043816354,0,5724,28.62,28.620569944381717,0,0.873817503452301,0.1261824816465377,True
5725,28.625,-0.026220532,-0.056346066,-0.07915066,-0.04807183,0,5724,28.62,28.620569944381717,0,0.873817503452301,0.1261824816465377,True
5726,28.63,-0.016938299,-0.051133517,-0.081741795,-0.037062544,0,5724,28.62,28.620569944381717,0,0.873817503452301,0.1261824816465377,True
5727,28.635,0.0031676043,-0.027532438,-0.061094265,-0.010942013,0,5724,28.62,28.620569944381717,0,0.873817503452301,0.1261824816465377,True
5728,28.64,0.03045599,0.00782802,-0.023871236,0.022907887,0,5728,28.64,28.640653371810917,0,0.8890199065208435,0.1109800636768341,True
5729,28.645,0.05426565,0.041349977,0.016585538,0.050640758,0,5728,28.64,28.640653371810917,0,0.8890199065208435,0.1109800636768341,True
5730,28.65,0.061958328,0.059296962,0.046623692,0.059290253,0,5728,28.64,28.640653371810917,0,0.8890199065208435,0.1109800636768341,True
5731,28.655,0.047549985,0.055563428,0.05830258,0.045393165,0,5728,28.64,28.640653371810917,0,0.8890199065208435,0.1109800636768341,True
5732,28.66,0.016256064,0.03430111,0.05143117,0.017204762,0,5732,28.66,28.670610427856445,0,0.8887578248977661,0.1112421676516532,True
5733,28.665,-0.019356232,0.0057141427,0.031492893,-0.011811065,0,5732,28.66,28.670610427856445,0,0.8887578248977661,0.1112421676516532,True
5734,28.67,-0.048027232,-0.020817583,0.006147424,-0.03251293,0,5732,28.66,28.670610427856445,0,0.8887578248977661,0.1112421676516532,True
5735,28.675,-0.0654656,-0.04056087,-0.01719974,-0.044305548,0,5732,28.66,28.670610427856445,0,0.8887578248977661,0.1112421676516532,True
5736,28.68,-0.07276774,-0.05221293,-0.032418724,-0.051090937,0,5736,28.68,28.690709590911865,0,0.884024441242218,0.1159755513072013,True
5737,28.685,-0.07074882,-0.054570585,-0.03543162,-0.053978994,0,5736,28.68,28.690709590911865,0,0.884024441242218,0.1159755513072013,True
5738,28.69,-0.057077974,-0.045477208,-0.025559368,-0.048645943,0,5736,28.68,28.690709590911865,0,0.884024441242218,0.1159755513072013,True
5739,28.695,-0.029675769,-0.024527853,-0.0068237516,-0.030262347,0,5736,28.68,28.690709590911865,0,0.884024441242218,0.1159755513072013,True
5740,28.7,0.007239489,0.0033431011,0.0124547705,-0.0009474,0,5740,28.7,28.71039891242981,0,0.8894601464271545,0.1105398908257484,True
5741,28.705,0.041632805,0.027937124,0.022944186,0.028404776,0,5740,28.7,28.71039891242981,0,0.8894601464271545,0.1105398908257484,True
5742,28.71,0.059935775,0.039112095,0.01946018,0.044908717,0,5740,28.7,28.71039891242981,0,0.8894601464271545,0.1105398908257484,True
5743,28.715,0.05650896,0.033658355,0.004550166,0.04336254,0,5740,28.7,28.71039891242981,0,0.8894601464271545,0.1105398908257484,True
5744,28.72,0.037761897,0.017628154,-0.012927949,0.029682484,0,5744,28.72,28.728251934051517,0,0.8897351622581482,0.1102648973464965,True
5745,28.725,0.016921218,0.0015630939,-0.023983642,0.014799028,0,5744,28.72,28.728251934051517,0,0.8897351622581482,0.1102648973464965,True
5746,28.73,0.004130565,-0.0073195,-0.025572604,0.005184023,0,5744,28.72,28.728251934051517,0,0.8897351622581482,0.1102648973464965,True
5747,28.735,0.0006843751,-0.008909767,-0.021102851,-0.0005739104,0,5744,28.72,28.728251934051517,0,0.8897351622581482,0.1102648973464965,True
5748,28.74,0.001687084,-0.0069579957,-0.014958097,-0.0063305786,0,5748,28.74,28.7427670955658,0,0.8884762525558472,0.1115237697958946,True
5749,28.745,0.0031107024,-0.003031481,-0.0068543134,-0.01087672,0,5748,28.74,28.7427670955658,0,0.8884762525558472,0.1115237697958946,True
5750,28.75,0.005519334,0.0052704546,0.0075114453,-0.0074861213,0,5748,28.74,28.7427670955658,0,0.8884762525558472,0.1115237697958946,True
5751,28.755,0.011010335,0.019603357,0.029511962,0.00803398,0,5748,28.74,28.7427670955658,0,0.8884762525558472,0.1115237697958946,True
5752,28.76,0.017496195,0.035034727,0.05166659,0.029165318,0,5752,28.76,28.770607471466064,0,0.889095664024353,0.1109043508768081,True
5753,28.765,0.017561868,0.040669855,0.060314734,0.040239085,0,5752,28.76,28.770607471466064,0,0.889095664024353,0.1109043508768081,True
5754,28.77,0.0045589507,0.028184226,0.046393305,0.028525554,0,5752,28.76,28.770607471466064,0,0.889095664024353,0.1109043508768081,True
5755,28.775,-0.019261012,0.00093542715,0.015000416,-0.0033784988,0,5752,28.76,28.770607471466064,0,0.889095664024353,0.1109043508768081,True
5756,28.78,-0.041046314,-0.025836436,-0.01598414,-0.03690031,0,5756,28.78,28.79505681991577,0,0.886458694934845,0.1135413870215416,True
5757,28.785,-0.04547303,-0.035667386,-0.028595533,-0.050653275,0,5756,28.78,28.79505681991577,0,0.886458694934845,0.1135413870215416,True
5758,28.79,-0.026942533,-0.023917383,-0.018550143,-0.036798395,0,5756,28.78,28.79505681991577,0,0.886458694934845,0.1135413870215416,True
5759,28.795,0.004521451,-0.0017570788,0.0017285645,-0.006700023,0,5756,28.78,28.79505681991577,0,0.886458694934845,0.1135413870215416,True
5760,28.8,0.029354412,0.012611021,0.013331121,0.018632885,0,5760,28.8,28.800753831863403,0,0.8900445699691772,0.1099554151296615,True
5761,28.805,0.032114383,0.007969782,0.0053742277,0.024601482,0,5760,28.8,28.800753831863403,0,0.8900445699691772,0.1099554151296615,True
5762,28.81,0.011951806,-0.012361122,-0.018156175,0.012039451,0,5760,28.8,28.800753831863403,0,0.8900445699691772,0.1099554151296615,True
5763,28.815,-0.017939119,-0.03479023,-0.04355662,-0.0069613443,0,5760,28.8,28.800753831863403,0,0.8900445699691772,0.1099554151296615,True
5764,28.82,-0.04045617,-0.046526317,-0.05843188,-0.020752165,0,5764,28.82,28.82774758338928,0,0.8867743015289307,0.1132257357239723,True
5765,28.825,-0.045717284,-0.043672767,-0.0588145,-0.026313115,0,5764,28.82,28.82774758338928,0,0.8867743015289307,0.1132257357239723,True
5766,28.83,-0.035196003,-0.03080875,-0.047963414,-0.02780817,0,5764,28.82,28.82774758338928,0,0.8867743015289307,0.1132257357239723,True
5767,28.835,-0.017540932,-0.014669296,-0.030538207,-0.028885096,0,5764,28.82,28.82774758338928,0,0.8867743015289307,0.1132257357239723,True
5768,28.84,-0.0010653614,0.0012126139,-0.008900461,-0.02723705,0,5768,28.84,28.842763662338257,0,0.8900983333587646,0.1099016219377517,True
5769,28.845,0.010950876,0.016650222,0.01556021,-0.016790025,0,5768,28.84,28.842763662338257,0,0.8900983333587646,0.1099016219377517,True
5770,28.85,0.01971137,0.03129557,0.039068583,0.0049118134,0,5768,28.84,28.842763662338257,0,0.8900983333587646,0.1099016219377517,True
5771,28.855,0.027306696,0.04226112,0.055019535,0.03170128,0,5768,28.84,28.842763662338257,0,0.8900983333587646,0.1099016219377517,True
5772,28.86,0.034032688,0.045768145,0.057986084,0.05167323,0,5772,28.86,28.876633644104004,0,0.8909099102020264,0.1090901046991348,True
5773,28.865,0.03859391,0.041082755,0.04867869,0.05602086,0,5772,28.86,28.876633644104004,0,0.8909099102020264,0.1090901046991348,True
5774,28.87,0.03983729,0.03222804,0.034632783,0.045873363,0,5772,28.86,28.876633644104004,0,0.8909099102020264,0.1090901046991348,True
5775,28.875,0.03743085,0.024882335,0.024851717,0.030577077,0,5772,28.86,28.876633644104004,0,0.8909099102020264,0.1090901046991348,True
5776,28.88,0.03084955,0.020903386,0.02242495,0.018892659,0,5776,28.88,28.885352849960327,0,0.8796905875205994,0.1203094720840454,True
5777,28.885,0.018678788,0.01607662,0.021867717,0.011625111,0,5776,28.88,28.885352849960327,0,0.8796905875205994,0.1203094720840454,True
5778,28.89,0.00023726452,0.0042008585,0.014312565,0.0028996442,0,5776,28.88,28.885352849960327,0,0.8796905875205994,0.1203094720840454,True
5779,28.895,-0.02147067,-0.015734304,-0.0036538634,-0.011522117,0,5776,28.88,28.885352849960327,0,0.8796905875205994,0.1203094720840454,True
5780,28.9,-0.039070573,-0.03641631,-0.025789956,-0.027913619,0,5780,28.9,28.910603523254395,0,0.8820018768310547,0.1179981082677841,True
5781,28.905,-0.044769924,-0.047111616,-0.041099988,-0.03737262,0,5780,28.9,28.910603523254395,0,0.8820018768310547,0.1179981082677841,True
5782,28.91,-0.036697183,-0.042836238,-0.043639872,-0.03524779,0,5780,28.9,28.910603523254395,0,0.8820018768310547,0.1179981082677841,True
5783,28.915,-0.021821182,-0.029215455,-0.037870318,-0.027203334,0,5780,28.9,28.910603523254395,0,0.8820018768310547,0.1179981082677841,True
5784,28.92,-0.0114617245,-0.017802935,-0.033981137,-0.02454701,0,5784,28.92,28.92610001564026,0,0.8900420665740967,0.1099579706788063,True
5785,28.925,-0.011998362,-0.0155137135,-0.0371448,-0.032175492,0,5784,28.92,28.92610001564026,0,0.8900420665740967,0.1099579706788063,True
5786,28.93,-0.01877962,-0.017865311,-0.0409069,-0.040870007,0,5784,28.92,28.92610001564026,0,0.8900420665740967,0.1099579706788063,True
5787,28.935,-0.019503009,-0.0127957165,-0.03168876,-0.032946214,0,5784,28.92,28.92610001564026,0,0.8900420665740967,0.1099579706788063,True
5788,28.94,-0.005094674,0.007752071,-0.001361488,0.0018669663,0,5788,28.94,28.944419860839844,0,0.8899674415588379,0.1100325509905815,True
5789,28.945,0.021165343,0.038680404,0.04284377,0.05388439,0,5788,28.94,28.944419860839844,0,0.8899674415588379,0.1100325509905815,True
5790,28.95,0.044616226,0.06342899,0.08017214,0.096339725,0,5788,28.94,28.944419860839844,0,0.8899674415588379,0.1100325509905815,True
5791,28.955,0.04993145,0.065499984,0.08938493,0.102912895,0,5788,28.94,28.944419860839844,0,0.8899674415588379,0.1100325509905815,True
5792,28.96,0.032691583,0.04040881,0.06320304,0.066312335,0,5792,28.96,28.97387909889221,0,0.8907650709152222,0.1092348992824554,True
5793,28.965,0.0024227728,-0.001260912,0.013291829,0.003254956,0,5792,28.96,28.97387909889221,0,0.8907650709152222,0.1092348992824554,True
5794,28.97,-0.024628999,-0.041104328,-0.037368894,-0.057198983,0,5792,28.96,28.97387909889221,0,0.8907650709152222,0.1092348992824554,True
5795,28.975,-0.036323786,-0.06380377,-0.06827964,-0.091575526,0,5792,28.96,28.97387909889221,0,0.8907650709152222,0.1092348992824554,True
5796,28.98,-0.030718407,-0.06380812,-0.07139808,-0.09256862,0,5796,28.98,28.985846042633057,0,0.8692911863327026,0.1307087689638137,True
5797,28.985,-0.014484751,-0.045103606,-0.05189564,-0.06719821,0,5796,28.98,28.985846042633057,0,0.8692911863327026,0.1307087689638137,True
5798,28.99,0.0029575587,-0.016928997,-0.021883633,-0.028273601,0,5796,28.98,28.985846042633057,0,0.8692911863327026,0.1307087689638137,True
5799,28.995,0.014522805,0.010625507,0.0067868284,0.01212997,0,5796,28.98,28.985846042633057,0,0.8692911863327026,0.1307087689638137,True
5800,29.0,0.01742181,0.02956388,0.02633293,0.044064004,0,5800,29.0,29.011397123336792,0,0.8888788819313049,0.1111210957169532,True
5801,29.005,0.0127158305,0.035785653,0.033337295,0.059326157,0,5800,29.0,29.011397123336792,0,0.8888788819313049,0.1111210957169532,True
5802,29.01,0.0038998292,0.029880168,0.027876126,0.05329304,0,5800,29.0,29.011397123336792,0,0.8888788819313049,0.1111210957169532,True
5803,29.015,-0.0047471374,0.016503416,0.013294738,0.028568923,0,5800,29.0,29.011397123336792,0,0.8888788819313049,0.1111210957169532,True
5804,29.02,-0.009659653,0.0024648241,-0.0036006393,-0.003551867,0,5804,29.02,29.02545666694641,0,0.8862867951393127,0.1137131974101066,True
5805,29.025,-0.008849391,-0.0055839415,-0.013655425,-0.026896978,0,5804,29.02,29.02545666694641,0,0.8862867951393127,0.1137131974101066,True
5806,29.03,-0.0019781708,-0.0032174448,-0.009065215,-0.028491875,0,5804,29.02,29.02545666694641,0,0.8862867951393127,0.1137131974101066,True
5807,29.035,0.00982911,0.009943202,0.01145513,-0.0063201943,0,5804,29.02,29.02545666694641,0,0.8862867951393127,0.1137131974101066,True
5808,29.04,0.02384206,0.029046517,0.03969541,0.028353909,0,5808,29.04,29.04268431663513,0,0.8890091776847839,0.1109908148646354,True
5809,29.045,0.035537798,0.044857588,0.060736597,0.056433376,0,5808,29.04,29.04268431663513,0,0.8890091776847839,0.1109908148646354,True
5810,29.05,0.039435055,0.047654837,0.06125881,0.061761826,0,5808,29.04,29.04268431663513,0,0.8890091776847839,0.1109908148646354,True
5811,29.055,0.03148536,0.032742277,0.03819734,0.0407171,0,5808,29.04,29.04268431663513,0,0.8890091776847839,0.1109908148646354,True
5812,29.06,0.011859755,0.0038065356,0.001115172,0.0039810236,0,5812,29.06,29.07473921775818,0,0.8900689482688904,0.1099310666322708,True
5813,29.065,-0.0141703645,-0.028906185,-0.034086373,-0.03111955,0,5812,29.06,29.07473921775818,0,0.8900689482688904,0.1099310666322708,True
5814,29.07,-0.03849823,-0.054625727,-0.05550056,-0.052127063,0,5812,29.06,29.07473921775818,0,0.8900689482688904,0.1099310666322708,True
5815,29.075,-0.054155294,-0.067627706,-0.06143358,-0.057946946,0,5812,29.06,29.07473921775818,0,0.8900689482688904,0.1099310666322708,True
5816,29.08,-0.058009487,-0.068141945,-0.057982482,-0.05566112,0,5816,29.08,29.100404262542725,0,0.8873412013053894,0.1126588210463523,True
5817,29.085,-0.05065128,-0.058952536,-0.05125791,-0.05154177,0,5816,29.08,29.100404262542725,0,0.8873412013053894,0.1126588210463523,True
5818,29.09,-0.034753863,-0.04203471,-0.042065762,-0.045076385,0,5816,29.08,29.100404262542725,0,0.8873412013053894,0.1126588210463523,True
5819,29.095,-0.014011546,-0.01871829,-0.027625466,-0.031242698,0,5816,29.08,29.100404262542725,0,0.8873412013053894,0.1126588210463523,True
5820,29.1,0.0071346667,0.0077529796,-0.007384755,-0.007818266,0,5820,29.1,29.11065673828125,0,0.8897992968559265,0.1102006807923317,True
5821,29.105,0.024319384,0.031292923,0.013843706,0.0201287,0,5820,29.1,29.11065673828125,0,0.8897992968559265,0.1102006807923317,True
5822,29.11,0.034760848,0.045516256,0.028639201,0.04281052,0,5820,29.1,29.11065673828125,0,0.8897992968559265,0.1102006807923317,True
5823,29.115,0.03775874,0.04733071,0.032446448,0.052326567,0,5820,29.1,29.11065673828125,0,0.8897992968559265,0.1102006807923317,True
5824,29.12,0.033502996,0.038219515,0.026494851,0.047256842,0,5824,29.12,29.12052583694458,0,0.8899329900741577,0.110066995024681,True
5825,29.125,0.022309516,0.022884086,0.016392613,0.032457113,0,5824,29.12,29.12052583694458,0,0.8899329900741577,0.110066995024681,True
5826,29.13,0.006238185,0.0073267617,0.008634588,0.015742755,0,5824,29.12,29.12052583694458,0,0.8899329900741577,0.110066995024681,True
5827,29.135,-0.008913054,-0.0026561203,0.007605307,0.0041109216,0,5824,29.12,29.12052583694458,0,0.8899329900741577,0.110066995024681,True
5828,29.14,-0.015414676,-0.0034781701,0.013791994,0.00068587594,0,5828,29.14,29.145943880081177,0,0.8875075578689575,0.1124924644827842,True
5829,29.145,-0.009478788,0.0037954666,0.023322862,0.0031670977,0,5828,29.14,29.145943880081177,0,0.8875075578689575,0.1124924644827842,True
5830,29.15,0.0043497104,0.013008113,0.029629376,0.0051994026,0,5828,29.14,29.145943880081177,0,0.8875075578689575,0.1124924644827842,True
5831,29.155,0.015714198,0.016407603,0.027363148,0.00093977986,0,5828,29.14,29.145943880081177,0,0.8875075578689575,0.1124924644827842,True
5832,29.16,0.016495954,0.010218849,0.016352093,-0.009999766,0,5832,29.16,29.178433179855347,0,0.8887364864349365,0.1112634614109993,True
5833,29.165,0.0072187297,-0.0022297052,0.0023219935,-0.021444459,0,5832,29.16,29.178433179855347,0,0.8887364864349365,0.1112634614109993,True
5834,29.17,-0.0037500183,-0.0126173915,-0.0066934587,-0.024837973,0,5832,29.16,29.178433179855347,0,0.8887364864349365,0.1112634614109993,True
5835,29.175,-0.0070492816,-0.01347664,-0.005788318,-0.015624699,0,5832,29.16,29.178433179855347,0,0.8887364864349365,0.1112634614109993,True
5836,29.18,0.00063413865,-0.003522856,0.0034616985,0.003145927,0,5836,29.18,29.19314956665039,0,0.8888399004936218,0.1111601293087005,True
5837,29.185,0.014337619,0.011133275,0.013928979,0.022603473,0,5836,29.18,29.19314956665039,0,0.8888399004936218,0.1111601293087005,True
5838,29.19,0.024250995,0.020623198,0.017251035,0.03358912,0,5836,29.18,29.19314956665039,0,0.8888399004936218,0.1111601293087005,True
5839,29.195,0.022050997,0.017488608,0.008590942,0.031724755,0,5836,29.18,29.19314956665039,0,0.8888399004936218,0.1111601293087005,True
5840,29.2,0.0060919994,0.0013644532,-0.01104395,0.018617159,0,5840,29.2,29.202956914901733,0,0.8895775079727173,0.1104225218296051,True
5841,29.205,-0.01775674,-0.021142647,-0.036064662,-0.0009876353,0,5840,29.2,29.202956914901733,0,0.8895775079727173,0.1104225218296051,True
5842,29.21,-0.04022655,-0.04142851,-0.05991183,-0.023167035,0,5840,29.2,29.202956914901733,0,0.8895775079727173,0.1104225218296051,True
5843,29.215,-0.054762173,-0.054716706,-0.07809327,-0.04622646,0,5840,29.2,29.202956914901733,0,0.8895775079727173,0.1104225218296051,True
5844,29.22,-0.06064199,-0.061505996,-0.088165924,-0.06822603,0,5844,29.22,29.220651626586918,0,0.88584965467453,0.1141503304243087,True
5845,29.225,-0.060317814,-0.06325322,-0.08715003,-0.083258644,0,5844,29.22,29.220651626586918,0,0.88584965467453,0.1141503304243087,True
5846,29.23,-0.05378936,-0.057074938,-0.07009211,-0.08131137,0,5844,29.22,29.220651626586918,0,0.88584965467453,0.1141503304243087,True
5847,29.235,-0.036481507,-0.036222648,-0.033142366,-0.054149043,0,5844,29.22,29.220651626586918,0,0.88584965467453,0.1141503304243087,True
5848,29.24,-0.0040743263,0.002517112,0.020352935,-0.0036786064,0,5848,29.24,29.246628761291504,0,0.890152633190155,0.1098473668098449,True
5849,29.245,0.039829124,0.051494915,0.07698344,0.05486156,0,5848,29.24,29.246628761291504,0,0.890152633190155,0.1098473668098449,True
5850,29.25,0.08146276,0.0934583,0.1184657,0.09964167,0,5848,29.24,29.246628761291504,0,0.890152633190155,0.1098473668098449,True
5851,29.255,0.10389452,0.11201422,0.13226502,0.11511461,0,5848,29.24,29.246628761291504,0,0.890152633190155,0.1098473668098449,True
5852,29.26,0.09807359,0.10248134,0.1189712,0.101001166,0,5852,29.26,29.26070261001587,0,0.8905218243598938,0.1094781160354614,True
5853,29.265,0.06857231,0.07361234,0.09004572,0.07018011,0,5852,29.26,29.26070261001587,0,0.8905218243598938,0.1094781160354614,True
5854,29.27,0.029610917,0.039523706,0.05832325,0.037919562,0,5852,29.26,29.26070261001587,0,0.8905218243598938,0.1094781160354614,True
5855,29.275,-0.0044239946,0.010002066,0.029897094,0.011993592,0,5852,29.26,29.26070261001587,0,0.8905218243598938,0.1094781160354614,True
5856,29.28,-0.02612937,-0.012790225,0.003612821,-0.00883311,0,5856,29.28,29.290820121765137,0,0.8602818250656128,0.1397181451320648,True
5857,29.285,-0.035836767,-0.03080249,-0.023418382,-0.028830625,0,5856,29.28,29.290820121765137,0,0.8602818250656128,0.1397181451320648,True
5858,29.29,-0.03783684,-0.04539199,-0.050762508,-0.04879066,0,5856,29.28,29.290820121765137,0,0.8602818250656128,0.1397181451320648,True
5859,29.295,-0.03629538,-0.0559315,-0.07439261,-0.06466555,0,5856,29.28,29.290820121765137,0,0.8602818250656128,0.1397181451320648,True
5860,29.3,-0.033360068,-0.06123911,-0.08995238,-0.071174644,0,5860,29.3,29.31139731407165,0,0.8804131150245667,0.1195869222283363,True
5861,29.305,-0.02942175,-0.060854886,-0.0954282,-0.06600016,0,5860,29.3,29.31139731407165,0,0.8804131150245667,0.1195869222283363,True
5862,29.31,-0.024332885,-0.054860402,-0.0909538,-0.050913543,0,5860,29.3,29.31139731407165,0,0.8804131150245667,0.1195869222283363,True
5863,29.315,-0.018381491,-0.04332785,-0.07698628,-0.029846905,0,5860,29.3,29.31139731407165,0,0.8804131150245667,0.1195869222283363,True
5864,29.32,-0.012335129,-0.026618717,-0.0535035,-0.006553633,0,5864,29.32,29.325973987579346,0,0.888738751411438,0.1112611815333366,True
5865,29.325,-0.0067554764,-0.0062834527,-0.021373753,0.015955992,0,5864,29.32,29.325973987579346,0,0.888738751411438,0.1112611815333366,True
5866,29.33,-0.0014999483,0.014547779,0.015449198,0.03444867,0,5864,29.32,29.325973987579346,0,0.888738751411438,0.1112611815333366,True
5867,29.335,0.003906328,0.03186084,0.04940709,0.04494797,0,5864,29.32,29.325973987579346,0,0.888738751411438,0.1112611815333366,True
5868,29.34,0.009285907,0.042074684,0.0717939,0.043992504,0,5868,29.34,29.340850830078125,0,0.8868927955627441,0.1131072714924812,True
5869,29.345,0.013081514,0.043083794,0.07691173,0.030847937,0,5868,29.34,29.340850830078125,0,0.8868927955627441,0.1131072714924812,True
5870,29.35,0.012655763,0.034652118,0.0650077,0.008673255,0,5868,29.34,29.340850830078125,0,0.8868927955627441,0.1131072714924812,True
5871,29.355,0.005920059,0.01859624,0.041971326,-0.016266111,0,5868,29.34,29.340850830078125,0,0.8868927955627441,0.1131072714924812,True
5872,29.36,-0.0061845304,-0.00076630834,0.016400997,-0.036365733,0,5872,29.36,29.37870216369629,0,0.8855461478233337,0.114453800022602,True
5873,29.365,-0.01794081,-0.016405147,-0.00354825,-0.044161845,0,5872,29.36,29.37870216369629,0,0.8855461478233337,0.114453800022602,True
5874,29.37,-0.019987212,-0.020003814,-0.011881241,-0.03375078,0,5872,29.36,29.37870216369629,0,0.8855461478233337,0.114453800022602,True
5875,29.375,-0.0042272024,-0.0058692517,-0.0057065585,-0.0033690394,0,5872,29.36,29.37870216369629,0,0.8855461478233337,0.114453800022602,True
5876,29.38,0.029486703,0.024003811,0.012993878,0.041083176,0,5876,29.38,29.390615940093998,0,0.8848863840103149,0.1151136308908462,True
5877,29.385,0.06942379,0.057322215,0.035292123,0.08455092,0,5876,29.38,29.390615940093998,0,0.8848863840103149,0.1151136308908462,True
5878,29.39,0.095081925,0.07507118,0.046440814,0.10701338,0,5876,29.38,29.390615940093998,0,0.8848863840103149,0.1151136308908462,True
5879,29.395,0.08775331,0.06162587,0.03306387,0.09350577,0,5876,29.38,29.390615940093998,0,0.8848863840103149,0.1151136308908462,True
5880,29.4,0.043222204,0.0161583,-0.006374607,0.044520948,0,5880,29.4,29.40132451057434,0,0.8880934119224548,0.1119066104292869,True
5881,29.405,-0.022354089,-0.04333176,-0.056333862,-0.021296728,0,5880,29.4,29.40132451057434,0,0.8880934119224548,0.1119066104292869,True
5882,29.41,-0.079653636,-0.08876428,-0.09124523,-0.07623747,0,5880,29.4,29.40132451057434,0,0.8880934119224548,0.1119066104292869,True
5883,29.415,-0.10364234,-0.09937521,-0.0921206,-0.099639095,0,5880,29.4,29.40132451057434,0,0.8880934119224548,0.1119066104292869,True
5884,29.42,-0.08929107,-0.07525392,-0.060220055,-0.08972356,0,5884,29.42,29.42059016227722,0,0.8779881596565247,0.1220117807388305,True
5885,29.425,-0.053258535,-0.035944007,-0.015930219,-0.062135164,0,5884,29.42,29.42059016227722,0,0.8779881596565247,0.1220117807388305,True
5886,29.43,-0.019940134,-0.004833789,0.016836748,-0.03652062,0,5884,29.42,29.42059016227722,0,0.8779881596565247,0.1220117807388305,True
5887,29.435,-0.0034010136,0.0077356314,0.027621413,-0.022286128,0,5884,29.42,29.42059016227722,0,0.8779881596565247,0.1220117807388305,True
5888,29.44,-2.4364059e-05,0.008753996,0.02368631,-0.014922035,0,5888,29.44,29.44544982910156,0,0.8856738805770874,0.1143260672688484,True
5889,29.445,0.0033131798,0.011977468,0.019463882,-0.0045315134,0,5888,29.44,29.44544982910156,0,0.8856738805770874,0.1143260672688484,True
5890,29.45,0.014669172,0.023548061,0.022345,0.012561834,0,5888,29.44,29.44544982910156,0,0.8856738805770874,0.1143260672688484,True
5891,29.455,0.029805446,0.0370807,0.027827231,0.030016813,0,5888,29.44,29.44544982910156,0,0.8856738805770874,0.1143260672688484,True
5892,29.46,0.037588034,0.04122149,0.026597125,0.03798015,0,5892,29.46,29.470702409744263,0,0.8908300399780273,0.1091699376702308,True
5893,29.465,0.03110927,0.030824656,0.014748654,0.03260227,0,5892,29.46,29.470702409744263,0,0.8908300399780273,0.1091699376702308,True
5894,29.47,0.013805555,0.011144576,-0.002783136,0.019590652,0,5892,29.46,29.470702409744263,0,0.8908300399780273,0.1091699376702308,True
5895,29.475,-0.0034167608,-0.006978563,-0.01694283,0.009706932,0,5892,29.46,29.470702409744263,0,0.8908300399780273,0.1091699376702308,True
5896,29.48,-0.009537804,-0.014486029,-0.020971453,0.011397158,0,5896,29.48,29.49054193496704,0,0.8819300532341003,0.1180699542164802,True
5897,29.485,0.00085960206,-0.00778303,-0.012804857,0.026362486,0,5896,29.48,29.49054193496704,0,0.8819300532341003,0.1180699542164802,True
5898,29.49,0.025332086,0.011228058,0.0058599506,0.049248952,0,5896,29.48,29.49054193496704,0,0.8819300532341003,0.1180699542164802,True
5899,29.495,0.053647608,0.035477772,0.029914105,0.0694554,0,5896,29.48,29.49054193496704,0,0.8819300532341003,0.1180699542164802,True
5900,29.5,0.070477836,0.05324168,0.050077103,0.07427502,0,5900,29.5,29.51041984558105,0,0.8866558074951172,0.113344207406044,True
5901,29.505,0.06213571,0.051982276,0.054738212,0.054259367,0,5900,29.5,29.51041984558105,0,0.8866558074951172,0.113344207406044,True
5902,29.51,0.025308058,0.025913827,0.036344483,0.009570828,0,5900,29.5,29.51041984558105,0,0.8866558074951172,0.113344207406044,True
5903,29.515,-0.02877931,-0.018278228,-0.0019134366,-0.047491293,0,5900,29.5,29.51041984558105,0,0.8866558074951172,0.113344207406044,True
5904,29.52,-0.07969422,-0.06381404,-0.045861643,-0.09760869,0,5904,29.52,29.52819299697876,0,0.8821038007736206,0.1178961619734764,True
5905,29.525,-0.10952028,-0.09355606,-0.07809265,-0.124647826,0,5904,29.52,29.52819299697876,0,0.8821038007736206,0.1178961619734764,True
5906,29.53,-0.11178901,-0.09921679,-0.08774806,-0.123274244,0,5904,29.52,29.52819299697876,0,0.8821038007736206,0.1178961619734764,True
5907,29.535,-0.09128874,-0.08297827,-0.07473229,-0.09853423,0,5904,29.52,29.52819299697876,0,0.8821038007736206,0.1178961619734764,True
5908,29.54,-0.057109457,-0.052145697,-0.046372533,-0.059446078,0,5908,29.54,29.54281783103943,0,0.8880574107170105,0.1119425445795059,True
5909,29.545,-0.016514253,-0.013411956,-0.011131029,-0.01347434,0,5908,29.54,29.54281783103943,0,0.8880574107170105,0.1119425445795059,True
5910,29.55,0.025682589,0.028175369,0.024841005,0.033700492,0,5908,29.54,29.54281783103943,0,0.8880574107170105,0.1119425445795059,True
5911,29.555,0.06413478,0.06649841,0.056685094,0.07502882,0,5908,29.54,29.54281783103943,0,0.8880574107170105,0.1119425445795059,True
5912,29.56,0.09125533,0.09260954,0.078262,0.10077697,0,5912,29.56,29.57637405395508,0,0.8858969807624817,0.1141030415892601,True
5913,29.565,0.0991918,0.09709095,0.081978105,0.10189522,0,5912,29.56,29.57637405395508,0,0.8858969807624817,0.1141030415892601,True
5914,29.57,0.08399927,0.075486735,0.062540874,0.076050766,0,5912,29.56,29.57637405395508,0,0.8858969807624817,0.1141030415892601,True
5915,29.575,0.048995994,0.03288246,0.022430886,0.03150312,0,5912,29.56,29.57637405395508,0,0.8858969807624817,0.1141030415892601,True
5916,29.58,0.0051417225,-0.016112547,-0.025590176,-0.01487984,0,5916,29.58,29.59457778930664,0,0.8704769611358643,0.1295230686664581,True
5917,29.585,-0.032259494,-0.05302512,-0.062537536,-0.045226883,0,5916,29.58,29.59457778930664,0,0.8704769611358643,0.1295230686664581,True
5918,29.59,-0.04979732,-0.06425292,-0.07273161,-0.049617495,0,5916,29.58,29.59457778930664,0,0.8704769611358643,0.1295230686664581,True
5919,29.595,-0.042648785,-0.04793828,-0.05283815,-0.030813055,0,5916,29.58,29.59457778930664,0,0.8704769611358643,0.1295230686664581,True
5920,29.6,-0.017825246,-0.014729476,-0.013920693,-0.0017535985,0,5920,29.6,29.610759496688843,0,0.8746187090873718,0.1253812313079834,True
5921,29.605,0.009044274,0.018178985,0.02518436,0.022407044,0,5920,29.6,29.610759496688843,0,0.8746187090873718,0.1253812313079834,True
5922,29.61,0.02247337,0.03616328,0.048569884,0.032414936,0,5920,29.6,29.610759496688843,0,0.8746187090873718,0.1253812313079834,True
5923,29.615,0.016124478,0.03411432,0.05090015,0.028229304,0,5920,29.6,29.610759496688843,0,0.8746187090873718,0.1253812313079834,True
5924,29.62,-0.0040378496,0.017527051,0.037718028,0.016370082,0,5924,29.62,29.632572412490845,0,0.8879182934761047,0.1120817512273788,True
5925,29.625,-0.024560291,-0.0022611418,0.019497136,0.0041763578,0,5924,29.62,29.632572412490845,0,0.8879182934761047,0.1120817512273788,True
5926,29.63,-0.033640902,-0.01528248,0.00433163,-0.004701884,0,5924,29.62,29.632572412490845,0,0.8879182934761047,0.1120817512273788,True
5927,29.635,-0.028039316,-0.018031213,-0.0057211146,-0.01090264,0,5924,29.62,29.632572412490845,0,0.8879182934761047,0.1120817512273788,True
5928,29.64,-0.013432098,-0.013704693,-0.013007027,-0.016639614,0,5928,29.64,29.640893697738647,0,0.8896071910858154,0.1103928536176681,True
5929,29.645,0.0007898601,-0.008478685,-0.020074759,-0.022759348,0,5928,29.64,29.640893697738647,0,0.8896071910858154,0.1103928536176681,True
5930,29.65,0.0075948704,-0.0071791583,-0.02715652,-0.028239377,0,5928,29.64,29.640893697738647,0,0.8896071910858154,0.1103928536176681,True
5931,29.655,0.0052835634,-0.011107405,-0.032885205,-0.03188108,0,5928,29.64,29.640893697738647,0,0.8896071910858154,0.1103928536176681,True
5932,29.66,-0.003205791,-0.01831125,-0.036142807,-0.033659603,0,5932,29.66,29.677483797073364,0,0.8904172778129578,0.1095826998353004,True
5933,29.665,-0.012756486,-0.025027337,-0.03644818,-0.033995185,0,5932,29.66,29.677483797073364,0,0.8904172778129578,0.1095826998353004,True
5934,29.67,-0.018387549,-0.027295189,-0.03296077,-0.031983238,0,5932,29.66,29.677483797073364,0,0.8904172778129578,0.1095826998353004,True
5935,29.675,-0.016795734,-0.022519654,-0.024288705,-0.025130376,0,5932,29.66,29.677483797073364,0,0.8904172778129578,0.1095826998353004,True
5936,29.68,-0.007346233,-0.010773685,-0.010194489,-0.011652223,0,5936,29.68,29.690484523773197,0,0.8884255290031433,0.1115744188427925,True
5937,29.685,0.00744319,0.0048262635,0.0065770973,0.0066386266,0,5936,29.68,29.690484523773197,0,0.8884255290031433,0.1115744188427925,True
5938,29.69,0.022474984,0.019334838,0.021066671,0.024150414,0,5936,29.68,29.690484523773197,0,0.8884255290031433,0.1115744188427925,True
5939,29.695,0.032256387,0.028625676,0.029696621,0.035185803,0,5936,29.68,29.690484523773197,0,0.8884255290031433,0.1115744188427925,True
5940,29.7,0.03410161,0.03205365,0.033568475,0.038721226,0,5940,29.7,29.70632123947144,0,0.8896471858024597,0.1103527769446373,True
5941,29.705,0.03010034,0.032917723,0.037776586,0.03963948,0,5940,29.7,29.70632123947144,0,0.8896471858024597,0.1103527769446373,True
5942,29.71,0.025495393,0.035500117,0.046333417,0.044266973,0,5940,29.7,29.70632123947144,0,0.8896471858024597,0.1103527769446373,True
5943,29.715,0.024012186,0.04049349,0.05686385,0.053526174,0,5940,29.7,29.70632123947144,0,0.8896471858024597,0.1103527769446373,True
5944,29.72,0.024284009,0.043109458,0.06059515,0.060314037,0,5944,29.72,29.73407411575317,0,0.8862090110778809,0.1137909665703773,True
5945,29.725,0.021144852,0.036528237,0.04887545,0.054537334,0,5944,29.72,29.73407411575317,0,0.8862090110778809,0.1137909665703773,True
5946,29.73,0.010631463,0.018126732,0.020902477,0.03181386,0,5944,29.72,29.73407411575317,0,0.8862090110778809,0.1137909665703773,True
5947,29.735,-0.0063748653,-0.007410952,-0.014489289,-0.0020965482,0,5944,29.72,29.73407411575317,0,0.8862090110778809,0.1137909665703773,True
5948,29.74,-0.025112296,-0.031249959,-0.044777825,-0.035100695,0,5948,29.74,29.744890928268436,0,0.88779217004776,0.1122078746557235,True
5949,29.745,-0.04064466,-0.046781804,-0.06207497,-0.057097353,0,5948,29.74,29.744890928268436,0,0.88779217004776,0.1122078746557235,True
5950,29.75,-0.05019946,-0.053192507,-0.06664201,-0.06547886,0,5948,29.74,29.744890928268436,0,0.88779217004776,0.1122078746557235,True
5951,29.755,-0.052703988,-0.053489305,-0.063431,-0.06398626,0,5948,29.74,29.744890928268436,0,0.88779217004776,0.1122078746557235,True
5952,29.76,-0.04772614,-0.050016936,-0.056138758,-0.05756983,0,5952,29.76,29.77065944671631,0,0.8896817564964294,0.1103182584047317,True
5953,29.765,-0.03602413,-0.04249485,-0.04491217,-0.04871671,0,5952,29.76,29.77065944671631,0,0.8896817564964294,0.1103182584047317,True
5954,29.77,-0.020777008,-0.030113192,-0.029116718,-0.037773743,0,5952,29.76,29.77065944671631,0,0.8896817564964294,0.1103182584047317,True
5955,29.775,-0.0069388472,-0.0145677915,-0.01095541,-0.02527339,0,5952,29.76,29.77065944671631,0,0.8896817564964294,0.1103182584047317,True
5956,29.78,0.0017096852,-0.00017546484,0.004741481,-0.0129838595,0,5956,29.78,29.79071855545044,0,0.8900566101074219,0.1099433973431587,True
5957,29.785,0.005326611,0.009337684,0.014593035,-0.0026184036,0,5956,29.78,29.79071855545044,0,0.8900566101074219,0.1099433973431587,True
5958,29.79,0.008049022,0.01421116,0.020173386,0.0061687073,0,5956,29.78,29.79071855545044,0,0.8900566101074219,0.1099433973431587,True
5959,29.795,0.015233391,0.018838178,0.026834194,0.016151523,0,5956,29.78,29.79071855545044,0,0.8900566101074219,0.1099433973431587,True
5960,29.8,0.0298712,0.02830813,0.038513508,0.030463666,0,5960,29.8,29.810468912124637,0,0.8885231018066406,0.1114768609404563,True
5961,29.805,0.05016848,0.043859925,0.05340019,0.049483653,0,5960,29.8,29.810468912124637,0,0.8885231018066406,0.1114768609404563,True
5962,29.81,0.069257386,0.060626324,0.06446878,0.06897879,0,5960,29.8,29.810468912124637,0,0.8885231018066406,0.1114768609404563,True
5963,29.815,0.07748568,0.06956878,0.064279646,0.0810919,0,5960,29.8,29.810468912124637,0,0.8885231018066406,0.1114768609404563,True
5964,29.82,0.06716384,0.062785804,0.050005462,0.078112975,0,5964,29.82,29.822861909866333,0,0.8875753879547119,0.1124246641993522,True
5965,29.825,0.03767979,0.038816985,0.024970362,0.056983307,0,5964,29.82,29.822861909866333,0,0.8875753879547119,0.1124246641993522,True
5966,29.83,-0.0028440591,0.004110322,-0.0039551225,0.021513531,0,5964,29.82,29.822861909866333,0,0.8875753879547119,0.1124246641993522,True
5967,29.835,-0.04132087,-0.03040227,-0.030388962,-0.019061225,0,5964,29.82,29.822861909866333,0,0.8875753879547119,0.1124246641993522,True
5968,29.84,-0.06628126,-0.05477684,-0.050320566,-0.05369777,0,5968,29.84,29.850504636764526,0,0.879779040813446,0.1202209815382957,True
5969,29.845,-0.07246393,-0.06363202,-0.06101619,-0.0730358,0,5968,29.84,29.850504636764526,0,0.879779040813446,0.1202209815382957,True
5970,29.85,-0.061208624,-0.05655797,-0.05962321,-0.07202182,0,5968,29.84,29.850504636764526,0,0.879779040813446,0.1202209815382957,True
5971,29.855,-0.03844037,-0.037207443,-0.04444229,-0.052021366,0,5968,29.84,29.850504636764526,0,0.879779040813446,0.1202209815382957,True
5972,29.86,-0.012894949,-0.012875579,-0.018541778,-0.021829562,0,5972,29.86,29.870614767074585,0,0.8876341581344604,0.1123658716678619,True
5973,29.865,0.00544517,0.006382573,0.008288209,0.0045012683,0,5972,29.86,29.870614767074585,0,0.8876341581344604,0.1123658716678619,True
5974,29.87,0.008803934,0.01141014,0.023259584,0.014220758,0,5972,29.86,29.870614767074585,0,0.8876341581344604,0.1123658716678619,True
5975,29.875,-0.0031958786,-0.00011646364,0.018941205,0.0039098836,0,5972,29.86,29.870614767074585,0,0.8876341581344604,0.1123658716678619,True
5976,29.88,-0.020933745,-0.02014565,-0.0004481318,-0.017293306,0,5976,29.88,29.890772819519043,0,0.889157772064209,0.1108421683311462,True
5977,29.885,-0.029036134,-0.03364531,-0.02086644,-0.03298001,0,5976,29.88,29.890772819519043,0,0.889157772064209,0.1108421683311462,True
5978,29.89,-0.016098592,-0.027947519,-0.02748846,-0.029955143,0,5976,29.88,29.890772819519043,0,0.889157772064209,0.1108421683311462,True
5979,29.895,0.01684176,-0.0015194425,-0.014143096,-0.0063766185,0,5976,29.88,29.890772819519043,0,0.889157772064209,0.1108421683311462,True
5980,29.9,0.0554989,0.034338545,0.013258731,0.0276304,0,5980,29.9,29.91050171852112,0,0.8893255591392517,0.1106743663549423,True
5981,29.905,0.0801021,0.061981335,0.040686246,0.056237835,0,5980,29.9,29.91050171852112,0,0.8893255591392517,0.1106743663549423,True
5982,29.91,0.07664134,0.06745924,0.05389513,0.06629714,0,5980,29.9,29.91050171852112,0,0.8893255591392517,0.1106743663549423,True
5983,29.915,0.044608574,0.047852907,0.045581773,0.053218547,0,5980,29.9,29.91050171852112,0,0.8893255591392517,0.1106743663549423,True
5984,29.92,-0.0028034982,0.012318063,0.018919846,0.022554837,0,5984,29.92,29.92894411087036,0,0.885890781879425,0.1141091510653495,True
5985,29.925,-0.04550418,-0.02289225,-0.013607881,-0.012495914,0,5984,29.92,29.92894411087036,0,0.885890781879425,0.1141091510653495,True
5986,29.93,-0.066457525,-0.042517927,-0.036125645,-0.03688755,0,5984,29.92,29.92894411087036,0,0.885890781879425,0.1141091510653495,True
5987,29.935,-0.059512224,-0.039451182,-0.037757486,-0.040765844,0,5984,29.92,29.92894411087036,0,0.885890781879425,0.1141091510653495,True
5988,29.94,-0.031039087,-0.017468043,-0.018761536,-0.024216551,0,5988,29.94,29.943909168243408,0,0.8864672183990479,0.1135327666997909,True
5989,29.945,0.004701508,0.011492244,0.009451005,0.0028793975,0,5988,29.94,29.943909168243408,0,0.8864672183990479,0.1135327666997909,True
5990,29.95,0.032825314,0.033527628,0.030541686,0.02576052,0,5988,29.94,29.943909168243408,0,0.8864672183990479,0.1135327666997909,True
5991,29.955,0.043734413,0.039054535,0.032472752,0.032253314,0,5988,29.94,29.943909168243408,0,0.8864672183990479,0.1135327666997909,True
5992,29.96,0.035736196,0.026370538,0.014685673,0.019336695,0,5992,29.96,29.970735788345337,0,0.8888660669326782,0.1111339554190635,True
5993,29.965,0.014403957,0.0014103155,-0.011373268,-0.004974814,0,5992,29.96,29.970735788345337,0,0.8888660669326782,0.1111339554190635,True
5994,29.97,-0.010359952,-0.02559882,-0.029394314,-0.026299454,0,5992,29.96,29.970735788345337,0,0.8888660669326782,0.1111339554190635,True
5995,29.975,-0.028593035,-0.04480005,-0.029098067,-0.033115376,0,5992,29.96,29.970735788345337,0,0.8888660669326782,0.1111339554190635,True
5996,29.98,-0.034662265,-0.05063448,-0.013759966,-0.02474932,0,5996,29.98,29.99059200286865,0,0.8840068578720093,0.1159931048750877,True
5997,29.985,-0.029336007,-0.04321161,0.0021390643,-0.011368691,0,5996,29.98,29.99059200286865,0,0.8840068578720093,0.1159931048750877,True
5998,29.99,-0.017508516,-0.026561964,0.005155917,-0.0044687563,0,5996,29.98,29.99059200286865,0,0.8840068578720093,0.1159931048750877,True
5999,29.995,-0.0035934816,-0.0055521955,-0.004823496,-0.005952647,0,5996,29.98,29.99059200286865,0,0.8840068578720093,0.1159931048750877,True
