n_windows,accuracy,balanced_accuracy
561,0.8591800356506238,0.8543621672760746
