label,class_name,support,predicted,precision,recall
0,Eyes Open,302,331,0.8368580060422961,0.9172185430463576
1,Eyes Closed,259,230,0.8913043478260869,0.7915057915057915
