n_windows,accuracy,balanced_accuracy
5971,0.606598559705242,0.6183483378467035
