label,class_name,support,predicted,precision,recall
0,Eyes Open,3078,743,0.990578734858681,0.23911630929174787
1,Eyes Closed,2893,5228,0.5520275439938791,0.9975803664016591
