label,class_name,support,predicted,precision,recall
0,Eyes Open,7667,4302,0.9263133426313342,0.519760010434329
1,Eyes Closed,7234,10599,0.652608736673271,0.9561791539950235
