n_windows,accuracy,balanced_accuracy
14901,0.731628749748339,0.7379695822146762
