label,class_name,support,predicted,precision,recall
0,Eyes Open,1524,1658,0.6767189384800965,0.7362204724409449
1,Eyes Closed,1447,1313,0.6938309215536939,0.6295784381478922
