n_windows,accuracy,balanced_accuracy
2971,0.6842813867384719,0.6828994552944185
