label,class_name,support,predicted,precision,recall
0,Eyes Open,1524,2025,0.6513580246913581,0.865485564304462
1,Eyes Closed,1447,946,0.7832980972515856,0.51209398756047
