n_windows,accuracy,balanced_accuracy
2971,0.6933692359474924,0.6887897759324659
