n_windows,accuracy,balanced_accuracy
5961,0.7861097131353799,0.7874483253422482
