label,class_name,support,predicted,precision,recall
0,Eyes Open,3068,2759,0.824936571221457,0.741851368970013
1,Eyes Closed,2893,3202,0.7526545908806995,0.8330452817144832
