label,class_name,support,predicted,precision,recall
0,Eyes Open,3068,3249,0.7774699907663897,0.8233376792698827
1,Eyes Closed,2893,2712,0.8001474926253688,0.750086415485655
