n_windows,accuracy,balanced_accuracy
5961,0.7877872840127496,0.7867120473777689
