n_windows,accuracy,balanced_accuracy
1491,0.7914151576123407,0.7885119609297904
