label,class_name,support,predicted,precision,recall
0,Eyes Open,767,908,0.751101321585903,0.8891786179921773
1,Eyes Closed,724,583,0.8542024013722127,0.6878453038674033
