n_windows,accuracy,balanced_accuracy
5971,0.807234969016915,0.8030179606558997
