label,class_name,support,predicted,precision,recall
0,Eyes Open,3076,3871,0.7486437613019892,0.9421326397919376
1,Eyes Closed,2895,2100,0.9152380952380952,0.6639032815198618
