n_windows,accuracy,balanced_accuracy
1486,0.7900403768506057,0.7873544467162599
