label,class_name,support,predicted,precision,recall
0,Eyes Open,762,910,0.7472527472527473,0.8923884514435696
1,Eyes Closed,724,576,0.8576388888888888,0.6823204419889503
