label,class_name,support,predicted,precision,recall
0,Eyes Open,772,995,0.7236180904522613,0.9326424870466321
1,Eyes Closed,724,501,0.8962075848303394,0.6201657458563536
