n_windows,accuracy,balanced_accuracy
1496,0.7814171122994652,0.7764041164514929
