label,class_name,support,predicted,precision,recall
0,Eyes Open,1533,1203,0.9459684123025769,0.7423352902804957
1,Eyes Closed,1448,1778,0.7778402699662542,0.955110497237569
