n_windows,accuracy,balanced_accuracy
2981,0.8456893659845689,0.8487228937590323
