n_windows,accuracy,balanced_accuracy
5981,0.6181240595218191,0.6296247396341714
