label,class_name,support,predicted,precision,recall
0,Eyes Open,3088,907,0.9437706725468578,0.2772020725388601
1,Eyes Closed,2893,5074,0.5601103665746945,0.982371240926374
