label,class_name,support,predicted,precision,recall
0,Eyes Open,3088,906,0.9437086092715232,0.2768782383419689
1,Eyes Closed,2893,5075,0.56,0.982371240926374
