n_windows,accuracy,balanced_accuracy
5981,0.6182912556428691,0.629786656732617
