label,class_name,support,predicted,precision,recall
0,Eyes Open,161,184,0.8315217391304348,0.9503105590062112
1,Eyes Closed,130,107,0.9252336448598131,0.7615384615384615
