n_windows,accuracy,balanced_accuracy
291,0.865979381443299,0.8559245102723363
