n_windows,accuracy,balanced_accuracy
5961,0.8119443046468713,0.8148863179312467
