label,class_name,support,predicted,precision,recall
0,Eyes Open,3066,763,0.9200524246395806,0.22896281800391388
1,Eyes Closed,2895,5198,0.5452096960369373,0.9789291882556131
