n_windows,accuracy,balanced_accuracy
5961,0.5931890622378796,0.6039460031297635
