label,class_name,support,predicted,precision,recall
0,Eyes Open,3066,2423,0.9013619479983491,0.7123287671232876
1,Eyes Closed,2895,3538,0.7507066139061617,0.9174438687392056
