label,class_name,support,predicted,precision,recall
0,Eyes Open,1538,1021,0.9471106758080313,0.628738621586476
1,Eyes Closed,1448,1965,0.7094147582697201,0.962707182320442
