n_windows,accuracy,balanced_accuracy
2986,0.790689886135298,0.795722901953459
