n_windows,accuracy,balanced_accuracy
1486,0.7173620457604307,0.7236104842028174
