label,class_name,support,predicted,precision,recall
0,Eyes Open,763,407,0.9213759213759214,0.49148099606815204
1,Eyes Closed,723,1079,0.6404077849860983,0.9557399723374828
