n_windows,accuracy,balanced_accuracy
1486,0.7483176312247645,0.7534283575244404
