label,class_name,support,predicted,precision,recall
0,Eyes Open,763,471,0.9129511677282378,0.563564875491481
1,Eyes Closed,723,1015,0.6719211822660098,0.9432918395573997
