label,class_name,support,predicted,precision,recall
0,Eyes Open,1540,1027,0.9746835443037974,0.65
1,Eyes Closed,1446,1959,0.7248596222562532,0.9820193637621023
