n_windows,accuracy,balanced_accuracy
2986,0.8107836570663094,0.8160096818810512
