n_windows,accuracy,balanced_accuracy
5981,0.8712589867915065,0.8709244602343639
