label,class_name,support,predicted,precision,recall
0,Eyes Open,3086,3124,0.8706786171574904,0.881399870382372
1,Eyes Closed,2895,2857,0.871893594679734,0.8604490500863557
