label,class_name,support,predicted,precision,recall
0,Eyes Open,3086,3162,0.8734977862112587,0.8950097213220998
1,Eyes Closed,2895,2819,0.8850656261085491,0.8618307426597582
