n_windows,accuracy,balanced_accuracy
5981,0.8789500083598061,0.878420231990929
