n_windows,accuracy,balanced_accuracy
5941,0.808281434102003,0.809236284433509
