n_windows,accuracy,balanced_accuracy
5941,0.777478538966504,0.7791111316754261
