label,class_name,support,predicted,precision,recall
0,Eyes Open,3048,2801,0.8407711531595858,0.7726377952755905
1,Eyes Closed,2893,3140,0.7792993630573248,0.8458347735914276
