label,class_name,support,predicted,precision,recall
0,Eyes Open,3048,2642,0.8266464799394398,0.7165354330708661
1,Eyes Closed,2893,3299,0.7381024552894817,0.8416868302799861
