n_windows,accuracy,balanced_accuracy
14951,0.8277707176777473,0.8280644841973219
