n_windows,accuracy,balanced_accuracy
14951,0.7635609658216842,0.759928825870118
