label,class_name,support,predicted,precision,recall
0,Eyes Open,7717,7498,0.8428914377167245,0.81897110276014
1,Eyes Closed,7234,7453,0.81255870119415,0.8371578656345038
