label,class_name,support,predicted,precision,recall
0,Eyes Open,7717,9282,0.7252747252747253,0.8723597252818452
1,Eyes Closed,7234,5669,0.82624801552302,0.6474979264583909
