n_windows,accuracy,balanced_accuracy
14851,0.7679617534172783,0.7662155835739717
