label,class_name,support,predicted,precision,recall
0,Eyes Open,7617,8533,0.744404078284308,0.8339241171064724
1,Eyes Closed,7234,6318,0.799778410889522,0.6985070500414708
