n_windows,accuracy,balanced_accuracy
14851,0.7603528381927143,0.757529439644867
