label,class_name,support,predicted,precision,recall
0,Eyes Open,7617,9150,0.7217486338797814,0.8670080084022581
1,Eyes Closed,7234,5701,0.8223118751096299,0.6480508708874758
