n_windows,accuracy,balanced_accuracy
14901,0.8449097376015032,0.8449162139775598
