n_windows,accuracy,balanced_accuracy
14901,0.8666532447486746,0.8668450379118675
