label,class_name,support,predicted,precision,recall
0,Eyes Open,7662,7593,0.852364019491637,0.844688070999739
1,Eyes Closed,7239,7308,0.8371647509578544,0.8451443569553806
