label,class_name,support,predicted,precision,recall
0,Eyes Open,7662,7505,0.8780812791472352,0.8600887496737144
1,Eyes Closed,7239,7396,0.8550567874526771,0.8736013261500207
