label,class_name,support,predicted,precision,recall
0,Eyes Open,161,149,0.9664429530201343,0.8944099378881988
1,Eyes Closed,130,142,0.8802816901408451,0.9615384615384616
