n_windows,accuracy,balanced_accuracy
291,0.9243986254295533,0.9279741997133302
