label,class_name,support,predicted,precision,recall
0,Eyes Open,3046,2760,0.9264492753623188,0.8394615889691398
1,Eyes Closed,2895,3181,0.8462747563659226,0.9298791018998273
