n_windows,accuracy,balanced_accuracy
5941,0.8835212927116647,0.8846703454344835
