label,class_name,support,predicted,precision,recall
0,Eyes Open,3046,3043,0.9250739401906014,0.9241628365068942
1,Eyes Closed,2895,2898,0.9202898550724637,0.9212435233160622
