n_windows,accuracy,balanced_accuracy
5941,0.92274027941424,0.9227031799114782
