label,class_name,support,predicted,precision,recall
0,Eyes Open,7612,6784,0.9293926886792453,0.8282974251182343
1,Eyes Closed,7239,8067,0.8379819015743151,0.9338306395911038
