n_windows,accuracy,balanced_accuracy
14851,0.8818934751868561,0.8828342903364643
