label,class_name,support,predicted,precision,recall
0,Eyes Open,7612,7012,0.9177124928693668,0.8453757225433526
1,Eyes Closed,7239,7839,0.8498532976144917,0.920292858129576
