n_windows,accuracy,balanced_accuracy
14851,0.8797387381321123,0.881064032354669
