label,class_name,support,predicted,precision,recall
0,Eyes Open,770,854,0.7775175644028103,0.8623376623376623
1,Eyes Closed,723,639,0.8341158059467919,0.7372060857538036
