n_windows,accuracy,balanced_accuracy
1493,0.8017414601473544,0.7997718740457329
