n_windows,accuracy,balanced_accuracy
2971,0.70851565129586,0.7152676002945626
