label,class_name,support,predicted,precision,recall
0,Eyes Open,1523,707,0.9646393210749646,0.4478003939592909
1,Eyes Closed,1448,2264,0.6285335689045937,0.9827348066298343
