label,class_name,support,predicted,precision,recall
0,Eyes Open,769,709,0.9365303244005642,0.8634590377113134
1,Eyes Closed,724,784,0.8660714285714286,0.9378453038674033
