n_windows,accuracy,balanced_accuracy
1493,0.899531145344943,0.9006521707893583
