n_windows,accuracy,balanced_accuracy
2981,0.7604830593760483,0.7596909579591458
