label,class_name,support,predicted,precision,recall
0,Eyes Open,1534,1594,0.7572145545796738,0.7868318122555411
1,Eyes Closed,1447,1387,0.7642393655371305,0.7325501036627505
