label,class_name,support,predicted,precision,recall
0,Eyes Open,773,1047,0.6695319961795606,0.906856403622251
1,Eyes Closed,723,449,0.8396436525612472,0.5214384508990318
