n_windows,accuracy,balanced_accuracy
1496,0.7205882352941176,0.7141474272606414
