n_windows,accuracy,balanced_accuracy
2991,0.7606151788699431,0.7664848838583311
