label,class_name,support,predicted,precision,recall
0,Eyes Open,1544,980,0.9224489795918367,0.5854922279792746
1,Eyes Closed,1447,2011,0.6817503729487817,0.9474775397373877
